regime,mask,cost,blocks,greedy_cost,greedy_blocks,states
unit,0,0,0,0,0,7
unit,1,2,1,2,1,7
unit,2,2,1,2,1,7
unit,3,3,1,3,1,7
unit,4,2,1,2,1,7
unit,5,3,1,3,1,7
unit,6,3,1,3,1,7
unit,7,4,1,4,1,7
unit,8,2,1,2,1,7
unit,9,3,1,3,1,9
unit,10,4,2,4,2,7
unit,11,5,2,5,2,9
unit,12,4,2,4,2,7
unit,13,5,2,5,2,9
unit,14,5,2,5,2,7
unit,15,6,2,6,2,9
unit,16,2,1,2,1,7
unit,17,4,2,4,2,7
unit,18,3,1,3,1,9
unit,19,5,2,5,2,9
unit,20,4,2,4,2,7
unit,21,5,2,5,2,7
unit,22,5,2,5,2,9
unit,23,6,2,6,2,9
unit,24,3,1,3,1,7
unit,25,5,2,5,2,9
unit,26,5,2,5,2,9
unit,27,4,1,4,1,9
unit,28,5,2,5,2,7
unit,29,6,2,7,3,9
unit,30,6,2,7,3,9
unit,31,6,2,6,2,9
unit,32,2,1,2,1,7
unit,33,4,2,4,2,7
unit,34,4,2,4,2,7
unit,35,5,2,5,2,7
unit,36,3,1,3,1,9
unit,37,5,2,5,2,9
unit,38,5,2,5,2,9
unit,39,6,2,6,2,9
unit,40,3,1,3,1,7
unit,41,5,2,5,2,9
unit,42,5,2,5,2,7
unit,43,6,2,7,3,9
unit,44,5,2,5,2,9
unit,45,4,1,4,1,9
unit,46,6,2,7,3,9
unit,47,6,2,6,2,9
unit,48,3,1,3,1,7
unit,49,5,2,5,2,7
unit,50,5,2,5,2,9
unit,51,6,2,7,3,9
unit,52,5,2,5,2,9
unit,53,6,2,7,3,9
unit,54,4,1,4,1,9
unit,55,6,2,6,2,9
unit,56,4,1,4,1,7
unit,57,6,2,6,2,9
unit,58,6,2,6,2,9
unit,59,6,2,6,2,9
unit,60,6,2,6,2,9
unit,61,6,2,6,2,9
unit,62,6,2,6,2,9
unit,63,5,1,5,1,9
unit,64,2,1,2,1,7
unit,65,4,2,4,2,7
unit,66,4,2,4,2,7
unit,67,5,2,5,2,7
unit,68,4,2,4,2,7
unit,69,5,2,5,2,7
unit,70,5,2,5,2,7
unit,71,6,2,6,2,7
unit,72,4,2,4,2,7
unit,73,5,2,5,2,9
unit,74,6,3,6,3,7
unit,75,7,3,7,3,9
unit,76,6,3,6,3,7
unit,77,7,3,7,3,9
unit,78,7,3,7,3,7
unit,79,8,3,8,3,9
unit,80,4,2,4,2,7
unit,81,6,3,6,3,7
unit,82,5,2,5,2,9
unit,83,7,3,7,3,9
unit,84,6,3,6,3,7
unit,85,7,3,7,3,7
unit,86,7,3,7,3,9
unit,87,8,3,8,3,9
unit,88,5,2,5,2,7
unit,89,7,3,7,3,9
unit,90,7,3,7,3,9
unit,91,6,2,6,2,9
unit,92,7,3,7,3,7
unit,93,8,3,9,4,9
unit,94,8,3,9,4,9
unit,95,8,3,8,3,9
unit,96,4,2,4,2,7
unit,97,6,3,6,3,7
unit,98,6,3,6,3,7
unit,99,7,3,7,3,7
unit,100,5,2,5,2,9
unit,101,7,3,7,3,9
unit,102,7,3,7,3,9
unit,103,8,3,8,3,9
unit,104,5,2,5,2,7
unit,105,7,3,7,3,9
unit,106,7,3,7,3,7
unit,107,8,3,9,4,9
unit,108,7,3,7,3,9
unit,109,6,2,6,2,9
unit,110,8,3,9,4,9
unit,111,8,3,8,3,9
unit,112,5,2,5,2,7
unit,113,7,3,7,3,7
unit,114,7,3,7,3,9
unit,115,8,3,9,4,9
unit,116,7,3,7,3,9
unit,117,8,3,9,4,9
unit,118,6,2,6,2,9
unit,119,8,3,8,3,9
unit,120,6,2,6,2,7
unit,121,8,3,8,3,9
unit,122,8,3,8,3,9
unit,123,8,3,8,3,9
unit,124,8,3,8,3,9
unit,125,8,3,8,3,9
unit,126,8,3,8,3,9
unit,127,7,2,7,2,9
unit,128,2,1,2,1,7
unit,129,4,2,4,2,7
unit,130,4,2,4,2,7
unit,131,5,2,5,2,7
unit,132,4,2,4,2,7
unit,133,5,2,5,2,7
unit,134,5,2,5,2,7
unit,135,6,2,6,2,7
unit,136,4,2,4,2,7
unit,137,5,2,5,2,9
unit,138,6,3,6,3,7
unit,139,7,3,7,3,9
unit,140,6,3,6,3,7
unit,141,7,3,7,3,9
unit,142,7,3,7,3,7
unit,143,8,3,8,3,9
unit,144,4,2,4,2,7
unit,145,6,3,6,3,7
unit,146,5,2,5,2,9
unit,147,7,3,7,3,9
unit,148,6,3,6,3,7
unit,149,7,3,7,3,7
unit,150,7,3,7,3,9
unit,151,8,3,8,3,9
unit,152,5,2,5,2,7
unit,153,7,3,7,3,9
unit,154,7,3,7,3,9
unit,155,6,2,6,2,9
unit,156,7,3,7,3,7
unit,157,8,3,9,4,9
unit,158,8,3,9,4,9
unit,159,8,3,8,3,9
unit,160,4,2,4,2,7
unit,161,6,3,6,3,7
unit,162,6,3,6,3,7
unit,163,7,3,7,3,7
unit,164,5,2,5,2,9
unit,165,7,3,7,3,9
unit,166,7,3,7,3,9
unit,167,8,3,8,3,9
unit,168,5,2,5,2,7
unit,169,7,3,7,3,9
unit,170,7,3,7,3,7
unit,171,8,3,9,4,9
unit,172,7,3,7,3,9
unit,173,6,2,6,2,9
unit,174,8,3,9,4,9
unit,175,8,3,8,3,9
unit,176,5,2,5,2,7
unit,177,7,3,7,3,7
unit,178,7,3,7,3,9
unit,179,8,3,9,4,9
unit,180,7,3,7,3,9
unit,181,8,3,9,4,9
unit,182,6,2,6,2,9
unit,183,8,3,8,3,9
unit,184,6,2,6,2,7
unit,185,8,3,8,3,9
unit,186,8,3,8,3,9
unit,187,8,3,8,3,9
unit,188,8,3,8,3,9
unit,189,8,3,8,3,9
unit,190,8,3,8,3,9
unit,191,7,2,7,2,9
unit,192,3,1,3,1,7
unit,193,5,2,5,2,7
unit,194,5,2,5,2,7
unit,195,6,2,6,2,7
unit,196,5,2,5,2,7
unit,197,6,2,6,2,7
unit,198,6,2,6,2,7
unit,199,7,2,7,2,7
unit,200,5,2,5,2,7
unit,201,6,2,6,2,9
unit,202,7,3,7,3,7
unit,203,8,3,8,3,9
unit,204,7,3,7,3,7
unit,205,8,3,8,3,9
unit,206,8,3,8,3,7
unit,207,9,3,9,3,9
unit,208,5,2,5,2,7
unit,209,7,3,7,3,7
unit,210,6,2,6,2,9
unit,211,8,3,8,3,9
unit,212,7,3,7,3,7
unit,213,8,3,8,3,7
unit,214,8,3,8,3,9
unit,215,9,3,9,3,9
unit,216,6,2,6,2,7
unit,217,8,3,8,3,9
unit,218,8,3,8,3,9
unit,219,7,2,7,2,9
unit,220,8,3,8,3,7
unit,221,9,3,10,4,9
unit,222,9,3,10,4,9
unit,223,9,3,9,3,9
unit,224,5,2,5,2,7
unit,225,7,3,7,3,7
unit,226,7,3,7,3,7
unit,227,8,3,8,3,7
unit,228,6,2,6,2,9
unit,229,8,3,8,3,9
unit,230,8,3,8,3,9
unit,231,9,3,9,3,9
unit,232,6,2,6,2,7
unit,233,8,3,8,3,9
unit,234,8,3,8,3,7
unit,235,9,3,10,4,9
unit,236,8,3,8,3,9
unit,237,7,2,7,2,9
unit,238,9,3,10,4,9
unit,239,9,3,9,3,9
unit,240,6,2,6,2,7
unit,241,8,3,8,3,7
unit,242,8,3,8,3,9
unit,243,9,3,10,4,9
unit,244,8,3,8,3,9
unit,245,9,3,10,4,9
unit,246,7,2,7,2,9
unit,247,9,3,9,3,9
unit,248,7,2,7,2,7
unit,249,9,3,9,3,9
unit,250,9,3,9,3,9
unit,251,9,3,9,3,9
unit,252,9,3,9,3,9
unit,253,9,3,9,3,9
unit,254,9,3,9,3,9
unit,255,8,2,8,2,9
unit,256,2,1,2,1,7
unit,257,4,2,4,2,7
unit,258,4,2,4,2,7
unit,259,5,2,5,2,7
unit,260,4,2,4,2,7
unit,261,5,2,5,2,7
unit,262,5,2,5,2,7
unit,263,6,2,6,2,7
unit,264,4,2,4,2,7
unit,265,5,2,5,2,9
unit,266,6,3,6,3,7
unit,267,7,3,7,3,9
unit,268,6,3,6,3,7
unit,269,7,3,7,3,9
unit,270,7,3,7,3,7
unit,271,8,3,8,3,9
unit,272,4,2,4,2,7
unit,273,6,3,6,3,7
unit,274,5,2,5,2,9
unit,275,7,3,7,3,9
unit,276,6,3,6,3,7
unit,277,7,3,7,3,7
unit,278,7,3,7,3,9
unit,279,8,3,8,3,9
unit,280,5,2,5,2,7
unit,281,7,3,7,3,9
unit,282,7,3,7,3,9
unit,283,6,2,6,2,9
unit,284,7,3,7,3,7
unit,285,8,3,9,4,9
unit,286,8,3,9,4,9
unit,287,8,3,8,3,9
unit,288,4,2,4,2,7
unit,289,6,3,6,3,7
unit,290,6,3,6,3,7
unit,291,7,3,7,3,7
unit,292,5,2,5,2,9
unit,293,7,3,7,3,9
unit,294,7,3,7,3,9
unit,295,8,3,8,3,9
unit,296,5,2,5,2,7
unit,297,7,3,7,3,9
unit,298,7,3,7,3,7
unit,299,8,3,9,4,9
unit,300,7,3,7,3,9
unit,301,6,2,6,2,9
unit,302,8,3,9,4,9
unit,303,8,3,8,3,9
unit,304,5,2,5,2,7
unit,305,7,3,7,3,7
unit,306,7,3,7,3,9
unit,307,8,3,9,4,9
unit,308,7,3,7,3,9
unit,309,8,3,9,4,9
unit,310,6,2,6,2,9
unit,311,8,3,8,3,9
unit,312,6,2,6,2,7
unit,313,8,3,8,3,9
unit,314,8,3,8,3,9
unit,315,8,3,8,3,9
unit,316,8,3,8,3,9
unit,317,8,3,8,3,9
unit,318,8,3,8,3,9
unit,319,7,2,7,2,9
unit,320,3,1,3,1,7
unit,321,5,2,5,2,7
unit,322,5,2,5,2,7
unit,323,6,2,6,2,7
unit,324,5,2,5,2,7
unit,325,6,2,6,2,7
unit,326,6,2,6,2,7
unit,327,7,2,7,2,7
unit,328,5,2,5,2,7
unit,329,6,2,6,2,9
unit,330,7,3,7,3,7
unit,331,8,3,8,3,9
unit,332,7,3,7,3,7
unit,333,8,3,8,3,9
unit,334,8,3,8,3,7
unit,335,9,3,9,3,9
unit,336,5,2,5,2,7
unit,337,7,3,7,3,7
unit,338,6,2,6,2,9
unit,339,8,3,8,3,9
unit,340,7,3,7,3,7
unit,341,8,3,8,3,7
unit,342,8,3,8,3,9
unit,343,9,3,9,3,9
unit,344,6,2,6,2,7
unit,345,8,3,8,3,9
unit,346,8,3,8,3,9
unit,347,7,2,7,2,9
unit,348,8,3,8,3,7
unit,349,9,3,10,4,9
unit,350,9,3,10,4,9
unit,351,9,3,9,3,9
unit,352,5,2,5,2,7
unit,353,7,3,7,3,7
unit,354,7,3,7,3,7
unit,355,8,3,8,3,7
unit,356,6,2,6,2,9
unit,357,8,3,8,3,9
unit,358,8,3,8,3,9
unit,359,9,3,9,3,9
unit,360,6,2,6,2,7
unit,361,8,3,8,3,9
unit,362,8,3,8,3,7
unit,363,9,3,10,4,9
unit,364,8,3,8,3,9
unit,365,7,2,7,2,9
unit,366,9,3,10,4,9
unit,367,9,3,9,3,9
unit,368,6,2,6,2,7
unit,369,8,3,8,3,7
unit,370,8,3,8,3,9
unit,371,9,3,10,4,9
unit,372,8,3,8,3,9
unit,373,9,3,10,4,9
unit,374,7,2,7,2,9
unit,375,9,3,9,3,9
unit,376,7,2,7,2,7
unit,377,9,3,9,3,9
unit,378,9,3,9,3,9
unit,379,9,3,9,3,9
unit,380,9,3,9,3,9
unit,381,9,3,9,3,9
unit,382,9,3,9,3,9
unit,383,8,2,8,2,9
unit,384,3,1,3,1,7
unit,385,5,2,5,2,7
unit,386,5,2,5,2,7
unit,387,6,2,6,2,7
unit,388,5,2,5,2,7
unit,389,6,2,6,2,7
unit,390,6,2,6,2,7
unit,391,7,2,7,2,7
unit,392,5,2,5,2,7
unit,393,6,2,6,2,9
unit,394,7,3,7,3,7
unit,395,8,3,8,3,9
unit,396,7,3,7,3,7
unit,397,8,3,8,3,9
unit,398,8,3,8,3,7
unit,399,9,3,9,3,9
unit,400,5,2,5,2,7
unit,401,7,3,7,3,7
unit,402,6,2,6,2,9
unit,403,8,3,8,3,9
unit,404,7,3,7,3,7
unit,405,8,3,8,3,7
unit,406,8,3,8,3,9
unit,407,9,3,9,3,9
unit,408,6,2,6,2,7
unit,409,8,3,8,3,9
unit,410,8,3,8,3,9
unit,411,7,2,7,2,9
unit,412,8,3,8,3,7
unit,413,9,3,10,4,9
unit,414,9,3,10,4,9
unit,415,9,3,9,3,9
unit,416,5,2,5,2,7
unit,417,7,3,7,3,7
unit,418,7,3,7,3,7
unit,419,8,3,8,3,7
unit,420,6,2,6,2,9
unit,421,8,3,8,3,9
unit,422,8,3,8,3,9
unit,423,9,3,9,3,9
unit,424,6,2,6,2,7
unit,425,8,3,8,3,9
unit,426,8,3,8,3,7
unit,427,9,3,10,4,9
unit,428,8,3,8,3,9
unit,429,7,2,7,2,9
unit,430,9,3,10,4,9
unit,431,9,3,9,3,9
unit,432,6,2,6,2,7
unit,433,8,3,8,3,7
unit,434,8,3,8,3,9
unit,435,9,3,10,4,9
unit,436,8,3,8,3,9
unit,437,9,3,10,4,9
unit,438,7,2,7,2,9
unit,439,9,3,9,3,9
unit,440,7,2,7,2,7
unit,441,9,3,9,3,9
unit,442,9,3,9,3,9
unit,443,9,3,9,3,9
unit,444,9,3,9,3,9
unit,445,9,3,9,3,9
unit,446,9,3,9,3,9
unit,447,8,2,8,2,9
unit,448,4,1,4,1,7
unit,449,6,2,6,2,7
unit,450,6,2,6,2,7
unit,451,7,2,7,2,7
unit,452,6,2,6,2,7
unit,453,7,2,7,2,7
unit,454,7,2,7,2,7
unit,455,8,2,8,2,7
unit,456,6,2,6,2,7
unit,457,7,2,7,2,9
unit,458,8,3,8,3,7
unit,459,9,3,9,3,9
unit,460,8,3,8,3,7
unit,461,9,3,9,3,9
unit,462,9,3,9,3,7
unit,463,10,3,10,3,9
unit,464,6,2,6,2,7
unit,465,8,3,8,3,7
unit,466,7,2,7,2,9
unit,467,9,3,9,3,9
unit,468,8,3,8,3,7
unit,469,9,3,9,3,7
unit,470,9,3,9,3,9
unit,471,10,3,10,3,9
unit,472,7,2,7,2,7
unit,473,9,3,9,3,9
unit,474,9,3,9,3,9
unit,475,8,2,8,2,9
unit,476,9,3,9,3,7
unit,477,10,3,11,4,9
unit,478,10,3,11,4,9
unit,479,10,3,10,3,9
unit,480,6,2,6,2,7
unit,481,8,3,8,3,7
unit,482,8,3,8,3,7
unit,483,9,3,9,3,7
unit,484,7,2,7,2,9
unit,485,9,3,9,3,9
unit,486,9,3,9,3,9
unit,487,10,3,10,3,9
unit,488,7,2,7,2,7
unit,489,9,3,9,3,9
unit,490,9,3,9,3,7
unit,491,10,3,11,4,9
unit,492,9,3,9,3,9
unit,493,8,2,8,2,9
unit,494,10,3,11,4,9
unit,495,10,3,10,3,9
unit,496,7,2,7,2,7
unit,497,9,3,9,3,7
unit,498,9,3,9,3,9
unit,499,10,3,11,4,9
unit,500,9,3,9,3,9
unit,501,10,3,11,4,9
unit,502,8,2,8,2,9
unit,503,10,3,10,3,9
unit,504,8,2,8,2,7
unit,505,10,3,10,3,9
unit,506,10,3,10,3,9
unit,507,10,3,10,3,9
unit,508,10,3,10,3,9
unit,509,10,3,10,3,9
unit,510,10,3,10,3,9
unit,511,9,2,9,2,9
unit,512,2,1,2,1,7
unit,513,4,2,4,2,7
unit,514,4,2,4,2,7
unit,515,5,2,5,2,7
unit,516,4,2,4,2,7
unit,517,5,2,5,2,7
unit,518,5,2,5,2,7
unit,519,6,2,6,2,7
unit,520,4,2,4,2,7
unit,521,5,2,5,2,9
unit,522,6,3,6,3,7
unit,523,7,3,7,3,9
unit,524,6,3,6,3,7
unit,525,7,3,7,3,9
unit,526,7,3,7,3,7
unit,527,8,3,8,3,9
unit,528,4,2,4,2,7
unit,529,6,3,6,3,7
unit,530,5,2,5,2,9
unit,531,7,3,7,3,9
unit,532,6,3,6,3,7
unit,533,7,3,7,3,7
unit,534,7,3,7,3,9
unit,535,8,3,8,3,9
unit,536,5,2,5,2,7
unit,537,7,3,7,3,9
unit,538,7,3,7,3,9
unit,539,6,2,6,2,9
unit,540,7,3,7,3,7
unit,541,8,3,9,4,9
unit,542,8,3,9,4,9
unit,543,8,3,8,3,9
unit,544,4,2,4,2,7
unit,545,6,3,6,3,7
unit,546,6,3,6,3,7
unit,547,7,3,7,3,7
unit,548,5,2,5,2,9
unit,549,7,3,7,3,9
unit,550,7,3,7,3,9
unit,551,8,3,8,3,9
unit,552,5,2,5,2,7
unit,553,7,3,7,3,9
unit,554,7,3,7,3,7
unit,555,8,3,9,4,9
unit,556,7,3,7,3,9
unit,557,6,2,6,2,9
unit,558,8,3,9,4,9
unit,559,8,3,8,3,9
unit,560,5,2,5,2,7
unit,561,7,3,7,3,7
unit,562,7,3,7,3,9
unit,563,8,3,9,4,9
unit,564,7,3,7,3,9
unit,565,8,3,9,4,9
unit,566,6,2,6,2,9
unit,567,8,3,8,3,9
unit,568,6,2,6,2,7
unit,569,8,3,8,3,9
unit,570,8,3,8,3,9
unit,571,8,3,8,3,9
unit,572,8,3,8,3,9
unit,573,8,3,8,3,9
unit,574,8,3,8,3,9
unit,575,7,2,7,2,9
unit,576,3,1,3,1,9
unit,577,5,2,5,2,9
unit,578,5,2,5,2,9
unit,579,6,2,6,2,9
unit,580,5,2,5,2,9
unit,581,6,2,6,2,9
unit,582,6,2,6,2,9
unit,583,7,2,7,2,9
unit,584,5,2,5,2,9
unit,585,5,1,5,1,13
unit,586,7,3,7,3,9
unit,587,7,2,7,2,13
unit,588,7,3,7,3,9
unit,589,7,2,7,2,13
unit,590,8,3,8,3,9
unit,591,8,2,8,2,13
unit,592,5,2,5,2,9
unit,593,7,3,7,3,9
unit,594,6,2,6,2,11
unit,595,8,3,8,3,11
unit,596,7,3,7,3,9
unit,597,8,3,8,3,9
unit,598,8,3,8,3,11
unit,599,9,3,9,3,11
unit,600,6,2,6,2,9
unit,601,7,2,7,2,13
unit,602,8,3,8,3,11
unit,603,7,2,8,2,15
unit,604,8,3,8,3,9
unit,605,9,3,9,3,13
unit,606,9,3,10,4,11
unit,607,9,3,10,3,15
unit,608,5,2,5,2,9
unit,609,7,3,7,3,9
unit,610,7,3,7,3,9
unit,611,8,3,8,3,9
unit,612,6,2,6,2,11
unit,613,8,3,8,3,11
unit,614,8,3,8,3,11
unit,615,9,3,9,3,11
unit,616,6,2,6,2,9
unit,617,7,2,7,2,13
unit,618,8,3,8,3,9
unit,619,9,3,9,3,13
unit,620,8,3,8,3,11
unit,621,7,2,8,2,15
unit,622,9,3,10,4,11
unit,623,9,3,10,3,15
unit,624,6,2,6,2,9
unit,625,8,3,8,3,9
unit,626,8,3,8,3,11
unit,627,9,3,10,4,11
unit,628,8,3,8,3,11
unit,629,9,3,10,4,11
unit,630,7,2,7,2,11
unit,631,9,3,9,3,11
unit,632,7,2,7,2,9
unit,633,8,2,8,2,13
unit,634,9,3,9,3,11
unit,635,9,3,10,3,15
unit,636,9,3,9,3,11
unit,637,9,3,10,3,15
unit,638,9,3,9,3,11
unit,639,8,2,9,2,15
unit,640,4,2,4,2,7
unit,641,6,3,6,3,7
unit,642,6,3,6,3,7
unit,643,7,3,7,3,7
unit,644,6,3,6,3,7
unit,645,7,3,7,3,7
unit,646,7,3,7,3,7
unit,647,8,3,8,3,7
unit,648,6,3,6,3,7
unit,649,7,3,7,3,9
unit,650,8,4,8,4,7
unit,651,9,4,9,4,9
unit,652,8,4,8,4,7
unit,653,9,4,9,4,9
unit,654,9,4,9,4,7
unit,655,10,4,10,4,9
unit,656,6,3,6,3,7
unit,657,8,4,8,4,7
unit,658,7,3,7,3,9
unit,659,9,4,9,4,9
unit,660,8,4,8,4,7
unit,661,9,4,9,4,7
unit,662,9,4,9,4,9
unit,663,10,4,10,4,9
unit,664,7,3,7,3,7
unit,665,9,4,9,4,9
unit,666,9,4,9,4,9
unit,667,8,3,8,3,9
unit,668,9,4,9,4,7
unit,669,10,4,11,5,9
unit,670,10,4,11,5,9
unit,671,10,4,10,4,9
unit,672,6,3,6,3,7
unit,673,8,4,8,4,7
unit,674,8,4,8,4,7
unit,675,9,4,9,4,7
unit,676,7,3,7,3,9
unit,677,9,4,9,4,9
unit,678,9,4,9,4,9
unit,679,10,4,10,4,9
unit,680,7,3,7,3,7
unit,681,9,4,9,4,9
unit,682,9,4,9,4,7
unit,683,10,4,11,5,9
unit,684,9,4,9,4,9
unit,685,8,3,8,3,9
unit,686,10,4,11,5,9
unit,687,10,4,10,4,9
unit,688,7,3,7,3,7
unit,689,9,4,9,4,7
unit,690,9,4,9,4,9
unit,691,10,4,11,5,9
unit,692,9,4,9,4,9
unit,693,10,4,11,5,9
unit,694,8,3,8,3,9
unit,695,10,4,10,4,9
unit,696,8,3,8,3,7
unit,697,10,4,10,4,9
unit,698,10,4,10,4,9
unit,699,10,4,10,4,9
unit,700,10,4,10,4,9
unit,701,10,4,10,4,9
unit,702,10,4,10,4,9
unit,703,9,3,9,3,9
unit,704,5,2,5,2,9
unit,705,7,3,7,3,9
unit,706,7,3,7,3,9
unit,707,8,3,8,3,9
unit,708,7,3,7,3,9
unit,709,8,3,8,3,9
unit,710,8,3,8,3,9
unit,711,9,3,9,3,9
unit,712,7,3,7,3,9
unit,713,7,2,7,2,13
unit,714,9,4,9,4,9
unit,715,9,3,9,3,13
unit,716,9,4,9,4,9
unit,717,9,3,9,3,13
unit,718,10,4,10,4,9
unit,719,10,3,10,3,13
unit,720,7,3,7,3,9
unit,721,9,4,9,4,9
unit,722,8,3,8,3,11
unit,723,10,4,10,4,11
unit,724,9,4,9,4,9
unit,725,10,4,10,4,9
unit,726,10,4,10,4,11
unit,727,11,4,11,4,11
unit,728,8,3,8,3,9
unit,729,9,3,9,3,13
unit,730,10,4,10,4,11
unit,731,9,3,10,3,15
unit,732,10,4,10,4,9
unit,733,11,4,11,4,13
unit,734,11,4,12,5,11
unit,735,11,4,12,4,15
unit,736,7,3,7,3,9
unit,737,9,4,9,4,9
unit,738,9,4,9,4,9
unit,739,10,4,10,4,9
unit,740,8,3,8,3,11
unit,741,10,4,10,4,11
unit,742,10,4,10,4,11
unit,743,11,4,11,4,11
unit,744,8,3,8,3,9
unit,745,9,3,9,3,13
unit,746,10,4,10,4,9
unit,747,11,4,11,4,13
unit,748,10,4,10,4,11
unit,749,9,3,10,3,15
unit,750,11,4,12,5,11
unit,751,11,4,12,4,15
unit,752,8,3,8,3,9
unit,753,10,4,10,4,9
unit,754,10,4,10,4,11
unit,755,11,4,12,5,11
unit,756,10,4,10,4,11
unit,757,11,4,12,5,11
unit,758,9,3,9,3,11
unit,759,11,4,11,4,11
unit,760,9,3,9,3,9
unit,761,10,3,10,3,13
unit,762,11,4,11,4,11
unit,763,11,4,12,4,15
unit,764,11,4,11,4,11
unit,765,11,4,12,4,15
unit,766,11,4,11,4,11
unit,767,10,3,11,3,15
unit,768,4,2,4,2,7
unit,769,6,3,6,3,7
unit,770,6,3,6,3,7
unit,771,7,3,7,3,7
unit,772,6,3,6,3,7
unit,773,7,3,7,3,7
unit,774,7,3,7,3,7
unit,775,8,3,8,3,7
unit,776,6,3,6,3,7
unit,777,7,3,7,3,9
unit,778,8,4,8,4,7
unit,779,9,4,9,4,9
unit,780,8,4,8,4,7
unit,781,9,4,9,4,9
unit,782,9,4,9,4,7
unit,783,10,4,10,4,9
unit,784,6,3,6,3,7
unit,785,8,4,8,4,7
unit,786,7,3,7,3,9
unit,787,9,4,9,4,9
unit,788,8,4,8,4,7
unit,789,9,4,9,4,7
unit,790,9,4,9,4,9
unit,791,10,4,10,4,9
unit,792,7,3,7,3,7
unit,793,9,4,9,4,9
unit,794,9,4,9,4,9
unit,795,8,3,8,3,9
unit,796,9,4,9,4,7
unit,797,10,4,11,5,9
unit,798,10,4,11,5,9
unit,799,10,4,10,4,9
unit,800,6,3,6,3,7
unit,801,8,4,8,4,7
unit,802,8,4,8,4,7
unit,803,9,4,9,4,7
unit,804,7,3,7,3,9
unit,805,9,4,9,4,9
unit,806,9,4,9,4,9
unit,807,10,4,10,4,9
unit,808,7,3,7,3,7
unit,809,9,4,9,4,9
unit,810,9,4,9,4,7
unit,811,10,4,11,5,9
unit,812,9,4,9,4,9
unit,813,8,3,8,3,9
unit,814,10,4,11,5,9
unit,815,10,4,10,4,9
unit,816,7,3,7,3,7
unit,817,9,4,9,4,7
unit,818,9,4,9,4,9
unit,819,10,4,11,5,9
unit,820,9,4,9,4,9
unit,821,10,4,11,5,9
unit,822,8,3,8,3,9
unit,823,10,4,10,4,9
unit,824,8,3,8,3,7
unit,825,10,4,10,4,9
unit,826,10,4,10,4,9
unit,827,10,4,10,4,9
unit,828,10,4,10,4,9
unit,829,10,4,10,4,9
unit,830,10,4,10,4,9
unit,831,9,3,9,3,9
unit,832,5,2,5,2,9
unit,833,7,3,7,3,9
unit,834,7,3,7,3,9
unit,835,8,3,8,3,9
unit,836,7,3,7,3,9
unit,837,8,3,8,3,9
unit,838,8,3,8,3,9
unit,839,9,3,9,3,9
unit,840,7,3,7,3,9
unit,841,7,2,7,2,13
unit,842,9,4,9,4,9
unit,843,9,3,9,3,13
unit,844,9,4,9,4,9
unit,845,9,3,9,3,13
unit,846,10,4,10,4,9
unit,847,10,3,10,3,13
unit,848,7,3,7,3,9
unit,849,9,4,9,4,9
unit,850,8,3,8,3,11
unit,851,10,4,10,4,11
unit,852,9,4,9,4,9
unit,853,10,4,10,4,9
unit,854,10,4,10,4,11
unit,855,11,4,11,4,11
unit,856,8,3,8,3,9
unit,857,9,3,9,3,13
unit,858,10,4,10,4,11
unit,859,9,3,10,3,15
unit,860,10,4,10,4,9
unit,861,11,4,11,4,13
unit,862,11,4,12,5,11
unit,863,11,4,12,4,15
unit,864,7,3,7,3,9
unit,865,9,4,9,4,9
unit,866,9,4,9,4,9
unit,867,10,4,10,4,9
unit,868,8,3,8,3,11
unit,869,10,4,10,4,11
unit,870,10,4,10,4,11
unit,871,11,4,11,4,11
unit,872,8,3,8,3,9
unit,873,9,3,9,3,13
unit,874,10,4,10,4,9
unit,875,11,4,11,4,13
unit,876,10,4,10,4,11
unit,877,9,3,10,3,15
unit,878,11,4,12,5,11
unit,879,11,4,12,4,15
unit,880,8,3,8,3,9
unit,881,10,4,10,4,9
unit,882,10,4,10,4,11
unit,883,11,4,12,5,11
unit,884,10,4,10,4,11
unit,885,11,4,12,5,11
unit,886,9,3,9,3,11
unit,887,11,4,11,4,11
unit,888,9,3,9,3,9
unit,889,10,3,10,3,13
unit,890,11,4,11,4,11
unit,891,11,4,12,4,15
unit,892,11,4,11,4,11
unit,893,11,4,12,4,15
unit,894,11,4,11,4,11
unit,895,10,3,11,3,15
unit,896,5,2,5,2,7
unit,897,7,3,7,3,7
unit,898,7,3,7,3,7
unit,899,8,3,8,3,7
unit,900,7,3,7,3,7
unit,901,8,3,8,3,7
unit,902,8,3,8,3,7
unit,903,9,3,9,3,7
unit,904,7,3,7,3,7
unit,905,8,3,8,3,9
unit,906,9,4,9,4,7
unit,907,10,4,10,4,9
unit,908,9,4,9,4,7
unit,909,10,4,10,4,9
unit,910,10,4,10,4,7
unit,911,11,4,11,4,9
unit,912,7,3,7,3,7
unit,913,9,4,9,4,7
unit,914,8,3,8,3,9
unit,915,10,4,10,4,9
unit,916,9,4,9,4,7
unit,917,10,4,10,4,7
unit,918,10,4,10,4,9
unit,919,11,4,11,4,9
unit,920,8,3,8,3,7
unit,921,10,4,10,4,9
unit,922,10,4,10,4,9
unit,923,9,3,9,3,9
unit,924,10,4,10,4,7
unit,925,11,4,12,5,9
unit,926,11,4,12,5,9
unit,927,11,4,11,4,9
unit,928,7,3,7,3,7
unit,929,9,4,9,4,7
unit,930,9,4,9,4,7
unit,931,10,4,10,4,7
unit,932,8,3,8,3,9
unit,933,10,4,10,4,9
unit,934,10,4,10,4,9
unit,935,11,4,11,4,9
unit,936,8,3,8,3,7
unit,937,10,4,10,4,9
unit,938,10,4,10,4,7
unit,939,11,4,12,5,9
unit,940,10,4,10,4,9
unit,941,9,3,9,3,9
unit,942,11,4,12,5,9
unit,943,11,4,11,4,9
unit,944,8,3,8,3,7
unit,945,10,4,10,4,7
unit,946,10,4,10,4,9
unit,947,11,4,12,5,9
unit,948,10,4,10,4,9
unit,949,11,4,12,5,9
unit,950,9,3,9,3,9
unit,951,11,4,11,4,9
unit,952,9,3,9,3,7
unit,953,11,4,11,4,9
unit,954,11,4,11,4,9
unit,955,11,4,11,4,9
unit,956,11,4,11,4,9
unit,957,11,4,11,4,9
unit,958,11,4,11,4,9
unit,959,10,3,10,3,9
unit,960,6,2,6,2,9
unit,961,8,3,8,3,9
unit,962,8,3,8,3,9
unit,963,9,3,9,3,9
unit,964,8,3,8,3,9
unit,965,9,3,9,3,9
unit,966,9,3,9,3,9
unit,967,10,3,10,3,9
unit,968,8,3,8,3,9
unit,969,8,2,8,2,13
unit,970,10,4,10,4,9
unit,971,10,3,10,3,13
unit,972,10,4,10,4,9
unit,973,10,3,10,3,13
unit,974,11,4,11,4,9
unit,975,11,3,11,3,13
unit,976,8,3,8,3,9
unit,977,10,4,10,4,9
unit,978,9,3,9,3,11
unit,979,11,4,11,4,11
unit,980,10,4,10,4,9
unit,981,11,4,11,4,9
unit,982,11,4,11,4,11
unit,983,12,4,12,4,11
unit,984,9,3,9,3,9
unit,985,10,3,10,3,13
unit,986,11,4,11,4,11
unit,987,10,3,11,3,15
unit,988,11,4,11,4,9
unit,989,12,4,12,4,13
unit,990,12,4,13,5,11
unit,991,12,4,13,4,15
unit,992,8,3,8,3,9
unit,993,10,4,10,4,9
unit,994,10,4,10,4,9
unit,995,11,4,11,4,9
unit,996,9,3,9,3,11
unit,997,11,4,11,4,11
unit,998,11,4,11,4,11
unit,999,12,4,12,4,11
unit,1000,9,3,9,3,9
unit,1001,10,3,10,3,13
unit,1002,11,4,11,4,9
unit,1003,12,4,12,4,13
unit,1004,11,4,11,4,11
unit,1005,10,3,11,3,15
unit,1006,12,4,13,5,11
unit,1007,12,4,13,4,15
unit,1008,9,3,9,3,9
unit,1009,11,4,11,4,9
unit,1010,11,4,11,4,11
unit,1011,12,4,13,5,11
unit,1012,11,4,11,4,11
unit,1013,12,4,13,5,11
unit,1014,10,3,10,3,11
unit,1015,12,4,12,4,11
unit,1016,10,3,10,3,9
unit,1017,11,3,11,3,13
unit,1018,12,4,12,4,11
unit,1019,12,4,13,4,15
unit,1020,12,4,12,4,11
unit,1021,12,4,13,4,15
unit,1022,12,4,12,4,11
unit,1023,11,3,12,3,15
unit,1024,2,1,2,1,7
unit,1025,4,2,4,2,7
unit,1026,4,2,4,2,7
unit,1027,5,2,5,2,7
unit,1028,4,2,4,2,7
unit,1029,5,2,5,2,7
unit,1030,5,2,5,2,7
unit,1031,6,2,6,2,7
unit,1032,4,2,4,2,7
unit,1033,5,2,5,2,9
unit,1034,6,3,6,3,7
unit,1035,7,3,7,3,9
unit,1036,6,3,6,3,7
unit,1037,7,3,7,3,9
unit,1038,7,3,7,3,7
unit,1039,8,3,8,3,9
unit,1040,4,2,4,2,7
unit,1041,6,3,6,3,7
unit,1042,5,2,5,2,9
unit,1043,7,3,7,3,9
unit,1044,6,3,6,3,7
unit,1045,7,3,7,3,7
unit,1046,7,3,7,3,9
unit,1047,8,3,8,3,9
unit,1048,5,2,5,2,7
unit,1049,7,3,7,3,9
unit,1050,7,3,7,3,9
unit,1051,6,2,6,2,9
unit,1052,7,3,7,3,7
unit,1053,8,3,9,4,9
unit,1054,8,3,9,4,9
unit,1055,8,3,8,3,9
unit,1056,4,2,4,2,7
unit,1057,6,3,6,3,7
unit,1058,6,3,6,3,7
unit,1059,7,3,7,3,7
unit,1060,5,2,5,2,9
unit,1061,7,3,7,3,9
unit,1062,7,3,7,3,9
unit,1063,8,3,8,3,9
unit,1064,5,2,5,2,7
unit,1065,7,3,7,3,9
unit,1066,7,3,7,3,7
unit,1067,8,3,9,4,9
unit,1068,7,3,7,3,9
unit,1069,6,2,6,2,9
unit,1070,8,3,9,4,9
unit,1071,8,3,8,3,9
unit,1072,5,2,5,2,7
unit,1073,7,3,7,3,7
unit,1074,7,3,7,3,9
unit,1075,8,3,9,4,9
unit,1076,7,3,7,3,9
unit,1077,8,3,9,4,9
unit,1078,6,2,6,2,9
unit,1079,8,3,8,3,9
unit,1080,6,2,6,2,7
unit,1081,8,3,8,3,9
unit,1082,8,3,8,3,9
unit,1083,8,3,8,3,9
unit,1084,8,3,8,3,9
unit,1085,8,3,8,3,9
unit,1086,8,3,8,3,9
unit,1087,7,2,7,2,9
unit,1088,4,2,4,2,7
unit,1089,6,3,6,3,7
unit,1090,6,3,6,3,7
unit,1091,7,3,7,3,7
unit,1092,6,3,6,3,7
unit,1093,7,3,7,3,7
unit,1094,7,3,7,3,7
unit,1095,8,3,8,3,7
unit,1096,6,3,6,3,7
unit,1097,7,3,7,3,9
unit,1098,8,4,8,4,7
unit,1099,9,4,9,4,9
unit,1100,8,4,8,4,7
unit,1101,9,4,9,4,9
unit,1102,9,4,9,4,7
unit,1103,10,4,10,4,9
unit,1104,6,3,6,3,7
unit,1105,8,4,8,4,7
unit,1106,7,3,7,3,9
unit,1107,9,4,9,4,9
unit,1108,8,4,8,4,7
unit,1109,9,4,9,4,7
unit,1110,9,4,9,4,9
unit,1111,10,4,10,4,9
unit,1112,7,3,7,3,7
unit,1113,9,4,9,4,9
unit,1114,9,4,9,4,9
unit,1115,8,3,8,3,9
unit,1116,9,4,9,4,7
unit,1117,10,4,11,5,9
unit,1118,10,4,11,5,9
unit,1119,10,4,10,4,9
unit,1120,6,3,6,3,7
unit,1121,8,4,8,4,7
unit,1122,8,4,8,4,7
unit,1123,9,4,9,4,7
unit,1124,7,3,7,3,9
unit,1125,9,4,9,4,9
unit,1126,9,4,9,4,9
unit,1127,10,4,10,4,9
unit,1128,7,3,7,3,7
unit,1129,9,4,9,4,9
unit,1130,9,4,9,4,7
unit,1131,10,4,11,5,9
unit,1132,9,4,9,4,9
unit,1133,8,3,8,3,9
unit,1134,10,4,11,5,9
unit,1135,10,4,10,4,9
unit,1136,7,3,7,3,7
unit,1137,9,4,9,4,7
unit,1138,9,4,9,4,9
unit,1139,10,4,11,5,9
unit,1140,9,4,9,4,9
unit,1141,10,4,11,5,9
unit,1142,8,3,8,3,9
unit,1143,10,4,10,4,9
unit,1144,8,3,8,3,7
unit,1145,10,4,10,4,9
unit,1146,10,4,10,4,9
unit,1147,10,4,10,4,9
unit,1148,10,4,10,4,9
unit,1149,10,4,10,4,9
unit,1150,10,4,10,4,9
unit,1151,9,3,9,3,9
unit,1152,3,1,3,1,9
unit,1153,5,2,5,2,9
unit,1154,5,2,5,2,9
unit,1155,6,2,6,2,9
unit,1156,5,2,5,2,9
unit,1157,6,2,6,2,9
unit,1158,6,2,6,2,9
unit,1159,7,2,7,2,9
unit,1160,5,2,5,2,9
unit,1161,6,2,6,2,11
unit,1162,7,3,7,3,9
unit,1163,8,3,8,3,11
unit,1164,7,3,7,3,9
unit,1165,8,3,8,3,11
unit,1166,8,3,8,3,9
unit,1167,9,3,9,3,11
unit,1168,5,2,5,2,9
unit,1169,7,3,7,3,9
unit,1170,5,1,5,1,13
unit,1171,7,2,7,2,13
unit,1172,7,3,7,3,9
unit,1173,8,3,8,3,9
unit,1174,7,2,7,2,13
unit,1175,8,2,8,2,13
unit,1176,6,2,6,2,9
unit,1177,8,3,8,3,11
unit,1178,7,2,7,2,13
unit,1179,7,2,8,2,15
unit,1180,8,3,8,3,9
unit,1181,9,3,10,4,11
unit,1182,9,3,9,3,13
unit,1183,9,3,10,3,15
unit,1184,5,2,5,2,9
unit,1185,7,3,7,3,9
unit,1186,7,3,7,3,9
unit,1187,8,3,8,3,9
unit,1188,6,2,6,2,11
unit,1189,8,3,8,3,11
unit,1190,8,3,8,3,11
unit,1191,9,3,9,3,11
unit,1192,6,2,6,2,9
unit,1193,8,3,8,3,11
unit,1194,8,3,8,3,9
unit,1195,9,3,10,4,11
unit,1196,8,3,8,3,11
unit,1197,7,2,7,2,11
unit,1198,9,3,10,4,11
unit,1199,9,3,9,3,11
unit,1200,6,2,6,2,9
unit,1201,8,3,8,3,9
unit,1202,7,2,7,2,13
unit,1203,9,3,9,3,13
unit,1204,8,3,8,3,11
unit,1205,9,3,10,4,11
unit,1206,7,2,8,2,15
unit,1207,9,3,10,3,15
unit,1208,7,2,7,2,9
unit,1209,9,3,9,3,11
unit,1210,8,2,8,2,13
unit,1211,9,3,10,3,15
unit,1212,9,3,9,3,11
unit,1213,9,3,9,3,11
unit,1214,9,3,10,3,15
unit,1215,8,2,9,2,15
unit,1216,5,2,5,2,9
unit,1217,7,3,7,3,9
unit,1218,7,3,7,3,9
unit,1219,8,3,8,3,9
unit,1220,7,3,7,3,9
unit,1221,8,3,8,3,9
unit,1222,8,3,8,3,9
unit,1223,9,3,9,3,9
unit,1224,7,3,7,3,9
unit,1225,8,3,8,3,11
unit,1226,9,4,9,4,9
unit,1227,10,4,10,4,11
unit,1228,9,4,9,4,9
unit,1229,10,4,10,4,11
unit,1230,10,4,10,4,9
unit,1231,11,4,11,4,11
unit,1232,7,3,7,3,9
unit,1233,9,4,9,4,9
unit,1234,7,2,7,2,13
unit,1235,9,3,9,3,13
unit,1236,9,4,9,4,9
unit,1237,10,4,10,4,9
unit,1238,9,3,9,3,13
unit,1239,10,3,10,3,13
unit,1240,8,3,8,3,9
unit,1241,10,4,10,4,11
unit,1242,9,3,9,3,13
unit,1243,9,3,10,3,15
unit,1244,10,4,10,4,9
unit,1245,11,4,12,5,11
unit,1246,11,4,11,4,13
unit,1247,11,4,12,4,15
unit,1248,7,3,7,3,9
unit,1249,9,4,9,4,9
unit,1250,9,4,9,4,9
unit,1251,10,4,10,4,9
unit,1252,8,3,8,3,11
unit,1253,10,4,10,4,11
unit,1254,10,4,10,4,11
unit,1255,11,4,11,4,11
unit,1256,8,3,8,3,9
unit,1257,10,4,10,4,11
unit,1258,10,4,10,4,9
unit,1259,11,4,12,5,11
unit,1260,10,4,10,4,11
unit,1261,9,3,9,3,11
unit,1262,11,4,12,5,11
unit,1263,11,4,11,4,11
unit,1264,8,3,8,3,9
unit,1265,10,4,10,4,9
unit,1266,9,3,9,3,13
unit,1267,11,4,11,4,13
unit,1268,10,4,10,4,11
unit,1269,11,4,12,5,11
unit,1270,9,3,10,3,15
unit,1271,11,4,12,4,15
unit,1272,9,3,9,3,9
unit,1273,11,4,11,4,11
unit,1274,10,3,10,3,13
unit,1275,11,4,12,4,15
unit,1276,11,4,11,4,11
unit,1277,11,4,11,4,11
unit,1278,11,4,12,4,15
unit,1279,10,3,11,3,15
unit,1280,4,2,4,2,7
unit,1281,6,3,6,3,7
unit,1282,6,3,6,3,7
unit,1283,7,3,7,3,7
unit,1284,6,3,6,3,7
unit,1285,7,3,7,3,7
unit,1286,7,3,7,3,7
unit,1287,8,3,8,3,7
unit,1288,6,3,6,3,7
unit,1289,7,3,7,3,9
unit,1290,8,4,8,4,7
unit,1291,9,4,9,4,9
unit,1292,8,4,8,4,7
unit,1293,9,4,9,4,9
unit,1294,9,4,9,4,7
unit,1295,10,4,10,4,9
unit,1296,6,3,6,3,7
unit,1297,8,4,8,4,7
unit,1298,7,3,7,3,9
unit,1299,9,4,9,4,9
unit,1300,8,4,8,4,7
unit,1301,9,4,9,4,7
unit,1302,9,4,9,4,9
unit,1303,10,4,10,4,9
unit,1304,7,3,7,3,7
unit,1305,9,4,9,4,9
unit,1306,9,4,9,4,9
unit,1307,8,3,8,3,9
unit,1308,9,4,9,4,7
unit,1309,10,4,11,5,9
unit,1310,10,4,11,5,9
unit,1311,10,4,10,4,9
unit,1312,6,3,6,3,7
unit,1313,8,4,8,4,7
unit,1314,8,4,8,4,7
unit,1315,9,4,9,4,7
unit,1316,7,3,7,3,9
unit,1317,9,4,9,4,9
unit,1318,9,4,9,4,9
unit,1319,10,4,10,4,9
unit,1320,7,3,7,3,7
unit,1321,9,4,9,4,9
unit,1322,9,4,9,4,7
unit,1323,10,4,11,5,9
unit,1324,9,4,9,4,9
unit,1325,8,3,8,3,9
unit,1326,10,4,11,5,9
unit,1327,10,4,10,4,9
unit,1328,7,3,7,3,7
unit,1329,9,4,9,4,7
unit,1330,9,4,9,4,9
unit,1331,10,4,11,5,9
unit,1332,9,4,9,4,9
unit,1333,10,4,11,5,9
unit,1334,8,3,8,3,9
unit,1335,10,4,10,4,9
unit,1336,8,3,8,3,7
unit,1337,10,4,10,4,9
unit,1338,10,4,10,4,9
unit,1339,10,4,10,4,9
unit,1340,10,4,10,4,9
unit,1341,10,4,10,4,9
unit,1342,10,4,10,4,9
unit,1343,9,3,9,3,9
unit,1344,5,2,5,2,7
unit,1345,7,3,7,3,7
unit,1346,7,3,7,3,7
unit,1347,8,3,8,3,7
unit,1348,7,3,7,3,7
unit,1349,8,3,8,3,7
unit,1350,8,3,8,3,7
unit,1351,9,3,9,3,7
unit,1352,7,3,7,3,7
unit,1353,8,3,8,3,9
unit,1354,9,4,9,4,7
unit,1355,10,4,10,4,9
unit,1356,9,4,9,4,7
unit,1357,10,4,10,4,9
unit,1358,10,4,10,4,7
unit,1359,11,4,11,4,9
unit,1360,7,3,7,3,7
unit,1361,9,4,9,4,7
unit,1362,8,3,8,3,9
unit,1363,10,4,10,4,9
unit,1364,9,4,9,4,7
unit,1365,10,4,10,4,7
unit,1366,10,4,10,4,9
unit,1367,11,4,11,4,9
unit,1368,8,3,8,3,7
unit,1369,10,4,10,4,9
unit,1370,10,4,10,4,9
unit,1371,9,3,9,3,9
unit,1372,10,4,10,4,7
unit,1373,11,4,12,5,9
unit,1374,11,4,12,5,9
unit,1375,11,4,11,4,9
unit,1376,7,3,7,3,7
unit,1377,9,4,9,4,7
unit,1378,9,4,9,4,7
unit,1379,10,4,10,4,7
unit,1380,8,3,8,3,9
unit,1381,10,4,10,4,9
unit,1382,10,4,10,4,9
unit,1383,11,4,11,4,9
unit,1384,8,3,8,3,7
unit,1385,10,4,10,4,9
unit,1386,10,4,10,4,7
unit,1387,11,4,12,5,9
unit,1388,10,4,10,4,9
unit,1389,9,3,9,3,9
unit,1390,11,4,12,5,9
unit,1391,11,4,11,4,9
unit,1392,8,3,8,3,7
unit,1393,10,4,10,4,7
unit,1394,10,4,10,4,9
unit,1395,11,4,12,5,9
unit,1396,10,4,10,4,9
unit,1397,11,4,12,5,9
unit,1398,9,3,9,3,9
unit,1399,11,4,11,4,9
unit,1400,9,3,9,3,7
unit,1401,11,4,11,4,9
unit,1402,11,4,11,4,9
unit,1403,11,4,11,4,9
unit,1404,11,4,11,4,9
unit,1405,11,4,11,4,9
unit,1406,11,4,11,4,9
unit,1407,10,3,10,3,9
unit,1408,5,2,5,2,9
unit,1409,7,3,7,3,9
unit,1410,7,3,7,3,9
unit,1411,8,3,8,3,9
unit,1412,7,3,7,3,9
unit,1413,8,3,8,3,9
unit,1414,8,3,8,3,9
unit,1415,9,3,9,3,9
unit,1416,7,3,7,3,9
unit,1417,8,3,8,3,11
unit,1418,9,4,9,4,9
unit,1419,10,4,10,4,11
unit,1420,9,4,9,4,9
unit,1421,10,4,10,4,11
unit,1422,10,4,10,4,9
unit,1423,11,4,11,4,11
unit,1424,7,3,7,3,9
unit,1425,9,4,9,4,9
unit,1426,7,2,7,2,13
unit,1427,9,3,9,3,13
unit,1428,9,4,9,4,9
unit,1429,10,4,10,4,9
unit,1430,9,3,9,3,13
unit,1431,10,3,10,3,13
unit,1432,8,3,8,3,9
unit,1433,10,4,10,4,11
unit,1434,9,3,9,3,13
unit,1435,9,3,10,3,15
unit,1436,10,4,10,4,9
unit,1437,11,4,12,5,11
unit,1438,11,4,11,4,13
unit,1439,11,4,12,4,15
unit,1440,7,3,7,3,9
unit,1441,9,4,9,4,9
unit,1442,9,4,9,4,9
unit,1443,10,4,10,4,9
unit,1444,8,3,8,3,11
unit,1445,10,4,10,4,11
unit,1446,10,4,10,4,11
unit,1447,11,4,11,4,11
unit,1448,8,3,8,3,9
unit,1449,10,4,10,4,11
unit,1450,10,4,10,4,9
unit,1451,11,4,12,5,11
unit,1452,10,4,10,4,11
unit,1453,9,3,9,3,11
unit,1454,11,4,12,5,11
unit,1455,11,4,11,4,11
unit,1456,8,3,8,3,9
unit,1457,10,4,10,4,9
unit,1458,9,3,9,3,13
unit,1459,11,4,11,4,13
unit,1460,10,4,10,4,11
unit,1461,11,4,12,5,11
unit,1462,9,3,10,3,15
unit,1463,11,4,12,4,15
unit,1464,9,3,9,3,9
unit,1465,11,4,11,4,11
unit,1466,10,3,10,3,13
unit,1467,11,4,12,4,15
unit,1468,11,4,11,4,11
unit,1469,11,4,11,4,11
unit,1470,11,4,12,4,15
unit,1471,10,3,11,3,15
unit,1472,6,2,6,2,9
unit,1473,8,3,8,3,9
unit,1474,8,3,8,3,9
unit,1475,9,3,9,3,9
unit,1476,8,3,8,3,9
unit,1477,9,3,9,3,9
unit,1478,9,3,9,3,9
unit,1479,10,3,10,3,9
unit,1480,8,3,8,3,9
unit,1481,9,3,9,3,11
unit,1482,10,4,10,4,9
unit,1483,11,4,11,4,11
unit,1484,10,4,10,4,9
unit,1485,11,4,11,4,11
unit,1486,11,4,11,4,9
unit,1487,12,4,12,4,11
unit,1488,8,3,8,3,9
unit,1489,10,4,10,4,9
unit,1490,8,2,8,2,13
unit,1491,10,3,10,3,13
unit,1492,10,4,10,4,9
unit,1493,11,4,11,4,9
unit,1494,10,3,10,3,13
unit,1495,11,3,11,3,13
unit,1496,9,3,9,3,9
unit,1497,11,4,11,4,11
unit,1498,10,3,10,3,13
unit,1499,10,3,11,3,15
unit,1500,11,4,11,4,9
unit,1501,12,4,13,5,11
unit,1502,12,4,12,4,13
unit,1503,12,4,13,4,15
unit,1504,8,3,8,3,9
unit,1505,10,4,10,4,9
unit,1506,10,4,10,4,9
unit,1507,11,4,11,4,9
unit,1508,9,3,9,3,11
unit,1509,11,4,11,4,11
unit,1510,11,4,11,4,11
unit,1511,12,4,12,4,11
unit,1512,9,3,9,3,9
unit,1513,11,4,11,4,11
unit,1514,11,4,11,4,9
unit,1515,12,4,13,5,11
unit,1516,11,4,11,4,11
unit,1517,10,3,10,3,11
unit,1518,12,4,13,5,11
unit,1519,12,4,12,4,11
unit,1520,9,3,9,3,9
unit,1521,11,4,11,4,9
unit,1522,10,3,10,3,13
unit,1523,12,4,12,4,13
unit,1524,11,4,11,4,11
unit,1525,12,4,13,5,11
unit,1526,10,3,11,3,15
unit,1527,12,4,13,4,15
unit,1528,10,3,10,3,9
unit,1529,12,4,12,4,11
unit,1530,11,3,11,3,13
unit,1531,12,4,13,4,15
unit,1532,12,4,12,4,11
unit,1533,12,4,12,4,11
unit,1534,12,4,13,4,15
unit,1535,11,3,12,3,15
unit,1536,3,1,3,1,7
unit,1537,5,2,5,2,7
unit,1538,5,2,5,2,7
unit,1539,6,2,6,2,7
unit,1540,5,2,5,2,7
unit,1541,6,2,6,2,7
unit,1542,6,2,6,2,7
unit,1543,7,2,7,2,7
unit,1544,5,2,5,2,7
unit,1545,6,2,6,2,9
unit,1546,7,3,7,3,7
unit,1547,8,3,8,3,9
unit,1548,7,3,7,3,7
unit,1549,8,3,8,3,9
unit,1550,8,3,8,3,7
unit,1551,9,3,9,3,9
unit,1552,5,2,5,2,7
unit,1553,7,3,7,3,7
unit,1554,6,2,6,2,9
unit,1555,8,3,8,3,9
unit,1556,7,3,7,3,7
unit,1557,8,3,8,3,7
unit,1558,8,3,8,3,9
unit,1559,9,3,9,3,9
unit,1560,6,2,6,2,7
unit,1561,8,3,8,3,9
unit,1562,8,3,8,3,9
unit,1563,7,2,7,2,9
unit,1564,8,3,8,3,7
unit,1565,9,3,10,4,9
unit,1566,9,3,10,4,9
unit,1567,9,3,9,3,9
unit,1568,5,2,5,2,7
unit,1569,7,3,7,3,7
unit,1570,7,3,7,3,7
unit,1571,8,3,8,3,7
unit,1572,6,2,6,2,9
unit,1573,8,3,8,3,9
unit,1574,8,3,8,3,9
unit,1575,9,3,9,3,9
unit,1576,6,2,6,2,7
unit,1577,8,3,8,3,9
unit,1578,8,3,8,3,7
unit,1579,9,3,10,4,9
unit,1580,8,3,8,3,9
unit,1581,7,2,7,2,9
unit,1582,9,3,10,4,9
unit,1583,9,3,9,3,9
unit,1584,6,2,6,2,7
unit,1585,8,3,8,3,7
unit,1586,8,3,8,3,9
unit,1587,9,3,10,4,9
unit,1588,8,3,8,3,9
unit,1589,9,3,10,4,9
unit,1590,7,2,7,2,9
unit,1591,9,3,9,3,9
unit,1592,7,2,7,2,7
unit,1593,9,3,9,3,9
unit,1594,9,3,9,3,9
unit,1595,9,3,9,3,9
unit,1596,9,3,9,3,9
unit,1597,9,3,9,3,9
unit,1598,9,3,9,3,9
unit,1599,8,2,8,2,9
unit,1600,5,2,5,2,9
unit,1601,7,3,7,3,9
unit,1602,7,3,7,3,9
unit,1603,8,3,8,3,9
unit,1604,7,3,7,3,9
unit,1605,8,3,8,3,9
unit,1606,8,3,8,3,9
unit,1607,9,3,9,3,9
unit,1608,7,3,7,3,9
unit,1609,7,2,7,2,13
unit,1610,9,4,9,4,9
unit,1611,9,3,9,3,13
unit,1612,9,4,9,4,9
unit,1613,9,3,9,3,13
unit,1614,10,4,10,4,9
unit,1615,10,3,10,3,13
unit,1616,7,3,7,3,9
unit,1617,9,4,9,4,9
unit,1618,8,3,8,3,11
unit,1619,10,4,10,4,11
unit,1620,9,4,9,4,9
unit,1621,10,4,10,4,9
unit,1622,10,4,10,4,11
unit,1623,11,4,11,4,11
unit,1624,8,3,8,3,9
unit,1625,9,3,9,3,13
unit,1626,10,4,10,4,11
unit,1627,9,3,10,3,15
unit,1628,10,4,10,4,9
unit,1629,11,4,11,4,13
unit,1630,11,4,12,5,11
unit,1631,11,4,12,4,15
unit,1632,7,3,7,3,9
unit,1633,9,4,9,4,9
unit,1634,9,4,9,4,9
unit,1635,10,4,10,4,9
unit,1636,8,3,8,3,11
unit,1637,10,4,10,4,11
unit,1638,10,4,10,4,11
unit,1639,11,4,11,4,11
unit,1640,8,3,8,3,9
unit,1641,9,3,9,3,13
unit,1642,10,4,10,4,9
unit,1643,11,4,11,4,13
unit,1644,10,4,10,4,11
unit,1645,9,3,10,3,15
unit,1646,11,4,12,5,11
unit,1647,11,4,12,4,15
unit,1648,8,3,8,3,9
unit,1649,10,4,10,4,9
unit,1650,10,4,10,4,11
unit,1651,11,4,12,5,11
unit,1652,10,4,10,4,11
unit,1653,11,4,12,5,11
unit,1654,9,3,9,3,11
unit,1655,11,4,11,4,11
unit,1656,9,3,9,3,9
unit,1657,10,3,10,3,13
unit,1658,11,4,11,4,11
unit,1659,11,4,12,4,15
unit,1660,11,4,11,4,11
unit,1661,11,4,12,4,15
unit,1662,11,4,11,4,11
unit,1663,10,3,11,3,15
unit,1664,5,2,5,2,9
unit,1665,7,3,7,3,9
unit,1666,7,3,7,3,9
unit,1667,8,3,8,3,9
unit,1668,7,3,7,3,9
unit,1669,8,3,8,3,9
unit,1670,8,3,8,3,9
unit,1671,9,3,9,3,9
unit,1672,7,3,7,3,9
unit,1673,8,3,8,3,11
unit,1674,9,4,9,4,9
unit,1675,10,4,10,4,11
unit,1676,9,4,9,4,9
unit,1677,10,4,10,4,11
unit,1678,10,4,10,4,9
unit,1679,11,4,11,4,11
unit,1680,7,3,7,3,9
unit,1681,9,4,9,4,9
unit,1682,7,2,7,2,13
unit,1683,9,3,9,3,13
unit,1684,9,4,9,4,9
unit,1685,10,4,10,4,9
unit,1686,9,3,9,3,13
unit,1687,10,3,10,3,13
unit,1688,8,3,8,3,9
unit,1689,10,4,10,4,11
unit,1690,9,3,9,3,13
unit,1691,9,3,10,3,15
unit,1692,10,4,10,4,9
unit,1693,11,4,12,5,11
unit,1694,11,4,11,4,13
unit,1695,11,4,12,4,15
unit,1696,7,3,7,3,9
unit,1697,9,4,9,4,9
unit,1698,9,4,9,4,9
unit,1699,10,4,10,4,9
unit,1700,8,3,8,3,11
unit,1701,10,4,10,4,11
unit,1702,10,4,10,4,11
unit,1703,11,4,11,4,11
unit,1704,8,3,8,3,9
unit,1705,10,4,10,4,11
unit,1706,10,4,10,4,9
unit,1707,11,4,12,5,11
unit,1708,10,4,10,4,11
unit,1709,9,3,9,3,11
unit,1710,11,4,12,5,11
unit,1711,11,4,11,4,11
unit,1712,8,3,8,3,9
unit,1713,10,4,10,4,9
unit,1714,9,3,9,3,13
unit,1715,11,4,11,4,13
unit,1716,10,4,10,4,11
unit,1717,11,4,12,5,11
unit,1718,9,3,10,3,15
unit,1719,11,4,12,4,15
unit,1720,9,3,9,3,9
unit,1721,11,4,11,4,11
unit,1722,10,3,10,3,13
unit,1723,11,4,12,4,15
unit,1724,11,4,11,4,11
unit,1725,11,4,11,4,11
unit,1726,11,4,12,4,15
unit,1727,10,3,11,3,15
unit,1728,4,1,4,1,9
unit,1729,6,2,6,2,9
unit,1730,6,2,6,2,9
unit,1731,7,2,7,2,9
unit,1732,6,2,6,2,9
unit,1733,7,2,7,2,9
unit,1734,7,2,7,2,9
unit,1735,8,2,8,2,9
unit,1736,6,2,6,2,9
unit,1737,7,2,8,2,15
unit,1738,8,3,8,3,9
unit,1739,9,3,10,3,15
unit,1740,8,3,8,3,9
unit,1741,9,3,10,3,15
unit,1742,9,3,9,3,9
unit,1743,10,3,11,3,15
unit,1744,6,2,6,2,9
unit,1745,8,3,8,3,9
unit,1746,7,2,8,2,15
unit,1747,9,3,10,3,15
unit,1748,8,3,8,3,9
unit,1749,9,3,9,3,9
unit,1750,9,3,10,3,15
unit,1751,10,3,11,3,15
unit,1752,7,2,7,2,9
unit,1753,9,3,10,3,15
unit,1754,9,3,10,3,15
unit,1755,6,1,6,1,13
unit,1756,9,3,9,3,9
unit,1757,10,3,12,4,15
unit,1758,10,3,12,4,15
unit,1759,8,2,8,2,13
unit,1760,6,2,6,2,9
unit,1761,8,3,8,3,9
unit,1762,8,3,8,3,9
unit,1763,9,3,9,3,9
unit,1764,7,2,7,2,11
unit,1765,9,3,9,3,11
unit,1766,9,3,9,3,11
unit,1767,10,3,10,3,11
unit,1768,7,2,7,2,9
unit,1769,9,3,10,3,15
unit,1770,9,3,9,3,9
unit,1771,10,3,12,4,15
unit,1772,9,3,9,3,11
unit,1773,8,2,11,3,17
unit,1774,10,3,11,4,11
unit,1775,10,3,13,4,17
unit,1776,7,2,7,2,9
unit,1777,9,3,9,3,9
unit,1778,9,3,10,3,15
unit,1779,10,3,12,4,15
unit,1780,9,3,9,3,11
unit,1781,10,3,11,4,11
unit,1782,8,2,11,3,17
unit,1783,10,3,13,4,17
unit,1784,8,2,8,2,9
unit,1785,10,3,11,3,15
unit,1786,10,3,11,3,15
unit,1787,8,2,8,2,13
unit,1788,10,3,10,3,11
unit,1789,10,3,13,4,17
unit,1790,10,3,13,4,17
unit,1791,9,2,9,2,15
unit,1792,5,2,5,2,7
unit,1793,7,3,7,3,7
unit,1794,7,3,7,3,7
unit,1795,8,3,8,3,7
unit,1796,7,3,7,3,7
unit,1797,8,3,8,3,7
unit,1798,8,3,8,3,7
unit,1799,9,3,9,3,7
unit,1800,7,3,7,3,7
unit,1801,8,3,8,3,9
unit,1802,9,4,9,4,7
unit,1803,10,4,10,4,9
unit,1804,9,4,9,4,7
unit,1805,10,4,10,4,9
unit,1806,10,4,10,4,7
unit,1807,11,4,11,4,9
unit,1808,7,3,7,3,7
unit,1809,9,4,9,4,7
unit,1810,8,3,8,3,9
unit,1811,10,4,10,4,9
unit,1812,9,4,9,4,7
unit,1813,10,4,10,4,7
unit,1814,10,4,10,4,9
unit,1815,11,4,11,4,9
unit,1816,8,3,8,3,7
unit,1817,10,4,10,4,9
unit,1818,10,4,10,4,9
unit,1819,9,3,9,3,9
unit,1820,10,4,10,4,7
unit,1821,11,4,12,5,9
unit,1822,11,4,12,5,9
unit,1823,11,4,11,4,9
unit,1824,7,3,7,3,7
unit,1825,9,4,9,4,7
unit,1826,9,4,9,4,7
unit,1827,10,4,10,4,7
unit,1828,8,3,8,3,9
unit,1829,10,4,10,4,9
unit,1830,10,4,10,4,9
unit,1831,11,4,11,4,9
unit,1832,8,3,8,3,7
unit,1833,10,4,10,4,9
unit,1834,10,4,10,4,7
unit,1835,11,4,12,5,9
unit,1836,10,4,10,4,9
unit,1837,9,3,9,3,9
unit,1838,11,4,12,5,9
unit,1839,11,4,11,4,9
unit,1840,8,3,8,3,7
unit,1841,10,4,10,4,7
unit,1842,10,4,10,4,9
unit,1843,11,4,12,5,9
unit,1844,10,4,10,4,9
unit,1845,11,4,12,5,9
unit,1846,9,3,9,3,9
unit,1847,11,4,11,4,9
unit,1848,9,3,9,3,7
unit,1849,11,4,11,4,9
unit,1850,11,4,11,4,9
unit,1851,11,4,11,4,9
unit,1852,11,4,11,4,9
unit,1853,11,4,11,4,9
unit,1854,11,4,11,4,9
unit,1855,10,3,10,3,9
unit,1856,6,2,7,3,9
unit,1857,8,3,9,4,9
unit,1858,8,3,9,4,9
unit,1859,9,3,10,4,9
unit,1860,8,3,9,4,9
unit,1861,9,3,10,4,9
unit,1862,9,3,10,4,9
unit,1863,10,3,11,4,9
unit,1864,8,3,9,4,9
unit,1865,9,3,9,3,13
unit,1866,10,4,11,5,9
unit,1867,11,4,11,4,13
unit,1868,10,4,11,5,9
unit,1869,11,4,11,4,13
unit,1870,11,4,12,5,9
unit,1871,12,4,12,4,13
unit,1872,8,3,9,4,9
unit,1873,10,4,11,5,9
unit,1874,9,3,10,4,11
unit,1875,11,4,12,5,11
unit,1876,10,4,11,5,9
unit,1877,11,4,12,5,9
unit,1878,11,4,12,5,11
unit,1879,12,4,13,5,11
unit,1880,9,3,10,4,9
unit,1881,11,4,11,4,13
unit,1882,11,4,12,5,11
unit,1883,10,3,12,4,15
unit,1884,11,4,12,5,9
unit,1885,12,4,13,5,13
unit,1886,12,4,14,6,11
unit,1887,12,4,14,5,15
unit,1888,8,3,9,4,9
unit,1889,10,4,11,5,9
unit,1890,10,4,11,5,9
unit,1891,11,4,12,5,9
unit,1892,9,3,10,4,11
unit,1893,11,4,12,5,11
unit,1894,11,4,12,5,11
unit,1895,12,4,13,5,11
unit,1896,9,3,10,4,9
unit,1897,11,4,11,4,13
unit,1898,11,4,12,5,9
unit,1899,12,4,13,5,13
unit,1900,11,4,12,5,11
unit,1901,10,3,12,4,15
unit,1902,12,4,14,6,11
unit,1903,12,4,14,5,15
unit,1904,9,3,10,4,9
unit,1905,11,4,12,5,9
unit,1906,11,4,12,5,11
unit,1907,12,4,14,6,11
unit,1908,11,4,12,5,11
unit,1909,12,4,14,6,11
unit,1910,10,3,11,4,11
unit,1911,12,4,13,5,11
unit,1912,10,3,11,4,9
unit,1913,12,4,12,4,13
unit,1914,12,4,13,5,11
unit,1915,12,4,14,5,15
unit,1916,12,4,13,5,11
unit,1917,12,4,14,5,15
unit,1918,12,4,13,5,11
unit,1919,11,3,13,4,15
unit,1920,6,2,7,3,9
unit,1921,8,3,9,4,9
unit,1922,8,3,9,4,9
unit,1923,9,3,10,4,9
unit,1924,8,3,9,4,9
unit,1925,9,3,10,4,9
unit,1926,9,3,10,4,9
unit,1927,10,3,11,4,9
unit,1928,8,3,9,4,9
unit,1929,9,3,10,4,11
unit,1930,10,4,11,5,9
unit,1931,11,4,12,5,11
unit,1932,10,4,11,5,9
unit,1933,11,4,12,5,11
unit,1934,11,4,12,5,9
unit,1935,12,4,13,5,11
unit,1936,8,3,9,4,9
unit,1937,10,4,11,5,9
unit,1938,9,3,9,3,13
unit,1939,11,4,11,4,13
unit,1940,10,4,11,5,9
unit,1941,11,4,12,5,9
unit,1942,11,4,11,4,13
unit,1943,12,4,12,4,13
unit,1944,9,3,10,4,9
unit,1945,11,4,12,5,11
unit,1946,11,4,11,4,13
unit,1947,10,3,12,4,15
unit,1948,11,4,12,5,9
unit,1949,12,4,14,6,11
unit,1950,12,4,13,5,13
unit,1951,12,4,14,5,15
unit,1952,8,3,9,4,9
unit,1953,10,4,11,5,9
unit,1954,10,4,11,5,9
unit,1955,11,4,12,5,9
unit,1956,9,3,10,4,11
unit,1957,11,4,12,5,11
unit,1958,11,4,12,5,11
unit,1959,12,4,13,5,11
unit,1960,9,3,10,4,9
unit,1961,11,4,12,5,11
unit,1962,11,4,12,5,9
unit,1963,12,4,14,6,11
unit,1964,11,4,12,5,11
unit,1965,10,3,11,4,11
unit,1966,12,4,14,6,11
unit,1967,12,4,13,5,11
unit,1968,9,3,10,4,9
unit,1969,11,4,12,5,9
unit,1970,11,4,11,4,13
unit,1971,12,4,13,5,13
unit,1972,11,4,12,5,11
unit,1973,12,4,14,6,11
unit,1974,10,3,12,4,15
unit,1975,12,4,14,5,15
unit,1976,10,3,11,4,9
unit,1977,12,4,13,5,11
unit,1978,12,4,12,4,13
unit,1979,12,4,14,5,15
unit,1980,12,4,13,5,11
unit,1981,12,4,13,5,11
unit,1982,12,4,14,5,15
unit,1983,11,3,13,4,15
unit,1984,6,2,6,2,9
unit,1985,8,3,8,3,9
unit,1986,8,3,8,3,9
unit,1987,9,3,9,3,9
unit,1988,8,3,8,3,9
unit,1989,9,3,9,3,9
unit,1990,9,3,9,3,9
unit,1991,10,3,10,3,9
unit,1992,8,3,8,3,9
unit,1993,9,3,10,3,15
unit,1994,10,4,10,4,9
unit,1995,11,4,12,4,15
unit,1996,10,4,10,4,9
unit,1997,11,4,12,4,15
unit,1998,11,4,11,4,9
unit,1999,12,4,13,4,15
unit,2000,8,3,8,3,9
unit,2001,10,4,10,4,9
unit,2002,9,3,10,3,15
unit,2003,11,4,12,4,15
unit,2004,10,4,10,4,9
unit,2005,11,4,11,4,9
unit,2006,11,4,12,4,15
unit,2007,12,4,13,4,15
unit,2008,9,3,9,3,9
unit,2009,11,4,12,4,15
unit,2010,11,4,12,4,15
unit,2011,8,2,8,2,13
unit,2012,11,4,11,4,9
unit,2013,12,4,14,5,15
unit,2014,12,4,14,5,15
unit,2015,10,3,10,3,13
unit,2016,8,3,8,3,9
unit,2017,10,4,10,4,9
unit,2018,10,4,10,4,9
unit,2019,11,4,11,4,9
unit,2020,9,3,9,3,11
unit,2021,11,4,11,4,11
unit,2022,11,4,11,4,11
unit,2023,12,4,12,4,11
unit,2024,9,3,9,3,9
unit,2025,11,4,12,4,15
unit,2026,11,4,11,4,9
unit,2027,12,4,14,5,15
unit,2028,11,4,11,4,11
unit,2029,10,3,13,4,17
unit,2030,12,4,13,5,11
unit,2031,12,4,15,5,17
unit,2032,9,3,9,3,9
unit,2033,11,4,11,4,9
unit,2034,11,4,12,4,15
unit,2035,12,4,14,5,15
unit,2036,11,4,11,4,11
unit,2037,12,4,13,5,11
unit,2038,10,3,13,4,17
unit,2039,12,4,15,5,17
unit,2040,10,3,10,3,9
unit,2041,12,4,13,4,15
unit,2042,12,4,13,4,15
unit,2043,10,3,10,3,13
unit,2044,12,4,12,4,11
unit,2045,12,4,15,5,17
unit,2046,12,4,15,5,17
unit,2047,11,3,11,3,15
unit,2048,2,1,2,1,7
unit,2049,4,2,4,2,7
unit,2050,4,2,4,2,7
unit,2051,5,2,5,2,7
unit,2052,4,2,4,2,7
unit,2053,5,2,5,2,7
unit,2054,5,2,5,2,7
unit,2055,6,2,6,2,7
unit,2056,4,2,4,2,7
unit,2057,5,2,5,2,9
unit,2058,6,3,6,3,7
unit,2059,7,3,7,3,9
unit,2060,6,3,6,3,7
unit,2061,7,3,7,3,9
unit,2062,7,3,7,3,7
unit,2063,8,3,8,3,9
unit,2064,4,2,4,2,7
unit,2065,6,3,6,3,7
unit,2066,5,2,5,2,9
unit,2067,7,3,7,3,9
unit,2068,6,3,6,3,7
unit,2069,7,3,7,3,7
unit,2070,7,3,7,3,9
unit,2071,8,3,8,3,9
unit,2072,5,2,5,2,7
unit,2073,7,3,7,3,9
unit,2074,7,3,7,3,9
unit,2075,6,2,6,2,9
unit,2076,7,3,7,3,7
unit,2077,8,3,9,4,9
unit,2078,8,3,9,4,9
unit,2079,8,3,8,3,9
unit,2080,4,2,4,2,7
unit,2081,6,3,6,3,7
unit,2082,6,3,6,3,7
unit,2083,7,3,7,3,7
unit,2084,5,2,5,2,9
unit,2085,7,3,7,3,9
unit,2086,7,3,7,3,9
unit,2087,8,3,8,3,9
unit,2088,5,2,5,2,7
unit,2089,7,3,7,3,9
unit,2090,7,3,7,3,7
unit,2091,8,3,9,4,9
unit,2092,7,3,7,3,9
unit,2093,6,2,6,2,9
unit,2094,8,3,9,4,9
unit,2095,8,3,8,3,9
unit,2096,5,2,5,2,7
unit,2097,7,3,7,3,7
unit,2098,7,3,7,3,9
unit,2099,8,3,9,4,9
unit,2100,7,3,7,3,9
unit,2101,8,3,9,4,9
unit,2102,6,2,6,2,9
unit,2103,8,3,8,3,9
unit,2104,6,2,6,2,7
unit,2105,8,3,8,3,9
unit,2106,8,3,8,3,9
unit,2107,8,3,8,3,9
unit,2108,8,3,8,3,9
unit,2109,8,3,8,3,9
unit,2110,8,3,8,3,9
unit,2111,7,2,7,2,9
unit,2112,4,2,4,2,7
unit,2113,6,3,6,3,7
unit,2114,6,3,6,3,7
unit,2115,7,3,7,3,7
unit,2116,6,3,6,3,7
unit,2117,7,3,7,3,7
unit,2118,7,3,7,3,7
unit,2119,8,3,8,3,7
unit,2120,6,3,6,3,7
unit,2121,7,3,7,3,9
unit,2122,8,4,8,4,7
unit,2123,9,4,9,4,9
unit,2124,8,4,8,4,7
unit,2125,9,4,9,4,9
unit,2126,9,4,9,4,7
unit,2127,10,4,10,4,9
unit,2128,6,3,6,3,7
unit,2129,8,4,8,4,7
unit,2130,7,3,7,3,9
unit,2131,9,4,9,4,9
unit,2132,8,4,8,4,7
unit,2133,9,4,9,4,7
unit,2134,9,4,9,4,9
unit,2135,10,4,10,4,9
unit,2136,7,3,7,3,7
unit,2137,9,4,9,4,9
unit,2138,9,4,9,4,9
unit,2139,8,3,8,3,9
unit,2140,9,4,9,4,7
unit,2141,10,4,11,5,9
unit,2142,10,4,11,5,9
unit,2143,10,4,10,4,9
unit,2144,6,3,6,3,7
unit,2145,8,4,8,4,7
unit,2146,8,4,8,4,7
unit,2147,9,4,9,4,7
unit,2148,7,3,7,3,9
unit,2149,9,4,9,4,9
unit,2150,9,4,9,4,9
unit,2151,10,4,10,4,9
unit,2152,7,3,7,3,7
unit,2153,9,4,9,4,9
unit,2154,9,4,9,4,7
unit,2155,10,4,11,5,9
unit,2156,9,4,9,4,9
unit,2157,8,3,8,3,9
unit,2158,10,4,11,5,9
unit,2159,10,4,10,4,9
unit,2160,7,3,7,3,7
unit,2161,9,4,9,4,7
unit,2162,9,4,9,4,9
unit,2163,10,4,11,5,9
unit,2164,9,4,9,4,9
unit,2165,10,4,11,5,9
unit,2166,8,3,8,3,9
unit,2167,10,4,10,4,9
unit,2168,8,3,8,3,7
unit,2169,10,4,10,4,9
unit,2170,10,4,10,4,9
unit,2171,10,4,10,4,9
unit,2172,10,4,10,4,9
unit,2173,10,4,10,4,9
unit,2174,10,4,10,4,9
unit,2175,9,3,9,3,9
unit,2176,4,2,4,2,7
unit,2177,6,3,6,3,7
unit,2178,6,3,6,3,7
unit,2179,7,3,7,3,7
unit,2180,6,3,6,3,7
unit,2181,7,3,7,3,7
unit,2182,7,3,7,3,7
unit,2183,8,3,8,3,7
unit,2184,6,3,6,3,7
unit,2185,7,3,7,3,9
unit,2186,8,4,8,4,7
unit,2187,9,4,9,4,9
unit,2188,8,4,8,4,7
unit,2189,9,4,9,4,9
unit,2190,9,4,9,4,7
unit,2191,10,4,10,4,9
unit,2192,6,3,6,3,7
unit,2193,8,4,8,4,7
unit,2194,7,3,7,3,9
unit,2195,9,4,9,4,9
unit,2196,8,4,8,4,7
unit,2197,9,4,9,4,7
unit,2198,9,4,9,4,9
unit,2199,10,4,10,4,9
unit,2200,7,3,7,3,7
unit,2201,9,4,9,4,9
unit,2202,9,4,9,4,9
unit,2203,8,3,8,3,9
unit,2204,9,4,9,4,7
unit,2205,10,4,11,5,9
unit,2206,10,4,11,5,9
unit,2207,10,4,10,4,9
unit,2208,6,3,6,3,7
unit,2209,8,4,8,4,7
unit,2210,8,4,8,4,7
unit,2211,9,4,9,4,7
unit,2212,7,3,7,3,9
unit,2213,9,4,9,4,9
unit,2214,9,4,9,4,9
unit,2215,10,4,10,4,9
unit,2216,7,3,7,3,7
unit,2217,9,4,9,4,9
unit,2218,9,4,9,4,7
unit,2219,10,4,11,5,9
unit,2220,9,4,9,4,9
unit,2221,8,3,8,3,9
unit,2222,10,4,11,5,9
unit,2223,10,4,10,4,9
unit,2224,7,3,7,3,7
unit,2225,9,4,9,4,7
unit,2226,9,4,9,4,9
unit,2227,10,4,11,5,9
unit,2228,9,4,9,4,9
unit,2229,10,4,11,5,9
unit,2230,8,3,8,3,9
unit,2231,10,4,10,4,9
unit,2232,8,3,8,3,7
unit,2233,10,4,10,4,9
unit,2234,10,4,10,4,9
unit,2235,10,4,10,4,9
unit,2236,10,4,10,4,9
unit,2237,10,4,10,4,9
unit,2238,10,4,10,4,9
unit,2239,9,3,9,3,9
unit,2240,5,2,5,2,7
unit,2241,7,3,7,3,7
unit,2242,7,3,7,3,7
unit,2243,8,3,8,3,7
unit,2244,7,3,7,3,7
unit,2245,8,3,8,3,7
unit,2246,8,3,8,3,7
unit,2247,9,3,9,3,7
unit,2248,7,3,7,3,7
unit,2249,8,3,8,3,9
unit,2250,9,4,9,4,7
unit,2251,10,4,10,4,9
unit,2252,9,4,9,4,7
unit,2253,10,4,10,4,9
unit,2254,10,4,10,4,7
unit,2255,11,4,11,4,9
unit,2256,7,3,7,3,7
unit,2257,9,4,9,4,7
unit,2258,8,3,8,3,9
unit,2259,10,4,10,4,9
unit,2260,9,4,9,4,7
unit,2261,10,4,10,4,7
unit,2262,10,4,10,4,9
unit,2263,11,4,11,4,9
unit,2264,8,3,8,3,7
unit,2265,10,4,10,4,9
unit,2266,10,4,10,4,9
unit,2267,9,3,9,3,9
unit,2268,10,4,10,4,7
unit,2269,11,4,12,5,9
unit,2270,11,4,12,5,9
unit,2271,11,4,11,4,9
unit,2272,7,3,7,3,7
unit,2273,9,4,9,4,7
unit,2274,9,4,9,4,7
unit,2275,10,4,10,4,7
unit,2276,8,3,8,3,9
unit,2277,10,4,10,4,9
unit,2278,10,4,10,4,9
unit,2279,11,4,11,4,9
unit,2280,8,3,8,3,7
unit,2281,10,4,10,4,9
unit,2282,10,4,10,4,7
unit,2283,11,4,12,5,9
unit,2284,10,4,10,4,9
unit,2285,9,3,9,3,9
unit,2286,11,4,12,5,9
unit,2287,11,4,11,4,9
unit,2288,8,3,8,3,7
unit,2289,10,4,10,4,7
unit,2290,10,4,10,4,9
unit,2291,11,4,12,5,9
unit,2292,10,4,10,4,9
unit,2293,11,4,12,5,9
unit,2294,9,3,9,3,9
unit,2295,11,4,11,4,9
unit,2296,9,3,9,3,7
unit,2297,11,4,11,4,9
unit,2298,11,4,11,4,9
unit,2299,11,4,11,4,9
unit,2300,11,4,11,4,9
unit,2301,11,4,11,4,9
unit,2302,11,4,11,4,9
unit,2303,10,3,10,3,9
unit,2304,3,1,3,1,9
unit,2305,5,2,5,2,9
unit,2306,5,2,5,2,9
unit,2307,6,2,6,2,9
unit,2308,5,2,5,2,9
unit,2309,6,2,6,2,9
unit,2310,6,2,6,2,9
unit,2311,7,2,7,2,9
unit,2312,5,2,5,2,9
unit,2313,6,2,6,2,11
unit,2314,7,3,7,3,9
unit,2315,8,3,8,3,11
unit,2316,7,3,7,3,9
unit,2317,8,3,8,3,11
unit,2318,8,3,8,3,9
unit,2319,9,3,9,3,11
unit,2320,5,2,5,2,9
unit,2321,7,3,7,3,9
unit,2322,6,2,6,2,11
unit,2323,8,3,8,3,11
unit,2324,7,3,7,3,9
unit,2325,8,3,8,3,9
unit,2326,8,3,8,3,11
unit,2327,9,3,9,3,11
unit,2328,6,2,6,2,9
unit,2329,8,3,8,3,11
unit,2330,8,3,8,3,11
unit,2331,7,2,7,2,11
unit,2332,8,3,8,3,9
unit,2333,9,3,10,4,11
unit,2334,9,3,10,4,11
unit,2335,9,3,9,3,11
unit,2336,5,2,5,2,9
unit,2337,7,3,7,3,9
unit,2338,7,3,7,3,9
unit,2339,8,3,8,3,9
unit,2340,5,1,5,1,13
unit,2341,7,2,7,2,13
unit,2342,7,2,7,2,13
unit,2343,8,2,8,2,13
unit,2344,6,2,6,2,9
unit,2345,8,3,8,3,11
unit,2346,8,3,8,3,9
unit,2347,9,3,10,4,11
unit,2348,7,2,7,2,13
unit,2349,7,2,8,2,15
unit,2350,9,3,9,3,13
unit,2351,9,3,10,3,15
unit,2352,6,2,6,2,9
unit,2353,8,3,8,3,9
unit,2354,8,3,8,3,11
unit,2355,9,3,10,4,11
unit,2356,7,2,7,2,13
unit,2357,9,3,9,3,13
unit,2358,7,2,8,2,15
unit,2359,9,3,10,3,15
unit,2360,7,2,7,2,9
unit,2361,9,3,9,3,11
unit,2362,9,3,9,3,11
unit,2363,9,3,9,3,11
unit,2364,8,2,8,2,13
unit,2365,9,3,10,3,15
unit,2366,9,3,10,3,15
unit,2367,8,2,9,2,15
unit,2368,5,2,5,2,9
unit,2369,7,3,7,3,9
unit,2370,7,3,7,3,9
unit,2371,8,3,8,3,9
unit,2372,7,3,7,3,9
unit,2373,8,3,8,3,9
unit,2374,8,3,8,3,9
unit,2375,9,3,9,3,9
unit,2376,7,3,7,3,9
unit,2377,8,3,8,3,11
unit,2378,9,4,9,4,9
unit,2379,10,4,10,4,11
unit,2380,9,4,9,4,9
unit,2381,10,4,10,4,11
unit,2382,10,4,10,4,9
unit,2383,11,4,11,4,11
unit,2384,7,3,7,3,9
unit,2385,9,4,9,4,9
unit,2386,8,3,8,3,11
unit,2387,10,4,10,4,11
unit,2388,9,4,9,4,9
unit,2389,10,4,10,4,9
unit,2390,10,4,10,4,11
unit,2391,11,4,11,4,11
unit,2392,8,3,8,3,9
unit,2393,10,4,10,4,11
unit,2394,10,4,10,4,11
unit,2395,9,3,9,3,11
unit,2396,10,4,10,4,9
unit,2397,11,4,12,5,11
unit,2398,11,4,12,5,11
unit,2399,11,4,11,4,11
unit,2400,7,3,7,3,9
unit,2401,9,4,9,4,9
unit,2402,9,4,9,4,9
unit,2403,10,4,10,4,9
unit,2404,7,2,7,2,13
unit,2405,9,3,9,3,13
unit,2406,9,3,9,3,13
unit,2407,10,3,10,3,13
unit,2408,8,3,8,3,9
unit,2409,10,4,10,4,11
unit,2410,10,4,10,4,9
unit,2411,11,4,12,5,11
unit,2412,9,3,9,3,13
unit,2413,9,3,10,3,15
unit,2414,11,4,11,4,13
unit,2415,11,4,12,4,15
unit,2416,8,3,8,3,9
unit,2417,10,4,10,4,9
unit,2418,10,4,10,4,11
unit,2419,11,4,12,5,11
unit,2420,9,3,9,3,13
unit,2421,11,4,11,4,13
unit,2422,9,3,10,3,15
unit,2423,11,4,12,4,15
unit,2424,9,3,9,3,9
unit,2425,11,4,11,4,11
unit,2426,11,4,11,4,11
unit,2427,11,4,11,4,11
unit,2428,10,3,10,3,13
unit,2429,11,4,12,4,15
unit,2430,11,4,12,4,15
unit,2431,10,3,11,3,15
unit,2432,5,2,5,2,9
unit,2433,7,3,7,3,9
unit,2434,7,3,7,3,9
unit,2435,8,3,8,3,9
unit,2436,7,3,7,3,9
unit,2437,8,3,8,3,9
unit,2438,8,3,8,3,9
unit,2439,9,3,9,3,9
unit,2440,7,3,7,3,9
unit,2441,8,3,8,3,11
unit,2442,9,4,9,4,9
unit,2443,10,4,10,4,11
unit,2444,9,4,9,4,9
unit,2445,10,4,10,4,11
unit,2446,10,4,10,4,9
unit,2447,11,4,11,4,11
unit,2448,7,3,7,3,9
unit,2449,9,4,9,4,9
unit,2450,8,3,8,3,11
unit,2451,10,4,10,4,11
unit,2452,9,4,9,4,9
unit,2453,10,4,10,4,9
unit,2454,10,4,10,4,11
unit,2455,11,4,11,4,11
unit,2456,8,3,8,3,9
unit,2457,10,4,10,4,11
unit,2458,10,4,10,4,11
unit,2459,9,3,9,3,11
unit,2460,10,4,10,4,9
unit,2461,11,4,12,5,11
unit,2462,11,4,12,5,11
unit,2463,11,4,11,4,11
unit,2464,7,3,7,3,9
unit,2465,9,4,9,4,9
unit,2466,9,4,9,4,9
unit,2467,10,4,10,4,9
unit,2468,7,2,7,2,13
unit,2469,9,3,9,3,13
unit,2470,9,3,9,3,13
unit,2471,10,3,10,3,13
unit,2472,8,3,8,3,9
unit,2473,10,4,10,4,11
unit,2474,10,4,10,4,9
unit,2475,11,4,12,5,11
unit,2476,9,3,9,3,13
unit,2477,9,3,10,3,15
unit,2478,11,4,11,4,13
unit,2479,11,4,12,4,15
unit,2480,8,3,8,3,9
unit,2481,10,4,10,4,9
unit,2482,10,4,10,4,11
unit,2483,11,4,12,5,11
unit,2484,9,3,9,3,13
unit,2485,11,4,11,4,13
unit,2486,9,3,10,3,15
unit,2487,11,4,12,4,15
unit,2488,9,3,9,3,9
unit,2489,11,4,11,4,11
unit,2490,11,4,11,4,11
unit,2491,11,4,11,4,11
unit,2492,10,3,10,3,13
unit,2493,11,4,12,4,15
unit,2494,11,4,12,4,15
unit,2495,10,3,11,3,15
unit,2496,6,2,6,2,9
unit,2497,8,3,8,3,9
unit,2498,8,3,8,3,9
unit,2499,9,3,9,3,9
unit,2500,8,3,8,3,9
unit,2501,9,3,9,3,9
unit,2502,9,3,9,3,9
unit,2503,10,3,10,3,9
unit,2504,8,3,8,3,9
unit,2505,9,3,9,3,11
unit,2506,10,4,10,4,9
unit,2507,11,4,11,4,11
unit,2508,10,4,10,4,9
unit,2509,11,4,11,4,11
unit,2510,11,4,11,4,9
unit,2511,12,4,12,4,11
unit,2512,8,3,8,3,9
unit,2513,10,4,10,4,9
unit,2514,9,3,9,3,11
unit,2515,11,4,11,4,11
unit,2516,10,4,10,4,9
unit,2517,11,4,11,4,9
unit,2518,11,4,11,4,11
unit,2519,12,4,12,4,11
unit,2520,9,3,9,3,9
unit,2521,11,4,11,4,11
unit,2522,11,4,11,4,11
unit,2523,10,3,10,3,11
unit,2524,11,4,11,4,9
unit,2525,12,4,13,5,11
unit,2526,12,4,13,5,11
unit,2527,12,4,12,4,11
unit,2528,8,3,8,3,9
unit,2529,10,4,10,4,9
unit,2530,10,4,10,4,9
unit,2531,11,4,11,4,9
unit,2532,8,2,8,2,13
unit,2533,10,3,10,3,13
unit,2534,10,3,10,3,13
unit,2535,11,3,11,3,13
unit,2536,9,3,9,3,9
unit,2537,11,4,11,4,11
unit,2538,11,4,11,4,9
unit,2539,12,4,13,5,11
unit,2540,10,3,10,3,13
unit,2541,10,3,11,3,15
unit,2542,12,4,12,4,13
unit,2543,12,4,13,4,15
unit,2544,9,3,9,3,9
unit,2545,11,4,11,4,9
unit,2546,11,4,11,4,11
unit,2547,12,4,13,5,11
unit,2548,10,3,10,3,13
unit,2549,12,4,12,4,13
unit,2550,10,3,11,3,15
unit,2551,12,4,13,4,15
unit,2552,10,3,10,3,9
unit,2553,12,4,12,4,11
unit,2554,12,4,12,4,11
unit,2555,12,4,12,4,11
unit,2556,11,3,11,3,13
unit,2557,12,4,13,4,15
unit,2558,12,4,13,4,15
unit,2559,11,3,12,3,15
unit,2560,3,1,3,1,7
unit,2561,5,2,5,2,7
unit,2562,5,2,5,2,7
unit,2563,6,2,6,2,7
unit,2564,5,2,5,2,7
unit,2565,6,2,6,2,7
unit,2566,6,2,6,2,7
unit,2567,7,2,7,2,7
unit,2568,5,2,5,2,7
unit,2569,6,2,6,2,9
unit,2570,7,3,7,3,7
unit,2571,8,3,8,3,9
unit,2572,7,3,7,3,7
unit,2573,8,3,8,3,9
unit,2574,8,3,8,3,7
unit,2575,9,3,9,3,9
unit,2576,5,2,5,2,7
unit,2577,7,3,7,3,7
unit,2578,6,2,6,2,9
unit,2579,8,3,8,3,9
unit,2580,7,3,7,3,7
unit,2581,8,3,8,3,7
unit,2582,8,3,8,3,9
unit,2583,9,3,9,3,9
unit,2584,6,2,6,2,7
unit,2585,8,3,8,3,9
unit,2586,8,3,8,3,9
unit,2587,7,2,7,2,9
unit,2588,8,3,8,3,7
unit,2589,9,3,10,4,9
unit,2590,9,3,10,4,9
unit,2591,9,3,9,3,9
unit,2592,5,2,5,2,7
unit,2593,7,3,7,3,7
unit,2594,7,3,7,3,7
unit,2595,8,3,8,3,7
unit,2596,6,2,6,2,9
unit,2597,8,3,8,3,9
unit,2598,8,3,8,3,9
unit,2599,9,3,9,3,9
unit,2600,6,2,6,2,7
unit,2601,8,3,8,3,9
unit,2602,8,3,8,3,7
unit,2603,9,3,10,4,9
unit,2604,8,3,8,3,9
unit,2605,7,2,7,2,9
unit,2606,9,3,10,4,9
unit,2607,9,3,9,3,9
unit,2608,6,2,6,2,7
unit,2609,8,3,8,3,7
unit,2610,8,3,8,3,9
unit,2611,9,3,10,4,9
unit,2612,8,3,8,3,9
unit,2613,9,3,10,4,9
unit,2614,7,2,7,2,9
unit,2615,9,3,9,3,9
unit,2616,7,2,7,2,7
unit,2617,9,3,9,3,9
unit,2618,9,3,9,3,9
unit,2619,9,3,9,3,9
unit,2620,9,3,9,3,9
unit,2621,9,3,9,3,9
unit,2622,9,3,9,3,9
unit,2623,8,2,8,2,9
unit,2624,5,2,5,2,9
unit,2625,7,3,7,3,9
unit,2626,7,3,7,3,9
unit,2627,8,3,8,3,9
unit,2628,7,3,7,3,9
unit,2629,8,3,8,3,9
unit,2630,8,3,8,3,9
unit,2631,9,3,9,3,9
unit,2632,7,3,7,3,9
unit,2633,7,2,7,2,13
unit,2634,9,4,9,4,9
unit,2635,9,3,9,3,13
unit,2636,9,4,9,4,9
unit,2637,9,3,9,3,13
unit,2638,10,4,10,4,9
unit,2639,10,3,10,3,13
unit,2640,7,3,7,3,9
unit,2641,9,4,9,4,9
unit,2642,8,3,8,3,11
unit,2643,10,4,10,4,11
unit,2644,9,4,9,4,9
unit,2645,10,4,10,4,9
unit,2646,10,4,10,4,11
unit,2647,11,4,11,4,11
unit,2648,8,3,8,3,9
unit,2649,9,3,9,3,13
unit,2650,10,4,10,4,11
unit,2651,9,3,10,3,15
unit,2652,10,4,10,4,9
unit,2653,11,4,11,4,13
unit,2654,11,4,12,5,11
unit,2655,11,4,12,4,15
unit,2656,7,3,7,3,9
unit,2657,9,4,9,4,9
unit,2658,9,4,9,4,9
unit,2659,10,4,10,4,9
unit,2660,8,3,8,3,11
unit,2661,10,4,10,4,11
unit,2662,10,4,10,4,11
unit,2663,11,4,11,4,11
unit,2664,8,3,8,3,9
unit,2665,9,3,9,3,13
unit,2666,10,4,10,4,9
unit,2667,11,4,11,4,13
unit,2668,10,4,10,4,11
unit,2669,9,3,10,3,15
unit,2670,11,4,12,5,11
unit,2671,11,4,12,4,15
unit,2672,8,3,8,3,9
unit,2673,10,4,10,4,9
unit,2674,10,4,10,4,11
unit,2675,11,4,12,5,11
unit,2676,10,4,10,4,11
unit,2677,11,4,12,5,11
unit,2678,9,3,9,3,11
unit,2679,11,4,11,4,11
unit,2680,9,3,9,3,9
unit,2681,10,3,10,3,13
unit,2682,11,4,11,4,11
unit,2683,11,4,12,4,15
unit,2684,11,4,11,4,11
unit,2685,11,4,12,4,15
unit,2686,11,4,11,4,11
unit,2687,10,3,11,3,15
unit,2688,5,2,5,2,7
unit,2689,7,3,7,3,7
unit,2690,7,3,7,3,7
unit,2691,8,3,8,3,7
unit,2692,7,3,7,3,7
unit,2693,8,3,8,3,7
unit,2694,8,3,8,3,7
unit,2695,9,3,9,3,7
unit,2696,7,3,7,3,7
unit,2697,8,3,8,3,9
unit,2698,9,4,9,4,7
unit,2699,10,4,10,4,9
unit,2700,9,4,9,4,7
unit,2701,10,4,10,4,9
unit,2702,10,4,10,4,7
unit,2703,11,4,11,4,9
unit,2704,7,3,7,3,7
unit,2705,9,4,9,4,7
unit,2706,8,3,8,3,9
unit,2707,10,4,10,4,9
unit,2708,9,4,9,4,7
unit,2709,10,4,10,4,7
unit,2710,10,4,10,4,9
unit,2711,11,4,11,4,9
unit,2712,8,3,8,3,7
unit,2713,10,4,10,4,9
unit,2714,10,4,10,4,9
unit,2715,9,3,9,3,9
unit,2716,10,4,10,4,7
unit,2717,11,4,12,5,9
unit,2718,11,4,12,5,9
unit,2719,11,4,11,4,9
unit,2720,7,3,7,3,7
unit,2721,9,4,9,4,7
unit,2722,9,4,9,4,7
unit,2723,10,4,10,4,7
unit,2724,8,3,8,3,9
unit,2725,10,4,10,4,9
unit,2726,10,4,10,4,9
unit,2727,11,4,11,4,9
unit,2728,8,3,8,3,7
unit,2729,10,4,10,4,9
unit,2730,10,4,10,4,7
unit,2731,11,4,12,5,9
unit,2732,10,4,10,4,9
unit,2733,9,3,9,3,9
unit,2734,11,4,12,5,9
unit,2735,11,4,11,4,9
unit,2736,8,3,8,3,7
unit,2737,10,4,10,4,7
unit,2738,10,4,10,4,9
unit,2739,11,4,12,5,9
unit,2740,10,4,10,4,9
unit,2741,11,4,12,5,9
unit,2742,9,3,9,3,9
unit,2743,11,4,11,4,9
unit,2744,9,3,9,3,7
unit,2745,11,4,11,4,9
unit,2746,11,4,11,4,9
unit,2747,11,4,11,4,9
unit,2748,11,4,11,4,9
unit,2749,11,4,11,4,9
unit,2750,11,4,11,4,9
unit,2751,10,3,10,3,9
unit,2752,6,2,7,3,9
unit,2753,8,3,9,4,9
unit,2754,8,3,9,4,9
unit,2755,9,3,10,4,9
unit,2756,8,3,9,4,9
unit,2757,9,3,10,4,9
unit,2758,9,3,10,4,9
unit,2759,10,3,11,4,9
unit,2760,8,3,9,4,9
unit,2761,9,3,9,3,13
unit,2762,10,4,11,5,9
unit,2763,11,4,11,4,13
unit,2764,10,4,11,5,9
unit,2765,11,4,11,4,13
unit,2766,11,4,12,5,9
unit,2767,12,4,12,4,13
unit,2768,8,3,9,4,9
unit,2769,10,4,11,5,9
unit,2770,9,3,10,4,11
unit,2771,11,4,12,5,11
unit,2772,10,4,11,5,9
unit,2773,11,4,12,5,9
unit,2774,11,4,12,5,11
unit,2775,12,4,13,5,11
unit,2776,9,3,10,4,9
unit,2777,11,4,11,4,13
unit,2778,11,4,12,5,11
unit,2779,10,3,12,4,15
unit,2780,11,4,12,5,9
unit,2781,12,4,13,5,13
unit,2782,12,4,14,6,11
unit,2783,12,4,14,5,15
unit,2784,8,3,9,4,9
unit,2785,10,4,11,5,9
unit,2786,10,4,11,5,9
unit,2787,11,4,12,5,9
unit,2788,9,3,10,4,11
unit,2789,11,4,12,5,11
unit,2790,11,4,12,5,11
unit,2791,12,4,13,5,11
unit,2792,9,3,10,4,9
unit,2793,11,4,11,4,13
unit,2794,11,4,12,5,9
unit,2795,12,4,13,5,13
unit,2796,11,4,12,5,11
unit,2797,10,3,12,4,15
unit,2798,12,4,14,6,11
unit,2799,12,4,14,5,15
unit,2800,9,3,10,4,9
unit,2801,11,4,12,5,9
unit,2802,11,4,12,5,11
unit,2803,12,4,14,6,11
unit,2804,11,4,12,5,11
unit,2805,12,4,14,6,11
unit,2806,10,3,11,4,11
unit,2807,12,4,13,5,11
unit,2808,10,3,11,4,9
unit,2809,12,4,12,4,13
unit,2810,12,4,13,5,11
unit,2811,12,4,14,5,15
unit,2812,12,4,13,5,11
unit,2813,12,4,14,5,15
unit,2814,12,4,13,5,11
unit,2815,11,3,13,4,15
unit,2816,5,2,5,2,9
unit,2817,7,3,7,3,9
unit,2818,7,3,7,3,9
unit,2819,8,3,8,3,9
unit,2820,7,3,7,3,9
unit,2821,8,3,8,3,9
unit,2822,8,3,8,3,9
unit,2823,9,3,9,3,9
unit,2824,7,3,7,3,9
unit,2825,8,3,8,3,11
unit,2826,9,4,9,4,9
unit,2827,10,4,10,4,11
unit,2828,9,4,9,4,9
unit,2829,10,4,10,4,11
unit,2830,10,4,10,4,9
unit,2831,11,4,11,4,11
unit,2832,7,3,7,3,9
unit,2833,9,4,9,4,9
unit,2834,8,3,8,3,11
unit,2835,10,4,10,4,11
unit,2836,9,4,9,4,9
unit,2837,10,4,10,4,9
unit,2838,10,4,10,4,11
unit,2839,11,4,11,4,11
unit,2840,8,3,8,3,9
unit,2841,10,4,10,4,11
unit,2842,10,4,10,4,11
unit,2843,9,3,9,3,11
unit,2844,10,4,10,4,9
unit,2845,11,4,12,5,11
unit,2846,11,4,12,5,11
unit,2847,11,4,11,4,11
unit,2848,7,3,7,3,9
unit,2849,9,4,9,4,9
unit,2850,9,4,9,4,9
unit,2851,10,4,10,4,9
unit,2852,7,2,7,2,13
unit,2853,9,3,9,3,13
unit,2854,9,3,9,3,13
unit,2855,10,3,10,3,13
unit,2856,8,3,8,3,9
unit,2857,10,4,10,4,11
unit,2858,10,4,10,4,9
unit,2859,11,4,12,5,11
unit,2860,9,3,9,3,13
unit,2861,9,3,10,3,15
unit,2862,11,4,11,4,13
unit,2863,11,4,12,4,15
unit,2864,8,3,8,3,9
unit,2865,10,4,10,4,9
unit,2866,10,4,10,4,11
unit,2867,11,4,12,5,11
unit,2868,9,3,9,3,13
unit,2869,11,4,11,4,13
unit,2870,9,3,10,3,15
unit,2871,11,4,12,4,15
unit,2872,9,3,9,3,9
unit,2873,11,4,11,4,11
unit,2874,11,4,11,4,11
unit,2875,11,4,11,4,11
unit,2876,10,3,10,3,13
unit,2877,11,4,12,4,15
unit,2878,11,4,12,4,15
unit,2879,10,3,11,3,15
unit,2880,4,1,4,1,9
unit,2881,6,2,6,2,9
unit,2882,6,2,6,2,9
unit,2883,7,2,7,2,9
unit,2884,6,2,6,2,9
unit,2885,7,2,7,2,9
unit,2886,7,2,7,2,9
unit,2887,8,2,8,2,9
unit,2888,6,2,6,2,9
unit,2889,7,2,8,2,15
unit,2890,8,3,8,3,9
unit,2891,9,3,10,3,15
unit,2892,8,3,8,3,9
unit,2893,9,3,10,3,15
unit,2894,9,3,9,3,9
unit,2895,10,3,11,3,15
unit,2896,6,2,6,2,9
unit,2897,8,3,8,3,9
unit,2898,7,2,7,2,11
unit,2899,9,3,9,3,11
unit,2900,8,3,8,3,9
unit,2901,9,3,9,3,9
unit,2902,9,3,9,3,11
unit,2903,10,3,10,3,11
unit,2904,7,2,7,2,9
unit,2905,9,3,10,3,15
unit,2906,9,3,9,3,11
unit,2907,8,2,11,3,17
unit,2908,9,3,9,3,9
unit,2909,10,3,12,4,15
unit,2910,10,3,11,4,11
unit,2911,10,3,13,4,17
unit,2912,6,2,6,2,9
unit,2913,8,3,8,3,9
unit,2914,8,3,8,3,9
unit,2915,9,3,9,3,9
unit,2916,7,2,8,2,15
unit,2917,9,3,10,3,15
unit,2918,9,3,10,3,15
unit,2919,10,3,11,3,15
unit,2920,7,2,7,2,9
unit,2921,9,3,10,3,15
unit,2922,9,3,9,3,9
unit,2923,10,3,12,4,15
unit,2924,9,3,10,3,15
unit,2925,6,1,6,1,13
unit,2926,10,3,12,4,15
unit,2927,8,2,8,2,13
unit,2928,7,2,7,2,9
unit,2929,9,3,9,3,9
unit,2930,9,3,9,3,11
unit,2931,10,3,11,4,11
unit,2932,9,3,10,3,15
unit,2933,10,3,12,4,15
unit,2934,8,2,11,3,17
unit,2935,10,3,13,4,17
unit,2936,8,2,8,2,9
unit,2937,10,3,11,3,15
unit,2938,10,3,10,3,11
unit,2939,10,3,13,4,17
unit,2940,10,3,11,3,15
unit,2941,8,2,8,2,13
unit,2942,10,3,13,4,17
unit,2943,9,2,9,2,15
unit,2944,6,2,7,3,9
unit,2945,8,3,9,4,9
unit,2946,8,3,9,4,9
unit,2947,9,3,10,4,9
unit,2948,8,3,9,4,9
unit,2949,9,3,10,4,9
unit,2950,9,3,10,4,9
unit,2951,10,3,11,4,9
unit,2952,8,3,9,4,9
unit,2953,9,3,10,4,11
unit,2954,10,4,11,5,9
unit,2955,11,4,12,5,11
unit,2956,10,4,11,5,9
unit,2957,11,4,12,5,11
unit,2958,11,4,12,5,9
unit,2959,12,4,13,5,11
unit,2960,8,3,9,4,9
unit,2961,10,4,11,5,9
unit,2962,9,3,10,4,11
unit,2963,11,4,12,5,11
unit,2964,10,4,11,5,9
unit,2965,11,4,12,5,9
unit,2966,11,4,12,5,11
unit,2967,12,4,13,5,11
unit,2968,9,3,10,4,9
unit,2969,11,4,12,5,11
unit,2970,11,4,12,5,11
unit,2971,10,3,11,4,11
unit,2972,11,4,12,5,9
unit,2973,12,4,14,6,11
unit,2974,12,4,14,6,11
unit,2975,12,4,13,5,11
unit,2976,8,3,9,4,9
unit,2977,10,4,11,5,9
unit,2978,10,4,11,5,9
unit,2979,11,4,12,5,9
unit,2980,9,3,9,3,13
unit,2981,11,4,11,4,13
unit,2982,11,4,11,4,13
unit,2983,12,4,12,4,13
unit,2984,9,3,10,4,9
unit,2985,11,4,12,5,11
unit,2986,11,4,12,5,9
unit,2987,12,4,14,6,11
unit,2988,11,4,11,4,13
unit,2989,10,3,12,4,15
unit,2990,12,4,13,5,13
unit,2991,12,4,14,5,15
unit,2992,9,3,10,4,9
unit,2993,11,4,12,5,9
unit,2994,11,4,12,5,11
unit,2995,12,4,14,6,11
unit,2996,11,4,11,4,13
unit,2997,12,4,13,5,13
unit,2998,10,3,12,4,15
unit,2999,12,4,14,5,15
unit,3000,10,3,11,4,9
unit,3001,12,4,13,5,11
unit,3002,12,4,13,5,11
unit,3003,12,4,13,5,11
unit,3004,12,4,12,4,13
unit,3005,12,4,14,5,15
unit,3006,12,4,14,5,15
unit,3007,11,3,13,4,15
unit,3008,6,2,6,2,9
unit,3009,8,3,8,3,9
unit,3010,8,3,8,3,9
unit,3011,9,3,9,3,9
unit,3012,8,3,8,3,9
unit,3013,9,3,9,3,9
unit,3014,9,3,9,3,9
unit,3015,10,3,10,3,9
unit,3016,8,3,8,3,9
unit,3017,9,3,10,3,15
unit,3018,10,4,10,4,9
unit,3019,11,4,12,4,15
unit,3020,10,4,10,4,9
unit,3021,11,4,12,4,15
unit,3022,11,4,11,4,9
unit,3023,12,4,13,4,15
unit,3024,8,3,8,3,9
unit,3025,10,4,10,4,9
unit,3026,9,3,9,3,11
unit,3027,11,4,11,4,11
unit,3028,10,4,10,4,9
unit,3029,11,4,11,4,9
unit,3030,11,4,11,4,11
unit,3031,12,4,12,4,11
unit,3032,9,3,9,3,9
unit,3033,11,4,12,4,15
unit,3034,11,4,11,4,11
unit,3035,10,3,13,4,17
unit,3036,11,4,11,4,9
unit,3037,12,4,14,5,15
unit,3038,12,4,13,5,11
unit,3039,12,4,15,5,17
unit,3040,8,3,8,3,9
unit,3041,10,4,10,4,9
unit,3042,10,4,10,4,9
unit,3043,11,4,11,4,9
unit,3044,9,3,10,3,15
unit,3045,11,4,12,4,15
unit,3046,11,4,12,4,15
unit,3047,12,4,13,4,15
unit,3048,9,3,9,3,9
unit,3049,11,4,12,4,15
unit,3050,11,4,11,4,9
unit,3051,12,4,14,5,15
unit,3052,11,4,12,4,15
unit,3053,8,2,8,2,13
unit,3054,12,4,14,5,15
unit,3055,10,3,10,3,13
unit,3056,9,3,9,3,9
unit,3057,11,4,11,4,9
unit,3058,11,4,11,4,11
unit,3059,12,4,13,5,11
unit,3060,11,4,12,4,15
unit,3061,12,4,14,5,15
unit,3062,10,3,13,4,17
unit,3063,12,4,15,5,17
unit,3064,10,3,10,3,9
unit,3065,12,4,13,4,15
unit,3066,12,4,12,4,11
unit,3067,12,4,15,5,17
unit,3068,12,4,13,4,15
unit,3069,10,3,10,3,13
unit,3070,12,4,15,5,17
unit,3071,11,3,11,3,15
unit,3072,3,1,3,1,7
unit,3073,5,2,5,2,7
unit,3074,5,2,5,2,7
unit,3075,6,2,6,2,7
unit,3076,5,2,5,2,7
unit,3077,6,2,6,2,7
unit,3078,6,2,6,2,7
unit,3079,7,2,7,2,7
unit,3080,5,2,5,2,7
unit,3081,6,2,6,2,9
unit,3082,7,3,7,3,7
unit,3083,8,3,8,3,9
unit,3084,7,3,7,3,7
unit,3085,8,3,8,3,9
unit,3086,8,3,8,3,7
unit,3087,9,3,9,3,9
unit,3088,5,2,5,2,7
unit,3089,7,3,7,3,7
unit,3090,6,2,6,2,9
unit,3091,8,3,8,3,9
unit,3092,7,3,7,3,7
unit,3093,8,3,8,3,7
unit,3094,8,3,8,3,9
unit,3095,9,3,9,3,9
unit,3096,6,2,6,2,7
unit,3097,8,3,8,3,9
unit,3098,8,3,8,3,9
unit,3099,7,2,7,2,9
unit,3100,8,3,8,3,7
unit,3101,9,3,10,4,9
unit,3102,9,3,10,4,9
unit,3103,9,3,9,3,9
unit,3104,5,2,5,2,7
unit,3105,7,3,7,3,7
unit,3106,7,3,7,3,7
unit,3107,8,3,8,3,7
unit,3108,6,2,6,2,9
unit,3109,8,3,8,3,9
unit,3110,8,3,8,3,9
unit,3111,9,3,9,3,9
unit,3112,6,2,6,2,7
unit,3113,8,3,8,3,9
unit,3114,8,3,8,3,7
unit,3115,9,3,10,4,9
unit,3116,8,3,8,3,9
unit,3117,7,2,7,2,9
unit,3118,9,3,10,4,9
unit,3119,9,3,9,3,9
unit,3120,6,2,6,2,7
unit,3121,8,3,8,3,7
unit,3122,8,3,8,3,9
unit,3123,9,3,10,4,9
unit,3124,8,3,8,3,9
unit,3125,9,3,10,4,9
unit,3126,7,2,7,2,9
unit,3127,9,3,9,3,9
unit,3128,7,2,7,2,7
unit,3129,9,3,9,3,9
unit,3130,9,3,9,3,9
unit,3131,9,3,9,3,9
unit,3132,9,3,9,3,9
unit,3133,9,3,9,3,9
unit,3134,9,3,9,3,9
unit,3135,8,2,8,2,9
unit,3136,5,2,5,2,7
unit,3137,7,3,7,3,7
unit,3138,7,3,7,3,7
unit,3139,8,3,8,3,7
unit,3140,7,3,7,3,7
unit,3141,8,3,8,3,7
unit,3142,8,3,8,3,7
unit,3143,9,3,9,3,7
unit,3144,7,3,7,3,7
unit,3145,8,3,8,3,9
unit,3146,9,4,9,4,7
unit,3147,10,4,10,4,9
unit,3148,9,4,9,4,7
unit,3149,10,4,10,4,9
unit,3150,10,4,10,4,7
unit,3151,11,4,11,4,9
unit,3152,7,3,7,3,7
unit,3153,9,4,9,4,7
unit,3154,8,3,8,3,9
unit,3155,10,4,10,4,9
unit,3156,9,4,9,4,7
unit,3157,10,4,10,4,7
unit,3158,10,4,10,4,9
unit,3159,11,4,11,4,9
unit,3160,8,3,8,3,7
unit,3161,10,4,10,4,9
unit,3162,10,4,10,4,9
unit,3163,9,3,9,3,9
unit,3164,10,4,10,4,7
unit,3165,11,4,12,5,9
unit,3166,11,4,12,5,9
unit,3167,11,4,11,4,9
unit,3168,7,3,7,3,7
unit,3169,9,4,9,4,7
unit,3170,9,4,9,4,7
unit,3171,10,4,10,4,7
unit,3172,8,3,8,3,9
unit,3173,10,4,10,4,9
unit,3174,10,4,10,4,9
unit,3175,11,4,11,4,9
unit,3176,8,3,8,3,7
unit,3177,10,4,10,4,9
unit,3178,10,4,10,4,7
unit,3179,11,4,12,5,9
unit,3180,10,4,10,4,9
unit,3181,9,3,9,3,9
unit,3182,11,4,12,5,9
unit,3183,11,4,11,4,9
unit,3184,8,3,8,3,7
unit,3185,10,4,10,4,7
unit,3186,10,4,10,4,9
unit,3187,11,4,12,5,9
unit,3188,10,4,10,4,9
unit,3189,11,4,12,5,9
unit,3190,9,3,9,3,9
unit,3191,11,4,11,4,9
unit,3192,9,3,9,3,7
unit,3193,11,4,11,4,9
unit,3194,11,4,11,4,9
unit,3195,11,4,11,4,9
unit,3196,11,4,11,4,9
unit,3197,11,4,11,4,9
unit,3198,11,4,11,4,9
unit,3199,10,3,10,3,9
unit,3200,5,2,5,2,9
unit,3201,7,3,7,3,9
unit,3202,7,3,7,3,9
unit,3203,8,3,8,3,9
unit,3204,7,3,7,3,9
unit,3205,8,3,8,3,9
unit,3206,8,3,8,3,9
unit,3207,9,3,9,3,9
unit,3208,7,3,7,3,9
unit,3209,8,3,8,3,11
unit,3210,9,4,9,4,9
unit,3211,10,4,10,4,11
unit,3212,9,4,9,4,9
unit,3213,10,4,10,4,11
unit,3214,10,4,10,4,9
unit,3215,11,4,11,4,11
unit,3216,7,3,7,3,9
unit,3217,9,4,9,4,9
unit,3218,7,2,7,2,13
unit,3219,9,3,9,3,13
unit,3220,9,4,9,4,9
unit,3221,10,4,10,4,9
unit,3222,9,3,9,3,13
unit,3223,10,3,10,3,13
unit,3224,8,3,8,3,9
unit,3225,10,4,10,4,11
unit,3226,9,3,9,3,13
unit,3227,9,3,10,3,15
unit,3228,10,4,10,4,9
unit,3229,11,4,12,5,11
unit,3230,11,4,11,4,13
unit,3231,11,4,12,4,15
unit,3232,7,3,7,3,9
unit,3233,9,4,9,4,9
unit,3234,9,4,9,4,9
unit,3235,10,4,10,4,9
unit,3236,8,3,8,3,11
unit,3237,10,4,10,4,11
unit,3238,10,4,10,4,11
unit,3239,11,4,11,4,11
unit,3240,8,3,8,3,9
unit,3241,10,4,10,4,11
unit,3242,10,4,10,4,9
unit,3243,11,4,12,5,11
unit,3244,10,4,10,4,11
unit,3245,9,3,9,3,11
unit,3246,11,4,12,5,11
unit,3247,11,4,11,4,11
unit,3248,8,3,8,3,9
unit,3249,10,4,10,4,9
unit,3250,9,3,9,3,13
unit,3251,11,4,11,4,13
unit,3252,10,4,10,4,11
unit,3253,11,4,12,5,11
unit,3254,9,3,10,3,15
unit,3255,11,4,12,4,15
unit,3256,9,3,9,3,9
unit,3257,11,4,11,4,11
unit,3258,10,3,10,3,13
unit,3259,11,4,12,4,15
unit,3260,11,4,11,4,11
unit,3261,11,4,11,4,11
unit,3262,11,4,12,4,15
unit,3263,10,3,11,3,15
unit,3264,6,2,7,3,9
unit,3265,8,3,9,4,9
unit,3266,8,3,9,4,9
unit,3267,9,3,10,4,9
unit,3268,8,3,9,4,9
unit,3269,9,3,10,4,9
unit,3270,9,3,10,4,9
unit,3271,10,3,11,4,9
unit,3272,8,3,9,4,9
unit,3273,9,3,10,4,11
unit,3274,10,4,11,5,9
unit,3275,11,4,12,5,11
unit,3276,10,4,11,5,9
unit,3277,11,4,12,5,11
unit,3278,11,4,12,5,9
unit,3279,12,4,13,5,11
unit,3280,8,3,9,4,9
unit,3281,10,4,11,5,9
unit,3282,9,3,9,3,13
unit,3283,11,4,11,4,13
unit,3284,10,4,11,5,9
unit,3285,11,4,12,5,9
unit,3286,11,4,11,4,13
unit,3287,12,4,12,4,13
unit,3288,9,3,10,4,9
unit,3289,11,4,12,5,11
unit,3290,11,4,11,4,13
unit,3291,10,3,12,4,15
unit,3292,11,4,12,5,9
unit,3293,12,4,14,6,11
unit,3294,12,4,13,5,13
unit,3295,12,4,14,5,15
unit,3296,8,3,9,4,9
unit,3297,10,4,11,5,9
unit,3298,10,4,11,5,9
unit,3299,11,4,12,5,9
unit,3300,9,3,10,4,11
unit,3301,11,4,12,5,11
unit,3302,11,4,12,5,11
unit,3303,12,4,13,5,11
unit,3304,9,3,10,4,9
unit,3305,11,4,12,5,11
unit,3306,11,4,12,5,9
unit,3307,12,4,14,6,11
unit,3308,11,4,12,5,11
unit,3309,10,3,11,4,11
unit,3310,12,4,14,6,11
unit,3311,12,4,13,5,11
unit,3312,9,3,10,4,9
unit,3313,11,4,12,5,9
unit,3314,11,4,11,4,13
unit,3315,12,4,13,5,13
unit,3316,11,4,12,5,11
unit,3317,12,4,14,6,11
unit,3318,10,3,12,4,15
unit,3319,12,4,14,5,15
unit,3320,10,3,11,4,9
unit,3321,12,4,13,5,11
unit,3322,12,4,12,4,13
unit,3323,12,4,14,5,15
unit,3324,12,4,13,5,11
unit,3325,12,4,13,5,11
unit,3326,12,4,14,5,15
unit,3327,11,3,13,4,15
unit,3328,5,2,5,2,9
unit,3329,7,3,7,3,9
unit,3330,7,3,7,3,9
unit,3331,8,3,8,3,9
unit,3332,7,3,7,3,9
unit,3333,8,3,8,3,9
unit,3334,8,3,8,3,9
unit,3335,9,3,9,3,9
unit,3336,7,3,7,3,9
unit,3337,8,3,8,3,11
unit,3338,9,4,9,4,9
unit,3339,10,4,10,4,11
unit,3340,9,4,9,4,9
unit,3341,10,4,10,4,11
unit,3342,10,4,10,4,9
unit,3343,11,4,11,4,11
unit,3344,7,3,7,3,9
unit,3345,9,4,9,4,9
unit,3346,8,3,8,3,11
unit,3347,10,4,10,4,11
unit,3348,9,4,9,4,9
unit,3349,10,4,10,4,9
unit,3350,10,4,10,4,11
unit,3351,11,4,11,4,11
unit,3352,8,3,8,3,9
unit,3353,10,4,10,4,11
unit,3354,10,4,10,4,11
unit,3355,9,3,9,3,11
unit,3356,10,4,10,4,9
unit,3357,11,4,12,5,11
unit,3358,11,4,12,5,11
unit,3359,11,4,11,4,11
unit,3360,7,3,7,3,9
unit,3361,9,4,9,4,9
unit,3362,9,4,9,4,9
unit,3363,10,4,10,4,9
unit,3364,7,2,7,2,13
unit,3365,9,3,9,3,13
unit,3366,9,3,9,3,13
unit,3367,10,3,10,3,13
unit,3368,8,3,8,3,9
unit,3369,10,4,10,4,11
unit,3370,10,4,10,4,9
unit,3371,11,4,12,5,11
unit,3372,9,3,9,3,13
unit,3373,9,3,10,3,15
unit,3374,11,4,11,4,13
unit,3375,11,4,12,4,15
unit,3376,8,3,8,3,9
unit,3377,10,4,10,4,9
unit,3378,10,4,10,4,11
unit,3379,11,4,12,5,11
unit,3380,9,3,9,3,13
unit,3381,11,4,11,4,13
unit,3382,9,3,10,3,15
unit,3383,11,4,12,4,15
unit,3384,9,3,9,3,9
unit,3385,11,4,11,4,11
unit,3386,11,4,11,4,11
unit,3387,11,4,11,4,11
unit,3388,10,3,10,3,13
unit,3389,11,4,12,4,15
unit,3390,11,4,12,4,15
unit,3391,10,3,11,3,15
unit,3392,6,2,7,3,9
unit,3393,8,3,9,4,9
unit,3394,8,3,9,4,9
unit,3395,9,3,10,4,9
unit,3396,8,3,9,4,9
unit,3397,9,3,10,4,9
unit,3398,9,3,10,4,9
unit,3399,10,3,11,4,9
unit,3400,8,3,9,4,9
unit,3401,9,3,10,4,11
unit,3402,10,4,11,5,9
unit,3403,11,4,12,5,11
unit,3404,10,4,11,5,9
unit,3405,11,4,12,5,11
unit,3406,11,4,12,5,9
unit,3407,12,4,13,5,11
unit,3408,8,3,9,4,9
unit,3409,10,4,11,5,9
unit,3410,9,3,10,4,11
unit,3411,11,4,12,5,11
unit,3412,10,4,11,5,9
unit,3413,11,4,12,5,9
unit,3414,11,4,12,5,11
unit,3415,12,4,13,5,11
unit,3416,9,3,10,4,9
unit,3417,11,4,12,5,11
unit,3418,11,4,12,5,11
unit,3419,10,3,11,4,11
unit,3420,11,4,12,5,9
unit,3421,12,4,14,6,11
unit,3422,12,4,14,6,11
unit,3423,12,4,13,5,11
unit,3424,8,3,9,4,9
unit,3425,10,4,11,5,9
unit,3426,10,4,11,5,9
unit,3427,11,4,12,5,9
unit,3428,9,3,9,3,13
unit,3429,11,4,11,4,13
unit,3430,11,4,11,4,13
unit,3431,12,4,12,4,13
unit,3432,9,3,10,4,9
unit,3433,11,4,12,5,11
unit,3434,11,4,12,5,9
unit,3435,12,4,14,6,11
unit,3436,11,4,11,4,13
unit,3437,10,3,12,4,15
unit,3438,12,4,13,5,13
unit,3439,12,4,14,5,15
unit,3440,9,3,10,4,9
unit,3441,11,4,12,5,9
unit,3442,11,4,12,5,11
unit,3443,12,4,14,6,11
unit,3444,11,4,11,4,13
unit,3445,12,4,13,5,13
unit,3446,10,3,12,4,15
unit,3447,12,4,14,5,15
unit,3448,10,3,11,4,9
unit,3449,12,4,13,5,11
unit,3450,12,4,13,5,11
unit,3451,12,4,13,5,11
unit,3452,12,4,12,4,13
unit,3453,12,4,14,5,15
unit,3454,12,4,14,5,15
unit,3455,11,3,13,4,15
unit,3456,4,1,4,1,9
unit,3457,6,2,6,2,9
unit,3458,6,2,6,2,9
unit,3459,7,2,7,2,9
unit,3460,6,2,6,2,9
unit,3461,7,2,7,2,9
unit,3462,7,2,7,2,9
unit,3463,8,2,8,2,9
unit,3464,6,2,6,2,9
unit,3465,7,2,7,2,11
unit,3466,8,3,8,3,9
unit,3467,9,3,9,3,11
unit,3468,8,3,8,3,9
unit,3469,9,3,9,3,11
unit,3470,9,3,9,3,9
unit,3471,10,3,10,3,11
unit,3472,6,2,6,2,9
unit,3473,8,3,8,3,9
unit,3474,7,2,8,2,15
unit,3475,9,3,10,3,15
unit,3476,8,3,8,3,9
unit,3477,9,3,9,3,9
unit,3478,9,3,10,3,15
unit,3479,10,3,11,3,15
unit,3480,7,2,7,2,9
unit,3481,9,3,9,3,11
unit,3482,9,3,10,3,15
unit,3483,8,2,11,3,17
unit,3484,9,3,9,3,9
unit,3485,10,3,11,4,11
unit,3486,10,3,12,4,15
unit,3487,10,3,13,4,17
unit,3488,6,2,6,2,9
unit,3489,8,3,8,3,9
unit,3490,8,3,8,3,9
unit,3491,9,3,9,3,9
unit,3492,7,2,8,2,15
unit,3493,9,3,10,3,15
unit,3494,9,3,10,3,15
unit,3495,10,3,11,3,15
unit,3496,7,2,7,2,9
unit,3497,9,3,9,3,11
unit,3498,9,3,9,3,9
unit,3499,10,3,11,4,11
unit,3500,9,3,10,3,15
unit,3501,8,2,11,3,17
unit,3502,10,3,12,4,15
unit,3503,10,3,13,4,17
unit,3504,7,2,7,2,9
unit,3505,9,3,9,3,9
unit,3506,9,3,10,3,15
unit,3507,10,3,12,4,15
unit,3508,9,3,10,3,15
unit,3509,10,3,12,4,15
unit,3510,6,1,6,1,13
unit,3511,8,2,8,2,13
unit,3512,8,2,8,2,9
unit,3513,10,3,10,3,11
unit,3514,10,3,11,3,15
unit,3515,10,3,13,4,17
unit,3516,10,3,11,3,15
unit,3517,10,3,13,4,17
unit,3518,8,2,8,2,13
unit,3519,9,2,9,2,15
unit,3520,6,2,6,2,9
unit,3521,8,3,8,3,9
unit,3522,8,3,8,3,9
unit,3523,9,3,9,3,9
unit,3524,8,3,8,3,9
unit,3525,9,3,9,3,9
unit,3526,9,3,9,3,9
unit,3527,10,3,10,3,9
unit,3528,8,3,8,3,9
unit,3529,9,3,9,3,11
unit,3530,10,4,10,4,9
unit,3531,11,4,11,4,11
unit,3532,10,4,10,4,9
unit,3533,11,4,11,4,11
unit,3534,11,4,11,4,9
unit,3535,12,4,12,4,11
unit,3536,8,3,8,3,9
unit,3537,10,4,10,4,9
unit,3538,9,3,10,3,15
unit,3539,11,4,12,4,15
unit,3540,10,4,10,4,9
unit,3541,11,4,11,4,9
unit,3542,11,4,12,4,15
unit,3543,12,4,13,4,15
unit,3544,9,3,9,3,9
unit,3545,11,4,11,4,11
unit,3546,11,4,12,4,15
unit,3547,10,3,13,4,17
unit,3548,11,4,11,4,9
unit,3549,12,4,13,5,11
unit,3550,12,4,14,5,15
unit,3551,12,4,15,5,17
unit,3552,8,3,8,3,9
unit,3553,10,4,10,4,9
unit,3554,10,4,10,4,9
unit,3555,11,4,11,4,9
unit,3556,9,3,10,3,15
unit,3557,11,4,12,4,15
unit,3558,11,4,12,4,15
unit,3559,12,4,13,4,15
unit,3560,9,3,9,3,9
unit,3561,11,4,11,4,11
unit,3562,11,4,11,4,9
unit,3563,12,4,13,5,11
unit,3564,11,4,12,4,15
unit,3565,10,3,13,4,17
unit,3566,12,4,14,5,15
unit,3567,12,4,15,5,17
unit,3568,9,3,9,3,9
unit,3569,11,4,11,4,9
unit,3570,11,4,12,4,15
unit,3571,12,4,14,5,15
unit,3572,11,4,12,4,15
unit,3573,12,4,14,5,15
unit,3574,8,2,8,2,13
unit,3575,10,3,10,3,13
unit,3576,10,3,10,3,9
unit,3577,12,4,12,4,11
unit,3578,12,4,13,4,15
unit,3579,12,4,15,5,17
unit,3580,12,4,13,4,15
unit,3581,12,4,15,5,17
unit,3582,10,3,10,3,13
unit,3583,11,3,11,3,15
unit,3584,4,1,4,1,7
unit,3585,6,2,6,2,7
unit,3586,6,2,6,2,7
unit,3587,7,2,7,2,7
unit,3588,6,2,6,2,7
unit,3589,7,2,7,2,7
unit,3590,7,2,7,2,7
unit,3591,8,2,8,2,7
unit,3592,6,2,6,2,7
unit,3593,7,2,7,2,9
unit,3594,8,3,8,3,7
unit,3595,9,3,9,3,9
unit,3596,8,3,8,3,7
unit,3597,9,3,9,3,9
unit,3598,9,3,9,3,7
unit,3599,10,3,10,3,9
unit,3600,6,2,6,2,7
unit,3601,8,3,8,3,7
unit,3602,7,2,7,2,9
unit,3603,9,3,9,3,9
unit,3604,8,3,8,3,7
unit,3605,9,3,9,3,7
unit,3606,9,3,9,3,9
unit,3607,10,3,10,3,9
unit,3608,7,2,7,2,7
unit,3609,9,3,9,3,9
unit,3610,9,3,9,3,9
unit,3611,8,2,8,2,9
unit,3612,9,3,9,3,7
unit,3613,10,3,11,4,9
unit,3614,10,3,11,4,9
unit,3615,10,3,10,3,9
unit,3616,6,2,6,2,7
unit,3617,8,3,8,3,7
unit,3618,8,3,8,3,7
unit,3619,9,3,9,3,7
unit,3620,7,2,7,2,9
unit,3621,9,3,9,3,9
unit,3622,9,3,9,3,9
unit,3623,10,3,10,3,9
unit,3624,7,2,7,2,7
unit,3625,9,3,9,3,9
unit,3626,9,3,9,3,7
unit,3627,10,3,11,4,9
unit,3628,9,3,9,3,9
unit,3629,8,2,8,2,9
unit,3630,10,3,11,4,9
unit,3631,10,3,10,3,9
unit,3632,7,2,7,2,7
unit,3633,9,3,9,3,7
unit,3634,9,3,9,3,9
unit,3635,10,3,11,4,9
unit,3636,9,3,9,3,9
unit,3637,10,3,11,4,9
unit,3638,8,2,8,2,9
unit,3639,10,3,10,3,9
unit,3640,8,2,8,2,7
unit,3641,10,3,10,3,9
unit,3642,10,3,10,3,9
unit,3643,10,3,10,3,9
unit,3644,10,3,10,3,9
unit,3645,10,3,10,3,9
unit,3646,10,3,10,3,9
unit,3647,9,2,9,2,9
unit,3648,6,2,6,2,9
unit,3649,8,3,8,3,9
unit,3650,8,3,8,3,9
unit,3651,9,3,9,3,9
unit,3652,8,3,8,3,9
unit,3653,9,3,9,3,9
unit,3654,9,3,9,3,9
unit,3655,10,3,10,3,9
unit,3656,8,3,8,3,9
unit,3657,8,2,8,2,13
unit,3658,10,4,10,4,9
unit,3659,10,3,10,3,13
unit,3660,10,4,10,4,9
unit,3661,10,3,10,3,13
unit,3662,11,4,11,4,9
unit,3663,11,3,11,3,13
unit,3664,8,3,8,3,9
unit,3665,10,4,10,4,9
unit,3666,9,3,9,3,11
unit,3667,11,4,11,4,11
unit,3668,10,4,10,4,9
unit,3669,11,4,11,4,9
unit,3670,11,4,11,4,11
unit,3671,12,4,12,4,11
unit,3672,9,3,9,3,9
unit,3673,10,3,10,3,13
unit,3674,11,4,11,4,11
unit,3675,10,3,11,3,15
unit,3676,11,4,11,4,9
unit,3677,12,4,12,4,13
unit,3678,12,4,13,5,11
unit,3679,12,4,13,4,15
unit,3680,8,3,8,3,9
unit,3681,10,4,10,4,9
unit,3682,10,4,10,4,9
unit,3683,11,4,11,4,9
unit,3684,9,3,9,3,11
unit,3685,11,4,11,4,11
unit,3686,11,4,11,4,11
unit,3687,12,4,12,4,11
unit,3688,9,3,9,3,9
unit,3689,10,3,10,3,13
unit,3690,11,4,11,4,9
unit,3691,12,4,12,4,13
unit,3692,11,4,11,4,11
unit,3693,10,3,11,3,15
unit,3694,12,4,13,5,11
unit,3695,12,4,13,4,15
unit,3696,9,3,9,3,9
unit,3697,11,4,11,4,9
unit,3698,11,4,11,4,11
unit,3699,12,4,13,5,11
unit,3700,11,4,11,4,11
unit,3701,12,4,13,5,11
unit,3702,10,3,10,3,11
unit,3703,12,4,12,4,11
unit,3704,10,3,10,3,9
unit,3705,11,3,11,3,13
unit,3706,12,4,12,4,11
unit,3707,12,4,13,4,15
unit,3708,12,4,12,4,11
unit,3709,12,4,13,4,15
unit,3710,12,4,12,4,11
unit,3711,11,3,12,3,15
unit,3712,6,2,6,2,9
unit,3713,8,3,8,3,9
unit,3714,8,3,8,3,9
unit,3715,9,3,9,3,9
unit,3716,8,3,8,3,9
unit,3717,9,3,9,3,9
unit,3718,9,3,9,3,9
unit,3719,10,3,10,3,9
unit,3720,8,3,8,3,9
unit,3721,9,3,9,3,11
unit,3722,10,4,10,4,9
unit,3723,11,4,11,4,11
unit,3724,10,4,10,4,9
unit,3725,11,4,11,4,11
unit,3726,11,4,11,4,9
unit,3727,12,4,12,4,11
unit,3728,8,3,8,3,9
unit,3729,10,4,10,4,9
unit,3730,8,2,8,2,13
unit,3731,10,3,10,3,13
unit,3732,10,4,10,4,9
unit,3733,11,4,11,4,9
unit,3734,10,3,10,3,13
unit,3735,11,3,11,3,13
unit,3736,9,3,9,3,9
unit,3737,11,4,11,4,11
unit,3738,10,3,10,3,13
unit,3739,10,3,11,3,15
unit,3740,11,4,11,4,9
unit,3741,12,4,13,5,11
unit,3742,12,4,12,4,13
unit,3743,12,4,13,4,15
unit,3744,8,3,8,3,9
unit,3745,10,4,10,4,9
unit,3746,10,4,10,4,9
unit,3747,11,4,11,4,9
unit,3748,9,3,9,3,11
unit,3749,11,4,11,4,11
unit,3750,11,4,11,4,11
unit,3751,12,4,12,4,11
unit,3752,9,3,9,3,9
unit,3753,11,4,11,4,11
unit,3754,11,4,11,4,9
unit,3755,12,4,13,5,11
unit,3756,11,4,11,4,11
unit,3757,10,3,10,3,11
unit,3758,12,4,13,5,11
unit,3759,12,4,12,4,11
unit,3760,9,3,9,3,9
unit,3761,11,4,11,4,9
unit,3762,10,3,10,3,13
unit,3763,12,4,12,4,13
unit,3764,11,4,11,4,11
unit,3765,12,4,13,5,11
unit,3766,10,3,11,3,15
unit,3767,12,4,13,4,15
unit,3768,10,3,10,3,9
unit,3769,12,4,12,4,11
unit,3770,11,3,11,3,13
unit,3771,12,4,13,4,15
unit,3772,12,4,12,4,11
unit,3773,12,4,12,4,11
unit,3774,12,4,13,4,15
unit,3775,11,3,12,3,15
unit,3776,6,2,6,2,9
unit,3777,8,3,8,3,9
unit,3778,8,3,8,3,9
unit,3779,9,3,9,3,9
unit,3780,8,3,8,3,9
unit,3781,9,3,9,3,9
unit,3782,9,3,9,3,9
unit,3783,10,3,10,3,9
unit,3784,8,3,8,3,9
unit,3785,9,3,10,3,15
unit,3786,10,4,10,4,9
unit,3787,11,4,12,4,15
unit,3788,10,4,10,4,9
unit,3789,11,4,12,4,15
unit,3790,11,4,11,4,9
unit,3791,12,4,13,4,15
unit,3792,8,3,8,3,9
unit,3793,10,4,10,4,9
unit,3794,9,3,10,3,15
unit,3795,11,4,12,4,15
unit,3796,10,4,10,4,9
unit,3797,11,4,11,4,9
unit,3798,11,4,12,4,15
unit,3799,12,4,13,4,15
unit,3800,9,3,9,3,9
unit,3801,11,4,12,4,15
unit,3802,11,4,12,4,15
unit,3803,8,2,8,2,13
unit,3804,11,4,11,4,9
unit,3805,12,4,14,5,15
unit,3806,12,4,14,5,15
unit,3807,10,3,10,3,13
unit,3808,8,3,8,3,9
unit,3809,10,4,10,4,9
unit,3810,10,4,10,4,9
unit,3811,11,4,11,4,9
unit,3812,9,3,9,3,11
unit,3813,11,4,11,4,11
unit,3814,11,4,11,4,11
unit,3815,12,4,12,4,11
unit,3816,9,3,9,3,9
unit,3817,11,4,12,4,15
unit,3818,11,4,11,4,9
unit,3819,12,4,14,5,15
unit,3820,11,4,11,4,11
unit,3821,10,3,13,4,17
unit,3822,12,4,13,5,11
unit,3823,12,4,15,5,17
unit,3824,9,3,9,3,9
unit,3825,11,4,11,4,9
unit,3826,11,4,12,4,15
unit,3827,12,4,14,5,15
unit,3828,11,4,11,4,11
unit,3829,12,4,13,5,11
unit,3830,10,3,13,4,17
unit,3831,12,4,15,5,17
unit,3832,10,3,10,3,9
unit,3833,12,4,13,4,15
unit,3834,12,4,13,4,15
unit,3835,10,3,10,3,13
unit,3836,12,4,12,4,11
unit,3837,12,4,15,5,17
unit,3838,12,4,15,5,17
unit,3839,11,3,11,3,15
unit,3840,6,2,6,2,9
unit,3841,8,3,8,3,9
unit,3842,8,3,8,3,9
unit,3843,9,3,9,3,9
unit,3844,8,3,8,3,9
unit,3845,9,3,9,3,9
unit,3846,9,3,9,3,9
unit,3847,10,3,10,3,9
unit,3848,8,3,8,3,9
unit,3849,9,3,9,3,11
unit,3850,10,4,10,4,9
unit,3851,11,4,11,4,11
unit,3852,10,4,10,4,9
unit,3853,11,4,11,4,11
unit,3854,11,4,11,4,9
unit,3855,12,4,12,4,11
unit,3856,8,3,8,3,9
unit,3857,10,4,10,4,9
unit,3858,9,3,9,3,11
unit,3859,11,4,11,4,11
unit,3860,10,4,10,4,9
unit,3861,11,4,11,4,9
unit,3862,11,4,11,4,11
unit,3863,12,4,12,4,11
unit,3864,9,3,9,3,9
unit,3865,11,4,11,4,11
unit,3866,11,4,11,4,11
unit,3867,10,3,10,3,11
unit,3868,11,4,11,4,9
unit,3869,12,4,13,5,11
unit,3870,12,4,13,5,11
unit,3871,12,4,12,4,11
unit,3872,8,3,8,3,9
unit,3873,10,4,10,4,9
unit,3874,10,4,10,4,9
unit,3875,11,4,11,4,9
unit,3876,8,2,8,2,13
unit,3877,10,3,10,3,13
unit,3878,10,3,10,3,13
unit,3879,11,3,11,3,13
unit,3880,9,3,9,3,9
unit,3881,11,4,11,4,11
unit,3882,11,4,11,4,9
unit,3883,12,4,13,5,11
unit,3884,10,3,10,3,13
unit,3885,10,3,11,3,15
unit,3886,12,4,12,4,13
unit,3887,12,4,13,4,15
unit,3888,9,3,9,3,9
unit,3889,11,4,11,4,9
unit,3890,11,4,11,4,11
unit,3891,12,4,13,5,11
unit,3892,10,3,10,3,13
unit,3893,12,4,12,4,13
unit,3894,10,3,11,3,15
unit,3895,12,4,13,4,15
unit,3896,10,3,10,3,9
unit,3897,12,4,12,4,11
unit,3898,12,4,12,4,11
unit,3899,12,4,12,4,11
unit,3900,11,3,11,3,13
unit,3901,12,4,13,4,15
unit,3902,12,4,13,4,15
unit,3903,11,3,12,3,15
unit,3904,6,2,6,2,9
unit,3905,8,3,8,3,9
unit,3906,8,3,8,3,9
unit,3907,9,3,9,3,9
unit,3908,8,3,8,3,9
unit,3909,9,3,9,3,9
unit,3910,9,3,9,3,9
unit,3911,10,3,10,3,9
unit,3912,8,3,8,3,9
unit,3913,9,3,10,3,15
unit,3914,10,4,10,4,9
unit,3915,11,4,12,4,15
unit,3916,10,4,10,4,9
unit,3917,11,4,12,4,15
unit,3918,11,4,11,4,9
unit,3919,12,4,13,4,15
unit,3920,8,3,8,3,9
unit,3921,10,4,10,4,9
unit,3922,9,3,9,3,11
unit,3923,11,4,11,4,11
unit,3924,10,4,10,4,9
unit,3925,11,4,11,4,9
unit,3926,11,4,11,4,11
unit,3927,12,4,12,4,11
unit,3928,9,3,9,3,9
unit,3929,11,4,12,4,15
unit,3930,11,4,11,4,11
unit,3931,10,3,13,4,17
unit,3932,11,4,11,4,9
unit,3933,12,4,14,5,15
unit,3934,12,4,13,5,11
unit,3935,12,4,15,5,17
unit,3936,8,3,8,3,9
unit,3937,10,4,10,4,9
unit,3938,10,4,10,4,9
unit,3939,11,4,11,4,9
unit,3940,9,3,10,3,15
unit,3941,11,4,12,4,15
unit,3942,11,4,12,4,15
unit,3943,12,4,13,4,15
unit,3944,9,3,9,3,9
unit,3945,11,4,12,4,15
unit,3946,11,4,11,4,9
unit,3947,12,4,14,5,15
unit,3948,11,4,12,4,15
unit,3949,8,2,8,2,13
unit,3950,12,4,14,5,15
unit,3951,10,3,10,3,13
unit,3952,9,3,9,3,9
unit,3953,11,4,11,4,9
unit,3954,11,4,11,4,11
unit,3955,12,4,13,5,11
unit,3956,11,4,12,4,15
unit,3957,12,4,14,5,15
unit,3958,10,3,13,4,17
unit,3959,12,4,15,5,17
unit,3960,10,3,10,3,9
unit,3961,12,4,13,4,15
unit,3962,12,4,12,4,11
unit,3963,12,4,15,5,17
unit,3964,12,4,13,4,15
unit,3965,10,3,10,3,13
unit,3966,12,4,15,5,17
unit,3967,11,3,11,3,15
unit,3968,6,2,6,2,9
unit,3969,8,3,8,3,9
unit,3970,8,3,8,3,9
unit,3971,9,3,9,3,9
unit,3972,8,3,8,3,9
unit,3973,9,3,9,3,9
unit,3974,9,3,9,3,9
unit,3975,10,3,10,3,9
unit,3976,8,3,8,3,9
unit,3977,9,3,9,3,11
unit,3978,10,4,10,4,9
unit,3979,11,4,11,4,11
unit,3980,10,4,10,4,9
unit,3981,11,4,11,4,11
unit,3982,11,4,11,4,9
unit,3983,12,4,12,4,11
unit,3984,8,3,8,3,9
unit,3985,10,4,10,4,9
unit,3986,9,3,10,3,15
unit,3987,11,4,12,4,15
unit,3988,10,4,10,4,9
unit,3989,11,4,11,4,9
unit,3990,11,4,12,4,15
unit,3991,12,4,13,4,15
unit,3992,9,3,9,3,9
unit,3993,11,4,11,4,11
unit,3994,11,4,12,4,15
unit,3995,10,3,13,4,17
unit,3996,11,4,11,4,9
unit,3997,12,4,13,5,11
unit,3998,12,4,14,5,15
unit,3999,12,4,15,5,17
unit,4000,8,3,8,3,9
unit,4001,10,4,10,4,9
unit,4002,10,4,10,4,9
unit,4003,11,4,11,4,9
unit,4004,9,3,10,3,15
unit,4005,11,4,12,4,15
unit,4006,11,4,12,4,15
unit,4007,12,4,13,4,15
unit,4008,9,3,9,3,9
unit,4009,11,4,11,4,11
unit,4010,11,4,11,4,9
unit,4011,12,4,13,5,11
unit,4012,11,4,12,4,15
unit,4013,10,3,13,4,17
unit,4014,12,4,14,5,15
unit,4015,12,4,15,5,17
unit,4016,9,3,9,3,9
unit,4017,11,4,11,4,9
unit,4018,11,4,12,4,15
unit,4019,12,4,14,5,15
unit,4020,11,4,12,4,15
unit,4021,12,4,14,5,15
unit,4022,8,2,8,2,13
unit,4023,10,3,10,3,13
unit,4024,10,3,10,3,9
unit,4025,12,4,12,4,11
unit,4026,12,4,13,4,15
unit,4027,12,4,15,5,17
unit,4028,12,4,13,4,15
unit,4029,12,4,15,5,17
unit,4030,10,3,10,3,13
unit,4031,11,3,11,3,15
unit,4032,5,1,5,1,9
unit,4033,7,2,7,2,9
unit,4034,7,2,7,2,9
unit,4035,8,2,8,2,9
unit,4036,7,2,7,2,9
unit,4037,8,2,8,2,9
unit,4038,8,2,8,2,9
unit,4039,9,2,9,2,9
unit,4040,7,2,7,2,9
unit,4041,8,2,9,2,15
unit,4042,9,3,9,3,9
unit,4043,10,3,11,3,15
unit,4044,9,3,9,3,9
unit,4045,10,3,11,3,15
unit,4046,10,3,10,3,9
unit,4047,11,3,12,3,15
unit,4048,7,2,7,2,9
unit,4049,9,3,9,3,9
unit,4050,8,2,9,2,15
unit,4051,10,3,11,3,15
unit,4052,9,3,9,3,9
unit,4053,10,3,10,3,9
unit,4054,10,3,11,3,15
unit,4055,11,3,12,3,15
unit,4056,8,2,8,2,9
unit,4057,10,3,11,3,15
unit,4058,10,3,11,3,15
unit,4059,9,2,9,2,15
unit,4060,10,3,10,3,9
unit,4061,11,3,13,4,15
unit,4062,11,3,13,4,15
unit,4063,11,3,11,3,15
unit,4064,7,2,7,2,9
unit,4065,9,3,9,3,9
unit,4066,9,3,9,3,9
unit,4067,10,3,10,3,9
unit,4068,8,2,9,2,15
unit,4069,10,3,11,3,15
unit,4070,10,3,11,3,15
unit,4071,11,3,12,3,15
unit,4072,8,2,8,2,9
unit,4073,10,3,11,3,15
unit,4074,10,3,10,3,9
unit,4075,11,3,13,4,15
unit,4076,10,3,11,3,15
unit,4077,9,2,9,2,15
unit,4078,11,3,13,4,15
unit,4079,11,3,11,3,15
unit,4080,8,2,8,2,9
unit,4081,10,3,10,3,9
unit,4082,10,3,11,3,15
unit,4083,11,3,13,4,15
unit,4084,10,3,11,3,15
unit,4085,11,3,13,4,15
unit,4086,9,2,9,2,15
unit,4087,11,3,11,3,15
unit,4088,9,2,9,2,9
unit,4089,11,3,12,3,15
unit,4090,11,3,12,3,15
unit,4091,11,3,11,3,15
unit,4092,11,3,12,3,15
unit,4093,11,3,11,3,15
unit,4094,11,3,11,3,15
unit,4095,7,1,7,1,13
skew,0,0,0,0,0,7
skew,1,10,1,10,1,7
skew,2,15,1,15,1,7
skew,3,16,1,16,1,7
skew,4,20,1,20,1,7
skew,5,21,1,21,1,7
skew,6,26,1,26,1,7
skew,7,27,1,27,1,7
skew,8,13,1,13,1,7
skew,9,15,1,15,1,9
skew,10,28,2,28,2,7
skew,11,29,2,30,2,9
skew,12,33,2,33,2,7
skew,13,34,2,35,2,9
skew,14,39,2,39,2,7
skew,15,40,2,41,2,9
skew,16,18,1,18,1,7
skew,17,28,2,28,2,7
skew,18,20,1,20,1,9
skew,19,30,2,30,2,9
skew,20,38,2,38,2,7
skew,21,39,2,39,2,7
skew,22,40,2,40,2,9
skew,23,41,2,41,2,9
skew,24,19,1,19,1,7
skew,25,29,2,33,2,9
skew,26,33,2,33,2,9
skew,27,21,1,21,1,9
skew,28,39,2,39,2,7
skew,29,40,2,53,3,9
skew,30,45,2,53,3,9
skew,31,41,2,41,2,9
skew,32,23,1,23,1,7
skew,33,33,2,33,2,7
skew,34,38,2,38,2,7
skew,35,39,2,39,2,7
skew,36,25,1,25,1,9
skew,37,35,2,35,2,9
skew,38,40,2,40,2,9
skew,39,41,2,41,2,9
skew,40,24,1,24,1,7
skew,41,34,2,38,2,9
skew,42,39,2,39,2,7
skew,43,40,2,53,3,9
skew,44,38,2,38,2,9
skew,45,26,1,26,1,9
skew,46,50,2,53,3,9
skew,47,41,2,41,2,9
skew,48,29,1,29,1,7
skew,49,39,2,39,2,7
skew,50,43,2,43,2,9
skew,51,45,2,53,3,9
skew,52,43,2,43,2,9
skew,53,50,2,53,3,9
skew,54,31,1,31,1,9
skew,55,41,2,41,2,9
skew,56,30,1,30,1,7
skew,57,40,2,44,2,9
skew,58,44,2,44,2,9
skew,59,44,2,44,2,9
skew,60,44,2,44,2,9
skew,61,44,2,44,2,9
skew,62,44,2,44,2,9
skew,63,32,1,32,1,9
skew,64,16,1,16,1,7
skew,65,26,2,26,2,7
skew,66,31,2,31,2,7
skew,67,32,2,32,2,7
skew,68,36,2,36,2,7
skew,69,37,2,37,2,7
skew,70,42,2,42,2,7
skew,71,43,2,43,2,7
skew,72,29,2,29,2,7
skew,73,31,2,31,2,9
skew,74,44,3,44,3,7
skew,75,45,3,46,3,9
skew,76,49,3,49,3,7
skew,77,50,3,51,3,9
skew,78,55,3,55,3,7
skew,79,56,3,57,3,9
skew,80,34,2,34,2,7
skew,81,44,3,44,3,7
skew,82,36,2,36,2,9
skew,83,46,3,46,3,9
skew,84,54,3,54,3,7
skew,85,55,3,55,3,7
skew,86,56,3,56,3,9
skew,87,57,3,57,3,9
skew,88,35,2,35,2,7
skew,89,45,3,49,3,9
skew,90,49,3,49,3,9
skew,91,37,2,37,2,9
skew,92,55,3,55,3,7
skew,93,56,3,69,4,9
skew,94,61,3,69,4,9
skew,95,57,3,57,3,9
skew,96,39,2,39,2,7
skew,97,49,3,49,3,7
skew,98,54,3,54,3,7
skew,99,55,3,55,3,7
skew,100,41,2,41,2,9
skew,101,51,3,51,3,9
skew,102,56,3,56,3,9
skew,103,57,3,57,3,9
skew,104,40,2,40,2,7
skew,105,50,3,54,3,9
skew,106,55,3,55,3,7
skew,107,56,3,69,4,9
skew,108,54,3,54,3,9
skew,109,42,2,42,2,9
skew,110,66,3,69,4,9
skew,111,57,3,57,3,9
skew,112,45,2,45,2,7
skew,113,55,3,55,3,7
skew,114,59,3,59,3,9
skew,115,61,3,69,4,9
skew,116,59,3,59,3,9
skew,117,66,3,69,4,9
skew,118,47,2,47,2,9
skew,119,57,3,57,3,9
skew,120,46,2,46,2,7
skew,121,56,3,60,3,9
skew,122,60,3,60,3,9
skew,123,60,3,60,3,9
skew,124,60,3,60,3,9
skew,125,60,3,60,3,9
skew,126,60,3,60,3,9
skew,127,48,2,48,2,9
skew,128,21,1,21,1,7
skew,129,31,2,31,2,7
skew,130,36,2,36,2,7
skew,131,37,2,37,2,7
skew,132,41,2,41,2,7
skew,133,42,2,42,2,7
skew,134,47,2,47,2,7
skew,135,48,2,48,2,7
skew,136,34,2,34,2,7
skew,137,36,2,36,2,9
skew,138,49,3,49,3,7
skew,139,50,3,51,3,9
skew,140,54,3,54,3,7
skew,141,55,3,56,3,9
skew,142,60,3,60,3,7
skew,143,61,3,62,3,9
skew,144,39,2,39,2,7
skew,145,49,3,49,3,7
skew,146,41,2,41,2,9
skew,147,51,3,51,3,9
skew,148,59,3,59,3,7
skew,149,60,3,60,3,7
skew,150,61,3,61,3,9
skew,151,62,3,62,3,9
skew,152,40,2,40,2,7
skew,153,50,3,54,3,9
skew,154,54,3,54,3,9
skew,155,42,2,42,2,9
skew,156,60,3,60,3,7
skew,157,61,3,74,4,9
skew,158,66,3,74,4,9
skew,159,62,3,62,3,9
skew,160,44,2,44,2,7
skew,161,54,3,54,3,7
skew,162,59,3,59,3,7
skew,163,60,3,60,3,7
skew,164,46,2,46,2,9
skew,165,56,3,56,3,9
skew,166,61,3,61,3,9
skew,167,62,3,62,3,9
skew,168,45,2,45,2,7
skew,169,55,3,59,3,9
skew,170,60,3,60,3,7
skew,171,61,3,74,4,9
skew,172,59,3,59,3,9
skew,173,47,2,47,2,9
skew,174,71,3,74,4,9
skew,175,62,3,62,3,9
skew,176,50,2,50,2,7
skew,177,60,3,60,3,7
skew,178,64,3,64,3,9
skew,179,66,3,74,4,9
skew,180,64,3,64,3,9
skew,181,71,3,74,4,9
skew,182,52,2,52,2,9
skew,183,62,3,62,3,9
skew,184,51,2,51,2,7
skew,185,61,3,65,3,9
skew,186,65,3,65,3,9
skew,187,65,3,65,3,9
skew,188,65,3,65,3,9
skew,189,65,3,65,3,9
skew,190,65,3,65,3,9
skew,191,53,2,53,2,9
skew,192,22,1,22,1,7
skew,193,32,2,32,2,7
skew,194,37,2,37,2,7
skew,195,38,2,38,2,7
skew,196,42,2,42,2,7
skew,197,43,2,43,2,7
skew,198,48,2,48,2,7
skew,199,49,2,49,2,7
skew,200,35,2,35,2,7
skew,201,37,2,37,2,9
skew,202,50,3,50,3,7
skew,203,51,3,52,3,9
skew,204,55,3,55,3,7
skew,205,56,3,57,3,9
skew,206,61,3,61,3,7
skew,207,62,3,63,3,9
skew,208,40,2,40,2,7
skew,209,50,3,50,3,7
skew,210,42,2,42,2,9
skew,211,52,3,52,3,9
skew,212,60,3,60,3,7
skew,213,61,3,61,3,7
skew,214,62,3,62,3,9
skew,215,63,3,63,3,9
skew,216,41,2,41,2,7
skew,217,51,3,55,3,9
skew,218,55,3,55,3,9
skew,219,43,2,43,2,9
skew,220,61,3,61,3,7
skew,221,62,3,75,4,9
skew,222,67,3,75,4,9
skew,223,63,3,63,3,9
skew,224,45,2,45,2,7
skew,225,55,3,55,3,7
skew,226,60,3,60,3,7
skew,227,61,3,61,3,7
skew,228,47,2,47,2,9
skew,229,57,3,57,3,9
skew,230,62,3,62,3,9
skew,231,63,3,63,3,9
skew,232,46,2,46,2,7
skew,233,56,3,60,3,9
skew,234,61,3,61,3,7
skew,235,62,3,75,4,9
skew,236,60,3,60,3,9
skew,237,48,2,48,2,9
skew,238,72,3,75,4,9
skew,239,63,3,63,3,9
skew,240,51,2,51,2,7
skew,241,61,3,61,3,7
skew,242,65,3,65,3,9
skew,243,67,3,75,4,9
skew,244,65,3,65,3,9
skew,245,72,3,75,4,9
skew,246,53,2,53,2,9
skew,247,63,3,63,3,9
skew,248,52,2,52,2,7
skew,249,62,3,66,3,9
skew,250,66,3,66,3,9
skew,251,66,3,66,3,9
skew,252,66,3,66,3,9
skew,253,66,3,66,3,9
skew,254,66,3,66,3,9
skew,255,54,2,54,2,9
skew,256,26,1,26,1,7
skew,257,36,2,36,2,7
skew,258,41,2,41,2,7
skew,259,42,2,42,2,7
skew,260,46,2,46,2,7
skew,261,47,2,47,2,7
skew,262,52,2,52,2,7
skew,263,53,2,53,2,7
skew,264,39,2,39,2,7
skew,265,41,2,41,2,9
skew,266,54,3,54,3,7
skew,267,55,3,56,3,9
skew,268,59,3,59,3,7
skew,269,60,3,61,3,9
skew,270,65,3,65,3,7
skew,271,66,3,67,3,9
skew,272,44,2,44,2,7
skew,273,54,3,54,3,7
skew,274,46,2,46,2,9
skew,275,56,3,56,3,9
skew,276,64,3,64,3,7
skew,277,65,3,65,3,7
skew,278,66,3,66,3,9
skew,279,67,3,67,3,9
skew,280,45,2,45,2,7
skew,281,55,3,59,3,9
skew,282,59,3,59,3,9
skew,283,47,2,47,2,9
skew,284,65,3,65,3,7
skew,285,66,3,79,4,9
skew,286,71,3,79,4,9
skew,287,67,3,67,3,9
skew,288,49,2,49,2,7
skew,289,59,3,59,3,7
skew,290,64,3,64,3,7
skew,291,65,3,65,3,7
skew,292,51,2,51,2,9
skew,293,61,3,61,3,9
skew,294,66,3,66,3,9
skew,295,67,3,67,3,9
skew,296,50,2,50,2,7
skew,297,60,3,64,3,9
skew,298,65,3,65,3,7
skew,299,66,3,79,4,9
skew,300,64,3,64,3,9
skew,301,52,2,52,2,9
skew,302,76,3,79,4,9
skew,303,67,3,67,3,9
skew,304,55,2,55,2,7
skew,305,65,3,65,3,7
skew,306,69,3,69,3,9
skew,307,71,3,79,4,9
skew,308,69,3,69,3,9
skew,309,76,3,79,4,9
skew,310,57,2,57,2,9
skew,311,67,3,67,3,9
skew,312,56,2,56,2,7
skew,313,66,3,70,3,9
skew,314,70,3,70,3,9
skew,315,70,3,70,3,9
skew,316,70,3,70,3,9
skew,317,70,3,70,3,9
skew,318,70,3,70,3,9
skew,319,58,2,58,2,9
skew,320,27,1,27,1,7
skew,321,37,2,37,2,7
skew,322,42,2,42,2,7
skew,323,43,2,43,2,7
skew,324,47,2,47,2,7
skew,325,48,2,48,2,7
skew,326,53,2,53,2,7
skew,327,54,2,54,2,7
skew,328,40,2,40,2,7
skew,329,42,2,42,2,9
skew,330,55,3,55,3,7
skew,331,56,3,57,3,9
skew,332,60,3,60,3,7
skew,333,61,3,62,3,9
skew,334,66,3,66,3,7
skew,335,67,3,68,3,9
skew,336,45,2,45,2,7
skew,337,55,3,55,3,7
skew,338,47,2,47,2,9
skew,339,57,3,57,3,9
skew,340,65,3,65,3,7
skew,341,66,3,66,3,7
skew,342,67,3,67,3,9
skew,343,68,3,68,3,9
skew,344,46,2,46,2,7
skew,345,56,3,60,3,9
skew,346,60,3,60,3,9
skew,347,48,2,48,2,9
skew,348,66,3,66,3,7
skew,349,67,3,80,4,9
skew,350,72,3,80,4,9
skew,351,68,3,68,3,9
skew,352,50,2,50,2,7
skew,353,60,3,60,3,7
skew,354,65,3,65,3,7
skew,355,66,3,66,3,7
skew,356,52,2,52,2,9
skew,357,62,3,62,3,9
skew,358,67,3,67,3,9
skew,359,68,3,68,3,9
skew,360,51,2,51,2,7
skew,361,61,3,65,3,9
skew,362,66,3,66,3,7
skew,363,67,3,80,4,9
skew,364,65,3,65,3,9
skew,365,53,2,53,2,9
skew,366,77,3,80,4,9
skew,367,68,3,68,3,9
skew,368,56,2,56,2,7
skew,369,66,3,66,3,7
skew,370,70,3,70,3,9
skew,371,72,3,80,4,9
skew,372,70,3,70,3,9
skew,373,77,3,80,4,9
skew,374,58,2,58,2,9
skew,375,68,3,68,3,9
skew,376,57,2,57,2,7
skew,377,67,3,71,3,9
skew,378,71,3,71,3,9
skew,379,71,3,71,3,9
skew,380,71,3,71,3,9
skew,381,71,3,71,3,9
skew,382,71,3,71,3,9
skew,383,59,2,59,2,9
skew,384,32,1,32,1,7
skew,385,42,2,42,2,7
skew,386,47,2,47,2,7
skew,387,48,2,48,2,7
skew,388,52,2,52,2,7
skew,389,53,2,53,2,7
skew,390,58,2,58,2,7
skew,391,59,2,59,2,7
skew,392,45,2,45,2,7
skew,393,47,2,47,2,9
skew,394,60,3,60,3,7
skew,395,61,3,62,3,9
skew,396,65,3,65,3,7
skew,397,66,3,67,3,9
skew,398,71,3,71,3,7
skew,399,72,3,73,3,9
skew,400,50,2,50,2,7
skew,401,60,3,60,3,7
skew,402,52,2,52,2,9
skew,403,62,3,62,3,9
skew,404,70,3,70,3,7
skew,405,71,3,71,3,7
skew,406,72,3,72,3,9
skew,407,73,3,73,3,9
skew,408,51,2,51,2,7
skew,409,61,3,65,3,9
skew,410,65,3,65,3,9
skew,411,53,2,53,2,9
skew,412,71,3,71,3,7
skew,413,72,3,85,4,9
skew,414,77,3,85,4,9
skew,415,73,3,73,3,9
skew,416,55,2,55,2,7
skew,417,65,3,65,3,7
skew,418,70,3,70,3,7
skew,419,71,3,71,3,7
skew,420,57,2,57,2,9
skew,421,67,3,67,3,9
skew,422,72,3,72,3,9
skew,423,73,3,73,3,9
skew,424,56,2,56,2,7
skew,425,66,3,70,3,9
skew,426,71,3,71,3,7
skew,427,72,3,85,4,9
skew,428,70,3,70,3,9
skew,429,58,2,58,2,9
skew,430,82,3,85,4,9
skew,431,73,3,73,3,9
skew,432,61,2,61,2,7
skew,433,71,3,71,3,7
skew,434,75,3,75,3,9
skew,435,77,3,85,4,9
skew,436,75,3,75,3,9
skew,437,82,3,85,4,9
skew,438,63,2,63,2,9
skew,439,73,3,73,3,9
skew,440,62,2,62,2,7
skew,441,72,3,76,3,9
skew,442,76,3,76,3,9
skew,443,76,3,76,3,9
skew,444,76,3,76,3,9
skew,445,76,3,76,3,9
skew,446,76,3,76,3,9
skew,447,64,2,64,2,9
skew,448,33,1,33,1,7
skew,449,43,2,43,2,7
skew,450,48,2,48,2,7
skew,451,49,2,49,2,7
skew,452,53,2,53,2,7
skew,453,54,2,54,2,7
skew,454,59,2,59,2,7
skew,455,60,2,60,2,7
skew,456,46,2,46,2,7
skew,457,48,2,48,2,9
skew,458,61,3,61,3,7
skew,459,62,3,63,3,9
skew,460,66,3,66,3,7
skew,461,67,3,68,3,9
skew,462,72,3,72,3,7
skew,463,73,3,74,3,9
skew,464,51,2,51,2,7
skew,465,61,3,61,3,7
skew,466,53,2,53,2,9
skew,467,63,3,63,3,9
skew,468,71,3,71,3,7
skew,469,72,3,72,3,7
skew,470,73,3,73,3,9
skew,471,74,3,74,3,9
skew,472,52,2,52,2,7
skew,473,62,3,66,3,9
skew,474,66,3,66,3,9
skew,475,54,2,54,2,9
skew,476,72,3,72,3,7
skew,477,73,3,86,4,9
skew,478,78,3,86,4,9
skew,479,74,3,74,3,9
skew,480,56,2,56,2,7
skew,481,66,3,66,3,7
skew,482,71,3,71,3,7
skew,483,72,3,72,3,7
skew,484,58,2,58,2,9
skew,485,68,3,68,3,9
skew,486,73,3,73,3,9
skew,487,74,3,74,3,9
skew,488,57,2,57,2,7
skew,489,67,3,71,3,9
skew,490,72,3,72,3,7
skew,491,73,3,86,4,9
skew,492,71,3,71,3,9
skew,493,59,2,59,2,9
skew,494,83,3,86,4,9
skew,495,74,3,74,3,9
skew,496,62,2,62,2,7
skew,497,72,3,72,3,7
skew,498,76,3,76,3,9
skew,499,78,3,86,4,9
skew,500,76,3,76,3,9
skew,501,83,3,86,4,9
skew,502,64,2,64,2,9
skew,503,74,3,74,3,9
skew,504,63,2,63,2,7
skew,505,73,3,77,3,9
skew,506,77,3,77,3,9
skew,507,77,3,77,3,9
skew,508,77,3,77,3,9
skew,509,77,3,77,3,9
skew,510,77,3,77,3,9
skew,511,65,2,65,2,9
skew,512,19,1,19,1,7
skew,513,29,2,29,2,7
skew,514,34,2,34,2,7
skew,515,35,2,35,2,7
skew,516,39,2,39,2,7
skew,517,40,2,40,2,7
skew,518,45,2,45,2,7
skew,519,46,2,46,2,7
skew,520,32,2,32,2,7
skew,521,34,2,34,2,9
skew,522,47,3,47,3,7
skew,523,48,3,49,3,9
skew,524,52,3,52,3,7
skew,525,53,3,54,3,9
skew,526,58,3,58,3,7
skew,527,59,3,60,3,9
skew,528,37,2,37,2,7
skew,529,47,3,47,3,7
skew,530,39,2,39,2,9
skew,531,49,3,49,3,9
skew,532,57,3,57,3,7
skew,533,58,3,58,3,7
skew,534,59,3,59,3,9
skew,535,60,3,60,3,9
skew,536,38,2,38,2,7
skew,537,48,3,52,3,9
skew,538,52,3,52,3,9
skew,539,40,2,40,2,9
skew,540,58,3,58,3,7
skew,541,59,3,72,4,9
skew,542,64,3,72,4,9
skew,543,60,3,60,3,9
skew,544,42,2,42,2,7
skew,545,52,3,52,3,7
skew,546,57,3,57,3,7
skew,547,58,3,58,3,7
skew,548,44,2,44,2,9
skew,549,54,3,54,3,9
skew,550,59,3,59,3,9
skew,551,60,3,60,3,9
skew,552,43,2,43,2,7
skew,553,53,3,57,3,9
skew,554,58,3,58,3,7
skew,555,59,3,72,4,9
skew,556,57,3,57,3,9
skew,557,45,2,45,2,9
skew,558,69,3,72,4,9
skew,559,60,3,60,3,9
skew,560,48,2,48,2,7
skew,561,58,3,58,3,7
skew,562,62,3,62,3,9
skew,563,64,3,72,4,9
skew,564,62,3,62,3,9
skew,565,69,3,72,4,9
skew,566,50,2,50,2,9
skew,567,60,3,60,3,9
skew,568,49,2,49,2,7
skew,569,59,3,63,3,9
skew,570,63,3,63,3,9
skew,571,63,3,63,3,9
skew,572,63,3,63,3,9
skew,573,63,3,63,3,9
skew,574,63,3,63,3,9
skew,575,51,2,51,2,9
skew,576,27,1,27,1,9
skew,577,37,2,37,2,9
skew,578,42,2,42,2,9
skew,579,43,2,43,2,9
skew,580,47,2,47,2,9
skew,581,48,2,48,2,9
skew,582,53,2,53,2,9
skew,583,54,2,54,2,9
skew,584,40,2,40,2,9
skew,585,34,1,34,1,13
skew,586,55,3,55,3,9
skew,587,49,2,49,2,13
skew,588,60,3,60,3,9
skew,589,54,2,54,2,13
skew,590,66,3,66,3,9
skew,591,60,2,60,2,13
skew,592,45,2,45,2,9
skew,593,55,3,55,3,9
skew,594,47,2,47,2,11
skew,595,57,3,57,3,11
skew,596,65,3,65,3,9
skew,597,66,3,66,3,9
skew,598,67,3,67,3,11
skew,599,68,3,68,3,11
skew,600,46,2,46,2,9
skew,601,52,2,52,2,13
skew,602,60,3,60,3,11
skew,603,48,2,54,2,15
skew,604,66,3,66,3,9
skew,605,67,3,72,3,13
skew,606,72,3,80,4,11
skew,607,68,3,74,3,15
skew,608,50,2,50,2,9
skew,609,60,3,60,3,9
skew,610,65,3,65,3,9
skew,611,66,3,66,3,9
skew,612,52,2,52,2,11
skew,613,62,3,62,3,11
skew,614,67,3,67,3,11
skew,615,68,3,68,3,11
skew,616,51,2,51,2,9
skew,617,57,2,57,2,13
skew,618,66,3,66,3,9
skew,619,67,3,72,3,13
skew,620,65,3,65,3,11
skew,621,53,2,59,2,15
skew,622,77,3,80,4,11
skew,623,68,3,74,3,15
skew,624,56,2,56,2,9
skew,625,66,3,66,3,9
skew,626,70,3,70,3,11
skew,627,72,3,80,4,11
skew,628,70,3,70,3,11
skew,629,77,3,80,4,11
skew,630,58,2,58,2,11
skew,631,68,3,68,3,11
skew,632,57,2,57,2,9
skew,633,63,2,63,2,13
skew,634,71,3,71,3,11
skew,635,71,3,77,3,15
skew,636,71,3,71,3,11
skew,637,71,3,77,3,15
skew,638,71,3,71,3,11
skew,639,59,2,65,2,15
skew,640,40,2,40,2,7
skew,641,50,3,50,3,7
skew,642,55,3,55,3,7
skew,643,56,3,56,3,7
skew,644,60,3,60,3,7
skew,645,61,3,61,3,7
skew,646,66,3,66,3,7
skew,647,67,3,67,3,7
skew,648,53,3,53,3,7
skew,649,55,3,55,3,9
skew,650,68,4,68,4,7
skew,651,69,4,70,4,9
skew,652,73,4,73,4,7
skew,653,74,4,75,4,9
skew,654,79,4,79,4,7
skew,655,80,4,81,4,9
skew,656,58,3,58,3,7
skew,657,68,4,68,4,7
skew,658,60,3,60,3,9
skew,659,70,4,70,4,9
skew,660,78,4,78,4,7
skew,661,79,4,79,4,7
skew,662,80,4,80,4,9
skew,663,81,4,81,4,9
skew,664,59,3,59,3,7
skew,665,69,4,73,4,9
skew,666,73,4,73,4,9
skew,667,61,3,61,3,9
skew,668,79,4,79,4,7
skew,669,80,4,93,5,9
skew,670,85,4,93,5,9
skew,671,81,4,81,4,9
skew,672,63,3,63,3,7
skew,673,73,4,73,4,7
skew,674,78,4,78,4,7
skew,675,79,4,79,4,7
skew,676,65,3,65,3,9
skew,677,75,4,75,4,9
skew,678,80,4,80,4,9
skew,679,81,4,81,4,9
skew,680,64,3,64,3,7
skew,681,74,4,78,4,9
skew,682,79,4,79,4,7
skew,683,80,4,93,5,9
skew,684,78,4,78,4,9
skew,685,66,3,66,3,9
skew,686,90,4,93,5,9
skew,687,81,4,81,4,9
skew,688,69,3,69,3,7
skew,689,79,4,79,4,7
skew,690,83,4,83,4,9
skew,691,85,4,93,5,9
skew,692,83,4,83,4,9
skew,693,90,4,93,5,9
skew,694,71,3,71,3,9
skew,695,81,4,81,4,9
skew,696,70,3,70,3,7
skew,697,80,4,84,4,9
skew,698,84,4,84,4,9
skew,699,84,4,84,4,9
skew,700,84,4,84,4,9
skew,701,84,4,84,4,9
skew,702,84,4,84,4,9
skew,703,72,3,72,3,9
skew,704,41,2,48,2,9
skew,705,51,3,58,3,9
skew,706,56,3,63,3,9
skew,707,57,3,64,3,9
skew,708,61,3,68,3,9
skew,709,62,3,69,3,9
skew,710,67,3,74,3,9
skew,711,68,3,75,3,9
skew,712,54,3,61,3,9
skew,713,55,2,55,2,13
skew,714,69,4,76,4,9
skew,715,70,3,70,3,13
skew,716,74,4,81,4,9
skew,717,75,3,75,3,13
skew,718,80,4,87,4,9
skew,719,81,3,81,3,13
skew,720,59,3,66,3,9
skew,721,69,4,76,4,9
skew,722,61,3,68,3,11
skew,723,71,4,78,4,11
skew,724,79,4,86,4,9
skew,725,80,4,87,4,9
skew,726,81,4,88,4,11
skew,727,82,4,89,4,11
skew,728,60,3,67,3,9
skew,729,70,4,73,3,13
skew,730,74,4,81,4,11
skew,731,62,3,75,3,15
skew,732,80,4,87,4,9
skew,733,81,4,93,4,13
skew,734,86,4,101,5,11
skew,735,82,4,95,4,15
skew,736,64,3,71,3,9
skew,737,74,4,81,4,9
skew,738,79,4,86,4,9
skew,739,80,4,87,4,9
skew,740,66,3,73,3,11
skew,741,76,4,83,4,11
skew,742,81,4,88,4,11
skew,743,82,4,89,4,11
skew,744,65,3,72,3,9
skew,745,75,4,78,3,13
skew,746,80,4,87,4,9
skew,747,81,4,93,4,13
skew,748,79,4,86,4,11
skew,749,67,3,80,3,15
skew,750,91,4,101,5,11
skew,751,82,4,95,4,15
skew,752,70,3,77,3,9
skew,753,80,4,87,4,9
skew,754,84,4,91,4,11
skew,755,86,4,101,5,11
skew,756,84,4,91,4,11
skew,757,91,4,101,5,11
skew,758,72,3,79,3,11
skew,759,82,4,89,4,11
skew,760,71,3,78,3,9
skew,761,81,4,84,3,13
skew,762,85,4,92,4,11
skew,763,85,4,98,4,15
skew,764,85,4,92,4,11
skew,765,85,4,98,4,15
skew,766,85,4,92,4,11
skew,767,73,3,86,3,15
skew,768,45,2,45,2,7
skew,769,55,3,55,3,7
skew,770,60,3,60,3,7
skew,771,61,3,61,3,7
skew,772,65,3,65,3,7
skew,773,66,3,66,3,7
skew,774,71,3,71,3,7
skew,775,72,3,72,3,7
skew,776,58,3,58,3,7
skew,777,60,3,60,3,9
skew,778,73,4,73,4,7
skew,779,74,4,75,4,9
skew,780,78,4,78,4,7
skew,781,79,4,80,4,9
skew,782,84,4,84,4,7
skew,783,85,4,86,4,9
skew,784,63,3,63,3,7
skew,785,73,4,73,4,7
skew,786,65,3,65,3,9
skew,787,75,4,75,4,9
skew,788,83,4,83,4,7
skew,789,84,4,84,4,7
skew,790,85,4,85,4,9
skew,791,86,4,86,4,9
skew,792,64,3,64,3,7
skew,793,74,4,78,4,9
skew,794,78,4,78,4,9
skew,795,66,3,66,3,9
skew,796,84,4,84,4,7
skew,797,85,4,98,5,9
skew,798,90,4,98,5,9
skew,799,86,4,86,4,9
skew,800,68,3,68,3,7
skew,801,78,4,78,4,7
skew,802,83,4,83,4,7
skew,803,84,4,84,4,7
skew,804,70,3,70,3,9
skew,805,80,4,80,4,9
skew,806,85,4,85,4,9
skew,807,86,4,86,4,9
skew,808,69,3,69,3,7
skew,809,79,4,83,4,9
skew,810,84,4,84,4,7
skew,811,85,4,98,5,9
skew,812,83,4,83,4,9
skew,813,71,3,71,3,9
skew,814,95,4,98,5,9
skew,815,86,4,86,4,9
skew,816,74,3,74,3,7
skew,817,84,4,84,4,7
skew,818,88,4,88,4,9
skew,819,90,4,98,5,9
skew,820,88,4,88,4,9
skew,821,95,4,98,5,9
skew,822,76,3,76,3,9
skew,823,86,4,86,4,9
skew,824,75,3,75,3,7
skew,825,85,4,89,4,9
skew,826,89,4,89,4,9
skew,827,89,4,89,4,9
skew,828,89,4,89,4,9
skew,829,89,4,89,4,9
skew,830,89,4,89,4,9
skew,831,77,3,77,3,9
skew,832,46,2,53,2,9
skew,833,56,3,63,3,9
skew,834,61,3,68,3,9
skew,835,62,3,69,3,9
skew,836,66,3,73,3,9
skew,837,67,3,74,3,9
skew,838,72,3,79,3,9
skew,839,73,3,80,3,9
skew,840,59,3,66,3,9
skew,841,60,2,60,2,13
skew,842,74,4,81,4,9
skew,843,75,3,75,3,13
skew,844,79,4,86,4,9
skew,845,80,3,80,3,13
skew,846,85,4,92,4,9
skew,847,86,3,86,3,13
skew,848,64,3,71,3,9
skew,849,74,4,81,4,9
skew,850,66,3,73,3,11
skew,851,76,4,83,4,11
skew,852,84,4,91,4,9
skew,853,85,4,92,4,9
skew,854,86,4,93,4,11
skew,855,87,4,94,4,11
skew,856,65,3,72,3,9
skew,857,75,4,78,3,13
skew,858,79,4,86,4,11
skew,859,67,3,80,3,15
skew,860,85,4,92,4,9
skew,861,86,4,98,4,13
skew,862,91,4,106,5,11
skew,863,87,4,100,4,15
skew,864,69,3,76,3,9
skew,865,79,4,86,4,9
skew,866,84,4,91,4,9
skew,867,85,4,92,4,9
skew,868,71,3,78,3,11
skew,869,81,4,88,4,11
skew,870,86,4,93,4,11
skew,871,87,4,94,4,11
skew,872,70,3,77,3,9
skew,873,80,4,83,3,13
skew,874,85,4,92,4,9
skew,875,86,4,98,4,13
skew,876,84,4,91,4,11
skew,877,72,3,85,3,15
skew,878,96,4,106,5,11
skew,879,87,4,100,4,15
skew,880,75,3,82,3,9
skew,881,85,4,92,4,9
skew,882,89,4,96,4,11
skew,883,91,4,106,5,11
skew,884,89,4,96,4,11
skew,885,96,4,106,5,11
skew,886,77,3,84,3,11
skew,887,87,4,94,4,11
skew,888,76,3,83,3,9
skew,889,86,4,89,3,13
skew,890,90,4,97,4,11
skew,891,90,4,103,4,15
skew,892,90,4,97,4,11
skew,893,90,4,103,4,15
skew,894,90,4,97,4,11
skew,895,78,3,91,3,15
skew,896,51,2,51,2,7
skew,897,61,3,61,3,7
skew,898,66,3,66,3,7
skew,899,67,3,67,3,7
skew,900,71,3,71,3,7
skew,901,72,3,72,3,7
skew,902,77,3,77,3,7
skew,903,78,3,78,3,7
skew,904,64,3,64,3,7
skew,905,66,3,66,3,9
skew,906,79,4,79,4,7
skew,907,80,4,81,4,9
skew,908,84,4,84,4,7
skew,909,85,4,86,4,9
skew,910,90,4,90,4,7
skew,911,91,4,92,4,9
skew,912,69,3,69,3,7
skew,913,79,4,79,4,7
skew,914,71,3,71,3,9
skew,915,81,4,81,4,9
skew,916,89,4,89,4,7
skew,917,90,4,90,4,7
skew,918,91,4,91,4,9
skew,919,92,4,92,4,9
skew,920,70,3,70,3,7
skew,921,80,4,84,4,9
skew,922,84,4,84,4,9
skew,923,72,3,72,3,9
skew,924,90,4,90,4,7
skew,925,91,4,104,5,9
skew,926,96,4,104,5,9
skew,927,92,4,92,4,9
skew,928,74,3,74,3,7
skew,929,84,4,84,4,7
skew,930,89,4,89,4,7
skew,931,90,4,90,4,7
skew,932,76,3,76,3,9
skew,933,86,4,86,4,9
skew,934,91,4,91,4,9
skew,935,92,4,92,4,9
skew,936,75,3,75,3,7
skew,937,85,4,89,4,9
skew,938,90,4,90,4,7
skew,939,91,4,104,5,9
skew,940,89,4,89,4,9
skew,941,77,3,77,3,9
skew,942,101,4,104,5,9
skew,943,92,4,92,4,9
skew,944,80,3,80,3,7
skew,945,90,4,90,4,7
skew,946,94,4,94,4,9
skew,947,96,4,104,5,9
skew,948,94,4,94,4,9
skew,949,101,4,104,5,9
skew,950,82,3,82,3,9
skew,951,92,4,92,4,9
skew,952,81,3,81,3,7
skew,953,91,4,95,4,9
skew,954,95,4,95,4,9
skew,955,95,4,95,4,9
skew,956,95,4,95,4,9
skew,957,95,4,95,4,9
skew,958,95,4,95,4,9
skew,959,83,3,83,3,9
skew,960,52,2,59,2,9
skew,961,62,3,69,3,9
skew,962,67,3,74,3,9
skew,963,68,3,75,3,9
skew,964,72,3,79,3,9
skew,965,73,3,80,3,9
skew,966,78,3,85,3,9
skew,967,79,3,86,3,9
skew,968,65,3,72,3,9
skew,969,66,2,66,2,13
skew,970,80,4,87,4,9
skew,971,81,3,81,3,13
skew,972,85,4,92,4,9
skew,973,86,3,86,3,13
skew,974,91,4,98,4,9
skew,975,92,3,92,3,13
skew,976,70,3,77,3,9
skew,977,80,4,87,4,9
skew,978,72,3,79,3,11
skew,979,82,4,89,4,11
skew,980,90,4,97,4,9
skew,981,91,4,98,4,9
skew,982,92,4,99,4,11
skew,983,93,4,100,4,11
skew,984,71,3,78,3,9
skew,985,81,4,84,3,13
skew,986,85,4,92,4,11
skew,987,73,3,86,3,15
skew,988,91,4,98,4,9
skew,989,92,4,104,4,13
skew,990,97,4,112,5,11
skew,991,93,4,106,4,15
skew,992,75,3,82,3,9
skew,993,85,4,92,4,9
skew,994,90,4,97,4,9
skew,995,91,4,98,4,9
skew,996,77,3,84,3,11
skew,997,87,4,94,4,11
skew,998,92,4,99,4,11
skew,999,93,4,100,4,11
skew,1000,76,3,83,3,9
skew,1001,86,4,89,3,13
skew,1002,91,4,98,4,9
skew,1003,92,4,104,4,13
skew,1004,90,4,97,4,11
skew,1005,78,3,91,3,15
skew,1006,102,4,112,5,11
skew,1007,93,4,106,4,15
skew,1008,81,3,88,3,9
skew,1009,91,4,98,4,9
skew,1010,95,4,102,4,11
skew,1011,97,4,112,5,11
skew,1012,95,4,102,4,11
skew,1013,102,4,112,5,11
skew,1014,83,3,90,3,11
skew,1015,93,4,100,4,11
skew,1016,82,3,89,3,9
skew,1017,92,4,95,3,13
skew,1018,96,4,103,4,11
skew,1019,96,4,109,4,15
skew,1020,96,4,103,4,11
skew,1021,96,4,109,4,15
skew,1022,96,4,103,4,11
skew,1023,84,3,97,3,15
skew,1024,24,1,24,1,7
skew,1025,34,2,34,2,7
skew,1026,39,2,39,2,7
skew,1027,40,2,40,2,7
skew,1028,44,2,44,2,7
skew,1029,45,2,45,2,7
skew,1030,50,2,50,2,7
skew,1031,51,2,51,2,7
skew,1032,37,2,37,2,7
skew,1033,39,2,39,2,9
skew,1034,52,3,52,3,7
skew,1035,53,3,54,3,9
skew,1036,57,3,57,3,7
skew,1037,58,3,59,3,9
skew,1038,63,3,63,3,7
skew,1039,64,3,65,3,9
skew,1040,42,2,42,2,7
skew,1041,52,3,52,3,7
skew,1042,44,2,44,2,9
skew,1043,54,3,54,3,9
skew,1044,62,3,62,3,7
skew,1045,63,3,63,3,7
skew,1046,64,3,64,3,9
skew,1047,65,3,65,3,9
skew,1048,43,2,43,2,7
skew,1049,53,3,57,3,9
skew,1050,57,3,57,3,9
skew,1051,45,2,45,2,9
skew,1052,63,3,63,3,7
skew,1053,64,3,77,4,9
skew,1054,69,3,77,4,9
skew,1055,65,3,65,3,9
skew,1056,47,2,47,2,7
skew,1057,57,3,57,3,7
skew,1058,62,3,62,3,7
skew,1059,63,3,63,3,7
skew,1060,49,2,49,2,9
skew,1061,59,3,59,3,9
skew,1062,64,3,64,3,9
skew,1063,65,3,65,3,9
skew,1064,48,2,48,2,7
skew,1065,58,3,62,3,9
skew,1066,63,3,63,3,7
skew,1067,64,3,77,4,9
skew,1068,62,3,62,3,9
skew,1069,50,2,50,2,9
skew,1070,74,3,77,4,9
skew,1071,65,3,65,3,9
skew,1072,53,2,53,2,7
skew,1073,63,3,63,3,7
skew,1074,67,3,67,3,9
skew,1075,69,3,77,4,9
skew,1076,67,3,67,3,9
skew,1077,74,3,77,4,9
skew,1078,55,2,55,2,9
skew,1079,65,3,65,3,9
skew,1080,54,2,54,2,7
skew,1081,64,3,68,3,9
skew,1082,68,3,68,3,9
skew,1083,68,3,68,3,9
skew,1084,68,3,68,3,9
skew,1085,68,3,68,3,9
skew,1086,68,3,68,3,9
skew,1087,56,2,56,2,9
skew,1088,40,2,40,2,7
skew,1089,50,3,50,3,7
skew,1090,55,3,55,3,7
skew,1091,56,3,56,3,7
skew,1092,60,3,60,3,7
skew,1093,61,3,61,3,7
skew,1094,66,3,66,3,7
skew,1095,67,3,67,3,7
skew,1096,53,3,53,3,7
skew,1097,55,3,55,3,9
skew,1098,68,4,68,4,7
skew,1099,69,4,70,4,9
skew,1100,73,4,73,4,7
skew,1101,74,4,75,4,9
skew,1102,79,4,79,4,7
skew,1103,80,4,81,4,9
skew,1104,58,3,58,3,7
skew,1105,68,4,68,4,7
skew,1106,60,3,60,3,9
skew,1107,70,4,70,4,9
skew,1108,78,4,78,4,7
skew,1109,79,4,79,4,7
skew,1110,80,4,80,4,9
skew,1111,81,4,81,4,9
skew,1112,59,3,59,3,7
skew,1113,69,4,73,4,9
skew,1114,73,4,73,4,9
skew,1115,61,3,61,3,9
skew,1116,79,4,79,4,7
skew,1117,80,4,93,5,9
skew,1118,85,4,93,5,9
skew,1119,81,4,81,4,9
skew,1120,63,3,63,3,7
skew,1121,73,4,73,4,7
skew,1122,78,4,78,4,7
skew,1123,79,4,79,4,7
skew,1124,65,3,65,3,9
skew,1125,75,4,75,4,9
skew,1126,80,4,80,4,9
skew,1127,81,4,81,4,9
skew,1128,64,3,64,3,7
skew,1129,74,4,78,4,9
skew,1130,79,4,79,4,7
skew,1131,80,4,93,5,9
skew,1132,78,4,78,4,9
skew,1133,66,3,66,3,9
skew,1134,90,4,93,5,9
skew,1135,81,4,81,4,9
skew,1136,69,3,69,3,7
skew,1137,79,4,79,4,7
skew,1138,83,4,83,4,9
skew,1139,85,4,93,5,9
skew,1140,83,4,83,4,9
skew,1141,90,4,93,5,9
skew,1142,71,3,71,3,9
skew,1143,81,4,81,4,9
skew,1144,70,3,70,3,7
skew,1145,80,4,84,4,9
skew,1146,84,4,84,4,9
skew,1147,84,4,84,4,9
skew,1148,84,4,84,4,9
skew,1149,84,4,84,4,9
skew,1150,84,4,84,4,9
skew,1151,72,3,72,3,9
skew,1152,32,1,32,1,9
skew,1153,42,2,42,2,9
skew,1154,47,2,47,2,9
skew,1155,48,2,48,2,9
skew,1156,52,2,52,2,9
skew,1157,53,2,53,2,9
skew,1158,58,2,58,2,9
skew,1159,59,2,59,2,9
skew,1160,45,2,45,2,9
skew,1161,47,2,47,2,11
skew,1162,60,3,60,3,9
skew,1163,61,3,62,3,11
skew,1164,65,3,65,3,9
skew,1165,66,3,67,3,11
skew,1166,71,3,71,3,9
skew,1167,72,3,73,3,11
skew,1168,50,2,50,2,9
skew,1169,60,3,60,3,9
skew,1170,39,1,39,1,13
skew,1171,49,2,49,2,13
skew,1172,70,3,70,3,9
skew,1173,71,3,71,3,9
skew,1174,59,2,59,2,13
skew,1175,60,2,60,2,13
skew,1176,51,2,51,2,9
skew,1177,61,3,65,3,11
skew,1178,52,2,52,2,13
skew,1179,53,2,54,2,15
skew,1180,71,3,71,3,9
skew,1181,72,3,85,4,11
skew,1182,72,3,72,3,13
skew,1183,73,3,74,3,15
skew,1184,55,2,55,2,9
skew,1185,65,3,65,3,9
skew,1186,70,3,70,3,9
skew,1187,71,3,71,3,9
skew,1188,57,2,57,2,11
skew,1189,67,3,67,3,11
skew,1190,72,3,72,3,11
skew,1191,73,3,73,3,11
skew,1192,56,2,56,2,9
skew,1193,66,3,70,3,11
skew,1194,71,3,71,3,9
skew,1195,72,3,85,4,11
skew,1196,70,3,70,3,11
skew,1197,58,2,58,2,11
skew,1198,82,3,85,4,11
skew,1199,73,3,73,3,11
skew,1200,61,2,61,2,9
skew,1201,71,3,71,3,9
skew,1202,62,2,62,2,13
skew,1203,72,3,72,3,13
skew,1204,75,3,75,3,11
skew,1205,82,3,85,4,11
skew,1206,63,2,64,2,15
skew,1207,73,3,74,3,15
skew,1208,62,2,62,2,9
skew,1209,72,3,76,3,11
skew,1210,63,2,63,2,13
skew,1211,73,3,77,3,15
skew,1212,76,3,76,3,11
skew,1213,76,3,76,3,11
skew,1214,76,3,77,3,15
skew,1215,64,2,65,2,15
skew,1216,46,2,48,2,9
skew,1217,56,3,58,3,9
skew,1218,61,3,63,3,9
skew,1219,62,3,64,3,9
skew,1220,66,3,68,3,9
skew,1221,67,3,69,3,9
skew,1222,72,3,74,3,9
skew,1223,73,3,75,3,9
skew,1224,59,3,61,3,9
skew,1225,61,3,63,3,11
skew,1226,74,4,76,4,9
skew,1227,75,4,78,4,11
skew,1228,79,4,81,4,9
skew,1229,80,4,83,4,11
skew,1230,85,4,87,4,9
skew,1231,86,4,89,4,11
skew,1232,64,3,66,3,9
skew,1233,74,4,76,4,9
skew,1234,55,2,55,2,13
skew,1235,65,3,65,3,13
skew,1236,84,4,86,4,9
skew,1237,85,4,87,4,9
skew,1238,75,3,75,3,13
skew,1239,76,3,76,3,13
skew,1240,65,3,67,3,9
skew,1241,75,4,81,4,11
skew,1242,68,3,68,3,13
skew,1243,67,3,70,3,15
skew,1244,85,4,87,4,9
skew,1245,86,4,101,5,11
skew,1246,88,4,88,4,13
skew,1247,87,4,90,4,15
skew,1248,69,3,71,3,9
skew,1249,79,4,81,4,9
skew,1250,84,4,86,4,9
skew,1251,85,4,87,4,9
skew,1252,71,3,73,3,11
skew,1253,81,4,83,4,11
skew,1254,86,4,88,4,11
skew,1255,87,4,89,4,11
skew,1256,70,3,72,3,9
skew,1257,80,4,86,4,11
skew,1258,85,4,87,4,9
skew,1259,86,4,101,5,11
skew,1260,84,4,86,4,11
skew,1261,72,3,74,3,11
skew,1262,96,4,101,5,11
skew,1263,87,4,89,4,11
skew,1264,75,3,77,3,9
skew,1265,85,4,87,4,9
skew,1266,78,3,78,3,13
skew,1267,88,4,88,4,13
skew,1268,89,4,91,4,11
skew,1269,96,4,101,5,11
skew,1270,77,3,80,3,15
skew,1271,87,4,90,4,15
skew,1272,76,3,78,3,9
skew,1273,86,4,92,4,11
skew,1274,79,3,79,3,13
skew,1275,89,4,93,4,15
skew,1276,90,4,92,4,11
skew,1277,90,4,92,4,11
skew,1278,90,4,93,4,15
skew,1279,78,3,81,3,15
skew,1280,50,2,50,2,7
skew,1281,60,3,60,3,7
skew,1282,65,3,65,3,7
skew,1283,66,3,66,3,7
skew,1284,70,3,70,3,7
skew,1285,71,3,71,3,7
skew,1286,76,3,76,3,7
skew,1287,77,3,77,3,7
skew,1288,63,3,63,3,7
skew,1289,65,3,65,3,9
skew,1290,78,4,78,4,7
skew,1291,79,4,80,4,9
skew,1292,83,4,83,4,7
skew,1293,84,4,85,4,9
skew,1294,89,4,89,4,7
skew,1295,90,4,91,4,9
skew,1296,68,3,68,3,7
skew,1297,78,4,78,4,7
skew,1298,70,3,70,3,9
skew,1299,80,4,80,4,9
skew,1300,88,4,88,4,7
skew,1301,89,4,89,4,7
skew,1302,90,4,90,4,9
skew,1303,91,4,91,4,9
skew,1304,69,3,69,3,7
skew,1305,79,4,83,4,9
skew,1306,83,4,83,4,9
skew,1307,71,3,71,3,9
skew,1308,89,4,89,4,7
skew,1309,90,4,103,5,9
skew,1310,95,4,103,5,9
skew,1311,91,4,91,4,9
skew,1312,73,3,73,3,7
skew,1313,83,4,83,4,7
skew,1314,88,4,88,4,7
skew,1315,89,4,89,4,7
skew,1316,75,3,75,3,9
skew,1317,85,4,85,4,9
skew,1318,90,4,90,4,9
skew,1319,91,4,91,4,9
skew,1320,74,3,74,3,7
skew,1321,84,4,88,4,9
skew,1322,89,4,89,4,7
skew,1323,90,4,103,5,9
skew,1324,88,4,88,4,9
skew,1325,76,3,76,3,9
skew,1326,100,4,103,5,9
skew,1327,91,4,91,4,9
skew,1328,79,3,79,3,7
skew,1329,89,4,89,4,7
skew,1330,93,4,93,4,9
skew,1331,95,4,103,5,9
skew,1332,93,4,93,4,9
skew,1333,100,4,103,5,9
skew,1334,81,3,81,3,9
skew,1335,91,4,91,4,9
skew,1336,80,3,80,3,7
skew,1337,90,4,94,4,9
skew,1338,94,4,94,4,9
skew,1339,94,4,94,4,9
skew,1340,94,4,94,4,9
skew,1341,94,4,94,4,9
skew,1342,94,4,94,4,9
skew,1343,82,3,82,3,9
skew,1344,51,2,51,2,7
skew,1345,61,3,61,3,7
skew,1346,66,3,66,3,7
skew,1347,67,3,67,3,7
skew,1348,71,3,71,3,7
skew,1349,72,3,72,3,7
skew,1350,77,3,77,3,7
skew,1351,78,3,78,3,7
skew,1352,64,3,64,3,7
skew,1353,66,3,66,3,9
skew,1354,79,4,79,4,7
skew,1355,80,4,81,4,9
skew,1356,84,4,84,4,7
skew,1357,85,4,86,4,9
skew,1358,90,4,90,4,7
skew,1359,91,4,92,4,9
skew,1360,69,3,69,3,7
skew,1361,79,4,79,4,7
skew,1362,71,3,71,3,9
skew,1363,81,4,81,4,9
skew,1364,89,4,89,4,7
skew,1365,90,4,90,4,7
skew,1366,91,4,91,4,9
skew,1367,92,4,92,4,9
skew,1368,70,3,70,3,7
skew,1369,80,4,84,4,9
skew,1370,84,4,84,4,9
skew,1371,72,3,72,3,9
skew,1372,90,4,90,4,7
skew,1373,91,4,104,5,9
skew,1374,96,4,104,5,9
skew,1375,92,4,92,4,9
skew,1376,74,3,74,3,7
skew,1377,84,4,84,4,7
skew,1378,89,4,89,4,7
skew,1379,90,4,90,4,7
skew,1380,76,3,76,3,9
skew,1381,86,4,86,4,9
skew,1382,91,4,91,4,9
skew,1383,92,4,92,4,9
skew,1384,75,3,75,3,7
skew,1385,85,4,89,4,9
skew,1386,90,4,90,4,7
skew,1387,91,4,104,5,9
skew,1388,89,4,89,4,9
skew,1389,77,3,77,3,9
skew,1390,101,4,104,5,9
skew,1391,92,4,92,4,9
skew,1392,80,3,80,3,7
skew,1393,90,4,90,4,7
skew,1394,94,4,94,4,9
skew,1395,96,4,104,5,9
skew,1396,94,4,94,4,9
skew,1397,101,4,104,5,9
skew,1398,82,3,82,3,9
skew,1399,92,4,92,4,9
skew,1400,81,3,81,3,7
skew,1401,91,4,95,4,9
skew,1402,95,4,95,4,9
skew,1403,95,4,95,4,9
skew,1404,95,4,95,4,9
skew,1405,95,4,95,4,9
skew,1406,95,4,95,4,9
skew,1407,83,3,83,3,9
skew,1408,56,2,58,2,9
skew,1409,66,3,68,3,9
skew,1410,71,3,73,3,9
skew,1411,72,3,74,3,9
skew,1412,76,3,78,3,9
skew,1413,77,3,79,3,9
skew,1414,82,3,84,3,9
skew,1415,83,3,85,3,9
skew,1416,69,3,71,3,9
skew,1417,71,3,73,3,11
skew,1418,84,4,86,4,9
skew,1419,85,4,88,4,11
skew,1420,89,4,91,4,9
skew,1421,90,4,93,4,11
skew,1422,95,4,97,4,9
skew,1423,96,4,99,4,11
skew,1424,74,3,76,3,9
skew,1425,84,4,86,4,9
skew,1426,65,2,65,2,13
skew,1427,75,3,75,3,13
skew,1428,94,4,96,4,9
skew,1429,95,4,97,4,9
skew,1430,85,3,85,3,13
skew,1431,86,3,86,3,13
skew,1432,75,3,77,3,9
skew,1433,85,4,91,4,11
skew,1434,78,3,78,3,13
skew,1435,77,3,80,3,15
skew,1436,95,4,97,4,9
skew,1437,96,4,111,5,11
skew,1438,98,4,98,4,13
skew,1439,97,4,100,4,15
skew,1440,79,3,81,3,9
skew,1441,89,4,91,4,9
skew,1442,94,4,96,4,9
skew,1443,95,4,97,4,9
skew,1444,81,3,83,3,11
skew,1445,91,4,93,4,11
skew,1446,96,4,98,4,11
skew,1447,97,4,99,4,11
skew,1448,80,3,82,3,9
skew,1449,90,4,96,4,11
skew,1450,95,4,97,4,9
skew,1451,96,4,111,5,11
skew,1452,94,4,96,4,11
skew,1453,82,3,84,3,11
skew,1454,106,4,111,5,11
skew,1455,97,4,99,4,11
skew,1456,85,3,87,3,9
skew,1457,95,4,97,4,9
skew,1458,88,3,88,3,13
skew,1459,98,4,98,4,13
skew,1460,99,4,101,4,11
skew,1461,106,4,111,5,11
skew,1462,87,3,90,3,15
skew,1463,97,4,100,4,15
skew,1464,86,3,88,3,9
skew,1465,96,4,102,4,11
skew,1466,89,3,89,3,13
skew,1467,99,4,103,4,15
skew,1468,100,4,102,4,11
skew,1469,100,4,102,4,11
skew,1470,100,4,103,4,15
skew,1471,88,3,91,3,15
skew,1472,57,2,59,2,9
skew,1473,67,3,69,3,9
skew,1474,72,3,74,3,9
skew,1475,73,3,75,3,9
skew,1476,77,3,79,3,9
skew,1477,78,3,80,3,9
skew,1478,83,3,85,3,9
skew,1479,84,3,86,3,9
skew,1480,70,3,72,3,9
skew,1481,72,3,74,3,11
skew,1482,85,4,87,4,9
skew,1483,86,4,89,4,11
skew,1484,90,4,92,4,9
skew,1485,91,4,94,4,11
skew,1486,96,4,98,4,9
skew,1487,97,4,100,4,11
skew,1488,75,3,77,3,9
skew,1489,85,4,87,4,9
skew,1490,66,2,66,2,13
skew,1491,76,3,76,3,13
skew,1492,95,4,97,4,9
skew,1493,96,4,98,4,9
skew,1494,86,3,86,3,13
skew,1495,87,3,87,3,13
skew,1496,76,3,78,3,9
skew,1497,86,4,92,4,11
skew,1498,79,3,79,3,13
skew,1499,78,3,81,3,15
skew,1500,96,4,98,4,9
skew,1501,97,4,112,5,11
skew,1502,99,4,99,4,13
skew,1503,98,4,101,4,15
skew,1504,80,3,82,3,9
skew,1505,90,4,92,4,9
skew,1506,95,4,97,4,9
skew,1507,96,4,98,4,9
skew,1508,82,3,84,3,11
skew,1509,92,4,94,4,11
skew,1510,97,4,99,4,11
skew,1511,98,4,100,4,11
skew,1512,81,3,83,3,9
skew,1513,91,4,97,4,11
skew,1514,96,4,98,4,9
skew,1515,97,4,112,5,11
skew,1516,95,4,97,4,11
skew,1517,83,3,85,3,11
skew,1518,107,4,112,5,11
skew,1519,98,4,100,4,11
skew,1520,86,3,88,3,9
skew,1521,96,4,98,4,9
skew,1522,89,3,89,3,13
skew,1523,99,4,99,4,13
skew,1524,100,4,102,4,11
skew,1525,107,4,112,5,11
skew,1526,88,3,91,3,15
skew,1527,98,4,101,4,15
skew,1528,87,3,89,3,9
skew,1529,97,4,103,4,11
skew,1530,90,3,90,3,13
skew,1531,100,4,104,4,15
skew,1532,101,4,103,4,11
skew,1533,101,4,103,4,11
skew,1534,101,4,104,4,15
skew,1535,89,3,92,3,15
skew,1536,25,1,25,1,7
skew,1537,35,2,35,2,7
skew,1538,40,2,40,2,7
skew,1539,41,2,41,2,7
skew,1540,45,2,45,2,7
skew,1541,46,2,46,2,7
skew,1542,51,2,51,2,7
skew,1543,52,2,52,2,7
skew,1544,38,2,38,2,7
skew,1545,40,2,40,2,9
skew,1546,53,3,53,3,7
skew,1547,54,3,55,3,9
skew,1548,58,3,58,3,7
skew,1549,59,3,60,3,9
skew,1550,64,3,64,3,7
skew,1551,65,3,66,3,9
skew,1552,43,2,43,2,7
skew,1553,53,3,53,3,7
skew,1554,45,2,45,2,9
skew,1555,55,3,55,3,9
skew,1556,63,3,63,3,7
skew,1557,64,3,64,3,7
skew,1558,65,3,65,3,9
skew,1559,66,3,66,3,9
skew,1560,44,2,44,2,7
skew,1561,54,3,58,3,9
skew,1562,58,3,58,3,9
skew,1563,46,2,46,2,9
skew,1564,64,3,64,3,7
skew,1565,65,3,78,4,9
skew,1566,70,3,78,4,9
skew,1567,66,3,66,3,9
skew,1568,48,2,48,2,7
skew,1569,58,3,58,3,7
skew,1570,63,3,63,3,7
skew,1571,64,3,64,3,7
skew,1572,50,2,50,2,9
skew,1573,60,3,60,3,9
skew,1574,65,3,65,3,9
skew,1575,66,3,66,3,9
skew,1576,49,2,49,2,7
skew,1577,59,3,63,3,9
skew,1578,64,3,64,3,7
skew,1579,65,3,78,4,9
skew,1580,63,3,63,3,9
skew,1581,51,2,51,2,9
skew,1582,75,3,78,4,9
skew,1583,66,3,66,3,9
skew,1584,54,2,54,2,7
skew,1585,64,3,64,3,7
skew,1586,68,3,68,3,9
skew,1587,70,3,78,4,9
skew,1588,68,3,68,3,9
skew,1589,75,3,78,4,9
skew,1590,56,2,56,2,9
skew,1591,66,3,66,3,9
skew,1592,55,2,55,2,7
skew,1593,65,3,69,3,9
skew,1594,69,3,69,3,9
skew,1595,69,3,69,3,9
skew,1596,69,3,69,3,9
skew,1597,69,3,69,3,9
skew,1598,69,3,69,3,9
skew,1599,57,2,57,2,9
skew,1600,41,2,51,2,9
skew,1601,51,3,61,3,9
skew,1602,56,3,66,3,9
skew,1603,57,3,67,3,9
skew,1604,61,3,71,3,9
skew,1605,62,3,72,3,9
skew,1606,67,3,77,3,9
skew,1607,68,3,78,3,9
skew,1608,54,3,64,3,9
skew,1609,56,3,58,2,13
skew,1610,69,4,79,4,9
skew,1611,70,4,73,3,13
skew,1612,74,4,84,4,9
skew,1613,75,4,78,3,13
skew,1614,80,4,90,4,9
skew,1615,81,4,84,3,13
skew,1616,59,3,69,3,9
skew,1617,69,4,79,4,9
skew,1618,61,3,71,3,11
skew,1619,71,4,81,4,11
skew,1620,79,4,89,4,9
skew,1621,80,4,90,4,9
skew,1622,81,4,91,4,11
skew,1623,82,4,92,4,11
skew,1624,60,3,70,3,9
skew,1625,70,4,76,3,13
skew,1626,74,4,84,4,11
skew,1627,62,3,78,3,15
skew,1628,80,4,90,4,9
skew,1629,81,4,96,4,13
skew,1630,86,4,104,5,11
skew,1631,82,4,98,4,15
skew,1632,64,3,74,3,9
skew,1633,74,4,84,4,9
skew,1634,79,4,89,4,9
skew,1635,80,4,90,4,9
skew,1636,66,3,76,3,11
skew,1637,76,4,86,4,11
skew,1638,81,4,91,4,11
skew,1639,82,4,92,4,11
skew,1640,65,3,75,3,9
skew,1641,75,4,81,3,13
skew,1642,80,4,90,4,9
skew,1643,81,4,96,4,13
skew,1644,79,4,89,4,11
skew,1645,67,3,83,3,15
skew,1646,91,4,104,5,11
skew,1647,82,4,98,4,15
skew,1648,70,3,80,3,9
skew,1649,80,4,90,4,9
skew,1650,84,4,94,4,11
skew,1651,86,4,104,5,11
skew,1652,84,4,94,4,11
skew,1653,91,4,104,5,11
skew,1654,72,3,82,3,11
skew,1655,82,4,92,4,11
skew,1656,71,3,81,3,9
skew,1657,81,4,87,3,13
skew,1658,85,4,95,4,11
skew,1659,85,4,101,4,15
skew,1660,85,4,95,4,11
skew,1661,85,4,101,4,15
skew,1662,85,4,95,4,11
skew,1663,73,3,89,3,15
skew,1664,46,2,51,2,9
skew,1665,56,3,61,3,9
skew,1666,61,3,66,3,9
skew,1667,62,3,67,3,9
skew,1668,66,3,71,3,9
skew,1669,67,3,72,3,9
skew,1670,72,3,77,3,9
skew,1671,73,3,78,3,9
skew,1672,59,3,64,3,9
skew,1673,61,3,66,3,11
skew,1674,74,4,79,4,9
skew,1675,75,4,81,4,11
skew,1676,79,4,84,4,9
skew,1677,80,4,86,4,11
skew,1678,85,4,90,4,9
skew,1679,86,4,92,4,11
skew,1680,64,3,69,3,9
skew,1681,74,4,79,4,9
skew,1682,58,2,58,2,13
skew,1683,68,3,68,3,13
skew,1684,84,4,89,4,9
skew,1685,85,4,90,4,9
skew,1686,78,3,78,3,13
skew,1687,79,3,79,3,13
skew,1688,65,3,70,3,9
skew,1689,75,4,84,4,11
skew,1690,71,3,71,3,13
skew,1691,67,3,73,3,15
skew,1692,85,4,90,4,9
skew,1693,86,4,104,5,11
skew,1694,91,4,91,4,13
skew,1695,87,4,93,4,15
skew,1696,69,3,74,3,9
skew,1697,79,4,84,4,9
skew,1698,84,4,89,4,9
skew,1699,85,4,90,4,9
skew,1700,71,3,76,3,11
skew,1701,81,4,86,4,11
skew,1702,86,4,91,4,11
skew,1703,87,4,92,4,11
skew,1704,70,3,75,3,9
skew,1705,80,4,89,4,11
skew,1706,85,4,90,4,9
skew,1707,86,4,104,5,11
skew,1708,84,4,89,4,11
skew,1709,72,3,77,3,11
skew,1710,96,4,104,5,11
skew,1711,87,4,92,4,11
skew,1712,75,3,80,3,9
skew,1713,85,4,90,4,9
skew,1714,81,3,81,3,13
skew,1715,91,4,91,4,13
skew,1716,89,4,94,4,11
skew,1717,96,4,104,5,11
skew,1718,77,3,83,3,15
skew,1719,87,4,93,4,15
skew,1720,76,3,81,3,9
skew,1721,86,4,95,4,11
skew,1722,82,3,82,3,13
skew,1723,90,4,96,4,15
skew,1724,90,4,95,4,11
skew,1725,90,4,95,4,11
skew,1726,90,4,96,4,15
skew,1727,78,3,84,3,15
skew,1728,33,1,33,1,9
skew,1729,43,2,43,2,9
skew,1730,48,2,48,2,9
skew,1731,49,2,49,2,9
skew,1732,53,2,53,2,9
skew,1733,54,2,54,2,9
skew,1734,59,2,59,2,9
skew,1735,60,2,60,2,9
skew,1736,46,2,46,2,9
skew,1737,48,2,66,2,15
skew,1738,61,3,61,3,9
skew,1739,62,3,81,3,15
skew,1740,66,3,66,3,9
skew,1741,67,3,86,3,15
skew,1742,72,3,72,3,9
skew,1743,73,3,92,3,15
skew,1744,51,2,51,2,9
skew,1745,61,3,61,3,9
skew,1746,53,2,66,2,15
skew,1747,63,3,76,3,15
skew,1748,71,3,71,3,9
skew,1749,72,3,72,3,9
skew,1750,73,3,86,3,15
skew,1751,74,3,87,3,15
skew,1752,52,2,52,2,9
skew,1753,62,3,84,3,15
skew,1754,66,3,79,3,15
skew,1755,40,1,40,1,13
skew,1756,72,3,72,3,9
skew,1757,73,3,104,4,15
skew,1758,78,3,99,4,15
skew,1759,60,2,60,2,13
skew,1760,56,2,56,2,9
skew,1761,66,3,66,3,9
skew,1762,71,3,71,3,9
skew,1763,72,3,72,3,9
skew,1764,58,2,58,2,11
skew,1765,68,3,68,3,11
skew,1766,73,3,73,3,11
skew,1767,74,3,74,3,11
skew,1768,57,2,57,2,9
skew,1769,67,3,89,3,15
skew,1770,72,3,72,3,9
skew,1771,73,3,104,4,15
skew,1772,71,3,71,3,11
skew,1773,59,2,91,3,17
skew,1774,83,3,86,4,11
skew,1775,74,3,106,4,17
skew,1776,62,2,62,2,9
skew,1777,72,3,72,3,9
skew,1778,76,3,89,3,15
skew,1779,78,3,99,4,15
skew,1780,76,3,76,3,11
skew,1781,83,3,86,4,11
skew,1782,64,2,91,3,17
skew,1783,74,3,101,4,17
skew,1784,63,2,63,2,9
skew,1785,73,3,95,3,15
skew,1786,77,3,90,3,15
skew,1787,63,2,63,2,13
skew,1788,77,3,77,3,11
skew,1789,77,3,109,4,17
skew,1790,77,3,104,4,17
skew,1791,65,2,65,2,15
skew,1792,51,2,51,2,7
skew,1793,61,3,61,3,7
skew,1794,66,3,66,3,7
skew,1795,67,3,67,3,7
skew,1796,71,3,71,3,7
skew,1797,72,3,72,3,7
skew,1798,77,3,77,3,7
skew,1799,78,3,78,3,7
skew,1800,64,3,64,3,7
skew,1801,66,3,66,3,9
skew,1802,79,4,79,4,7
skew,1803,80,4,81,4,9
skew,1804,84,4,84,4,7
skew,1805,85,4,86,4,9
skew,1806,90,4,90,4,7
skew,1807,91,4,92,4,9
skew,1808,69,3,69,3,7
skew,1809,79,4,79,4,7
skew,1810,71,3,71,3,9
skew,1811,81,4,81,4,9
skew,1812,89,4,89,4,7
skew,1813,90,4,90,4,7
skew,1814,91,4,91,4,9
skew,1815,92,4,92,4,9
skew,1816,70,3,70,3,7
skew,1817,80,4,84,4,9
skew,1818,84,4,84,4,9
skew,1819,72,3,72,3,9
skew,1820,90,4,90,4,7
skew,1821,91,4,104,5,9
skew,1822,96,4,104,5,9
skew,1823,92,4,92,4,9
skew,1824,74,3,74,3,7
skew,1825,84,4,84,4,7
skew,1826,89,4,89,4,7
skew,1827,90,4,90,4,7
skew,1828,76,3,76,3,9
skew,1829,86,4,86,4,9
skew,1830,91,4,91,4,9
skew,1831,92,4,92,4,9
skew,1832,75,3,75,3,7
skew,1833,85,4,89,4,9
skew,1834,90,4,90,4,7
skew,1835,91,4,104,5,9
skew,1836,89,4,89,4,9
skew,1837,77,3,77,3,9
skew,1838,101,4,104,5,9
skew,1839,92,4,92,4,9
skew,1840,80,3,80,3,7
skew,1841,90,4,90,4,7
skew,1842,94,4,94,4,9
skew,1843,96,4,104,5,9
skew,1844,94,4,94,4,9
skew,1845,101,4,104,5,9
skew,1846,82,3,82,3,9
skew,1847,92,4,92,4,9
skew,1848,81,3,81,3,7
skew,1849,91,4,95,4,9
skew,1850,95,4,95,4,9
skew,1851,95,4,95,4,9
skew,1852,95,4,95,4,9
skew,1853,95,4,95,4,9
skew,1854,95,4,95,4,9
skew,1855,83,3,83,3,9
skew,1856,52,2,77,3,9
skew,1857,62,3,87,4,9
skew,1858,67,3,92,4,9
skew,1859,68,3,93,4,9
skew,1860,72,3,97,4,9
skew,1861,73,3,98,4,9
skew,1862,78,3,103,4,9
skew,1863,79,3,104,4,9
skew,1864,65,3,90,4,9
skew,1865,67,3,84,3,13
skew,1866,80,4,105,5,9
skew,1867,81,4,99,4,13
skew,1868,85,4,110,5,9
skew,1869,86,4,104,4,13
skew,1870,91,4,116,5,9
skew,1871,92,4,110,4,13
skew,1872,70,3,95,4,9
skew,1873,80,4,105,5,9
skew,1874,72,3,97,4,11
skew,1875,82,4,107,5,11
skew,1876,90,4,115,5,9
skew,1877,91,4,116,5,9
skew,1878,92,4,117,5,11
skew,1879,93,4,118,5,11
skew,1880,71,3,96,4,9
skew,1881,81,4,102,4,13
skew,1882,85,4,110,5,11
skew,1883,73,3,104,4,15
skew,1884,91,4,116,5,9
skew,1885,92,4,122,5,13
skew,1886,97,4,130,6,11
skew,1887,93,4,124,5,15
skew,1888,75,3,100,4,9
skew,1889,85,4,110,5,9
skew,1890,90,4,115,5,9
skew,1891,91,4,116,5,9
skew,1892,77,3,102,4,11
skew,1893,87,4,112,5,11
skew,1894,92,4,117,5,11
skew,1895,93,4,118,5,11
skew,1896,76,3,101,4,9
skew,1897,86,4,107,4,13
skew,1898,91,4,116,5,9
skew,1899,92,4,122,5,13
skew,1900,90,4,115,5,11
skew,1901,78,3,109,4,15
skew,1902,102,4,130,6,11
skew,1903,93,4,124,5,15
skew,1904,81,3,106,4,9
skew,1905,91,4,116,5,9
skew,1906,95,4,120,5,11
skew,1907,97,4,130,6,11
skew,1908,95,4,120,5,11
skew,1909,102,4,130,6,11
skew,1910,83,3,108,4,11
skew,1911,93,4,118,5,11
skew,1912,82,3,107,4,9
skew,1913,92,4,113,4,13
skew,1914,96,4,121,5,11
skew,1915,96,4,127,5,15
skew,1916,96,4,121,5,11
skew,1917,96,4,127,5,15
skew,1918,96,4,121,5,11
skew,1919,84,3,115,4,15
skew,1920,57,2,77,3,9
skew,1921,67,3,87,4,9
skew,1922,72,3,92,4,9
skew,1923,73,3,93,4,9
skew,1924,77,3,97,4,9
skew,1925,78,3,98,4,9
skew,1926,83,3,103,4,9
skew,1927,84,3,104,4,9
skew,1928,70,3,90,4,9
skew,1929,72,3,92,4,11
skew,1930,85,4,105,5,9
skew,1931,86,4,107,5,11
skew,1932,90,4,110,5,9
skew,1933,91,4,112,5,11
skew,1934,96,4,116,5,9
skew,1935,97,4,118,5,11
skew,1936,75,3,95,4,9
skew,1937,85,4,105,5,9
skew,1938,77,3,84,3,13
skew,1939,87,4,94,4,13
skew,1940,95,4,115,5,9
skew,1941,96,4,116,5,9
skew,1942,97,4,104,4,13
skew,1943,98,4,105,4,13
skew,1944,76,3,96,4,9
skew,1945,86,4,110,5,11
skew,1946,90,4,97,4,13
skew,1947,78,3,99,4,15
skew,1948,96,4,116,5,9
skew,1949,97,4,130,6,11
skew,1950,102,4,117,5,13
skew,1951,98,4,119,5,15
skew,1952,80,3,100,4,9
skew,1953,90,4,110,5,9
skew,1954,95,4,115,5,9
skew,1955,96,4,116,5,9
skew,1956,82,3,102,4,11
skew,1957,92,4,112,5,11
skew,1958,97,4,117,5,11
skew,1959,98,4,118,5,11
skew,1960,81,3,101,4,9
skew,1961,91,4,115,5,11
skew,1962,96,4,116,5,9
skew,1963,97,4,130,6,11
skew,1964,95,4,115,5,11
skew,1965,83,3,103,4,11
skew,1966,107,4,130,6,11
skew,1967,98,4,118,5,11
skew,1968,86,3,106,4,9
skew,1969,96,4,116,5,9
skew,1970,100,4,107,4,13
skew,1971,102,4,117,5,13
skew,1972,100,4,120,5,11
skew,1973,107,4,130,6,11
skew,1974,88,3,109,4,15
skew,1975,98,4,119,5,15
skew,1976,87,3,107,4,9
skew,1977,97,4,121,5,11
skew,1978,101,4,108,4,13
skew,1979,101,4,122,5,15
skew,1980,101,4,121,5,11
skew,1981,101,4,121,5,11
skew,1982,101,4,122,5,15
skew,1983,89,3,110,4,15
skew,1984,58,2,59,2,9
skew,1985,68,3,69,3,9
skew,1986,73,3,74,3,9
skew,1987,74,3,75,3,9
skew,1988,78,3,79,3,9
skew,1989,79,3,80,3,9
skew,1990,84,3,85,3,9
skew,1991,85,3,86,3,9
skew,1992,71,3,72,3,9
skew,1993,73,3,92,3,15
skew,1994,86,4,87,4,9
skew,1995,87,4,107,4,15
skew,1996,91,4,92,4,9
skew,1997,92,4,112,4,15
skew,1998,97,4,98,4,9
skew,1999,98,4,118,4,15
skew,2000,76,3,77,3,9
skew,2001,86,4,87,4,9
skew,2002,78,3,92,3,15
skew,2003,88,4,102,4,15
skew,2004,96,4,97,4,9
skew,2005,97,4,98,4,9
skew,2006,98,4,112,4,15
skew,2007,99,4,113,4,15
skew,2008,77,3,78,3,9
skew,2009,87,4,110,4,15
skew,2010,91,4,105,4,15
skew,2011,66,2,66,2,13
skew,2012,97,4,98,4,9
skew,2013,98,4,130,5,15
skew,2014,103,4,125,5,15
skew,2015,86,3,86,3,13
skew,2016,81,3,82,3,9
skew,2017,91,4,92,4,9
skew,2018,96,4,97,4,9
skew,2019,97,4,98,4,9
skew,2020,83,3,84,3,11
skew,2021,93,4,94,4,11
skew,2022,98,4,99,4,11
skew,2023,99,4,100,4,11
skew,2024,82,3,83,3,9
skew,2025,92,4,115,4,15
skew,2026,97,4,98,4,9
skew,2027,98,4,130,5,15
skew,2028,96,4,97,4,11
skew,2029,84,3,117,4,17
skew,2030,108,4,112,5,11
skew,2031,99,4,132,5,17
skew,2032,87,3,88,3,9
skew,2033,97,4,98,4,9
skew,2034,101,4,115,4,15
skew,2035,103,4,125,5,15
skew,2036,101,4,102,4,11
skew,2037,108,4,112,5,11
skew,2038,89,3,117,4,17
skew,2039,99,4,127,5,17
skew,2040,88,3,89,3,9
skew,2041,98,4,121,4,15
skew,2042,102,4,116,4,15
skew,2043,89,3,89,3,13
skew,2044,102,4,103,4,11
skew,2045,102,4,135,5,17
skew,2046,102,4,130,5,17
skew,2047,90,3,91,3,15
skew,2048,29,1,29,1,7
skew,2049,39,2,39,2,7
skew,2050,44,2,44,2,7
skew,2051,45,2,45,2,7
skew,2052,49,2,49,2,7
skew,2053,50,2,50,2,7
skew,2054,55,2,55,2,7
skew,2055,56,2,56,2,7
skew,2056,42,2,42,2,7
skew,2057,44,2,44,2,9
skew,2058,57,3,57,3,7
skew,2059,58,3,59,3,9
skew,2060,62,3,62,3,7
skew,2061,63,3,64,3,9
skew,2062,68,3,68,3,7
skew,2063,69,3,70,3,9
skew,2064,47,2,47,2,7
skew,2065,57,3,57,3,7
skew,2066,49,2,49,2,9
skew,2067,59,3,59,3,9
skew,2068,67,3,67,3,7
skew,2069,68,3,68,3,7
skew,2070,69,3,69,3,9
skew,2071,70,3,70,3,9
skew,2072,48,2,48,2,7
skew,2073,58,3,62,3,9
skew,2074,62,3,62,3,9
skew,2075,50,2,50,2,9
skew,2076,68,3,68,3,7
skew,2077,69,3,82,4,9
skew,2078,74,3,82,4,9
skew,2079,70,3,70,3,9
skew,2080,52,2,52,2,7
skew,2081,62,3,62,3,7
skew,2082,67,3,67,3,7
skew,2083,68,3,68,3,7
skew,2084,54,2,54,2,9
skew,2085,64,3,64,3,9
skew,2086,69,3,69,3,9
skew,2087,70,3,70,3,9
skew,2088,53,2,53,2,7
skew,2089,63,3,67,3,9
skew,2090,68,3,68,3,7
skew,2091,69,3,82,4,9
skew,2092,67,3,67,3,9
skew,2093,55,2,55,2,9
skew,2094,79,3,82,4,9
skew,2095,70,3,70,3,9
skew,2096,58,2,58,2,7
skew,2097,68,3,68,3,7
skew,2098,72,3,72,3,9
skew,2099,74,3,82,4,9
skew,2100,72,3,72,3,9
skew,2101,79,3,82,4,9
skew,2102,60,2,60,2,9
skew,2103,70,3,70,3,9
skew,2104,59,2,59,2,7
skew,2105,69,3,73,3,9
skew,2106,73,3,73,3,9
skew,2107,73,3,73,3,9
skew,2108,73,3,73,3,9
skew,2109,73,3,73,3,9
skew,2110,73,3,73,3,9
skew,2111,61,2,61,2,9
skew,2112,45,2,45,2,7
skew,2113,55,3,55,3,7
skew,2114,60,3,60,3,7
skew,2115,61,3,61,3,7
skew,2116,65,3,65,3,7
skew,2117,66,3,66,3,7
skew,2118,71,3,71,3,7
skew,2119,72,3,72,3,7
skew,2120,58,3,58,3,7
skew,2121,60,3,60,3,9
skew,2122,73,4,73,4,7
skew,2123,74,4,75,4,9
skew,2124,78,4,78,4,7
skew,2125,79,4,80,4,9
skew,2126,84,4,84,4,7
skew,2127,85,4,86,4,9
skew,2128,63,3,63,3,7
skew,2129,73,4,73,4,7
skew,2130,65,3,65,3,9
skew,2131,75,4,75,4,9
skew,2132,83,4,83,4,7
skew,2133,84,4,84,4,7
skew,2134,85,4,85,4,9
skew,2135,86,4,86,4,9
skew,2136,64,3,64,3,7
skew,2137,74,4,78,4,9
skew,2138,78,4,78,4,9
skew,2139,66,3,66,3,9
skew,2140,84,4,84,4,7
skew,2141,85,4,98,5,9
skew,2142,90,4,98,5,9
skew,2143,86,4,86,4,9
skew,2144,68,3,68,3,7
skew,2145,78,4,78,4,7
skew,2146,83,4,83,4,7
skew,2147,84,4,84,4,7
skew,2148,70,3,70,3,9
skew,2149,80,4,80,4,9
skew,2150,85,4,85,4,9
skew,2151,86,4,86,4,9
skew,2152,69,3,69,3,7
skew,2153,79,4,83,4,9
skew,2154,84,4,84,4,7
skew,2155,85,4,98,5,9
skew,2156,83,4,83,4,9
skew,2157,71,3,71,3,9
skew,2158,95,4,98,5,9
skew,2159,86,4,86,4,9
skew,2160,74,3,74,3,7
skew,2161,84,4,84,4,7
skew,2162,88,4,88,4,9
skew,2163,90,4,98,5,9
skew,2164,88,4,88,4,9
skew,2165,95,4,98,5,9
skew,2166,76,3,76,3,9
skew,2167,86,4,86,4,9
skew,2168,75,3,75,3,7
skew,2169,85,4,89,4,9
skew,2170,89,4,89,4,9
skew,2171,89,4,89,4,9
skew,2172,89,4,89,4,9
skew,2173,89,4,89,4,9
skew,2174,89,4,89,4,9
skew,2175,77,3,77,3,9
skew,2176,50,2,50,2,7
skew,2177,60,3,60,3,7
skew,2178,65,3,65,3,7
skew,2179,66,3,66,3,7
skew,2180,70,3,70,3,7
skew,2181,71,3,71,3,7
skew,2182,76,3,76,3,7
skew,2183,77,3,77,3,7
skew,2184,63,3,63,3,7
skew,2185,65,3,65,3,9
skew,2186,78,4,78,4,7
skew,2187,79,4,80,4,9
skew,2188,83,4,83,4,7
skew,2189,84,4,85,4,9
skew,2190,89,4,89,4,7
skew,2191,90,4,91,4,9
skew,2192,68,3,68,3,7
skew,2193,78,4,78,4,7
skew,2194,70,3,70,3,9
skew,2195,80,4,80,4,9
skew,2196,88,4,88,4,7
skew,2197,89,4,89,4,7
skew,2198,90,4,90,4,9
skew,2199,91,4,91,4,9
skew,2200,69,3,69,3,7
skew,2201,79,4,83,4,9
skew,2202,83,4,83,4,9
skew,2203,71,3,71,3,9
skew,2204,89,4,89,4,7
skew,2205,90,4,103,5,9
skew,2206,95,4,103,5,9
skew,2207,91,4,91,4,9
skew,2208,73,3,73,3,7
skew,2209,83,4,83,4,7
skew,2210,88,4,88,4,7
skew,2211,89,4,89,4,7
skew,2212,75,3,75,3,9
skew,2213,85,4,85,4,9
skew,2214,90,4,90,4,9
skew,2215,91,4,91,4,9
skew,2216,74,3,74,3,7
skew,2217,84,4,88,4,9
skew,2218,89,4,89,4,7
skew,2219,90,4,103,5,9
skew,2220,88,4,88,4,9
skew,2221,76,3,76,3,9
skew,2222,100,4,103,5,9
skew,2223,91,4,91,4,9
skew,2224,79,3,79,3,7
skew,2225,89,4,89,4,7
skew,2226,93,4,93,4,9
skew,2227,95,4,103,5,9
skew,2228,93,4,93,4,9
skew,2229,100,4,103,5,9
skew,2230,81,3,81,3,9
skew,2231,91,4,91,4,9
skew,2232,80,3,80,3,7
skew,2233,90,4,94,4,9
skew,2234,94,4,94,4,9
skew,2235,94,4,94,4,9
skew,2236,94,4,94,4,9
skew,2237,94,4,94,4,9
skew,2238,94,4,94,4,9
skew,2239,82,3,82,3,9
skew,2240,51,2,51,2,7
skew,2241,61,3,61,3,7
skew,2242,66,3,66,3,7
skew,2243,67,3,67,3,7
skew,2244,71,3,71,3,7
skew,2245,72,3,72,3,7
skew,2246,77,3,77,3,7
skew,2247,78,3,78,3,7
skew,2248,64,3,64,3,7
skew,2249,66,3,66,3,9
skew,2250,79,4,79,4,7
skew,2251,80,4,81,4,9
skew,2252,84,4,84,4,7
skew,2253,85,4,86,4,9
skew,2254,90,4,90,4,7
skew,2255,91,4,92,4,9
skew,2256,69,3,69,3,7
skew,2257,79,4,79,4,7
skew,2258,71,3,71,3,9
skew,2259,81,4,81,4,9
skew,2260,89,4,89,4,7
skew,2261,90,4,90,4,7
skew,2262,91,4,91,4,9
skew,2263,92,4,92,4,9
skew,2264,70,3,70,3,7
skew,2265,80,4,84,4,9
skew,2266,84,4,84,4,9
skew,2267,72,3,72,3,9
skew,2268,90,4,90,4,7
skew,2269,91,4,104,5,9
skew,2270,96,4,104,5,9
skew,2271,92,4,92,4,9
skew,2272,74,3,74,3,7
skew,2273,84,4,84,4,7
skew,2274,89,4,89,4,7
skew,2275,90,4,90,4,7
skew,2276,76,3,76,3,9
skew,2277,86,4,86,4,9
skew,2278,91,4,91,4,9
skew,2279,92,4,92,4,9
skew,2280,75,3,75,3,7
skew,2281,85,4,89,4,9
skew,2282,90,4,90,4,7
skew,2283,91,4,104,5,9
skew,2284,89,4,89,4,9
skew,2285,77,3,77,3,9
skew,2286,101,4,104,5,9
skew,2287,92,4,92,4,9
skew,2288,80,3,80,3,7
skew,2289,90,4,90,4,7
skew,2290,94,4,94,4,9
skew,2291,96,4,104,5,9
skew,2292,94,4,94,4,9
skew,2293,101,4,104,5,9
skew,2294,82,3,82,3,9
skew,2295,92,4,92,4,9
skew,2296,81,3,81,3,7
skew,2297,91,4,95,4,9
skew,2298,95,4,95,4,9
skew,2299,95,4,95,4,9
skew,2300,95,4,95,4,9
skew,2301,95,4,95,4,9
skew,2302,95,4,95,4,9
skew,2303,83,3,83,3,9
skew,2304,37,1,37,1,9
skew,2305,47,2,47,2,9
skew,2306,52,2,52,2,9
skew,2307,53,2,53,2,9
skew,2308,57,2,57,2,9
skew,2309,58,2,58,2,9
skew,2310,63,2,63,2,9
skew,2311,64,2,64,2,9
skew,2312,50,2,50,2,9
skew,2313,52,2,52,2,11
skew,2314,65,3,65,3,9
skew,2315,66,3,67,3,11
skew,2316,70,3,70,3,9
skew,2317,71,3,72,3,11
skew,2318,76,3,76,3,9
skew,2319,77,3,78,3,11
skew,2320,55,2,55,2,9
skew,2321,65,3,65,3,9
skew,2322,57,2,57,2,11
skew,2323,67,3,67,3,11
skew,2324,75,3,75,3,9
skew,2325,76,3,76,3,9
skew,2326,77,3,77,3,11
skew,2327,78,3,78,3,11
skew,2328,56,2,56,2,9
skew,2329,66,3,70,3,11
skew,2330,70,3,70,3,11
skew,2331,58,2,58,2,11
skew,2332,76,3,76,3,9
skew,2333,77,3,90,4,11
skew,2334,82,3,90,4,11
skew,2335,78,3,78,3,11
skew,2336,60,2,60,2,9
skew,2337,70,3,70,3,9
skew,2338,75,3,75,3,9
skew,2339,76,3,76,3,9
skew,2340,44,1,44,1,13
skew,2341,54,2,54,2,13
skew,2342,59,2,59,2,13
skew,2343,60,2,60,2,13
skew,2344,61,2,61,2,9
skew,2345,71,3,75,3,11
skew,2346,76,3,76,3,9
skew,2347,77,3,90,4,11
skew,2348,57,2,57,2,13
skew,2349,59,2,59,2,15
skew,2350,72,3,72,3,13
skew,2351,73,3,74,3,15
skew,2352,66,2,66,2,9
skew,2353,76,3,76,3,9
skew,2354,80,3,80,3,11
skew,2355,82,3,90,4,11
skew,2356,62,2,62,2,13
skew,2357,72,3,72,3,13
skew,2358,64,2,64,2,15
skew,2359,74,3,74,3,15
skew,2360,67,2,67,2,9
skew,2361,77,3,81,3,11
skew,2362,81,3,81,3,11
skew,2363,81,3,81,3,11
skew,2364,63,2,63,2,13
skew,2365,73,3,77,3,15
skew,2366,77,3,77,3,15
skew,2367,65,2,65,2,15
skew,2368,53,2,53,2,9
skew,2369,63,3,63,3,9
skew,2370,68,3,68,3,9
skew,2371,69,3,69,3,9
skew,2372,73,3,73,3,9
skew,2373,74,3,74,3,9
skew,2374,79,3,79,3,9
skew,2375,80,3,80,3,9
skew,2376,66,3,66,3,9
skew,2377,68,3,68,3,11
skew,2378,81,4,81,4,9
skew,2379,82,4,83,4,11
skew,2380,86,4,86,4,9
skew,2381,87,4,88,4,11
skew,2382,92,4,92,4,9
skew,2383,93,4,94,4,11
skew,2384,71,3,71,3,9
skew,2385,81,4,81,4,9
skew,2386,73,3,73,3,11
skew,2387,83,4,83,4,11
skew,2388,91,4,91,4,9
skew,2389,92,4,92,4,9
skew,2390,93,4,93,4,11
skew,2391,94,4,94,4,11
skew,2392,72,3,72,3,9
skew,2393,82,4,86,4,11
skew,2394,86,4,86,4,11
skew,2395,74,3,74,3,11
skew,2396,92,4,92,4,9
skew,2397,93,4,106,5,11
skew,2398,98,4,106,5,11
skew,2399,94,4,94,4,11
skew,2400,76,3,76,3,9
skew,2401,86,4,86,4,9
skew,2402,91,4,91,4,9
skew,2403,92,4,92,4,9
skew,2404,60,2,60,2,13
skew,2405,70,3,70,3,13
skew,2406,75,3,75,3,13
skew,2407,76,3,76,3,13
skew,2408,77,3,77,3,9
skew,2409,87,4,91,4,11
skew,2410,92,4,92,4,9
skew,2411,93,4,106,5,11
skew,2412,73,3,73,3,13
skew,2413,75,3,75,3,15
skew,2414,88,4,88,4,13
skew,2415,89,4,90,4,15
skew,2416,82,3,82,3,9
skew,2417,92,4,92,4,9
skew,2418,96,4,96,4,11
skew,2419,98,4,106,5,11
skew,2420,78,3,78,3,13
skew,2421,88,4,88,4,13
skew,2422,80,3,80,3,15
skew,2423,90,4,90,4,15
skew,2424,83,3,83,3,9
skew,2425,93,4,97,4,11
skew,2426,97,4,97,4,11
skew,2427,97,4,97,4,11
skew,2428,79,3,79,3,13
skew,2429,89,4,93,4,15
skew,2430,93,4,93,4,15
skew,2431,81,3,81,3,15
skew,2432,58,2,58,2,9
skew,2433,68,3,68,3,9
skew,2434,73,3,73,3,9
skew,2435,74,3,74,3,9
skew,2436,78,3,78,3,9
skew,2437,79,3,79,3,9
skew,2438,84,3,84,3,9
skew,2439,85,3,85,3,9
skew,2440,71,3,71,3,9
skew,2441,73,3,73,3,11
skew,2442,86,4,86,4,9
skew,2443,87,4,88,4,11
skew,2444,91,4,91,4,9
skew,2445,92,4,93,4,11
skew,2446,97,4,97,4,9
skew,2447,98,4,99,4,11
skew,2448,76,3,76,3,9
skew,2449,86,4,86,4,9
skew,2450,78,3,78,3,11
skew,2451,88,4,88,4,11
skew,2452,96,4,96,4,9
skew,2453,97,4,97,4,9
skew,2454,98,4,98,4,11
skew,2455,99,4,99,4,11
skew,2456,77,3,77,3,9
skew,2457,87,4,91,4,11
skew,2458,91,4,91,4,11
skew,2459,79,3,79,3,11
skew,2460,97,4,97,4,9
skew,2461,98,4,111,5,11
skew,2462,103,4,111,5,11
skew,2463,99,4,99,4,11
skew,2464,81,3,81,3,9
skew,2465,91,4,91,4,9
skew,2466,96,4,96,4,9
skew,2467,97,4,97,4,9
skew,2468,65,2,65,2,13
skew,2469,75,3,75,3,13
skew,2470,80,3,80,3,13
skew,2471,81,3,81,3,13
skew,2472,82,3,82,3,9
skew,2473,92,4,96,4,11
skew,2474,97,4,97,4,9
skew,2475,98,4,111,5,11
skew,2476,78,3,78,3,13
skew,2477,80,3,80,3,15
skew,2478,93,4,93,4,13
skew,2479,94,4,95,4,15
skew,2480,87,3,87,3,9
skew,2481,97,4,97,4,9
skew,2482,101,4,101,4,11
skew,2483,103,4,111,5,11
skew,2484,83,3,83,3,13
skew,2485,93,4,93,4,13
skew,2486,85,3,85,3,15
skew,2487,95,4,95,4,15
skew,2488,88,3,88,3,9
skew,2489,98,4,102,4,11
skew,2490,102,4,102,4,11
skew,2491,102,4,102,4,11
skew,2492,84,3,84,3,13
skew,2493,94,4,98,4,15
skew,2494,98,4,98,4,15
skew,2495,86,3,86,3,15
skew,2496,59,2,59,2,9
skew,2497,69,3,69,3,9
skew,2498,74,3,74,3,9
skew,2499,75,3,75,3,9
skew,2500,79,3,79,3,9
skew,2501,80,3,80,3,9
skew,2502,85,3,85,3,9
skew,2503,86,3,86,3,9
skew,2504,72,3,72,3,9
skew,2505,74,3,74,3,11
skew,2506,87,4,87,4,9
skew,2507,88,4,89,4,11
skew,2508,92,4,92,4,9
skew,2509,93,4,94,4,11
skew,2510,98,4,98,4,9
skew,2511,99,4,100,4,11
skew,2512,77,3,77,3,9
skew,2513,87,4,87,4,9
skew,2514,79,3,79,3,11
skew,2515,89,4,89,4,11
skew,2516,97,4,97,4,9
skew,2517,98,4,98,4,9
skew,2518,99,4,99,4,11
skew,2519,100,4,100,4,11
skew,2520,78,3,78,3,9
skew,2521,88,4,92,4,11
skew,2522,92,4,92,4,11
skew,2523,80,3,80,3,11
skew,2524,98,4,98,4,9
skew,2525,99,4,112,5,11
skew,2526,104,4,112,5,11
skew,2527,100,4,100,4,11
skew,2528,82,3,82,3,9
skew,2529,92,4,92,4,9
skew,2530,97,4,97,4,9
skew,2531,98,4,98,4,9
skew,2532,66,2,66,2,13
skew,2533,76,3,76,3,13
skew,2534,81,3,81,3,13
skew,2535,82,3,82,3,13
skew,2536,83,3,83,3,9
skew,2537,93,4,97,4,11
skew,2538,98,4,98,4,9
skew,2539,99,4,112,5,11
skew,2540,79,3,79,3,13
skew,2541,81,3,81,3,15
skew,2542,94,4,94,4,13
skew,2543,95,4,96,4,15
skew,2544,88,3,88,3,9
skew,2545,98,4,98,4,9
skew,2546,102,4,102,4,11
skew,2547,104,4,112,5,11
skew,2548,84,3,84,3,13
skew,2549,94,4,94,4,13
skew,2550,86,3,86,3,15
skew,2551,96,4,96,4,15
skew,2552,89,3,89,3,9
skew,2553,99,4,103,4,11
skew,2554,103,4,103,4,11
skew,2555,103,4,103,4,11
skew,2556,85,3,85,3,13
skew,2557,95,4,99,4,15
skew,2558,99,4,99,4,15
skew,2559,87,3,87,3,15
skew,2560,30,1,30,1,7
skew,2561,40,2,40,2,7
skew,2562,45,2,45,2,7
skew,2563,46,2,46,2,7
skew,2564,50,2,50,2,7
skew,2565,51,2,51,2,7
skew,2566,56,2,56,2,7
skew,2567,57,2,57,2,7
skew,2568,43,2,43,2,7
skew,2569,45,2,45,2,9
skew,2570,58,3,58,3,7
skew,2571,59,3,60,3,9
skew,2572,63,3,63,3,7
skew,2573,64,3,65,3,9
skew,2574,69,3,69,3,7
skew,2575,70,3,71,3,9
skew,2576,48,2,48,2,7
skew,2577,58,3,58,3,7
skew,2578,50,2,50,2,9
skew,2579,60,3,60,3,9
skew,2580,68,3,68,3,7
skew,2581,69,3,69,3,7
skew,2582,70,3,70,3,9
skew,2583,71,3,71,3,9
skew,2584,49,2,49,2,7
skew,2585,59,3,63,3,9
skew,2586,63,3,63,3,9
skew,2587,51,2,51,2,9
skew,2588,69,3,69,3,7
skew,2589,70,3,83,4,9
skew,2590,75,3,83,4,9
skew,2591,71,3,71,3,9
skew,2592,53,2,53,2,7
skew,2593,63,3,63,3,7
skew,2594,68,3,68,3,7
skew,2595,69,3,69,3,7
skew,2596,55,2,55,2,9
skew,2597,65,3,65,3,9
skew,2598,70,3,70,3,9
skew,2599,71,3,71,3,9
skew,2600,54,2,54,2,7
skew,2601,64,3,68,3,9
skew,2602,69,3,69,3,7
skew,2603,70,3,83,4,9
skew,2604,68,3,68,3,9
skew,2605,56,2,56,2,9
skew,2606,80,3,83,4,9
skew,2607,71,3,71,3,9
skew,2608,59,2,59,2,7
skew,2609,69,3,69,3,7
skew,2610,73,3,73,3,9
skew,2611,75,3,83,4,9
skew,2612,73,3,73,3,9
skew,2613,80,3,83,4,9
skew,2614,61,2,61,2,9
skew,2615,71,3,71,3,9
skew,2616,60,2,60,2,7
skew,2617,70,3,74,3,9
skew,2618,74,3,74,3,9
skew,2619,74,3,74,3,9
skew,2620,74,3,74,3,9
skew,2621,74,3,74,3,9
skew,2622,74,3,74,3,9
skew,2623,62,2,62,2,9
skew,2624,46,2,56,2,9
skew,2625,56,3,66,3,9
skew,2626,61,3,71,3,9
skew,2627,62,3,72,3,9
skew,2628,66,3,76,3,9
skew,2629,67,3,77,3,9
skew,2630,72,3,82,3,9
skew,2631,73,3,83,3,9
skew,2632,59,3,69,3,9
skew,2633,61,3,63,2,13
skew,2634,74,4,84,4,9
skew,2635,75,4,78,3,13
skew,2636,79,4,89,4,9
skew,2637,80,4,83,3,13
skew,2638,85,4,95,4,9
skew,2639,86,4,89,3,13
skew,2640,64,3,74,3,9
skew,2641,74,4,84,4,9
skew,2642,66,3,76,3,11
skew,2643,76,4,86,4,11
skew,2644,84,4,94,4,9
skew,2645,85,4,95,4,9
skew,2646,86,4,96,4,11
skew,2647,87,4,97,4,11
skew,2648,65,3,75,3,9
skew,2649,75,4,81,3,13
skew,2650,79,4,89,4,11
skew,2651,67,3,83,3,15
skew,2652,85,4,95,4,9
skew,2653,86,4,101,4,13
skew,2654,91,4,109,5,11
skew,2655,87,4,103,4,15
skew,2656,69,3,79,3,9
skew,2657,79,4,89,4,9
skew,2658,84,4,94,4,9
skew,2659,85,4,95,4,9
skew,2660,71,3,81,3,11
skew,2661,81,4,91,4,11
skew,2662,86,4,96,4,11
skew,2663,87,4,97,4,11
skew,2664,70,3,80,3,9
skew,2665,80,4,86,3,13
skew,2666,85,4,95,4,9
skew,2667,86,4,101,4,13
skew,2668,84,4,94,4,11
skew,2669,72,3,88,3,15
skew,2670,96,4,109,5,11
skew,2671,87,4,103,4,15
skew,2672,75,3,85,3,9
skew,2673,85,4,95,4,9
skew,2674,89,4,99,4,11
skew,2675,91,4,109,5,11
skew,2676,89,4,99,4,11
skew,2677,96,4,109,5,11
skew,2678,77,3,87,3,11
skew,2679,87,4,97,4,11
skew,2680,76,3,86,3,9
skew,2681,86,4,92,3,13
skew,2682,90,4,100,4,11
skew,2683,90,4,106,4,15
skew,2684,90,4,100,4,11
skew,2685,90,4,106,4,15
skew,2686,90,4,100,4,11
skew,2687,78,3,94,3,15
skew,2688,51,2,51,2,7
skew,2689,61,3,61,3,7
skew,2690,66,3,66,3,7
skew,2691,67,3,67,3,7
skew,2692,71,3,71,3,7
skew,2693,72,3,72,3,7
skew,2694,77,3,77,3,7
skew,2695,78,3,78,3,7
skew,2696,64,3,64,3,7
skew,2697,66,3,66,3,9
skew,2698,79,4,79,4,7
skew,2699,80,4,81,4,9
skew,2700,84,4,84,4,7
skew,2701,85,4,86,4,9
skew,2702,90,4,90,4,7
skew,2703,91,4,92,4,9
skew,2704,69,3,69,3,7
skew,2705,79,4,79,4,7
skew,2706,71,3,71,3,9
skew,2707,81,4,81,4,9
skew,2708,89,4,89,4,7
skew,2709,90,4,90,4,7
skew,2710,91,4,91,4,9
skew,2711,92,4,92,4,9
skew,2712,70,3,70,3,7
skew,2713,80,4,84,4,9
skew,2714,84,4,84,4,9
skew,2715,72,3,72,3,9
skew,2716,90,4,90,4,7
skew,2717,91,4,104,5,9
skew,2718,96,4,104,5,9
skew,2719,92,4,92,4,9
skew,2720,74,3,74,3,7
skew,2721,84,4,84,4,7
skew,2722,89,4,89,4,7
skew,2723,90,4,90,4,7
skew,2724,76,3,76,3,9
skew,2725,86,4,86,4,9
skew,2726,91,4,91,4,9
skew,2727,92,4,92,4,9
skew,2728,75,3,75,3,7
skew,2729,85,4,89,4,9
skew,2730,90,4,90,4,7
skew,2731,91,4,104,5,9
skew,2732,89,4,89,4,9
skew,2733,77,3,77,3,9
skew,2734,101,4,104,5,9
skew,2735,92,4,92,4,9
skew,2736,80,3,80,3,7
skew,2737,90,4,90,4,7
skew,2738,94,4,94,4,9
skew,2739,96,4,104,5,9
skew,2740,94,4,94,4,9
skew,2741,101,4,104,5,9
skew,2742,82,3,82,3,9
skew,2743,92,4,92,4,9
skew,2744,81,3,81,3,7
skew,2745,91,4,95,4,9
skew,2746,95,4,95,4,9
skew,2747,95,4,95,4,9
skew,2748,95,4,95,4,9
skew,2749,95,4,95,4,9
skew,2750,95,4,95,4,9
skew,2751,83,3,83,3,9
skew,2752,52,2,77,3,9
skew,2753,62,3,87,4,9
skew,2754,67,3,92,4,9
skew,2755,68,3,93,4,9
skew,2756,72,3,97,4,9
skew,2757,73,3,98,4,9
skew,2758,78,3,103,4,9
skew,2759,79,3,104,4,9
skew,2760,65,3,90,4,9
skew,2761,67,3,84,3,13
skew,2762,80,4,105,5,9
skew,2763,81,4,99,4,13
skew,2764,85,4,110,5,9
skew,2765,86,4,104,4,13
skew,2766,91,4,116,5,9
skew,2767,92,4,110,4,13
skew,2768,70,3,95,4,9
skew,2769,80,4,105,5,9
skew,2770,72,3,97,4,11
skew,2771,82,4,107,5,11
skew,2772,90,4,115,5,9
skew,2773,91,4,116,5,9
skew,2774,92,4,117,5,11
skew,2775,93,4,118,5,11
skew,2776,71,3,96,4,9
skew,2777,81,4,102,4,13
skew,2778,85,4,110,5,11
skew,2779,73,3,104,4,15
skew,2780,91,4,116,5,9
skew,2781,92,4,122,5,13
skew,2782,97,4,130,6,11
skew,2783,93,4,124,5,15
skew,2784,75,3,100,4,9
skew,2785,85,4,110,5,9
skew,2786,90,4,115,5,9
skew,2787,91,4,116,5,9
skew,2788,77,3,102,4,11
skew,2789,87,4,112,5,11
skew,2790,92,4,117,5,11
skew,2791,93,4,118,5,11
skew,2792,76,3,101,4,9
skew,2793,86,4,107,4,13
skew,2794,91,4,116,5,9
skew,2795,92,4,122,5,13
skew,2796,90,4,115,5,11
skew,2797,78,3,109,4,15
skew,2798,102,4,130,6,11
skew,2799,93,4,124,5,15
skew,2800,81,3,106,4,9
skew,2801,91,4,116,5,9
skew,2802,95,4,120,5,11
skew,2803,97,4,130,6,11
skew,2804,95,4,120,5,11
skew,2805,102,4,130,6,11
skew,2806,83,3,108,4,11
skew,2807,93,4,118,5,11
skew,2808,82,3,107,4,9
skew,2809,92,4,113,4,13
skew,2810,96,4,121,5,11
skew,2811,96,4,127,5,15
skew,2812,96,4,121,5,11
skew,2813,96,4,127,5,15
skew,2814,96,4,121,5,11
skew,2815,84,3,115,4,15
skew,2816,56,2,56,2,9
skew,2817,66,3,66,3,9
skew,2818,71,3,71,3,9
skew,2819,72,3,72,3,9
skew,2820,76,3,76,3,9
skew,2821,77,3,77,3,9
skew,2822,82,3,82,3,9
skew,2823,83,3,83,3,9
skew,2824,69,3,69,3,9
skew,2825,71,3,71,3,11
skew,2826,84,4,84,4,9
skew,2827,85,4,86,4,11
skew,2828,89,4,89,4,9
skew,2829,90,4,91,4,11
skew,2830,95,4,95,4,9
skew,2831,96,4,97,4,11
skew,2832,74,3,74,3,9
skew,2833,84,4,84,4,9
skew,2834,76,3,76,3,11
skew,2835,86,4,86,4,11
skew,2836,94,4,94,4,9
skew,2837,95,4,95,4,9
skew,2838,96,4,96,4,11
skew,2839,97,4,97,4,11
skew,2840,75,3,75,3,9
skew,2841,85,4,89,4,11
skew,2842,89,4,89,4,11
skew,2843,77,3,77,3,11
skew,2844,95,4,95,4,9
skew,2845,96,4,109,5,11
skew,2846,101,4,109,5,11
skew,2847,97,4,97,4,11
skew,2848,79,3,79,3,9
skew,2849,89,4,89,4,9
skew,2850,94,4,94,4,9
skew,2851,95,4,95,4,9
skew,2852,63,2,63,2,13
skew,2853,73,3,73,3,13
skew,2854,78,3,78,3,13
skew,2855,79,3,79,3,13
skew,2856,80,3,80,3,9
skew,2857,90,4,94,4,11
skew,2858,95,4,95,4,9
skew,2859,96,4,109,5,11
skew,2860,76,3,76,3,13
skew,2861,78,3,78,3,15
skew,2862,91,4,91,4,13
skew,2863,92,4,93,4,15
skew,2864,85,3,85,3,9
skew,2865,95,4,95,4,9
skew,2866,99,4,99,4,11
skew,2867,101,4,109,5,11
skew,2868,81,3,81,3,13
skew,2869,91,4,91,4,13
skew,2870,83,3,83,3,15
skew,2871,93,4,93,4,15
skew,2872,86,3,86,3,9
skew,2873,96,4,100,4,11
skew,2874,100,4,100,4,11
skew,2875,100,4,100,4,11
skew,2876,82,3,82,3,13
skew,2877,92,4,96,4,15
skew,2878,96,4,96,4,15
skew,2879,84,3,84,3,15
skew,2880,38,1,38,1,9
skew,2881,48,2,48,2,9
skew,2882,53,2,53,2,9
skew,2883,54,2,54,2,9
skew,2884,58,2,58,2,9
skew,2885,59,2,59,2,9
skew,2886,64,2,64,2,9
skew,2887,65,2,65,2,9
skew,2888,51,2,51,2,9
skew,2889,53,2,71,2,15
skew,2890,66,3,66,3,9
skew,2891,67,3,86,3,15
skew,2892,71,3,71,3,9
skew,2893,72,3,91,3,15
skew,2894,77,3,77,3,9
skew,2895,78,3,97,3,15
skew,2896,56,2,56,2,9
skew,2897,66,3,66,3,9
skew,2898,58,2,58,2,11
skew,2899,68,3,68,3,11
skew,2900,76,3,76,3,9
skew,2901,77,3,77,3,9
skew,2902,78,3,78,3,11
skew,2903,79,3,79,3,11
skew,2904,57,2,57,2,9
skew,2905,67,3,89,3,15
skew,2906,71,3,71,3,11
skew,2907,59,2,91,3,17
skew,2908,77,3,77,3,9
skew,2909,78,3,109,4,15
skew,2910,83,3,91,4,11
skew,2911,79,3,111,4,17
skew,2912,61,2,61,2,9
skew,2913,71,3,71,3,9
skew,2914,76,3,76,3,9
skew,2915,77,3,77,3,9
skew,2916,63,2,71,2,15
skew,2917,73,3,81,3,15
skew,2918,78,3,86,3,15
skew,2919,79,3,87,3,15
skew,2920,62,2,62,2,9
skew,2921,72,3,94,3,15
skew,2922,77,3,77,3,9
skew,2923,78,3,109,4,15
skew,2924,76,3,84,3,15
skew,2925,45,1,45,1,13
skew,2926,88,3,99,4,15
skew,2927,60,2,60,2,13
skew,2928,67,2,67,2,9
skew,2929,77,3,77,3,9
skew,2930,81,3,81,3,11
skew,2931,83,3,91,4,11
skew,2932,81,3,89,3,15
skew,2933,88,3,99,4,15
skew,2934,69,2,91,3,17
skew,2935,79,3,101,4,17
skew,2936,68,2,68,2,9
skew,2937,78,3,100,3,15
skew,2938,82,3,82,3,11
skew,2939,82,3,114,4,17
skew,2940,82,3,90,3,15
skew,2941,63,2,63,2,13
skew,2942,82,3,104,4,17
skew,2943,65,2,65,2,15
skew,2944,62,2,77,3,9
skew,2945,72,3,87,4,9
skew,2946,77,3,92,4,9
skew,2947,78,3,93,4,9
skew,2948,82,3,97,4,9
skew,2949,83,3,98,4,9
skew,2950,88,3,103,4,9
skew,2951,89,3,104,4,9
skew,2952,75,3,90,4,9
skew,2953,77,3,92,4,11
skew,2954,90,4,105,5,9
skew,2955,91,4,107,5,11
skew,2956,95,4,110,5,9
skew,2957,96,4,112,5,11
skew,2958,101,4,116,5,9
skew,2959,102,4,118,5,11
skew,2960,80,3,95,4,9
skew,2961,90,4,105,5,9
skew,2962,82,3,97,4,11
skew,2963,92,4,107,5,11
skew,2964,100,4,115,5,9
skew,2965,101,4,116,5,9
skew,2966,102,4,117,5,11
skew,2967,103,4,118,5,11
skew,2968,81,3,96,4,9
skew,2969,91,4,110,5,11
skew,2970,95,4,110,5,11
skew,2971,83,3,98,4,11
skew,2972,101,4,116,5,9
skew,2973,102,4,130,6,11
skew,2974,107,4,130,6,11
skew,2975,103,4,118,5,11
skew,2976,85,3,100,4,9
skew,2977,95,4,110,5,9
skew,2978,100,4,115,5,9
skew,2979,101,4,116,5,9
skew,2980,84,3,84,3,13
skew,2981,94,4,94,4,13
skew,2982,99,4,99,4,13
skew,2983,100,4,100,4,13
skew,2984,86,3,101,4,9
skew,2985,96,4,115,5,11
skew,2986,101,4,116,5,9
skew,2987,102,4,130,6,11
skew,2988,97,4,97,4,13
skew,2989,88,3,99,4,15
skew,2990,112,4,112,5,13
skew,2991,103,4,114,5,15
skew,2992,91,3,106,4,9
skew,2993,101,4,116,5,9
skew,2994,105,4,120,5,11
skew,2995,107,4,130,6,11
skew,2996,102,4,102,4,13
skew,2997,112,4,112,5,13
skew,2998,93,3,104,4,15
skew,2999,103,4,114,5,15
skew,3000,92,3,107,4,9
skew,3001,102,4,121,5,11
skew,3002,106,4,121,5,11
skew,3003,106,4,121,5,11
skew,3004,103,4,103,4,13
skew,3005,106,4,117,5,15
skew,3006,106,4,117,5,15
skew,3007,94,3,105,4,15
skew,3008,59,2,59,2,9
skew,3009,69,3,69,3,9
skew,3010,74,3,74,3,9
skew,3011,75,3,75,3,9
skew,3012,79,3,79,3,9
skew,3013,80,3,80,3,9
skew,3014,85,3,85,3,9
skew,3015,86,3,86,3,9
skew,3016,72,3,72,3,9
skew,3017,74,3,92,3,15
skew,3018,87,4,87,4,9
skew,3019,88,4,107,4,15
skew,3020,92,4,92,4,9
skew,3021,93,4,112,4,15
skew,3022,98,4,98,4,9
skew,3023,99,4,118,4,15
skew,3024,77,3,77,3,9
skew,3025,87,4,87,4,9
skew,3026,79,3,79,3,11
skew,3027,89,4,89,4,11
skew,3028,97,4,97,4,9
skew,3029,98,4,98,4,9
skew,3030,99,4,99,4,11
skew,3031,100,4,100,4,11
skew,3032,78,3,78,3,9
skew,3033,88,4,110,4,15
skew,3034,92,4,92,4,11
skew,3035,80,3,112,4,17
skew,3036,98,4,98,4,9
skew,3037,99,4,130,5,15
skew,3038,104,4,112,5,11
skew,3039,100,4,132,5,17
skew,3040,82,3,82,3,9
skew,3041,92,4,92,4,9
skew,3042,97,4,97,4,9
skew,3043,98,4,98,4,9
skew,3044,84,3,92,3,15
skew,3045,94,4,102,4,15
skew,3046,99,4,107,4,15
skew,3047,100,4,108,4,15
skew,3048,83,3,83,3,9
skew,3049,93,4,115,4,15
skew,3050,98,4,98,4,9
skew,3051,99,4,130,5,15
skew,3052,97,4,105,4,15
skew,3053,66,2,66,2,13
skew,3054,109,4,120,5,15
skew,3055,81,3,81,3,13
skew,3056,88,3,88,3,9
skew,3057,98,4,98,4,9
skew,3058,102,4,102,4,11
skew,3059,104,4,112,5,11
skew,3060,102,4,110,4,15
skew,3061,109,4,120,5,15
skew,3062,90,3,112,4,17
skew,3063,100,4,122,5,17
skew,3064,89,3,89,3,9
skew,3065,99,4,121,4,15
skew,3066,103,4,103,4,11
skew,3067,103,4,135,5,17
skew,3068,103,4,111,4,15
skew,3069,84,3,84,3,13
skew,3070,103,4,125,5,17
skew,3071,86,3,86,3,15
skew,3072,35,1,35,1,7
skew,3073,45,2,45,2,7
skew,3074,50,2,50,2,7
skew,3075,51,2,51,2,7
skew,3076,55,2,55,2,7
skew,3077,56,2,56,2,7
skew,3078,61,2,61,2,7
skew,3079,62,2,62,2,7
skew,3080,48,2,48,2,7
skew,3081,50,2,50,2,9
skew,3082,63,3,63,3,7
skew,3083,64,3,65,3,9
skew,3084,68,3,68,3,7
skew,3085,69,3,70,3,9
skew,3086,74,3,74,3,7
skew,3087,75,3,76,3,9
skew,3088,53,2,53,2,7
skew,3089,63,3,63,3,7
skew,3090,55,2,55,2,9
skew,3091,65,3,65,3,9
skew,3092,73,3,73,3,7
skew,3093,74,3,74,3,7
skew,3094,75,3,75,3,9
skew,3095,76,3,76,3,9
skew,3096,54,2,54,2,7
skew,3097,64,3,68,3,9
skew,3098,68,3,68,3,9
skew,3099,56,2,56,2,9
skew,3100,74,3,74,3,7
skew,3101,75,3,88,4,9
skew,3102,80,3,88,4,9
skew,3103,76,3,76,3,9
skew,3104,58,2,58,2,7
skew,3105,68,3,68,3,7
skew,3106,73,3,73,3,7
skew,3107,74,3,74,3,7
skew,3108,60,2,60,2,9
skew,3109,70,3,70,3,9
skew,3110,75,3,75,3,9
skew,3111,76,3,76,3,9
skew,3112,59,2,59,2,7
skew,3113,69,3,73,3,9
skew,3114,74,3,74,3,7
skew,3115,75,3,88,4,9
skew,3116,73,3,73,3,9
skew,3117,61,2,61,2,9
skew,3118,85,3,88,4,9
skew,3119,76,3,76,3,9
skew,3120,64,2,64,2,7
skew,3121,74,3,74,3,7
skew,3122,78,3,78,3,9
skew,3123,80,3,88,4,9
skew,3124,78,3,78,3,9
skew,3125,85,3,88,4,9
skew,3126,66,2,66,2,9
skew,3127,76,3,76,3,9
skew,3128,65,2,65,2,7
skew,3129,75,3,79,3,9
skew,3130,79,3,79,3,9
skew,3131,79,3,79,3,9
skew,3132,79,3,79,3,9
skew,3133,79,3,79,3,9
skew,3134,79,3,79,3,9
skew,3135,67,2,67,2,9
skew,3136,51,2,51,2,7
skew,3137,61,3,61,3,7
skew,3138,66,3,66,3,7
skew,3139,67,3,67,3,7
skew,3140,71,3,71,3,7
skew,3141,72,3,72,3,7
skew,3142,77,3,77,3,7
skew,3143,78,3,78,3,7
skew,3144,64,3,64,3,7
skew,3145,66,3,66,3,9
skew,3146,79,4,79,4,7
skew,3147,80,4,81,4,9
skew,3148,84,4,84,4,7
skew,3149,85,4,86,4,9
skew,3150,90,4,90,4,7
skew,3151,91,4,92,4,9
skew,3152,69,3,69,3,7
skew,3153,79,4,79,4,7
skew,3154,71,3,71,3,9
skew,3155,81,4,81,4,9
skew,3156,89,4,89,4,7
skew,3157,90,4,90,4,7
skew,3158,91,4,91,4,9
skew,3159,92,4,92,4,9
skew,3160,70,3,70,3,7
skew,3161,80,4,84,4,9
skew,3162,84,4,84,4,9
skew,3163,72,3,72,3,9
skew,3164,90,4,90,4,7
skew,3165,91,4,104,5,9
skew,3166,96,4,104,5,9
skew,3167,92,4,92,4,9
skew,3168,74,3,74,3,7
skew,3169,84,4,84,4,7
skew,3170,89,4,89,4,7
skew,3171,90,4,90,4,7
skew,3172,76,3,76,3,9
skew,3173,86,4,86,4,9
skew,3174,91,4,91,4,9
skew,3175,92,4,92,4,9
skew,3176,75,3,75,3,7
skew,3177,85,4,89,4,9
skew,3178,90,4,90,4,7
skew,3179,91,4,104,5,9
skew,3180,89,4,89,4,9
skew,3181,77,3,77,3,9
skew,3182,101,4,104,5,9
skew,3183,92,4,92,4,9
skew,3184,80,3,80,3,7
skew,3185,90,4,90,4,7
skew,3186,94,4,94,4,9
skew,3187,96,4,104,5,9
skew,3188,94,4,94,4,9
skew,3189,101,4,104,5,9
skew,3190,82,3,82,3,9
skew,3191,92,4,92,4,9
skew,3192,81,3,81,3,7
skew,3193,91,4,95,4,9
skew,3194,95,4,95,4,9
skew,3195,95,4,95,4,9
skew,3196,95,4,95,4,9
skew,3197,95,4,95,4,9
skew,3198,95,4,95,4,9
skew,3199,83,3,83,3,9
skew,3200,56,2,61,2,9
skew,3201,66,3,71,3,9
skew,3202,71,3,76,3,9
skew,3203,72,3,77,3,9
skew,3204,76,3,81,3,9
skew,3205,77,3,82,3,9
skew,3206,82,3,87,3,9
skew,3207,83,3,88,3,9
skew,3208,69,3,74,3,9
skew,3209,71,3,76,3,11
skew,3210,84,4,89,4,9
skew,3211,85,4,91,4,11
skew,3212,89,4,94,4,9
skew,3213,90,4,96,4,11
skew,3214,95,4,100,4,9
skew,3215,96,4,102,4,11
skew,3216,74,3,79,3,9
skew,3217,84,4,89,4,9
skew,3218,68,2,68,2,13
skew,3219,78,3,78,3,13
skew,3220,94,4,99,4,9
skew,3221,95,4,100,4,9
skew,3222,88,3,88,3,13
skew,3223,89,3,89,3,13
skew,3224,75,3,80,3,9
skew,3225,85,4,94,4,11
skew,3226,81,3,81,3,13
skew,3227,77,3,83,3,15
skew,3228,95,4,100,4,9
skew,3229,96,4,114,5,11
skew,3230,101,4,101,4,13
skew,3231,97,4,103,4,15
skew,3232,79,3,84,3,9
skew,3233,89,4,94,4,9
skew,3234,94,4,99,4,9
skew,3235,95,4,100,4,9
skew,3236,81,3,86,3,11
skew,3237,91,4,96,4,11
skew,3238,96,4,101,4,11
skew,3239,97,4,102,4,11
skew,3240,80,3,85,3,9
skew,3241,90,4,99,4,11
skew,3242,95,4,100,4,9
skew,3243,96,4,114,5,11
skew,3244,94,4,99,4,11
skew,3245,82,3,87,3,11
skew,3246,106,4,114,5,11
skew,3247,97,4,102,4,11
skew,3248,85,3,90,3,9
skew,3249,95,4,100,4,9
skew,3250,91,3,91,3,13
skew,3251,101,4,101,4,13
skew,3252,99,4,104,4,11
skew,3253,106,4,114,5,11
skew,3254,87,3,93,3,15
skew,3255,97,4,103,4,15
skew,3256,86,3,91,3,9
skew,3257,96,4,105,4,11
skew,3258,92,3,92,3,13
skew,3259,100,4,106,4,15
skew,3260,100,4,105,4,11
skew,3261,100,4,105,4,11
skew,3262,100,4,106,4,15
skew,3263,88,3,94,3,15
skew,3264,57,2,77,3,9
skew,3265,67,3,87,4,9
skew,3266,72,3,92,4,9
skew,3267,73,3,93,4,9
skew,3268,77,3,97,4,9
skew,3269,78,3,98,4,9
skew,3270,83,3,103,4,9
skew,3271,84,3,104,4,9
skew,3272,70,3,90,4,9
skew,3273,72,3,92,4,11
skew,3274,85,4,105,5,9
skew,3275,86,4,107,5,11
skew,3276,90,4,110,5,9
skew,3277,91,4,112,5,11
skew,3278,96,4,116,5,9
skew,3279,97,4,118,5,11
skew,3280,75,3,95,4,9
skew,3281,85,4,105,5,9
skew,3282,77,3,84,3,13
skew,3283,87,4,94,4,13
skew,3284,95,4,115,5,9
skew,3285,96,4,116,5,9
skew,3286,97,4,104,4,13
skew,3287,98,4,105,4,13
skew,3288,76,3,96,4,9
skew,3289,86,4,110,5,11
skew,3290,90,4,97,4,13
skew,3291,78,3,99,4,15
skew,3292,96,4,116,5,9
skew,3293,97,4,130,6,11
skew,3294,102,4,117,5,13
skew,3295,98,4,119,5,15
skew,3296,80,3,100,4,9
skew,3297,90,4,110,5,9
skew,3298,95,4,115,5,9
skew,3299,96,4,116,5,9
skew,3300,82,3,102,4,11
skew,3301,92,4,112,5,11
skew,3302,97,4,117,5,11
skew,3303,98,4,118,5,11
skew,3304,81,3,101,4,9
skew,3305,91,4,115,5,11
skew,3306,96,4,116,5,9
skew,3307,97,4,130,6,11
skew,3308,95,4,115,5,11
skew,3309,83,3,103,4,11
skew,3310,107,4,130,6,11
skew,3311,98,4,118,5,11
skew,3312,86,3,106,4,9
skew,3313,96,4,116,5,9
skew,3314,100,4,107,4,13
skew,3315,102,4,117,5,13
skew,3316,100,4,120,5,11
skew,3317,107,4,130,6,11
skew,3318,88,3,109,4,15
skew,3319,98,4,119,5,15
skew,3320,87,3,107,4,9
skew,3321,97,4,121,5,11
skew,3322,101,4,108,4,13
skew,3323,101,4,122,5,15
skew,3324,101,4,121,5,11
skew,3325,101,4,121,5,11
skew,3326,101,4,122,5,15
skew,3327,89,3,110,4,15
skew,3328,61,2,61,2,9
skew,3329,71,3,71,3,9
skew,3330,76,3,76,3,9
skew,3331,77,3,77,3,9
skew,3332,81,3,81,3,9
skew,3333,82,3,82,3,9
skew,3334,87,3,87,3,9
skew,3335,88,3,88,3,9
skew,3336,74,3,74,3,9
skew,3337,76,3,76,3,11
skew,3338,89,4,89,4,9
skew,3339,90,4,91,4,11
skew,3340,94,4,94,4,9
skew,3341,95,4,96,4,11
skew,3342,100,4,100,4,9
skew,3343,101,4,102,4,11
skew,3344,79,3,79,3,9
skew,3345,89,4,89,4,9
skew,3346,81,3,81,3,11
skew,3347,91,4,91,4,11
skew,3348,99,4,99,4,9
skew,3349,100,4,100,4,9
skew,3350,101,4,101,4,11
skew,3351,102,4,102,4,11
skew,3352,80,3,80,3,9
skew,3353,90,4,94,4,11
skew,3354,94,4,94,4,11
skew,3355,82,3,82,3,11
skew,3356,100,4,100,4,9
skew,3357,101,4,114,5,11
skew,3358,106,4,114,5,11
skew,3359,102,4,102,4,11
skew,3360,84,3,84,3,9
skew,3361,94,4,94,4,9
skew,3362,99,4,99,4,9
skew,3363,100,4,100,4,9
skew,3364,68,2,68,2,13
skew,3365,78,3,78,3,13
skew,3366,83,3,83,3,13
skew,3367,84,3,84,3,13
skew,3368,85,3,85,3,9
skew,3369,95,4,99,4,11
skew,3370,100,4,100,4,9
skew,3371,101,4,114,5,11
skew,3372,81,3,81,3,13
skew,3373,83,3,83,3,15
skew,3374,96,4,96,4,13
skew,3375,97,4,98,4,15
skew,3376,90,3,90,3,9
skew,3377,100,4,100,4,9
skew,3378,104,4,104,4,11
skew,3379,106,4,114,5,11
skew,3380,86,3,86,3,13
skew,3381,96,4,96,4,13
skew,3382,88,3,88,3,15
skew,3383,98,4,98,4,15
skew,3384,91,3,91,3,9
skew,3385,101,4,105,4,11
skew,3386,105,4,105,4,11
skew,3387,105,4,105,4,11
skew,3388,87,3,87,3,13
skew,3389,97,4,101,4,15
skew,3390,101,4,101,4,15
skew,3391,89,3,89,3,15
skew,3392,62,2,77,3,9
skew,3393,72,3,87,4,9
skew,3394,77,3,92,4,9
skew,3395,78,3,93,4,9
skew,3396,82,3,97,4,9
skew,3397,83,3,98,4,9
skew,3398,88,3,103,4,9
skew,3399,89,3,104,4,9
skew,3400,75,3,90,4,9
skew,3401,77,3,92,4,11
skew,3402,90,4,105,5,9
skew,3403,91,4,107,5,11
skew,3404,95,4,110,5,9
skew,3405,96,4,112,5,11
skew,3406,101,4,116,5,9
skew,3407,102,4,118,5,11
skew,3408,80,3,95,4,9
skew,3409,90,4,105,5,9
skew,3410,82,3,97,4,11
skew,3411,92,4,107,5,11
skew,3412,100,4,115,5,9
skew,3413,101,4,116,5,9
skew,3414,102,4,117,5,11
skew,3415,103,4,118,5,11
skew,3416,81,3,96,4,9
skew,3417,91,4,110,5,11
skew,3418,95,4,110,5,11
skew,3419,83,3,98,4,11
skew,3420,101,4,116,5,9
skew,3421,102,4,130,6,11
skew,3422,107,4,130,6,11
skew,3423,103,4,118,5,11
skew,3424,85,3,100,4,9
skew,3425,95,4,110,5,9
skew,3426,100,4,115,5,9
skew,3427,101,4,116,5,9
skew,3428,84,3,84,3,13
skew,3429,94,4,94,4,13
skew,3430,99,4,99,4,13
skew,3431,100,4,100,4,13
skew,3432,86,3,101,4,9
skew,3433,96,4,115,5,11
skew,3434,101,4,116,5,9
skew,3435,102,4,130,6,11
skew,3436,97,4,97,4,13
skew,3437,88,3,99,4,15
skew,3438,112,4,112,5,13
skew,3439,103,4,114,5,15
skew,3440,91,3,106,4,9
skew,3441,101,4,116,5,9
skew,3442,105,4,120,5,11
skew,3443,107,4,130,6,11
skew,3444,102,4,102,4,13
skew,3445,112,4,112,5,13
skew,3446,93,3,104,4,15
skew,3447,103,4,114,5,15
skew,3448,92,3,107,4,9
skew,3449,102,4,121,5,11
skew,3450,106,4,121,5,11
skew,3451,106,4,121,5,11
skew,3452,103,4,103,4,13
skew,3453,106,4,117,5,15
skew,3454,106,4,117,5,15
skew,3455,94,3,105,4,15
skew,3456,43,1,43,1,9
skew,3457,53,2,53,2,9
skew,3458,58,2,58,2,9
skew,3459,59,2,59,2,9
skew,3460,63,2,63,2,9
skew,3461,64,2,64,2,9
skew,3462,69,2,69,2,9
skew,3463,70,2,70,2,9
skew,3464,56,2,56,2,9
skew,3465,58,2,58,2,11
skew,3466,71,3,71,3,9
skew,3467,72,3,73,3,11
skew,3468,76,3,76,3,9
skew,3469,77,3,78,3,11
skew,3470,82,3,82,3,9
skew,3471,83,3,84,3,11
skew,3472,61,2,61,2,9
skew,3473,71,3,71,3,9
skew,3474,63,2,76,2,15
skew,3475,73,3,86,3,15
skew,3476,81,3,81,3,9
skew,3477,82,3,82,3,9
skew,3478,83,3,96,3,15
skew,3479,84,3,97,3,15
skew,3480,62,2,62,2,9
skew,3481,72,3,76,3,11
skew,3482,76,3,89,3,15
skew,3483,64,2,91,3,17
skew,3484,82,3,82,3,9
skew,3485,83,3,96,4,11
skew,3486,88,3,109,4,15
skew,3487,84,3,111,4,17
skew,3488,66,2,66,2,9
skew,3489,76,3,76,3,9
skew,3490,81,3,81,3,9
skew,3491,82,3,82,3,9
skew,3492,68,2,76,2,15
skew,3493,78,3,86,3,15
skew,3494,83,3,91,3,15
skew,3495,84,3,92,3,15
skew,3496,67,2,67,2,9
skew,3497,77,3,81,3,11
skew,3498,82,3,82,3,9
skew,3499,83,3,96,4,11
skew,3500,81,3,89,3,15
skew,3501,69,2,91,3,17
skew,3502,93,3,104,4,15
skew,3503,84,3,106,4,17
skew,3504,72,2,72,2,9
skew,3505,82,3,82,3,9
skew,3506,86,3,99,3,15
skew,3507,88,3,109,4,15
skew,3508,86,3,94,3,15
skew,3509,93,3,104,4,15
skew,3510,50,1,50,1,13
skew,3511,60,2,60,2,13
skew,3512,73,2,73,2,9
skew,3513,83,3,87,3,11
skew,3514,87,3,100,3,15
skew,3515,87,3,114,4,17
skew,3516,87,3,95,3,15
skew,3517,87,3,109,4,17
skew,3518,63,2,63,2,13
skew,3519,65,2,65,2,15
skew,3520,59,2,59,2,9
skew,3521,69,3,69,3,9
skew,3522,74,3,74,3,9
skew,3523,75,3,75,3,9
skew,3524,79,3,79,3,9
skew,3525,80,3,80,3,9
skew,3526,85,3,85,3,9
skew,3527,86,3,86,3,9
skew,3528,72,3,72,3,9
skew,3529,74,3,74,3,11
skew,3530,87,4,87,4,9
skew,3531,88,4,89,4,11
skew,3532,92,4,92,4,9
skew,3533,93,4,94,4,11
skew,3534,98,4,98,4,9
skew,3535,99,4,100,4,11
skew,3536,77,3,77,3,9
skew,3537,87,4,87,4,9
skew,3538,79,3,92,3,15
skew,3539,89,4,102,4,15
skew,3540,97,4,97,4,9
skew,3541,98,4,98,4,9
skew,3542,99,4,112,4,15
skew,3543,100,4,113,4,15
skew,3544,78,3,78,3,9
skew,3545,88,4,92,4,11
skew,3546,92,4,105,4,15
skew,3547,80,3,107,4,17
skew,3548,98,4,98,4,9
skew,3549,99,4,112,5,11
skew,3550,104,4,125,5,15
skew,3551,100,4,127,5,17
skew,3552,82,3,82,3,9
skew,3553,92,4,92,4,9
skew,3554,97,4,97,4,9
skew,3555,98,4,98,4,9
skew,3556,84,3,92,3,15
skew,3557,94,4,102,4,15
skew,3558,99,4,107,4,15
skew,3559,100,4,108,4,15
skew,3560,83,3,83,3,9
skew,3561,93,4,97,4,11
skew,3562,98,4,98,4,9
skew,3563,99,4,112,5,11
skew,3564,97,4,105,4,15
skew,3565,85,3,107,4,17
skew,3566,109,4,120,5,15
skew,3567,100,4,122,5,17
skew,3568,88,3,88,3,9
skew,3569,98,4,98,4,9
skew,3570,102,4,115,4,15
skew,3571,104,4,125,5,15
skew,3572,102,4,110,4,15
skew,3573,109,4,120,5,15
skew,3574,66,2,66,2,13
skew,3575,76,3,76,3,13
skew,3576,89,3,89,3,9
skew,3577,99,4,103,4,11
skew,3578,103,4,116,4,15
skew,3579,103,4,130,5,17
skew,3580,103,4,111,4,15
skew,3581,103,4,125,5,17
skew,3582,79,3,79,3,13
skew,3583,81,3,81,3,15
skew,3584,36,1,36,1,7
skew,3585,46,2,46,2,7
skew,3586,51,2,51,2,7
skew,3587,52,2,52,2,7
skew,3588,56,2,56,2,7
skew,3589,57,2,57,2,7
skew,3590,62,2,62,2,7
skew,3591,63,2,63,2,7
skew,3592,49,2,49,2,7
skew,3593,51,2,51,2,9
skew,3594,64,3,64,3,7
skew,3595,65,3,66,3,9
skew,3596,69,3,69,3,7
skew,3597,70,3,71,3,9
skew,3598,75,3,75,3,7
skew,3599,76,3,77,3,9
skew,3600,54,2,54,2,7
skew,3601,64,3,64,3,7
skew,3602,56,2,56,2,9
skew,3603,66,3,66,3,9
skew,3604,74,3,74,3,7
skew,3605,75,3,75,3,7
skew,3606,76,3,76,3,9
skew,3607,77,3,77,3,9
skew,3608,55,2,55,2,7
skew,3609,65,3,69,3,9
skew,3610,69,3,69,3,9
skew,3611,57,2,57,2,9
skew,3612,75,3,75,3,7
skew,3613,76,3,89,4,9
skew,3614,81,3,89,4,9
skew,3615,77,3,77,3,9
skew,3616,59,2,59,2,7
skew,3617,69,3,69,3,7
skew,3618,74,3,74,3,7
skew,3619,75,3,75,3,7
skew,3620,61,2,61,2,9
skew,3621,71,3,71,3,9
skew,3622,76,3,76,3,9
skew,3623,77,3,77,3,9
skew,3624,60,2,60,2,7
skew,3625,70,3,74,3,9
skew,3626,75,3,75,3,7
skew,3627,76,3,89,4,9
skew,3628,74,3,74,3,9
skew,3629,62,2,62,2,9
skew,3630,86,3,89,4,9
skew,3631,77,3,77,3,9
skew,3632,65,2,65,2,7
skew,3633,75,3,75,3,7
skew,3634,79,3,79,3,9
skew,3635,81,3,89,4,9
skew,3636,79,3,79,3,9
skew,3637,86,3,89,4,9
skew,3638,67,2,67,2,9
skew,3639,77,3,77,3,9
skew,3640,66,2,66,2,7
skew,3641,76,3,80,3,9
skew,3642,80,3,80,3,9
skew,3643,80,3,80,3,9
skew,3644,80,3,80,3,9
skew,3645,80,3,80,3,9
skew,3646,80,3,80,3,9
skew,3647,68,2,68,2,9
skew,3648,52,2,62,2,9
skew,3649,62,3,72,3,9
skew,3650,67,3,77,3,9
skew,3651,68,3,78,3,9
skew,3652,72,3,82,3,9
skew,3653,73,3,83,3,9
skew,3654,78,3,88,3,9
skew,3655,79,3,89,3,9
skew,3656,65,3,75,3,9
skew,3657,67,3,69,2,13
skew,3658,80,4,90,4,9
skew,3659,81,4,84,3,13
skew,3660,85,4,95,4,9
skew,3661,86,4,89,3,13
skew,3662,91,4,101,4,9
skew,3663,92,4,95,3,13
skew,3664,70,3,80,3,9
skew,3665,80,4,90,4,9
skew,3666,72,3,82,3,11
skew,3667,82,4,92,4,11
skew,3668,90,4,100,4,9
skew,3669,91,4,101,4,9
skew,3670,92,4,102,4,11
skew,3671,93,4,103,4,11
skew,3672,71,3,81,3,9
skew,3673,81,4,87,3,13
skew,3674,85,4,95,4,11
skew,3675,73,3,89,3,15
skew,3676,91,4,101,4,9
skew,3677,92,4,107,4,13
skew,3678,97,4,115,5,11
skew,3679,93,4,109,4,15
skew,3680,75,3,85,3,9
skew,3681,85,4,95,4,9
skew,3682,90,4,100,4,9
skew,3683,91,4,101,4,9
skew,3684,77,3,87,3,11
skew,3685,87,4,97,4,11
skew,3686,92,4,102,4,11
skew,3687,93,4,103,4,11
skew,3688,76,3,86,3,9
skew,3689,86,4,92,3,13
skew,3690,91,4,101,4,9
skew,3691,92,4,107,4,13
skew,3692,90,4,100,4,11
skew,3693,78,3,94,3,15
skew,3694,102,4,115,5,11
skew,3695,93,4,109,4,15
skew,3696,81,3,91,3,9
skew,3697,91,4,101,4,9
skew,3698,95,4,105,4,11
skew,3699,97,4,115,5,11
skew,3700,95,4,105,4,11
skew,3701,102,4,115,5,11
skew,3702,83,3,93,3,11
skew,3703,93,4,103,4,11
skew,3704,82,3,92,3,9
skew,3705,92,4,98,3,13
skew,3706,96,4,106,4,11
skew,3707,96,4,112,4,15
skew,3708,96,4,106,4,11
skew,3709,96,4,112,4,15
skew,3710,96,4,106,4,11
skew,3711,84,3,100,3,15
skew,3712,57,2,62,2,9
skew,3713,67,3,72,3,9
skew,3714,72,3,77,3,9
skew,3715,73,3,78,3,9
skew,3716,77,3,82,3,9
skew,3717,78,3,83,3,9
skew,3718,83,3,88,3,9
skew,3719,84,3,89,3,9
skew,3720,70,3,75,3,9
skew,3721,72,3,77,3,11
skew,3722,85,4,90,4,9
skew,3723,86,4,92,4,11
skew,3724,90,4,95,4,9
skew,3725,91,4,97,4,11
skew,3726,96,4,101,4,9
skew,3727,97,4,103,4,11
skew,3728,75,3,80,3,9
skew,3729,85,4,90,4,9
skew,3730,69,2,69,2,13
skew,3731,79,3,79,3,13
skew,3732,95,4,100,4,9
skew,3733,96,4,101,4,9
skew,3734,89,3,89,3,13
skew,3735,90,3,90,3,13
skew,3736,76,3,81,3,9
skew,3737,86,4,95,4,11
skew,3738,82,3,82,3,13
skew,3739,78,3,84,3,15
skew,3740,96,4,101,4,9
skew,3741,97,4,115,5,11
skew,3742,102,4,102,4,13
skew,3743,98,4,104,4,15
skew,3744,80,3,85,3,9
skew,3745,90,4,95,4,9
skew,3746,95,4,100,4,9
skew,3747,96,4,101,4,9
skew,3748,82,3,87,3,11
skew,3749,92,4,97,4,11
skew,3750,97,4,102,4,11
skew,3751,98,4,103,4,11
skew,3752,81,3,86,3,9
skew,3753,91,4,100,4,11
skew,3754,96,4,101,4,9
skew,3755,97,4,115,5,11
skew,3756,95,4,100,4,11
skew,3757,83,3,88,3,11
skew,3758,107,4,115,5,11
skew,3759,98,4,103,4,11
skew,3760,86,3,91,3,9
skew,3761,96,4,101,4,9
skew,3762,92,3,92,3,13
skew,3763,102,4,102,4,13
skew,3764,100,4,105,4,11
skew,3765,107,4,115,5,11
skew,3766,88,3,94,3,15
skew,3767,98,4,104,4,15
skew,3768,87,3,92,3,9
skew,3769,97,4,106,4,11
skew,3770,93,3,93,3,13
skew,3771,101,4,107,4,15
skew,3772,101,4,106,4,11
skew,3773,101,4,106,4,11
skew,3774,101,4,107,4,15
skew,3775,89,3,95,3,15
skew,3776,58,2,62,2,9
skew,3777,68,3,72,3,9
skew,3778,73,3,77,3,9
skew,3779,74,3,78,3,9
skew,3780,78,3,82,3,9
skew,3781,79,3,83,3,9
skew,3782,84,3,88,3,9
skew,3783,85,3,89,3,9
skew,3784,71,3,75,3,9
skew,3785,73,3,95,3,15
skew,3786,86,4,90,4,9
skew,3787,87,4,110,4,15
skew,3788,91,4,95,4,9
skew,3789,92,4,115,4,15
skew,3790,97,4,101,4,9
skew,3791,98,4,121,4,15
skew,3792,76,3,80,3,9
skew,3793,86,4,90,4,9
skew,3794,78,3,95,3,15
skew,3795,88,4,105,4,15
skew,3796,96,4,100,4,9
skew,3797,97,4,101,4,9
skew,3798,98,4,115,4,15
skew,3799,99,4,116,4,15
skew,3800,77,3,81,3,9
skew,3801,87,4,113,4,15
skew,3802,91,4,108,4,15
skew,3803,69,2,69,2,13
skew,3804,97,4,101,4,9
skew,3805,98,4,133,5,15
skew,3806,103,4,128,5,15
skew,3807,89,3,89,3,13
skew,3808,81,3,85,3,9
skew,3809,91,4,95,4,9
skew,3810,96,4,100,4,9
skew,3811,97,4,101,4,9
skew,3812,83,3,87,3,11
skew,3813,93,4,97,4,11
skew,3814,98,4,102,4,11
skew,3815,99,4,103,4,11
skew,3816,82,3,86,3,9
skew,3817,92,4,118,4,15
skew,3818,97,4,101,4,9
skew,3819,98,4,133,5,15
skew,3820,96,4,100,4,11
skew,3821,84,3,120,4,17
skew,3822,108,4,115,5,11
skew,3823,99,4,135,5,17
skew,3824,87,3,91,3,9
skew,3825,97,4,101,4,9
skew,3826,101,4,118,4,15
skew,3827,103,4,128,5,15
skew,3828,101,4,105,4,11
skew,3829,108,4,115,5,11
skew,3830,89,3,120,4,17
skew,3831,99,4,130,5,17
skew,3832,88,3,92,3,9
skew,3833,98,4,124,4,15
skew,3834,102,4,119,4,15
skew,3835,92,3,92,3,13
skew,3836,102,4,106,4,11
skew,3837,102,4,138,5,17
skew,3838,102,4,133,5,17
skew,3839,90,3,94,3,15
skew,3840,62,2,62,2,9
skew,3841,72,3,72,3,9
skew,3842,77,3,77,3,9
skew,3843,78,3,78,3,9
skew,3844,82,3,82,3,9
skew,3845,83,3,83,3,9
skew,3846,88,3,88,3,9
skew,3847,89,3,89,3,9
skew,3848,75,3,75,3,9
skew,3849,77,3,77,3,11
skew,3850,90,4,90,4,9
skew,3851,91,4,92,4,11
skew,3852,95,4,95,4,9
skew,3853,96,4,97,4,11
skew,3854,101,4,101,4,9
skew,3855,102,4,103,4,11
skew,3856,80,3,80,3,9
skew,3857,90,4,90,4,9
skew,3858,82,3,82,3,11
skew,3859,92,4,92,4,11
skew,3860,100,4,100,4,9
skew,3861,101,4,101,4,9
skew,3862,102,4,102,4,11
skew,3863,103,4,103,4,11
skew,3864,81,3,81,3,9
skew,3865,91,4,95,4,11
skew,3866,95,4,95,4,11
skew,3867,83,3,83,3,11
skew,3868,101,4,101,4,9
skew,3869,102,4,115,5,11
skew,3870,107,4,115,5,11
skew,3871,103,4,103,4,11
skew,3872,85,3,85,3,9
skew,3873,95,4,95,4,9
skew,3874,100,4,100,4,9
skew,3875,101,4,101,4,9
skew,3876,69,2,69,2,13
skew,3877,79,3,79,3,13
skew,3878,84,3,84,3,13
skew,3879,85,3,85,3,13
skew,3880,86,3,86,3,9
skew,3881,96,4,100,4,11
skew,3882,101,4,101,4,9
skew,3883,102,4,115,5,11
skew,3884,82,3,82,3,13
skew,3885,84,3,84,3,15
skew,3886,97,4,97,4,13
skew,3887,98,4,99,4,15
skew,3888,91,3,91,3,9
skew,3889,101,4,101,4,9
skew,3890,105,4,105,4,11
skew,3891,107,4,115,5,11
skew,3892,87,3,87,3,13
skew,3893,97,4,97,4,13
skew,3894,89,3,89,3,15
skew,3895,99,4,99,4,15
skew,3896,92,3,92,3,9
skew,3897,102,4,106,4,11
skew,3898,106,4,106,4,11
skew,3899,106,4,106,4,11
skew,3900,88,3,88,3,13
skew,3901,98,4,102,4,15
skew,3902,102,4,102,4,15
skew,3903,90,3,90,3,15
skew,3904,62,2,62,2,9
skew,3905,72,3,72,3,9
skew,3906,77,3,77,3,9
skew,3907,78,3,78,3,9
skew,3908,82,3,82,3,9
skew,3909,83,3,83,3,9
skew,3910,88,3,88,3,9
skew,3911,89,3,89,3,9
skew,3912,75,3,75,3,9
skew,3913,77,3,95,3,15
skew,3914,90,4,90,4,9
skew,3915,91,4,110,4,15
skew,3916,95,4,95,4,9
skew,3917,96,4,115,4,15
skew,3918,101,4,101,4,9
skew,3919,102,4,121,4,15
skew,3920,80,3,80,3,9
skew,3921,90,4,90,4,9
skew,3922,82,3,82,3,11
skew,3923,92,4,92,4,11
skew,3924,100,4,100,4,9
skew,3925,101,4,101,4,9
skew,3926,102,4,102,4,11
skew,3927,103,4,103,4,11
skew,3928,81,3,81,3,9
skew,3929,91,4,113,4,15
skew,3930,95,4,95,4,11
skew,3931,83,3,115,4,17
skew,3932,101,4,101,4,9
skew,3933,102,4,133,5,15
skew,3934,107,4,115,5,11
skew,3935,103,4,135,5,17
skew,3936,85,3,85,3,9
skew,3937,95,4,95,4,9
skew,3938,100,4,100,4,9
skew,3939,101,4,101,4,9
skew,3940,85,3,95,3,15
skew,3941,95,4,105,4,15
skew,3942,100,4,110,4,15
skew,3943,101,4,111,4,15
skew,3944,86,3,86,3,9
skew,3945,96,4,118,4,15
skew,3946,101,4,101,4,9
skew,3947,102,4,133,5,15
skew,3948,98,4,108,4,15
skew,3949,69,2,69,2,13
skew,3950,112,4,123,5,15
skew,3951,84,3,84,3,13
skew,3952,91,3,91,3,9
skew,3953,101,4,101,4,9
skew,3954,105,4,105,4,11
skew,3955,107,4,115,5,11
skew,3956,103,4,113,4,15
skew,3957,112,4,123,5,15
skew,3958,93,3,115,4,17
skew,3959,103,4,125,5,17
skew,3960,92,3,92,3,9
skew,3961,102,4,124,4,15
skew,3962,106,4,106,4,11
skew,3963,106,4,138,5,17
skew,3964,104,4,114,4,15
skew,3965,87,3,87,3,13
skew,3966,106,4,128,5,17
skew,3967,89,3,89,3,15
skew,3968,62,2,62,2,9
skew,3969,72,3,72,3,9
skew,3970,77,3,77,3,9
skew,3971,78,3,78,3,9
skew,3972,82,3,82,3,9
skew,3973,83,3,83,3,9
skew,3974,88,3,88,3,9
skew,3975,89,3,89,3,9
skew,3976,75,3,75,3,9
skew,3977,77,3,77,3,11
skew,3978,90,4,90,4,9
skew,3979,91,4,92,4,11
skew,3980,95,4,95,4,9
skew,3981,96,4,97,4,11
skew,3982,101,4,101,4,9
skew,3983,102,4,103,4,11
skew,3984,80,3,80,3,9
skew,3985,90,4,90,4,9
skew,3986,82,3,95,3,15
skew,3987,92,4,105,4,15
skew,3988,100,4,100,4,9
skew,3989,101,4,101,4,9
skew,3990,102,4,115,4,15
skew,3991,103,4,116,4,15
skew,3992,81,3,81,3,9
skew,3993,91,4,95,4,11
skew,3994,95,4,108,4,15
skew,3995,83,3,110,4,17
skew,3996,101,4,101,4,9
skew,3997,102,4,115,5,11
skew,3998,107,4,128,5,15
skew,3999,103,4,130,5,17
skew,4000,85,3,85,3,9
skew,4001,95,4,95,4,9
skew,4002,100,4,100,4,9
skew,4003,101,4,101,4,9
skew,4004,87,3,95,3,15
skew,4005,97,4,105,4,15
skew,4006,102,4,110,4,15
skew,4007,103,4,111,4,15
skew,4008,86,3,86,3,9
skew,4009,96,4,100,4,11
skew,4010,101,4,101,4,9
skew,4011,102,4,115,5,11
skew,4012,100,4,108,4,15
skew,4013,88,3,110,4,17
skew,4014,112,4,123,5,15
skew,4015,103,4,125,5,17
skew,4016,91,3,91,3,9
skew,4017,101,4,101,4,9
skew,4018,105,4,118,4,15
skew,4019,107,4,128,5,15
skew,4020,105,4,113,4,15
skew,4021,112,4,123,5,15
skew,4022,69,2,69,2,13
skew,4023,79,3,79,3,13
skew,4024,92,3,92,3,9
skew,4025,102,4,106,4,11
skew,4026,106,4,119,4,15
skew,4027,106,4,133,5,17
skew,4028,106,4,114,4,15
skew,4029,106,4,128,5,17
skew,4030,82,3,82,3,13
skew,4031,84,3,84,3,15
skew,4032,44,1,44,1,9
skew,4033,54,2,54,2,9
skew,4034,59,2,59,2,9
skew,4035,60,2,60,2,9
skew,4036,64,2,64,2,9
skew,4037,65,2,65,2,9
skew,4038,70,2,70,2,9
skew,4039,71,2,71,2,9
skew,4040,57,2,57,2,9
skew,4041,59,2,77,2,15
skew,4042,72,3,72,3,9
skew,4043,73,3,92,3,15
skew,4044,77,3,77,3,9
skew,4045,78,3,97,3,15
skew,4046,83,3,83,3,9
skew,4047,84,3,103,3,15
skew,4048,62,2,62,2,9
skew,4049,72,3,72,3,9
skew,4050,64,2,77,2,15
skew,4051,74,3,87,3,15
skew,4052,82,3,82,3,9
skew,4053,83,3,83,3,9
skew,4054,84,3,97,3,15
skew,4055,85,3,98,3,15
skew,4056,63,2,63,2,9
skew,4057,73,3,95,3,15
skew,4058,77,3,90,3,15
skew,4059,65,2,77,2,15
skew,4060,83,3,83,3,9
skew,4061,84,3,115,4,15
skew,4062,89,3,110,4,15
skew,4063,85,3,97,3,15
skew,4064,67,2,67,2,9
skew,4065,77,3,77,3,9
skew,4066,82,3,82,3,9
skew,4067,83,3,83,3,9
skew,4068,69,2,77,2,15
skew,4069,79,3,87,3,15
skew,4070,84,3,92,3,15
skew,4071,85,3,93,3,15
skew,4072,68,2,68,2,9
skew,4073,78,3,100,3,15
skew,4074,83,3,83,3,9
skew,4075,84,3,115,4,15
skew,4076,82,3,90,3,15
skew,4077,70,2,77,2,15
skew,4078,94,3,105,4,15
skew,4079,85,3,92,3,15
skew,4080,73,2,73,2,9
skew,4081,83,3,83,3,9
skew,4082,87,3,100,3,15
skew,4083,89,3,110,4,15
skew,4084,87,3,95,3,15
skew,4085,94,3,105,4,15
skew,4086,75,2,77,2,15
skew,4087,85,3,87,3,15
skew,4088,74,2,74,2,9
skew,4089,84,3,106,3,15
skew,4090,88,3,101,3,15
skew,4091,88,3,100,3,15
skew,4092,88,3,96,3,15
skew,4093,88,3,95,3,15
skew,4094,88,3,90,3,15
skew,4095,51,1,51,1,13
large_integer,0,0,0,0,0,7
large_integer,1,1226708480901685182464,1,1226708480901685182464,1,7
large_integer,2,1226708480901685182466,1,1226708480901685182466,1,7
large_integer,3,1235931852938539958274,1,1235931852938539958274,1,7
large_integer,4,1226708480901685182468,1,1226708480901685182468,1,7
large_integer,5,1235931852938539958276,1,1235931852938539958276,1,7
large_integer,6,1235931852938539958278,1,1235931852938539958278,1,7
large_integer,7,1245155224975394734086,1,1245155224975394734086,1,7
large_integer,8,1226708480901685182465,1,1226708480901685182465,1,7
large_integer,9,1263601969049104285697,1,1263601969049104285697,1,9
large_integer,10,2453416961803370364931,2,2453416961803370364931,2,7
large_integer,11,2462640333840225140739,2,2490310449950789468163,2,9
large_integer,12,2453416961803370364933,2,2453416961803370364933,2,7
large_integer,13,2462640333840225140741,2,2490310449950789468165,2,9
large_integer,14,2462640333840225140743,2,2462640333840225140743,2,7
large_integer,15,2471863705877079916551,2,2499533821987644243975,2,9
large_integer,16,1226708480901685182467,1,1226708480901685182467,1,7
large_integer,17,2453416961803370364931,2,2453416961803370364931,2,7
large_integer,18,1263601969049104285699,1,1263601969049104285699,1,9
large_integer,19,2462640333840225140741,2,2490310449950789468163,2,9
large_integer,20,2453416961803370364935,2,2453416961803370364935,2,7
large_integer,21,2462640333840225140743,2,2462640333840225140743,2,7
large_integer,22,2462640333840225140745,2,2490310449950789468167,2,9
large_integer,23,2471863705877079916553,2,2499533821987644243975,2,9
large_integer,24,1235931852938539958275,1,1235931852938539958275,1,7
large_integer,25,2462640333840225140739,2,2490310449950789468164,2,9
large_integer,26,2462640333840225140741,2,2490310449950789468164,2,9
large_integer,27,1272825341085959061507,1,1272825341085959061507,1,9
large_integer,28,2462640333840225140743,2,2462640333840225140743,2,7
large_integer,29,2471863705877079916551,2,3717018930852474650632,3,9
large_integer,30,2471863705877079916553,2,3717018930852474650632,3,9
large_integer,31,2481087077913934692361,2,2499533821987644243975,2,9
large_integer,32,1226708480901685182469,1,1226708480901685182469,1,7
large_integer,33,2453416961803370364933,2,2453416961803370364933,2,7
large_integer,34,2453416961803370364935,2,2453416961803370364935,2,7
large_integer,35,2462640333840225140743,2,2462640333840225140743,2,7
large_integer,36,1263601969049104285701,1,1263601969049104285701,1,9
large_integer,37,2462640333840225140745,2,2490310449950789468165,2,9
large_integer,38,2462640333840225140747,2,2490310449950789468167,2,9
large_integer,39,2471863705877079916555,2,2499533821987644243975,2,9
large_integer,40,1235931852938539958277,1,1235931852938539958277,1,7
large_integer,41,2462640333840225140741,2,2490310449950789468166,2,9
large_integer,42,2462640333840225140743,2,2462640333840225140743,2,7
large_integer,43,2471863705877079916551,2,3717018930852474650632,3,9
large_integer,44,2462640333840225140745,2,2490310449950789468166,2,9
large_integer,45,1272825341085959061509,1,1272825341085959061509,1,9
large_integer,46,2471863705877079916555,2,3717018930852474650632,3,9
large_integer,47,2481087077913934692363,2,2499533821987644243975,2,9
large_integer,48,1235931852938539958279,1,1235931852938539958279,1,7
large_integer,49,2462640333840225140743,2,2462640333840225140743,2,7
large_integer,50,2462640333840225140745,2,2490310449950789468168,2,9
large_integer,51,2471863705877079916553,2,3717018930852474650632,3,9
large_integer,52,2462640333840225140747,2,2490310449950789468168,2,9
large_integer,53,2471863705877079916555,2,3717018930852474650632,3,9
large_integer,54,1272825341085959061511,1,1272825341085959061511,1,9
large_integer,55,2481087077913934692365,2,2499533821987644243975,2,9
large_integer,56,1245155224975394734087,1,1245155224975394734087,1,7
large_integer,57,2471863705877079916551,2,2499533821987644243976,2,9
large_integer,58,2471863705877079916553,2,2499533821987644243976,2,9
large_integer,59,2481087077913934692361,2,2499533821987644243976,2,9
large_integer,60,2471863705877079916555,2,2499533821987644243976,2,9
large_integer,61,2481087077913934692363,2,2499533821987644243976,2,9
large_integer,62,2481087077913934692365,2,2499533821987644243976,2,9
large_integer,63,1282048713122813837319,1,1282048713122813837319,1,9
large_integer,64,1226708480901685182466,1,1226708480901685182466,1,7
large_integer,65,2453416961803370364930,2,2453416961803370364930,2,7
large_integer,66,2453416961803370364932,2,2453416961803370364932,2,7
large_integer,67,2462640333840225140740,2,2462640333840225140740,2,7
large_integer,68,2453416961803370364934,2,2453416961803370364934,2,7
large_integer,69,2462640333840225140742,2,2462640333840225140742,2,7
large_integer,70,2462640333840225140744,2,2462640333840225140744,2,7
large_integer,71,2471863705877079916552,2,2471863705877079916552,2,7
large_integer,72,2453416961803370364931,2,2453416961803370364931,2,7
large_integer,73,2490310449950789468163,2,2490310449950789468163,2,9
large_integer,74,3680125442705055547397,3,3680125442705055547397,3,7
large_integer,75,3689348814741910323205,3,3717018930852474650629,3,9
large_integer,76,3680125442705055547399,3,3680125442705055547399,3,7
large_integer,77,3689348814741910323207,3,3717018930852474650631,3,9
large_integer,78,3689348814741910323209,3,3689348814741910323209,3,7
large_integer,79,3698572186778765099017,3,3726242302889329426441,3,9
large_integer,80,2453416961803370364933,2,2453416961803370364933,2,7
large_integer,81,3680125442705055547397,3,3680125442705055547397,3,7
large_integer,82,2490310449950789468165,2,2490310449950789468165,2,9
large_integer,83,3689348814741910323207,3,3717018930852474650629,3,9
large_integer,84,3680125442705055547401,3,3680125442705055547401,3,7
large_integer,85,3689348814741910323209,3,3689348814741910323209,3,7
large_integer,86,3689348814741910323211,3,3717018930852474650633,3,9
large_integer,87,3698572186778765099019,3,3726242302889329426441,3,9
large_integer,88,2462640333840225140741,2,2462640333840225140741,2,7
large_integer,89,3689348814741910323205,3,3717018930852474650630,3,9
large_integer,90,3689348814741910323207,3,3717018930852474650630,3,9
large_integer,91,2499533821987644243973,2,2499533821987644243973,2,9
large_integer,92,3689348814741910323209,3,3689348814741910323209,3,7
large_integer,93,3698572186778765099017,3,4943727411754159833098,4,9
large_integer,94,3698572186778765099019,3,4943727411754159833098,4,9
large_integer,95,3707795558815619874827,3,3726242302889329426441,3,9
large_integer,96,2453416961803370364935,2,2453416961803370364935,2,7
large_integer,97,3680125442705055547399,3,3680125442705055547399,3,7
large_integer,98,3680125442705055547401,3,3680125442705055547401,3,7
large_integer,99,3689348814741910323209,3,3689348814741910323209,3,7
large_integer,100,2490310449950789468167,2,2490310449950789468167,2,9
large_integer,101,3689348814741910323211,3,3717018930852474650631,3,9
large_integer,102,3689348814741910323213,3,3717018930852474650633,3,9
large_integer,103,3698572186778765099021,3,3726242302889329426441,3,9
large_integer,104,2462640333840225140743,2,2462640333840225140743,2,7
large_integer,105,3689348814741910323207,3,3717018930852474650632,3,9
large_integer,106,3689348814741910323209,3,3689348814741910323209,3,7
large_integer,107,3698572186778765099017,3,4943727411754159833098,4,9
large_integer,108,3689348814741910323211,3,3717018930852474650632,3,9
large_integer,109,2499533821987644243975,2,2499533821987644243975,2,9
large_integer,110,3698572186778765099021,3,4943727411754159833098,4,9
large_integer,111,3707795558815619874829,3,3726242302889329426441,3,9
large_integer,112,2462640333840225140745,2,2462640333840225140745,2,7
large_integer,113,3689348814741910323209,3,3689348814741910323209,3,7
large_integer,114,3689348814741910323211,3,3717018930852474650634,3,9
large_integer,115,3698572186778765099019,3,4943727411754159833098,4,9
large_integer,116,3689348814741910323213,3,3717018930852474650634,3,9
large_integer,117,3698572186778765099021,3,4943727411754159833098,4,9
large_integer,118,2499533821987644243977,2,2499533821987644243977,2,9
large_integer,119,3707795558815619874831,3,3726242302889329426441,3,9
large_integer,120,2471863705877079916553,2,2471863705877079916553,2,7
large_integer,121,3698572186778765099017,3,3726242302889329426442,3,9
large_integer,122,3698572186778765099019,3,3726242302889329426442,3,9
large_integer,123,3707795558815619874827,3,3726242302889329426442,3,9
large_integer,124,3698572186778765099021,3,3726242302889329426442,3,9
large_integer,125,3707795558815619874829,3,3726242302889329426442,3,9
large_integer,126,3707795558815619874831,3,3726242302889329426442,3,9
large_integer,127,2508757194024499019785,2,2508757194024499019785,2,9
large_integer,128,1226708480901685182468,1,1226708480901685182468,1,7
large_integer,129,2453416961803370364932,2,2453416961803370364932,2,7
large_integer,130,2453416961803370364934,2,2453416961803370364934,2,7
large_integer,131,2462640333840225140742,2,2462640333840225140742,2,7
large_integer,132,2453416961803370364936,2,2453416961803370364936,2,7
large_integer,133,2462640333840225140744,2,2462640333840225140744,2,7
large_integer,134,2462640333840225140746,2,2462640333840225140746,2,7
large_integer,135,2471863705877079916554,2,2471863705877079916554,2,7
large_integer,136,2453416961803370364933,2,2453416961803370364933,2,7
large_integer,137,2490310449950789468165,2,2490310449950789468165,2,9
large_integer,138,3680125442705055547399,3,3680125442705055547399,3,7
large_integer,139,3689348814741910323207,3,3717018930852474650631,3,9
large_integer,140,3680125442705055547401,3,3680125442705055547401,3,7
large_integer,141,3689348814741910323209,3,3717018930852474650633,3,9
large_integer,142,3689348814741910323211,3,3689348814741910323211,3,7
large_integer,143,3698572186778765099019,3,3726242302889329426443,3,9
large_integer,144,2453416961803370364935,2,2453416961803370364935,2,7
large_integer,145,3680125442705055547399,3,3680125442705055547399,3,7
large_integer,146,2490310449950789468167,2,2490310449950789468167,2,9
large_integer,147,3689348814741910323209,3,3717018930852474650631,3,9
large_integer,148,3680125442705055547403,3,3680125442705055547403,3,7
large_integer,149,3689348814741910323211,3,3689348814741910323211,3,7
large_integer,150,3689348814741910323213,3,3717018930852474650635,3,9
large_integer,151,3698572186778765099021,3,3726242302889329426443,3,9
large_integer,152,2462640333840225140743,2,2462640333840225140743,2,7
large_integer,153,3689348814741910323207,3,3717018930852474650632,3,9
large_integer,154,3689348814741910323209,3,3717018930852474650632,3,9
large_integer,155,2499533821987644243975,2,2499533821987644243975,2,9
large_integer,156,3689348814741910323211,3,3689348814741910323211,3,7
large_integer,157,3698572186778765099019,3,4943727411754159833100,4,9
large_integer,158,3698572186778765099021,3,4943727411754159833100,4,9
large_integer,159,3707795558815619874829,3,3726242302889329426443,3,9
large_integer,160,2453416961803370364937,2,2453416961803370364937,2,7
large_integer,161,3680125442705055547401,3,3680125442705055547401,3,7
large_integer,162,3680125442705055547403,3,3680125442705055547403,3,7
large_integer,163,3689348814741910323211,3,3689348814741910323211,3,7
large_integer,164,2490310449950789468169,2,2490310449950789468169,2,9
large_integer,165,3689348814741910323213,3,3717018930852474650633,3,9
large_integer,166,3689348814741910323215,3,3717018930852474650635,3,9
large_integer,167,3698572186778765099023,3,3726242302889329426443,3,9
large_integer,168,2462640333840225140745,2,2462640333840225140745,2,7
large_integer,169,3689348814741910323209,3,3717018930852474650634,3,9
large_integer,170,3689348814741910323211,3,3689348814741910323211,3,7
large_integer,171,3698572186778765099019,3,4943727411754159833100,4,9
large_integer,172,3689348814741910323213,3,3717018930852474650634,3,9
large_integer,173,2499533821987644243977,2,2499533821987644243977,2,9
large_integer,174,3698572186778765099023,3,4943727411754159833100,4,9
large_integer,175,3707795558815619874831,3,3726242302889329426443,3,9
large_integer,176,2462640333840225140747,2,2462640333840225140747,2,7
large_integer,177,3689348814741910323211,3,3689348814741910323211,3,7
large_integer,178,3689348814741910323213,3,3717018930852474650636,3,9
large_integer,179,3698572186778765099021,3,4943727411754159833100,4,9
large_integer,180,3689348814741910323215,3,3717018930852474650636,3,9
large_integer,181,3698572186778765099023,3,4943727411754159833100,4,9
large_integer,182,2499533821987644243979,2,2499533821987644243979,2,9
large_integer,183,3707795558815619874833,3,3726242302889329426443,3,9
large_integer,184,2471863705877079916555,2,2471863705877079916555,2,7
large_integer,185,3698572186778765099019,3,3726242302889329426444,3,9
large_integer,186,3698572186778765099021,3,3726242302889329426444,3,9
large_integer,187,3707795558815619874829,3,3726242302889329426444,3,9
large_integer,188,3698572186778765099023,3,3726242302889329426444,3,9
large_integer,189,3707795558815619874831,3,3726242302889329426444,3,9
large_integer,190,3707795558815619874833,3,3726242302889329426444,3,9
large_integer,191,2508757194024499019787,2,2508757194024499019787,2,9
large_integer,192,1235931852938539958276,1,1235931852938539958276,1,7
large_integer,193,2462640333840225140740,2,2462640333840225140740,2,7
large_integer,194,2462640333840225140742,2,2462640333840225140742,2,7
large_integer,195,2471863705877079916550,2,2471863705877079916550,2,7
large_integer,196,2462640333840225140744,2,2462640333840225140744,2,7
large_integer,197,2471863705877079916552,2,2471863705877079916552,2,7
large_integer,198,2471863705877079916554,2,2471863705877079916554,2,7
large_integer,199,2481087077913934692362,2,2481087077913934692362,2,7
large_integer,200,2462640333840225140741,2,2462640333840225140741,2,7
large_integer,201,2499533821987644243973,2,2499533821987644243973,2,9
large_integer,202,3689348814741910323207,3,3689348814741910323207,3,7
large_integer,203,3698572186778765099015,3,3726242302889329426439,3,9
large_integer,204,3689348814741910323209,3,3689348814741910323209,3,7
large_integer,205,3698572186778765099017,3,3726242302889329426441,3,9
large_integer,206,3698572186778765099019,3,3698572186778765099019,3,7
large_integer,207,3707795558815619874827,3,3735465674926184202251,3,9
large_integer,208,2462640333840225140743,2,2462640333840225140743,2,7
large_integer,209,3689348814741910323207,3,3689348814741910323207,3,7
large_integer,210,2499533821987644243975,2,2499533821987644243975,2,9
large_integer,211,3698572186778765099017,3,3726242302889329426439,3,9
large_integer,212,3689348814741910323211,3,3689348814741910323211,3,7
large_integer,213,3698572186778765099019,3,3698572186778765099019,3,7
large_integer,214,3698572186778765099021,3,3726242302889329426443,3,9
large_integer,215,3707795558815619874829,3,3735465674926184202251,3,9
large_integer,216,2471863705877079916551,2,2471863705877079916551,2,7
large_integer,217,3698572186778765099015,3,3726242302889329426440,3,9
large_integer,218,3698572186778765099017,3,3726242302889329426440,3,9
large_integer,219,2508757194024499019783,2,2508757194024499019783,2,9
large_integer,220,3698572186778765099019,3,3698572186778765099019,3,7
large_integer,221,3707795558815619874827,3,4952950783791014608908,4,9
large_integer,222,3707795558815619874829,3,4952950783791014608908,4,9
large_integer,223,3717018930852474650637,3,3735465674926184202251,3,9
large_integer,224,2462640333840225140745,2,2462640333840225140745,2,7
large_integer,225,3689348814741910323209,3,3689348814741910323209,3,7
large_integer,226,3689348814741910323211,3,3689348814741910323211,3,7
large_integer,227,3698572186778765099019,3,3698572186778765099019,3,7
large_integer,228,2499533821987644243977,2,2499533821987644243977,2,9
large_integer,229,3698572186778765099021,3,3726242302889329426441,3,9
large_integer,230,3698572186778765099023,3,3726242302889329426443,3,9
large_integer,231,3707795558815619874831,3,3735465674926184202251,3,9
large_integer,232,2471863705877079916553,2,2471863705877079916553,2,7
large_integer,233,3698572186778765099017,3,3726242302889329426442,3,9
large_integer,234,3698572186778765099019,3,3698572186778765099019,3,7
large_integer,235,3707795558815619874827,3,4952950783791014608908,4,9
large_integer,236,3698572186778765099021,3,3726242302889329426442,3,9
large_integer,237,2508757194024499019785,2,2508757194024499019785,2,9
large_integer,238,3707795558815619874831,3,4952950783791014608908,4,9
large_integer,239,3717018930852474650639,3,3735465674926184202251,3,9
large_integer,240,2471863705877079916555,2,2471863705877079916555,2,7
large_integer,241,3698572186778765099019,3,3698572186778765099019,3,7
large_integer,242,3698572186778765099021,3,3726242302889329426444,3,9
large_integer,243,3707795558815619874829,3,4952950783791014608908,4,9
large_integer,244,3698572186778765099023,3,3726242302889329426444,3,9
large_integer,245,3707795558815619874831,3,4952950783791014608908,4,9
large_integer,246,2508757194024499019787,2,2508757194024499019787,2,9
large_integer,247,3717018930852474650641,3,3735465674926184202251,3,9
large_integer,248,2481087077913934692363,2,2481087077913934692363,2,7
large_integer,249,3707795558815619874827,3,3735465674926184202252,3,9
large_integer,250,3707795558815619874829,3,3735465674926184202252,3,9
large_integer,251,3717018930852474650637,3,3735465674926184202252,3,9
large_integer,252,3707795558815619874831,3,3735465674926184202252,3,9
large_integer,253,3717018930852474650639,3,3735465674926184202252,3,9
large_integer,254,3717018930852474650641,3,3735465674926184202252,3,9
large_integer,255,2517980566061353795595,2,2517980566061353795595,2,9
large_integer,256,1226708480901685182470,1,1226708480901685182470,1,7
large_integer,257,2453416961803370364934,2,2453416961803370364934,2,7
large_integer,258,2453416961803370364936,2,2453416961803370364936,2,7
large_integer,259,2462640333840225140744,2,2462640333840225140744,2,7
large_integer,260,2453416961803370364938,2,2453416961803370364938,2,7
large_integer,261,2462640333840225140746,2,2462640333840225140746,2,7
large_integer,262,2462640333840225140748,2,2462640333840225140748,2,7
large_integer,263,2471863705877079916556,2,2471863705877079916556,2,7
large_integer,264,2453416961803370364935,2,2453416961803370364935,2,7
large_integer,265,2490310449950789468167,2,2490310449950789468167,2,9
large_integer,266,3680125442705055547401,3,3680125442705055547401,3,7
large_integer,267,3689348814741910323209,3,3717018930852474650633,3,9
large_integer,268,3680125442705055547403,3,3680125442705055547403,3,7
large_integer,269,3689348814741910323211,3,3717018930852474650635,3,9
large_integer,270,3689348814741910323213,3,3689348814741910323213,3,7
large_integer,271,3698572186778765099021,3,3726242302889329426445,3,9
large_integer,272,2453416961803370364937,2,2453416961803370364937,2,7
large_integer,273,3680125442705055547401,3,3680125442705055547401,3,7
large_integer,274,2490310449950789468169,2,2490310449950789468169,2,9
large_integer,275,3689348814741910323211,3,3717018930852474650633,3,9
large_integer,276,3680125442705055547405,3,3680125442705055547405,3,7
large_integer,277,3689348814741910323213,3,3689348814741910323213,3,7
large_integer,278,3689348814741910323215,3,3717018930852474650637,3,9
large_integer,279,3698572186778765099023,3,3726242302889329426445,3,9
large_integer,280,2462640333840225140745,2,2462640333840225140745,2,7
large_integer,281,3689348814741910323209,3,3717018930852474650634,3,9
large_integer,282,3689348814741910323211,3,3717018930852474650634,3,9
large_integer,283,2499533821987644243977,2,2499533821987644243977,2,9
large_integer,284,3689348814741910323213,3,3689348814741910323213,3,7
large_integer,285,3698572186778765099021,3,4943727411754159833102,4,9
large_integer,286,3698572186778765099023,3,4943727411754159833102,4,9
large_integer,287,3707795558815619874831,3,3726242302889329426445,3,9
large_integer,288,2453416961803370364939,2,2453416961803370364939,2,7
large_integer,289,3680125442705055547403,3,3680125442705055547403,3,7
large_integer,290,3680125442705055547405,3,3680125442705055547405,3,7
large_integer,291,3689348814741910323213,3,3689348814741910323213,3,7
large_integer,292,2490310449950789468171,2,2490310449950789468171,2,9
large_integer,293,3689348814741910323215,3,3717018930852474650635,3,9
large_integer,294,3689348814741910323217,3,3717018930852474650637,3,9
large_integer,295,3698572186778765099025,3,3726242302889329426445,3,9
large_integer,296,2462640333840225140747,2,2462640333840225140747,2,7
large_integer,297,3689348814741910323211,3,3717018930852474650636,3,9
large_integer,298,3689348814741910323213,3,3689348814741910323213,3,7
large_integer,299,3698572186778765099021,3,4943727411754159833102,4,9
large_integer,300,3689348814741910323215,3,3717018930852474650636,3,9
large_integer,301,2499533821987644243979,2,2499533821987644243979,2,9
large_integer,302,3698572186778765099025,3,4943727411754159833102,4,9
large_integer,303,3707795558815619874833,3,3726242302889329426445,3,9
large_integer,304,2462640333840225140749,2,2462640333840225140749,2,7
large_integer,305,3689348814741910323213,3,3689348814741910323213,3,7
large_integer,306,3689348814741910323215,3,3717018930852474650638,3,9
large_integer,307,3698572186778765099023,3,4943727411754159833102,4,9
large_integer,308,3689348814741910323217,3,3717018930852474650638,3,9
large_integer,309,3698572186778765099025,3,4943727411754159833102,4,9
large_integer,310,2499533821987644243981,2,2499533821987644243981,2,9
large_integer,311,3707795558815619874835,3,3726242302889329426445,3,9
large_integer,312,2471863705877079916557,2,2471863705877079916557,2,7
large_integer,313,3698572186778765099021,3,3726242302889329426446,3,9
large_integer,314,3698572186778765099023,3,3726242302889329426446,3,9
large_integer,315,3707795558815619874831,3,3726242302889329426446,3,9
large_integer,316,3698572186778765099025,3,3726242302889329426446,3,9
large_integer,317,3707795558815619874833,3,3726242302889329426446,3,9
large_integer,318,3707795558815619874835,3,3726242302889329426446,3,9
large_integer,319,2508757194024499019789,2,2508757194024499019789,2,9
large_integer,320,1235931852938539958278,1,1235931852938539958278,1,7
large_integer,321,2462640333840225140742,2,2462640333840225140742,2,7
large_integer,322,2462640333840225140744,2,2462640333840225140744,2,7
large_integer,323,2471863705877079916552,2,2471863705877079916552,2,7
large_integer,324,2462640333840225140746,2,2462640333840225140746,2,7
large_integer,325,2471863705877079916554,2,2471863705877079916554,2,7
large_integer,326,2471863705877079916556,2,2471863705877079916556,2,7
large_integer,327,2481087077913934692364,2,2481087077913934692364,2,7
large_integer,328,2462640333840225140743,2,2462640333840225140743,2,7
large_integer,329,2499533821987644243975,2,2499533821987644243975,2,9
large_integer,330,3689348814741910323209,3,3689348814741910323209,3,7
large_integer,331,3698572186778765099017,3,3726242302889329426441,3,9
large_integer,332,3689348814741910323211,3,3689348814741910323211,3,7
large_integer,333,3698572186778765099019,3,3726242302889329426443,3,9
large_integer,334,3698572186778765099021,3,3698572186778765099021,3,7
large_integer,335,3707795558815619874829,3,3735465674926184202253,3,9
large_integer,336,2462640333840225140745,2,2462640333840225140745,2,7
large_integer,337,3689348814741910323209,3,3689348814741910323209,3,7
large_integer,338,2499533821987644243977,2,2499533821987644243977,2,9
large_integer,339,3698572186778765099019,3,3726242302889329426441,3,9
large_integer,340,3689348814741910323213,3,3689348814741910323213,3,7
large_integer,341,3698572186778765099021,3,3698572186778765099021,3,7
large_integer,342,3698572186778765099023,3,3726242302889329426445,3,9
large_integer,343,3707795558815619874831,3,3735465674926184202253,3,9
large_integer,344,2471863705877079916553,2,2471863705877079916553,2,7
large_integer,345,3698572186778765099017,3,3726242302889329426442,3,9
large_integer,346,3698572186778765099019,3,3726242302889329426442,3,9
large_integer,347,2508757194024499019785,2,2508757194024499019785,2,9
large_integer,348,3698572186778765099021,3,3698572186778765099021,3,7
large_integer,349,3707795558815619874829,3,4952950783791014608910,4,9
large_integer,350,3707795558815619874831,3,4952950783791014608910,4,9
large_integer,351,3717018930852474650639,3,3735465674926184202253,3,9
large_integer,352,2462640333840225140747,2,2462640333840225140747,2,7
large_integer,353,3689348814741910323211,3,3689348814741910323211,3,7
large_integer,354,3689348814741910323213,3,3689348814741910323213,3,7
large_integer,355,3698572186778765099021,3,3698572186778765099021,3,7
large_integer,356,2499533821987644243979,2,2499533821987644243979,2,9
large_integer,357,3698572186778765099023,3,3726242302889329426443,3,9
large_integer,358,3698572186778765099025,3,3726242302889329426445,3,9
large_integer,359,3707795558815619874833,3,3735465674926184202253,3,9
large_integer,360,2471863705877079916555,2,2471863705877079916555,2,7
large_integer,361,3698572186778765099019,3,3726242302889329426444,3,9
large_integer,362,3698572186778765099021,3,3698572186778765099021,3,7
large_integer,363,3707795558815619874829,3,4952950783791014608910,4,9
large_integer,364,3698572186778765099023,3,3726242302889329426444,3,9
large_integer,365,2508757194024499019787,2,2508757194024499019787,2,9
large_integer,366,3707795558815619874833,3,4952950783791014608910,4,9
large_integer,367,3717018930852474650641,3,3735465674926184202253,3,9
large_integer,368,2471863705877079916557,2,2471863705877079916557,2,7
large_integer,369,3698572186778765099021,3,3698572186778765099021,3,7
large_integer,370,3698572186778765099023,3,3726242302889329426446,3,9
large_integer,371,3707795558815619874831,3,4952950783791014608910,4,9
large_integer,372,3698572186778765099025,3,3726242302889329426446,3,9
large_integer,373,3707795558815619874833,3,4952950783791014608910,4,9
large_integer,374,2508757194024499019789,2,2508757194024499019789,2,9
large_integer,375,3717018930852474650643,3,3735465674926184202253,3,9
large_integer,376,2481087077913934692365,2,2481087077913934692365,2,7
large_integer,377,3707795558815619874829,3,3735465674926184202254,3,9
large_integer,378,3707795558815619874831,3,3735465674926184202254,3,9
large_integer,379,3717018930852474650639,3,3735465674926184202254,3,9
large_integer,380,3707795558815619874833,3,3735465674926184202254,3,9
large_integer,381,3717018930852474650641,3,3735465674926184202254,3,9
large_integer,382,3717018930852474650643,3,3735465674926184202254,3,9
large_integer,383,2517980566061353795597,2,2517980566061353795597,2,9
large_integer,384,1235931852938539958280,1,1235931852938539958280,1,7
large_integer,385,2462640333840225140744,2,2462640333840225140744,2,7
large_integer,386,2462640333840225140746,2,2462640333840225140746,2,7
large_integer,387,2471863705877079916554,2,2471863705877079916554,2,7
large_integer,388,2462640333840225140748,2,2462640333840225140748,2,7
large_integer,389,2471863705877079916556,2,2471863705877079916556,2,7
large_integer,390,2471863705877079916558,2,2471863705877079916558,2,7
large_integer,391,2481087077913934692366,2,2481087077913934692366,2,7
large_integer,392,2462640333840225140745,2,2462640333840225140745,2,7
large_integer,393,2499533821987644243977,2,2499533821987644243977,2,9
large_integer,394,3689348814741910323211,3,3689348814741910323211,3,7
large_integer,395,3698572186778765099019,3,3726242302889329426443,3,9
large_integer,396,3689348814741910323213,3,3689348814741910323213,3,7
large_integer,397,3698572186778765099021,3,3726242302889329426445,3,9
large_integer,398,3698572186778765099023,3,3698572186778765099023,3,7
large_integer,399,3707795558815619874831,3,3735465674926184202255,3,9
large_integer,400,2462640333840225140747,2,2462640333840225140747,2,7
large_integer,401,3689348814741910323211,3,3689348814741910323211,3,7
large_integer,402,2499533821987644243979,2,2499533821987644243979,2,9
large_integer,403,3698572186778765099021,3,3726242302889329426443,3,9
large_integer,404,3689348814741910323215,3,3689348814741910323215,3,7
large_integer,405,3698572186778765099023,3,3698572186778765099023,3,7
large_integer,406,3698572186778765099025,3,3726242302889329426447,3,9
large_integer,407,3707795558815619874833,3,3735465674926184202255,3,9
large_integer,408,2471863705877079916555,2,2471863705877079916555,2,7
large_integer,409,3698572186778765099019,3,3726242302889329426444,3,9
large_integer,410,3698572186778765099021,3,3726242302889329426444,3,9
large_integer,411,2508757194024499019787,2,2508757194024499019787,2,9
large_integer,412,3698572186778765099023,3,3698572186778765099023,3,7
large_integer,413,3707795558815619874831,3,4952950783791014608912,4,9
large_integer,414,3707795558815619874833,3,4952950783791014608912,4,9
large_integer,415,3717018930852474650641,3,3735465674926184202255,3,9
large_integer,416,2462640333840225140749,2,2462640333840225140749,2,7
large_integer,417,3689348814741910323213,3,3689348814741910323213,3,7
large_integer,418,3689348814741910323215,3,3689348814741910323215,3,7
large_integer,419,3698572186778765099023,3,3698572186778765099023,3,7
large_integer,420,2499533821987644243981,2,2499533821987644243981,2,9
large_integer,421,3698572186778765099025,3,3726242302889329426445,3,9
large_integer,422,3698572186778765099027,3,3726242302889329426447,3,9
large_integer,423,3707795558815619874835,3,3735465674926184202255,3,9
large_integer,424,2471863705877079916557,2,2471863705877079916557,2,7
large_integer,425,3698572186778765099021,3,3726242302889329426446,3,9
large_integer,426,3698572186778765099023,3,3698572186778765099023,3,7
large_integer,427,3707795558815619874831,3,4952950783791014608912,4,9
large_integer,428,3698572186778765099025,3,3726242302889329426446,3,9
large_integer,429,2508757194024499019789,2,2508757194024499019789,2,9
large_integer,430,3707795558815619874835,3,4952950783791014608912,4,9
large_integer,431,3717018930852474650643,3,3735465674926184202255,3,9
large_integer,432,2471863705877079916559,2,2471863705877079916559,2,7
large_integer,433,3698572186778765099023,3,3698572186778765099023,3,7
large_integer,434,3698572186778765099025,3,3726242302889329426448,3,9
large_integer,435,3707795558815619874833,3,4952950783791014608912,4,9
large_integer,436,3698572186778765099027,3,3726242302889329426448,3,9
large_integer,437,3707795558815619874835,3,4952950783791014608912,4,9
large_integer,438,2508757194024499019791,2,2508757194024499019791,2,9
large_integer,439,3717018930852474650645,3,3735465674926184202255,3,9
large_integer,440,2481087077913934692367,2,2481087077913934692367,2,7
large_integer,441,3707795558815619874831,3,3735465674926184202256,3,9
large_integer,442,3707795558815619874833,3,3735465674926184202256,3,9
large_integer,443,3717018930852474650641,3,3735465674926184202256,3,9
large_integer,444,3707795558815619874835,3,3735465674926184202256,3,9
large_integer,445,3717018930852474650643,3,3735465674926184202256,3,9
large_integer,446,3717018930852474650645,3,3735465674926184202256,3,9
large_integer,447,2517980566061353795599,2,2517980566061353795599,2,9
large_integer,448,1245155224975394734088,1,1245155224975394734088,1,7
large_integer,449,2471863705877079916552,2,2471863705877079916552,2,7
large_integer,450,2471863705877079916554,2,2471863705877079916554,2,7
large_integer,451,2481087077913934692362,2,2481087077913934692362,2,7
large_integer,452,2471863705877079916556,2,2471863705877079916556,2,7
large_integer,453,2481087077913934692364,2,2481087077913934692364,2,7
large_integer,454,2481087077913934692366,2,2481087077913934692366,2,7
large_integer,455,2490310449950789468174,2,2490310449950789468174,2,7
large_integer,456,2471863705877079916553,2,2471863705877079916553,2,7
large_integer,457,2508757194024499019785,2,2508757194024499019785,2,9
large_integer,458,3698572186778765099019,3,3698572186778765099019,3,7
large_integer,459,3707795558815619874827,3,3735465674926184202251,3,9
large_integer,460,3698572186778765099021,3,3698572186778765099021,3,7
large_integer,461,3707795558815619874829,3,3735465674926184202253,3,9
large_integer,462,3707795558815619874831,3,3707795558815619874831,3,7
large_integer,463,3717018930852474650639,3,3744689046963038978063,3,9
large_integer,464,2471863705877079916555,2,2471863705877079916555,2,7
large_integer,465,3698572186778765099019,3,3698572186778765099019,3,7
large_integer,466,2508757194024499019787,2,2508757194024499019787,2,9
large_integer,467,3707795558815619874829,3,3735465674926184202251,3,9
large_integer,468,3698572186778765099023,3,3698572186778765099023,3,7
large_integer,469,3707795558815619874831,3,3707795558815619874831,3,7
large_integer,470,3707795558815619874833,3,3735465674926184202255,3,9
large_integer,471,3717018930852474650641,3,3744689046963038978063,3,9
large_integer,472,2481087077913934692363,2,2481087077913934692363,2,7
large_integer,473,3707795558815619874827,3,3735465674926184202252,3,9
large_integer,474,3707795558815619874829,3,3735465674926184202252,3,9
large_integer,475,2517980566061353795595,2,2517980566061353795595,2,9
large_integer,476,3707795558815619874831,3,3707795558815619874831,3,7
large_integer,477,3717018930852474650639,3,4962174155827869384720,4,9
large_integer,478,3717018930852474650641,3,4962174155827869384720,4,9
large_integer,479,3726242302889329426449,3,3744689046963038978063,3,9
large_integer,480,2471863705877079916557,2,2471863705877079916557,2,7
large_integer,481,3698572186778765099021,3,3698572186778765099021,3,7
large_integer,482,3698572186778765099023,3,3698572186778765099023,3,7
large_integer,483,3707795558815619874831,3,3707795558815619874831,3,7
large_integer,484,2508757194024499019789,2,2508757194024499019789,2,9
large_integer,485,3707795558815619874833,3,3735465674926184202253,3,9
large_integer,486,3707795558815619874835,3,3735465674926184202255,3,9
large_integer,487,3717018930852474650643,3,3744689046963038978063,3,9
large_integer,488,2481087077913934692365,2,2481087077913934692365,2,7
large_integer,489,3707795558815619874829,3,3735465674926184202254,3,9
large_integer,490,3707795558815619874831,3,3707795558815619874831,3,7
large_integer,491,3717018930852474650639,3,4962174155827869384720,4,9
large_integer,492,3707795558815619874833,3,3735465674926184202254,3,9
large_integer,493,2517980566061353795597,2,2517980566061353795597,2,9
large_integer,494,3717018930852474650643,3,4962174155827869384720,4,9
large_integer,495,3726242302889329426451,3,3744689046963038978063,3,9
large_integer,496,2481087077913934692367,2,2481087077913934692367,2,7
large_integer,497,3707795558815619874831,3,3707795558815619874831,3,7
large_integer,498,3707795558815619874833,3,3735465674926184202256,3,9
large_integer,499,3717018930852474650641,3,4962174155827869384720,4,9
large_integer,500,3707795558815619874835,3,3735465674926184202256,3,9
large_integer,501,3717018930852474650643,3,4962174155827869384720,4,9
large_integer,502,2517980566061353795599,2,2517980566061353795599,2,9
large_integer,503,3726242302889329426453,3,3744689046963038978063,3,9
large_integer,504,2490310449950789468175,2,2490310449950789468175,2,7
large_integer,505,3717018930852474650639,3,3744689046963038978064,3,9
large_integer,506,3717018930852474650641,3,3744689046963038978064,3,9
large_integer,507,3726242302889329426449,3,3744689046963038978064,3,9
large_integer,508,3717018930852474650643,3,3744689046963038978064,3,9
large_integer,509,3726242302889329426451,3,3744689046963038978064,3,9
large_integer,510,3726242302889329426453,3,3744689046963038978064,3,9
large_integer,511,2527203938098208571407,2,2527203938098208571407,2,9
large_integer,512,1226708480901685182467,1,1226708480901685182467,1,7
large_integer,513,2453416961803370364931,2,2453416961803370364931,2,7
large_integer,514,2453416961803370364933,2,2453416961803370364933,2,7
large_integer,515,2462640333840225140741,2,2462640333840225140741,2,7
large_integer,516,2453416961803370364935,2,2453416961803370364935,2,7
large_integer,517,2462640333840225140743,2,2462640333840225140743,2,7
large_integer,518,2462640333840225140745,2,2462640333840225140745,2,7
large_integer,519,2471863705877079916553,2,2471863705877079916553,2,7
large_integer,520,2453416961803370364932,2,2453416961803370364932,2,7
large_integer,521,2490310449950789468164,2,2490310449950789468164,2,9
large_integer,522,3680125442705055547398,3,3680125442705055547398,3,7
large_integer,523,3689348814741910323206,3,3717018930852474650630,3,9
large_integer,524,3680125442705055547400,3,3680125442705055547400,3,7
large_integer,525,3689348814741910323208,3,3717018930852474650632,3,9
large_integer,526,3689348814741910323210,3,3689348814741910323210,3,7
large_integer,527,3698572186778765099018,3,3726242302889329426442,3,9
large_integer,528,2453416961803370364934,2,2453416961803370364934,2,7
large_integer,529,3680125442705055547398,3,3680125442705055547398,3,7
large_integer,530,2490310449950789468166,2,2490310449950789468166,2,9
large_integer,531,3689348814741910323208,3,3717018930852474650630,3,9
large_integer,532,3680125442705055547402,3,3680125442705055547402,3,7
large_integer,533,3689348814741910323210,3,3689348814741910323210,3,7
large_integer,534,3689348814741910323212,3,3717018930852474650634,3,9
large_integer,535,3698572186778765099020,3,3726242302889329426442,3,9
large_integer,536,2462640333840225140742,2,2462640333840225140742,2,7
large_integer,537,3689348814741910323206,3,3717018930852474650631,3,9
large_integer,538,3689348814741910323208,3,3717018930852474650631,3,9
large_integer,539,2499533821987644243974,2,2499533821987644243974,2,9
large_integer,540,3689348814741910323210,3,3689348814741910323210,3,7
large_integer,541,3698572186778765099018,3,4943727411754159833099,4,9
large_integer,542,3698572186778765099020,3,4943727411754159833099,4,9
large_integer,543,3707795558815619874828,3,3726242302889329426442,3,9
large_integer,544,2453416961803370364936,2,2453416961803370364936,2,7
large_integer,545,3680125442705055547400,3,3680125442705055547400,3,7
large_integer,546,3680125442705055547402,3,3680125442705055547402,3,7
large_integer,547,3689348814741910323210,3,3689348814741910323210,3,7
large_integer,548,2490310449950789468168,2,2490310449950789468168,2,9
large_integer,549,3689348814741910323212,3,3717018930852474650632,3,9
large_integer,550,3689348814741910323214,3,3717018930852474650634,3,9
large_integer,551,3698572186778765099022,3,3726242302889329426442,3,9
large_integer,552,2462640333840225140744,2,2462640333840225140744,2,7
large_integer,553,3689348814741910323208,3,3717018930852474650633,3,9
large_integer,554,3689348814741910323210,3,3689348814741910323210,3,7
large_integer,555,3698572186778765099018,3,4943727411754159833099,4,9
large_integer,556,3689348814741910323212,3,3717018930852474650633,3,9
large_integer,557,2499533821987644243976,2,2499533821987644243976,2,9
large_integer,558,3698572186778765099022,3,4943727411754159833099,4,9
large_integer,559,3707795558815619874830,3,3726242302889329426442,3,9
large_integer,560,2462640333840225140746,2,2462640333840225140746,2,7
large_integer,561,3689348814741910323210,3,3689348814741910323210,3,7
large_integer,562,3689348814741910323212,3,3717018930852474650635,3,9
large_integer,563,3698572186778765099020,3,4943727411754159833099,4,9
large_integer,564,3689348814741910323214,3,3717018930852474650635,3,9
large_integer,565,3698572186778765099022,3,4943727411754159833099,4,9
large_integer,566,2499533821987644243978,2,2499533821987644243978,2,9
large_integer,567,3707795558815619874832,3,3726242302889329426442,3,9
large_integer,568,2471863705877079916554,2,2471863705877079916554,2,7
large_integer,569,3698572186778765099018,3,3726242302889329426443,3,9
large_integer,570,3698572186778765099020,3,3726242302889329426443,3,9
large_integer,571,3707795558815619874828,3,3726242302889329426443,3,9
large_integer,572,3698572186778765099022,3,3726242302889329426443,3,9
large_integer,573,3707795558815619874830,3,3726242302889329426443,3,9
large_integer,574,3707795558815619874832,3,3726242302889329426443,3,9
large_integer,575,2508757194024499019786,2,2508757194024499019786,2,9
large_integer,576,1263601969049104285701,1,1263601969049104285701,1,9
large_integer,577,2490310449950789468165,2,2490310449950789468165,2,9
large_integer,578,2490310449950789468167,2,2490310449950789468167,2,9
large_integer,579,2499533821987644243975,2,2499533821987644243975,2,9
large_integer,580,2490310449950789468169,2,2490310449950789468169,2,9
large_integer,581,2499533821987644243977,2,2499533821987644243977,2,9
large_integer,582,2499533821987644243979,2,2499533821987644243979,2,9
large_integer,583,2508757194024499019787,2,2508757194024499019787,2,9
large_integer,584,2490310449950789468166,2,2490310449950789468166,2,9
large_integer,585,1337388945343942492166,1,1337388945343942492166,1,13
large_integer,586,3717018930852474650632,3,3717018930852474650632,3,9
large_integer,587,2564097426245627674632,2,2564097426245627674632,2,13
large_integer,588,3717018930852474650634,3,3717018930852474650634,3,9
large_integer,589,2564097426245627674634,2,2564097426245627674634,2,13
large_integer,590,3726242302889329426444,3,3726242302889329426444,3,9
large_integer,591,2573320798282482450444,2,2573320798282482450444,2,13
large_integer,592,2490310449950789468168,2,2490310449950789468168,2,9
large_integer,593,3717018930852474650632,3,3717018930852474650632,3,9
large_integer,594,2527203938098208571400,2,2527203938098208571400,2,11
large_integer,595,3726242302889329426442,3,3753912418999893753864,3,11
large_integer,596,3717018930852474650636,3,3717018930852474650636,3,9
large_integer,597,3726242302889329426444,3,3726242302889329426444,3,9
large_integer,598,3726242302889329426446,3,3753912418999893753868,3,11
large_integer,599,3735465674926184202254,3,3763135791036748529676,3,11
large_integer,600,2499533821987644243976,2,2499533821987644243976,2,9
large_integer,601,2564097426245627674633,2,2564097426245627674633,2,13
large_integer,602,3726242302889329426442,3,3753912418999893753865,3,11
large_integer,603,2536427310135063347208,2,2600990914393046777865,2,15
large_integer,604,3726242302889329426444,3,3726242302889329426444,3,9
large_integer,605,3735465674926184202252,3,3790805907147312857101,3,13
large_integer,606,3735465674926184202254,3,4980620899901578936333,4,11
large_integer,607,3744689046963038978062,3,3827699395294731960333,3,15
large_integer,608,2490310449950789468170,2,2490310449950789468170,2,9
large_integer,609,3717018930852474650634,3,3717018930852474650634,3,9
large_integer,610,3717018930852474650636,3,3717018930852474650636,3,9
large_integer,611,3726242302889329426444,3,3726242302889329426444,3,9
large_integer,612,2527203938098208571402,2,2527203938098208571402,2,11
large_integer,613,3726242302889329426446,3,3753912418999893753866,3,11
large_integer,614,3726242302889329426448,3,3753912418999893753868,3,11
large_integer,615,3735465674926184202256,3,3763135791036748529676,3,11
large_integer,616,2499533821987644243978,2,2499533821987644243978,2,9
large_integer,617,2564097426245627674635,2,2564097426245627674635,2,13
large_integer,618,3726242302889329426444,3,3726242302889329426444,3,9
large_integer,619,3735465674926184202252,3,3790805907147312857101,3,13
large_integer,620,3726242302889329426446,3,3753912418999893753867,3,11
large_integer,621,2536427310135063347210,2,2600990914393046777867,2,15
large_integer,622,3735465674926184202256,3,4980620899901578936333,4,11
large_integer,623,3744689046963038978064,3,3827699395294731960333,3,15
large_integer,624,2499533821987644243980,2,2499533821987644243980,2,9
large_integer,625,3726242302889329426444,3,3726242302889329426444,3,9
large_integer,626,3726242302889329426446,3,3753912418999893753869,3,11
large_integer,627,3735465674926184202254,3,4980620899901578936333,4,11
large_integer,628,3726242302889329426448,3,3753912418999893753869,3,11
large_integer,629,3735465674926184202256,3,4980620899901578936333,4,11
large_integer,630,2536427310135063347212,2,2536427310135063347212,2,11
large_integer,631,3744689046963038978066,3,3763135791036748529676,3,11
large_integer,632,2508757194024499019788,2,2508757194024499019788,2,9
large_integer,633,2573320798282482450445,2,2573320798282482450445,2,13
large_integer,634,3735465674926184202254,3,3763135791036748529677,3,11
large_integer,635,3744689046963038978062,3,3827699395294731960334,3,15
large_integer,636,3735465674926184202256,3,3763135791036748529677,3,11
large_integer,637,3744689046963038978064,3,3827699395294731960334,3,15
large_integer,638,3744689046963038978066,3,3763135791036748529677,3,11
large_integer,639,2545650682171918123020,2,2610214286429901553677,2,15
large_integer,640,2453416961803370364935,2,2453416961803370364935,2,7
large_integer,641,3680125442705055547399,3,3680125442705055547399,3,7
large_integer,642,3680125442705055547401,3,3680125442705055547401,3,7
large_integer,643,3689348814741910323209,3,3689348814741910323209,3,7
large_integer,644,3680125442705055547403,3,3680125442705055547403,3,7
large_integer,645,3689348814741910323211,3,3689348814741910323211,3,7
large_integer,646,3689348814741910323213,3,3689348814741910323213,3,7
large_integer,647,3698572186778765099021,3,3698572186778765099021,3,7
large_integer,648,3680125442705055547400,3,3680125442705055547400,3,7
large_integer,649,3717018930852474650632,3,3717018930852474650632,3,9
large_integer,650,4906833923606740729866,4,4906833923606740729866,4,7
large_integer,651,4916057295643595505674,4,4943727411754159833098,4,9
large_integer,652,4906833923606740729868,4,4906833923606740729868,4,7
large_integer,653,4916057295643595505676,4,4943727411754159833100,4,9
large_integer,654,4916057295643595505678,4,4916057295643595505678,4,7
large_integer,655,4925280667680450281486,4,4952950783791014608910,4,9
large_integer,656,3680125442705055547402,3,3680125442705055547402,3,7
large_integer,657,4906833923606740729866,4,4906833923606740729866,4,7
large_integer,658,3717018930852474650634,3,3717018930852474650634,3,9
large_integer,659,4916057295643595505676,4,4943727411754159833098,4,9
large_integer,660,4906833923606740729870,4,4906833923606740729870,4,7
large_integer,661,4916057295643595505678,4,4916057295643595505678,4,7
large_integer,662,4916057295643595505680,4,4943727411754159833102,4,9
large_integer,663,4925280667680450281488,4,4952950783791014608910,4,9
large_integer,664,3689348814741910323210,3,3689348814741910323210,3,7
large_integer,665,4916057295643595505674,4,4943727411754159833099,4,9
large_integer,666,4916057295643595505676,4,4943727411754159833099,4,9
large_integer,667,3726242302889329426442,3,3726242302889329426442,3,9
large_integer,668,4916057295643595505678,4,4916057295643595505678,4,7
large_integer,669,4925280667680450281486,4,6170435892655845015567,5,9
large_integer,670,4925280667680450281488,4,6170435892655845015567,5,9
large_integer,671,4934504039717305057296,4,4952950783791014608910,4,9
large_integer,672,3680125442705055547404,3,3680125442705055547404,3,7
large_integer,673,4906833923606740729868,4,4906833923606740729868,4,7
large_integer,674,4906833923606740729870,4,4906833923606740729870,4,7
large_integer,675,4916057295643595505678,4,4916057295643595505678,4,7
large_integer,676,3717018930852474650636,3,3717018930852474650636,3,9
large_integer,677,4916057295643595505680,4,4943727411754159833100,4,9
large_integer,678,4916057295643595505682,4,4943727411754159833102,4,9
large_integer,679,4925280667680450281490,4,4952950783791014608910,4,9
large_integer,680,3689348814741910323212,3,3689348814741910323212,3,7
large_integer,681,4916057295643595505676,4,4943727411754159833101,4,9
large_integer,682,4916057295643595505678,4,4916057295643595505678,4,7
large_integer,683,4925280667680450281486,4,6170435892655845015567,5,9
large_integer,684,4916057295643595505680,4,4943727411754159833101,4,9
large_integer,685,3726242302889329426444,3,3726242302889329426444,3,9
large_integer,686,4925280667680450281490,4,6170435892655845015567,5,9
large_integer,687,4934504039717305057298,4,4952950783791014608910,4,9
large_integer,688,3689348814741910323214,3,3689348814741910323214,3,7
large_integer,689,4916057295643595505678,4,4916057295643595505678,4,7
large_integer,690,4916057295643595505680,4,4943727411754159833103,4,9
large_integer,691,4925280667680450281488,4,6170435892655845015567,5,9
large_integer,692,4916057295643595505682,4,4943727411754159833103,4,9
large_integer,693,4925280667680450281490,4,6170435892655845015567,5,9
large_integer,694,3726242302889329426446,3,3726242302889329426446,3,9
large_integer,695,4934504039717305057300,4,4952950783791014608910,4,9
large_integer,696,3698572186778765099022,3,3698572186778765099022,3,7
large_integer,697,4925280667680450281486,4,4952950783791014608911,4,9
large_integer,698,4925280667680450281488,4,4952950783791014608911,4,9
large_integer,699,4934504039717305057296,4,4952950783791014608911,4,9
large_integer,700,4925280667680450281490,4,4952950783791014608911,4,9
large_integer,701,4934504039717305057298,4,4952950783791014608911,4,9
large_integer,702,4934504039717305057300,4,4952950783791014608911,4,9
large_integer,703,3735465674926184202254,3,3735465674926184202254,3,9
large_integer,704,2462640333840225140743,2,2490310449950789468169,2,9
large_integer,705,3689348814741910323207,3,3717018930852474650633,3,9
large_integer,706,3689348814741910323209,3,3717018930852474650635,3,9
large_integer,707,3698572186778765099017,3,3726242302889329426443,3,9
large_integer,708,3689348814741910323211,3,3717018930852474650637,3,9
large_integer,709,3698572186778765099019,3,3726242302889329426445,3,9
large_integer,710,3698572186778765099021,3,3726242302889329426447,3,9
large_integer,711,3707795558815619874829,3,3735465674926184202255,3,9
large_integer,712,3689348814741910323208,3,3717018930852474650634,3,9
large_integer,713,2564097426245627674634,2,2564097426245627674634,2,13
large_integer,714,4916057295643595505674,4,4943727411754159833100,4,9
large_integer,715,3790805907147312857100,3,3790805907147312857100,3,13
large_integer,716,4916057295643595505676,4,4943727411754159833102,4,9
large_integer,717,3790805907147312857102,3,3790805907147312857102,3,13
large_integer,718,4925280667680450281486,4,4952950783791014608912,4,9
large_integer,719,3800029279184167632912,3,3800029279184167632912,3,13
large_integer,720,3689348814741910323210,3,3717018930852474650636,3,9
large_integer,721,4916057295643595505674,4,4943727411754159833100,4,9
large_integer,722,3726242302889329426442,3,3753912418999893753868,3,11
large_integer,723,4925280667680450281484,4,4980620899901578936332,4,11
large_integer,724,4916057295643595505678,4,4943727411754159833104,4,9
large_integer,725,4925280667680450281486,4,4952950783791014608912,4,9
large_integer,726,4925280667680450281488,4,4980620899901578936336,4,11
large_integer,727,4934504039717305057296,4,4989844271938433712144,4,11
large_integer,728,3698572186778765099018,3,3726242302889329426444,3,9
large_integer,729,3790805907147312857101,3,3790805907147312857101,3,13
large_integer,730,4925280667680450281484,4,4980620899901578936333,4,11
large_integer,731,3735465674926184202250,3,3827699395294731960333,3,15
large_integer,732,4925280667680450281486,4,4952950783791014608912,4,9
large_integer,733,4934504039717305057294,4,5017514388048998039569,4,13
large_integer,734,4934504039717305057296,4,6207329380803264118801,5,11
large_integer,735,4943727411754159833104,4,5054407876196417142801,4,15
large_integer,736,3689348814741910323212,3,3717018930852474650638,3,9
large_integer,737,4916057295643595505676,4,4943727411754159833102,4,9
large_integer,738,4916057295643595505678,4,4943727411754159833104,4,9
large_integer,739,4925280667680450281486,4,4952950783791014608912,4,9
large_integer,740,3726242302889329426444,3,3753912418999893753870,3,11
large_integer,741,4925280667680450281488,4,4980620899901578936334,4,11
large_integer,742,4925280667680450281490,4,4980620899901578936336,4,11
large_integer,743,4934504039717305057298,4,4989844271938433712144,4,11
large_integer,744,3698572186778765099020,3,3726242302889329426446,3,9
large_integer,745,3790805907147312857103,3,3790805907147312857103,3,13
large_integer,746,4925280667680450281486,4,4952950783791014608912,4,9
large_integer,747,4934504039717305057294,4,5017514388048998039569,4,13
large_integer,748,4925280667680450281488,4,4980620899901578936335,4,11
large_integer,749,3735465674926184202252,3,3827699395294731960335,3,15
large_integer,750,4934504039717305057298,4,6207329380803264118801,5,11
large_integer,751,4943727411754159833106,4,5054407876196417142801,4,15
large_integer,752,3698572186778765099022,3,3726242302889329426448,3,9
large_integer,753,4925280667680450281486,4,4952950783791014608912,4,9
large_integer,754,4925280667680450281488,4,4980620899901578936337,4,11
large_integer,755,4934504039717305057296,4,6207329380803264118801,5,11
large_integer,756,4925280667680450281490,4,4980620899901578936337,4,11
large_integer,757,4934504039717305057298,4,6207329380803264118801,5,11
large_integer,758,3735465674926184202254,3,3763135791036748529680,3,11
large_integer,759,4943727411754159833108,4,4989844271938433712144,4,11
large_integer,760,3707795558815619874830,3,3735465674926184202256,3,9
large_integer,761,3800029279184167632913,3,3800029279184167632913,3,13
large_integer,762,4934504039717305057296,4,4989844271938433712145,4,11
large_integer,763,4943727411754159833104,4,5054407876196417142802,4,15
large_integer,764,4934504039717305057298,4,4989844271938433712145,4,11
large_integer,765,4943727411754159833106,4,5054407876196417142802,4,15
large_integer,766,4943727411754159833108,4,4989844271938433712145,4,11
large_integer,767,3744689046963038978062,3,3836922767331586736145,3,15
large_integer,768,2453416961803370364937,2,2453416961803370364937,2,7
large_integer,769,3680125442705055547401,3,3680125442705055547401,3,7
large_integer,770,3680125442705055547403,3,3680125442705055547403,3,7
large_integer,771,3689348814741910323211,3,3689348814741910323211,3,7
large_integer,772,3680125442705055547405,3,3680125442705055547405,3,7
large_integer,773,3689348814741910323213,3,3689348814741910323213,3,7
large_integer,774,3689348814741910323215,3,3689348814741910323215,3,7
large_integer,775,3698572186778765099023,3,3698572186778765099023,3,7
large_integer,776,3680125442705055547402,3,3680125442705055547402,3,7
large_integer,777,3717018930852474650634,3,3717018930852474650634,3,9
large_integer,778,4906833923606740729868,4,4906833923606740729868,4,7
large_integer,779,4916057295643595505676,4,4943727411754159833100,4,9
large_integer,780,4906833923606740729870,4,4906833923606740729870,4,7
large_integer,781,4916057295643595505678,4,4943727411754159833102,4,9
large_integer,782,4916057295643595505680,4,4916057295643595505680,4,7
large_integer,783,4925280667680450281488,4,4952950783791014608912,4,9
large_integer,784,3680125442705055547404,3,3680125442705055547404,3,7
large_integer,785,4906833923606740729868,4,4906833923606740729868,4,7
large_integer,786,3717018930852474650636,3,3717018930852474650636,3,9
large_integer,787,4916057295643595505678,4,4943727411754159833100,4,9
large_integer,788,4906833923606740729872,4,4906833923606740729872,4,7
large_integer,789,4916057295643595505680,4,4916057295643595505680,4,7
large_integer,790,4916057295643595505682,4,4943727411754159833104,4,9
large_integer,791,4925280667680450281490,4,4952950783791014608912,4,9
large_integer,792,3689348814741910323212,3,3689348814741910323212,3,7
large_integer,793,4916057295643595505676,4,4943727411754159833101,4,9
large_integer,794,4916057295643595505678,4,4943727411754159833101,4,9
large_integer,795,3726242302889329426444,3,3726242302889329426444,3,9
large_integer,796,4916057295643595505680,4,4916057295643595505680,4,7
large_integer,797,4925280667680450281488,4,6170435892655845015569,5,9
large_integer,798,4925280667680450281490,4,6170435892655845015569,5,9
large_integer,799,4934504039717305057298,4,4952950783791014608912,4,9
large_integer,800,3680125442705055547406,3,3680125442705055547406,3,7
large_integer,801,4906833923606740729870,4,4906833923606740729870,4,7
large_integer,802,4906833923606740729872,4,4906833923606740729872,4,7
large_integer,803,4916057295643595505680,4,4916057295643595505680,4,7
large_integer,804,3717018930852474650638,3,3717018930852474650638,3,9
large_integer,805,4916057295643595505682,4,4943727411754159833102,4,9
large_integer,806,4916057295643595505684,4,4943727411754159833104,4,9
large_integer,807,4925280667680450281492,4,4952950783791014608912,4,9
large_integer,808,3689348814741910323214,3,3689348814741910323214,3,7
large_integer,809,4916057295643595505678,4,4943727411754159833103,4,9
large_integer,810,4916057295643595505680,4,4916057295643595505680,4,7
large_integer,811,4925280667680450281488,4,6170435892655845015569,5,9
large_integer,812,4916057295643595505682,4,4943727411754159833103,4,9
large_integer,813,3726242302889329426446,3,3726242302889329426446,3,9
large_integer,814,4925280667680450281492,4,6170435892655845015569,5,9
large_integer,815,4934504039717305057300,4,4952950783791014608912,4,9
large_integer,816,3689348814741910323216,3,3689348814741910323216,3,7
large_integer,817,4916057295643595505680,4,4916057295643595505680,4,7
large_integer,818,4916057295643595505682,4,4943727411754159833105,4,9
large_integer,819,4925280667680450281490,4,6170435892655845015569,5,9
large_integer,820,4916057295643595505684,4,4943727411754159833105,4,9
large_integer,821,4925280667680450281492,4,6170435892655845015569,5,9
large_integer,822,3726242302889329426448,3,3726242302889329426448,3,9
large_integer,823,4934504039717305057302,4,4952950783791014608912,4,9
large_integer,824,3698572186778765099024,3,3698572186778765099024,3,7
large_integer,825,4925280667680450281488,4,4952950783791014608913,4,9
large_integer,826,4925280667680450281490,4,4952950783791014608913,4,9
large_integer,827,4934504039717305057298,4,4952950783791014608913,4,9
large_integer,828,4925280667680450281492,4,4952950783791014608913,4,9
large_integer,829,4934504039717305057300,4,4952950783791014608913,4,9
large_integer,830,4934504039717305057302,4,4952950783791014608913,4,9
large_integer,831,3735465674926184202256,3,3735465674926184202256,3,9
large_integer,832,2462640333840225140745,2,2490310449950789468171,2,9
large_integer,833,3689348814741910323209,3,3717018930852474650635,3,9
large_integer,834,3689348814741910323211,3,3717018930852474650637,3,9
large_integer,835,3698572186778765099019,3,3726242302889329426445,3,9
large_integer,836,3689348814741910323213,3,3717018930852474650639,3,9
large_integer,837,3698572186778765099021,3,3726242302889329426447,3,9
large_integer,838,3698572186778765099023,3,3726242302889329426449,3,9
large_integer,839,3707795558815619874831,3,3735465674926184202257,3,9
large_integer,840,3689348814741910323210,3,3717018930852474650636,3,9
large_integer,841,2564097426245627674636,2,2564097426245627674636,2,13
large_integer,842,4916057295643595505676,4,4943727411754159833102,4,9
large_integer,843,3790805907147312857102,3,3790805907147312857102,3,13
large_integer,844,4916057295643595505678,4,4943727411754159833104,4,9
large_integer,845,3790805907147312857104,3,3790805907147312857104,3,13
large_integer,846,4925280667680450281488,4,4952950783791014608914,4,9
large_integer,847,3800029279184167632914,3,3800029279184167632914,3,13
large_integer,848,3689348814741910323212,3,3717018930852474650638,3,9
large_integer,849,4916057295643595505676,4,4943727411754159833102,4,9
large_integer,850,3726242302889329426444,3,3753912418999893753870,3,11
large_integer,851,4925280667680450281486,4,4980620899901578936334,4,11
large_integer,852,4916057295643595505680,4,4943727411754159833106,4,9
large_integer,853,4925280667680450281488,4,4952950783791014608914,4,9
large_integer,854,4925280667680450281490,4,4980620899901578936338,4,11
large_integer,855,4934504039717305057298,4,4989844271938433712146,4,11
large_integer,856,3698572186778765099020,3,3726242302889329426446,3,9
large_integer,857,3790805907147312857103,3,3790805907147312857103,3,13
large_integer,858,4925280667680450281486,4,4980620899901578936335,4,11
large_integer,859,3735465674926184202252,3,3827699395294731960335,3,15
large_integer,860,4925280667680450281488,4,4952950783791014608914,4,9
large_integer,861,4934504039717305057296,4,5017514388048998039571,4,13
large_integer,862,4934504039717305057298,4,6207329380803264118803,5,11
large_integer,863,4943727411754159833106,4,5054407876196417142803,4,15
large_integer,864,3689348814741910323214,3,3717018930852474650640,3,9
large_integer,865,4916057295643595505678,4,4943727411754159833104,4,9
large_integer,866,4916057295643595505680,4,4943727411754159833106,4,9
large_integer,867,4925280667680450281488,4,4952950783791014608914,4,9
large_integer,868,3726242302889329426446,3,3753912418999893753872,3,11
large_integer,869,4925280667680450281490,4,4980620899901578936336,4,11
large_integer,870,4925280667680450281492,4,4980620899901578936338,4,11
large_integer,871,4934504039717305057300,4,4989844271938433712146,4,11
large_integer,872,3698572186778765099022,3,3726242302889329426448,3,9
large_integer,873,3790805907147312857105,3,3790805907147312857105,3,13
large_integer,874,4925280667680450281488,4,4952950783791014608914,4,9
large_integer,875,4934504039717305057296,4,5017514388048998039571,4,13
large_integer,876,4925280667680450281490,4,4980620899901578936337,4,11
large_integer,877,3735465674926184202254,3,3827699395294731960337,3,15
large_integer,878,4934504039717305057300,4,6207329380803264118803,5,11
large_integer,879,4943727411754159833108,4,5054407876196417142803,4,15
large_integer,880,3698572186778765099024,3,3726242302889329426450,3,9
large_integer,881,4925280667680450281488,4,4952950783791014608914,4,9
large_integer,882,4925280667680450281490,4,4980620899901578936339,4,11
large_integer,883,4934504039717305057298,4,6207329380803264118803,5,11
large_integer,884,4925280667680450281492,4,4980620899901578936339,4,11
large_integer,885,4934504039717305057300,4,6207329380803264118803,5,11
large_integer,886,3735465674926184202256,3,3763135791036748529682,3,11
large_integer,887,4943727411754159833110,4,4989844271938433712146,4,11
large_integer,888,3707795558815619874832,3,3735465674926184202258,3,9
large_integer,889,3800029279184167632915,3,3800029279184167632915,3,13
large_integer,890,4934504039717305057298,4,4989844271938433712147,4,11
large_integer,891,4943727411754159833106,4,5054407876196417142804,4,15
large_integer,892,4934504039717305057300,4,4989844271938433712147,4,11
large_integer,893,4943727411754159833108,4,5054407876196417142804,4,15
large_integer,894,4943727411754159833110,4,4989844271938433712147,4,11
large_integer,895,3744689046963038978064,3,3836922767331586736147,3,15
large_integer,896,2462640333840225140747,2,2462640333840225140747,2,7
large_integer,897,3689348814741910323211,3,3689348814741910323211,3,7
large_integer,898,3689348814741910323213,3,3689348814741910323213,3,7
large_integer,899,3698572186778765099021,3,3698572186778765099021,3,7
large_integer,900,3689348814741910323215,3,3689348814741910323215,3,7
large_integer,901,3698572186778765099023,3,3698572186778765099023,3,7
large_integer,902,3698572186778765099025,3,3698572186778765099025,3,7
large_integer,903,3707795558815619874833,3,3707795558815619874833,3,7
large_integer,904,3689348814741910323212,3,3689348814741910323212,3,7
large_integer,905,3726242302889329426444,3,3726242302889329426444,3,9
large_integer,906,4916057295643595505678,4,4916057295643595505678,4,7
large_integer,907,4925280667680450281486,4,4952950783791014608910,4,9
large_integer,908,4916057295643595505680,4,4916057295643595505680,4,7
large_integer,909,4925280667680450281488,4,4952950783791014608912,4,9
large_integer,910,4925280667680450281490,4,4925280667680450281490,4,7
large_integer,911,4934504039717305057298,4,4962174155827869384722,4,9
large_integer,912,3689348814741910323214,3,3689348814741910323214,3,7
large_integer,913,4916057295643595505678,4,4916057295643595505678,4,7
large_integer,914,3726242302889329426446,3,3726242302889329426446,3,9
large_integer,915,4925280667680450281488,4,4952950783791014608910,4,9
large_integer,916,4916057295643595505682,4,4916057295643595505682,4,7
large_integer,917,4925280667680450281490,4,4925280667680450281490,4,7
large_integer,918,4925280667680450281492,4,4952950783791014608914,4,9
large_integer,919,4934504039717305057300,4,4962174155827869384722,4,9
large_integer,920,3698572186778765099022,3,3698572186778765099022,3,7
large_integer,921,4925280667680450281486,4,4952950783791014608911,4,9
large_integer,922,4925280667680450281488,4,4952950783791014608911,4,9
large_integer,923,3735465674926184202254,3,3735465674926184202254,3,9
large_integer,924,4925280667680450281490,4,4925280667680450281490,4,7
large_integer,925,4934504039717305057298,4,6179659264692699791379,5,9
large_integer,926,4934504039717305057300,4,6179659264692699791379,5,9
large_integer,927,4943727411754159833108,4,4962174155827869384722,4,9
large_integer,928,3689348814741910323216,3,3689348814741910323216,3,7
large_integer,929,4916057295643595505680,4,4916057295643595505680,4,7
large_integer,930,4916057295643595505682,4,4916057295643595505682,4,7
large_integer,931,4925280667680450281490,4,4925280667680450281490,4,7
large_integer,932,3726242302889329426448,3,3726242302889329426448,3,9
large_integer,933,4925280667680450281492,4,4952950783791014608912,4,9
large_integer,934,4925280667680450281494,4,4952950783791014608914,4,9
large_integer,935,4934504039717305057302,4,4962174155827869384722,4,9
large_integer,936,3698572186778765099024,3,3698572186778765099024,3,7
large_integer,937,4925280667680450281488,4,4952950783791014608913,4,9
large_integer,938,4925280667680450281490,4,4925280667680450281490,4,7
large_integer,939,4934504039717305057298,4,6179659264692699791379,5,9
large_integer,940,4925280667680450281492,4,4952950783791014608913,4,9
large_integer,941,3735465674926184202256,3,3735465674926184202256,3,9
large_integer,942,4934504039717305057302,4,6179659264692699791379,5,9
large_integer,943,4943727411754159833110,4,4962174155827869384722,4,9
large_integer,944,3698572186778765099026,3,3698572186778765099026,3,7
large_integer,945,4925280667680450281490,4,4925280667680450281490,4,7
large_integer,946,4925280667680450281492,4,4952950783791014608915,4,9
large_integer,947,4934504039717305057300,4,6179659264692699791379,5,9
large_integer,948,4925280667680450281494,4,4952950783791014608915,4,9
large_integer,949,4934504039717305057302,4,6179659264692699791379,5,9
large_integer,950,3735465674926184202258,3,3735465674926184202258,3,9
large_integer,951,4943727411754159833112,4,4962174155827869384722,4,9
large_integer,952,3707795558815619874834,3,3707795558815619874834,3,7
large_integer,953,4934504039717305057298,4,4962174155827869384723,4,9
large_integer,954,4934504039717305057300,4,4962174155827869384723,4,9
large_integer,955,4943727411754159833108,4,4962174155827869384723,4,9
large_integer,956,4934504039717305057302,4,4962174155827869384723,4,9
large_integer,957,4943727411754159833110,4,4962174155827869384723,4,9
large_integer,958,4943727411754159833112,4,4962174155827869384723,4,9
large_integer,959,3744689046963038978066,3,3744689046963038978066,3,9
large_integer,960,2471863705877079916555,2,2499533821987644243981,2,9
large_integer,961,3698572186778765099019,3,3726242302889329426445,3,9
large_integer,962,3698572186778765099021,3,3726242302889329426447,3,9
large_integer,963,3707795558815619874829,3,3735465674926184202255,3,9
large_integer,964,3698572186778765099023,3,3726242302889329426449,3,9
large_integer,965,3707795558815619874831,3,3735465674926184202257,3,9
large_integer,966,3707795558815619874833,3,3735465674926184202259,3,9
large_integer,967,3717018930852474650641,3,3744689046963038978067,3,9
large_integer,968,3698572186778765099020,3,3726242302889329426446,3,9
large_integer,969,2573320798282482450446,2,2573320798282482450446,2,13
large_integer,970,4925280667680450281486,4,4952950783791014608912,4,9
large_integer,971,3800029279184167632912,3,3800029279184167632912,3,13
large_integer,972,4925280667680450281488,4,4952950783791014608914,4,9
large_integer,973,3800029279184167632914,3,3800029279184167632914,3,13
large_integer,974,4934504039717305057298,4,4962174155827869384724,4,9
large_integer,975,3809252651221022408724,3,3809252651221022408724,3,13
large_integer,976,3698572186778765099022,3,3726242302889329426448,3,9
large_integer,977,4925280667680450281486,4,4952950783791014608912,4,9
large_integer,978,3735465674926184202254,3,3763135791036748529680,3,11
large_integer,979,4934504039717305057296,4,4989844271938433712144,4,11
large_integer,980,4925280667680450281490,4,4952950783791014608916,4,9
large_integer,981,4934504039717305057298,4,4962174155827869384724,4,9
large_integer,982,4934504039717305057300,4,4989844271938433712148,4,11
large_integer,983,4943727411754159833108,4,4999067643975288487956,4,11
large_integer,984,3707795558815619874830,3,3735465674926184202256,3,9
large_integer,985,3800029279184167632913,3,3800029279184167632913,3,13
large_integer,986,4934504039717305057296,4,4989844271938433712145,4,11
large_integer,987,3744689046963038978062,3,3836922767331586736145,3,15
large_integer,988,4934504039717305057298,4,4962174155827869384724,4,9
large_integer,989,4943727411754159833106,4,5026737760085852815381,4,13
large_integer,990,4943727411754159833108,4,6216552752840118894613,5,11
large_integer,991,4952950783791014608916,4,5063631248233271918613,4,15
large_integer,992,3698572186778765099024,3,3726242302889329426450,3,9
large_integer,993,4925280667680450281488,4,4952950783791014608914,4,9
large_integer,994,4925280667680450281490,4,4952950783791014608916,4,9
large_integer,995,4934504039717305057298,4,4962174155827869384724,4,9
large_integer,996,3735465674926184202256,3,3763135791036748529682,3,11
large_integer,997,4934504039717305057300,4,4989844271938433712146,4,11
large_integer,998,4934504039717305057302,4,4989844271938433712148,4,11
large_integer,999,4943727411754159833110,4,4999067643975288487956,4,11
large_integer,1000,3707795558815619874832,3,3735465674926184202258,3,9
large_integer,1001,3800029279184167632915,3,3800029279184167632915,3,13
large_integer,1002,4934504039717305057298,4,4962174155827869384724,4,9
large_integer,1003,4943727411754159833106,4,5026737760085852815381,4,13
large_integer,1004,4934504039717305057300,4,4989844271938433712147,4,11
large_integer,1005,3744689046963038978064,3,3836922767331586736147,3,15
large_integer,1006,4943727411754159833110,4,6216552752840118894613,5,11
large_integer,1007,4952950783791014608918,4,5063631248233271918613,4,15
large_integer,1008,3707795558815619874834,3,3735465674926184202260,3,9
large_integer,1009,4934504039717305057298,4,4962174155827869384724,4,9
large_integer,1010,4934504039717305057300,4,4989844271938433712149,4,11
large_integer,1011,4943727411754159833108,4,6216552752840118894613,5,11
large_integer,1012,4934504039717305057302,4,4989844271938433712149,4,11
large_integer,1013,4943727411754159833110,4,6216552752840118894613,5,11
large_integer,1014,3744689046963038978066,3,3772359163073603305492,3,11
large_integer,1015,4952950783791014608920,4,4999067643975288487956,4,11
large_integer,1016,3717018930852474650642,3,3744689046963038978068,3,9
large_integer,1017,3809252651221022408725,3,3809252651221022408725,3,13
large_integer,1018,4943727411754159833108,4,4999067643975288487957,4,11
large_integer,1019,4952950783791014608916,4,5063631248233271918614,4,15
large_integer,1020,4943727411754159833110,4,4999067643975288487957,4,11
large_integer,1021,4952950783791014608918,4,5063631248233271918614,4,15
large_integer,1022,4952950783791014608920,4,4999067643975288487957,4,11
large_integer,1023,3753912418999893753874,3,3846146139368441511957,3,15
large_integer,1024,1226708480901685182469,1,1226708480901685182469,1,7
large_integer,1025,2453416961803370364933,2,2453416961803370364933,2,7
large_integer,1026,2453416961803370364935,2,2453416961803370364935,2,7
large_integer,1027,2462640333840225140743,2,2462640333840225140743,2,7
large_integer,1028,2453416961803370364937,2,2453416961803370364937,2,7
large_integer,1029,2462640333840225140745,2,2462640333840225140745,2,7
large_integer,1030,2462640333840225140747,2,2462640333840225140747,2,7
large_integer,1031,2471863705877079916555,2,2471863705877079916555,2,7
large_integer,1032,2453416961803370364934,2,2453416961803370364934,2,7
large_integer,1033,2490310449950789468166,2,2490310449950789468166,2,9
large_integer,1034,3680125442705055547400,3,3680125442705055547400,3,7
large_integer,1035,3689348814741910323208,3,3717018930852474650632,3,9
large_integer,1036,3680125442705055547402,3,3680125442705055547402,3,7
large_integer,1037,3689348814741910323210,3,3717018930852474650634,3,9
large_integer,1038,3689348814741910323212,3,3689348814741910323212,3,7
large_integer,1039,3698572186778765099020,3,3726242302889329426444,3,9
large_integer,1040,2453416961803370364936,2,2453416961803370364936,2,7
large_integer,1041,3680125442705055547400,3,3680125442705055547400,3,7
large_integer,1042,2490310449950789468168,2,2490310449950789468168,2,9
large_integer,1043,3689348814741910323210,3,3717018930852474650632,3,9
large_integer,1044,3680125442705055547404,3,3680125442705055547404,3,7
large_integer,1045,3689348814741910323212,3,3689348814741910323212,3,7
large_integer,1046,3689348814741910323214,3,3717018930852474650636,3,9
large_integer,1047,3698572186778765099022,3,3726242302889329426444,3,9
large_integer,1048,2462640333840225140744,2,2462640333840225140744,2,7
large_integer,1049,3689348814741910323208,3,3717018930852474650633,3,9
large_integer,1050,3689348814741910323210,3,3717018930852474650633,3,9
large_integer,1051,2499533821987644243976,2,2499533821987644243976,2,9
large_integer,1052,3689348814741910323212,3,3689348814741910323212,3,7
large_integer,1053,3698572186778765099020,3,4943727411754159833101,4,9
large_integer,1054,3698572186778765099022,3,4943727411754159833101,4,9
large_integer,1055,3707795558815619874830,3,3726242302889329426444,3,9
large_integer,1056,2453416961803370364938,2,2453416961803370364938,2,7
large_integer,1057,3680125442705055547402,3,3680125442705055547402,3,7
large_integer,1058,3680125442705055547404,3,3680125442705055547404,3,7
large_integer,1059,3689348814741910323212,3,3689348814741910323212,3,7
large_integer,1060,2490310449950789468170,2,2490310449950789468170,2,9
large_integer,1061,3689348814741910323214,3,3717018930852474650634,3,9
large_integer,1062,3689348814741910323216,3,3717018930852474650636,3,9
large_integer,1063,3698572186778765099024,3,3726242302889329426444,3,9
large_integer,1064,2462640333840225140746,2,2462640333840225140746,2,7
large_integer,1065,3689348814741910323210,3,3717018930852474650635,3,9
large_integer,1066,3689348814741910323212,3,3689348814741910323212,3,7
large_integer,1067,3698572186778765099020,3,4943727411754159833101,4,9
large_integer,1068,3689348814741910323214,3,3717018930852474650635,3,9
large_integer,1069,2499533821987644243978,2,2499533821987644243978,2,9
large_integer,1070,3698572186778765099024,3,4943727411754159833101,4,9
large_integer,1071,3707795558815619874832,3,3726242302889329426444,3,9
large_integer,1072,2462640333840225140748,2,2462640333840225140748,2,7
large_integer,1073,3689348814741910323212,3,3689348814741910323212,3,7
large_integer,1074,3689348814741910323214,3,3717018930852474650637,3,9
large_integer,1075,3698572186778765099022,3,4943727411754159833101,4,9
large_integer,1076,3689348814741910323216,3,3717018930852474650637,3,9
large_integer,1077,3698572186778765099024,3,4943727411754159833101,4,9
large_integer,1078,2499533821987644243980,2,2499533821987644243980,2,9
large_integer,1079,3707795558815619874834,3,3726242302889329426444,3,9
large_integer,1080,2471863705877079916556,2,2471863705877079916556,2,7
large_integer,1081,3698572186778765099020,3,3726242302889329426445,3,9
large_integer,1082,3698572186778765099022,3,3726242302889329426445,3,9
large_integer,1083,3707795558815619874830,3,3726242302889329426445,3,9
large_integer,1084,3698572186778765099024,3,3726242302889329426445,3,9
large_integer,1085,3707795558815619874832,3,3726242302889329426445,3,9
large_integer,1086,3707795558815619874834,3,3726242302889329426445,3,9
large_integer,1087,2508757194024499019788,2,2508757194024499019788,2,9
large_integer,1088,2453416961803370364935,2,2453416961803370364935,2,7
large_integer,1089,3680125442705055547399,3,3680125442705055547399,3,7
large_integer,1090,3680125442705055547401,3,3680125442705055547401,3,7
large_integer,1091,3689348814741910323209,3,3689348814741910323209,3,7
large_integer,1092,3680125442705055547403,3,3680125442705055547403,3,7
large_integer,1093,3689348814741910323211,3,3689348814741910323211,3,7
large_integer,1094,3689348814741910323213,3,3689348814741910323213,3,7
large_integer,1095,3698572186778765099021,3,3698572186778765099021,3,7
large_integer,1096,3680125442705055547400,3,3680125442705055547400,3,7
large_integer,1097,3717018930852474650632,3,3717018930852474650632,3,9
large_integer,1098,4906833923606740729866,4,4906833923606740729866,4,7
large_integer,1099,4916057295643595505674,4,4943727411754159833098,4,9
large_integer,1100,4906833923606740729868,4,4906833923606740729868,4,7
large_integer,1101,4916057295643595505676,4,4943727411754159833100,4,9
large_integer,1102,4916057295643595505678,4,4916057295643595505678,4,7
large_integer,1103,4925280667680450281486,4,4952950783791014608910,4,9
large_integer,1104,3680125442705055547402,3,3680125442705055547402,3,7
large_integer,1105,4906833923606740729866,4,4906833923606740729866,4,7
large_integer,1106,3717018930852474650634,3,3717018930852474650634,3,9
large_integer,1107,4916057295643595505676,4,4943727411754159833098,4,9
large_integer,1108,4906833923606740729870,4,4906833923606740729870,4,7
large_integer,1109,4916057295643595505678,4,4916057295643595505678,4,7
large_integer,1110,4916057295643595505680,4,4943727411754159833102,4,9
large_integer,1111,4925280667680450281488,4,4952950783791014608910,4,9
large_integer,1112,3689348814741910323210,3,3689348814741910323210,3,7
large_integer,1113,4916057295643595505674,4,4943727411754159833099,4,9
large_integer,1114,4916057295643595505676,4,4943727411754159833099,4,9
large_integer,1115,3726242302889329426442,3,3726242302889329426442,3,9
large_integer,1116,4916057295643595505678,4,4916057295643595505678,4,7
large_integer,1117,4925280667680450281486,4,6170435892655845015567,5,9
large_integer,1118,4925280667680450281488,4,6170435892655845015567,5,9
large_integer,1119,4934504039717305057296,4,4952950783791014608910,4,9
large_integer,1120,3680125442705055547404,3,3680125442705055547404,3,7
large_integer,1121,4906833923606740729868,4,4906833923606740729868,4,7
large_integer,1122,4906833923606740729870,4,4906833923606740729870,4,7
large_integer,1123,4916057295643595505678,4,4916057295643595505678,4,7
large_integer,1124,3717018930852474650636,3,3717018930852474650636,3,9
large_integer,1125,4916057295643595505680,4,4943727411754159833100,4,9
large_integer,1126,4916057295643595505682,4,4943727411754159833102,4,9
large_integer,1127,4925280667680450281490,4,4952950783791014608910,4,9
large_integer,1128,3689348814741910323212,3,3689348814741910323212,3,7
large_integer,1129,4916057295643595505676,4,4943727411754159833101,4,9
large_integer,1130,4916057295643595505678,4,4916057295643595505678,4,7
large_integer,1131,4925280667680450281486,4,6170435892655845015567,5,9
large_integer,1132,4916057295643595505680,4,4943727411754159833101,4,9
large_integer,1133,3726242302889329426444,3,3726242302889329426444,3,9
large_integer,1134,4925280667680450281490,4,6170435892655845015567,5,9
large_integer,1135,4934504039717305057298,4,4952950783791014608910,4,9
large_integer,1136,3689348814741910323214,3,3689348814741910323214,3,7
large_integer,1137,4916057295643595505678,4,4916057295643595505678,4,7
large_integer,1138,4916057295643595505680,4,4943727411754159833103,4,9
large_integer,1139,4925280667680450281488,4,6170435892655845015567,5,9
large_integer,1140,4916057295643595505682,4,4943727411754159833103,4,9
large_integer,1141,4925280667680450281490,4,6170435892655845015567,5,9
large_integer,1142,3726242302889329426446,3,3726242302889329426446,3,9
large_integer,1143,4934504039717305057300,4,4952950783791014608910,4,9
large_integer,1144,3698572186778765099022,3,3698572186778765099022,3,7
large_integer,1145,4925280667680450281486,4,4952950783791014608911,4,9
large_integer,1146,4925280667680450281488,4,4952950783791014608911,4,9
large_integer,1147,4934504039717305057296,4,4952950783791014608911,4,9
large_integer,1148,4925280667680450281490,4,4952950783791014608911,4,9
large_integer,1149,4934504039717305057298,4,4952950783791014608911,4,9
large_integer,1150,4934504039717305057300,4,4952950783791014608911,4,9
large_integer,1151,3735465674926184202254,3,3735465674926184202254,3,9
large_integer,1152,1263601969049104285703,1,1263601969049104285703,1,9
large_integer,1153,2490310449950789468167,2,2490310449950789468167,2,9
large_integer,1154,2490310449950789468169,2,2490310449950789468169,2,9
large_integer,1155,2499533821987644243977,2,2499533821987644243977,2,9
large_integer,1156,2490310449950789468171,2,2490310449950789468171,2,9
large_integer,1157,2499533821987644243979,2,2499533821987644243979,2,9
large_integer,1158,2499533821987644243981,2,2499533821987644243981,2,9
large_integer,1159,2508757194024499019789,2,2508757194024499019789,2,9
large_integer,1160,2490310449950789468168,2,2490310449950789468168,2,9
large_integer,1161,2527203938098208571400,2,2527203938098208571400,2,11
large_integer,1162,3717018930852474650634,3,3717018930852474650634,3,9
large_integer,1163,3726242302889329426442,3,3753912418999893753866,3,11
large_integer,1164,3717018930852474650636,3,3717018930852474650636,3,9
large_integer,1165,3726242302889329426444,3,3753912418999893753868,3,11
large_integer,1166,3726242302889329426446,3,3726242302889329426446,3,9
large_integer,1167,3735465674926184202254,3,3763135791036748529678,3,11
large_integer,1168,2490310449950789468170,2,2490310449950789468170,2,9
large_integer,1169,3717018930852474650634,3,3717018930852474650634,3,9
large_integer,1170,1337388945343942492168,1,1337388945343942492168,1,13
large_integer,1171,2564097426245627674632,2,2564097426245627674632,2,13
large_integer,1172,3717018930852474650638,3,3717018930852474650638,3,9
large_integer,1173,3726242302889329426446,3,3726242302889329426446,3,9
large_integer,1174,2564097426245627674636,2,2564097426245627674636,2,13
large_integer,1175,2573320798282482450444,2,2573320798282482450444,2,13
large_integer,1176,2499533821987644243978,2,2499533821987644243978,2,9
large_integer,1177,3726242302889329426442,3,3753912418999893753867,3,11
large_integer,1178,2564097426245627674633,2,2564097426245627674633,2,13
large_integer,1179,2536427310135063347210,2,2600990914393046777865,2,15
large_integer,1180,3726242302889329426446,3,3726242302889329426446,3,9
large_integer,1181,3735465674926184202254,3,4980620899901578936335,4,11
large_integer,1182,3735465674926184202256,3,3790805907147312857101,3,13
large_integer,1183,3744689046963038978064,3,3827699395294731960333,3,15
large_integer,1184,2490310449950789468172,2,2490310449950789468172,2,9
large_integer,1185,3717018930852474650636,3,3717018930852474650636,3,9
large_integer,1186,3717018930852474650638,3,3717018930852474650638,3,9
large_integer,1187,3726242302889329426446,3,3726242302889329426446,3,9
large_integer,1188,2527203938098208571404,2,2527203938098208571404,2,11
large_integer,1189,3726242302889329426448,3,3753912418999893753868,3,11
large_integer,1190,3726242302889329426450,3,3753912418999893753870,3,11
large_integer,1191,3735465674926184202258,3,3763135791036748529678,3,11
large_integer,1192,2499533821987644243980,2,2499533821987644243980,2,9
large_integer,1193,3726242302889329426444,3,3753912418999893753869,3,11
large_integer,1194,3726242302889329426446,3,3726242302889329426446,3,9
large_integer,1195,3735465674926184202254,3,4980620899901578936335,4,11
large_integer,1196,3726242302889329426448,3,3753912418999893753869,3,11
large_integer,1197,2536427310135063347212,2,2536427310135063347212,2,11
large_integer,1198,3735465674926184202258,3,4980620899901578936335,4,11
large_integer,1199,3744689046963038978066,3,3763135791036748529678,3,11
large_integer,1200,2499533821987644243982,2,2499533821987644243982,2,9
large_integer,1201,3726242302889329426446,3,3726242302889329426446,3,9
large_integer,1202,2564097426245627674637,2,2564097426245627674637,2,13
large_integer,1203,3735465674926184202256,3,3790805907147312857101,3,13
large_integer,1204,3726242302889329426450,3,3753912418999893753871,3,11
large_integer,1205,3735465674926184202258,3,4980620899901578936335,4,11
large_integer,1206,2536427310135063347214,2,2600990914393046777869,2,15
large_integer,1207,3744689046963038978068,3,3827699395294731960333,3,15
large_integer,1208,2508757194024499019790,2,2508757194024499019790,2,9
large_integer,1209,3735465674926184202254,3,3763135791036748529679,3,11
large_integer,1210,2573320798282482450445,2,2573320798282482450445,2,13
large_integer,1211,3744689046963038978064,3,3827699395294731960334,3,15
large_integer,1212,3735465674926184202258,3,3763135791036748529679,3,11
large_integer,1213,3744689046963038978066,3,3763135791036748529679,3,11
large_integer,1214,3744689046963038978068,3,3827699395294731960334,3,15
large_integer,1215,2545650682171918123022,2,2610214286429901553677,2,15
large_integer,1216,2462640333840225140745,2,2490310449950789468169,2,9
large_integer,1217,3689348814741910323209,3,3717018930852474650633,3,9
large_integer,1218,3689348814741910323211,3,3717018930852474650635,3,9
large_integer,1219,3698572186778765099019,3,3726242302889329426443,3,9
large_integer,1220,3689348814741910323213,3,3717018930852474650637,3,9
large_integer,1221,3698572186778765099021,3,3726242302889329426445,3,9
large_integer,1222,3698572186778765099023,3,3726242302889329426447,3,9
large_integer,1223,3707795558815619874831,3,3735465674926184202255,3,9
large_integer,1224,3689348814741910323210,3,3717018930852474650634,3,9
large_integer,1225,3726242302889329426442,3,3753912418999893753866,3,11
large_integer,1226,4916057295643595505676,4,4943727411754159833100,4,9
large_integer,1227,4925280667680450281484,4,4980620899901578936332,4,11
large_integer,1228,4916057295643595505678,4,4943727411754159833102,4,9
large_integer,1229,4925280667680450281486,4,4980620899901578936334,4,11
large_integer,1230,4925280667680450281488,4,4952950783791014608912,4,9
large_integer,1231,4934504039717305057296,4,4989844271938433712144,4,11
large_integer,1232,3689348814741910323212,3,3717018930852474650636,3,9
large_integer,1233,4916057295643595505676,4,4943727411754159833100,4,9
large_integer,1234,2564097426245627674634,2,2564097426245627674634,2,13
large_integer,1235,3790805907147312857098,3,3790805907147312857098,3,13
large_integer,1236,4916057295643595505680,4,4943727411754159833104,4,9
large_integer,1237,4925280667680450281488,4,4952950783791014608912,4,9
large_integer,1238,3790805907147312857102,3,3790805907147312857102,3,13
large_integer,1239,3800029279184167632910,3,3800029279184167632910,3,13
large_integer,1240,3698572186778765099020,3,3726242302889329426444,3,9
large_integer,1241,4925280667680450281484,4,4980620899901578936333,4,11
large_integer,1242,3790805907147312857099,3,3790805907147312857099,3,13
large_integer,1243,3735465674926184202252,3,3827699395294731960331,3,15
large_integer,1244,4925280667680450281488,4,4952950783791014608912,4,9
large_integer,1245,4934504039717305057296,4,6207329380803264118801,5,11
large_integer,1246,4934504039717305057298,4,5017514388048998039567,4,13
large_integer,1247,4943727411754159833106,4,5054407876196417142799,4,15
large_integer,1248,3689348814741910323214,3,3717018930852474650638,3,9
large_integer,1249,4916057295643595505678,4,4943727411754159833102,4,9
large_integer,1250,4916057295643595505680,4,4943727411754159833104,4,9
large_integer,1251,4925280667680450281488,4,4952950783791014608912,4,9
large_integer,1252,3726242302889329426446,3,3753912418999893753870,3,11
large_integer,1253,4925280667680450281490,4,4980620899901578936334,4,11
large_integer,1254,4925280667680450281492,4,4980620899901578936336,4,11
large_integer,1255,4934504039717305057300,4,4989844271938433712144,4,11
large_integer,1256,3698572186778765099022,3,3726242302889329426446,3,9
large_integer,1257,4925280667680450281486,4,4980620899901578936335,4,11
large_integer,1258,4925280667680450281488,4,4952950783791014608912,4,9
large_integer,1259,4934504039717305057296,4,6207329380803264118801,5,11
large_integer,1260,4925280667680450281490,4,4980620899901578936335,4,11
large_integer,1261,3735465674926184202254,3,3763135791036748529678,3,11
large_integer,1262,4934504039717305057300,4,6207329380803264118801,5,11
large_integer,1263,4943727411754159833108,4,4989844271938433712144,4,11
large_integer,1264,3698572186778765099024,3,3726242302889329426448,3,9
large_integer,1265,4925280667680450281488,4,4952950783791014608912,4,9
large_integer,1266,3790805907147312857103,3,3790805907147312857103,3,13
large_integer,1267,4934504039717305057298,4,5017514388048998039567,4,13
large_integer,1268,4925280667680450281492,4,4980620899901578936337,4,11
large_integer,1269,4934504039717305057300,4,6207329380803264118801,5,11
large_integer,1270,3735465674926184202256,3,3827699395294731960335,3,15
large_integer,1271,4943727411754159833110,4,5054407876196417142799,4,15
large_integer,1272,3707795558815619874832,3,3735465674926184202256,3,9
large_integer,1273,4934504039717305057296,4,4989844271938433712145,4,11
large_integer,1274,3800029279184167632911,3,3800029279184167632911,3,13
large_integer,1275,4943727411754159833106,4,5054407876196417142800,4,15
large_integer,1276,4934504039717305057300,4,4989844271938433712145,4,11
large_integer,1277,4943727411754159833108,4,4989844271938433712145,4,11
large_integer,1278,4943727411754159833110,4,5054407876196417142800,4,15
large_integer,1279,3744689046963038978064,3,3836922767331586736143,3,15
large_integer,1280,2453416961803370364939,2,2453416961803370364939,2,7
large_integer,1281,3680125442705055547403,3,3680125442705055547403,3,7
large_integer,1282,3680125442705055547405,3,3680125442705055547405,3,7
large_integer,1283,3689348814741910323213,3,3689348814741910323213,3,7
large_integer,1284,3680125442705055547407,3,3680125442705055547407,3,7
large_integer,1285,3689348814741910323215,3,3689348814741910323215,3,7
large_integer,1286,3689348814741910323217,3,3689348814741910323217,3,7
large_integer,1287,3698572186778765099025,3,3698572186778765099025,3,7
large_integer,1288,3680125442705055547404,3,3680125442705055547404,3,7
large_integer,1289,3717018930852474650636,3,3717018930852474650636,3,9
large_integer,1290,4906833923606740729870,4,4906833923606740729870,4,7
large_integer,1291,4916057295643595505678,4,4943727411754159833102,4,9
large_integer,1292,4906833923606740729872,4,4906833923606740729872,4,7
large_integer,1293,4916057295643595505680,4,4943727411754159833104,4,9
large_integer,1294,4916057295643595505682,4,4916057295643595505682,4,7
large_integer,1295,4925280667680450281490,4,4952950783791014608914,4,9
large_integer,1296,3680125442705055547406,3,3680125442705055547406,3,7
large_integer,1297,4906833923606740729870,4,4906833923606740729870,4,7
large_integer,1298,3717018930852474650638,3,3717018930852474650638,3,9
large_integer,1299,4916057295643595505680,4,4943727411754159833102,4,9
large_integer,1300,4906833923606740729874,4,4906833923606740729874,4,7
large_integer,1301,4916057295643595505682,4,4916057295643595505682,4,7
large_integer,1302,4916057295643595505684,4,4943727411754159833106,4,9
large_integer,1303,4925280667680450281492,4,4952950783791014608914,4,9
large_integer,1304,3689348814741910323214,3,3689348814741910323214,3,7
large_integer,1305,4916057295643595505678,4,4943727411754159833103,4,9
large_integer,1306,4916057295643595505680,4,4943727411754159833103,4,9
large_integer,1307,3726242302889329426446,3,3726242302889329426446,3,9
large_integer,1308,4916057295643595505682,4,4916057295643595505682,4,7
large_integer,1309,4925280667680450281490,4,6170435892655845015571,5,9
large_integer,1310,4925280667680450281492,4,6170435892655845015571,5,9
large_integer,1311,4934504039717305057300,4,4952950783791014608914,4,9
large_integer,1312,3680125442705055547408,3,3680125442705055547408,3,7
large_integer,1313,4906833923606740729872,4,4906833923606740729872,4,7
large_integer,1314,4906833923606740729874,4,4906833923606740729874,4,7
large_integer,1315,4916057295643595505682,4,4916057295643595505682,4,7
large_integer,1316,3717018930852474650640,3,3717018930852474650640,3,9
large_integer,1317,4916057295643595505684,4,4943727411754159833104,4,9
large_integer,1318,4916057295643595505686,4,4943727411754159833106,4,9
large_integer,1319,4925280667680450281494,4,4952950783791014608914,4,9
large_integer,1320,3689348814741910323216,3,3689348814741910323216,3,7
large_integer,1321,4916057295643595505680,4,4943727411754159833105,4,9
large_integer,1322,4916057295643595505682,4,4916057295643595505682,4,7
large_integer,1323,4925280667680450281490,4,6170435892655845015571,5,9
large_integer,1324,4916057295643595505684,4,4943727411754159833105,4,9
large_integer,1325,3726242302889329426448,3,3726242302889329426448,3,9
large_integer,1326,4925280667680450281494,4,6170435892655845015571,5,9
large_integer,1327,4934504039717305057302,4,4952950783791014608914,4,9
large_integer,1328,3689348814741910323218,3,3689348814741910323218,3,7
large_integer,1329,4916057295643595505682,4,4916057295643595505682,4,7
large_integer,1330,4916057295643595505684,4,4943727411754159833107,4,9
large_integer,1331,4925280667680450281492,4,6170435892655845015571,5,9
large_integer,1332,4916057295643595505686,4,4943727411754159833107,4,9
large_integer,1333,4925280667680450281494,4,6170435892655845015571,5,9
large_integer,1334,3726242302889329426450,3,3726242302889329426450,3,9
large_integer,1335,4934504039717305057304,4,4952950783791014608914,4,9
large_integer,1336,3698572186778765099026,3,3698572186778765099026,3,7
large_integer,1337,4925280667680450281490,4,4952950783791014608915,4,9
large_integer,1338,4925280667680450281492,4,4952950783791014608915,4,9
large_integer,1339,4934504039717305057300,4,4952950783791014608915,4,9
large_integer,1340,4925280667680450281494,4,4952950783791014608915,4,9
large_integer,1341,4934504039717305057302,4,4952950783791014608915,4,9
large_integer,1342,4934504039717305057304,4,4952950783791014608915,4,9
large_integer,1343,3735465674926184202258,3,3735465674926184202258,3,9
large_integer,1344,2462640333840225140747,2,2462640333840225140747,2,7
large_integer,1345,3689348814741910323211,3,3689348814741910323211,3,7
large_integer,1346,3689348814741910323213,3,3689348814741910323213,3,7
large_integer,1347,3698572186778765099021,3,3698572186778765099021,3,7
large_integer,1348,3689348814741910323215,3,3689348814741910323215,3,7
large_integer,1349,3698572186778765099023,3,3698572186778765099023,3,7
large_integer,1350,3698572186778765099025,3,3698572186778765099025,3,7
large_integer,1351,3707795558815619874833,3,3707795558815619874833,3,7
large_integer,1352,3689348814741910323212,3,3689348814741910323212,3,7
large_integer,1353,3726242302889329426444,3,3726242302889329426444,3,9
large_integer,1354,4916057295643595505678,4,4916057295643595505678,4,7
large_integer,1355,4925280667680450281486,4,4952950783791014608910,4,9
large_integer,1356,4916057295643595505680,4,4916057295643595505680,4,7
large_integer,1357,4925280667680450281488,4,4952950783791014608912,4,9
large_integer,1358,4925280667680450281490,4,4925280667680450281490,4,7
large_integer,1359,4934504039717305057298,4,4962174155827869384722,4,9
large_integer,1360,3689348814741910323214,3,3689348814741910323214,3,7
large_integer,1361,4916057295643595505678,4,4916057295643595505678,4,7
large_integer,1362,3726242302889329426446,3,3726242302889329426446,3,9
large_integer,1363,4925280667680450281488,4,4952950783791014608910,4,9
large_integer,1364,4916057295643595505682,4,4916057295643595505682,4,7
large_integer,1365,4925280667680450281490,4,4925280667680450281490,4,7
large_integer,1366,4925280667680450281492,4,4952950783791014608914,4,9
large_integer,1367,4934504039717305057300,4,4962174155827869384722,4,9
large_integer,1368,3698572186778765099022,3,3698572186778765099022,3,7
large_integer,1369,4925280667680450281486,4,4952950783791014608911,4,9
large_integer,1370,4925280667680450281488,4,4952950783791014608911,4,9
large_integer,1371,3735465674926184202254,3,3735465674926184202254,3,9
large_integer,1372,4925280667680450281490,4,4925280667680450281490,4,7
large_integer,1373,4934504039717305057298,4,6179659264692699791379,5,9
large_integer,1374,4934504039717305057300,4,6179659264692699791379,5,9
large_integer,1375,4943727411754159833108,4,4962174155827869384722,4,9
large_integer,1376,3689348814741910323216,3,3689348814741910323216,3,7
large_integer,1377,4916057295643595505680,4,4916057295643595505680,4,7
large_integer,1378,4916057295643595505682,4,4916057295643595505682,4,7
large_integer,1379,4925280667680450281490,4,4925280667680450281490,4,7
large_integer,1380,3726242302889329426448,3,3726242302889329426448,3,9
large_integer,1381,4925280667680450281492,4,4952950783791014608912,4,9
large_integer,1382,4925280667680450281494,4,4952950783791014608914,4,9
large_integer,1383,4934504039717305057302,4,4962174155827869384722,4,9
large_integer,1384,3698572186778765099024,3,3698572186778765099024,3,7
large_integer,1385,4925280667680450281488,4,4952950783791014608913,4,9
large_integer,1386,4925280667680450281490,4,4925280667680450281490,4,7
large_integer,1387,4934504039717305057298,4,6179659264692699791379,5,9
large_integer,1388,4925280667680450281492,4,4952950783791014608913,4,9
large_integer,1389,3735465674926184202256,3,3735465674926184202256,3,9
large_integer,1390,4934504039717305057302,4,6179659264692699791379,5,9
large_integer,1391,4943727411754159833110,4,4962174155827869384722,4,9
large_integer,1392,3698572186778765099026,3,3698572186778765099026,3,7
large_integer,1393,4925280667680450281490,4,4925280667680450281490,4,7
large_integer,1394,4925280667680450281492,4,4952950783791014608915,4,9
large_integer,1395,4934504039717305057300,4,6179659264692699791379,5,9
large_integer,1396,4925280667680450281494,4,4952950783791014608915,4,9
large_integer,1397,4934504039717305057302,4,6179659264692699791379,5,9
large_integer,1398,3735465674926184202258,3,3735465674926184202258,3,9
large_integer,1399,4943727411754159833112,4,4962174155827869384722,4,9
large_integer,1400,3707795558815619874834,3,3707795558815619874834,3,7
large_integer,1401,4934504039717305057298,4,4962174155827869384723,4,9
large_integer,1402,4934504039717305057300,4,4962174155827869384723,4,9
large_integer,1403,4943727411754159833108,4,4962174155827869384723,4,9
large_integer,1404,4934504039717305057302,4,4962174155827869384723,4,9
large_integer,1405,4943727411754159833110,4,4962174155827869384723,4,9
large_integer,1406,4943727411754159833112,4,4962174155827869384723,4,9
large_integer,1407,3744689046963038978066,3,3744689046963038978066,3,9
large_integer,1408,2462640333840225140749,2,2490310449950789468173,2,9
large_integer,1409,3689348814741910323213,3,3717018930852474650637,3,9
large_integer,1410,3689348814741910323215,3,3717018930852474650639,3,9
large_integer,1411,3698572186778765099023,3,3726242302889329426447,3,9
large_integer,1412,3689348814741910323217,3,3717018930852474650641,3,9
large_integer,1413,3698572186778765099025,3,3726242302889329426449,3,9
large_integer,1414,3698572186778765099027,3,3726242302889329426451,3,9
large_integer,1415,3707795558815619874835,3,3735465674926184202259,3,9
large_integer,1416,3689348814741910323214,3,3717018930852474650638,3,9
large_integer,1417,3726242302889329426446,3,3753912418999893753870,3,11
large_integer,1418,4916057295643595505680,4,4943727411754159833104,4,9
large_integer,1419,4925280667680450281488,4,4980620899901578936336,4,11
large_integer,1420,4916057295643595505682,4,4943727411754159833106,4,9
large_integer,1421,4925280667680450281490,4,4980620899901578936338,4,11
large_integer,1422,4925280667680450281492,4,4952950783791014608916,4,9
large_integer,1423,4934504039717305057300,4,4989844271938433712148,4,11
large_integer,1424,3689348814741910323216,3,3717018930852474650640,3,9
large_integer,1425,4916057295643595505680,4,4943727411754159833104,4,9
large_integer,1426,2564097426245627674638,2,2564097426245627674638,2,13
large_integer,1427,3790805907147312857102,3,3790805907147312857102,3,13
large_integer,1428,4916057295643595505684,4,4943727411754159833108,4,9
large_integer,1429,4925280667680450281492,4,4952950783791014608916,4,9
large_integer,1430,3790805907147312857106,3,3790805907147312857106,3,13
large_integer,1431,3800029279184167632914,3,3800029279184167632914,3,13
large_integer,1432,3698572186778765099024,3,3726242302889329426448,3,9
large_integer,1433,4925280667680450281488,4,4980620899901578936337,4,11
large_integer,1434,3790805907147312857103,3,3790805907147312857103,3,13
large_integer,1435,3735465674926184202256,3,3827699395294731960335,3,15
large_integer,1436,4925280667680450281492,4,4952950783791014608916,4,9
large_integer,1437,4934504039717305057300,4,6207329380803264118805,5,11
large_integer,1438,4934504039717305057302,4,5017514388048998039571,4,13
large_integer,1439,4943727411754159833110,4,5054407876196417142803,4,15
large_integer,1440,3689348814741910323218,3,3717018930852474650642,3,9
large_integer,1441,4916057295643595505682,4,4943727411754159833106,4,9
large_integer,1442,4916057295643595505684,4,4943727411754159833108,4,9
large_integer,1443,4925280667680450281492,4,4952950783791014608916,4,9
large_integer,1444,3726242302889329426450,3,3753912418999893753874,3,11
large_integer,1445,4925280667680450281494,4,4980620899901578936338,4,11
large_integer,1446,4925280667680450281496,4,4980620899901578936340,4,11
large_integer,1447,4934504039717305057304,4,4989844271938433712148,4,11
large_integer,1448,3698572186778765099026,3,3726242302889329426450,3,9
large_integer,1449,4925280667680450281490,4,4980620899901578936339,4,11
large_integer,1450,4925280667680450281492,4,4952950783791014608916,4,9
large_integer,1451,4934504039717305057300,4,6207329380803264118805,5,11
large_integer,1452,4925280667680450281494,4,4980620899901578936339,4,11
large_integer,1453,3735465674926184202258,3,3763135791036748529682,3,11
large_integer,1454,4934504039717305057304,4,6207329380803264118805,5,11
large_integer,1455,4943727411754159833112,4,4989844271938433712148,4,11
large_integer,1456,3698572186778765099028,3,3726242302889329426452,3,9
large_integer,1457,4925280667680450281492,4,4952950783791014608916,4,9
large_integer,1458,3790805907147312857107,3,3790805907147312857107,3,13
large_integer,1459,4934504039717305057302,4,5017514388048998039571,4,13
large_integer,1460,4925280667680450281496,4,4980620899901578936341,4,11
large_integer,1461,4934504039717305057304,4,6207329380803264118805,5,11
large_integer,1462,3735465674926184202260,3,3827699395294731960339,3,15
large_integer,1463,4943727411754159833114,4,5054407876196417142803,4,15
large_integer,1464,3707795558815619874836,3,3735465674926184202260,3,9
large_integer,1465,4934504039717305057300,4,4989844271938433712149,4,11
large_integer,1466,3800029279184167632915,3,3800029279184167632915,3,13
large_integer,1467,4943727411754159833110,4,5054407876196417142804,4,15
large_integer,1468,4934504039717305057304,4,4989844271938433712149,4,11
large_integer,1469,4943727411754159833112,4,4989844271938433712149,4,11
large_integer,1470,4943727411754159833114,4,5054407876196417142804,4,15
large_integer,1471,3744689046963038978068,3,3836922767331586736147,3,15
large_integer,1472,2471863705877079916557,2,2499533821987644243981,2,9
large_integer,1473,3698572186778765099021,3,3726242302889329426445,3,9
large_integer,1474,3698572186778765099023,3,3726242302889329426447,3,9
large_integer,1475,3707795558815619874831,3,3735465674926184202255,3,9
large_integer,1476,3698572186778765099025,3,3726242302889329426449,3,9
large_integer,1477,3707795558815619874833,3,3735465674926184202257,3,9
large_integer,1478,3707795558815619874835,3,3735465674926184202259,3,9
large_integer,1479,3717018930852474650643,3,3744689046963038978067,3,9
large_integer,1480,3698572186778765099022,3,3726242302889329426446,3,9
large_integer,1481,3735465674926184202254,3,3763135791036748529678,3,11
large_integer,1482,4925280667680450281488,4,4952950783791014608912,4,9
large_integer,1483,4934504039717305057296,4,4989844271938433712144,4,11
large_integer,1484,4925280667680450281490,4,4952950783791014608914,4,9
large_integer,1485,4934504039717305057298,4,4989844271938433712146,4,11
large_integer,1486,4934504039717305057300,4,4962174155827869384724,4,9
large_integer,1487,4943727411754159833108,4,4999067643975288487956,4,11
large_integer,1488,3698572186778765099024,3,3726242302889329426448,3,9
large_integer,1489,4925280667680450281488,4,4952950783791014608912,4,9
large_integer,1490,2573320798282482450446,2,2573320798282482450446,2,13
large_integer,1491,3800029279184167632910,3,3800029279184167632910,3,13
large_integer,1492,4925280667680450281492,4,4952950783791014608916,4,9
large_integer,1493,4934504039717305057300,4,4962174155827869384724,4,9
large_integer,1494,3800029279184167632914,3,3800029279184167632914,3,13
large_integer,1495,3809252651221022408722,3,3809252651221022408722,3,13
large_integer,1496,3707795558815619874832,3,3735465674926184202256,3,9
large_integer,1497,4934504039717305057296,4,4989844271938433712145,4,11
large_integer,1498,3800029279184167632911,3,3800029279184167632911,3,13
large_integer,1499,3744689046963038978064,3,3836922767331586736143,3,15
large_integer,1500,4934504039717305057300,4,4962174155827869384724,4,9
large_integer,1501,4943727411754159833108,4,6216552752840118894613,5,11
large_integer,1502,4943727411754159833110,4,5026737760085852815379,4,13
large_integer,1503,4952950783791014608918,4,5063631248233271918611,4,15
large_integer,1504,3698572186778765099026,3,3726242302889329426450,3,9
large_integer,1505,4925280667680450281490,4,4952950783791014608914,4,9
large_integer,1506,4925280667680450281492,4,4952950783791014608916,4,9
large_integer,1507,4934504039717305057300,4,4962174155827869384724,4,9
large_integer,1508,3735465674926184202258,3,3763135791036748529682,3,11
large_integer,1509,4934504039717305057302,4,4989844271938433712146,4,11
large_integer,1510,4934504039717305057304,4,4989844271938433712148,4,11
large_integer,1511,4943727411754159833112,4,4999067643975288487956,4,11
large_integer,1512,3707795558815619874834,3,3735465674926184202258,3,9
large_integer,1513,4934504039717305057298,4,4989844271938433712147,4,11
large_integer,1514,4934504039717305057300,4,4962174155827869384724,4,9
large_integer,1515,4943727411754159833108,4,6216552752840118894613,5,11
large_integer,1516,4934504039717305057302,4,4989844271938433712147,4,11
large_integer,1517,3744689046963038978066,3,3772359163073603305490,3,11
large_integer,1518,4943727411754159833112,4,6216552752840118894613,5,11
large_integer,1519,4952950783791014608920,4,4999067643975288487956,4,11
large_integer,1520,3707795558815619874836,3,3735465674926184202260,3,9
large_integer,1521,4934504039717305057300,4,4962174155827869384724,4,9
large_integer,1522,3800029279184167632915,3,3800029279184167632915,3,13
large_integer,1523,4943727411754159833110,4,5026737760085852815379,4,13
large_integer,1524,4934504039717305057304,4,4989844271938433712149,4,11
large_integer,1525,4943727411754159833112,4,6216552752840118894613,5,11
large_integer,1526,3744689046963038978068,3,3836922767331586736147,3,15
large_integer,1527,4952950783791014608922,4,5063631248233271918611,4,15
large_integer,1528,3717018930852474650644,3,3744689046963038978068,3,9
large_integer,1529,4943727411754159833108,4,4999067643975288487957,4,11
large_integer,1530,3809252651221022408723,3,3809252651221022408723,3,13
large_integer,1531,4952950783791014608918,4,5063631248233271918612,4,15
large_integer,1532,4943727411754159833112,4,4999067643975288487957,4,11
large_integer,1533,4952950783791014608920,4,4999067643975288487957,4,11
large_integer,1534,4952950783791014608922,4,5063631248233271918612,4,15
large_integer,1535,3753912418999893753876,3,3846146139368441511955,3,15
large_integer,1536,1235931852938539958277,1,1235931852938539958277,1,7
large_integer,1537,2462640333840225140741,2,2462640333840225140741,2,7
large_integer,1538,2462640333840225140743,2,2462640333840225140743,2,7
large_integer,1539,2471863705877079916551,2,2471863705877079916551,2,7
large_integer,1540,2462640333840225140745,2,2462640333840225140745,2,7
large_integer,1541,2471863705877079916553,2,2471863705877079916553,2,7
large_integer,1542,2471863705877079916555,2,2471863705877079916555,2,7
large_integer,1543,2481087077913934692363,2,2481087077913934692363,2,7
large_integer,1544,2462640333840225140742,2,2462640333840225140742,2,7
large_integer,1545,2499533821987644243974,2,2499533821987644243974,2,9
large_integer,1546,3689348814741910323208,3,3689348814741910323208,3,7
large_integer,1547,3698572186778765099016,3,3726242302889329426440,3,9
large_integer,1548,3689348814741910323210,3,3689348814741910323210,3,7
large_integer,1549,3698572186778765099018,3,3726242302889329426442,3,9
large_integer,1550,3698572186778765099020,3,3698572186778765099020,3,7
large_integer,1551,3707795558815619874828,3,3735465674926184202252,3,9
large_integer,1552,2462640333840225140744,2,2462640333840225140744,2,7
large_integer,1553,3689348814741910323208,3,3689348814741910323208,3,7
large_integer,1554,2499533821987644243976,2,2499533821987644243976,2,9
large_integer,1555,3698572186778765099018,3,3726242302889329426440,3,9
large_integer,1556,3689348814741910323212,3,3689348814741910323212,3,7
large_integer,1557,3698572186778765099020,3,3698572186778765099020,3,7
large_integer,1558,3698572186778765099022,3,3726242302889329426444,3,9
large_integer,1559,3707795558815619874830,3,3735465674926184202252,3,9
large_integer,1560,2471863705877079916552,2,2471863705877079916552,2,7
large_integer,1561,3698572186778765099016,3,3726242302889329426441,3,9
large_integer,1562,3698572186778765099018,3,3726242302889329426441,3,9
large_integer,1563,2508757194024499019784,2,2508757194024499019784,2,9
large_integer,1564,3698572186778765099020,3,3698572186778765099020,3,7
large_integer,1565,3707795558815619874828,3,4952950783791014608909,4,9
large_integer,1566,3707795558815619874830,3,4952950783791014608909,4,9
large_integer,1567,3717018930852474650638,3,3735465674926184202252,3,9
large_integer,1568,2462640333840225140746,2,2462640333840225140746,2,7
large_integer,1569,3689348814741910323210,3,3689348814741910323210,3,7
large_integer,1570,3689348814741910323212,3,3689348814741910323212,3,7
large_integer,1571,3698572186778765099020,3,3698572186778765099020,3,7
large_integer,1572,2499533821987644243978,2,2499533821987644243978,2,9
large_integer,1573,3698572186778765099022,3,3726242302889329426442,3,9
large_integer,1574,3698572186778765099024,3,3726242302889329426444,3,9
large_integer,1575,3707795558815619874832,3,3735465674926184202252,3,9
large_integer,1576,2471863705877079916554,2,2471863705877079916554,2,7
large_integer,1577,3698572186778765099018,3,3726242302889329426443,3,9
large_integer,1578,3698572186778765099020,3,3698572186778765099020,3,7
large_integer,1579,3707795558815619874828,3,4952950783791014608909,4,9
large_integer,1580,3698572186778765099022,3,3726242302889329426443,3,9
large_integer,1581,2508757194024499019786,2,2508757194024499019786,2,9
large_integer,1582,3707795558815619874832,3,4952950783791014608909,4,9
large_integer,1583,3717018930852474650640,3,3735465674926184202252,3,9
large_integer,1584,2471863705877079916556,2,2471863705877079916556,2,7
large_integer,1585,3698572186778765099020,3,3698572186778765099020,3,7
large_integer,1586,3698572186778765099022,3,3726242302889329426445,3,9
large_integer,1587,3707795558815619874830,3,4952950783791014608909,4,9
large_integer,1588,3698572186778765099024,3,3726242302889329426445,3,9
large_integer,1589,3707795558815619874832,3,4952950783791014608909,4,9
large_integer,1590,2508757194024499019788,2,2508757194024499019788,2,9
large_integer,1591,3717018930852474650642,3,3735465674926184202252,3,9
large_integer,1592,2481087077913934692364,2,2481087077913934692364,2,7
large_integer,1593,3707795558815619874828,3,3735465674926184202253,3,9
large_integer,1594,3707795558815619874830,3,3735465674926184202253,3,9
large_integer,1595,3717018930852474650638,3,3735465674926184202253,3,9
large_integer,1596,3707795558815619874832,3,3735465674926184202253,3,9
large_integer,1597,3717018930852474650640,3,3735465674926184202253,3,9
large_integer,1598,3717018930852474650642,3,3735465674926184202253,3,9
large_integer,1599,2517980566061353795596,2,2517980566061353795596,2,9
large_integer,1600,2462640333840225140743,2,2490310449950789468170,2,9
large_integer,1601,3689348814741910323207,3,3717018930852474650634,3,9
large_integer,1602,3689348814741910323209,3,3717018930852474650636,3,9
large_integer,1603,3698572186778765099017,3,3726242302889329426444,3,9
large_integer,1604,3689348814741910323211,3,3717018930852474650638,3,9
large_integer,1605,3698572186778765099019,3,3726242302889329426446,3,9
large_integer,1606,3698572186778765099021,3,3726242302889329426448,3,9
large_integer,1607,3707795558815619874829,3,3735465674926184202256,3,9
large_integer,1608,3689348814741910323208,3,3717018930852474650635,3,9
large_integer,1609,2564097426245627674635,2,2564097426245627674635,2,13
large_integer,1610,4916057295643595505674,4,4943727411754159833101,4,9
large_integer,1611,3790805907147312857101,3,3790805907147312857101,3,13
large_integer,1612,4916057295643595505676,4,4943727411754159833103,4,9
large_integer,1613,3790805907147312857103,3,3790805907147312857103,3,13
large_integer,1614,4925280667680450281486,4,4952950783791014608913,4,9
large_integer,1615,3800029279184167632913,3,3800029279184167632913,3,13
large_integer,1616,3689348814741910323210,3,3717018930852474650637,3,9
large_integer,1617,4916057295643595505674,4,4943727411754159833101,4,9
large_integer,1618,3726242302889329426442,3,3753912418999893753869,3,11
large_integer,1619,4925280667680450281484,4,4980620899901578936333,4,11
large_integer,1620,4916057295643595505678,4,4943727411754159833105,4,9
large_integer,1621,4925280667680450281486,4,4952950783791014608913,4,9
large_integer,1622,4925280667680450281488,4,4980620899901578936337,4,11
large_integer,1623,4934504039717305057296,4,4989844271938433712145,4,11
large_integer,1624,3698572186778765099018,3,3726242302889329426445,3,9
large_integer,1625,3790805907147312857102,3,3790805907147312857102,3,13
large_integer,1626,4925280667680450281484,4,4980620899901578936334,4,11
large_integer,1627,3735465674926184202250,3,3827699395294731960334,3,15
large_integer,1628,4925280667680450281486,4,4952950783791014608913,4,9
large_integer,1629,4934504039717305057294,4,5017514388048998039570,4,13
large_integer,1630,4934504039717305057296,4,6207329380803264118802,5,11
large_integer,1631,4943727411754159833104,4,5054407876196417142802,4,15
large_integer,1632,3689348814741910323212,3,3717018930852474650639,3,9
large_integer,1633,4916057295643595505676,4,4943727411754159833103,4,9
large_integer,1634,4916057295643595505678,4,4943727411754159833105,4,9
large_integer,1635,4925280667680450281486,4,4952950783791014608913,4,9
large_integer,1636,3726242302889329426444,3,3753912418999893753871,3,11
large_integer,1637,4925280667680450281488,4,4980620899901578936335,4,11
large_integer,1638,4925280667680450281490,4,4980620899901578936337,4,11
large_integer,1639,4934504039717305057298,4,4989844271938433712145,4,11
large_integer,1640,3698572186778765099020,3,3726242302889329426447,3,9
large_integer,1641,3790805907147312857104,3,3790805907147312857104,3,13
large_integer,1642,4925280667680450281486,4,4952950783791014608913,4,9
large_integer,1643,4934504039717305057294,4,5017514388048998039570,4,13
large_integer,1644,4925280667680450281488,4,4980620899901578936336,4,11
large_integer,1645,3735465674926184202252,3,3827699395294731960336,3,15
large_integer,1646,4934504039717305057298,4,6207329380803264118802,5,11
large_integer,1647,4943727411754159833106,4,5054407876196417142802,4,15
large_integer,1648,3698572186778765099022,3,3726242302889329426449,3,9
large_integer,1649,4925280667680450281486,4,4952950783791014608913,4,9
large_integer,1650,4925280667680450281488,4,4980620899901578936338,4,11
large_integer,1651,4934504039717305057296,4,6207329380803264118802,5,11
large_integer,1652,4925280667680450281490,4,4980620899901578936338,4,11
large_integer,1653,4934504039717305057298,4,6207329380803264118802,5,11
large_integer,1654,3735465674926184202254,3,3763135791036748529681,3,11
large_integer,1655,4943727411754159833108,4,4989844271938433712145,4,11
large_integer,1656,3707795558815619874830,3,3735465674926184202257,3,9
large_integer,1657,3800029279184167632914,3,3800029279184167632914,3,13
large_integer,1658,4934504039717305057296,4,4989844271938433712146,4,11
large_integer,1659,4943727411754159833104,4,5054407876196417142803,4,15
large_integer,1660,4934504039717305057298,4,4989844271938433712146,4,11
large_integer,1661,4943727411754159833106,4,5054407876196417142803,4,15
large_integer,1662,4943727411754159833108,4,4989844271938433712146,4,11
large_integer,1663,3744689046963038978062,3,3836922767331586736146,3,15
large_integer,1664,2462640333840225140745,2,2490310449950789468170,2,9
large_integer,1665,3689348814741910323209,3,3717018930852474650634,3,9
large_integer,1666,3689348814741910323211,3,3717018930852474650636,3,9
large_integer,1667,3698572186778765099019,3,3726242302889329426444,3,9
large_integer,1668,3689348814741910323213,3,3717018930852474650638,3,9
large_integer,1669,3698572186778765099021,3,3726242302889329426446,3,9
large_integer,1670,3698572186778765099023,3,3726242302889329426448,3,9
large_integer,1671,3707795558815619874831,3,3735465674926184202256,3,9
large_integer,1672,3689348814741910323210,3,3717018930852474650635,3,9
large_integer,1673,3726242302889329426442,3,3753912418999893753867,3,11
large_integer,1674,4916057295643595505676,4,4943727411754159833101,4,9
large_integer,1675,4925280667680450281484,4,4980620899901578936333,4,11
large_integer,1676,4916057295643595505678,4,4943727411754159833103,4,9
large_integer,1677,4925280667680450281486,4,4980620899901578936335,4,11
large_integer,1678,4925280667680450281488,4,4952950783791014608913,4,9
large_integer,1679,4934504039717305057296,4,4989844271938433712145,4,11
large_integer,1680,3689348814741910323212,3,3717018930852474650637,3,9
large_integer,1681,4916057295643595505676,4,4943727411754159833101,4,9
large_integer,1682,2564097426245627674635,2,2564097426245627674635,2,13
large_integer,1683,3790805907147312857099,3,3790805907147312857099,3,13
large_integer,1684,4916057295643595505680,4,4943727411754159833105,4,9
large_integer,1685,4925280667680450281488,4,4952950783791014608913,4,9
large_integer,1686,3790805907147312857103,3,3790805907147312857103,3,13
large_integer,1687,3800029279184167632911,3,3800029279184167632911,3,13
large_integer,1688,3698572186778765099020,3,3726242302889329426445,3,9
large_integer,1689,4925280667680450281484,4,4980620899901578936334,4,11
large_integer,1690,3790805907147312857100,3,3790805907147312857100,3,13
large_integer,1691,3735465674926184202252,3,3827699395294731960332,3,15
large_integer,1692,4925280667680450281488,4,4952950783791014608913,4,9
large_integer,1693,4934504039717305057296,4,6207329380803264118802,5,11
large_integer,1694,4934504039717305057298,4,5017514388048998039568,4,13
large_integer,1695,4943727411754159833106,4,5054407876196417142800,4,15
large_integer,1696,3689348814741910323214,3,3717018930852474650639,3,9
large_integer,1697,4916057295643595505678,4,4943727411754159833103,4,9
large_integer,1698,4916057295643595505680,4,4943727411754159833105,4,9
large_integer,1699,4925280667680450281488,4,4952950783791014608913,4,9
large_integer,1700,3726242302889329426446,3,3753912418999893753871,3,11
large_integer,1701,4925280667680450281490,4,4980620899901578936335,4,11
large_integer,1702,4925280667680450281492,4,4980620899901578936337,4,11
large_integer,1703,4934504039717305057300,4,4989844271938433712145,4,11
large_integer,1704,3698572186778765099022,3,3726242302889329426447,3,9
large_integer,1705,4925280667680450281486,4,4980620899901578936336,4,11
large_integer,1706,4925280667680450281488,4,4952950783791014608913,4,9
large_integer,1707,4934504039717305057296,4,6207329380803264118802,5,11
large_integer,1708,4925280667680450281490,4,4980620899901578936336,4,11
large_integer,1709,3735465674926184202254,3,3763135791036748529679,3,11
large_integer,1710,4934504039717305057300,4,6207329380803264118802,5,11
large_integer,1711,4943727411754159833108,4,4989844271938433712145,4,11
large_integer,1712,3698572186778765099024,3,3726242302889329426449,3,9
large_integer,1713,4925280667680450281488,4,4952950783791014608913,4,9
large_integer,1714,3790805907147312857104,3,3790805907147312857104,3,13
large_integer,1715,4934504039717305057298,4,5017514388048998039568,4,13
large_integer,1716,4925280667680450281492,4,4980620899901578936338,4,11
large_integer,1717,4934504039717305057300,4,6207329380803264118802,5,11
large_integer,1718,3735465674926184202256,3,3827699395294731960336,3,15
large_integer,1719,4943727411754159833110,4,5054407876196417142800,4,15
large_integer,1720,3707795558815619874832,3,3735465674926184202257,3,9
large_integer,1721,4934504039717305057296,4,4989844271938433712146,4,11
large_integer,1722,3800029279184167632912,3,3800029279184167632912,3,13
large_integer,1723,4943727411754159833106,4,5054407876196417142801,4,15
large_integer,1724,4934504039717305057300,4,4989844271938433712146,4,11
large_integer,1725,4943727411754159833108,4,4989844271938433712146,4,11
large_integer,1726,4943727411754159833110,4,5054407876196417142801,4,15
large_integer,1727,3744689046963038978064,3,3836922767331586736144,3,15
large_integer,1728,1272825341085959061511,1,1272825341085959061511,1,9
large_integer,1729,2499533821987644243975,2,2499533821987644243975,2,9
large_integer,1730,2499533821987644243977,2,2499533821987644243977,2,9
large_integer,1731,2508757194024499019785,2,2508757194024499019785,2,9
large_integer,1732,2499533821987644243979,2,2499533821987644243979,2,9
large_integer,1733,2508757194024499019787,2,2508757194024499019787,2,9
large_integer,1734,2508757194024499019789,2,2508757194024499019789,2,9
large_integer,1735,2517980566061353795597,2,2517980566061353795597,2,9
large_integer,1736,2499533821987644243976,2,2499533821987644243976,2,9
large_integer,1737,2536427310135063347208,2,2600990914393046777869,2,15
large_integer,1738,3726242302889329426442,3,3726242302889329426442,3,9
large_integer,1739,3735465674926184202250,3,3827699395294731960335,3,15
large_integer,1740,3726242302889329426444,3,3726242302889329426444,3,9
large_integer,1741,3735465674926184202252,3,3827699395294731960337,3,15
large_integer,1742,3735465674926184202254,3,3735465674926184202254,3,9
large_integer,1743,3744689046963038978062,3,3836922767331586736147,3,15
large_integer,1744,2499533821987644243978,2,2499533821987644243978,2,9
large_integer,1745,3726242302889329426442,3,3726242302889329426442,3,9
large_integer,1746,2536427310135063347210,2,2600990914393046777869,2,15
large_integer,1747,3735465674926184202252,3,3827699395294731960333,3,15
large_integer,1748,3726242302889329426446,3,3726242302889329426446,3,9
large_integer,1749,3735465674926184202254,3,3735465674926184202254,3,9
large_integer,1750,3735465674926184202256,3,3827699395294731960337,3,15
large_integer,1751,3744689046963038978064,3,3836922767331586736145,3,15
large_integer,1752,2508757194024499019786,2,2508757194024499019786,2,9
large_integer,1753,3735465674926184202250,3,3827699395294731960336,3,15
large_integer,1754,3735465674926184202252,3,3827699395294731960334,3,15
large_integer,1755,1346612317380797267976,1,1346612317380797267976,1,13
large_integer,1756,3735465674926184202254,3,3735465674926184202254,3,9
large_integer,1757,3744689046963038978062,3,5054407876196417142804,4,15
large_integer,1758,3744689046963038978064,3,5054407876196417142802,4,15
large_integer,1759,2573320798282482450444,2,2573320798282482450444,2,13
large_integer,1760,2499533821987644243980,2,2499533821987644243980,2,9
large_integer,1761,3726242302889329426444,3,3726242302889329426444,3,9
large_integer,1762,3726242302889329426446,3,3726242302889329426446,3,9
large_integer,1763,3735465674926184202254,3,3735465674926184202254,3,9
large_integer,1764,2536427310135063347212,2,2536427310135063347212,2,11
large_integer,1765,3735465674926184202256,3,3763135791036748529676,3,11
large_integer,1766,3735465674926184202258,3,3763135791036748529678,3,11
large_integer,1767,3744689046963038978066,3,3772359163073603305486,3,11
large_integer,1768,2508757194024499019788,2,2508757194024499019788,2,9
large_integer,1769,3735465674926184202252,3,3827699395294731960338,3,15
large_integer,1770,3735465674926184202254,3,3735465674926184202254,3,9
large_integer,1771,3744689046963038978062,3,5054407876196417142804,4,15
large_integer,1772,3735465674926184202256,3,3763135791036748529677,3,11
large_integer,1773,2545650682171918123020,2,3864592883442151063570,3,17
large_integer,1774,3744689046963038978066,3,4989844271938433712143,4,11
large_integer,1775,3753912418999893753874,3,5091301364343836246036,4,17
large_integer,1776,2508757194024499019790,2,2508757194024499019790,2,9
large_integer,1777,3735465674926184202254,3,3735465674926184202254,3,9
large_integer,1778,3735465674926184202256,3,3827699395294731960338,3,15
large_integer,1779,3744689046963038978064,3,5054407876196417142802,4,15
large_integer,1780,3735465674926184202258,3,3763135791036748529679,3,11
large_integer,1781,3744689046963038978066,3,4989844271938433712143,4,11
large_integer,1782,2545650682171918123022,2,3864592883442151063570,3,17
large_integer,1783,3753912418999893753876,3,5091301364343836246034,4,17
large_integer,1784,2517980566061353795598,2,2517980566061353795598,2,9
large_integer,1785,3744689046963038978062,3,3836922767331586736148,3,15
large_integer,1786,3744689046963038978064,3,3836922767331586736146,3,15
large_integer,1787,2573320798282482450445,2,2573320798282482450445,2,13
large_integer,1788,3744689046963038978066,3,3772359163073603305487,3,11
large_integer,1789,3753912418999893753874,3,5091301364343836246037,4,17
large_integer,1790,3753912418999893753876,3,5091301364343836246035,4,17
large_integer,1791,2554874054208772898830,2,2610214286429901553677,2,15
large_integer,1792,2462640333840225140747,2,2462640333840225140747,2,7
large_integer,1793,3689348814741910323211,3,3689348814741910323211,3,7
large_integer,1794,3689348814741910323213,3,3689348814741910323213,3,7
large_integer,1795,3698572186778765099021,3,3698572186778765099021,3,7
large_integer,1796,3689348814741910323215,3,3689348814741910323215,3,7
large_integer,1797,3698572186778765099023,3,3698572186778765099023,3,7
large_integer,1798,3698572186778765099025,3,3698572186778765099025,3,7
large_integer,1799,3707795558815619874833,3,3707795558815619874833,3,7
large_integer,1800,3689348814741910323212,3,3689348814741910323212,3,7
large_integer,1801,3726242302889329426444,3,3726242302889329426444,3,9
large_integer,1802,4916057295643595505678,4,4916057295643595505678,4,7
large_integer,1803,4925280667680450281486,4,4952950783791014608910,4,9
large_integer,1804,4916057295643595505680,4,4916057295643595505680,4,7
large_integer,1805,4925280667680450281488,4,4952950783791014608912,4,9
large_integer,1806,4925280667680450281490,4,4925280667680450281490,4,7
large_integer,1807,4934504039717305057298,4,4962174155827869384722,4,9
large_integer,1808,3689348814741910323214,3,3689348814741910323214,3,7
large_integer,1809,4916057295643595505678,4,4916057295643595505678,4,7
large_integer,1810,3726242302889329426446,3,3726242302889329426446,3,9
large_integer,1811,4925280667680450281488,4,4952950783791014608910,4,9
large_integer,1812,4916057295643595505682,4,4916057295643595505682,4,7
large_integer,1813,4925280667680450281490,4,4925280667680450281490,4,7
large_integer,1814,4925280667680450281492,4,4952950783791014608914,4,9
large_integer,1815,4934504039717305057300,4,4962174155827869384722,4,9
large_integer,1816,3698572186778765099022,3,3698572186778765099022,3,7
large_integer,1817,4925280667680450281486,4,4952950783791014608911,4,9
large_integer,1818,4925280667680450281488,4,4952950783791014608911,4,9
large_integer,1819,3735465674926184202254,3,3735465674926184202254,3,9
large_integer,1820,4925280667680450281490,4,4925280667680450281490,4,7
large_integer,1821,4934504039717305057298,4,6179659264692699791379,5,9
large_integer,1822,4934504039717305057300,4,6179659264692699791379,5,9
large_integer,1823,4943727411754159833108,4,4962174155827869384722,4,9
large_integer,1824,3689348814741910323216,3,3689348814741910323216,3,7
large_integer,1825,4916057295643595505680,4,4916057295643595505680,4,7
large_integer,1826,4916057295643595505682,4,4916057295643595505682,4,7
large_integer,1827,4925280667680450281490,4,4925280667680450281490,4,7
large_integer,1828,3726242302889329426448,3,3726242302889329426448,3,9
large_integer,1829,4925280667680450281492,4,4952950783791014608912,4,9
large_integer,1830,4925280667680450281494,4,4952950783791014608914,4,9
large_integer,1831,4934504039717305057302,4,4962174155827869384722,4,9
large_integer,1832,3698572186778765099024,3,3698572186778765099024,3,7
large_integer,1833,4925280667680450281488,4,4952950783791014608913,4,9
large_integer,1834,4925280667680450281490,4,4925280667680450281490,4,7
large_integer,1835,4934504039717305057298,4,6179659264692699791379,5,9
large_integer,1836,4925280667680450281492,4,4952950783791014608913,4,9
large_integer,1837,3735465674926184202256,3,3735465674926184202256,3,9
large_integer,1838,4934504039717305057302,4,6179659264692699791379,5,9
large_integer,1839,4943727411754159833110,4,4962174155827869384722,4,9
large_integer,1840,3698572186778765099026,3,3698572186778765099026,3,7
large_integer,1841,4925280667680450281490,4,4925280667680450281490,4,7
large_integer,1842,4925280667680450281492,4,4952950783791014608915,4,9
large_integer,1843,4934504039717305057300,4,6179659264692699791379,5,9
large_integer,1844,4925280667680450281494,4,4952950783791014608915,4,9
large_integer,1845,4934504039717305057302,4,6179659264692699791379,5,9
large_integer,1846,3735465674926184202258,3,3735465674926184202258,3,9
large_integer,1847,4943727411754159833112,4,4962174155827869384722,4,9
large_integer,1848,3707795558815619874834,3,3707795558815619874834,3,7
large_integer,1849,4934504039717305057298,4,4962174155827869384723,4,9
large_integer,1850,4934504039717305057300,4,4962174155827869384723,4,9
large_integer,1851,4943727411754159833108,4,4962174155827869384723,4,9
large_integer,1852,4934504039717305057302,4,4962174155827869384723,4,9
large_integer,1853,4943727411754159833110,4,4962174155827869384723,4,9
large_integer,1854,4943727411754159833112,4,4962174155827869384723,4,9
large_integer,1855,3744689046963038978066,3,3744689046963038978066,3,9
large_integer,1856,2471863705877079916555,2,3717018930852474650640,3,9
large_integer,1857,3698572186778765099019,3,4943727411754159833104,4,9
large_integer,1858,3698572186778765099021,3,4943727411754159833106,4,9
large_integer,1859,3707795558815619874829,3,4952950783791014608914,4,9
large_integer,1860,3698572186778765099023,3,4943727411754159833108,4,9
large_integer,1861,3707795558815619874831,3,4952950783791014608916,4,9
large_integer,1862,3707795558815619874833,3,4952950783791014608918,4,9
large_integer,1863,3717018930852474650641,3,4962174155827869384726,4,9
large_integer,1864,3698572186778765099020,3,4943727411754159833105,4,9
large_integer,1865,3735465674926184202252,3,3790805907147312857105,3,13
large_integer,1866,4925280667680450281486,4,6170435892655845015571,5,9
large_integer,1867,4934504039717305057294,4,5017514388048998039571,4,13
large_integer,1868,4925280667680450281488,4,6170435892655845015573,5,9
large_integer,1869,4934504039717305057296,4,5017514388048998039573,4,13
large_integer,1870,4934504039717305057298,4,6179659264692699791383,5,9
large_integer,1871,4943727411754159833106,4,5026737760085852815383,4,13
large_integer,1872,3698572186778765099022,3,4943727411754159833107,4,9
large_integer,1873,4925280667680450281486,4,6170435892655845015571,5,9
large_integer,1874,3735465674926184202254,3,4980620899901578936339,4,11
large_integer,1875,4934504039717305057296,4,6207329380803264118803,5,11
large_integer,1876,4925280667680450281490,4,6170435892655845015575,5,9
large_integer,1877,4934504039717305057298,4,6179659264692699791383,5,9
large_integer,1878,4934504039717305057300,4,6207329380803264118807,5,11
large_integer,1879,4943727411754159833108,4,6216552752840118894615,5,11
large_integer,1880,3707795558815619874830,3,4952950783791014608915,4,9
large_integer,1881,4934504039717305057294,4,5017514388048998039572,4,13
large_integer,1882,4934504039717305057296,4,6207329380803264118804,5,11
large_integer,1883,3744689046963038978062,3,5054407876196417142804,4,15
large_integer,1884,4934504039717305057298,4,6179659264692699791383,5,9
large_integer,1885,4943727411754159833106,4,6244222868950683222040,5,13
large_integer,1886,4943727411754159833108,4,7434037861704949301272,6,11
large_integer,1887,4952950783791014608916,4,6281116357098102325272,5,15
large_integer,1888,3698572186778765099024,3,4943727411754159833109,4,9
large_integer,1889,4925280667680450281488,4,6170435892655845015573,5,9
large_integer,1890,4925280667680450281490,4,6170435892655845015575,5,9
large_integer,1891,4934504039717305057298,4,6179659264692699791383,5,9
large_integer,1892,3735465674926184202256,3,4980620899901578936341,4,11
large_integer,1893,4934504039717305057300,4,6207329380803264118805,5,11
large_integer,1894,4934504039717305057302,4,6207329380803264118807,5,11
large_integer,1895,4943727411754159833110,4,6216552752840118894615,5,11
large_integer,1896,3707795558815619874832,3,4952950783791014608917,4,9
large_integer,1897,4934504039717305057296,4,5017514388048998039574,4,13
large_integer,1898,4934504039717305057298,4,6179659264692699791383,5,9
large_integer,1899,4943727411754159833106,4,6244222868950683222040,5,13
large_integer,1900,4934504039717305057300,4,6207329380803264118806,5,11
large_integer,1901,3744689046963038978064,3,5054407876196417142806,4,15
large_integer,1902,4943727411754159833110,4,7434037861704949301272,6,11
large_integer,1903,4952950783791014608918,4,6281116357098102325272,5,15
large_integer,1904,3707795558815619874834,3,4952950783791014608919,4,9
large_integer,1905,4934504039717305057298,4,6179659264692699791383,5,9
large_integer,1906,4934504039717305057300,4,6207329380803264118808,5,11
large_integer,1907,4943727411754159833108,4,7434037861704949301272,6,11
large_integer,1908,4934504039717305057302,4,6207329380803264118808,5,11
large_integer,1909,4943727411754159833110,4,7434037861704949301272,6,11
large_integer,1910,3744689046963038978066,3,4989844271938433712151,4,11
large_integer,1911,4952950783791014608920,4,6216552752840118894615,5,11
large_integer,1912,3717018930852474650642,3,4962174155827869384727,4,9
large_integer,1913,4943727411754159833106,4,5026737760085852815384,4,13
large_integer,1914,4943727411754159833108,4,6216552752840118894616,5,11
large_integer,1915,4952950783791014608916,4,6281116357098102325273,5,15
large_integer,1916,4943727411754159833110,4,6216552752840118894616,5,11
large_integer,1917,4952950783791014608918,4,6281116357098102325273,5,15
large_integer,1918,4952950783791014608920,4,6216552752840118894616,5,11
large_integer,1919,3753912418999893753874,3,5063631248233271918616,4,15
large_integer,1920,2471863705877079916557,2,3717018930852474650640,3,9
large_integer,1921,3698572186778765099021,3,4943727411754159833104,4,9
large_integer,1922,3698572186778765099023,3,4943727411754159833106,4,9
large_integer,1923,3707795558815619874831,3,4952950783791014608914,4,9
large_integer,1924,3698572186778765099025,3,4943727411754159833108,4,9
large_integer,1925,3707795558815619874833,3,4952950783791014608916,4,9
large_integer,1926,3707795558815619874835,3,4952950783791014608918,4,9
large_integer,1927,3717018930852474650643,3,4962174155827869384726,4,9
large_integer,1928,3698572186778765099022,3,4943727411754159833105,4,9
large_integer,1929,3735465674926184202254,3,4980620899901578936337,4,11
large_integer,1930,4925280667680450281488,4,6170435892655845015571,5,9
large_integer,1931,4934504039717305057296,4,6207329380803264118803,5,11
large_integer,1932,4925280667680450281490,4,6170435892655845015573,5,9
large_integer,1933,4934504039717305057298,4,6207329380803264118805,5,11
large_integer,1934,4934504039717305057300,4,6179659264692699791383,5,9
large_integer,1935,4943727411754159833108,4,6216552752840118894615,5,11
large_integer,1936,3698572186778765099024,3,4943727411754159833107,4,9
large_integer,1937,4925280667680450281488,4,6170435892655845015571,5,9
large_integer,1938,3735465674926184202256,3,3790805907147312857105,3,13
large_integer,1939,4934504039717305057298,4,5017514388048998039569,4,13
large_integer,1940,4925280667680450281492,4,6170435892655845015575,5,9
large_integer,1941,4934504039717305057300,4,6179659264692699791383,5,9
large_integer,1942,4934504039717305057302,4,5017514388048998039573,4,13
large_integer,1943,4943727411754159833110,4,5026737760085852815381,4,13
large_integer,1944,3707795558815619874832,3,4952950783791014608915,4,9
large_integer,1945,4934504039717305057296,4,6207329380803264118804,5,11
large_integer,1946,4934504039717305057298,4,5017514388048998039570,4,13
large_integer,1947,3744689046963038978064,3,5054407876196417142802,4,15
large_integer,1948,4934504039717305057300,4,6179659264692699791383,5,9
large_integer,1949,4943727411754159833108,4,7434037861704949301272,6,11
large_integer,1950,4943727411754159833110,4,6244222868950683222038,5,13
large_integer,1951,4952950783791014608918,4,6281116357098102325270,5,15
large_integer,1952,3698572186778765099026,3,4943727411754159833109,4,9
large_integer,1953,4925280667680450281490,4,6170435892655845015573,5,9
large_integer,1954,4925280667680450281492,4,6170435892655845015575,5,9
large_integer,1955,4934504039717305057300,4,6179659264692699791383,5,9
large_integer,1956,3735465674926184202258,3,4980620899901578936341,4,11
large_integer,1957,4934504039717305057302,4,6207329380803264118805,5,11
large_integer,1958,4934504039717305057304,4,6207329380803264118807,5,11
large_integer,1959,4943727411754159833112,4,6216552752840118894615,5,11
large_integer,1960,3707795558815619874834,3,4952950783791014608917,4,9
large_integer,1961,4934504039717305057298,4,6207329380803264118806,5,11
large_integer,1962,4934504039717305057300,4,6179659264692699791383,5,9
large_integer,1963,4943727411754159833108,4,7434037861704949301272,6,11
large_integer,1964,4934504039717305057302,4,6207329380803264118806,5,11
large_integer,1965,3744689046963038978066,3,4989844271938433712149,4,11
large_integer,1966,4943727411754159833112,4,7434037861704949301272,6,11
large_integer,1967,4952950783791014608920,4,6216552752840118894615,5,11
large_integer,1968,3707795558815619874836,3,4952950783791014608919,4,9
large_integer,1969,4934504039717305057300,4,6179659264692699791383,5,9
large_integer,1970,4934504039717305057302,4,5017514388048998039574,4,13
large_integer,1971,4943727411754159833110,4,6244222868950683222038,5,13
large_integer,1972,4934504039717305057304,4,6207329380803264118808,5,11
large_integer,1973,4943727411754159833112,4,7434037861704949301272,6,11
large_integer,1974,3744689046963038978068,3,5054407876196417142806,4,15
large_integer,1975,4952950783791014608922,4,6281116357098102325270,5,15
large_integer,1976,3717018930852474650644,3,4962174155827869384727,4,9
large_integer,1977,4943727411754159833108,4,6216552752840118894616,5,11
large_integer,1978,4943727411754159833110,4,5026737760085852815382,4,13
large_integer,1979,4952950783791014608918,4,6281116357098102325271,5,15
large_integer,1980,4943727411754159833112,4,6216552752840118894616,5,11
large_integer,1981,4952950783791014608920,4,6216552752840118894616,5,11
large_integer,1982,4952950783791014608922,4,6281116357098102325271,5,15
large_integer,1983,3753912418999893753876,3,5063631248233271918614,4,15
large_integer,1984,2481087077913934692365,2,2499533821987644243981,2,9
large_integer,1985,3707795558815619874829,3,3726242302889329426445,3,9
large_integer,1986,3707795558815619874831,3,3726242302889329426447,3,9
large_integer,1987,3717018930852474650639,3,3735465674926184202255,3,9
large_integer,1988,3707795558815619874833,3,3726242302889329426449,3,9
large_integer,1989,3717018930852474650641,3,3735465674926184202257,3,9
large_integer,1990,3717018930852474650643,3,3735465674926184202259,3,9
large_integer,1991,3726242302889329426451,3,3744689046963038978067,3,9
large_integer,1992,3707795558815619874830,3,3726242302889329426446,3,9
large_integer,1993,3744689046963038978062,3,3827699395294731960339,3,15
large_integer,1994,4934504039717305057296,4,4952950783791014608912,4,9
large_integer,1995,4943727411754159833104,4,5054407876196417142805,4,15
large_integer,1996,4934504039717305057298,4,4952950783791014608914,4,9
large_integer,1997,4943727411754159833106,4,5054407876196417142807,4,15
large_integer,1998,4943727411754159833108,4,4962174155827869384724,4,9
large_integer,1999,4952950783791014608916,4,5063631248233271918617,4,15
large_integer,2000,3707795558815619874832,3,3726242302889329426448,3,9
large_integer,2001,4934504039717305057296,4,4952950783791014608912,4,9
large_integer,2002,3744689046963038978064,3,3827699395294731960339,3,15
large_integer,2003,4943727411754159833106,4,5054407876196417142803,4,15
large_integer,2004,4934504039717305057300,4,4952950783791014608916,4,9
large_integer,2005,4943727411754159833108,4,4962174155827869384724,4,9
large_integer,2006,4943727411754159833110,4,5054407876196417142807,4,15
large_integer,2007,4952950783791014608918,4,5063631248233271918615,4,15
large_integer,2008,3717018930852474650640,3,3735465674926184202256,3,9
large_integer,2009,4943727411754159833104,4,5054407876196417142806,4,15
large_integer,2010,4943727411754159833106,4,5054407876196417142804,4,15
large_integer,2011,2573320798282482450446,2,2573320798282482450446,2,13
large_integer,2012,4943727411754159833108,4,4962174155827869384724,4,9
large_integer,2013,4952950783791014608916,4,6281116357098102325274,5,15
large_integer,2014,4952950783791014608918,4,6281116357098102325272,5,15
large_integer,2015,3800029279184167632914,3,3800029279184167632914,3,13
large_integer,2016,3707795558815619874834,3,3726242302889329426450,3,9
large_integer,2017,4934504039717305057298,4,4952950783791014608914,4,9
large_integer,2018,4934504039717305057300,4,4952950783791014608916,4,9
large_integer,2019,4943727411754159833108,4,4962174155827869384724,4,9
large_integer,2020,3744689046963038978066,3,3763135791036748529682,3,11
large_integer,2021,4943727411754159833110,4,4989844271938433712146,4,11
large_integer,2022,4943727411754159833112,4,4989844271938433712148,4,11
large_integer,2023,4952950783791014608920,4,4999067643975288487956,4,11
large_integer,2024,3717018930852474650642,3,3735465674926184202258,3,9
large_integer,2025,4943727411754159833106,4,5054407876196417142808,4,15
large_integer,2026,4943727411754159833108,4,4962174155827869384724,4,9
large_integer,2027,4952950783791014608916,4,6281116357098102325274,5,15
large_integer,2028,4943727411754159833110,4,4989844271938433712147,4,11
large_integer,2029,3753912418999893753874,3,5091301364343836246040,4,17
large_integer,2030,4952950783791014608920,4,6216552752840118894613,5,11
large_integer,2031,4962174155827869384728,4,6318009845245521428506,5,17
large_integer,2032,3717018930852474650644,3,3735465674926184202260,3,9
large_integer,2033,4943727411754159833108,4,4962174155827869384724,4,9
large_integer,2034,4943727411754159833110,4,5054407876196417142808,4,15
large_integer,2035,4952950783791014608918,4,6281116357098102325272,5,15
large_integer,2036,4943727411754159833112,4,4989844271938433712149,4,11
large_integer,2037,4952950783791014608920,4,6216552752840118894613,5,11
large_integer,2038,3753912418999893753876,3,5091301364343836246040,4,17
large_integer,2039,4962174155827869384730,4,6318009845245521428504,5,17
large_integer,2040,3726242302889329426452,3,3744689046963038978068,3,9
large_integer,2041,4952950783791014608916,4,5063631248233271918618,4,15
large_integer,2042,4952950783791014608918,4,5063631248233271918616,4,15
large_integer,2043,3800029279184167632915,3,3800029279184167632915,3,13
large_integer,2044,4952950783791014608920,4,4999067643975288487957,4,11
large_integer,2045,4962174155827869384728,4,6318009845245521428507,5,17
large_integer,2046,4962174155827869384730,4,6318009845245521428505,5,17
large_integer,2047,3763135791036748529684,3,3836922767331586736147,3,15
large_integer,2048,1226708480901685182471,1,1226708480901685182471,1,7
large_integer,2049,2453416961803370364935,2,2453416961803370364935,2,7
large_integer,2050,2453416961803370364937,2,2453416961803370364937,2,7
large_integer,2051,2462640333840225140745,2,2462640333840225140745,2,7
large_integer,2052,2453416961803370364939,2,2453416961803370364939,2,7
large_integer,2053,2462640333840225140747,2,2462640333840225140747,2,7
large_integer,2054,2462640333840225140749,2,2462640333840225140749,2,7
large_integer,2055,2471863705877079916557,2,2471863705877079916557,2,7
large_integer,2056,2453416961803370364936,2,2453416961803370364936,2,7
large_integer,2057,2490310449950789468168,2,2490310449950789468168,2,9
large_integer,2058,3680125442705055547402,3,3680125442705055547402,3,7
large_integer,2059,3689348814741910323210,3,3717018930852474650634,3,9
large_integer,2060,3680125442705055547404,3,3680125442705055547404,3,7
large_integer,2061,3689348814741910323212,3,3717018930852474650636,3,9
large_integer,2062,3689348814741910323214,3,3689348814741910323214,3,7
large_integer,2063,3698572186778765099022,3,3726242302889329426446,3,9
large_integer,2064,2453416961803370364938,2,2453416961803370364938,2,7
large_integer,2065,3680125442705055547402,3,3680125442705055547402,3,7
large_integer,2066,2490310449950789468170,2,2490310449950789468170,2,9
large_integer,2067,3689348814741910323212,3,3717018930852474650634,3,9
large_integer,2068,3680125442705055547406,3,3680125442705055547406,3,7
large_integer,2069,3689348814741910323214,3,3689348814741910323214,3,7
large_integer,2070,3689348814741910323216,3,3717018930852474650638,3,9
large_integer,2071,3698572186778765099024,3,3726242302889329426446,3,9
large_integer,2072,2462640333840225140746,2,2462640333840225140746,2,7
large_integer,2073,3689348814741910323210,3,3717018930852474650635,3,9
large_integer,2074,3689348814741910323212,3,3717018930852474650635,3,9
large_integer,2075,2499533821987644243978,2,2499533821987644243978,2,9
large_integer,2076,3689348814741910323214,3,3689348814741910323214,3,7
large_integer,2077,3698572186778765099022,3,4943727411754159833103,4,9
large_integer,2078,3698572186778765099024,3,4943727411754159833103,4,9
large_integer,2079,3707795558815619874832,3,3726242302889329426446,3,9
large_integer,2080,2453416961803370364940,2,2453416961803370364940,2,7
large_integer,2081,3680125442705055547404,3,3680125442705055547404,3,7
large_integer,2082,3680125442705055547406,3,3680125442705055547406,3,7
large_integer,2083,3689348814741910323214,3,3689348814741910323214,3,7
large_integer,2084,2490310449950789468172,2,2490310449950789468172,2,9
large_integer,2085,3689348814741910323216,3,3717018930852474650636,3,9
large_integer,2086,3689348814741910323218,3,3717018930852474650638,3,9
large_integer,2087,3698572186778765099026,3,3726242302889329426446,3,9
large_integer,2088,2462640333840225140748,2,2462640333840225140748,2,7
large_integer,2089,3689348814741910323212,3,3717018930852474650637,3,9
large_integer,2090,3689348814741910323214,3,3689348814741910323214,3,7
large_integer,2091,3698572186778765099022,3,4943727411754159833103,4,9
large_integer,2092,3689348814741910323216,3,3717018930852474650637,3,9
large_integer,2093,2499533821987644243980,2,2499533821987644243980,2,9
large_integer,2094,3698572186778765099026,3,4943727411754159833103,4,9
large_integer,2095,3707795558815619874834,3,3726242302889329426446,3,9
large_integer,2096,2462640333840225140750,2,2462640333840225140750,2,7
large_integer,2097,3689348814741910323214,3,3689348814741910323214,3,7
large_integer,2098,3689348814741910323216,3,3717018930852474650639,3,9
large_integer,2099,3698572186778765099024,3,4943727411754159833103,4,9
large_integer,2100,3689348814741910323218,3,3717018930852474650639,3,9
large_integer,2101,3698572186778765099026,3,4943727411754159833103,4,9
large_integer,2102,2499533821987644243982,2,2499533821987644243982,2,9
large_integer,2103,3707795558815619874836,3,3726242302889329426446,3,9
large_integer,2104,2471863705877079916558,2,2471863705877079916558,2,7
large_integer,2105,3698572186778765099022,3,3726242302889329426447,3,9
large_integer,2106,3698572186778765099024,3,3726242302889329426447,3,9
large_integer,2107,3707795558815619874832,3,3726242302889329426447,3,9
large_integer,2108,3698572186778765099026,3,3726242302889329426447,3,9
large_integer,2109,3707795558815619874834,3,3726242302889329426447,3,9
large_integer,2110,3707795558815619874836,3,3726242302889329426447,3,9
large_integer,2111,2508757194024499019790,2,2508757194024499019790,2,9
large_integer,2112,2453416961803370364937,2,2453416961803370364937,2,7
large_integer,2113,3680125442705055547401,3,3680125442705055547401,3,7
large_integer,2114,3680125442705055547403,3,3680125442705055547403,3,7
large_integer,2115,3689348814741910323211,3,3689348814741910323211,3,7
large_integer,2116,3680125442705055547405,3,3680125442705055547405,3,7
large_integer,2117,3689348814741910323213,3,3689348814741910323213,3,7
large_integer,2118,3689348814741910323215,3,3689348814741910323215,3,7
large_integer,2119,3698572186778765099023,3,3698572186778765099023,3,7
large_integer,2120,3680125442705055547402,3,3680125442705055547402,3,7
large_integer,2121,3717018930852474650634,3,3717018930852474650634,3,9
large_integer,2122,4906833923606740729868,4,4906833923606740729868,4,7
large_integer,2123,4916057295643595505676,4,4943727411754159833100,4,9
large_integer,2124,4906833923606740729870,4,4906833923606740729870,4,7
large_integer,2125,4916057295643595505678,4,4943727411754159833102,4,9
large_integer,2126,4916057295643595505680,4,4916057295643595505680,4,7
large_integer,2127,4925280667680450281488,4,4952950783791014608912,4,9
large_integer,2128,3680125442705055547404,3,3680125442705055547404,3,7
large_integer,2129,4906833923606740729868,4,4906833923606740729868,4,7
large_integer,2130,3717018930852474650636,3,3717018930852474650636,3,9
large_integer,2131,4916057295643595505678,4,4943727411754159833100,4,9
large_integer,2132,4906833923606740729872,4,4906833923606740729872,4,7
large_integer,2133,4916057295643595505680,4,4916057295643595505680,4,7
large_integer,2134,4916057295643595505682,4,4943727411754159833104,4,9
large_integer,2135,4925280667680450281490,4,4952950783791014608912,4,9
large_integer,2136,3689348814741910323212,3,3689348814741910323212,3,7
large_integer,2137,4916057295643595505676,4,4943727411754159833101,4,9
large_integer,2138,4916057295643595505678,4,4943727411754159833101,4,9
large_integer,2139,3726242302889329426444,3,3726242302889329426444,3,9
large_integer,2140,4916057295643595505680,4,4916057295643595505680,4,7
large_integer,2141,4925280667680450281488,4,6170435892655845015569,5,9
large_integer,2142,4925280667680450281490,4,6170435892655845015569,5,9
large_integer,2143,4934504039717305057298,4,4952950783791014608912,4,9
large_integer,2144,3680125442705055547406,3,3680125442705055547406,3,7
large_integer,2145,4906833923606740729870,4,4906833923606740729870,4,7
large_integer,2146,4906833923606740729872,4,4906833923606740729872,4,7
large_integer,2147,4916057295643595505680,4,4916057295643595505680,4,7
large_integer,2148,3717018930852474650638,3,3717018930852474650638,3,9
large_integer,2149,4916057295643595505682,4,4943727411754159833102,4,9
large_integer,2150,4916057295643595505684,4,4943727411754159833104,4,9
large_integer,2151,4925280667680450281492,4,4952950783791014608912,4,9
large_integer,2152,3689348814741910323214,3,3689348814741910323214,3,7
large_integer,2153,4916057295643595505678,4,4943727411754159833103,4,9
large_integer,2154,4916057295643595505680,4,4916057295643595505680,4,7
large_integer,2155,4925280667680450281488,4,6170435892655845015569,5,9
large_integer,2156,4916057295643595505682,4,4943727411754159833103,4,9
large_integer,2157,3726242302889329426446,3,3726242302889329426446,3,9
large_integer,2158,4925280667680450281492,4,6170435892655845015569,5,9
large_integer,2159,4934504039717305057300,4,4952950783791014608912,4,9
large_integer,2160,3689348814741910323216,3,3689348814741910323216,3,7
large_integer,2161,4916057295643595505680,4,4916057295643595505680,4,7
large_integer,2162,4916057295643595505682,4,4943727411754159833105,4,9
large_integer,2163,4925280667680450281490,4,6170435892655845015569,5,9
large_integer,2164,4916057295643595505684,4,4943727411754159833105,4,9
large_integer,2165,4925280667680450281492,4,6170435892655845015569,5,9
large_integer,2166,3726242302889329426448,3,3726242302889329426448,3,9
large_integer,2167,4934504039717305057302,4,4952950783791014608912,4,9
large_integer,2168,3698572186778765099024,3,3698572186778765099024,3,7
large_integer,2169,4925280667680450281488,4,4952950783791014608913,4,9
large_integer,2170,4925280667680450281490,4,4952950783791014608913,4,9
large_integer,2171,4934504039717305057298,4,4952950783791014608913,4,9
large_integer,2172,4925280667680450281492,4,4952950783791014608913,4,9
large_integer,2173,4934504039717305057300,4,4952950783791014608913,4,9
large_integer,2174,4934504039717305057302,4,4952950783791014608913,4,9
large_integer,2175,3735465674926184202256,3,3735465674926184202256,3,9
large_integer,2176,2453416961803370364939,2,2453416961803370364939,2,7
large_integer,2177,3680125442705055547403,3,3680125442705055547403,3,7
large_integer,2178,3680125442705055547405,3,3680125442705055547405,3,7
large_integer,2179,3689348814741910323213,3,3689348814741910323213,3,7
large_integer,2180,3680125442705055547407,3,3680125442705055547407,3,7
large_integer,2181,3689348814741910323215,3,3689348814741910323215,3,7
large_integer,2182,3689348814741910323217,3,3689348814741910323217,3,7
large_integer,2183,3698572186778765099025,3,3698572186778765099025,3,7
large_integer,2184,3680125442705055547404,3,3680125442705055547404,3,7
large_integer,2185,3717018930852474650636,3,3717018930852474650636,3,9
large_integer,2186,4906833923606740729870,4,4906833923606740729870,4,7
large_integer,2187,4916057295643595505678,4,4943727411754159833102,4,9
large_integer,2188,4906833923606740729872,4,4906833923606740729872,4,7
large_integer,2189,4916057295643595505680,4,4943727411754159833104,4,9
large_integer,2190,4916057295643595505682,4,4916057295643595505682,4,7
large_integer,2191,4925280667680450281490,4,4952950783791014608914,4,9
large_integer,2192,3680125442705055547406,3,3680125442705055547406,3,7
large_integer,2193,4906833923606740729870,4,4906833923606740729870,4,7
large_integer,2194,3717018930852474650638,3,3717018930852474650638,3,9
large_integer,2195,4916057295643595505680,4,4943727411754159833102,4,9
large_integer,2196,4906833923606740729874,4,4906833923606740729874,4,7
large_integer,2197,4916057295643595505682,4,4916057295643595505682,4,7
large_integer,2198,4916057295643595505684,4,4943727411754159833106,4,9
large_integer,2199,4925280667680450281492,4,4952950783791014608914,4,9
large_integer,2200,3689348814741910323214,3,3689348814741910323214,3,7
large_integer,2201,4916057295643595505678,4,4943727411754159833103,4,9
large_integer,2202,4916057295643595505680,4,4943727411754159833103,4,9
large_integer,2203,3726242302889329426446,3,3726242302889329426446,3,9
large_integer,2204,4916057295643595505682,4,4916057295643595505682,4,7
large_integer,2205,4925280667680450281490,4,6170435892655845015571,5,9
large_integer,2206,4925280667680450281492,4,6170435892655845015571,5,9
large_integer,2207,4934504039717305057300,4,4952950783791014608914,4,9
large_integer,2208,3680125442705055547408,3,3680125442705055547408,3,7
large_integer,2209,4906833923606740729872,4,4906833923606740729872,4,7
large_integer,2210,4906833923606740729874,4,4906833923606740729874,4,7
large_integer,2211,4916057295643595505682,4,4916057295643595505682,4,7
large_integer,2212,3717018930852474650640,3,3717018930852474650640,3,9
large_integer,2213,4916057295643595505684,4,4943727411754159833104,4,9
large_integer,2214,4916057295643595505686,4,4943727411754159833106,4,9
large_integer,2215,4925280667680450281494,4,4952950783791014608914,4,9
large_integer,2216,3689348814741910323216,3,3689348814741910323216,3,7
large_integer,2217,4916057295643595505680,4,4943727411754159833105,4,9
large_integer,2218,4916057295643595505682,4,4916057295643595505682,4,7
large_integer,2219,4925280667680450281490,4,6170435892655845015571,5,9
large_integer,2220,4916057295643595505684,4,4943727411754159833105,4,9
large_integer,2221,3726242302889329426448,3,3726242302889329426448,3,9
large_integer,2222,4925280667680450281494,4,6170435892655845015571,5,9
large_integer,2223,4934504039717305057302,4,4952950783791014608914,4,9
large_integer,2224,3689348814741910323218,3,3689348814741910323218,3,7
large_integer,2225,4916057295643595505682,4,4916057295643595505682,4,7
large_integer,2226,4916057295643595505684,4,4943727411754159833107,4,9
large_integer,2227,4925280667680450281492,4,6170435892655845015571,5,9
large_integer,2228,4916057295643595505686,4,4943727411754159833107,4,9
large_integer,2229,4925280667680450281494,4,6170435892655845015571,5,9
large_integer,2230,3726242302889329426450,3,3726242302889329426450,3,9
large_integer,2231,4934504039717305057304,4,4952950783791014608914,4,9
large_integer,2232,3698572186778765099026,3,3698572186778765099026,3,7
large_integer,2233,4925280667680450281490,4,4952950783791014608915,4,9
large_integer,2234,4925280667680450281492,4,4952950783791014608915,4,9
large_integer,2235,4934504039717305057300,4,4952950783791014608915,4,9
large_integer,2236,4925280667680450281494,4,4952950783791014608915,4,9
large_integer,2237,4934504039717305057302,4,4952950783791014608915,4,9
large_integer,2238,4934504039717305057304,4,4952950783791014608915,4,9
large_integer,2239,3735465674926184202258,3,3735465674926184202258,3,9
large_integer,2240,2462640333840225140747,2,2462640333840225140747,2,7
large_integer,2241,3689348814741910323211,3,3689348814741910323211,3,7
large_integer,2242,3689348814741910323213,3,3689348814741910323213,3,7
large_integer,2243,3698572186778765099021,3,3698572186778765099021,3,7
large_integer,2244,3689348814741910323215,3,3689348814741910323215,3,7
large_integer,2245,3698572186778765099023,3,3698572186778765099023,3,7
large_integer,2246,3698572186778765099025,3,3698572186778765099025,3,7
large_integer,2247,3707795558815619874833,3,3707795558815619874833,3,7
large_integer,2248,3689348814741910323212,3,3689348814741910323212,3,7
large_integer,2249,3726242302889329426444,3,3726242302889329426444,3,9
large_integer,2250,4916057295643595505678,4,4916057295643595505678,4,7
large_integer,2251,4925280667680450281486,4,4952950783791014608910,4,9
large_integer,2252,4916057295643595505680,4,4916057295643595505680,4,7
large_integer,2253,4925280667680450281488,4,4952950783791014608912,4,9
large_integer,2254,4925280667680450281490,4,4925280667680450281490,4,7
large_integer,2255,4934504039717305057298,4,4962174155827869384722,4,9
large_integer,2256,3689348814741910323214,3,3689348814741910323214,3,7
large_integer,2257,4916057295643595505678,4,4916057295643595505678,4,7
large_integer,2258,3726242302889329426446,3,3726242302889329426446,3,9
large_integer,2259,4925280667680450281488,4,4952950783791014608910,4,9
large_integer,2260,4916057295643595505682,4,4916057295643595505682,4,7
large_integer,2261,4925280667680450281490,4,4925280667680450281490,4,7
large_integer,2262,4925280667680450281492,4,4952950783791014608914,4,9
large_integer,2263,4934504039717305057300,4,4962174155827869384722,4,9
large_integer,2264,3698572186778765099022,3,3698572186778765099022,3,7
large_integer,2265,4925280667680450281486,4,4952950783791014608911,4,9
large_integer,2266,4925280667680450281488,4,4952950783791014608911,4,9
large_integer,2267,3735465674926184202254,3,3735465674926184202254,3,9
large_integer,2268,4925280667680450281490,4,4925280667680450281490,4,7
large_integer,2269,4934504039717305057298,4,6179659264692699791379,5,9
large_integer,2270,4934504039717305057300,4,6179659264692699791379,5,9
large_integer,2271,4943727411754159833108,4,4962174155827869384722,4,9
large_integer,2272,3689348814741910323216,3,3689348814741910323216,3,7
large_integer,2273,4916057295643595505680,4,4916057295643595505680,4,7
large_integer,2274,4916057295643595505682,4,4916057295643595505682,4,7
large_integer,2275,4925280667680450281490,4,4925280667680450281490,4,7
large_integer,2276,3726242302889329426448,3,3726242302889329426448,3,9
large_integer,2277,4925280667680450281492,4,4952950783791014608912,4,9
large_integer,2278,4925280667680450281494,4,4952950783791014608914,4,9
large_integer,2279,4934504039717305057302,4,4962174155827869384722,4,9
large_integer,2280,3698572186778765099024,3,3698572186778765099024,3,7
large_integer,2281,4925280667680450281488,4,4952950783791014608913,4,9
large_integer,2282,4925280667680450281490,4,4925280667680450281490,4,7
large_integer,2283,4934504039717305057298,4,6179659264692699791379,5,9
large_integer,2284,4925280667680450281492,4,4952950783791014608913,4,9
large_integer,2285,3735465674926184202256,3,3735465674926184202256,3,9
large_integer,2286,4934504039717305057302,4,6179659264692699791379,5,9
large_integer,2287,4943727411754159833110,4,4962174155827869384722,4,9
large_integer,2288,3698572186778765099026,3,3698572186778765099026,3,7
large_integer,2289,4925280667680450281490,4,4925280667680450281490,4,7
large_integer,2290,4925280667680450281492,4,4952950783791014608915,4,9
large_integer,2291,4934504039717305057300,4,6179659264692699791379,5,9
large_integer,2292,4925280667680450281494,4,4952950783791014608915,4,9
large_integer,2293,4934504039717305057302,4,6179659264692699791379,5,9
large_integer,2294,3735465674926184202258,3,3735465674926184202258,3,9
large_integer,2295,4943727411754159833112,4,4962174155827869384722,4,9
large_integer,2296,3707795558815619874834,3,3707795558815619874834,3,7
large_integer,2297,4934504039717305057298,4,4962174155827869384723,4,9
large_integer,2298,4934504039717305057300,4,4962174155827869384723,4,9
large_integer,2299,4943727411754159833108,4,4962174155827869384723,4,9
large_integer,2300,4934504039717305057302,4,4962174155827869384723,4,9
large_integer,2301,4943727411754159833110,4,4962174155827869384723,4,9
large_integer,2302,4943727411754159833112,4,4962174155827869384723,4,9
large_integer,2303,3744689046963038978066,3,3744689046963038978066,3,9
large_integer,2304,1263601969049104285705,1,1263601969049104285705,1,9
large_integer,2305,2490310449950789468169,2,2490310449950789468169,2,9
large_integer,2306,2490310449950789468171,2,2490310449950789468171,2,9
large_integer,2307,2499533821987644243979,2,2499533821987644243979,2,9
large_integer,2308,2490310449950789468173,2,2490310449950789468173,2,9
large_integer,2309,2499533821987644243981,2,2499533821987644243981,2,9
large_integer,2310,2499533821987644243983,2,2499533821987644243983,2,9
large_integer,2311,2508757194024499019791,2,2508757194024499019791,2,9
large_integer,2312,2490310449950789468170,2,2490310449950789468170,2,9
large_integer,2313,2527203938098208571402,2,2527203938098208571402,2,11
large_integer,2314,3717018930852474650636,3,3717018930852474650636,3,9
large_integer,2315,3726242302889329426444,3,3753912418999893753868,3,11
large_integer,2316,3717018930852474650638,3,3717018930852474650638,3,9
large_integer,2317,3726242302889329426446,3,3753912418999893753870,3,11
large_integer,2318,3726242302889329426448,3,3726242302889329426448,3,9
large_integer,2319,3735465674926184202256,3,3763135791036748529680,3,11
large_integer,2320,2490310449950789468172,2,2490310449950789468172,2,9
large_integer,2321,3717018930852474650636,3,3717018930852474650636,3,9
large_integer,2322,2527203938098208571404,2,2527203938098208571404,2,11
large_integer,2323,3726242302889329426446,3,3753912418999893753868,3,11
large_integer,2324,3717018930852474650640,3,3717018930852474650640,3,9
large_integer,2325,3726242302889329426448,3,3726242302889329426448,3,9
large_integer,2326,3726242302889329426450,3,3753912418999893753872,3,11
large_integer,2327,3735465674926184202258,3,3763135791036748529680,3,11
large_integer,2328,2499533821987644243980,2,2499533821987644243980,2,9
large_integer,2329,3726242302889329426444,3,3753912418999893753869,3,11
large_integer,2330,3726242302889329426446,3,3753912418999893753869,3,11
large_integer,2331,2536427310135063347212,2,2536427310135063347212,2,11
large_integer,2332,3726242302889329426448,3,3726242302889329426448,3,9
large_integer,2333,3735465674926184202256,3,4980620899901578936337,4,11
large_integer,2334,3735465674926184202258,3,4980620899901578936337,4,11
large_integer,2335,3744689046963038978066,3,3763135791036748529680,3,11
large_integer,2336,2490310449950789468174,2,2490310449950789468174,2,9
large_integer,2337,3717018930852474650638,3,3717018930852474650638,3,9
large_integer,2338,3717018930852474650640,3,3717018930852474650640,3,9
large_integer,2339,3726242302889329426448,3,3726242302889329426448,3,9
large_integer,2340,1337388945343942492170,1,1337388945343942492170,1,13
large_integer,2341,2564097426245627674634,2,2564097426245627674634,2,13
large_integer,2342,2564097426245627674636,2,2564097426245627674636,2,13
large_integer,2343,2573320798282482450444,2,2573320798282482450444,2,13
large_integer,2344,2499533821987644243982,2,2499533821987644243982,2,9
large_integer,2345,3726242302889329426446,3,3753912418999893753871,3,11
large_integer,2346,3726242302889329426448,3,3726242302889329426448,3,9
large_integer,2347,3735465674926184202256,3,4980620899901578936337,4,11
large_integer,2348,2564097426245627674635,2,2564097426245627674635,2,13
large_integer,2349,2536427310135063347214,2,2600990914393046777867,2,15
large_integer,2350,3735465674926184202260,3,3790805907147312857101,3,13
large_integer,2351,3744689046963038978068,3,3827699395294731960333,3,15
large_integer,2352,2499533821987644243984,2,2499533821987644243984,2,9
large_integer,2353,3726242302889329426448,3,3726242302889329426448,3,9
large_integer,2354,3726242302889329426450,3,3753912418999893753873,3,11
large_integer,2355,3735465674926184202258,3,4980620899901578936337,4,11
large_integer,2356,2564097426245627674637,2,2564097426245627674637,2,13
large_integer,2357,3735465674926184202260,3,3790805907147312857101,3,13
large_integer,2358,2536427310135063347216,2,2600990914393046777869,2,15
large_integer,2359,3744689046963038978070,3,3827699395294731960333,3,15
large_integer,2360,2508757194024499019792,2,2508757194024499019792,2,9
large_integer,2361,3735465674926184202256,3,3763135791036748529681,3,11
large_integer,2362,3735465674926184202258,3,3763135791036748529681,3,11
large_integer,2363,3744689046963038978066,3,3763135791036748529681,3,11
large_integer,2364,2573320798282482450445,2,2573320798282482450445,2,13
large_integer,2365,3744689046963038978068,3,3827699395294731960334,3,15
large_integer,2366,3744689046963038978070,3,3827699395294731960334,3,15
large_integer,2367,2545650682171918123024,2,2610214286429901553677,2,15
large_integer,2368,2462640333840225140749,2,2490310449950789468171,2,9
large_integer,2369,3689348814741910323213,3,3717018930852474650635,3,9
large_integer,2370,3689348814741910323215,3,3717018930852474650637,3,9
large_integer,2371,3698572186778765099023,3,3726242302889329426445,3,9
large_integer,2372,3689348814741910323217,3,3717018930852474650639,3,9
large_integer,2373,3698572186778765099025,3,3726242302889329426447,3,9
large_integer,2374,3698572186778765099027,3,3726242302889329426449,3,9
large_integer,2375,3707795558815619874835,3,3735465674926184202257,3,9
large_integer,2376,3689348814741910323214,3,3717018930852474650636,3,9
large_integer,2377,3726242302889329426446,3,3753912418999893753868,3,11
large_integer,2378,4916057295643595505680,4,4943727411754159833102,4,9
large_integer,2379,4925280667680450281488,4,4980620899901578936334,4,11
large_integer,2380,4916057295643595505682,4,4943727411754159833104,4,9
large_integer,2381,4925280667680450281490,4,4980620899901578936336,4,11
large_integer,2382,4925280667680450281492,4,4952950783791014608914,4,9
large_integer,2383,4934504039717305057300,4,4989844271938433712146,4,11
large_integer,2384,3689348814741910323216,3,3717018930852474650638,3,9
large_integer,2385,4916057295643595505680,4,4943727411754159833102,4,9
large_integer,2386,3726242302889329426448,3,3753912418999893753870,3,11
large_integer,2387,4925280667680450281490,4,4980620899901578936334,4,11
large_integer,2388,4916057295643595505684,4,4943727411754159833106,4,9
large_integer,2389,4925280667680450281492,4,4952950783791014608914,4,9
large_integer,2390,4925280667680450281494,4,4980620899901578936338,4,11
large_integer,2391,4934504039717305057302,4,4989844271938433712146,4,11
large_integer,2392,3698572186778765099024,3,3726242302889329426446,3,9
large_integer,2393,4925280667680450281488,4,4980620899901578936335,4,11
large_integer,2394,4925280667680450281490,4,4980620899901578936335,4,11
large_integer,2395,3735465674926184202256,3,3763135791036748529678,3,11
large_integer,2396,4925280667680450281492,4,4952950783791014608914,4,9
large_integer,2397,4934504039717305057300,4,6207329380803264118803,5,11
large_integer,2398,4934504039717305057302,4,6207329380803264118803,5,11
large_integer,2399,4943727411754159833110,4,4989844271938433712146,4,11
large_integer,2400,3689348814741910323218,3,3717018930852474650640,3,9
large_integer,2401,4916057295643595505682,4,4943727411754159833104,4,9
large_integer,2402,4916057295643595505684,4,4943727411754159833106,4,9
large_integer,2403,4925280667680450281492,4,4952950783791014608914,4,9
large_integer,2404,2564097426245627674636,2,2564097426245627674636,2,13
large_integer,2405,3790805907147312857100,3,3790805907147312857100,3,13
large_integer,2406,3790805907147312857102,3,3790805907147312857102,3,13
large_integer,2407,3800029279184167632910,3,3800029279184167632910,3,13
large_integer,2408,3698572186778765099026,3,3726242302889329426448,3,9
large_integer,2409,4925280667680450281490,4,4980620899901578936337,4,11
large_integer,2410,4925280667680450281492,4,4952950783791014608914,4,9
large_integer,2411,4934504039717305057300,4,6207329380803264118803,5,11
large_integer,2412,3790805907147312857101,3,3790805907147312857101,3,13
large_integer,2413,3735465674926184202258,3,3827699395294731960333,3,15
large_integer,2414,4934504039717305057304,4,5017514388048998039567,4,13
large_integer,2415,4943727411754159833112,4,5054407876196417142799,4,15
large_integer,2416,3698572186778765099028,3,3726242302889329426450,3,9
large_integer,2417,4925280667680450281492,4,4952950783791014608914,4,9
large_integer,2418,4925280667680450281494,4,4980620899901578936339,4,11
large_integer,2419,4934504039717305057302,4,6207329380803264118803,5,11
large_integer,2420,3790805907147312857103,3,3790805907147312857103,3,13
large_integer,2421,4934504039717305057304,4,5017514388048998039567,4,13
large_integer,2422,3735465674926184202260,3,3827699395294731960335,3,15
large_integer,2423,4943727411754159833114,4,5054407876196417142799,4,15
large_integer,2424,3707795558815619874836,3,3735465674926184202258,3,9
large_integer,2425,4934504039717305057300,4,4989844271938433712147,4,11
large_integer,2426,4934504039717305057302,4,4989844271938433712147,4,11
large_integer,2427,4943727411754159833110,4,4989844271938433712147,4,11
large_integer,2428,3800029279184167632911,3,3800029279184167632911,3,13
large_integer,2429,4943727411754159833112,4,5054407876196417142800,4,15
large_integer,2430,4943727411754159833114,4,5054407876196417142800,4,15
large_integer,2431,3744689046963038978068,3,3836922767331586736143,3,15
large_integer,2432,2462640333840225140751,2,2490310449950789468173,2,9
large_integer,2433,3689348814741910323215,3,3717018930852474650637,3,9
large_integer,2434,3689348814741910323217,3,3717018930852474650639,3,9
large_integer,2435,3698572186778765099025,3,3726242302889329426447,3,9
large_integer,2436,3689348814741910323219,3,3717018930852474650641,3,9
large_integer,2437,3698572186778765099027,3,3726242302889329426449,3,9
large_integer,2438,3698572186778765099029,3,3726242302889329426451,3,9
large_integer,2439,3707795558815619874837,3,3735465674926184202259,3,9
large_integer,2440,3689348814741910323216,3,3717018930852474650638,3,9
large_integer,2441,3726242302889329426448,3,3753912418999893753870,3,11
large_integer,2442,4916057295643595505682,4,4943727411754159833104,4,9
large_integer,2443,4925280667680450281490,4,4980620899901578936336,4,11
large_integer,2444,4916057295643595505684,4,4943727411754159833106,4,9
large_integer,2445,4925280667680450281492,4,4980620899901578936338,4,11
large_integer,2446,4925280667680450281494,4,4952950783791014608916,4,9
large_integer,2447,4934504039717305057302,4,4989844271938433712148,4,11
large_integer,2448,3689348814741910323218,3,3717018930852474650640,3,9
large_integer,2449,4916057295643595505682,4,4943727411754159833104,4,9
large_integer,2450,3726242302889329426450,3,3753912418999893753872,3,11
large_integer,2451,4925280667680450281492,4,4980620899901578936336,4,11
large_integer,2452,4916057295643595505686,4,4943727411754159833108,4,9
large_integer,2453,4925280667680450281494,4,4952950783791014608916,4,9
large_integer,2454,4925280667680450281496,4,4980620899901578936340,4,11
large_integer,2455,4934504039717305057304,4,4989844271938433712148,4,11
large_integer,2456,3698572186778765099026,3,3726242302889329426448,3,9
large_integer,2457,4925280667680450281490,4,4980620899901578936337,4,11
large_integer,2458,4925280667680450281492,4,4980620899901578936337,4,11
large_integer,2459,3735465674926184202258,3,3763135791036748529680,3,11
large_integer,2460,4925280667680450281494,4,4952950783791014608916,4,9
large_integer,2461,4934504039717305057302,4,6207329380803264118805,5,11
large_integer,2462,4934504039717305057304,4,6207329380803264118805,5,11
large_integer,2463,4943727411754159833112,4,4989844271938433712148,4,11
large_integer,2464,3689348814741910323220,3,3717018930852474650642,3,9
large_integer,2465,4916057295643595505684,4,4943727411754159833106,4,9
large_integer,2466,4916057295643595505686,4,4943727411754159833108,4,9
large_integer,2467,4925280667680450281494,4,4952950783791014608916,4,9
large_integer,2468,2564097426245627674638,2,2564097426245627674638,2,13
large_integer,2469,3790805907147312857102,3,3790805907147312857102,3,13
large_integer,2470,3790805907147312857104,3,3790805907147312857104,3,13
large_integer,2471,3800029279184167632912,3,3800029279184167632912,3,13
large_integer,2472,3698572186778765099028,3,3726242302889329426450,3,9
large_integer,2473,4925280667680450281492,4,4980620899901578936339,4,11
large_integer,2474,4925280667680450281494,4,4952950783791014608916,4,9
large_integer,2475,4934504039717305057302,4,6207329380803264118805,5,11
large_integer,2476,3790805907147312857103,3,3790805907147312857103,3,13
large_integer,2477,3735465674926184202260,3,3827699395294731960335,3,15
large_integer,2478,4934504039717305057306,4,5017514388048998039569,4,13
large_integer,2479,4943727411754159833114,4,5054407876196417142801,4,15
large_integer,2480,3698572186778765099030,3,3726242302889329426452,3,9
large_integer,2481,4925280667680450281494,4,4952950783791014608916,4,9
large_integer,2482,4925280667680450281496,4,4980620899901578936341,4,11
large_integer,2483,4934504039717305057304,4,6207329380803264118805,5,11
large_integer,2484,3790805907147312857105,3,3790805907147312857105,3,13
large_integer,2485,4934504039717305057306,4,5017514388048998039569,4,13
large_integer,2486,3735465674926184202262,3,3827699395294731960337,3,15
large_integer,2487,4943727411754159833116,4,5054407876196417142801,4,15
large_integer,2488,3707795558815619874838,3,3735465674926184202260,3,9
large_integer,2489,4934504039717305057302,4,4989844271938433712149,4,11
large_integer,2490,4934504039717305057304,4,4989844271938433712149,4,11
large_integer,2491,4943727411754159833112,4,4989844271938433712149,4,11
large_integer,2492,3800029279184167632913,3,3800029279184167632913,3,13
large_integer,2493,4943727411754159833114,4,5054407876196417142802,4,15
large_integer,2494,4943727411754159833116,4,5054407876196417142802,4,15
large_integer,2495,3744689046963038978070,3,3836922767331586736145,3,15
large_integer,2496,2471863705877079916559,2,2499533821987644243981,2,9
large_integer,2497,3698572186778765099023,3,3726242302889329426445,3,9
large_integer,2498,3698572186778765099025,3,3726242302889329426447,3,9
large_integer,2499,3707795558815619874833,3,3735465674926184202255,3,9
large_integer,2500,3698572186778765099027,3,3726242302889329426449,3,9
large_integer,2501,3707795558815619874835,3,3735465674926184202257,3,9
large_integer,2502,3707795558815619874837,3,3735465674926184202259,3,9
large_integer,2503,3717018930852474650645,3,3744689046963038978067,3,9
large_integer,2504,3698572186778765099024,3,3726242302889329426446,3,9
large_integer,2505,3735465674926184202256,3,3763135791036748529678,3,11
large_integer,2506,4925280667680450281490,4,4952950783791014608912,4,9
large_integer,2507,4934504039717305057298,4,4989844271938433712144,4,11
large_integer,2508,4925280667680450281492,4,4952950783791014608914,4,9
large_integer,2509,4934504039717305057300,4,4989844271938433712146,4,11
large_integer,2510,4934504039717305057302,4,4962174155827869384724,4,9
large_integer,2511,4943727411754159833110,4,4999067643975288487956,4,11
large_integer,2512,3698572186778765099026,3,3726242302889329426448,3,9
large_integer,2513,4925280667680450281490,4,4952950783791014608912,4,9
large_integer,2514,3735465674926184202258,3,3763135791036748529680,3,11
large_integer,2515,4934504039717305057300,4,4989844271938433712144,4,11
large_integer,2516,4925280667680450281494,4,4952950783791014608916,4,9
large_integer,2517,4934504039717305057302,4,4962174155827869384724,4,9
large_integer,2518,4934504039717305057304,4,4989844271938433712148,4,11
large_integer,2519,4943727411754159833112,4,4999067643975288487956,4,11
large_integer,2520,3707795558815619874834,3,3735465674926184202256,3,9
large_integer,2521,4934504039717305057298,4,4989844271938433712145,4,11
large_integer,2522,4934504039717305057300,4,4989844271938433712145,4,11
large_integer,2523,3744689046963038978066,3,3772359163073603305488,3,11
large_integer,2524,4934504039717305057302,4,4962174155827869384724,4,9
large_integer,2525,4943727411754159833110,4,6216552752840118894613,5,11
large_integer,2526,4943727411754159833112,4,6216552752840118894613,5,11
large_integer,2527,4952950783791014608920,4,4999067643975288487956,4,11
large_integer,2528,3698572186778765099028,3,3726242302889329426450,3,9
large_integer,2529,4925280667680450281492,4,4952950783791014608914,4,9
large_integer,2530,4925280667680450281494,4,4952950783791014608916,4,9
large_integer,2531,4934504039717305057302,4,4962174155827869384724,4,9
large_integer,2532,2573320798282482450446,2,2573320798282482450446,2,13
large_integer,2533,3800029279184167632910,3,3800029279184167632910,3,13
large_integer,2534,3800029279184167632912,3,3800029279184167632912,3,13
large_integer,2535,3809252651221022408720,3,3809252651221022408720,3,13
large_integer,2536,3707795558815619874836,3,3735465674926184202258,3,9
large_integer,2537,4934504039717305057300,4,4989844271938433712147,4,11
large_integer,2538,4934504039717305057302,4,4962174155827869384724,4,9
large_integer,2539,4943727411754159833110,4,6216552752840118894613,5,11
large_integer,2540,3800029279184167632911,3,3800029279184167632911,3,13
large_integer,2541,3744689046963038978068,3,3836922767331586736143,3,15
large_integer,2542,4943727411754159833114,4,5026737760085852815377,4,13
large_integer,2543,4952950783791014608922,4,5063631248233271918609,4,15
large_integer,2544,3707795558815619874838,3,3735465674926184202260,3,9
large_integer,2545,4934504039717305057302,4,4962174155827869384724,4,9
large_integer,2546,4934504039717305057304,4,4989844271938433712149,4,11
large_integer,2547,4943727411754159833112,4,6216552752840118894613,5,11
large_integer,2548,3800029279184167632913,3,3800029279184167632913,3,13
large_integer,2549,4943727411754159833114,4,5026737760085852815377,4,13
large_integer,2550,3744689046963038978070,3,3836922767331586736145,3,15
large_integer,2551,4952950783791014608924,4,5063631248233271918609,4,15
large_integer,2552,3717018930852474650646,3,3744689046963038978068,3,9
large_integer,2553,4943727411754159833110,4,4999067643975288487957,4,11
large_integer,2554,4943727411754159833112,4,4999067643975288487957,4,11
large_integer,2555,4952950783791014608920,4,4999067643975288487957,4,11
large_integer,2556,3809252651221022408721,3,3809252651221022408721,3,13
large_integer,2557,4952950783791014608922,4,5063631248233271918610,4,15
large_integer,2558,4952950783791014608924,4,5063631248233271918610,4,15
large_integer,2559,3753912418999893753878,3,3846146139368441511953,3,15
large_integer,2560,1235931852938539958279,1,1235931852938539958279,1,7
large_integer,2561,2462640333840225140743,2,2462640333840225140743,2,7
large_integer,2562,2462640333840225140745,2,2462640333840225140745,2,7
large_integer,2563,2471863705877079916553,2,2471863705877079916553,2,7
large_integer,2564,2462640333840225140747,2,2462640333840225140747,2,7
large_integer,2565,2471863705877079916555,2,2471863705877079916555,2,7
large_integer,2566,2471863705877079916557,2,2471863705877079916557,2,7
large_integer,2567,2481087077913934692365,2,2481087077913934692365,2,7
large_integer,2568,2462640333840225140744,2,2462640333840225140744,2,7
large_integer,2569,2499533821987644243976,2,2499533821987644243976,2,9
large_integer,2570,3689348814741910323210,3,3689348814741910323210,3,7
large_integer,2571,3698572186778765099018,3,3726242302889329426442,3,9
large_integer,2572,3689348814741910323212,3,3689348814741910323212,3,7
large_integer,2573,3698572186778765099020,3,3726242302889329426444,3,9
large_integer,2574,3698572186778765099022,3,3698572186778765099022,3,7
large_integer,2575,3707795558815619874830,3,3735465674926184202254,3,9
large_integer,2576,2462640333840225140746,2,2462640333840225140746,2,7
large_integer,2577,3689348814741910323210,3,3689348814741910323210,3,7
large_integer,2578,2499533821987644243978,2,2499533821987644243978,2,9
large_integer,2579,3698572186778765099020,3,3726242302889329426442,3,9
large_integer,2580,3689348814741910323214,3,3689348814741910323214,3,7
large_integer,2581,3698572186778765099022,3,3698572186778765099022,3,7
large_integer,2582,3698572186778765099024,3,3726242302889329426446,3,9
large_integer,2583,3707795558815619874832,3,3735465674926184202254,3,9
large_integer,2584,2471863705877079916554,2,2471863705877079916554,2,7
large_integer,2585,3698572186778765099018,3,3726242302889329426443,3,9
large_integer,2586,3698572186778765099020,3,3726242302889329426443,3,9
large_integer,2587,2508757194024499019786,2,2508757194024499019786,2,9
large_integer,2588,3698572186778765099022,3,3698572186778765099022,3,7
large_integer,2589,3707795558815619874830,3,4952950783791014608911,4,9
large_integer,2590,3707795558815619874832,3,4952950783791014608911,4,9
large_integer,2591,3717018930852474650640,3,3735465674926184202254,3,9
large_integer,2592,2462640333840225140748,2,2462640333840225140748,2,7
large_integer,2593,3689348814741910323212,3,3689348814741910323212,3,7
large_integer,2594,3689348814741910323214,3,3689348814741910323214,3,7
large_integer,2595,3698572186778765099022,3,3698572186778765099022,3,7
large_integer,2596,2499533821987644243980,2,2499533821987644243980,2,9
large_integer,2597,3698572186778765099024,3,3726242302889329426444,3,9
large_integer,2598,3698572186778765099026,3,3726242302889329426446,3,9
large_integer,2599,3707795558815619874834,3,3735465674926184202254,3,9
large_integer,2600,2471863705877079916556,2,2471863705877079916556,2,7
large_integer,2601,3698572186778765099020,3,3726242302889329426445,3,9
large_integer,2602,3698572186778765099022,3,3698572186778765099022,3,7
large_integer,2603,3707795558815619874830,3,4952950783791014608911,4,9
large_integer,2604,3698572186778765099024,3,3726242302889329426445,3,9
large_integer,2605,2508757194024499019788,2,2508757194024499019788,2,9
large_integer,2606,3707795558815619874834,3,4952950783791014608911,4,9
large_integer,2607,3717018930852474650642,3,3735465674926184202254,3,9
large_integer,2608,2471863705877079916558,2,2471863705877079916558,2,7
large_integer,2609,3698572186778765099022,3,3698572186778765099022,3,7
large_integer,2610,3698572186778765099024,3,3726242302889329426447,3,9
large_integer,2611,3707795558815619874832,3,4952950783791014608911,4,9
large_integer,2612,3698572186778765099026,3,3726242302889329426447,3,9
large_integer,2613,3707795558815619874834,3,4952950783791014608911,4,9
large_integer,2614,2508757194024499019790,2,2508757194024499019790,2,9
large_integer,2615,3717018930852474650644,3,3735465674926184202254,3,9
large_integer,2616,2481087077913934692366,2,2481087077913934692366,2,7
large_integer,2617,3707795558815619874830,3,3735465674926184202255,3,9
large_integer,2618,3707795558815619874832,3,3735465674926184202255,3,9
large_integer,2619,3717018930852474650640,3,3735465674926184202255,3,9
large_integer,2620,3707795558815619874834,3,3735465674926184202255,3,9
large_integer,2621,3717018930852474650642,3,3735465674926184202255,3,9
large_integer,2622,3717018930852474650644,3,3735465674926184202255,3,9
large_integer,2623,2517980566061353795598,2,2517980566061353795598,2,9
large_integer,2624,2462640333840225140745,2,2490310449950789468172,2,9
large_integer,2625,3689348814741910323209,3,3717018930852474650636,3,9
large_integer,2626,3689348814741910323211,3,3717018930852474650638,3,9
large_integer,2627,3698572186778765099019,3,3726242302889329426446,3,9
large_integer,2628,3689348814741910323213,3,3717018930852474650640,3,9
large_integer,2629,3698572186778765099021,3,3726242302889329426448,3,9
large_integer,2630,3698572186778765099023,3,3726242302889329426450,3,9
large_integer,2631,3707795558815619874831,3,3735465674926184202258,3,9
large_integer,2632,3689348814741910323210,3,3717018930852474650637,3,9
large_integer,2633,2564097426245627674637,2,2564097426245627674637,2,13
large_integer,2634,4916057295643595505676,4,4943727411754159833103,4,9
large_integer,2635,3790805907147312857103,3,3790805907147312857103,3,13
large_integer,2636,4916057295643595505678,4,4943727411754159833105,4,9
large_integer,2637,3790805907147312857105,3,3790805907147312857105,3,13
large_integer,2638,4925280667680450281488,4,4952950783791014608915,4,9
large_integer,2639,3800029279184167632915,3,3800029279184167632915,3,13
large_integer,2640,3689348814741910323212,3,3717018930852474650639,3,9
large_integer,2641,4916057295643595505676,4,4943727411754159833103,4,9
large_integer,2642,3726242302889329426444,3,3753912418999893753871,3,11
large_integer,2643,4925280667680450281486,4,4980620899901578936335,4,11
large_integer,2644,4916057295643595505680,4,4943727411754159833107,4,9
large_integer,2645,4925280667680450281488,4,4952950783791014608915,4,9
large_integer,2646,4925280667680450281490,4,4980620899901578936339,4,11
large_integer,2647,4934504039717305057298,4,4989844271938433712147,4,11
large_integer,2648,3698572186778765099020,3,3726242302889329426447,3,9
large_integer,2649,3790805907147312857104,3,3790805907147312857104,3,13
large_integer,2650,4925280667680450281486,4,4980620899901578936336,4,11
large_integer,2651,3735465674926184202252,3,3827699395294731960336,3,15
large_integer,2652,4925280667680450281488,4,4952950783791014608915,4,9
large_integer,2653,4934504039717305057296,4,5017514388048998039572,4,13
large_integer,2654,4934504039717305057298,4,6207329380803264118804,5,11
large_integer,2655,4943727411754159833106,4,5054407876196417142804,4,15
large_integer,2656,3689348814741910323214,3,3717018930852474650641,3,9
large_integer,2657,4916057295643595505678,4,4943727411754159833105,4,9
large_integer,2658,4916057295643595505680,4,4943727411754159833107,4,9
large_integer,2659,4925280667680450281488,4,4952950783791014608915,4,9
large_integer,2660,3726242302889329426446,3,3753912418999893753873,3,11
large_integer,2661,4925280667680450281490,4,4980620899901578936337,4,11
large_integer,2662,4925280667680450281492,4,4980620899901578936339,4,11
large_integer,2663,4934504039717305057300,4,4989844271938433712147,4,11
large_integer,2664,3698572186778765099022,3,3726242302889329426449,3,9
large_integer,2665,3790805907147312857106,3,3790805907147312857106,3,13
large_integer,2666,4925280667680450281488,4,4952950783791014608915,4,9
large_integer,2667,4934504039717305057296,4,5017514388048998039572,4,13
large_integer,2668,4925280667680450281490,4,4980620899901578936338,4,11
large_integer,2669,3735465674926184202254,3,3827699395294731960338,3,15
large_integer,2670,4934504039717305057300,4,6207329380803264118804,5,11
large_integer,2671,4943727411754159833108,4,5054407876196417142804,4,15
large_integer,2672,3698572186778765099024,3,3726242302889329426451,3,9
large_integer,2673,4925280667680450281488,4,4952950783791014608915,4,9
large_integer,2674,4925280667680450281490,4,4980620899901578936340,4,11
large_integer,2675,4934504039717305057298,4,6207329380803264118804,5,11
large_integer,2676,4925280667680450281492,4,4980620899901578936340,4,11
large_integer,2677,4934504039717305057300,4,6207329380803264118804,5,11
large_integer,2678,3735465674926184202256,3,3763135791036748529683,3,11
large_integer,2679,4943727411754159833110,4,4989844271938433712147,4,11
large_integer,2680,3707795558815619874832,3,3735465674926184202259,3,9
large_integer,2681,3800029279184167632916,3,3800029279184167632916,3,13
large_integer,2682,4934504039717305057298,4,4989844271938433712148,4,11
large_integer,2683,4943727411754159833106,4,5054407876196417142805,4,15
large_integer,2684,4934504039717305057300,4,4989844271938433712148,4,11
large_integer,2685,4943727411754159833108,4,5054407876196417142805,4,15
large_integer,2686,4943727411754159833110,4,4989844271938433712148,4,11
large_integer,2687,3744689046963038978064,3,3836922767331586736148,3,15
large_integer,2688,2462640333840225140747,2,2462640333840225140747,2,7
large_integer,2689,3689348814741910323211,3,3689348814741910323211,3,7
large_integer,2690,3689348814741910323213,3,3689348814741910323213,3,7
large_integer,2691,3698572186778765099021,3,3698572186778765099021,3,7
large_integer,2692,3689348814741910323215,3,3689348814741910323215,3,7
large_integer,2693,3698572186778765099023,3,3698572186778765099023,3,7
large_integer,2694,3698572186778765099025,3,3698572186778765099025,3,7
large_integer,2695,3707795558815619874833,3,3707795558815619874833,3,7
large_integer,2696,3689348814741910323212,3,3689348814741910323212,3,7
large_integer,2697,3726242302889329426444,3,3726242302889329426444,3,9
large_integer,2698,4916057295643595505678,4,4916057295643595505678,4,7
large_integer,2699,4925280667680450281486,4,4952950783791014608910,4,9
large_integer,2700,4916057295643595505680,4,4916057295643595505680,4,7
large_integer,2701,4925280667680450281488,4,4952950783791014608912,4,9
large_integer,2702,4925280667680450281490,4,4925280667680450281490,4,7
large_integer,2703,4934504039717305057298,4,4962174155827869384722,4,9
large_integer,2704,3689348814741910323214,3,3689348814741910323214,3,7
large_integer,2705,4916057295643595505678,4,4916057295643595505678,4,7
large_integer,2706,3726242302889329426446,3,3726242302889329426446,3,9
large_integer,2707,4925280667680450281488,4,4952950783791014608910,4,9
large_integer,2708,4916057295643595505682,4,4916057295643595505682,4,7
large_integer,2709,4925280667680450281490,4,4925280667680450281490,4,7
large_integer,2710,4925280667680450281492,4,4952950783791014608914,4,9
large_integer,2711,4934504039717305057300,4,4962174155827869384722,4,9
large_integer,2712,3698572186778765099022,3,3698572186778765099022,3,7
large_integer,2713,4925280667680450281486,4,4952950783791014608911,4,9
large_integer,2714,4925280667680450281488,4,4952950783791014608911,4,9
large_integer,2715,3735465674926184202254,3,3735465674926184202254,3,9
large_integer,2716,4925280667680450281490,4,4925280667680450281490,4,7
large_integer,2717,4934504039717305057298,4,6179659264692699791379,5,9
large_integer,2718,4934504039717305057300,4,6179659264692699791379,5,9
large_integer,2719,4943727411754159833108,4,4962174155827869384722,4,9
large_integer,2720,3689348814741910323216,3,3689348814741910323216,3,7
large_integer,2721,4916057295643595505680,4,4916057295643595505680,4,7
large_integer,2722,4916057295643595505682,4,4916057295643595505682,4,7
large_integer,2723,4925280667680450281490,4,4925280667680450281490,4,7
large_integer,2724,3726242302889329426448,3,3726242302889329426448,3,9
large_integer,2725,4925280667680450281492,4,4952950783791014608912,4,9
large_integer,2726,4925280667680450281494,4,4952950783791014608914,4,9
large_integer,2727,4934504039717305057302,4,4962174155827869384722,4,9
large_integer,2728,3698572186778765099024,3,3698572186778765099024,3,7
large_integer,2729,4925280667680450281488,4,4952950783791014608913,4,9
large_integer,2730,4925280667680450281490,4,4925280667680450281490,4,7
large_integer,2731,4934504039717305057298,4,6179659264692699791379,5,9
large_integer,2732,4925280667680450281492,4,4952950783791014608913,4,9
large_integer,2733,3735465674926184202256,3,3735465674926184202256,3,9
large_integer,2734,4934504039717305057302,4,6179659264692699791379,5,9
large_integer,2735,4943727411754159833110,4,4962174155827869384722,4,9
large_integer,2736,3698572186778765099026,3,3698572186778765099026,3,7
large_integer,2737,4925280667680450281490,4,4925280667680450281490,4,7
large_integer,2738,4925280667680450281492,4,4952950783791014608915,4,9
large_integer,2739,4934504039717305057300,4,6179659264692699791379,5,9
large_integer,2740,4925280667680450281494,4,4952950783791014608915,4,9
large_integer,2741,4934504039717305057302,4,6179659264692699791379,5,9
large_integer,2742,3735465674926184202258,3,3735465674926184202258,3,9
large_integer,2743,4943727411754159833112,4,4962174155827869384722,4,9
large_integer,2744,3707795558815619874834,3,3707795558815619874834,3,7
large_integer,2745,4934504039717305057298,4,4962174155827869384723,4,9
large_integer,2746,4934504039717305057300,4,4962174155827869384723,4,9
large_integer,2747,4943727411754159833108,4,4962174155827869384723,4,9
large_integer,2748,4934504039717305057302,4,4962174155827869384723,4,9
large_integer,2749,4943727411754159833110,4,4962174155827869384723,4,9
large_integer,2750,4943727411754159833112,4,4962174155827869384723,4,9
large_integer,2751,3744689046963038978066,3,3744689046963038978066,3,9
large_integer,2752,2471863705877079916555,2,3717018930852474650640,3,9
large_integer,2753,3698572186778765099019,3,4943727411754159833104,4,9
large_integer,2754,3698572186778765099021,3,4943727411754159833106,4,9
large_integer,2755,3707795558815619874829,3,4952950783791014608914,4,9
large_integer,2756,3698572186778765099023,3,4943727411754159833108,4,9
large_integer,2757,3707795558815619874831,3,4952950783791014608916,4,9
large_integer,2758,3707795558815619874833,3,4952950783791014608918,4,9
large_integer,2759,3717018930852474650641,3,4962174155827869384726,4,9
large_integer,2760,3698572186778765099020,3,4943727411754159833105,4,9
large_integer,2761,3735465674926184202252,3,3790805907147312857105,3,13
large_integer,2762,4925280667680450281486,4,6170435892655845015571,5,9
large_integer,2763,4934504039717305057294,4,5017514388048998039571,4,13
large_integer,2764,4925280667680450281488,4,6170435892655845015573,5,9
large_integer,2765,4934504039717305057296,4,5017514388048998039573,4,13
large_integer,2766,4934504039717305057298,4,6179659264692699791383,5,9
large_integer,2767,4943727411754159833106,4,5026737760085852815383,4,13
large_integer,2768,3698572186778765099022,3,4943727411754159833107,4,9
large_integer,2769,4925280667680450281486,4,6170435892655845015571,5,9
large_integer,2770,3735465674926184202254,3,4980620899901578936339,4,11
large_integer,2771,4934504039717305057296,4,6207329380803264118803,5,11
large_integer,2772,4925280667680450281490,4,6170435892655845015575,5,9
large_integer,2773,4934504039717305057298,4,6179659264692699791383,5,9
large_integer,2774,4934504039717305057300,4,6207329380803264118807,5,11
large_integer,2775,4943727411754159833108,4,6216552752840118894615,5,11
large_integer,2776,3707795558815619874830,3,4952950783791014608915,4,9
large_integer,2777,4934504039717305057294,4,5017514388048998039572,4,13
large_integer,2778,4934504039717305057296,4,6207329380803264118804,5,11
large_integer,2779,3744689046963038978062,3,5054407876196417142804,4,15
large_integer,2780,4934504039717305057298,4,6179659264692699791383,5,9
large_integer,2781,4943727411754159833106,4,6244222868950683222040,5,13
large_integer,2782,4943727411754159833108,4,7434037861704949301272,6,11
large_integer,2783,4952950783791014608916,4,6281116357098102325272,5,15
large_integer,2784,3698572186778765099024,3,4943727411754159833109,4,9
large_integer,2785,4925280667680450281488,4,6170435892655845015573,5,9
large_integer,2786,4925280667680450281490,4,6170435892655845015575,5,9
large_integer,2787,4934504039717305057298,4,6179659264692699791383,5,9
large_integer,2788,3735465674926184202256,3,4980620899901578936341,4,11
large_integer,2789,4934504039717305057300,4,6207329380803264118805,5,11
large_integer,2790,4934504039717305057302,4,6207329380803264118807,5,11
large_integer,2791,4943727411754159833110,4,6216552752840118894615,5,11
large_integer,2792,3707795558815619874832,3,4952950783791014608917,4,9
large_integer,2793,4934504039717305057296,4,5017514388048998039574,4,13
large_integer,2794,4934504039717305057298,4,6179659264692699791383,5,9
large_integer,2795,4943727411754159833106,4,6244222868950683222040,5,13
large_integer,2796,4934504039717305057300,4,6207329380803264118806,5,11
large_integer,2797,3744689046963038978064,3,5054407876196417142806,4,15
large_integer,2798,4943727411754159833110,4,7434037861704949301272,6,11
large_integer,2799,4952950783791014608918,4,6281116357098102325272,5,15
large_integer,2800,3707795558815619874834,3,4952950783791014608919,4,9
large_integer,2801,4934504039717305057298,4,6179659264692699791383,5,9
large_integer,2802,4934504039717305057300,4,6207329380803264118808,5,11
large_integer,2803,4943727411754159833108,4,7434037861704949301272,6,11
large_integer,2804,4934504039717305057302,4,6207329380803264118808,5,11
large_integer,2805,4943727411754159833110,4,7434037861704949301272,6,11
large_integer,2806,3744689046963038978066,3,4989844271938433712151,4,11
large_integer,2807,4952950783791014608920,4,6216552752840118894615,5,11
large_integer,2808,3717018930852474650642,3,4962174155827869384727,4,9
large_integer,2809,4943727411754159833106,4,5026737760085852815384,4,13
large_integer,2810,4943727411754159833108,4,6216552752840118894616,5,11
large_integer,2811,4952950783791014608916,4,6281116357098102325273,5,15
large_integer,2812,4943727411754159833110,4,6216552752840118894616,5,11
large_integer,2813,4952950783791014608918,4,6281116357098102325273,5,15
large_integer,2814,4952950783791014608920,4,6216552752840118894616,5,11
large_integer,2815,3753912418999893753874,3,5063631248233271918616,4,15
large_integer,2816,2462640333840225140749,2,2490310449950789468172,2,9
large_integer,2817,3689348814741910323213,3,3717018930852474650636,3,9
large_integer,2818,3689348814741910323215,3,3717018930852474650638,3,9
large_integer,2819,3698572186778765099023,3,3726242302889329426446,3,9
large_integer,2820,3689348814741910323217,3,3717018930852474650640,3,9
large_integer,2821,3698572186778765099025,3,3726242302889329426448,3,9
large_integer,2822,3698572186778765099027,3,3726242302889329426450,3,9
large_integer,2823,3707795558815619874835,3,3735465674926184202258,3,9
large_integer,2824,3689348814741910323214,3,3717018930852474650637,3,9
large_integer,2825,3726242302889329426446,3,3753912418999893753869,3,11
large_integer,2826,4916057295643595505680,4,4943727411754159833103,4,9
large_integer,2827,4925280667680450281488,4,4980620899901578936335,4,11
large_integer,2828,4916057295643595505682,4,4943727411754159833105,4,9
large_integer,2829,4925280667680450281490,4,4980620899901578936337,4,11
large_integer,2830,4925280667680450281492,4,4952950783791014608915,4,9
large_integer,2831,4934504039717305057300,4,4989844271938433712147,4,11
large_integer,2832,3689348814741910323216,3,3717018930852474650639,3,9
large_integer,2833,4916057295643595505680,4,4943727411754159833103,4,9
large_integer,2834,3726242302889329426448,3,3753912418999893753871,3,11
large_integer,2835,4925280667680450281490,4,4980620899901578936335,4,11
large_integer,2836,4916057295643595505684,4,4943727411754159833107,4,9
large_integer,2837,4925280667680450281492,4,4952950783791014608915,4,9
large_integer,2838,4925280667680450281494,4,4980620899901578936339,4,11
large_integer,2839,4934504039717305057302,4,4989844271938433712147,4,11
large_integer,2840,3698572186778765099024,3,3726242302889329426447,3,9
large_integer,2841,4925280667680450281488,4,4980620899901578936336,4,11
large_integer,2842,4925280667680450281490,4,4980620899901578936336,4,11
large_integer,2843,3735465674926184202256,3,3763135791036748529679,3,11
large_integer,2844,4925280667680450281492,4,4952950783791014608915,4,9
large_integer,2845,4934504039717305057300,4,6207329380803264118804,5,11
large_integer,2846,4934504039717305057302,4,6207329380803264118804,5,11
large_integer,2847,4943727411754159833110,4,4989844271938433712147,4,11
large_integer,2848,3689348814741910323218,3,3717018930852474650641,3,9
large_integer,2849,4916057295643595505682,4,4943727411754159833105,4,9
large_integer,2850,4916057295643595505684,4,4943727411754159833107,4,9
large_integer,2851,4925280667680450281492,4,4952950783791014608915,4,9
large_integer,2852,2564097426245627674637,2,2564097426245627674637,2,13
large_integer,2853,3790805907147312857101,3,3790805907147312857101,3,13
large_integer,2854,3790805907147312857103,3,3790805907147312857103,3,13
large_integer,2855,3800029279184167632911,3,3800029279184167632911,3,13
large_integer,2856,3698572186778765099026,3,3726242302889329426449,3,9
large_integer,2857,4925280667680450281490,4,4980620899901578936338,4,11
large_integer,2858,4925280667680450281492,4,4952950783791014608915,4,9
large_integer,2859,4934504039717305057300,4,6207329380803264118804,5,11
large_integer,2860,3790805907147312857102,3,3790805907147312857102,3,13
large_integer,2861,3735465674926184202258,3,3827699395294731960334,3,15
large_integer,2862,4934504039717305057304,4,5017514388048998039568,4,13
large_integer,2863,4943727411754159833112,4,5054407876196417142800,4,15
large_integer,2864,3698572186778765099028,3,3726242302889329426451,3,9
large_integer,2865,4925280667680450281492,4,4952950783791014608915,4,9
large_integer,2866,4925280667680450281494,4,4980620899901578936340,4,11
large_integer,2867,4934504039717305057302,4,6207329380803264118804,5,11
large_integer,2868,3790805907147312857104,3,3790805907147312857104,3,13
large_integer,2869,4934504039717305057304,4,5017514388048998039568,4,13
large_integer,2870,3735465674926184202260,3,3827699395294731960336,3,15
large_integer,2871,4943727411754159833114,4,5054407876196417142800,4,15
large_integer,2872,3707795558815619874836,3,3735465674926184202259,3,9
large_integer,2873,4934504039717305057300,4,4989844271938433712148,4,11
large_integer,2874,4934504039717305057302,4,4989844271938433712148,4,11
large_integer,2875,4943727411754159833110,4,4989844271938433712148,4,11
large_integer,2876,3800029279184167632912,3,3800029279184167632912,3,13
large_integer,2877,4943727411754159833112,4,5054407876196417142801,4,15
large_integer,2878,4943727411754159833114,4,5054407876196417142801,4,15
large_integer,2879,3744689046963038978068,3,3836922767331586736144,3,15
large_integer,2880,1272825341085959061513,1,1272825341085959061513,1,9
large_integer,2881,2499533821987644243977,2,2499533821987644243977,2,9
large_integer,2882,2499533821987644243979,2,2499533821987644243979,2,9
large_integer,2883,2508757194024499019787,2,2508757194024499019787,2,9
large_integer,2884,2499533821987644243981,2,2499533821987644243981,2,9
large_integer,2885,2508757194024499019789,2,2508757194024499019789,2,9
large_integer,2886,2508757194024499019791,2,2508757194024499019791,2,9
large_integer,2887,2517980566061353795599,2,2517980566061353795599,2,9
large_integer,2888,2499533821987644243978,2,2499533821987644243978,2,9
large_integer,2889,2536427310135063347210,2,2600990914393046777871,2,15
large_integer,2890,3726242302889329426444,3,3726242302889329426444,3,9
large_integer,2891,3735465674926184202252,3,3827699395294731960337,3,15
large_integer,2892,3726242302889329426446,3,3726242302889329426446,3,9
large_integer,2893,3735465674926184202254,3,3827699395294731960339,3,15
large_integer,2894,3735465674926184202256,3,3735465674926184202256,3,9
large_integer,2895,3744689046963038978064,3,3836922767331586736149,3,15
large_integer,2896,2499533821987644243980,2,2499533821987644243980,2,9
large_integer,2897,3726242302889329426444,3,3726242302889329426444,3,9
large_integer,2898,2536427310135063347212,2,2536427310135063347212,2,11
large_integer,2899,3735465674926184202254,3,3763135791036748529676,3,11
large_integer,2900,3726242302889329426448,3,3726242302889329426448,3,9
large_integer,2901,3735465674926184202256,3,3735465674926184202256,3,9
large_integer,2902,3735465674926184202258,3,3763135791036748529680,3,11
large_integer,2903,3744689046963038978066,3,3772359163073603305488,3,11
large_integer,2904,2508757194024499019788,2,2508757194024499019788,2,9
large_integer,2905,3735465674926184202252,3,3827699395294731960338,3,15
large_integer,2906,3735465674926184202254,3,3763135791036748529677,3,11
large_integer,2907,2545650682171918123020,2,3864592883442151063570,3,17
large_integer,2908,3735465674926184202256,3,3735465674926184202256,3,9
large_integer,2909,3744689046963038978064,3,5054407876196417142806,4,15
large_integer,2910,3744689046963038978066,3,4989844271938433712145,4,11
large_integer,2911,3753912418999893753874,3,5091301364343836246038,4,17
large_integer,2912,2499533821987644243982,2,2499533821987644243982,2,9
large_integer,2913,3726242302889329426446,3,3726242302889329426446,3,9
large_integer,2914,3726242302889329426448,3,3726242302889329426448,3,9
large_integer,2915,3735465674926184202256,3,3735465674926184202256,3,9
large_integer,2916,2536427310135063347214,2,2600990914393046777871,2,15
large_integer,2917,3735465674926184202258,3,3827699395294731960335,3,15
large_integer,2918,3735465674926184202260,3,3827699395294731960337,3,15
large_integer,2919,3744689046963038978068,3,3836922767331586736145,3,15
large_integer,2920,2508757194024499019790,2,2508757194024499019790,2,9
large_integer,2921,3735465674926184202254,3,3827699395294731960340,3,15
large_integer,2922,3735465674926184202256,3,3735465674926184202256,3,9
large_integer,2923,3744689046963038978064,3,5054407876196417142806,4,15
large_integer,2924,3735465674926184202258,3,3827699395294731960336,3,15
large_integer,2925,1346612317380797267978,1,1346612317380797267978,1,13
large_integer,2926,3744689046963038978068,3,5054407876196417142802,4,15
large_integer,2927,2573320798282482450444,2,2573320798282482450444,2,13
large_integer,2928,2508757194024499019792,2,2508757194024499019792,2,9
large_integer,2929,3735465674926184202256,3,3735465674926184202256,3,9
large_integer,2930,3735465674926184202258,3,3763135791036748529681,3,11
large_integer,2931,3744689046963038978066,3,4989844271938433712145,4,11
large_integer,2932,3735465674926184202260,3,3827699395294731960338,3,15
large_integer,2933,3744689046963038978068,3,5054407876196417142802,4,15
large_integer,2934,2545650682171918123024,2,3864592883442151063570,3,17
large_integer,2935,3753912418999893753878,3,5091301364343836246034,4,17
large_integer,2936,2517980566061353795600,2,2517980566061353795600,2,9
large_integer,2937,3744689046963038978064,3,3836922767331586736150,3,15
large_integer,2938,3744689046963038978066,3,3772359163073603305489,3,11
large_integer,2939,3753912418999893753874,3,5091301364343836246039,4,17
large_integer,2940,3744689046963038978068,3,3836922767331586736146,3,15
large_integer,2941,2573320798282482450445,2,2573320798282482450445,2,13
large_integer,2942,3753912418999893753878,3,5091301364343836246035,4,17
large_integer,2943,2554874054208772898832,2,2610214286429901553677,2,15
large_integer,2944,2471863705877079916559,2,3717018930852474650640,3,9
large_integer,2945,3698572186778765099023,3,4943727411754159833104,4,9
large_integer,2946,3698572186778765099025,3,4943727411754159833106,4,9
large_integer,2947,3707795558815619874833,3,4952950783791014608914,4,9
large_integer,2948,3698572186778765099027,3,4943727411754159833108,4,9
large_integer,2949,3707795558815619874835,3,4952950783791014608916,4,9
large_integer,2950,3707795558815619874837,3,4952950783791014608918,4,9
large_integer,2951,3717018930852474650645,3,4962174155827869384726,4,9
large_integer,2952,3698572186778765099024,3,4943727411754159833105,4,9
large_integer,2953,3735465674926184202256,3,4980620899901578936337,4,11
large_integer,2954,4925280667680450281490,4,6170435892655845015571,5,9
large_integer,2955,4934504039717305057298,4,6207329380803264118803,5,11
large_integer,2956,4925280667680450281492,4,6170435892655845015573,5,9
large_integer,2957,4934504039717305057300,4,6207329380803264118805,5,11
large_integer,2958,4934504039717305057302,4,6179659264692699791383,5,9
large_integer,2959,4943727411754159833110,4,6216552752840118894615,5,11
large_integer,2960,3698572186778765099026,3,4943727411754159833107,4,9
large_integer,2961,4925280667680450281490,4,6170435892655845015571,5,9
large_integer,2962,3735465674926184202258,3,4980620899901578936339,4,11
large_integer,2963,4934504039717305057300,4,6207329380803264118803,5,11
large_integer,2964,4925280667680450281494,4,6170435892655845015575,5,9
large_integer,2965,4934504039717305057302,4,6179659264692699791383,5,9
large_integer,2966,4934504039717305057304,4,6207329380803264118807,5,11
large_integer,2967,4943727411754159833112,4,6216552752840118894615,5,11
large_integer,2968,3707795558815619874834,3,4952950783791014608915,4,9
large_integer,2969,4934504039717305057298,4,6207329380803264118804,5,11
large_integer,2970,4934504039717305057300,4,6207329380803264118804,5,11
large_integer,2971,3744689046963038978066,3,4989844271938433712147,4,11
large_integer,2972,4934504039717305057302,4,6179659264692699791383,5,9
large_integer,2973,4943727411754159833110,4,7434037861704949301272,6,11
large_integer,2974,4943727411754159833112,4,7434037861704949301272,6,11
large_integer,2975,4952950783791014608920,4,6216552752840118894615,5,11
large_integer,2976,3698572186778765099028,3,4943727411754159833109,4,9
large_integer,2977,4925280667680450281492,4,6170435892655845015573,5,9
large_integer,2978,4925280667680450281494,4,6170435892655845015575,5,9
large_integer,2979,4934504039717305057302,4,6179659264692699791383,5,9
large_integer,2980,3735465674926184202260,3,3790805907147312857105,3,13
large_integer,2981,4934504039717305057304,4,5017514388048998039569,4,13
large_integer,2982,4934504039717305057306,4,5017514388048998039571,4,13
large_integer,2983,4943727411754159833114,4,5026737760085852815379,4,13
large_integer,2984,3707795558815619874836,3,4952950783791014608917,4,9
large_integer,2985,4934504039717305057300,4,6207329380803264118806,5,11
large_integer,2986,4934504039717305057302,4,6179659264692699791383,5,9
large_integer,2987,4943727411754159833110,4,7434037861704949301272,6,11
large_integer,2988,4934504039717305057304,4,5017514388048998039570,4,13
large_integer,2989,3744689046963038978068,3,5054407876196417142802,4,15
large_integer,2990,4943727411754159833114,4,6244222868950683222036,5,13
large_integer,2991,4952950783791014608922,4,6281116357098102325268,5,15
large_integer,2992,3707795558815619874838,3,4952950783791014608919,4,9
large_integer,2993,4934504039717305057302,4,6179659264692699791383,5,9
large_integer,2994,4934504039717305057304,4,6207329380803264118808,5,11
large_integer,2995,4943727411754159833112,4,7434037861704949301272,6,11
large_integer,2996,4934504039717305057306,4,5017514388048998039572,4,13
large_integer,2997,4943727411754159833114,4,6244222868950683222036,5,13
large_integer,2998,3744689046963038978070,3,5054407876196417142804,4,15
large_integer,2999,4952950783791014608924,4,6281116357098102325268,5,15
large_integer,3000,3717018930852474650646,3,4962174155827869384727,4,9
large_integer,3001,4943727411754159833110,4,6216552752840118894616,5,11
large_integer,3002,4943727411754159833112,4,6216552752840118894616,5,11
large_integer,3003,4952950783791014608920,4,6216552752840118894616,5,11
large_integer,3004,4943727411754159833114,4,5026737760085852815380,4,13
large_integer,3005,4952950783791014608922,4,6281116357098102325269,5,15
large_integer,3006,4952950783791014608924,4,6281116357098102325269,5,15
large_integer,3007,3753912418999893753878,3,5063631248233271918612,4,15
large_integer,3008,2481087077913934692367,2,2499533821987644243981,2,9
large_integer,3009,3707795558815619874831,3,3726242302889329426445,3,9
large_integer,3010,3707795558815619874833,3,3726242302889329426447,3,9
large_integer,3011,3717018930852474650641,3,3735465674926184202255,3,9
large_integer,3012,3707795558815619874835,3,3726242302889329426449,3,9
large_integer,3013,3717018930852474650643,3,3735465674926184202257,3,9
large_integer,3014,3717018930852474650645,3,3735465674926184202259,3,9
large_integer,3015,3726242302889329426453,3,3744689046963038978067,3,9
large_integer,3016,3707795558815619874832,3,3726242302889329426446,3,9
large_integer,3017,3744689046963038978064,3,3827699395294731960339,3,15
large_integer,3018,4934504039717305057298,4,4952950783791014608912,4,9
large_integer,3019,4943727411754159833106,4,5054407876196417142805,4,15
large_integer,3020,4934504039717305057300,4,4952950783791014608914,4,9
large_integer,3021,4943727411754159833108,4,5054407876196417142807,4,15
large_integer,3022,4943727411754159833110,4,4962174155827869384724,4,9
large_integer,3023,4952950783791014608918,4,5063631248233271918617,4,15
large_integer,3024,3707795558815619874834,3,3726242302889329426448,3,9
large_integer,3025,4934504039717305057298,4,4952950783791014608912,4,9
large_integer,3026,3744689046963038978066,3,3763135791036748529680,3,11
large_integer,3027,4943727411754159833108,4,4989844271938433712144,4,11
large_integer,3028,4934504039717305057302,4,4952950783791014608916,4,9
large_integer,3029,4943727411754159833110,4,4962174155827869384724,4,9
large_integer,3030,4943727411754159833112,4,4989844271938433712148,4,11
large_integer,3031,4952950783791014608920,4,4999067643975288487956,4,11
large_integer,3032,3717018930852474650642,3,3735465674926184202256,3,9
large_integer,3033,4943727411754159833106,4,5054407876196417142806,4,15
large_integer,3034,4943727411754159833108,4,4989844271938433712145,4,11
large_integer,3035,3753912418999893753874,3,5091301364343836246038,4,17
large_integer,3036,4943727411754159833110,4,4962174155827869384724,4,9
large_integer,3037,4952950783791014608918,4,6281116357098102325274,5,15
large_integer,3038,4952950783791014608920,4,6216552752840118894613,5,11
large_integer,3039,4962174155827869384728,4,6318009845245521428506,5,17
large_integer,3040,3707795558815619874836,3,3726242302889329426450,3,9
large_integer,3041,4934504039717305057300,4,4952950783791014608914,4,9
large_integer,3042,4934504039717305057302,4,4952950783791014608916,4,9
large_integer,3043,4943727411754159833110,4,4962174155827869384724,4,9
large_integer,3044,3744689046963038978068,3,3827699395294731960339,3,15
large_integer,3045,4943727411754159833112,4,5054407876196417142803,4,15
large_integer,3046,4943727411754159833114,4,5054407876196417142805,4,15
large_integer,3047,4952950783791014608922,4,5063631248233271918613,4,15
large_integer,3048,3717018930852474650644,3,3735465674926184202258,3,9
large_integer,3049,4943727411754159833108,4,5054407876196417142808,4,15
large_integer,3050,4943727411754159833110,4,4962174155827869384724,4,9
large_integer,3051,4952950783791014608918,4,6281116357098102325274,5,15
large_integer,3052,4943727411754159833112,4,5054407876196417142804,4,15
large_integer,3053,2573320798282482450446,2,2573320798282482450446,2,13
large_integer,3054,4952950783791014608922,4,6281116357098102325270,5,15
large_integer,3055,3800029279184167632912,3,3800029279184167632912,3,13
large_integer,3056,3717018930852474650646,3,3735465674926184202260,3,9
large_integer,3057,4943727411754159833110,4,4962174155827869384724,4,9
large_integer,3058,4943727411754159833112,4,4989844271938433712149,4,11
large_integer,3059,4952950783791014608920,4,6216552752840118894613,5,11
large_integer,3060,4943727411754159833114,4,5054407876196417142806,4,15
large_integer,3061,4952950783791014608922,4,6281116357098102325270,5,15
large_integer,3062,3753912418999893753878,3,5091301364343836246038,4,17
large_integer,3063,4962174155827869384732,4,6318009845245521428502,5,17
large_integer,3064,3726242302889329426454,3,3744689046963038978068,3,9
large_integer,3065,4952950783791014608918,4,5063631248233271918618,4,15
large_integer,3066,4952950783791014608920,4,4999067643975288487957,4,11
large_integer,3067,4962174155827869384728,4,6318009845245521428507,5,17
large_integer,3068,4952950783791014608922,4,5063631248233271918614,4,15
large_integer,3069,3800029279184167632913,3,3800029279184167632913,3,13
large_integer,3070,4962174155827869384732,4,6318009845245521428503,5,17
large_integer,3071,3763135791036748529686,3,3836922767331586736145,3,15
large_integer,3072,1235931852938539958281,1,1235931852938539958281,1,7
large_integer,3073,2462640333840225140745,2,2462640333840225140745,2,7
large_integer,3074,2462640333840225140747,2,2462640333840225140747,2,7
large_integer,3075,2471863705877079916555,2,2471863705877079916555,2,7
large_integer,3076,2462640333840225140749,2,2462640333840225140749,2,7
large_integer,3077,2471863705877079916557,2,2471863705877079916557,2,7
large_integer,3078,2471863705877079916559,2,2471863705877079916559,2,7
large_integer,3079,2481087077913934692367,2,2481087077913934692367,2,7
large_integer,3080,2462640333840225140746,2,2462640333840225140746,2,7
large_integer,3081,2499533821987644243978,2,2499533821987644243978,2,9
large_integer,3082,3689348814741910323212,3,3689348814741910323212,3,7
large_integer,3083,3698572186778765099020,3,3726242302889329426444,3,9
large_integer,3084,3689348814741910323214,3,3689348814741910323214,3,7
large_integer,3085,3698572186778765099022,3,3726242302889329426446,3,9
large_integer,3086,3698572186778765099024,3,3698572186778765099024,3,7
large_integer,3087,3707795558815619874832,3,3735465674926184202256,3,9
large_integer,3088,2462640333840225140748,2,2462640333840225140748,2,7
large_integer,3089,3689348814741910323212,3,3689348814741910323212,3,7
large_integer,3090,2499533821987644243980,2,2499533821987644243980,2,9
large_integer,3091,3698572186778765099022,3,3726242302889329426444,3,9
large_integer,3092,3689348814741910323216,3,3689348814741910323216,3,7
large_integer,3093,3698572186778765099024,3,3698572186778765099024,3,7
large_integer,3094,3698572186778765099026,3,3726242302889329426448,3,9
large_integer,3095,3707795558815619874834,3,3735465674926184202256,3,9
large_integer,3096,2471863705877079916556,2,2471863705877079916556,2,7
large_integer,3097,3698572186778765099020,3,3726242302889329426445,3,9
large_integer,3098,3698572186778765099022,3,3726242302889329426445,3,9
large_integer,3099,2508757194024499019788,2,2508757194024499019788,2,9
large_integer,3100,3698572186778765099024,3,3698572186778765099024,3,7
large_integer,3101,3707795558815619874832,3,4952950783791014608913,4,9
large_integer,3102,3707795558815619874834,3,4952950783791014608913,4,9
large_integer,3103,3717018930852474650642,3,3735465674926184202256,3,9
large_integer,3104,2462640333840225140750,2,2462640333840225140750,2,7
large_integer,3105,3689348814741910323214,3,3689348814741910323214,3,7
large_integer,3106,3689348814741910323216,3,3689348814741910323216,3,7
large_integer,3107,3698572186778765099024,3,3698572186778765099024,3,7
large_integer,3108,2499533821987644243982,2,2499533821987644243982,2,9
large_integer,3109,3698572186778765099026,3,3726242302889329426446,3,9
large_integer,3110,3698572186778765099028,3,3726242302889329426448,3,9
large_integer,3111,3707795558815619874836,3,3735465674926184202256,3,9
large_integer,3112,2471863705877079916558,2,2471863705877079916558,2,7
large_integer,3113,3698572186778765099022,3,3726242302889329426447,3,9
large_integer,3114,3698572186778765099024,3,3698572186778765099024,3,7
large_integer,3115,3707795558815619874832,3,4952950783791014608913,4,9
large_integer,3116,3698572186778765099026,3,3726242302889329426447,3,9
large_integer,3117,2508757194024499019790,2,2508757194024499019790,2,9
large_integer,3118,3707795558815619874836,3,4952950783791014608913,4,9
large_integer,3119,3717018930852474650644,3,3735465674926184202256,3,9
large_integer,3120,2471863705877079916560,2,2471863705877079916560,2,7
large_integer,3121,3698572186778765099024,3,3698572186778765099024,3,7
large_integer,3122,3698572186778765099026,3,3726242302889329426449,3,9
large_integer,3123,3707795558815619874834,3,4952950783791014608913,4,9
large_integer,3124,3698572186778765099028,3,3726242302889329426449,3,9
large_integer,3125,3707795558815619874836,3,4952950783791014608913,4,9
large_integer,3126,2508757194024499019792,2,2508757194024499019792,2,9
large_integer,3127,3717018930852474650646,3,3735465674926184202256,3,9
large_integer,3128,2481087077913934692368,2,2481087077913934692368,2,7
large_integer,3129,3707795558815619874832,3,3735465674926184202257,3,9
large_integer,3130,3707795558815619874834,3,3735465674926184202257,3,9
large_integer,3131,3717018930852474650642,3,3735465674926184202257,3,9
large_integer,3132,3707795558815619874836,3,3735465674926184202257,3,9
large_integer,3133,3717018930852474650644,3,3735465674926184202257,3,9
large_integer,3134,3717018930852474650646,3,3735465674926184202257,3,9
large_integer,3135,2517980566061353795600,2,2517980566061353795600,2,9
large_integer,3136,2462640333840225140747,2,2462640333840225140747,2,7
large_integer,3137,3689348814741910323211,3,3689348814741910323211,3,7
large_integer,3138,3689348814741910323213,3,3689348814741910323213,3,7
large_integer,3139,3698572186778765099021,3,3698572186778765099021,3,7
large_integer,3140,3689348814741910323215,3,3689348814741910323215,3,7
large_integer,3141,3698572186778765099023,3,3698572186778765099023,3,7
large_integer,3142,3698572186778765099025,3,3698572186778765099025,3,7
large_integer,3143,3707795558815619874833,3,3707795558815619874833,3,7
large_integer,3144,3689348814741910323212,3,3689348814741910323212,3,7
large_integer,3145,3726242302889329426444,3,3726242302889329426444,3,9
large_integer,3146,4916057295643595505678,4,4916057295643595505678,4,7
large_integer,3147,4925280667680450281486,4,4952950783791014608910,4,9
large_integer,3148,4916057295643595505680,4,4916057295643595505680,4,7
large_integer,3149,4925280667680450281488,4,4952950783791014608912,4,9
large_integer,3150,4925280667680450281490,4,4925280667680450281490,4,7
large_integer,3151,4934504039717305057298,4,4962174155827869384722,4,9
large_integer,3152,3689348814741910323214,3,3689348814741910323214,3,7
large_integer,3153,4916057295643595505678,4,4916057295643595505678,4,7
large_integer,3154,3726242302889329426446,3,3726242302889329426446,3,9
large_integer,3155,4925280667680450281488,4,4952950783791014608910,4,9
large_integer,3156,4916057295643595505682,4,4916057295643595505682,4,7
large_integer,3157,4925280667680450281490,4,4925280667680450281490,4,7
large_integer,3158,4925280667680450281492,4,4952950783791014608914,4,9
large_integer,3159,4934504039717305057300,4,4962174155827869384722,4,9
large_integer,3160,3698572186778765099022,3,3698572186778765099022,3,7
large_integer,3161,4925280667680450281486,4,4952950783791014608911,4,9
large_integer,3162,4925280667680450281488,4,4952950783791014608911,4,9
large_integer,3163,3735465674926184202254,3,3735465674926184202254,3,9
large_integer,3164,4925280667680450281490,4,4925280667680450281490,4,7
large_integer,3165,4934504039717305057298,4,6179659264692699791379,5,9
large_integer,3166,4934504039717305057300,4,6179659264692699791379,5,9
large_integer,3167,4943727411754159833108,4,4962174155827869384722,4,9
large_integer,3168,3689348814741910323216,3,3689348814741910323216,3,7
large_integer,3169,4916057295643595505680,4,4916057295643595505680,4,7
large_integer,3170,4916057295643595505682,4,4916057295643595505682,4,7
large_integer,3171,4925280667680450281490,4,4925280667680450281490,4,7
large_integer,3172,3726242302889329426448,3,3726242302889329426448,3,9
large_integer,3173,4925280667680450281492,4,4952950783791014608912,4,9
large_integer,3174,4925280667680450281494,4,4952950783791014608914,4,9
large_integer,3175,4934504039717305057302,4,4962174155827869384722,4,9
large_integer,3176,3698572186778765099024,3,3698572186778765099024,3,7
large_integer,3177,4925280667680450281488,4,4952950783791014608913,4,9
large_integer,3178,4925280667680450281490,4,4925280667680450281490,4,7
large_integer,3179,4934504039717305057298,4,6179659264692699791379,5,9
large_integer,3180,4925280667680450281492,4,4952950783791014608913,4,9
large_integer,3181,3735465674926184202256,3,3735465674926184202256,3,9
large_integer,3182,4934504039717305057302,4,6179659264692699791379,5,9
large_integer,3183,4943727411754159833110,4,4962174155827869384722,4,9
large_integer,3184,3698572186778765099026,3,3698572186778765099026,3,7
large_integer,3185,4925280667680450281490,4,4925280667680450281490,4,7
large_integer,3186,4925280667680450281492,4,4952950783791014608915,4,9
large_integer,3187,4934504039717305057300,4,6179659264692699791379,5,9
large_integer,3188,4925280667680450281494,4,4952950783791014608915,4,9
large_integer,3189,4934504039717305057302,4,6179659264692699791379,5,9
large_integer,3190,3735465674926184202258,3,3735465674926184202258,3,9
large_integer,3191,4943727411754159833112,4,4962174155827869384722,4,9
large_integer,3192,3707795558815619874834,3,3707795558815619874834,3,7
large_integer,3193,4934504039717305057298,4,4962174155827869384723,4,9
large_integer,3194,4934504039717305057300,4,4962174155827869384723,4,9
large_integer,3195,4943727411754159833108,4,4962174155827869384723,4,9
large_integer,3196,4934504039717305057302,4,4962174155827869384723,4,9
large_integer,3197,4943727411754159833110,4,4962174155827869384723,4,9
large_integer,3198,4943727411754159833112,4,4962174155827869384723,4,9
large_integer,3199,3744689046963038978066,3,3744689046963038978066,3,9
large_integer,3200,2462640333840225140749,2,2490310449950789468174,2,9
large_integer,3201,3689348814741910323213,3,3717018930852474650638,3,9
large_integer,3202,3689348814741910323215,3,3717018930852474650640,3,9
large_integer,3203,3698572186778765099023,3,3726242302889329426448,3,9
large_integer,3204,3689348814741910323217,3,3717018930852474650642,3,9
large_integer,3205,3698572186778765099025,3,3726242302889329426450,3,9
large_integer,3206,3698572186778765099027,3,3726242302889329426452,3,9
large_integer,3207,3707795558815619874835,3,3735465674926184202260,3,9
large_integer,3208,3689348814741910323214,3,3717018930852474650639,3,9
large_integer,3209,3726242302889329426446,3,3753912418999893753871,3,11
large_integer,3210,4916057295643595505680,4,4943727411754159833105,4,9
large_integer,3211,4925280667680450281488,4,4980620899901578936337,4,11
large_integer,3212,4916057295643595505682,4,4943727411754159833107,4,9
large_integer,3213,4925280667680450281490,4,4980620899901578936339,4,11
large_integer,3214,4925280667680450281492,4,4952950783791014608917,4,9
large_integer,3215,4934504039717305057300,4,4989844271938433712149,4,11
large_integer,3216,3689348814741910323216,3,3717018930852474650641,3,9
large_integer,3217,4916057295643595505680,4,4943727411754159833105,4,9
large_integer,3218,2564097426245627674639,2,2564097426245627674639,2,13
large_integer,3219,3790805907147312857103,3,3790805907147312857103,3,13
large_integer,3220,4916057295643595505684,4,4943727411754159833109,4,9
large_integer,3221,4925280667680450281492,4,4952950783791014608917,4,9
large_integer,3222,3790805907147312857107,3,3790805907147312857107,3,13
large_integer,3223,3800029279184167632915,3,3800029279184167632915,3,13
large_integer,3224,3698572186778765099024,3,3726242302889329426449,3,9
large_integer,3225,4925280667680450281488,4,4980620899901578936338,4,11
large_integer,3226,3790805907147312857104,3,3790805907147312857104,3,13
large_integer,3227,3735465674926184202256,3,3827699395294731960336,3,15
large_integer,3228,4925280667680450281492,4,4952950783791014608917,4,9
large_integer,3229,4934504039717305057300,4,6207329380803264118806,5,11
large_integer,3230,4934504039717305057302,4,5017514388048998039572,4,13
large_integer,3231,4943727411754159833110,4,5054407876196417142804,4,15
large_integer,3232,3689348814741910323218,3,3717018930852474650643,3,9
large_integer,3233,4916057295643595505682,4,4943727411754159833107,4,9
large_integer,3234,4916057295643595505684,4,4943727411754159833109,4,9
large_integer,3235,4925280667680450281492,4,4952950783791014608917,4,9
large_integer,3236,3726242302889329426450,3,3753912418999893753875,3,11
large_integer,3237,4925280667680450281494,4,4980620899901578936339,4,11
large_integer,3238,4925280667680450281496,4,4980620899901578936341,4,11
large_integer,3239,4934504039717305057304,4,4989844271938433712149,4,11
large_integer,3240,3698572186778765099026,3,3726242302889329426451,3,9
large_integer,3241,4925280667680450281490,4,4980620899901578936340,4,11
large_integer,3242,4925280667680450281492,4,4952950783791014608917,4,9
large_integer,3243,4934504039717305057300,4,6207329380803264118806,5,11
large_integer,3244,4925280667680450281494,4,4980620899901578936340,4,11
large_integer,3245,3735465674926184202258,3,3763135791036748529683,3,11
large_integer,3246,4934504039717305057304,4,6207329380803264118806,5,11
large_integer,3247,4943727411754159833112,4,4989844271938433712149,4,11
large_integer,3248,3698572186778765099028,3,3726242302889329426453,3,9
large_integer,3249,4925280667680450281492,4,4952950783791014608917,4,9
large_integer,3250,3790805907147312857108,3,3790805907147312857108,3,13
large_integer,3251,4934504039717305057302,4,5017514388048998039572,4,13
large_integer,3252,4925280667680450281496,4,4980620899901578936342,4,11
large_integer,3253,4934504039717305057304,4,6207329380803264118806,5,11
large_integer,3254,3735465674926184202260,3,3827699395294731960340,3,15
large_integer,3255,4943727411754159833114,4,5054407876196417142804,4,15
large_integer,3256,3707795558815619874836,3,3735465674926184202261,3,9
large_integer,3257,4934504039717305057300,4,4989844271938433712150,4,11
large_integer,3258,3800029279184167632916,3,3800029279184167632916,3,13
large_integer,3259,4943727411754159833110,4,5054407876196417142805,4,15
large_integer,3260,4934504039717305057304,4,4989844271938433712150,4,11
large_integer,3261,4943727411754159833112,4,4989844271938433712150,4,11
large_integer,3262,4943727411754159833114,4,5054407876196417142805,4,15
large_integer,3263,3744689046963038978068,3,3836922767331586736148,3,15
large_integer,3264,2471863705877079916557,2,3717018930852474650640,3,9
large_integer,3265,3698572186778765099021,3,4943727411754159833104,4,9
large_integer,3266,3698572186778765099023,3,4943727411754159833106,4,9
large_integer,3267,3707795558815619874831,3,4952950783791014608914,4,9
large_integer,3268,3698572186778765099025,3,4943727411754159833108,4,9
large_integer,3269,3707795558815619874833,3,4952950783791014608916,4,9
large_integer,3270,3707795558815619874835,3,4952950783791014608918,4,9
large_integer,3271,3717018930852474650643,3,4962174155827869384726,4,9
large_integer,3272,3698572186778765099022,3,4943727411754159833105,4,9
large_integer,3273,3735465674926184202254,3,4980620899901578936337,4,11
large_integer,3274,4925280667680450281488,4,6170435892655845015571,5,9
large_integer,3275,4934504039717305057296,4,6207329380803264118803,5,11
large_integer,3276,4925280667680450281490,4,6170435892655845015573,5,9
large_integer,3277,4934504039717305057298,4,6207329380803264118805,5,11
large_integer,3278,4934504039717305057300,4,6179659264692699791383,5,9
large_integer,3279,4943727411754159833108,4,6216552752840118894615,5,11
large_integer,3280,3698572186778765099024,3,4943727411754159833107,4,9
large_integer,3281,4925280667680450281488,4,6170435892655845015571,5,9
large_integer,3282,3735465674926184202256,3,3790805907147312857105,3,13
large_integer,3283,4934504039717305057298,4,5017514388048998039569,4,13
large_integer,3284,4925280667680450281492,4,6170435892655845015575,5,9
large_integer,3285,4934504039717305057300,4,6179659264692699791383,5,9
large_integer,3286,4934504039717305057302,4,5017514388048998039573,4,13
large_integer,3287,4943727411754159833110,4,5026737760085852815381,4,13
large_integer,3288,3707795558815619874832,3,4952950783791014608915,4,9
large_integer,3289,4934504039717305057296,4,6207329380803264118804,5,11
large_integer,3290,4934504039717305057298,4,5017514388048998039570,4,13
large_integer,3291,3744689046963038978064,3,5054407876196417142802,4,15
large_integer,3292,4934504039717305057300,4,6179659264692699791383,5,9
large_integer,3293,4943727411754159833108,4,7434037861704949301272,6,11
large_integer,3294,4943727411754159833110,4,6244222868950683222038,5,13
large_integer,3295,4952950783791014608918,4,6281116357098102325270,5,15
large_integer,3296,3698572186778765099026,3,4943727411754159833109,4,9
large_integer,3297,4925280667680450281490,4,6170435892655845015573,5,9
large_integer,3298,4925280667680450281492,4,6170435892655845015575,5,9
large_integer,3299,4934504039717305057300,4,6179659264692699791383,5,9
large_integer,3300,3735465674926184202258,3,4980620899901578936341,4,11
large_integer,3301,4934504039717305057302,4,6207329380803264118805,5,11
large_integer,3302,4934504039717305057304,4,6207329380803264118807,5,11
large_integer,3303,4943727411754159833112,4,6216552752840118894615,5,11
large_integer,3304,3707795558815619874834,3,4952950783791014608917,4,9
large_integer,3305,4934504039717305057298,4,6207329380803264118806,5,11
large_integer,3306,4934504039717305057300,4,6179659264692699791383,5,9
large_integer,3307,4943727411754159833108,4,7434037861704949301272,6,11
large_integer,3308,4934504039717305057302,4,6207329380803264118806,5,11
large_integer,3309,3744689046963038978066,3,4989844271938433712149,4,11
large_integer,3310,4943727411754159833112,4,7434037861704949301272,6,11
large_integer,3311,4952950783791014608920,4,6216552752840118894615,5,11
large_integer,3312,3707795558815619874836,3,4952950783791014608919,4,9
large_integer,3313,4934504039717305057300,4,6179659264692699791383,5,9
large_integer,3314,4934504039717305057302,4,5017514388048998039574,4,13
large_integer,3315,4943727411754159833110,4,6244222868950683222038,5,13
large_integer,3316,4934504039717305057304,4,6207329380803264118808,5,11
large_integer,3317,4943727411754159833112,4,7434037861704949301272,6,11
large_integer,3318,3744689046963038978068,3,5054407876196417142806,4,15
large_integer,3319,4952950783791014608922,4,6281116357098102325270,5,15
large_integer,3320,3717018930852474650644,3,4962174155827869384727,4,9
large_integer,3321,4943727411754159833108,4,6216552752840118894616,5,11
large_integer,3322,4943727411754159833110,4,5026737760085852815382,4,13
large_integer,3323,4952950783791014608918,4,6281116357098102325271,5,15
large_integer,3324,4943727411754159833112,4,6216552752840118894616,5,11
large_integer,3325,4952950783791014608920,4,6216552752840118894616,5,11
large_integer,3326,4952950783791014608922,4,6281116357098102325271,5,15
large_integer,3327,3753912418999893753876,3,5063631248233271918614,4,15
large_integer,3328,2462640333840225140751,2,2490310449950789468174,2,9
large_integer,3329,3689348814741910323215,3,3717018930852474650638,3,9
large_integer,3330,3689348814741910323217,3,3717018930852474650640,3,9
large_integer,3331,3698572186778765099025,3,3726242302889329426448,3,9
large_integer,3332,3689348814741910323219,3,3717018930852474650642,3,9
large_integer,3333,3698572186778765099027,3,3726242302889329426450,3,9
large_integer,3334,3698572186778765099029,3,3726242302889329426452,3,9
large_integer,3335,3707795558815619874837,3,3735465674926184202260,3,9
large_integer,3336,3689348814741910323216,3,3717018930852474650639,3,9
large_integer,3337,3726242302889329426448,3,3753912418999893753871,3,11
large_integer,3338,4916057295643595505682,4,4943727411754159833105,4,9
large_integer,3339,4925280667680450281490,4,4980620899901578936337,4,11
large_integer,3340,4916057295643595505684,4,4943727411754159833107,4,9
large_integer,3341,4925280667680450281492,4,4980620899901578936339,4,11
large_integer,3342,4925280667680450281494,4,4952950783791014608917,4,9
large_integer,3343,4934504039717305057302,4,4989844271938433712149,4,11
large_integer,3344,3689348814741910323218,3,3717018930852474650641,3,9
large_integer,3345,4916057295643595505682,4,4943727411754159833105,4,9
large_integer,3346,3726242302889329426450,3,3753912418999893753873,3,11
large_integer,3347,4925280667680450281492,4,4980620899901578936337,4,11
large_integer,3348,4916057295643595505686,4,4943727411754159833109,4,9
large_integer,3349,4925280667680450281494,4,4952950783791014608917,4,9
large_integer,3350,4925280667680450281496,4,4980620899901578936341,4,11
large_integer,3351,4934504039717305057304,4,4989844271938433712149,4,11
large_integer,3352,3698572186778765099026,3,3726242302889329426449,3,9
large_integer,3353,4925280667680450281490,4,4980620899901578936338,4,11
large_integer,3354,4925280667680450281492,4,4980620899901578936338,4,11
large_integer,3355,3735465674926184202258,3,3763135791036748529681,3,11
large_integer,3356,4925280667680450281494,4,4952950783791014608917,4,9
large_integer,3357,4934504039717305057302,4,6207329380803264118806,5,11
large_integer,3358,4934504039717305057304,4,6207329380803264118806,5,11
large_integer,3359,4943727411754159833112,4,4989844271938433712149,4,11
large_integer,3360,3689348814741910323220,3,3717018930852474650643,3,9
large_integer,3361,4916057295643595505684,4,4943727411754159833107,4,9
large_integer,3362,4916057295643595505686,4,4943727411754159833109,4,9
large_integer,3363,4925280667680450281494,4,4952950783791014608917,4,9
large_integer,3364,2564097426245627674639,2,2564097426245627674639,2,13
large_integer,3365,3790805907147312857103,3,3790805907147312857103,3,13
large_integer,3366,3790805907147312857105,3,3790805907147312857105,3,13
large_integer,3367,3800029279184167632913,3,3800029279184167632913,3,13
large_integer,3368,3698572186778765099028,3,3726242302889329426451,3,9
large_integer,3369,4925280667680450281492,4,4980620899901578936340,4,11
large_integer,3370,4925280667680450281494,4,4952950783791014608917,4,9
large_integer,3371,4934504039717305057302,4,6207329380803264118806,5,11
large_integer,3372,3790805907147312857104,3,3790805907147312857104,3,13
large_integer,3373,3735465674926184202260,3,3827699395294731960336,3,15
large_integer,3374,4934504039717305057306,4,5017514388048998039570,4,13
large_integer,3375,4943727411754159833114,4,5054407876196417142802,4,15
large_integer,3376,3698572186778765099030,3,3726242302889329426453,3,9
large_integer,3377,4925280667680450281494,4,4952950783791014608917,4,9
large_integer,3378,4925280667680450281496,4,4980620899901578936342,4,11
large_integer,3379,4934504039717305057304,4,6207329380803264118806,5,11
large_integer,3380,3790805907147312857106,3,3790805907147312857106,3,13
large_integer,3381,4934504039717305057306,4,5017514388048998039570,4,13
large_integer,3382,3735465674926184202262,3,3827699395294731960338,3,15
large_integer,3383,4943727411754159833116,4,5054407876196417142802,4,15
large_integer,3384,3707795558815619874838,3,3735465674926184202261,3,9
large_integer,3385,4934504039717305057302,4,4989844271938433712150,4,11
large_integer,3386,4934504039717305057304,4,4989844271938433712150,4,11
large_integer,3387,4943727411754159833112,4,4989844271938433712150,4,11
large_integer,3388,3800029279184167632914,3,3800029279184167632914,3,13
large_integer,3389,4943727411754159833114,4,5054407876196417142803,4,15
large_integer,3390,4943727411754159833116,4,5054407876196417142803,4,15
large_integer,3391,3744689046963038978070,3,3836922767331586736146,3,15
large_integer,3392,2471863705877079916559,2,3717018930852474650640,3,9
large_integer,3393,3698572186778765099023,3,4943727411754159833104,4,9
large_integer,3394,3698572186778765099025,3,4943727411754159833106,4,9
large_integer,3395,3707795558815619874833,3,4952950783791014608914,4,9
large_integer,3396,3698572186778765099027,3,4943727411754159833108,4,9
large_integer,3397,3707795558815619874835,3,4952950783791014608916,4,9
large_integer,3398,3707795558815619874837,3,4952950783791014608918,4,9
large_integer,3399,3717018930852474650645,3,4962174155827869384726,4,9
large_integer,3400,3698572186778765099024,3,4943727411754159833105,4,9
large_integer,3401,3735465674926184202256,3,4980620899901578936337,4,11
large_integer,3402,4925280667680450281490,4,6170435892655845015571,5,9
large_integer,3403,4934504039717305057298,4,6207329380803264118803,5,11
large_integer,3404,4925280667680450281492,4,6170435892655845015573,5,9
large_integer,3405,4934504039717305057300,4,6207329380803264118805,5,11
large_integer,3406,4934504039717305057302,4,6179659264692699791383,5,9
large_integer,3407,4943727411754159833110,4,6216552752840118894615,5,11
large_integer,3408,3698572186778765099026,3,4943727411754159833107,4,9
large_integer,3409,4925280667680450281490,4,6170435892655845015571,5,9
large_integer,3410,3735465674926184202258,3,4980620899901578936339,4,11
large_integer,3411,4934504039717305057300,4,6207329380803264118803,5,11
large_integer,3412,4925280667680450281494,4,6170435892655845015575,5,9
large_integer,3413,4934504039717305057302,4,6179659264692699791383,5,9
large_integer,3414,4934504039717305057304,4,6207329380803264118807,5,11
large_integer,3415,4943727411754159833112,4,6216552752840118894615,5,11
large_integer,3416,3707795558815619874834,3,4952950783791014608915,4,9
large_integer,3417,4934504039717305057298,4,6207329380803264118804,5,11
large_integer,3418,4934504039717305057300,4,6207329380803264118804,5,11
large_integer,3419,3744689046963038978066,3,4989844271938433712147,4,11
large_integer,3420,4934504039717305057302,4,6179659264692699791383,5,9
large_integer,3421,4943727411754159833110,4,7434037861704949301272,6,11
large_integer,3422,4943727411754159833112,4,7434037861704949301272,6,11
large_integer,3423,4952950783791014608920,4,6216552752840118894615,5,11
large_integer,3424,3698572186778765099028,3,4943727411754159833109,4,9
large_integer,3425,4925280667680450281492,4,6170435892655845015573,5,9
large_integer,3426,4925280667680450281494,4,6170435892655845015575,5,9
large_integer,3427,4934504039717305057302,4,6179659264692699791383,5,9
large_integer,3428,3735465674926184202260,3,3790805907147312857105,3,13
large_integer,3429,4934504039717305057304,4,5017514388048998039569,4,13
large_integer,3430,4934504039717305057306,4,5017514388048998039571,4,13
large_integer,3431,4943727411754159833114,4,5026737760085852815379,4,13
large_integer,3432,3707795558815619874836,3,4952950783791014608917,4,9
large_integer,3433,4934504039717305057300,4,6207329380803264118806,5,11
large_integer,3434,4934504039717305057302,4,6179659264692699791383,5,9
large_integer,3435,4943727411754159833110,4,7434037861704949301272,6,11
large_integer,3436,4934504039717305057304,4,5017514388048998039570,4,13
large_integer,3437,3744689046963038978068,3,5054407876196417142802,4,15
large_integer,3438,4943727411754159833114,4,6244222868950683222036,5,13
large_integer,3439,4952950783791014608922,4,6281116357098102325268,5,15
large_integer,3440,3707795558815619874838,3,4952950783791014608919,4,9
large_integer,3441,4934504039717305057302,4,6179659264692699791383,5,9
large_integer,3442,4934504039717305057304,4,6207329380803264118808,5,11
large_integer,3443,4943727411754159833112,4,7434037861704949301272,6,11
large_integer,3444,4934504039717305057306,4,5017514388048998039572,4,13
large_integer,3445,4943727411754159833114,4,6244222868950683222036,5,13
large_integer,3446,3744689046963038978070,3,5054407876196417142804,4,15
large_integer,3447,4952950783791014608924,4,6281116357098102325268,5,15
large_integer,3448,3717018930852474650646,3,4962174155827869384727,4,9
large_integer,3449,4943727411754159833110,4,6216552752840118894616,5,11
large_integer,3450,4943727411754159833112,4,6216552752840118894616,5,11
large_integer,3451,4952950783791014608920,4,6216552752840118894616,5,11
large_integer,3452,4943727411754159833114,4,5026737760085852815380,4,13
large_integer,3453,4952950783791014608922,4,6281116357098102325269,5,15
large_integer,3454,4952950783791014608924,4,6281116357098102325269,5,15
large_integer,3455,3753912418999893753878,3,5063631248233271918612,4,15
large_integer,3456,1272825341085959061515,1,1272825341085959061515,1,9
large_integer,3457,2499533821987644243979,2,2499533821987644243979,2,9
large_integer,3458,2499533821987644243981,2,2499533821987644243981,2,9
large_integer,3459,2508757194024499019789,2,2508757194024499019789,2,9
large_integer,3460,2499533821987644243983,2,2499533821987644243983,2,9
large_integer,3461,2508757194024499019791,2,2508757194024499019791,2,9
large_integer,3462,2508757194024499019793,2,2508757194024499019793,2,9
large_integer,3463,2517980566061353795601,2,2517980566061353795601,2,9
large_integer,3464,2499533821987644243980,2,2499533821987644243980,2,9
large_integer,3465,2536427310135063347212,2,2536427310135063347212,2,11
large_integer,3466,3726242302889329426446,3,3726242302889329426446,3,9
large_integer,3467,3735465674926184202254,3,3763135791036748529678,3,11
large_integer,3468,3726242302889329426448,3,3726242302889329426448,3,9
large_integer,3469,3735465674926184202256,3,3763135791036748529680,3,11
large_integer,3470,3735465674926184202258,3,3735465674926184202258,3,9
large_integer,3471,3744689046963038978066,3,3772359163073603305490,3,11
large_integer,3472,2499533821987644243982,2,2499533821987644243982,2,9
large_integer,3473,3726242302889329426446,3,3726242302889329426446,3,9
large_integer,3474,2536427310135063347214,2,2600990914393046777873,2,15
large_integer,3475,3735465674926184202256,3,3827699395294731960337,3,15
large_integer,3476,3726242302889329426450,3,3726242302889329426450,3,9
large_integer,3477,3735465674926184202258,3,3735465674926184202258,3,9
large_integer,3478,3735465674926184202260,3,3827699395294731960341,3,15
large_integer,3479,3744689046963038978068,3,3836922767331586736149,3,15
large_integer,3480,2508757194024499019790,2,2508757194024499019790,2,9
large_integer,3481,3735465674926184202254,3,3763135791036748529679,3,11
large_integer,3482,3735465674926184202256,3,3827699395294731960338,3,15
large_integer,3483,2545650682171918123022,2,3864592883442151063570,3,17
large_integer,3484,3735465674926184202258,3,3735465674926184202258,3,9
large_integer,3485,3744689046963038978066,3,4989844271938433712147,4,11
large_integer,3486,3744689046963038978068,3,5054407876196417142806,4,15
large_integer,3487,3753912418999893753876,3,5091301364343836246038,4,17
large_integer,3488,2499533821987644243984,2,2499533821987644243984,2,9
large_integer,3489,3726242302889329426448,3,3726242302889329426448,3,9
large_integer,3490,3726242302889329426450,3,3726242302889329426450,3,9
large_integer,3491,3735465674926184202258,3,3735465674926184202258,3,9
large_integer,3492,2536427310135063347216,2,2600990914393046777873,2,15
large_integer,3493,3735465674926184202260,3,3827699395294731960337,3,15
large_integer,3494,3735465674926184202262,3,3827699395294731960339,3,15
large_integer,3495,3744689046963038978070,3,3836922767331586736147,3,15
large_integer,3496,2508757194024499019792,2,2508757194024499019792,2,9
large_integer,3497,3735465674926184202256,3,3763135791036748529681,3,11
large_integer,3498,3735465674926184202258,3,3735465674926184202258,3,9
large_integer,3499,3744689046963038978066,3,4989844271938433712147,4,11
large_integer,3500,3735465674926184202260,3,3827699395294731960338,3,15
large_integer,3501,2545650682171918123024,2,3864592883442151063570,3,17
large_integer,3502,3744689046963038978070,3,5054407876196417142804,4,15
large_integer,3503,3753912418999893753878,3,5091301364343836246036,4,17
large_integer,3504,2508757194024499019794,2,2508757194024499019794,2,9
large_integer,3505,3735465674926184202258,3,3735465674926184202258,3,9
large_integer,3506,3735465674926184202260,3,3827699395294731960342,3,15
large_integer,3507,3744689046963038978068,3,5054407876196417142806,4,15
large_integer,3508,3735465674926184202262,3,3827699395294731960340,3,15
large_integer,3509,3744689046963038978070,3,5054407876196417142804,4,15
large_integer,3510,1346612317380797267980,1,1346612317380797267980,1,13
large_integer,3511,2573320798282482450444,2,2573320798282482450444,2,13
large_integer,3512,2517980566061353795602,2,2517980566061353795602,2,9
large_integer,3513,3744689046963038978066,3,3772359163073603305491,3,11
large_integer,3514,3744689046963038978068,3,3836922767331586736150,3,15
large_integer,3515,3753912418999893753876,3,5091301364343836246039,4,17
large_integer,3516,3744689046963038978070,3,3836922767331586736148,3,15
large_integer,3517,3753912418999893753878,3,5091301364343836246037,4,17
large_integer,3518,2573320798282482450445,2,2573320798282482450445,2,13
large_integer,3519,2554874054208772898834,2,2610214286429901553677,2,15
large_integer,3520,2481087077913934692369,2,2499533821987644243981,2,9
large_integer,3521,3707795558815619874833,3,3726242302889329426445,3,9
large_integer,3522,3707795558815619874835,3,3726242302889329426447,3,9
large_integer,3523,3717018930852474650643,3,3735465674926184202255,3,9
large_integer,3524,3707795558815619874837,3,3726242302889329426449,3,9
large_integer,3525,3717018930852474650645,3,3735465674926184202257,3,9
large_integer,3526,3717018930852474650647,3,3735465674926184202259,3,9
large_integer,3527,3726242302889329426455,3,3744689046963038978067,3,9
large_integer,3528,3707795558815619874834,3,3726242302889329426446,3,9
large_integer,3529,3744689046963038978066,3,3763135791036748529678,3,11
large_integer,3530,4934504039717305057300,4,4952950783791014608912,4,9
large_integer,3531,4943727411754159833108,4,4989844271938433712144,4,11
large_integer,3532,4934504039717305057302,4,4952950783791014608914,4,9
large_integer,3533,4943727411754159833110,4,4989844271938433712146,4,11
large_integer,3534,4943727411754159833112,4,4962174155827869384724,4,9
large_integer,3535,4952950783791014608920,4,4999067643975288487956,4,11
large_integer,3536,3707795558815619874836,3,3726242302889329426448,3,9
large_integer,3537,4934504039717305057300,4,4952950783791014608912,4,9
large_integer,3538,3744689046963038978068,3,3827699395294731960339,3,15
large_integer,3539,4943727411754159833110,4,5054407876196417142803,4,15
large_integer,3540,4934504039717305057304,4,4952950783791014608916,4,9
large_integer,3541,4943727411754159833112,4,4962174155827869384724,4,9
large_integer,3542,4943727411754159833114,4,5054407876196417142807,4,15
large_integer,3543,4952950783791014608922,4,5063631248233271918615,4,15
large_integer,3544,3717018930852474650644,3,3735465674926184202256,3,9
large_integer,3545,4943727411754159833108,4,4989844271938433712145,4,11
large_integer,3546,4943727411754159833110,4,5054407876196417142804,4,15
large_integer,3547,3753912418999893753876,3,5091301364343836246036,4,17
large_integer,3548,4943727411754159833112,4,4962174155827869384724,4,9
large_integer,3549,4952950783791014608920,4,6216552752840118894613,5,11
large_integer,3550,4952950783791014608922,4,6281116357098102325272,5,15
large_integer,3551,4962174155827869384730,4,6318009845245521428504,5,17
large_integer,3552,3707795558815619874838,3,3726242302889329426450,3,9
large_integer,3553,4934504039717305057302,4,4952950783791014608914,4,9
large_integer,3554,4934504039717305057304,4,4952950783791014608916,4,9
large_integer,3555,4943727411754159833112,4,4962174155827869384724,4,9
large_integer,3556,3744689046963038978070,3,3827699395294731960339,3,15
large_integer,3557,4943727411754159833114,4,5054407876196417142803,4,15
large_integer,3558,4943727411754159833116,4,5054407876196417142805,4,15
large_integer,3559,4952950783791014608924,4,5063631248233271918613,4,15
large_integer,3560,3717018930852474650646,3,3735465674926184202258,3,9
large_integer,3561,4943727411754159833110,4,4989844271938433712147,4,11
large_integer,3562,4943727411754159833112,4,4962174155827869384724,4,9
large_integer,3563,4952950783791014608920,4,6216552752840118894613,5,11
large_integer,3564,4943727411754159833114,4,5054407876196417142804,4,15
large_integer,3565,3753912418999893753878,3,5091301364343836246036,4,17
large_integer,3566,4952950783791014608924,4,6281116357098102325270,5,15
large_integer,3567,4962174155827869384732,4,6318009845245521428502,5,17
large_integer,3568,3717018930852474650648,3,3735465674926184202260,3,9
large_integer,3569,4943727411754159833112,4,4962174155827869384724,4,9
large_integer,3570,4943727411754159833114,4,5054407876196417142808,4,15
large_integer,3571,4952950783791014608922,4,6281116357098102325272,5,15
large_integer,3572,4943727411754159833116,4,5054407876196417142806,4,15
large_integer,3573,4952950783791014608924,4,6281116357098102325270,5,15
large_integer,3574,2573320798282482450446,2,2573320798282482450446,2,13
large_integer,3575,3800029279184167632910,3,3800029279184167632910,3,13
large_integer,3576,3726242302889329426456,3,3744689046963038978068,3,9
large_integer,3577,4952950783791014608920,4,4999067643975288487957,4,11
large_integer,3578,4952950783791014608922,4,5063631248233271918616,4,15
large_integer,3579,4962174155827869384730,4,6318009845245521428505,5,17
large_integer,3580,4952950783791014608924,4,5063631248233271918614,4,15
large_integer,3581,4962174155827869384732,4,6318009845245521428503,5,17
large_integer,3582,3800029279184167632911,3,3800029279184167632911,3,13
large_integer,3583,3763135791036748529688,3,3836922767331586736143,3,15
large_integer,3584,1245155224975394734089,1,1245155224975394734089,1,7
large_integer,3585,2471863705877079916553,2,2471863705877079916553,2,7
large_integer,3586,2471863705877079916555,2,2471863705877079916555,2,7
large_integer,3587,2481087077913934692363,2,2481087077913934692363,2,7
large_integer,3588,2471863705877079916557,2,2471863705877079916557,2,7
large_integer,3589,2481087077913934692365,2,2481087077913934692365,2,7
large_integer,3590,2481087077913934692367,2,2481087077913934692367,2,7
large_integer,3591,2490310449950789468175,2,2490310449950789468175,2,7
large_integer,3592,2471863705877079916554,2,2471863705877079916554,2,7
large_integer,3593,2508757194024499019786,2,2508757194024499019786,2,9
large_integer,3594,3698572186778765099020,3,3698572186778765099020,3,7
large_integer,3595,3707795558815619874828,3,3735465674926184202252,3,9
large_integer,3596,3698572186778765099022,3,3698572186778765099022,3,7
large_integer,3597,3707795558815619874830,3,3735465674926184202254,3,9
large_integer,3598,3707795558815619874832,3,3707795558815619874832,3,7
large_integer,3599,3717018930852474650640,3,3744689046963038978064,3,9
large_integer,3600,2471863705877079916556,2,2471863705877079916556,2,7
large_integer,3601,3698572186778765099020,3,3698572186778765099020,3,7
large_integer,3602,2508757194024499019788,2,2508757194024499019788,2,9
large_integer,3603,3707795558815619874830,3,3735465674926184202252,3,9
large_integer,3604,3698572186778765099024,3,3698572186778765099024,3,7
large_integer,3605,3707795558815619874832,3,3707795558815619874832,3,7
large_integer,3606,3707795558815619874834,3,3735465674926184202256,3,9
large_integer,3607,3717018930852474650642,3,3744689046963038978064,3,9
large_integer,3608,2481087077913934692364,2,2481087077913934692364,2,7
large_integer,3609,3707795558815619874828,3,3735465674926184202253,3,9
large_integer,3610,3707795558815619874830,3,3735465674926184202253,3,9
large_integer,3611,2517980566061353795596,2,2517980566061353795596,2,9
large_integer,3612,3707795558815619874832,3,3707795558815619874832,3,7
large_integer,3613,3717018930852474650640,3,4962174155827869384721,4,9
large_integer,3614,3717018930852474650642,3,4962174155827869384721,4,9
large_integer,3615,3726242302889329426450,3,3744689046963038978064,3,9
large_integer,3616,2471863705877079916558,2,2471863705877079916558,2,7
large_integer,3617,3698572186778765099022,3,3698572186778765099022,3,7
large_integer,3618,3698572186778765099024,3,3698572186778765099024,3,7
large_integer,3619,3707795558815619874832,3,3707795558815619874832,3,7
large_integer,3620,2508757194024499019790,2,2508757194024499019790,2,9
large_integer,3621,3707795558815619874834,3,3735465674926184202254,3,9
large_integer,3622,3707795558815619874836,3,3735465674926184202256,3,9
large_integer,3623,3717018930852474650644,3,3744689046963038978064,3,9
large_integer,3624,2481087077913934692366,2,2481087077913934692366,2,7
large_integer,3625,3707795558815619874830,3,3735465674926184202255,3,9
large_integer,3626,3707795558815619874832,3,3707795558815619874832,3,7
large_integer,3627,3717018930852474650640,3,4962174155827869384721,4,9
large_integer,3628,3707795558815619874834,3,3735465674926184202255,3,9
large_integer,3629,2517980566061353795598,2,2517980566061353795598,2,9
large_integer,3630,3717018930852474650644,3,4962174155827869384721,4,9
large_integer,3631,3726242302889329426452,3,3744689046963038978064,3,9
large_integer,3632,2481087077913934692368,2,2481087077913934692368,2,7
large_integer,3633,3707795558815619874832,3,3707795558815619874832,3,7
large_integer,3634,3707795558815619874834,3,3735465674926184202257,3,9
large_integer,3635,3717018930852474650642,3,4962174155827869384721,4,9
large_integer,3636,3707795558815619874836,3,3735465674926184202257,3,9
large_integer,3637,3717018930852474650644,3,4962174155827869384721,4,9
large_integer,3638,2517980566061353795600,2,2517980566061353795600,2,9
large_integer,3639,3726242302889329426454,3,3744689046963038978064,3,9
large_integer,3640,2490310449950789468176,2,2490310449950789468176,2,7
large_integer,3641,3717018930852474650640,3,3744689046963038978065,3,9
large_integer,3642,3717018930852474650642,3,3744689046963038978065,3,9
large_integer,3643,3726242302889329426450,3,3744689046963038978065,3,9
large_integer,3644,3717018930852474650644,3,3744689046963038978065,3,9
large_integer,3645,3726242302889329426452,3,3744689046963038978065,3,9
large_integer,3646,3726242302889329426454,3,3744689046963038978065,3,9
large_integer,3647,2527203938098208571408,2,2527203938098208571408,2,9
large_integer,3648,2471863705877079916555,2,2499533821987644243982,2,9
large_integer,3649,3698572186778765099019,3,3726242302889329426446,3,9
large_integer,3650,3698572186778765099021,3,3726242302889329426448,3,9
large_integer,3651,3707795558815619874829,3,3735465674926184202256,3,9
large_integer,3652,3698572186778765099023,3,3726242302889329426450,3,9
large_integer,3653,3707795558815619874831,3,3735465674926184202258,3,9
large_integer,3654,3707795558815619874833,3,3735465674926184202260,3,9
large_integer,3655,3717018930852474650641,3,3744689046963038978068,3,9
large_integer,3656,3698572186778765099020,3,3726242302889329426447,3,9
large_integer,3657,2573320798282482450447,2,2573320798282482450447,2,13
large_integer,3658,4925280667680450281486,4,4952950783791014608913,4,9
large_integer,3659,3800029279184167632913,3,3800029279184167632913,3,13
large_integer,3660,4925280667680450281488,4,4952950783791014608915,4,9
large_integer,3661,3800029279184167632915,3,3800029279184167632915,3,13
large_integer,3662,4934504039717305057298,4,4962174155827869384725,4,9
large_integer,3663,3809252651221022408725,3,3809252651221022408725,3,13
large_integer,3664,3698572186778765099022,3,3726242302889329426449,3,9
large_integer,3665,4925280667680450281486,4,4952950783791014608913,4,9
large_integer,3666,3735465674926184202254,3,3763135791036748529681,3,11
large_integer,3667,4934504039717305057296,4,4989844271938433712145,4,11
large_integer,3668,4925280667680450281490,4,4952950783791014608917,4,9
large_integer,3669,4934504039717305057298,4,4962174155827869384725,4,9
large_integer,3670,4934504039717305057300,4,4989844271938433712149,4,11
large_integer,3671,4943727411754159833108,4,4999067643975288487957,4,11
large_integer,3672,3707795558815619874830,3,3735465674926184202257,3,9
large_integer,3673,3800029279184167632914,3,3800029279184167632914,3,13
large_integer,3674,4934504039717305057296,4,4989844271938433712146,4,11
large_integer,3675,3744689046963038978062,3,3836922767331586736146,3,15
large_integer,3676,4934504039717305057298,4,4962174155827869384725,4,9
large_integer,3677,4943727411754159833106,4,5026737760085852815382,4,13
large_integer,3678,4943727411754159833108,4,6216552752840118894614,5,11
large_integer,3679,4952950783791014608916,4,5063631248233271918614,4,15
large_integer,3680,3698572186778765099024,3,3726242302889329426451,3,9
large_integer,3681,4925280667680450281488,4,4952950783791014608915,4,9
large_integer,3682,4925280667680450281490,4,4952950783791014608917,4,9
large_integer,3683,4934504039717305057298,4,4962174155827869384725,4,9
large_integer,3684,3735465674926184202256,3,3763135791036748529683,3,11
large_integer,3685,4934504039717305057300,4,4989844271938433712147,4,11
large_integer,3686,4934504039717305057302,4,4989844271938433712149,4,11
large_integer,3687,4943727411754159833110,4,4999067643975288487957,4,11
large_integer,3688,3707795558815619874832,3,3735465674926184202259,3,9
large_integer,3689,3800029279184167632916,3,3800029279184167632916,3,13
large_integer,3690,4934504039717305057298,4,4962174155827869384725,4,9
large_integer,3691,4943727411754159833106,4,5026737760085852815382,4,13
large_integer,3692,4934504039717305057300,4,4989844271938433712148,4,11
large_integer,3693,3744689046963038978064,3,3836922767331586736148,3,15
large_integer,3694,4943727411754159833110,4,6216552752840118894614,5,11
large_integer,3695,4952950783791014608918,4,5063631248233271918614,4,15
large_integer,3696,3707795558815619874834,3,3735465674926184202261,3,9
large_integer,3697,4934504039717305057298,4,4962174155827869384725,4,9
large_integer,3698,4934504039717305057300,4,4989844271938433712150,4,11
large_integer,3699,4943727411754159833108,4,6216552752840118894614,5,11
large_integer,3700,4934504039717305057302,4,4989844271938433712150,4,11
large_integer,3701,4943727411754159833110,4,6216552752840118894614,5,11
large_integer,3702,3744689046963038978066,3,3772359163073603305493,3,11
large_integer,3703,4952950783791014608920,4,4999067643975288487957,4,11
large_integer,3704,3717018930852474650642,3,3744689046963038978069,3,9
large_integer,3705,3809252651221022408726,3,3809252651221022408726,3,13
large_integer,3706,4943727411754159833108,4,4999067643975288487958,4,11
large_integer,3707,4952950783791014608916,4,5063631248233271918615,4,15
large_integer,3708,4943727411754159833110,4,4999067643975288487958,4,11
large_integer,3709,4952950783791014608918,4,5063631248233271918615,4,15
large_integer,3710,4952950783791014608920,4,4999067643975288487958,4,11
large_integer,3711,3753912418999893753874,3,3846146139368441511958,3,15
large_integer,3712,2471863705877079916557,2,2499533821987644243982,2,9
large_integer,3713,3698572186778765099021,3,3726242302889329426446,3,9
large_integer,3714,3698572186778765099023,3,3726242302889329426448,3,9
large_integer,3715,3707795558815619874831,3,3735465674926184202256,3,9
large_integer,3716,3698572186778765099025,3,3726242302889329426450,3,9
large_integer,3717,3707795558815619874833,3,3735465674926184202258,3,9
large_integer,3718,3707795558815619874835,3,3735465674926184202260,3,9
large_integer,3719,3717018930852474650643,3,3744689046963038978068,3,9
large_integer,3720,3698572186778765099022,3,3726242302889329426447,3,9
large_integer,3721,3735465674926184202254,3,3763135791036748529679,3,11
large_integer,3722,4925280667680450281488,4,4952950783791014608913,4,9
large_integer,3723,4934504039717305057296,4,4989844271938433712145,4,11
large_integer,3724,4925280667680450281490,4,4952950783791014608915,4,9
large_integer,3725,4934504039717305057298,4,4989844271938433712147,4,11
large_integer,3726,4934504039717305057300,4,4962174155827869384725,4,9
large_integer,3727,4943727411754159833108,4,4999067643975288487957,4,11
large_integer,3728,3698572186778765099024,3,3726242302889329426449,3,9
large_integer,3729,4925280667680450281488,4,4952950783791014608913,4,9
large_integer,3730,2573320798282482450447,2,2573320798282482450447,2,13
large_integer,3731,3800029279184167632911,3,3800029279184167632911,3,13
large_integer,3732,4925280667680450281492,4,4952950783791014608917,4,9
large_integer,3733,4934504039717305057300,4,4962174155827869384725,4,9
large_integer,3734,3800029279184167632915,3,3800029279184167632915,3,13
large_integer,3735,3809252651221022408723,3,3809252651221022408723,3,13
large_integer,3736,3707795558815619874832,3,3735465674926184202257,3,9
large_integer,3737,4934504039717305057296,4,4989844271938433712146,4,11
large_integer,3738,3800029279184167632912,3,3800029279184167632912,3,13
large_integer,3739,3744689046963038978064,3,3836922767331586736144,3,15
large_integer,3740,4934504039717305057300,4,4962174155827869384725,4,9
large_integer,3741,4943727411754159833108,4,6216552752840118894614,5,11
large_integer,3742,4943727411754159833110,4,5026737760085852815380,4,13
large_integer,3743,4952950783791014608918,4,5063631248233271918612,4,15
large_integer,3744,3698572186778765099026,3,3726242302889329426451,3,9
large_integer,3745,4925280667680450281490,4,4952950783791014608915,4,9
large_integer,3746,4925280667680450281492,4,4952950783791014608917,4,9
large_integer,3747,4934504039717305057300,4,4962174155827869384725,4,9
large_integer,3748,3735465674926184202258,3,3763135791036748529683,3,11
large_integer,3749,4934504039717305057302,4,4989844271938433712147,4,11
large_integer,3750,4934504039717305057304,4,4989844271938433712149,4,11
large_integer,3751,4943727411754159833112,4,4999067643975288487957,4,11
large_integer,3752,3707795558815619874834,3,3735465674926184202259,3,9
large_integer,3753,4934504039717305057298,4,4989844271938433712148,4,11
large_integer,3754,4934504039717305057300,4,4962174155827869384725,4,9
large_integer,3755,4943727411754159833108,4,6216552752840118894614,5,11
large_integer,3756,4934504039717305057302,4,4989844271938433712148,4,11
large_integer,3757,3744689046963038978066,3,3772359163073603305491,3,11
large_integer,3758,4943727411754159833112,4,6216552752840118894614,5,11
large_integer,3759,4952950783791014608920,4,4999067643975288487957,4,11
large_integer,3760,3707795558815619874836,3,3735465674926184202261,3,9
large_integer,3761,4934504039717305057300,4,4962174155827869384725,4,9
large_integer,3762,3800029279184167632916,3,3800029279184167632916,3,13
large_integer,3763,4943727411754159833110,4,5026737760085852815380,4,13
large_integer,3764,4934504039717305057304,4,4989844271938433712150,4,11
large_integer,3765,4943727411754159833112,4,6216552752840118894614,5,11
large_integer,3766,3744689046963038978068,3,3836922767331586736148,3,15
large_integer,3767,4952950783791014608922,4,5063631248233271918612,4,15
large_integer,3768,3717018930852474650644,3,3744689046963038978069,3,9
large_integer,3769,4943727411754159833108,4,4999067643975288487958,4,11
large_integer,3770,3809252651221022408724,3,3809252651221022408724,3,13
large_integer,3771,4952950783791014608918,4,5063631248233271918613,4,15
large_integer,3772,4943727411754159833112,4,4999067643975288487958,4,11
large_integer,3773,4952950783791014608920,4,4999067643975288487958,4,11
large_integer,3774,4952950783791014608922,4,5063631248233271918613,4,15
large_integer,3775,3753912418999893753876,3,3846146139368441511956,3,15
large_integer,3776,2481087077913934692365,2,2499533821987644243982,2,9
large_integer,3777,3707795558815619874829,3,3726242302889329426446,3,9
large_integer,3778,3707795558815619874831,3,3726242302889329426448,3,9
large_integer,3779,3717018930852474650639,3,3735465674926184202256,3,9
large_integer,3780,3707795558815619874833,3,3726242302889329426450,3,9
large_integer,3781,3717018930852474650641,3,3735465674926184202258,3,9
large_integer,3782,3717018930852474650643,3,3735465674926184202260,3,9
large_integer,3783,3726242302889329426451,3,3744689046963038978068,3,9
large_integer,3784,3707795558815619874830,3,3726242302889329426447,3,9
large_integer,3785,3744689046963038978062,3,3827699395294731960340,3,15
large_integer,3786,4934504039717305057296,4,4952950783791014608913,4,9
large_integer,3787,4943727411754159833104,4,5054407876196417142806,4,15
large_integer,3788,4934504039717305057298,4,4952950783791014608915,4,9
large_integer,3789,4943727411754159833106,4,5054407876196417142808,4,15
large_integer,3790,4943727411754159833108,4,4962174155827869384725,4,9
large_integer,3791,4952950783791014608916,4,5063631248233271918618,4,15
large_integer,3792,3707795558815619874832,3,3726242302889329426449,3,9
large_integer,3793,4934504039717305057296,4,4952950783791014608913,4,9
large_integer,3794,3744689046963038978064,3,3827699395294731960340,3,15
large_integer,3795,4943727411754159833106,4,5054407876196417142804,4,15
large_integer,3796,4934504039717305057300,4,4952950783791014608917,4,9
large_integer,3797,4943727411754159833108,4,4962174155827869384725,4,9
large_integer,3798,4943727411754159833110,4,5054407876196417142808,4,15
large_integer,3799,4952950783791014608918,4,5063631248233271918616,4,15
large_integer,3800,3717018930852474650640,3,3735465674926184202257,3,9
large_integer,3801,4943727411754159833104,4,5054407876196417142807,4,15
large_integer,3802,4943727411754159833106,4,5054407876196417142805,4,15
large_integer,3803,2573320798282482450447,2,2573320798282482450447,2,13
large_integer,3804,4943727411754159833108,4,4962174155827869384725,4,9
large_integer,3805,4952950783791014608916,4,6281116357098102325275,5,15
large_integer,3806,4952950783791014608918,4,6281116357098102325273,5,15
large_integer,3807,3800029279184167632915,3,3800029279184167632915,3,13
large_integer,3808,3707795558815619874834,3,3726242302889329426451,3,9
large_integer,3809,4934504039717305057298,4,4952950783791014608915,4,9
large_integer,3810,4934504039717305057300,4,4952950783791014608917,4,9
large_integer,3811,4943727411754159833108,4,4962174155827869384725,4,9
large_integer,3812,3744689046963038978066,3,3763135791036748529683,3,11
large_integer,3813,4943727411754159833110,4,4989844271938433712147,4,11
large_integer,3814,4943727411754159833112,4,4989844271938433712149,4,11
large_integer,3815,4952950783791014608920,4,4999067643975288487957,4,11
large_integer,3816,3717018930852474650642,3,3735465674926184202259,3,9
large_integer,3817,4943727411754159833106,4,5054407876196417142809,4,15
large_integer,3818,4943727411754159833108,4,4962174155827869384725,4,9
large_integer,3819,4952950783791014608916,4,6281116357098102325275,5,15
large_integer,3820,4943727411754159833110,4,4989844271938433712148,4,11
large_integer,3821,3753912418999893753874,3,5091301364343836246041,4,17
large_integer,3822,4952950783791014608920,4,6216552752840118894614,5,11
large_integer,3823,4962174155827869384728,4,6318009845245521428507,5,17
large_integer,3824,3717018930852474650644,3,3735465674926184202261,3,9
large_integer,3825,4943727411754159833108,4,4962174155827869384725,4,9
large_integer,3826,4943727411754159833110,4,5054407876196417142809,4,15
large_integer,3827,4952950783791014608918,4,6281116357098102325273,5,15
large_integer,3828,4943727411754159833112,4,4989844271938433712150,4,11
large_integer,3829,4952950783791014608920,4,6216552752840118894614,5,11
large_integer,3830,3753912418999893753876,3,5091301364343836246041,4,17
large_integer,3831,4962174155827869384730,4,6318009845245521428505,5,17
large_integer,3832,3726242302889329426452,3,3744689046963038978069,3,9
large_integer,3833,4952950783791014608916,4,5063631248233271918619,4,15
large_integer,3834,4952950783791014608918,4,5063631248233271918617,4,15
large_integer,3835,3800029279184167632916,3,3800029279184167632916,3,13
large_integer,3836,4952950783791014608920,4,4999067643975288487958,4,11
large_integer,3837,4962174155827869384728,4,6318009845245521428508,5,17
large_integer,3838,4962174155827869384730,4,6318009845245521428506,5,17
large_integer,3839,3763135791036748529684,3,3836922767331586736148,3,15
large_integer,3840,2471863705877079916559,2,2499533821987644243982,2,9
large_integer,3841,3698572186778765099023,3,3726242302889329426446,3,9
large_integer,3842,3698572186778765099025,3,3726242302889329426448,3,9
large_integer,3843,3707795558815619874833,3,3735465674926184202256,3,9
large_integer,3844,3698572186778765099027,3,3726242302889329426450,3,9
large_integer,3845,3707795558815619874835,3,3735465674926184202258,3,9
large_integer,3846,3707795558815619874837,3,3735465674926184202260,3,9
large_integer,3847,3717018930852474650645,3,3744689046963038978068,3,9
large_integer,3848,3698572186778765099024,3,3726242302889329426447,3,9
large_integer,3849,3735465674926184202256,3,3763135791036748529679,3,11
large_integer,3850,4925280667680450281490,4,4952950783791014608913,4,9
large_integer,3851,4934504039717305057298,4,4989844271938433712145,4,11
large_integer,3852,4925280667680450281492,4,4952950783791014608915,4,9
large_integer,3853,4934504039717305057300,4,4989844271938433712147,4,11
large_integer,3854,4934504039717305057302,4,4962174155827869384725,4,9
large_integer,3855,4943727411754159833110,4,4999067643975288487957,4,11
large_integer,3856,3698572186778765099026,3,3726242302889329426449,3,9
large_integer,3857,4925280667680450281490,4,4952950783791014608913,4,9
large_integer,3858,3735465674926184202258,3,3763135791036748529681,3,11
large_integer,3859,4934504039717305057300,4,4989844271938433712145,4,11
large_integer,3860,4925280667680450281494,4,4952950783791014608917,4,9
large_integer,3861,4934504039717305057302,4,4962174155827869384725,4,9
large_integer,3862,4934504039717305057304,4,4989844271938433712149,4,11
large_integer,3863,4943727411754159833112,4,4999067643975288487957,4,11
large_integer,3864,3707795558815619874834,3,3735465674926184202257,3,9
large_integer,3865,4934504039717305057298,4,4989844271938433712146,4,11
large_integer,3866,4934504039717305057300,4,4989844271938433712146,4,11
large_integer,3867,3744689046963038978066,3,3772359163073603305489,3,11
large_integer,3868,4934504039717305057302,4,4962174155827869384725,4,9
large_integer,3869,4943727411754159833110,4,6216552752840118894614,5,11
large_integer,3870,4943727411754159833112,4,6216552752840118894614,5,11
large_integer,3871,4952950783791014608920,4,4999067643975288487957,4,11
large_integer,3872,3698572186778765099028,3,3726242302889329426451,3,9
large_integer,3873,4925280667680450281492,4,4952950783791014608915,4,9
large_integer,3874,4925280667680450281494,4,4952950783791014608917,4,9
large_integer,3875,4934504039717305057302,4,4962174155827869384725,4,9
large_integer,3876,2573320798282482450447,2,2573320798282482450447,2,13
large_integer,3877,3800029279184167632911,3,3800029279184167632911,3,13
large_integer,3878,3800029279184167632913,3,3800029279184167632913,3,13
large_integer,3879,3809252651221022408721,3,3809252651221022408721,3,13
large_integer,3880,3707795558815619874836,3,3735465674926184202259,3,9
large_integer,3881,4934504039717305057300,4,4989844271938433712148,4,11
large_integer,3882,4934504039717305057302,4,4962174155827869384725,4,9
large_integer,3883,4943727411754159833110,4,6216552752840118894614,5,11
large_integer,3884,3800029279184167632912,3,3800029279184167632912,3,13
large_integer,3885,3744689046963038978068,3,3836922767331586736144,3,15
large_integer,3886,4943727411754159833114,4,5026737760085852815378,4,13
large_integer,3887,4952950783791014608922,4,5063631248233271918610,4,15
large_integer,3888,3707795558815619874838,3,3735465674926184202261,3,9
large_integer,3889,4934504039717305057302,4,4962174155827869384725,4,9
large_integer,3890,4934504039717305057304,4,4989844271938433712150,4,11
large_integer,3891,4943727411754159833112,4,6216552752840118894614,5,11
large_integer,3892,3800029279184167632914,3,3800029279184167632914,3,13
large_integer,3893,4943727411754159833114,4,5026737760085852815378,4,13
large_integer,3894,3744689046963038978070,3,3836922767331586736146,3,15
large_integer,3895,4952950783791014608924,4,5063631248233271918610,4,15
large_integer,3896,3717018930852474650646,3,3744689046963038978069,3,9
large_integer,3897,4943727411754159833110,4,4999067643975288487958,4,11
large_integer,3898,4943727411754159833112,4,4999067643975288487958,4,11
large_integer,3899,4952950783791014608920,4,4999067643975288487958,4,11
large_integer,3900,3809252651221022408722,3,3809252651221022408722,3,13
large_integer,3901,4952950783791014608922,4,5063631248233271918611,4,15
large_integer,3902,4952950783791014608924,4,5063631248233271918611,4,15
large_integer,3903,3753912418999893753878,3,3846146139368441511954,3,15
large_integer,3904,2481087077913934692367,2,2499533821987644243982,2,9
large_integer,3905,3707795558815619874831,3,3726242302889329426446,3,9
large_integer,3906,3707795558815619874833,3,3726242302889329426448,3,9
large_integer,3907,3717018930852474650641,3,3735465674926184202256,3,9
large_integer,3908,3707795558815619874835,3,3726242302889329426450,3,9
large_integer,3909,3717018930852474650643,3,3735465674926184202258,3,9
large_integer,3910,3717018930852474650645,3,3735465674926184202260,3,9
large_integer,3911,3726242302889329426453,3,3744689046963038978068,3,9
large_integer,3912,3707795558815619874832,3,3726242302889329426447,3,9
large_integer,3913,3744689046963038978064,3,3827699395294731960340,3,15
large_integer,3914,4934504039717305057298,4,4952950783791014608913,4,9
large_integer,3915,4943727411754159833106,4,5054407876196417142806,4,15
large_integer,3916,4934504039717305057300,4,4952950783791014608915,4,9
large_integer,3917,4943727411754159833108,4,5054407876196417142808,4,15
large_integer,3918,4943727411754159833110,4,4962174155827869384725,4,9
large_integer,3919,4952950783791014608918,4,5063631248233271918618,4,15
large_integer,3920,3707795558815619874834,3,3726242302889329426449,3,9
large_integer,3921,4934504039717305057298,4,4952950783791014608913,4,9
large_integer,3922,3744689046963038978066,3,3763135791036748529681,3,11
large_integer,3923,4943727411754159833108,4,4989844271938433712145,4,11
large_integer,3924,4934504039717305057302,4,4952950783791014608917,4,9
large_integer,3925,4943727411754159833110,4,4962174155827869384725,4,9
large_integer,3926,4943727411754159833112,4,4989844271938433712149,4,11
large_integer,3927,4952950783791014608920,4,4999067643975288487957,4,11
large_integer,3928,3717018930852474650642,3,3735465674926184202257,3,9
large_integer,3929,4943727411754159833106,4,5054407876196417142807,4,15
large_integer,3930,4943727411754159833108,4,4989844271938433712146,4,11
large_integer,3931,3753912418999893753874,3,5091301364343836246039,4,17
large_integer,3932,4943727411754159833110,4,4962174155827869384725,4,9
large_integer,3933,4952950783791014608918,4,6281116357098102325275,5,15
large_integer,3934,4952950783791014608920,4,6216552752840118894614,5,11
large_integer,3935,4962174155827869384728,4,6318009845245521428507,5,17
large_integer,3936,3707795558815619874836,3,3726242302889329426451,3,9
large_integer,3937,4934504039717305057300,4,4952950783791014608915,4,9
large_integer,3938,4934504039717305057302,4,4952950783791014608917,4,9
large_integer,3939,4943727411754159833110,4,4962174155827869384725,4,9
large_integer,3940,3744689046963038978068,3,3827699395294731960340,3,15
large_integer,3941,4943727411754159833112,4,5054407876196417142804,4,15
large_integer,3942,4943727411754159833114,4,5054407876196417142806,4,15
large_integer,3943,4952950783791014608922,4,5063631248233271918614,4,15
large_integer,3944,3717018930852474650644,3,3735465674926184202259,3,9
large_integer,3945,4943727411754159833108,4,5054407876196417142809,4,15
large_integer,3946,4943727411754159833110,4,4962174155827869384725,4,9
large_integer,3947,4952950783791014608918,4,6281116357098102325275,5,15
large_integer,3948,4943727411754159833112,4,5054407876196417142805,4,15
large_integer,3949,2573320798282482450447,2,2573320798282482450447,2,13
large_integer,3950,4952950783791014608922,4,6281116357098102325271,5,15
large_integer,3951,3800029279184167632913,3,3800029279184167632913,3,13
large_integer,3952,3717018930852474650646,3,3735465674926184202261,3,9
large_integer,3953,4943727411754159833110,4,4962174155827869384725,4,9
large_integer,3954,4943727411754159833112,4,4989844271938433712150,4,11
large_integer,3955,4952950783791014608920,4,6216552752840118894614,5,11
large_integer,3956,4943727411754159833114,4,5054407876196417142807,4,15
large_integer,3957,4952950783791014608922,4,6281116357098102325271,5,15
large_integer,3958,3753912418999893753878,3,5091301364343836246039,4,17
large_integer,3959,4962174155827869384732,4,6318009845245521428503,5,17
large_integer,3960,3726242302889329426454,3,3744689046963038978069,3,9
large_integer,3961,4952950783791014608918,4,5063631248233271918619,4,15
large_integer,3962,4952950783791014608920,4,4999067643975288487958,4,11
large_integer,3963,4962174155827869384728,4,6318009845245521428508,5,17
large_integer,3964,4952950783791014608922,4,5063631248233271918615,4,15
large_integer,3965,3800029279184167632914,3,3800029279184167632914,3,13
large_integer,3966,4962174155827869384732,4,6318009845245521428504,5,17
large_integer,3967,3763135791036748529686,3,3836922767331586736146,3,15
large_integer,3968,2481087077913934692369,2,2499533821987644243982,2,9
large_integer,3969,3707795558815619874833,3,3726242302889329426446,3,9
large_integer,3970,3707795558815619874835,3,3726242302889329426448,3,9
large_integer,3971,3717018930852474650643,3,3735465674926184202256,3,9
large_integer,3972,3707795558815619874837,3,3726242302889329426450,3,9
large_integer,3973,3717018930852474650645,3,3735465674926184202258,3,9
large_integer,3974,3717018930852474650647,3,3735465674926184202260,3,9
large_integer,3975,3726242302889329426455,3,3744689046963038978068,3,9
large_integer,3976,3707795558815619874834,3,3726242302889329426447,3,9
large_integer,3977,3744689046963038978066,3,3763135791036748529679,3,11
large_integer,3978,4934504039717305057300,4,4952950783791014608913,4,9
large_integer,3979,4943727411754159833108,4,4989844271938433712145,4,11
large_integer,3980,4934504039717305057302,4,4952950783791014608915,4,9
large_integer,3981,4943727411754159833110,4,4989844271938433712147,4,11
large_integer,3982,4943727411754159833112,4,4962174155827869384725,4,9
large_integer,3983,4952950783791014608920,4,4999067643975288487957,4,11
large_integer,3984,3707795558815619874836,3,3726242302889329426449,3,9
large_integer,3985,4934504039717305057300,4,4952950783791014608913,4,9
large_integer,3986,3744689046963038978068,3,3827699395294731960340,3,15
large_integer,3987,4943727411754159833110,4,5054407876196417142804,4,15
large_integer,3988,4934504039717305057304,4,4952950783791014608917,4,9
large_integer,3989,4943727411754159833112,4,4962174155827869384725,4,9
large_integer,3990,4943727411754159833114,4,5054407876196417142808,4,15
large_integer,3991,4952950783791014608922,4,5063631248233271918616,4,15
large_integer,3992,3717018930852474650644,3,3735465674926184202257,3,9
large_integer,3993,4943727411754159833108,4,4989844271938433712146,4,11
large_integer,3994,4943727411754159833110,4,5054407876196417142805,4,15
large_integer,3995,3753912418999893753876,3,5091301364343836246037,4,17
large_integer,3996,4943727411754159833112,4,4962174155827869384725,4,9
large_integer,3997,4952950783791014608920,4,6216552752840118894614,5,11
large_integer,3998,4952950783791014608922,4,6281116357098102325273,5,15
large_integer,3999,4962174155827869384730,4,6318009845245521428505,5,17
large_integer,4000,3707795558815619874838,3,3726242302889329426451,3,9
large_integer,4001,4934504039717305057302,4,4952950783791014608915,4,9
large_integer,4002,4934504039717305057304,4,4952950783791014608917,4,9
large_integer,4003,4943727411754159833112,4,4962174155827869384725,4,9
large_integer,4004,3744689046963038978070,3,3827699395294731960340,3,15
large_integer,4005,4943727411754159833114,4,5054407876196417142804,4,15
large_integer,4006,4943727411754159833116,4,5054407876196417142806,4,15
large_integer,4007,4952950783791014608924,4,5063631248233271918614,4,15
large_integer,4008,3717018930852474650646,3,3735465674926184202259,3,9
large_integer,4009,4943727411754159833110,4,4989844271938433712148,4,11
large_integer,4010,4943727411754159833112,4,4962174155827869384725,4,9
large_integer,4011,4952950783791014608920,4,6216552752840118894614,5,11
large_integer,4012,4943727411754159833114,4,5054407876196417142805,4,15
large_integer,4013,3753912418999893753878,3,5091301364343836246037,4,17
large_integer,4014,4952950783791014608924,4,6281116357098102325271,5,15
large_integer,4015,4962174155827869384732,4,6318009845245521428503,5,17
large_integer,4016,3717018930852474650648,3,3735465674926184202261,3,9
large_integer,4017,4943727411754159833112,4,4962174155827869384725,4,9
large_integer,4018,4943727411754159833114,4,5054407876196417142809,4,15
large_integer,4019,4952950783791014608922,4,6281116357098102325273,5,15
large_integer,4020,4943727411754159833116,4,5054407876196417142807,4,15
large_integer,4021,4952950783791014608924,4,6281116357098102325271,5,15
large_integer,4022,2573320798282482450447,2,2573320798282482450447,2,13
large_integer,4023,3800029279184167632911,3,3800029279184167632911,3,13
large_integer,4024,3726242302889329426456,3,3744689046963038978069,3,9
large_integer,4025,4952950783791014608920,4,4999067643975288487958,4,11
large_integer,4026,4952950783791014608922,4,5063631248233271918617,4,15
large_integer,4027,4962174155827869384730,4,6318009845245521428506,5,17
large_integer,4028,4952950783791014608924,4,5063631248233271918615,4,15
large_integer,4029,4962174155827869384732,4,6318009845245521428504,5,17
large_integer,4030,3800029279184167632912,3,3800029279184167632912,3,13
large_integer,4031,3763135791036748529688,3,3836922767331586736144,3,15
large_integer,4032,1282048713122813837323,1,1282048713122813837323,1,9
large_integer,4033,2508757194024499019787,2,2508757194024499019787,2,9
large_integer,4034,2508757194024499019789,2,2508757194024499019789,2,9
large_integer,4035,2517980566061353795597,2,2517980566061353795597,2,9
large_integer,4036,2508757194024499019791,2,2508757194024499019791,2,9
large_integer,4037,2517980566061353795599,2,2517980566061353795599,2,9
large_integer,4038,2517980566061353795601,2,2517980566061353795601,2,9
large_integer,4039,2527203938098208571409,2,2527203938098208571409,2,9
large_integer,4040,2508757194024499019788,2,2508757194024499019788,2,9
large_integer,4041,2545650682171918123020,2,2610214286429901553681,2,15
large_integer,4042,3735465674926184202254,3,3735465674926184202254,3,9
large_integer,4043,3744689046963038978062,3,3836922767331586736147,3,15
large_integer,4044,3735465674926184202256,3,3735465674926184202256,3,9
large_integer,4045,3744689046963038978064,3,3836922767331586736149,3,15
large_integer,4046,3744689046963038978066,3,3744689046963038978066,3,9
large_integer,4047,3753912418999893753874,3,3846146139368441511959,3,15
large_integer,4048,2508757194024499019790,2,2508757194024499019790,2,9
large_integer,4049,3735465674926184202254,3,3735465674926184202254,3,9
large_integer,4050,2545650682171918123022,2,2610214286429901553681,2,15
large_integer,4051,3744689046963038978064,3,3836922767331586736145,3,15
large_integer,4052,3735465674926184202258,3,3735465674926184202258,3,9
large_integer,4053,3744689046963038978066,3,3744689046963038978066,3,9
large_integer,4054,3744689046963038978068,3,3836922767331586736149,3,15
large_integer,4055,3753912418999893753876,3,3846146139368441511957,3,15
large_integer,4056,2517980566061353795598,2,2517980566061353795598,2,9
large_integer,4057,3744689046963038978062,3,3836922767331586736148,3,15
large_integer,4058,3744689046963038978064,3,3836922767331586736146,3,15
large_integer,4059,2554874054208772898830,2,2610214286429901553681,2,15
large_integer,4060,3744689046963038978066,3,3744689046963038978066,3,9
large_integer,4061,3753912418999893753874,3,5063631248233271918616,4,15
large_integer,4062,3753912418999893753876,3,5063631248233271918614,4,15
large_integer,4063,3763135791036748529684,3,3836922767331586736149,3,15
large_integer,4064,2508757194024499019792,2,2508757194024499019792,2,9
large_integer,4065,3735465674926184202256,3,3735465674926184202256,3,9
large_integer,4066,3735465674926184202258,3,3735465674926184202258,3,9
large_integer,4067,3744689046963038978066,3,3744689046963038978066,3,9
large_integer,4068,2545650682171918123024,2,2610214286429901553681,2,15
large_integer,4069,3744689046963038978068,3,3836922767331586736145,3,15
large_integer,4070,3744689046963038978070,3,3836922767331586736147,3,15
large_integer,4071,3753912418999893753878,3,3846146139368441511955,3,15
large_integer,4072,2517980566061353795600,2,2517980566061353795600,2,9
large_integer,4073,3744689046963038978064,3,3836922767331586736150,3,15
large_integer,4074,3744689046963038978066,3,3744689046963038978066,3,9
large_integer,4075,3753912418999893753874,3,5063631248233271918616,4,15
large_integer,4076,3744689046963038978068,3,3836922767331586736146,3,15
large_integer,4077,2554874054208772898832,2,2610214286429901553681,2,15
large_integer,4078,3753912418999893753878,3,5063631248233271918612,4,15
large_integer,4079,3763135791036748529686,3,3836922767331586736147,3,15
large_integer,4080,2517980566061353795602,2,2517980566061353795602,2,9
large_integer,4081,3744689046963038978066,3,3744689046963038978066,3,9
large_integer,4082,3744689046963038978068,3,3836922767331586736150,3,15
large_integer,4083,3753912418999893753876,3,5063631248233271918614,4,15
large_integer,4084,3744689046963038978070,3,3836922767331586736148,3,15
large_integer,4085,3753912418999893753878,3,5063631248233271918612,4,15
large_integer,4086,2554874054208772898834,2,2610214286429901553681,2,15
large_integer,4087,3763135791036748529688,3,3836922767331586736145,3,15
large_integer,4088,2527203938098208571410,2,2527203938098208571410,2,9
large_integer,4089,3753912418999893753874,3,3846146139368441511960,3,15
large_integer,4090,3753912418999893753876,3,3846146139368441511958,3,15
large_integer,4091,3763135791036748529684,3,3836922767331586736150,3,15
large_integer,4092,3753912418999893753878,3,3846146139368441511956,3,15
large_integer,4093,3763135791036748529686,3,3836922767331586736148,3,15
large_integer,4094,3763135791036748529688,3,3836922767331586736146,3,15
large_integer,4095,1355835689417652043788,1,1355835689417652043788,1,13
