regime,mask,cost,blocks,greedy_cost,greedy_blocks,states
unit,24576,3,1,3,1,7
unit,24577,5,2,5,2,7
unit,24578,5,2,5,2,7
unit,24579,6,2,6,2,7
unit,24580,5,2,5,2,7
unit,24581,6,2,6,2,7
unit,24582,6,2,6,2,7
unit,24583,7,2,7,2,7
unit,24584,5,2,5,2,7
unit,24585,6,2,6,2,7
unit,24586,6,2,6,2,7
unit,24587,7,2,7,2,7
unit,24588,6,2,6,2,7
unit,24589,7,2,7,2,7
unit,24590,7,2,7,2,7
unit,24591,8,2,8,2,7
unit,24592,5,2,5,2,7
unit,24593,7,3,7,3,7
unit,24594,7,3,7,3,7
unit,24595,8,3,8,3,7
unit,24596,7,3,7,3,7
unit,24597,8,3,8,3,7
unit,24598,8,3,8,3,7
unit,24599,9,3,9,3,7
unit,24600,7,3,7,3,7
unit,24601,8,3,8,3,7
unit,24602,8,3,8,3,7
unit,24603,9,3,9,3,7
unit,24604,8,3,8,3,7
unit,24605,9,3,9,3,7
unit,24606,9,3,9,3,7
unit,24607,10,3,10,3,7
unit,24608,5,2,5,2,7
unit,24609,7,3,7,3,7
unit,24610,7,3,7,3,7
unit,24611,8,3,8,3,7
unit,24612,7,3,7,3,7
unit,24613,8,3,8,3,7
unit,24614,8,3,8,3,7
unit,24615,9,3,9,3,7
unit,24616,7,3,7,3,7
unit,24617,8,3,8,3,7
unit,24618,8,3,8,3,7
unit,24619,9,3,9,3,7
unit,24620,8,3,8,3,7
unit,24621,9,3,9,3,7
unit,24622,9,3,9,3,7
unit,24623,10,3,10,3,7
unit,24624,6,2,6,2,7
unit,24625,8,3,8,3,7
unit,24626,8,3,8,3,7
unit,24627,9,3,9,3,7
unit,24628,8,3,8,3,7
unit,24629,9,3,9,3,7
unit,24630,9,3,9,3,7
unit,24631,10,3,10,3,7
unit,24632,8,3,8,3,7
unit,24633,9,3,9,3,7
unit,24634,9,3,9,3,7
unit,24635,10,3,10,3,7
unit,24636,9,3,9,3,7
unit,24637,10,3,10,3,7
unit,24638,10,3,10,3,7
unit,24639,11,3,11,3,7
unit,24640,5,2,5,2,7
unit,24641,7,3,7,3,7
unit,24642,7,3,7,3,7
unit,24643,8,3,8,3,7
unit,24644,7,3,7,3,7
unit,24645,8,3,8,3,7
unit,24646,8,3,8,3,7
unit,24647,9,3,9,3,7
unit,24648,7,3,7,3,7
unit,24649,8,3,8,3,7
unit,24650,8,3,8,3,7
unit,24651,9,3,9,3,7
unit,24652,8,3,8,3,7
unit,24653,9,3,9,3,7
unit,24654,9,3,9,3,7
unit,24655,10,3,10,3,7
unit,24656,6,2,6,2,7
unit,24657,8,3,8,3,7
unit,24658,8,3,8,3,7
unit,24659,9,3,9,3,7
unit,24660,8,3,8,3,7
unit,24661,9,3,9,3,7
unit,24662,9,3,9,3,7
unit,24663,10,3,10,3,7
unit,24664,8,3,8,3,7
unit,24665,9,3,9,3,7
unit,24666,9,3,9,3,7
unit,24667,10,3,10,3,7
unit,24668,9,3,9,3,7
unit,24669,10,3,10,3,7
unit,24670,10,3,10,3,7
unit,24671,11,3,11,3,7
unit,24672,6,2,6,2,7
unit,24673,8,3,8,3,7
unit,24674,8,3,8,3,7
unit,24675,9,3,9,3,7
unit,24676,8,3,8,3,7
unit,24677,9,3,9,3,7
unit,24678,9,3,9,3,7
unit,24679,10,3,10,3,7
unit,24680,8,3,8,3,7
unit,24681,9,3,9,3,7
unit,24682,9,3,9,3,7
unit,24683,10,3,10,3,7
unit,24684,9,3,9,3,7
unit,24685,10,3,10,3,7
unit,24686,10,3,10,3,7
unit,24687,11,3,11,3,7
unit,24688,7,2,7,2,7
unit,24689,9,3,9,3,7
unit,24690,9,3,9,3,7
unit,24691,10,3,10,3,7
unit,24692,9,3,9,3,7
unit,24693,10,3,10,3,7
unit,24694,10,3,10,3,7
unit,24695,11,3,11,3,7
unit,24696,9,3,9,3,7
unit,24697,10,3,10,3,7
unit,24698,10,3,10,3,7
unit,24699,11,3,11,3,7
unit,24700,10,3,10,3,7
unit,24701,11,3,11,3,7
unit,24702,11,3,11,3,7
unit,24703,12,3,12,3,7
unit,24704,5,2,5,2,7
unit,24705,7,3,7,3,7
unit,24706,7,3,7,3,7
unit,24707,8,3,8,3,7
unit,24708,7,3,7,3,7
unit,24709,8,3,8,3,7
unit,24710,8,3,8,3,7
unit,24711,9,3,9,3,7
unit,24712,7,3,7,3,7
unit,24713,8,3,8,3,7
unit,24714,8,3,8,3,7
unit,24715,9,3,9,3,7
unit,24716,8,3,8,3,7
unit,24717,9,3,9,3,7
unit,24718,9,3,9,3,7
unit,24719,10,3,10,3,7
unit,24720,6,2,6,2,7
unit,24721,8,3,8,3,7
unit,24722,8,3,8,3,7
unit,24723,9,3,9,3,7
unit,24724,8,3,8,3,7
unit,24725,9,3,9,3,7
unit,24726,9,3,9,3,7
unit,24727,10,3,10,3,7
unit,24728,8,3,8,3,7
unit,24729,9,3,9,3,7
unit,24730,9,3,9,3,7
unit,24731,10,3,10,3,7
unit,24732,9,3,9,3,7
unit,24733,10,3,10,3,7
unit,24734,10,3,10,3,7
unit,24735,11,3,11,3,7
unit,24736,6,2,6,2,7
unit,24737,8,3,8,3,7
unit,24738,8,3,8,3,7
unit,24739,9,3,9,3,7
unit,24740,8,3,8,3,7
unit,24741,9,3,9,3,7
unit,24742,9,3,9,3,7
unit,24743,10,3,10,3,7
unit,24744,8,3,8,3,7
unit,24745,9,3,9,3,7
unit,24746,9,3,9,3,7
unit,24747,10,3,10,3,7
unit,24748,9,3,9,3,7
unit,24749,10,3,10,3,7
unit,24750,10,3,10,3,7
unit,24751,11,3,11,3,7
unit,24752,7,2,7,2,7
unit,24753,9,3,9,3,7
unit,24754,9,3,9,3,7
unit,24755,10,3,10,3,7
unit,24756,9,3,9,3,7
unit,24757,10,3,10,3,7
unit,24758,10,3,10,3,7
unit,24759,11,3,11,3,7
unit,24760,9,3,9,3,7
unit,24761,10,3,10,3,7
unit,24762,10,3,10,3,7
unit,24763,11,3,11,3,7
unit,24764,10,3,10,3,7
unit,24765,11,3,11,3,7
unit,24766,11,3,11,3,7
unit,24767,12,3,12,3,7
unit,24768,6,2,6,2,7
unit,24769,8,3,8,3,7
unit,24770,8,3,8,3,7
unit,24771,9,3,9,3,7
unit,24772,8,3,8,3,7
unit,24773,9,3,9,3,7
unit,24774,9,3,9,3,7
unit,24775,10,3,10,3,7
unit,24776,8,3,8,3,7
unit,24777,9,3,9,3,7
unit,24778,9,3,9,3,7
unit,24779,10,3,10,3,7
unit,24780,9,3,9,3,7
unit,24781,10,3,10,3,7
unit,24782,10,3,10,3,7
unit,24783,11,3,11,3,7
unit,24784,7,2,7,2,7
unit,24785,9,3,9,3,7
unit,24786,9,3,9,3,7
unit,24787,10,3,10,3,7
unit,24788,9,3,9,3,7
unit,24789,10,3,10,3,7
unit,24790,10,3,10,3,7
unit,24791,11,3,11,3,7
unit,24792,9,3,9,3,7
unit,24793,10,3,10,3,7
unit,24794,10,3,10,3,7
unit,24795,11,3,11,3,7
unit,24796,10,3,10,3,7
unit,24797,11,3,11,3,7
unit,24798,11,3,11,3,7
unit,24799,12,3,12,3,7
unit,24800,7,2,7,2,7
unit,24801,9,3,9,3,7
unit,24802,9,3,9,3,7
unit,24803,10,3,10,3,7
unit,24804,9,3,9,3,7
unit,24805,10,3,10,3,7
unit,24806,10,3,10,3,7
unit,24807,11,3,11,3,7
unit,24808,9,3,9,3,7
unit,24809,10,3,10,3,7
unit,24810,10,3,10,3,7
unit,24811,11,3,11,3,7
unit,24812,10,3,10,3,7
unit,24813,11,3,11,3,7
unit,24814,11,3,11,3,7
unit,24815,12,3,12,3,7
unit,24816,8,2,8,2,7
unit,24817,10,3,10,3,7
unit,24818,10,3,10,3,7
unit,24819,11,3,11,3,7
unit,24820,10,3,10,3,7
unit,24821,11,3,11,3,7
unit,24822,11,3,11,3,7
unit,24823,12,3,12,3,7
unit,24824,10,3,10,3,7
unit,24825,11,3,11,3,7
unit,24826,11,3,11,3,7
unit,24827,12,3,12,3,7
unit,24828,11,3,11,3,7
unit,24829,12,3,12,3,7
unit,24830,12,3,12,3,7
unit,24831,13,3,13,3,7
unit,24832,5,2,5,2,7
unit,24833,7,3,7,3,7
unit,24834,7,3,7,3,7
unit,24835,8,3,8,3,7
unit,24836,7,3,7,3,7
unit,24837,8,3,8,3,7
unit,24838,8,3,8,3,7
unit,24839,9,3,9,3,7
unit,24840,7,3,7,3,7
unit,24841,8,3,8,3,7
unit,24842,8,3,8,3,7
unit,24843,9,3,9,3,7
unit,24844,8,3,8,3,7
unit,24845,9,3,9,3,7
unit,24846,9,3,9,3,7
unit,24847,10,3,10,3,7
unit,24848,7,3,7,3,7
unit,24849,9,4,9,4,7
unit,24850,9,4,9,4,7
unit,24851,10,4,10,4,7
unit,24852,9,4,9,4,7
unit,24853,10,4,10,4,7
unit,24854,10,4,10,4,7
unit,24855,11,4,11,4,7
unit,24856,9,4,9,4,7
unit,24857,10,4,10,4,7
unit,24858,10,4,10,4,7
unit,24859,11,4,11,4,7
unit,24860,10,4,10,4,7
unit,24861,11,4,11,4,7
unit,24862,11,4,11,4,7
unit,24863,12,4,12,4,7
unit,24864,7,3,7,3,7
unit,24865,9,4,9,4,7
unit,24866,9,4,9,4,7
unit,24867,10,4,10,4,7
unit,24868,9,4,9,4,7
unit,24869,10,4,10,4,7
unit,24870,10,4,10,4,7
unit,24871,11,4,11,4,7
unit,24872,9,4,9,4,7
unit,24873,10,4,10,4,7
unit,24874,10,4,10,4,7
unit,24875,11,4,11,4,7
unit,24876,10,4,10,4,7
unit,24877,11,4,11,4,7
unit,24878,11,4,11,4,7
unit,24879,12,4,12,4,7
unit,24880,8,3,8,3,7
unit,24881,10,4,10,4,7
unit,24882,10,4,10,4,7
unit,24883,11,4,11,4,7
unit,24884,10,4,10,4,7
unit,24885,11,4,11,4,7
unit,24886,11,4,11,4,7
unit,24887,12,4,12,4,7
unit,24888,10,4,10,4,7
unit,24889,11,4,11,4,7
unit,24890,11,4,11,4,7
unit,24891,12,4,12,4,7
unit,24892,11,4,11,4,7
unit,24893,12,4,12,4,7
unit,24894,12,4,12,4,7
unit,24895,13,4,13,4,7
unit,24896,7,3,7,3,7
unit,24897,9,4,9,4,7
unit,24898,9,4,9,4,7
unit,24899,10,4,10,4,7
unit,24900,9,4,9,4,7
unit,24901,10,4,10,4,7
unit,24902,10,4,10,4,7
unit,24903,11,4,11,4,7
unit,24904,9,4,9,4,7
unit,24905,10,4,10,4,7
unit,24906,10,4,10,4,7
unit,24907,11,4,11,4,7
unit,24908,10,4,10,4,7
unit,24909,11,4,11,4,7
unit,24910,11,4,11,4,7
unit,24911,12,4,12,4,7
unit,24912,8,3,8,3,7
unit,24913,10,4,10,4,7
unit,24914,10,4,10,4,7
unit,24915,11,4,11,4,7
unit,24916,10,4,10,4,7
unit,24917,11,4,11,4,7
unit,24918,11,4,11,4,7
unit,24919,12,4,12,4,7
unit,24920,10,4,10,4,7
unit,24921,11,4,11,4,7
unit,24922,11,4,11,4,7
unit,24923,12,4,12,4,7
unit,24924,11,4,11,4,7
unit,24925,12,4,12,4,7
unit,24926,12,4,12,4,7
unit,24927,13,4,13,4,7
unit,24928,8,3,8,3,7
unit,24929,10,4,10,4,7
unit,24930,10,4,10,4,7
unit,24931,11,4,11,4,7
unit,24932,10,4,10,4,7
unit,24933,11,4,11,4,7
unit,24934,11,4,11,4,7
unit,24935,12,4,12,4,7
unit,24936,10,4,10,4,7
unit,24937,11,4,11,4,7
unit,24938,11,4,11,4,7
unit,24939,12,4,12,4,7
unit,24940,11,4,11,4,7
unit,24941,12,4,12,4,7
unit,24942,12,4,12,4,7
unit,24943,13,4,13,4,7
unit,24944,9,3,9,3,7
unit,24945,11,4,11,4,7
unit,24946,11,4,11,4,7
unit,24947,12,4,12,4,7
unit,24948,11,4,11,4,7
unit,24949,12,4,12,4,7
unit,24950,12,4,12,4,7
unit,24951,13,4,13,4,7
unit,24952,11,4,11,4,7
unit,24953,12,4,12,4,7
unit,24954,12,4,12,4,7
unit,24955,13,4,13,4,7
unit,24956,12,4,12,4,7
unit,24957,13,4,13,4,7
unit,24958,13,4,13,4,7
unit,24959,14,4,14,4,7
unit,24960,7,3,7,3,7
unit,24961,9,4,9,4,7
unit,24962,9,4,9,4,7
unit,24963,10,4,10,4,7
unit,24964,9,4,9,4,7
unit,24965,10,4,10,4,7
unit,24966,10,4,10,4,7
unit,24967,11,4,11,4,7
unit,24968,9,4,9,4,7
unit,24969,10,4,10,4,7
unit,24970,10,4,10,4,7
unit,24971,11,4,11,4,7
unit,24972,10,4,10,4,7
unit,24973,11,4,11,4,7
unit,24974,11,4,11,4,7
unit,24975,12,4,12,4,7
unit,24976,8,3,8,3,7
unit,24977,10,4,10,4,7
unit,24978,10,4,10,4,7
unit,24979,11,4,11,4,7
unit,24980,10,4,10,4,7
unit,24981,11,4,11,4,7
unit,24982,11,4,11,4,7
unit,24983,12,4,12,4,7
unit,24984,10,4,10,4,7
unit,24985,11,4,11,4,7
unit,24986,11,4,11,4,7
unit,24987,12,4,12,4,7
unit,24988,11,4,11,4,7
unit,24989,12,4,12,4,7
unit,24990,12,4,12,4,7
unit,24991,13,4,13,4,7
unit,24992,8,3,8,3,7
unit,24993,10,4,10,4,7
unit,24994,10,4,10,4,7
unit,24995,11,4,11,4,7
unit,24996,10,4,10,4,7
unit,24997,11,4,11,4,7
unit,24998,11,4,11,4,7
unit,24999,12,4,12,4,7
unit,25000,10,4,10,4,7
unit,25001,11,4,11,4,7
unit,25002,11,4,11,4,7
unit,25003,12,4,12,4,7
unit,25004,11,4,11,4,7
unit,25005,12,4,12,4,7
unit,25006,12,4,12,4,7
unit,25007,13,4,13,4,7
unit,25008,9,3,9,3,7
unit,25009,11,4,11,4,7
unit,25010,11,4,11,4,7
unit,25011,12,4,12,4,7
unit,25012,11,4,11,4,7
unit,25013,12,4,12,4,7
unit,25014,12,4,12,4,7
unit,25015,13,4,13,4,7
unit,25016,11,4,11,4,7
unit,25017,12,4,12,4,7
unit,25018,12,4,12,4,7
unit,25019,13,4,13,4,7
unit,25020,12,4,12,4,7
unit,25021,13,4,13,4,7
unit,25022,13,4,13,4,7
unit,25023,14,4,14,4,7
unit,25024,8,3,8,3,7
unit,25025,10,4,10,4,7
unit,25026,10,4,10,4,7
unit,25027,11,4,11,4,7
unit,25028,10,4,10,4,7
unit,25029,11,4,11,4,7
unit,25030,11,4,11,4,7
unit,25031,12,4,12,4,7
unit,25032,10,4,10,4,7
unit,25033,11,4,11,4,7
unit,25034,11,4,11,4,7
unit,25035,12,4,12,4,7
unit,25036,11,4,11,4,7
unit,25037,12,4,12,4,7
unit,25038,12,4,12,4,7
unit,25039,13,4,13,4,7
unit,25040,9,3,9,3,7
unit,25041,11,4,11,4,7
unit,25042,11,4,11,4,7
unit,25043,12,4,12,4,7
unit,25044,11,4,11,4,7
unit,25045,12,4,12,4,7
unit,25046,12,4,12,4,7
unit,25047,13,4,13,4,7
unit,25048,11,4,11,4,7
unit,25049,12,4,12,4,7
unit,25050,12,4,12,4,7
unit,25051,13,4,13,4,7
unit,25052,12,4,12,4,7
unit,25053,13,4,13,4,7
unit,25054,13,4,13,4,7
unit,25055,14,4,14,4,7
unit,25056,9,3,9,3,7
unit,25057,11,4,11,4,7
unit,25058,11,4,11,4,7
unit,25059,12,4,12,4,7
unit,25060,11,4,11,4,7
unit,25061,12,4,12,4,7
unit,25062,12,4,12,4,7
unit,25063,13,4,13,4,7
unit,25064,11,4,11,4,7
unit,25065,12,4,12,4,7
unit,25066,12,4,12,4,7
unit,25067,13,4,13,4,7
unit,25068,12,4,12,4,7
unit,25069,13,4,13,4,7
unit,25070,13,4,13,4,7
unit,25071,14,4,14,4,7
unit,25072,10,3,10,3,7
unit,25073,12,4,12,4,7
unit,25074,12,4,12,4,7
unit,25075,13,4,13,4,7
unit,25076,12,4,12,4,7
unit,25077,13,4,13,4,7
unit,25078,13,4,13,4,7
unit,25079,14,4,14,4,7
unit,25080,12,4,12,4,7
unit,25081,13,4,13,4,7
unit,25082,13,4,13,4,7
unit,25083,14,4,14,4,7
unit,25084,13,4,13,4,7
unit,25085,14,4,14,4,7
unit,25086,14,4,14,4,7
unit,25087,15,4,15,4,7
unit,25088,5,2,5,2,9
unit,25089,7,3,7,3,9
unit,25090,7,3,7,3,9
unit,25091,8,3,8,3,9
unit,25092,7,3,7,3,9
unit,25093,8,3,8,3,9
unit,25094,8,3,8,3,9
unit,25095,9,3,9,3,9
unit,25096,7,3,7,3,9
unit,25097,8,3,8,3,9
unit,25098,8,3,8,3,9
unit,25099,9,3,9,3,9
unit,25100,8,3,8,3,9
unit,25101,9,3,9,3,9
unit,25102,9,3,9,3,9
unit,25103,10,3,10,3,9
unit,25104,7,3,7,3,9
unit,25105,9,4,9,4,9
unit,25106,9,4,9,4,9
unit,25107,10,4,10,4,9
unit,25108,9,4,9,4,9
unit,25109,10,4,10,4,9
unit,25110,10,4,10,4,9
unit,25111,11,4,11,4,9
unit,25112,9,4,9,4,9
unit,25113,10,4,10,4,9
unit,25114,10,4,10,4,9
unit,25115,11,4,11,4,9
unit,25116,10,4,10,4,9
unit,25117,11,4,11,4,9
unit,25118,11,4,11,4,9
unit,25119,12,4,12,4,9
unit,25120,6,2,6,2,11
unit,25121,8,3,8,3,11
unit,25122,7,2,7,2,13
unit,25123,9,3,9,3,13
unit,25124,8,3,8,3,11
unit,25125,9,3,9,3,11
unit,25126,9,3,9,3,13
unit,25127,10,3,10,3,13
unit,25128,8,3,8,3,11
unit,25129,9,3,9,3,11
unit,25130,9,3,9,3,13
unit,25131,10,3,10,3,13
unit,25132,9,3,9,3,11
unit,25133,10,3,10,3,11
unit,25134,10,3,10,3,13
unit,25135,11,3,11,3,13
unit,25136,8,3,8,3,11
unit,25137,10,4,10,4,11
unit,25138,9,3,9,3,13
unit,25139,11,4,11,4,13
unit,25140,10,4,10,4,11
unit,25141,11,4,11,4,11
unit,25142,11,4,11,4,13
unit,25143,12,4,12,4,13
unit,25144,10,4,10,4,11
unit,25145,11,4,11,4,11
unit,25146,11,4,11,4,13
unit,25147,12,4,12,4,13
unit,25148,11,4,11,4,11
unit,25149,12,4,12,4,11
unit,25150,12,4,12,4,13
unit,25151,13,4,13,4,13
unit,25152,7,3,7,3,9
unit,25153,9,4,9,4,9
unit,25154,9,4,9,4,9
unit,25155,10,4,10,4,9
unit,25156,9,4,9,4,9
unit,25157,10,4,10,4,9
unit,25158,10,4,10,4,9
unit,25159,11,4,11,4,9
unit,25160,9,4,9,4,9
unit,25161,10,4,10,4,9
unit,25162,10,4,10,4,9
unit,25163,11,4,11,4,9
unit,25164,10,4,10,4,9
unit,25165,11,4,11,4,9
unit,25166,11,4,11,4,9
unit,25167,12,4,12,4,9
unit,25168,8,3,8,3,9
unit,25169,10,4,10,4,9
unit,25170,10,4,10,4,9
unit,25171,11,4,11,4,9
unit,25172,10,4,10,4,9
unit,25173,11,4,11,4,9
unit,25174,11,4,11,4,9
unit,25175,12,4,12,4,9
unit,25176,10,4,10,4,9
unit,25177,11,4,11,4,9
unit,25178,11,4,11,4,9
unit,25179,12,4,12,4,9
unit,25180,11,4,11,4,9
unit,25181,12,4,12,4,9
unit,25182,12,4,12,4,9
unit,25183,13,4,13,4,9
unit,25184,8,3,8,3,11
unit,25185,10,4,10,4,11
unit,25186,9,3,9,3,13
unit,25187,11,4,11,4,13
unit,25188,10,4,10,4,11
unit,25189,11,4,11,4,11
unit,25190,11,4,11,4,13
unit,25191,12,4,12,4,13
unit,25192,10,4,10,4,11
unit,25193,11,4,11,4,11
unit,25194,11,4,11,4,13
unit,25195,12,4,12,4,13
unit,25196,11,4,11,4,11
unit,25197,12,4,12,4,11
unit,25198,12,4,12,4,13
unit,25199,13,4,13,4,13
unit,25200,9,3,9,3,11
unit,25201,11,4,11,4,11
unit,25202,10,3,10,3,13
unit,25203,12,4,12,4,13
unit,25204,11,4,11,4,11
unit,25205,12,4,12,4,11
unit,25206,12,4,12,4,13
unit,25207,13,4,13,4,13
unit,25208,11,4,11,4,11
unit,25209,12,4,12,4,11
unit,25210,12,4,12,4,13
unit,25211,13,4,13,4,13
unit,25212,12,4,12,4,11
unit,25213,13,4,13,4,11
unit,25214,13,4,13,4,13
unit,25215,14,4,14,4,13
unit,25216,7,3,7,3,9
unit,25217,9,4,9,4,9
unit,25218,9,4,9,4,9
unit,25219,10,4,10,4,9
unit,25220,9,4,9,4,9
unit,25221,10,4,10,4,9
unit,25222,10,4,10,4,9
unit,25223,11,4,11,4,9
unit,25224,9,4,9,4,9
unit,25225,10,4,10,4,9
unit,25226,10,4,10,4,9
unit,25227,11,4,11,4,9
unit,25228,10,4,10,4,9
unit,25229,11,4,11,4,9
unit,25230,11,4,11,4,9
unit,25231,12,4,12,4,9
unit,25232,8,3,8,3,9
unit,25233,10,4,10,4,9
unit,25234,10,4,10,4,9
unit,25235,11,4,11,4,9
unit,25236,10,4,10,4,9
unit,25237,11,4,11,4,9
unit,25238,11,4,11,4,9
unit,25239,12,4,12,4,9
unit,25240,10,4,10,4,9
unit,25241,11,4,11,4,9
unit,25242,11,4,11,4,9
unit,25243,12,4,12,4,9
unit,25244,11,4,11,4,9
unit,25245,12,4,12,4,9
unit,25246,12,4,12,4,9
unit,25247,13,4,13,4,9
unit,25248,8,3,8,3,11
unit,25249,10,4,10,4,11
unit,25250,9,3,9,3,13
unit,25251,11,4,11,4,13
unit,25252,10,4,10,4,11
unit,25253,11,4,11,4,11
unit,25254,11,4,11,4,13
unit,25255,12,4,12,4,13
unit,25256,10,4,10,4,11
unit,25257,11,4,11,4,11
unit,25258,11,4,11,4,13
unit,25259,12,4,12,4,13
unit,25260,11,4,11,4,11
unit,25261,12,4,12,4,11
unit,25262,12,4,12,4,13
unit,25263,13,4,13,4,13
unit,25264,9,3,9,3,11
unit,25265,11,4,11,4,11
unit,25266,10,3,10,3,13
unit,25267,12,4,12,4,13
unit,25268,11,4,11,4,11
unit,25269,12,4,12,4,11
unit,25270,12,4,12,4,13
unit,25271,13,4,13,4,13
unit,25272,11,4,11,4,11
unit,25273,12,4,12,4,11
unit,25274,12,4,12,4,13
unit,25275,13,4,13,4,13
unit,25276,12,4,12,4,11
unit,25277,13,4,13,4,11
unit,25278,13,4,13,4,13
unit,25279,14,4,14,4,13
unit,25280,8,3,8,3,9
unit,25281,10,4,10,4,9
unit,25282,10,4,10,4,9
unit,25283,11,4,11,4,9
unit,25284,10,4,10,4,9
unit,25285,11,4,11,4,9
unit,25286,11,4,11,4,9
unit,25287,12,4,12,4,9
unit,25288,10,4,10,4,9
unit,25289,11,4,11,4,9
unit,25290,11,4,11,4,9
unit,25291,12,4,12,4,9
unit,25292,11,4,11,4,9
unit,25293,12,4,12,4,9
unit,25294,12,4,12,4,9
unit,25295,13,4,13,4,9
unit,25296,9,3,9,3,9
unit,25297,11,4,11,4,9
unit,25298,11,4,11,4,9
unit,25299,12,4,12,4,9
unit,25300,11,4,11,4,9
unit,25301,12,4,12,4,9
unit,25302,12,4,12,4,9
unit,25303,13,4,13,4,9
unit,25304,11,4,11,4,9
unit,25305,12,4,12,4,9
unit,25306,12,4,12,4,9
unit,25307,13,4,13,4,9
unit,25308,12,4,12,4,9
unit,25309,13,4,13,4,9
unit,25310,13,4,13,4,9
unit,25311,14,4,14,4,9
unit,25312,9,3,9,3,11
unit,25313,11,4,11,4,11
unit,25314,10,3,10,3,13
unit,25315,12,4,12,4,13
unit,25316,11,4,11,4,11
unit,25317,12,4,12,4,11
unit,25318,12,4,12,4,13
unit,25319,13,4,13,4,13
unit,25320,11,4,11,4,11
unit,25321,12,4,12,4,11
unit,25322,12,4,12,4,13
unit,25323,13,4,13,4,13
unit,25324,12,4,12,4,11
unit,25325,13,4,13,4,11
unit,25326,13,4,13,4,13
unit,25327,14,4,14,4,13
unit,25328,10,3,10,3,11
unit,25329,12,4,12,4,11
unit,25330,11,3,11,3,13
unit,25331,13,4,13,4,13
unit,25332,12,4,12,4,11
unit,25333,13,4,13,4,11
unit,25334,13,4,13,4,13
unit,25335,14,4,14,4,13
unit,25336,12,4,12,4,11
unit,25337,13,4,13,4,11
unit,25338,13,4,13,4,13
unit,25339,14,4,14,4,13
unit,25340,13,4,13,4,11
unit,25341,14,4,14,4,11
unit,25342,14,4,14,4,13
unit,25343,15,4,15,4,13
unit,25344,6,2,7,3,9
unit,25345,8,3,9,4,9
unit,25346,8,3,9,4,9
unit,25347,9,3,10,4,9
unit,25348,8,3,9,4,9
unit,25349,9,3,10,4,9
unit,25350,9,3,10,4,9
unit,25351,10,3,11,4,9
unit,25352,8,3,9,4,9
unit,25353,9,3,10,4,9
unit,25354,9,3,10,4,9
unit,25355,10,3,11,4,9
unit,25356,9,3,10,4,9
unit,25357,10,3,11,4,9
unit,25358,10,3,11,4,9
unit,25359,11,3,12,4,9
unit,25360,8,3,9,4,9
unit,25361,10,4,11,5,9
unit,25362,10,4,11,5,9
unit,25363,11,4,12,5,9
unit,25364,10,4,11,5,9
unit,25365,11,4,12,5,9
unit,25366,11,4,12,5,9
unit,25367,12,4,13,5,9
unit,25368,10,4,11,5,9
unit,25369,11,4,12,5,9
unit,25370,11,4,12,5,9
unit,25371,12,4,13,5,9
unit,25372,11,4,12,5,9
unit,25373,12,4,13,5,9
unit,25374,12,4,13,5,9
unit,25375,13,4,14,5,9
unit,25376,8,3,8,3,11
unit,25377,10,4,10,4,11
unit,25378,9,3,9,3,13
unit,25379,11,4,11,4,13
unit,25380,10,4,10,4,11
unit,25381,11,4,11,4,11
unit,25382,11,4,11,4,13
unit,25383,12,4,12,4,13
unit,25384,10,4,10,4,11
unit,25385,11,4,11,4,11
unit,25386,11,4,11,4,13
unit,25387,12,4,12,4,13
unit,25388,11,4,11,4,11
unit,25389,12,4,12,4,11
unit,25390,12,4,12,4,13
unit,25391,13,4,13,4,13
unit,25392,9,3,10,4,11
unit,25393,11,4,12,5,11
unit,25394,11,4,11,4,13
unit,25395,12,4,13,5,13
unit,25396,11,4,12,5,11
unit,25397,12,4,13,5,11
unit,25398,12,4,13,5,13
unit,25399,13,4,14,5,13
unit,25400,11,4,12,5,11
unit,25401,12,4,13,5,11
unit,25402,12,4,13,5,13
unit,25403,13,4,14,5,13
unit,25404,12,4,13,5,11
unit,25405,13,4,14,5,11
unit,25406,13,4,14,5,13
unit,25407,14,4,15,5,13
unit,25408,8,3,9,4,9
unit,25409,10,4,11,5,9
unit,25410,10,4,11,5,9
unit,25411,11,4,12,5,9
unit,25412,10,4,11,5,9
unit,25413,11,4,12,5,9
unit,25414,11,4,12,5,9
unit,25415,12,4,13,5,9
unit,25416,10,4,11,5,9
unit,25417,11,4,12,5,9
unit,25418,11,4,12,5,9
unit,25419,12,4,13,5,9
unit,25420,11,4,12,5,9
unit,25421,12,4,13,5,9
unit,25422,12,4,13,5,9
unit,25423,13,4,14,5,9
unit,25424,9,3,10,4,9
unit,25425,11,4,12,5,9
unit,25426,11,4,12,5,9
unit,25427,12,4,13,5,9
unit,25428,11,4,12,5,9
unit,25429,12,4,13,5,9
unit,25430,12,4,13,5,9
unit,25431,13,4,14,5,9
unit,25432,11,4,12,5,9
unit,25433,12,4,13,5,9
unit,25434,12,4,13,5,9
unit,25435,13,4,14,5,9
unit,25436,12,4,13,5,9
unit,25437,13,4,14,5,9
unit,25438,13,4,14,5,9
unit,25439,14,4,15,5,9
unit,25440,9,3,10,4,11
unit,25441,11,4,12,5,11
unit,25442,11,4,11,4,13
unit,25443,12,4,13,5,13
unit,25444,11,4,12,5,11
unit,25445,12,4,13,5,11
unit,25446,12,4,13,5,13
unit,25447,13,4,14,5,13
unit,25448,11,4,12,5,11
unit,25449,12,4,13,5,11
unit,25450,12,4,13,5,13
unit,25451,13,4,14,5,13
unit,25452,12,4,13,5,11
unit,25453,13,4,14,5,11
unit,25454,13,4,14,5,13
unit,25455,14,4,15,5,13
unit,25456,10,3,11,4,11
unit,25457,12,4,13,5,11
unit,25458,12,4,12,4,13
unit,25459,13,4,14,5,13
unit,25460,12,4,13,5,11
unit,25461,13,4,14,5,11
unit,25462,13,4,14,5,13
unit,25463,14,4,15,5,13
unit,25464,12,4,13,5,11
unit,25465,13,4,14,5,11
unit,25466,13,4,14,5,13
unit,25467,14,4,15,5,13
unit,25468,13,4,14,5,11
unit,25469,14,4,15,5,11
unit,25470,14,4,15,5,13
unit,25471,15,4,16,5,13
unit,25472,8,3,9,4,9
unit,25473,10,4,11,5,9
unit,25474,10,4,11,5,9
unit,25475,11,4,12,5,9
unit,25476,10,4,11,5,9
unit,25477,11,4,12,5,9
unit,25478,11,4,12,5,9
unit,25479,12,4,13,5,9
unit,25480,10,4,11,5,9
unit,25481,11,4,12,5,9
unit,25482,11,4,12,5,9
unit,25483,12,4,13,5,9
unit,25484,11,4,12,5,9
unit,25485,12,4,13,5,9
unit,25486,12,4,13,5,9
unit,25487,13,4,14,5,9
unit,25488,9,3,10,4,9
unit,25489,11,4,12,5,9
unit,25490,11,4,12,5,9
unit,25491,12,4,13,5,9
unit,25492,11,4,12,5,9
unit,25493,12,4,13,5,9
unit,25494,12,4,13,5,9
unit,25495,13,4,14,5,9
unit,25496,11,4,12,5,9
unit,25497,12,4,13,5,9
unit,25498,12,4,13,5,9
unit,25499,13,4,14,5,9
unit,25500,12,4,13,5,9
unit,25501,13,4,14,5,9
unit,25502,13,4,14,5,9
unit,25503,14,4,15,5,9
unit,25504,9,3,10,4,11
unit,25505,11,4,12,5,11
unit,25506,11,4,11,4,13
unit,25507,12,4,13,5,13
unit,25508,11,4,12,5,11
unit,25509,12,4,13,5,11
unit,25510,12,4,13,5,13
unit,25511,13,4,14,5,13
unit,25512,11,4,12,5,11
unit,25513,12,4,13,5,11
unit,25514,12,4,13,5,13
unit,25515,13,4,14,5,13
unit,25516,12,4,13,5,11
unit,25517,13,4,14,5,11
unit,25518,13,4,14,5,13
unit,25519,14,4,15,5,13
unit,25520,10,3,11,4,11
unit,25521,12,4,13,5,11
unit,25522,12,4,12,4,13
unit,25523,13,4,14,5,13
unit,25524,12,4,13,5,11
unit,25525,13,4,14,5,11
unit,25526,13,4,14,5,13
unit,25527,14,4,15,5,13
unit,25528,12,4,13,5,11
unit,25529,13,4,14,5,11
unit,25530,13,4,14,5,13
unit,25531,14,4,15,5,13
unit,25532,13,4,14,5,11
unit,25533,14,4,15,5,11
unit,25534,14,4,15,5,13
unit,25535,15,4,16,5,13
unit,25536,9,3,10,4,9
unit,25537,11,4,12,5,9
unit,25538,11,4,12,5,9
unit,25539,12,4,13,5,9
unit,25540,11,4,12,5,9
unit,25541,12,4,13,5,9
unit,25542,12,4,13,5,9
unit,25543,13,4,14,5,9
unit,25544,11,4,12,5,9
unit,25545,12,4,13,5,9
unit,25546,12,4,13,5,9
unit,25547,13,4,14,5,9
unit,25548,12,4,13,5,9
unit,25549,13,4,14,5,9
unit,25550,13,4,14,5,9
unit,25551,14,4,15,5,9
unit,25552,10,3,11,4,9
unit,25553,12,4,13,5,9
unit,25554,12,4,13,5,9
unit,25555,13,4,14,5,9
unit,25556,12,4,13,5,9
unit,25557,13,4,14,5,9
unit,25558,13,4,14,5,9
unit,25559,14,4,15,5,9
unit,25560,12,4,13,5,9
unit,25561,13,4,14,5,9
unit,25562,13,4,14,5,9
unit,25563,14,4,15,5,9
unit,25564,13,4,14,5,9
unit,25565,14,4,15,5,9
unit,25566,14,4,15,5,9
unit,25567,15,4,16,5,9
unit,25568,10,3,11,4,11
unit,25569,12,4,13,5,11
unit,25570,12,4,12,4,13
unit,25571,13,4,14,5,13
unit,25572,12,4,13,5,11
unit,25573,13,4,14,5,11
unit,25574,13,4,14,5,13
unit,25575,14,4,15,5,13
unit,25576,12,4,13,5,11
unit,25577,13,4,14,5,11
unit,25578,13,4,14,5,13
unit,25579,14,4,15,5,13
unit,25580,13,4,14,5,11
unit,25581,14,4,15,5,11
unit,25582,14,4,15,5,13
unit,25583,15,4,16,5,13
unit,25584,11,3,12,4,11
unit,25585,13,4,14,5,11
unit,25586,13,4,13,4,13
unit,25587,14,4,15,5,13
unit,25588,13,4,14,5,11
unit,25589,14,4,15,5,11
unit,25590,14,4,15,5,13
unit,25591,15,4,16,5,13
unit,25592,13,4,14,5,11
unit,25593,14,4,15,5,11
unit,25594,14,4,15,5,13
unit,25595,15,4,16,5,13
unit,25596,14,4,15,5,11
unit,25597,15,4,16,5,11
unit,25598,15,4,16,5,13
unit,25599,16,4,17,5,13
unit,25600,5,2,5,2,9
unit,25601,7,3,7,3,9
unit,25602,7,3,7,3,9
unit,25603,8,3,8,3,9
unit,25604,7,3,7,3,9
unit,25605,8,3,8,3,9
unit,25606,8,3,8,3,9
unit,25607,9,3,9,3,9
unit,25608,7,3,7,3,9
unit,25609,8,3,8,3,9
unit,25610,8,3,8,3,9
unit,25611,9,3,9,3,9
unit,25612,8,3,8,3,9
unit,25613,9,3,9,3,9
unit,25614,9,3,9,3,9
unit,25615,10,3,10,3,9
unit,25616,7,3,7,3,9
unit,25617,9,4,9,4,9
unit,25618,9,4,9,4,9
unit,25619,10,4,10,4,9
unit,25620,9,4,9,4,9
unit,25621,10,4,10,4,9
unit,25622,10,4,10,4,9
unit,25623,11,4,11,4,9
unit,25624,9,4,9,4,9
unit,25625,10,4,10,4,9
unit,25626,10,4,10,4,9
unit,25627,11,4,11,4,9
unit,25628,10,4,10,4,9
unit,25629,11,4,11,4,9
unit,25630,11,4,11,4,9
unit,25631,12,4,12,4,9
unit,25632,7,3,7,3,9
unit,25633,9,4,9,4,9
unit,25634,9,4,9,4,9
unit,25635,10,4,10,4,9
unit,25636,9,4,9,4,9
unit,25637,10,4,10,4,9
unit,25638,10,4,10,4,9
unit,25639,11,4,11,4,9
unit,25640,9,4,9,4,9
unit,25641,10,4,10,4,9
unit,25642,10,4,10,4,9
unit,25643,11,4,11,4,9
unit,25644,10,4,10,4,9
unit,25645,11,4,11,4,9
unit,25646,11,4,11,4,9
unit,25647,12,4,12,4,9
unit,25648,8,3,8,3,9
unit,25649,10,4,10,4,9
unit,25650,10,4,10,4,9
unit,25651,11,4,11,4,9
unit,25652,10,4,10,4,9
unit,25653,11,4,11,4,9
unit,25654,11,4,11,4,9
unit,25655,12,4,12,4,9
unit,25656,10,4,10,4,9
unit,25657,11,4,11,4,9
unit,25658,11,4,11,4,9
unit,25659,12,4,12,4,9
unit,25660,11,4,11,4,9
unit,25661,12,4,12,4,9
unit,25662,12,4,12,4,9
unit,25663,13,4,13,4,9
unit,25664,6,2,6,2,11
unit,25665,8,3,8,3,11
unit,25666,8,3,8,3,11
unit,25667,9,3,9,3,11
unit,25668,7,2,7,2,13
unit,25669,9,3,9,3,13
unit,25670,9,3,9,3,13
unit,25671,10,3,10,3,13
unit,25672,8,3,8,3,11
unit,25673,9,3,9,3,11
unit,25674,9,3,9,3,11
unit,25675,10,3,10,3,11
unit,25676,9,3,9,3,13
unit,25677,10,3,10,3,13
unit,25678,10,3,10,3,13
unit,25679,11,3,11,3,13
unit,25680,8,3,8,3,11
unit,25681,10,4,10,4,11
unit,25682,10,4,10,4,11
unit,25683,11,4,11,4,11
unit,25684,9,3,9,3,13
unit,25685,11,4,11,4,13
unit,25686,11,4,11,4,13
unit,25687,12,4,12,4,13
unit,25688,10,4,10,4,11
unit,25689,11,4,11,4,11
unit,25690,11,4,11,4,11
unit,25691,12,4,12,4,11
unit,25692,11,4,11,4,13
unit,25693,12,4,12,4,13
unit,25694,12,4,12,4,13
unit,25695,13,4,13,4,13
unit,25696,8,3,8,3,11
unit,25697,10,4,10,4,11
unit,25698,10,4,10,4,11
unit,25699,11,4,11,4,11
unit,25700,9,3,9,3,13
unit,25701,11,4,11,4,13
unit,25702,11,4,11,4,13
unit,25703,12,4,12,4,13
unit,25704,10,4,10,4,11
unit,25705,11,4,11,4,11
unit,25706,11,4,11,4,11
unit,25707,12,4,12,4,11
unit,25708,11,4,11,4,13
unit,25709,12,4,12,4,13
unit,25710,12,4,12,4,13
unit,25711,13,4,13,4,13
unit,25712,9,3,9,3,11
unit,25713,11,4,11,4,11
unit,25714,11,4,11,4,11
unit,25715,12,4,12,4,11
unit,25716,10,3,10,3,13
unit,25717,12,4,12,4,13
unit,25718,12,4,12,4,13
unit,25719,13,4,13,4,13
unit,25720,11,4,11,4,11
unit,25721,12,4,12,4,11
unit,25722,12,4,12,4,11
unit,25723,13,4,13,4,11
unit,25724,12,4,12,4,13
unit,25725,13,4,13,4,13
unit,25726,13,4,13,4,13
unit,25727,14,4,14,4,13
unit,25728,7,3,7,3,9
unit,25729,9,4,9,4,9
unit,25730,9,4,9,4,9
unit,25731,10,4,10,4,9
unit,25732,9,4,9,4,9
unit,25733,10,4,10,4,9
unit,25734,10,4,10,4,9
unit,25735,11,4,11,4,9
unit,25736,9,4,9,4,9
unit,25737,10,4,10,4,9
unit,25738,10,4,10,4,9
unit,25739,11,4,11,4,9
unit,25740,10,4,10,4,9
unit,25741,11,4,11,4,9
unit,25742,11,4,11,4,9
unit,25743,12,4,12,4,9
unit,25744,8,3,8,3,9
unit,25745,10,4,10,4,9
unit,25746,10,4,10,4,9
unit,25747,11,4,11,4,9
unit,25748,10,4,10,4,9
unit,25749,11,4,11,4,9
unit,25750,11,4,11,4,9
unit,25751,12,4,12,4,9
unit,25752,10,4,10,4,9
unit,25753,11,4,11,4,9
unit,25754,11,4,11,4,9
unit,25755,12,4,12,4,9
unit,25756,11,4,11,4,9
unit,25757,12,4,12,4,9
unit,25758,12,4,12,4,9
unit,25759,13,4,13,4,9
unit,25760,8,3,8,3,9
unit,25761,10,4,10,4,9
unit,25762,10,4,10,4,9
unit,25763,11,4,11,4,9
unit,25764,10,4,10,4,9
unit,25765,11,4,11,4,9
unit,25766,11,4,11,4,9
unit,25767,12,4,12,4,9
unit,25768,10,4,10,4,9
unit,25769,11,4,11,4,9
unit,25770,11,4,11,4,9
unit,25771,12,4,12,4,9
unit,25772,11,4,11,4,9
unit,25773,12,4,12,4,9
unit,25774,12,4,12,4,9
unit,25775,13,4,13,4,9
unit,25776,9,3,9,3,9
unit,25777,11,4,11,4,9
unit,25778,11,4,11,4,9
unit,25779,12,4,12,4,9
unit,25780,11,4,11,4,9
unit,25781,12,4,12,4,9
unit,25782,12,4,12,4,9
unit,25783,13,4,13,4,9
unit,25784,11,4,11,4,9
unit,25785,12,4,12,4,9
unit,25786,12,4,12,4,9
unit,25787,13,4,13,4,9
unit,25788,12,4,12,4,9
unit,25789,13,4,13,4,9
unit,25790,13,4,13,4,9
unit,25791,14,4,14,4,9
unit,25792,8,3,8,3,11
unit,25793,10,4,10,4,11
unit,25794,10,4,10,4,11
unit,25795,11,4,11,4,11
unit,25796,9,3,9,3,13
unit,25797,11,4,11,4,13
unit,25798,11,4,11,4,13
unit,25799,12,4,12,4,13
unit,25800,10,4,10,4,11
unit,25801,11,4,11,4,11
unit,25802,11,4,11,4,11
unit,25803,12,4,12,4,11
unit,25804,11,4,11,4,13
unit,25805,12,4,12,4,13
unit,25806,12,4,12,4,13
unit,25807,13,4,13,4,13
unit,25808,9,3,9,3,11
unit,25809,11,4,11,4,11
unit,25810,11,4,11,4,11
unit,25811,12,4,12,4,11
unit,25812,10,3,10,3,13
unit,25813,12,4,12,4,13
unit,25814,12,4,12,4,13
unit,25815,13,4,13,4,13
unit,25816,11,4,11,4,11
unit,25817,12,4,12,4,11
unit,25818,12,4,12,4,11
unit,25819,13,4,13,4,11
unit,25820,12,4,12,4,13
unit,25821,13,4,13,4,13
unit,25822,13,4,13,4,13
unit,25823,14,4,14,4,13
unit,25824,9,3,9,3,11
unit,25825,11,4,11,4,11
unit,25826,11,4,11,4,11
unit,25827,12,4,12,4,11
unit,25828,10,3,10,3,13
unit,25829,12,4,12,4,13
unit,25830,12,4,12,4,13
unit,25831,13,4,13,4,13
unit,25832,11,4,11,4,11
unit,25833,12,4,12,4,11
unit,25834,12,4,12,4,11
unit,25835,13,4,13,4,11
unit,25836,12,4,12,4,13
unit,25837,13,4,13,4,13
unit,25838,13,4,13,4,13
unit,25839,14,4,14,4,13
unit,25840,10,3,10,3,11
unit,25841,12,4,12,4,11
unit,25842,12,4,12,4,11
unit,25843,13,4,13,4,11
unit,25844,11,3,11,3,13
unit,25845,13,4,13,4,13
unit,25846,13,4,13,4,13
unit,25847,14,4,14,4,13
unit,25848,12,4,12,4,11
unit,25849,13,4,13,4,11
unit,25850,13,4,13,4,11
unit,25851,14,4,14,4,11
unit,25852,13,4,13,4,13
unit,25853,14,4,14,4,13
unit,25854,14,4,14,4,13
unit,25855,15,4,15,4,13
unit,25856,6,2,7,3,9
unit,25857,8,3,9,4,9
unit,25858,8,3,9,4,9
unit,25859,9,3,10,4,9
unit,25860,8,3,9,4,9
unit,25861,9,3,10,4,9
unit,25862,9,3,10,4,9
unit,25863,10,3,11,4,9
unit,25864,8,3,9,4,9
unit,25865,9,3,10,4,9
unit,25866,9,3,10,4,9
unit,25867,10,3,11,4,9
unit,25868,9,3,10,4,9
unit,25869,10,3,11,4,9
unit,25870,10,3,11,4,9
unit,25871,11,3,12,4,9
unit,25872,8,3,9,4,9
unit,25873,10,4,11,5,9
unit,25874,10,4,11,5,9
unit,25875,11,4,12,5,9
unit,25876,10,4,11,5,9
unit,25877,11,4,12,5,9
unit,25878,11,4,12,5,9
unit,25879,12,4,13,5,9
unit,25880,10,4,11,5,9
unit,25881,11,4,12,5,9
unit,25882,11,4,12,5,9
unit,25883,12,4,13,5,9
unit,25884,11,4,12,5,9
unit,25885,12,4,13,5,9
unit,25886,12,4,13,5,9
unit,25887,13,4,14,5,9
unit,25888,8,3,9,4,9
unit,25889,10,4,11,5,9
unit,25890,10,4,11,5,9
unit,25891,11,4,12,5,9
unit,25892,10,4,11,5,9
unit,25893,11,4,12,5,9
unit,25894,11,4,12,5,9
unit,25895,12,4,13,5,9
unit,25896,10,4,11,5,9
unit,25897,11,4,12,5,9
unit,25898,11,4,12,5,9
unit,25899,12,4,13,5,9
unit,25900,11,4,12,5,9
unit,25901,12,4,13,5,9
unit,25902,12,4,13,5,9
unit,25903,13,4,14,5,9
unit,25904,9,3,10,4,9
unit,25905,11,4,12,5,9
unit,25906,11,4,12,5,9
unit,25907,12,4,13,5,9
unit,25908,11,4,12,5,9
unit,25909,12,4,13,5,9
unit,25910,12,4,13,5,9
unit,25911,13,4,14,5,9
unit,25912,11,4,12,5,9
unit,25913,12,4,13,5,9
unit,25914,12,4,13,5,9
unit,25915,13,4,14,5,9
unit,25916,12,4,13,5,9
unit,25917,13,4,14,5,9
unit,25918,13,4,14,5,9
unit,25919,14,4,15,5,9
unit,25920,8,3,8,3,11
unit,25921,10,4,10,4,11
unit,25922,10,4,10,4,11
unit,25923,11,4,11,4,11
unit,25924,9,3,9,3,13
unit,25925,11,4,11,4,13
unit,25926,11,4,11,4,13
unit,25927,12,4,12,4,13
unit,25928,10,4,10,4,11
unit,25929,11,4,11,4,11
unit,25930,11,4,11,4,11
unit,25931,12,4,12,4,11
unit,25932,11,4,11,4,13
unit,25933,12,4,12,4,13
unit,25934,12,4,12,4,13
unit,25935,13,4,13,4,13
unit,25936,9,3,10,4,11
unit,25937,11,4,12,5,11
unit,25938,11,4,12,5,11
unit,25939,12,4,13,5,11
unit,25940,11,4,11,4,13
unit,25941,12,4,13,5,13
unit,25942,12,4,13,5,13
unit,25943,13,4,14,5,13
unit,25944,11,4,12,5,11
unit,25945,12,4,13,5,11
unit,25946,12,4,13,5,11
unit,25947,13,4,14,5,11
unit,25948,12,4,13,5,13
unit,25949,13,4,14,5,13
unit,25950,13,4,14,5,13
unit,25951,14,4,15,5,13
unit,25952,9,3,10,4,11
unit,25953,11,4,12,5,11
unit,25954,11,4,12,5,11
unit,25955,12,4,13,5,11
unit,25956,11,4,11,4,13
unit,25957,12,4,13,5,13
unit,25958,12,4,13,5,13
unit,25959,13,4,14,5,13
unit,25960,11,4,12,5,11
unit,25961,12,4,13,5,11
unit,25962,12,4,13,5,11
unit,25963,13,4,14,5,11
unit,25964,12,4,13,5,13
unit,25965,13,4,14,5,13
unit,25966,13,4,14,5,13
unit,25967,14,4,15,5,13
unit,25968,10,3,11,4,11
unit,25969,12,4,13,5,11
unit,25970,12,4,13,5,11
unit,25971,13,4,14,5,11
unit,25972,12,4,12,4,13
unit,25973,13,4,14,5,13
unit,25974,13,4,14,5,13
unit,25975,14,4,15,5,13
unit,25976,12,4,13,5,11
unit,25977,13,4,14,5,11
unit,25978,13,4,14,5,11
unit,25979,14,4,15,5,11
unit,25980,13,4,14,5,13
unit,25981,14,4,15,5,13
unit,25982,14,4,15,5,13
unit,25983,15,4,16,5,13
unit,25984,8,3,9,4,9
unit,25985,10,4,11,5,9
unit,25986,10,4,11,5,9
unit,25987,11,4,12,5,9
unit,25988,10,4,11,5,9
unit,25989,11,4,12,5,9
unit,25990,11,4,12,5,9
unit,25991,12,4,13,5,9
unit,25992,10,4,11,5,9
unit,25993,11,4,12,5,9
unit,25994,11,4,12,5,9
unit,25995,12,4,13,5,9
unit,25996,11,4,12,5,9
unit,25997,12,4,13,5,9
unit,25998,12,4,13,5,9
unit,25999,13,4,14,5,9
unit,26000,9,3,10,4,9
unit,26001,11,4,12,5,9
unit,26002,11,4,12,5,9
unit,26003,12,4,13,5,9
unit,26004,11,4,12,5,9
unit,26005,12,4,13,5,9
unit,26006,12,4,13,5,9
unit,26007,13,4,14,5,9
unit,26008,11,4,12,5,9
unit,26009,12,4,13,5,9
unit,26010,12,4,13,5,9
unit,26011,13,4,14,5,9
unit,26012,12,4,13,5,9
unit,26013,13,4,14,5,9
unit,26014,13,4,14,5,9
unit,26015,14,4,15,5,9
unit,26016,9,3,10,4,9
unit,26017,11,4,12,5,9
unit,26018,11,4,12,5,9
unit,26019,12,4,13,5,9
unit,26020,11,4,12,5,9
unit,26021,12,4,13,5,9
unit,26022,12,4,13,5,9
unit,26023,13,4,14,5,9
unit,26024,11,4,12,5,9
unit,26025,12,4,13,5,9
unit,26026,12,4,13,5,9
unit,26027,13,4,14,5,9
unit,26028,12,4,13,5,9
unit,26029,13,4,14,5,9
unit,26030,13,4,14,5,9
unit,26031,14,4,15,5,9
unit,26032,10,3,11,4,9
unit,26033,12,4,13,5,9
unit,26034,12,4,13,5,9
unit,26035,13,4,14,5,9
unit,26036,12,4,13,5,9
unit,26037,13,4,14,5,9
unit,26038,13,4,14,5,9
unit,26039,14,4,15,5,9
unit,26040,12,4,13,5,9
unit,26041,13,4,14,5,9
unit,26042,13,4,14,5,9
unit,26043,14,4,15,5,9
unit,26044,13,4,14,5,9
unit,26045,14,4,15,5,9
unit,26046,14,4,15,5,9
unit,26047,15,4,16,5,9
unit,26048,9,3,10,4,11
unit,26049,11,4,12,5,11
unit,26050,11,4,12,5,11
unit,26051,12,4,13,5,11
unit,26052,11,4,11,4,13
unit,26053,12,4,13,5,13
unit,26054,12,4,13,5,13
unit,26055,13,4,14,5,13
unit,26056,11,4,12,5,11
unit,26057,12,4,13,5,11
unit,26058,12,4,13,5,11
unit,26059,13,4,14,5,11
unit,26060,12,4,13,5,13
unit,26061,13,4,14,5,13
unit,26062,13,4,14,5,13
unit,26063,14,4,15,5,13
unit,26064,10,3,11,4,11
unit,26065,12,4,13,5,11
unit,26066,12,4,13,5,11
unit,26067,13,4,14,5,11
unit,26068,12,4,12,4,13
unit,26069,13,4,14,5,13
unit,26070,13,4,14,5,13
unit,26071,14,4,15,5,13
unit,26072,12,4,13,5,11
unit,26073,13,4,14,5,11
unit,26074,13,4,14,5,11
unit,26075,14,4,15,5,11
unit,26076,13,4,14,5,13
unit,26077,14,4,15,5,13
unit,26078,14,4,15,5,13
unit,26079,15,4,16,5,13
unit,26080,10,3,11,4,11
unit,26081,12,4,13,5,11
unit,26082,12,4,13,5,11
unit,26083,13,4,14,5,11
unit,26084,12,4,12,4,13
unit,26085,13,4,14,5,13
unit,26086,13,4,14,5,13
unit,26087,14,4,15,5,13
unit,26088,12,4,13,5,11
unit,26089,13,4,14,5,11
unit,26090,13,4,14,5,11
unit,26091,14,4,15,5,11
unit,26092,13,4,14,5,13
unit,26093,14,4,15,5,13
unit,26094,14,4,15,5,13
unit,26095,15,4,16,5,13
unit,26096,11,3,12,4,11
unit,26097,13,4,14,5,11
unit,26098,13,4,14,5,11
unit,26099,14,4,15,5,11
unit,26100,13,4,13,4,13
unit,26101,14,4,15,5,13
unit,26102,14,4,15,5,13
unit,26103,15,4,16,5,13
unit,26104,13,4,14,5,11
unit,26105,14,4,15,5,11
unit,26106,14,4,15,5,11
unit,26107,15,4,16,5,11
unit,26108,14,4,15,5,13
unit,26109,15,4,16,5,13
unit,26110,15,4,16,5,13
unit,26111,16,4,17,5,13
unit,26112,4,1,4,1,9
unit,26113,6,2,6,2,9
unit,26114,6,2,6,2,9
unit,26115,7,2,7,2,9
unit,26116,6,2,6,2,9
unit,26117,7,2,7,2,9
unit,26118,7,2,7,2,9
unit,26119,8,2,8,2,9
unit,26120,6,2,6,2,9
unit,26121,7,2,7,2,9
unit,26122,7,2,7,2,9
unit,26123,8,2,8,2,9
unit,26124,7,2,7,2,9
unit,26125,8,2,8,2,9
unit,26126,8,2,8,2,9
unit,26127,9,2,9,2,9
unit,26128,6,2,6,2,9
unit,26129,8,3,8,3,9
unit,26130,8,3,8,3,9
unit,26131,9,3,9,3,9
unit,26132,8,3,8,3,9
unit,26133,9,3,9,3,9
unit,26134,9,3,9,3,9
unit,26135,10,3,10,3,9
unit,26136,8,3,8,3,9
unit,26137,9,3,9,3,9
unit,26138,9,3,9,3,9
unit,26139,10,3,10,3,9
unit,26140,9,3,9,3,9
unit,26141,10,3,10,3,9
unit,26142,10,3,10,3,9
unit,26143,11,3,11,3,9
unit,26144,6,2,7,2,13
unit,26145,8,3,9,3,13
unit,26146,8,2,8,2,15
unit,26147,9,3,10,3,15
unit,26148,8,3,9,3,13
unit,26149,9,3,10,3,13
unit,26150,9,3,10,3,15
unit,26151,10,3,11,3,15
unit,26152,8,3,9,3,13
unit,26153,9,3,10,3,13
unit,26154,9,3,10,3,15
unit,26155,10,3,11,3,15
unit,26156,9,3,10,3,13
unit,26157,10,3,11,3,13
unit,26158,10,3,11,3,15
unit,26159,11,3,12,3,15
unit,26160,7,2,9,3,13
unit,26161,9,3,11,4,13
unit,26162,9,3,10,3,15
unit,26163,10,3,12,4,15
unit,26164,9,3,11,4,13
unit,26165,10,3,12,4,13
unit,26166,10,3,12,4,15
unit,26167,11,3,13,4,15
unit,26168,9,3,11,4,13
unit,26169,10,3,12,4,13
unit,26170,10,3,12,4,15
unit,26171,11,3,13,4,15
unit,26172,10,3,12,4,13
unit,26173,11,3,13,4,13
unit,26174,11,3,13,4,15
unit,26175,12,3,14,4,15
unit,26176,6,2,7,2,13
unit,26177,8,3,9,3,13
unit,26178,8,3,9,3,13
unit,26179,9,3,10,3,13
unit,26180,8,2,8,2,15
unit,26181,9,3,10,3,15
unit,26182,9,3,10,3,15
unit,26183,10,3,11,3,15
unit,26184,8,3,9,3,13
unit,26185,9,3,10,3,13
unit,26186,9,3,10,3,13
unit,26187,10,3,11,3,13
unit,26188,9,3,10,3,15
unit,26189,10,3,11,3,15
unit,26190,10,3,11,3,15
unit,26191,11,3,12,3,15
unit,26192,7,2,9,3,13
unit,26193,9,3,11,4,13
unit,26194,9,3,11,4,13
unit,26195,10,3,12,4,13
unit,26196,9,3,10,3,15
unit,26197,10,3,12,4,15
unit,26198,10,3,12,4,15
unit,26199,11,3,13,4,15
unit,26200,9,3,11,4,13
unit,26201,10,3,12,4,13
unit,26202,10,3,12,4,13
unit,26203,11,3,13,4,13
unit,26204,10,3,12,4,15
unit,26205,11,3,13,4,15
unit,26206,11,3,13,4,15
unit,26207,12,3,14,4,15
unit,26208,5,1,5,1,11
unit,26209,7,2,7,2,11
unit,26210,7,2,9,2,17
unit,26211,8,2,11,3,17
unit,26212,7,2,9,2,17
unit,26213,8,2,11,3,17
unit,26214,6,1,6,1,13
unit,26215,8,2,8,2,13
unit,26216,7,2,7,2,11
unit,26217,8,2,8,2,11
unit,26218,8,2,11,3,17
unit,26219,9,2,12,3,17
unit,26220,8,2,11,3,17
unit,26221,9,2,12,3,17
unit,26222,8,2,8,2,13
unit,26223,9,2,9,2,13
unit,26224,7,2,7,2,11
unit,26225,9,3,9,3,11
unit,26226,9,3,11,3,17
unit,26227,10,3,13,4,17
unit,26228,9,3,11,3,17
unit,26229,10,3,13,4,17
unit,26230,8,2,8,2,13
unit,26231,10,3,10,3,13
unit,26232,9,3,9,3,11
unit,26233,10,3,10,3,11
unit,26234,10,3,13,4,17
unit,26235,11,3,14,4,17
unit,26236,10,3,13,4,17
unit,26237,11,3,14,4,17
unit,26238,10,3,10,3,13
unit,26239,11,3,11,3,13
unit,26240,6,2,6,2,9
unit,26241,8,3,8,3,9
unit,26242,8,3,8,3,9
unit,26243,9,3,9,3,9
unit,26244,8,3,8,3,9
unit,26245,9,3,9,3,9
unit,26246,9,3,9,3,9
unit,26247,10,3,10,3,9
unit,26248,8,3,8,3,9
unit,26249,9,3,9,3,9
unit,26250,9,3,9,3,9
unit,26251,10,3,10,3,9
unit,26252,9,3,9,3,9
unit,26253,10,3,10,3,9
unit,26254,10,3,10,3,9
unit,26255,11,3,11,3,9
unit,26256,7,2,7,2,9
unit,26257,9,3,9,3,9
unit,26258,9,3,9,3,9
unit,26259,10,3,10,3,9
unit,26260,9,3,9,3,9
unit,26261,10,3,10,3,9
unit,26262,10,3,10,3,9
unit,26263,11,3,11,3,9
unit,26264,9,3,9,3,9
unit,26265,10,3,10,3,9
unit,26266,10,3,10,3,9
unit,26267,11,3,11,3,9
unit,26268,10,3,10,3,9
unit,26269,11,3,11,3,9
unit,26270,11,3,11,3,9
unit,26271,12,3,12,3,9
unit,26272,7,2,9,3,13
unit,26273,9,3,11,4,13
unit,26274,9,3,10,3,15
unit,26275,10,3,12,4,15
unit,26276,9,3,11,4,13
unit,26277,10,3,12,4,13
unit,26278,10,3,12,4,15
unit,26279,11,3,13,4,15
unit,26280,9,3,11,4,13
unit,26281,10,3,12,4,13
unit,26282,10,3,12,4,15
unit,26283,11,3,13,4,15
unit,26284,10,3,12,4,13
unit,26285,11,3,13,4,13
unit,26286,11,3,13,4,15
unit,26287,12,3,14,4,15
unit,26288,8,2,10,3,13
unit,26289,10,3,12,4,13
unit,26290,10,3,11,3,15
unit,26291,11,3,13,4,15
unit,26292,10,3,12,4,13
unit,26293,11,3,13,4,13
unit,26294,11,3,13,4,15
unit,26295,12,3,14,4,15
unit,26296,10,3,12,4,13
unit,26297,11,3,13,4,13
unit,26298,11,3,13,4,15
unit,26299,12,3,14,4,15
unit,26300,11,3,13,4,13
unit,26301,12,3,14,4,13
unit,26302,12,3,14,4,15
unit,26303,13,3,15,4,15
unit,26304,7,2,9,3,13
unit,26305,9,3,11,4,13
unit,26306,9,3,11,4,13
unit,26307,10,3,12,4,13
unit,26308,9,3,10,3,15
unit,26309,10,3,12,4,15
unit,26310,10,3,12,4,15
unit,26311,11,3,13,4,15
unit,26312,9,3,11,4,13
unit,26313,10,3,12,4,13
unit,26314,10,3,12,4,13
unit,26315,11,3,13,4,13
unit,26316,10,3,12,4,15
unit,26317,11,3,13,4,15
unit,26318,11,3,13,4,15
unit,26319,12,3,14,4,15
unit,26320,8,2,10,3,13
unit,26321,10,3,12,4,13
unit,26322,10,3,12,4,13
unit,26323,11,3,13,4,13
unit,26324,10,3,11,3,15
unit,26325,11,3,13,4,15
unit,26326,11,3,13,4,15
unit,26327,12,3,14,4,15
unit,26328,10,3,12,4,13
unit,26329,11,3,13,4,13
unit,26330,11,3,13,4,13
unit,26331,12,3,14,4,13
unit,26332,11,3,13,4,15
unit,26333,12,3,14,4,15
unit,26334,12,3,14,4,15
unit,26335,13,3,15,4,15
unit,26336,7,2,7,2,11
unit,26337,9,3,9,3,11
unit,26338,9,3,11,3,17
unit,26339,10,3,13,4,17
unit,26340,9,3,11,3,17
unit,26341,10,3,13,4,17
unit,26342,8,2,8,2,13
unit,26343,10,3,10,3,13
unit,26344,9,3,9,3,11
unit,26345,10,3,10,3,11
unit,26346,10,3,13,4,17
unit,26347,11,3,14,4,17
unit,26348,10,3,13,4,17
unit,26349,11,3,14,4,17
unit,26350,10,3,10,3,13
unit,26351,11,3,11,3,13
unit,26352,8,2,8,2,11
unit,26353,10,3,10,3,11
unit,26354,10,3,12,3,17
unit,26355,11,3,14,4,17
unit,26356,10,3,12,3,17
unit,26357,11,3,14,4,17
unit,26358,9,2,9,2,13
unit,26359,11,3,11,3,13
unit,26360,10,3,10,3,11
unit,26361,11,3,11,3,11
unit,26362,11,3,14,4,17
unit,26363,12,3,15,4,17
unit,26364,11,3,14,4,17
unit,26365,12,3,15,4,17
unit,26366,11,3,11,3,13
unit,26367,12,3,12,3,13
unit,26368,6,2,6,2,9
unit,26369,8,3,8,3,9
unit,26370,8,3,8,3,9
unit,26371,9,3,9,3,9
unit,26372,8,3,8,3,9
unit,26373,9,3,9,3,9
unit,26374,9,3,9,3,9
unit,26375,10,3,10,3,9
unit,26376,8,3,8,3,9
unit,26377,9,3,9,3,9
unit,26378,9,3,9,3,9
unit,26379,10,3,10,3,9
unit,26380,9,3,9,3,9
unit,26381,10,3,10,3,9
unit,26382,10,3,10,3,9
unit,26383,11,3,11,3,9
unit,26384,8,3,8,3,9
unit,26385,10,4,10,4,9
unit,26386,10,4,10,4,9
unit,26387,11,4,11,4,9
unit,26388,10,4,10,4,9
unit,26389,11,4,11,4,9
unit,26390,11,4,11,4,9
unit,26391,12,4,12,4,9
unit,26392,10,4,10,4,9
unit,26393,11,4,11,4,9
unit,26394,11,4,11,4,9
unit,26395,12,4,12,4,9
unit,26396,11,4,11,4,9
unit,26397,12,4,12,4,9
unit,26398,12,4,12,4,9
unit,26399,13,4,13,4,9
unit,26400,8,3,9,3,13
unit,26401,10,4,11,4,13
unit,26402,10,3,10,3,15
unit,26403,11,4,12,4,15
unit,26404,10,4,11,4,13
unit,26405,11,4,12,4,13
unit,26406,11,4,12,4,15
unit,26407,12,4,13,4,15
unit,26408,10,4,11,4,13
unit,26409,11,4,12,4,13
unit,26410,11,4,12,4,15
unit,26411,12,4,13,4,15
unit,26412,11,4,12,4,13
unit,26413,12,4,13,4,13
unit,26414,12,4,13,4,15
unit,26415,13,4,14,4,15
unit,26416,9,3,11,4,13
unit,26417,11,4,13,5,13
unit,26418,11,4,12,4,15
unit,26419,12,4,14,5,15
unit,26420,11,4,13,5,13
unit,26421,12,4,14,5,13
unit,26422,12,4,14,5,15
unit,26423,13,4,15,5,15
unit,26424,11,4,13,5,13
unit,26425,12,4,14,5,13
unit,26426,12,4,14,5,15
unit,26427,13,4,15,5,15
unit,26428,12,4,14,5,13
unit,26429,13,4,15,5,13
unit,26430,13,4,15,5,15
unit,26431,14,4,16,5,15
unit,26432,8,3,9,3,13
unit,26433,10,4,11,4,13
unit,26434,10,4,11,4,13
unit,26435,11,4,12,4,13
unit,26436,10,3,10,3,15
unit,26437,11,4,12,4,15
unit,26438,11,4,12,4,15
unit,26439,12,4,13,4,15
unit,26440,10,4,11,4,13
unit,26441,11,4,12,4,13
unit,26442,11,4,12,4,13
unit,26443,12,4,13,4,13
unit,26444,11,4,12,4,15
unit,26445,12,4,13,4,15
unit,26446,12,4,13,4,15
unit,26447,13,4,14,4,15
unit,26448,9,3,11,4,13
unit,26449,11,4,13,5,13
unit,26450,11,4,13,5,13
unit,26451,12,4,14,5,13
unit,26452,11,4,12,4,15
unit,26453,12,4,14,5,15
unit,26454,12,4,14,5,15
unit,26455,13,4,15,5,15
unit,26456,11,4,13,5,13
unit,26457,12,4,14,5,13
unit,26458,12,4,14,5,13
unit,26459,13,4,15,5,13
unit,26460,12,4,14,5,15
unit,26461,13,4,15,5,15
unit,26462,13,4,15,5,15
unit,26463,14,4,16,5,15
unit,26464,7,2,7,2,11
unit,26465,9,3,9,3,11
unit,26466,9,3,11,3,17
unit,26467,10,3,13,4,17
unit,26468,9,3,11,3,17
unit,26469,10,3,13,4,17
unit,26470,8,2,8,2,13
unit,26471,10,3,10,3,13
unit,26472,9,3,9,3,11
unit,26473,10,3,10,3,11
unit,26474,10,3,13,4,17
unit,26475,11,3,14,4,17
unit,26476,10,3,13,4,17
unit,26477,11,3,14,4,17
unit,26478,10,3,10,3,13
unit,26479,11,3,11,3,13
unit,26480,9,3,9,3,11
unit,26481,11,4,11,4,11
unit,26482,11,4,13,4,17
unit,26483,12,4,15,5,17
unit,26484,11,4,13,4,17
unit,26485,12,4,15,5,17
unit,26486,10,3,10,3,13
unit,26487,12,4,12,4,13
unit,26488,11,4,11,4,11
unit,26489,12,4,12,4,11
unit,26490,12,4,15,5,17
unit,26491,13,4,16,5,17
unit,26492,12,4,15,5,17
unit,26493,13,4,16,5,17
unit,26494,12,4,12,4,13
unit,26495,13,4,13,4,13
unit,26496,8,3,8,3,9
unit,26497,10,4,10,4,9
unit,26498,10,4,10,4,9
unit,26499,11,4,11,4,9
unit,26500,10,4,10,4,9
unit,26501,11,4,11,4,9
unit,26502,11,4,11,4,9
unit,26503,12,4,12,4,9
unit,26504,10,4,10,4,9
unit,26505,11,4,11,4,9
unit,26506,11,4,11,4,9
unit,26507,12,4,12,4,9
unit,26508,11,4,11,4,9
unit,26509,12,4,12,4,9
unit,26510,12,4,12,4,9
unit,26511,13,4,13,4,9
unit,26512,9,3,9,3,9
unit,26513,11,4,11,4,9
unit,26514,11,4,11,4,9
unit,26515,12,4,12,4,9
unit,26516,11,4,11,4,9
unit,26517,12,4,12,4,9
unit,26518,12,4,12,4,9
unit,26519,13,4,13,4,9
unit,26520,11,4,11,4,9
unit,26521,12,4,12,4,9
unit,26522,12,4,12,4,9
unit,26523,13,4,13,4,9
unit,26524,12,4,12,4,9
unit,26525,13,4,13,4,9
unit,26526,13,4,13,4,9
unit,26527,14,4,14,4,9
unit,26528,9,3,11,4,13
unit,26529,11,4,13,5,13
unit,26530,11,4,12,4,15
unit,26531,12,4,14,5,15
unit,26532,11,4,13,5,13
unit,26533,12,4,14,5,13
unit,26534,12,4,14,5,15
unit,26535,13,4,15,5,15
unit,26536,11,4,13,5,13
unit,26537,12,4,14,5,13
unit,26538,12,4,14,5,15
unit,26539,13,4,15,5,15
unit,26540,12,4,14,5,13
unit,26541,13,4,15,5,13
unit,26542,13,4,15,5,15
unit,26543,14,4,16,5,15
unit,26544,10,3,12,4,13
unit,26545,12,4,14,5,13
unit,26546,12,4,13,4,15
unit,26547,13,4,15,5,15
unit,26548,12,4,14,5,13
unit,26549,13,4,15,5,13
unit,26550,13,4,15,5,15
unit,26551,14,4,16,5,15
unit,26552,12,4,14,5,13
unit,26553,13,4,15,5,13
unit,26554,13,4,15,5,15
unit,26555,14,4,16,5,15
unit,26556,13,4,15,5,13
unit,26557,14,4,16,5,13
unit,26558,14,4,16,5,15
unit,26559,15,4,17,5,15
unit,26560,9,3,11,4,13
unit,26561,11,4,13,5,13
unit,26562,11,4,13,5,13
unit,26563,12,4,14,5,13
unit,26564,11,4,12,4,15
unit,26565,12,4,14,5,15
unit,26566,12,4,14,5,15
unit,26567,13,4,15,5,15
unit,26568,11,4,13,5,13
unit,26569,12,4,14,5,13
unit,26570,12,4,14,5,13
unit,26571,13,4,15,5,13
unit,26572,12,4,14,5,15
unit,26573,13,4,15,5,15
unit,26574,13,4,15,5,15
unit,26575,14,4,16,5,15
unit,26576,10,3,12,4,13
unit,26577,12,4,14,5,13
unit,26578,12,4,14,5,13
unit,26579,13,4,15,5,13
unit,26580,12,4,13,4,15
unit,26581,13,4,15,5,15
unit,26582,13,4,15,5,15
unit,26583,14,4,16,5,15
unit,26584,12,4,14,5,13
unit,26585,13,4,15,5,13
unit,26586,13,4,15,5,13
unit,26587,14,4,16,5,13
unit,26588,13,4,15,5,15
unit,26589,14,4,16,5,15
unit,26590,14,4,16,5,15
unit,26591,15,4,17,5,15
unit,26592,9,3,9,3,11
unit,26593,11,4,11,4,11
unit,26594,11,4,13,4,17
unit,26595,12,4,15,5,17
unit,26596,11,4,13,4,17
unit,26597,12,4,15,5,17
unit,26598,10,3,10,3,13
unit,26599,12,4,12,4,13
unit,26600,11,4,11,4,11
unit,26601,12,4,12,4,11
unit,26602,12,4,15,5,17
unit,26603,13,4,16,5,17
unit,26604,12,4,15,5,17
unit,26605,13,4,16,5,17
unit,26606,12,4,12,4,13
unit,26607,13,4,13,4,13
unit,26608,10,3,10,3,11
unit,26609,12,4,12,4,11
unit,26610,12,4,14,4,17
unit,26611,13,4,16,5,17
unit,26612,12,4,14,4,17
unit,26613,13,4,16,5,17
unit,26614,11,3,11,3,13
unit,26615,13,4,13,4,13
unit,26616,12,4,12,4,11
unit,26617,13,4,13,4,11
unit,26618,13,4,16,5,17
unit,26619,14,4,17,5,17
unit,26620,13,4,16,5,17
unit,26621,14,4,17,5,17
unit,26622,13,4,13,4,13
unit,26623,14,4,14,4,13
unit,26624,5,2,5,2,7
unit,26625,7,3,7,3,7
unit,26626,7,3,7,3,7
unit,26627,8,3,8,3,7
unit,26628,7,3,7,3,7
unit,26629,8,3,8,3,7
unit,26630,8,3,8,3,7
unit,26631,9,3,9,3,7
unit,26632,7,3,7,3,7
unit,26633,8,3,8,3,7
unit,26634,8,3,8,3,7
unit,26635,9,3,9,3,7
unit,26636,8,3,8,3,7
unit,26637,9,3,9,3,7
unit,26638,9,3,9,3,7
unit,26639,10,3,10,3,7
unit,26640,7,3,7,3,7
unit,26641,9,4,9,4,7
unit,26642,9,4,9,4,7
unit,26643,10,4,10,4,7
unit,26644,9,4,9,4,7
unit,26645,10,4,10,4,7
unit,26646,10,4,10,4,7
unit,26647,11,4,11,4,7
unit,26648,9,4,9,4,7
unit,26649,10,4,10,4,7
unit,26650,10,4,10,4,7
unit,26651,11,4,11,4,7
unit,26652,10,4,10,4,7
unit,26653,11,4,11,4,7
unit,26654,11,4,11,4,7
unit,26655,12,4,12,4,7
unit,26656,7,3,7,3,7
unit,26657,9,4,9,4,7
unit,26658,9,4,9,4,7
unit,26659,10,4,10,4,7
unit,26660,9,4,9,4,7
unit,26661,10,4,10,4,7
unit,26662,10,4,10,4,7
unit,26663,11,4,11,4,7
unit,26664,9,4,9,4,7
unit,26665,10,4,10,4,7
unit,26666,10,4,10,4,7
unit,26667,11,4,11,4,7
unit,26668,10,4,10,4,7
unit,26669,11,4,11,4,7
unit,26670,11,4,11,4,7
unit,26671,12,4,12,4,7
unit,26672,8,3,8,3,7
unit,26673,10,4,10,4,7
unit,26674,10,4,10,4,7
unit,26675,11,4,11,4,7
unit,26676,10,4,10,4,7
unit,26677,11,4,11,4,7
unit,26678,11,4,11,4,7
unit,26679,12,4,12,4,7
unit,26680,10,4,10,4,7
unit,26681,11,4,11,4,7
unit,26682,11,4,11,4,7
unit,26683,12,4,12,4,7
unit,26684,11,4,11,4,7
unit,26685,12,4,12,4,7
unit,26686,12,4,12,4,7
unit,26687,13,4,13,4,7
unit,26688,7,3,7,3,7
unit,26689,9,4,9,4,7
unit,26690,9,4,9,4,7
unit,26691,10,4,10,4,7
unit,26692,9,4,9,4,7
unit,26693,10,4,10,4,7
unit,26694,10,4,10,4,7
unit,26695,11,4,11,4,7
unit,26696,9,4,9,4,7
unit,26697,10,4,10,4,7
unit,26698,10,4,10,4,7
unit,26699,11,4,11,4,7
unit,26700,10,4,10,4,7
unit,26701,11,4,11,4,7
unit,26702,11,4,11,4,7
unit,26703,12,4,12,4,7
unit,26704,8,3,8,3,7
unit,26705,10,4,10,4,7
unit,26706,10,4,10,4,7
unit,26707,11,4,11,4,7
unit,26708,10,4,10,4,7
unit,26709,11,4,11,4,7
unit,26710,11,4,11,4,7
unit,26711,12,4,12,4,7
unit,26712,10,4,10,4,7
unit,26713,11,4,11,4,7
unit,26714,11,4,11,4,7
unit,26715,12,4,12,4,7
unit,26716,11,4,11,4,7
unit,26717,12,4,12,4,7
unit,26718,12,4,12,4,7
unit,26719,13,4,13,4,7
unit,26720,8,3,8,3,7
unit,26721,10,4,10,4,7
unit,26722,10,4,10,4,7
unit,26723,11,4,11,4,7
unit,26724,10,4,10,4,7
unit,26725,11,4,11,4,7
unit,26726,11,4,11,4,7
unit,26727,12,4,12,4,7
unit,26728,10,4,10,4,7
unit,26729,11,4,11,4,7
unit,26730,11,4,11,4,7
unit,26731,12,4,12,4,7
unit,26732,11,4,11,4,7
unit,26733,12,4,12,4,7
unit,26734,12,4,12,4,7
unit,26735,13,4,13,4,7
unit,26736,9,3,9,3,7
unit,26737,11,4,11,4,7
unit,26738,11,4,11,4,7
unit,26739,12,4,12,4,7
unit,26740,11,4,11,4,7
unit,26741,12,4,12,4,7
unit,26742,12,4,12,4,7
unit,26743,13,4,13,4,7
unit,26744,11,4,11,4,7
unit,26745,12,4,12,4,7
unit,26746,12,4,12,4,7
unit,26747,13,4,13,4,7
unit,26748,12,4,12,4,7
unit,26749,13,4,13,4,7
unit,26750,13,4,13,4,7
unit,26751,14,4,14,4,7
unit,26752,7,3,7,3,7
unit,26753,9,4,9,4,7
unit,26754,9,4,9,4,7
unit,26755,10,4,10,4,7
unit,26756,9,4,9,4,7
unit,26757,10,4,10,4,7
unit,26758,10,4,10,4,7
unit,26759,11,4,11,4,7
unit,26760,9,4,9,4,7
unit,26761,10,4,10,4,7
unit,26762,10,4,10,4,7
unit,26763,11,4,11,4,7
unit,26764,10,4,10,4,7
unit,26765,11,4,11,4,7
unit,26766,11,4,11,4,7
unit,26767,12,4,12,4,7
unit,26768,8,3,8,3,7
unit,26769,10,4,10,4,7
unit,26770,10,4,10,4,7
unit,26771,11,4,11,4,7
unit,26772,10,4,10,4,7
unit,26773,11,4,11,4,7
unit,26774,11,4,11,4,7
unit,26775,12,4,12,4,7
unit,26776,10,4,10,4,7
unit,26777,11,4,11,4,7
unit,26778,11,4,11,4,7
unit,26779,12,4,12,4,7
unit,26780,11,4,11,4,7
unit,26781,12,4,12,4,7
unit,26782,12,4,12,4,7
unit,26783,13,4,13,4,7
unit,26784,8,3,8,3,7
unit,26785,10,4,10,4,7
unit,26786,10,4,10,4,7
unit,26787,11,4,11,4,7
unit,26788,10,4,10,4,7
unit,26789,11,4,11,4,7
unit,26790,11,4,11,4,7
unit,26791,12,4,12,4,7
unit,26792,10,4,10,4,7
unit,26793,11,4,11,4,7
unit,26794,11,4,11,4,7
unit,26795,12,4,12,4,7
unit,26796,11,4,11,4,7
unit,26797,12,4,12,4,7
unit,26798,12,4,12,4,7
unit,26799,13,4,13,4,7
unit,26800,9,3,9,3,7
unit,26801,11,4,11,4,7
unit,26802,11,4,11,4,7
unit,26803,12,4,12,4,7
unit,26804,11,4,11,4,7
unit,26805,12,4,12,4,7
unit,26806,12,4,12,4,7
unit,26807,13,4,13,4,7
unit,26808,11,4,11,4,7
unit,26809,12,4,12,4,7
unit,26810,12,4,12,4,7
unit,26811,13,4,13,4,7
unit,26812,12,4,12,4,7
unit,26813,13,4,13,4,7
unit,26814,13,4,13,4,7
unit,26815,14,4,14,4,7
unit,26816,8,3,8,3,7
unit,26817,10,4,10,4,7
unit,26818,10,4,10,4,7
unit,26819,11,4,11,4,7
unit,26820,10,4,10,4,7
unit,26821,11,4,11,4,7
unit,26822,11,4,11,4,7
unit,26823,12,4,12,4,7
unit,26824,10,4,10,4,7
unit,26825,11,4,11,4,7
unit,26826,11,4,11,4,7
unit,26827,12,4,12,4,7
unit,26828,11,4,11,4,7
unit,26829,12,4,12,4,7
unit,26830,12,4,12,4,7
unit,26831,13,4,13,4,7
unit,26832,9,3,9,3,7
unit,26833,11,4,11,4,7
unit,26834,11,4,11,4,7
unit,26835,12,4,12,4,7
unit,26836,11,4,11,4,7
unit,26837,12,4,12,4,7
unit,26838,12,4,12,4,7
unit,26839,13,4,13,4,7
unit,26840,11,4,11,4,7
unit,26841,12,4,12,4,7
unit,26842,12,4,12,4,7
unit,26843,13,4,13,4,7
unit,26844,12,4,12,4,7
unit,26845,13,4,13,4,7
unit,26846,13,4,13,4,7
unit,26847,14,4,14,4,7
unit,26848,9,3,9,3,7
unit,26849,11,4,11,4,7
unit,26850,11,4,11,4,7
unit,26851,12,4,12,4,7
unit,26852,11,4,11,4,7
unit,26853,12,4,12,4,7
unit,26854,12,4,12,4,7
unit,26855,13,4,13,4,7
unit,26856,11,4,11,4,7
unit,26857,12,4,12,4,7
unit,26858,12,4,12,4,7
unit,26859,13,4,13,4,7
unit,26860,12,4,12,4,7
unit,26861,13,4,13,4,7
unit,26862,13,4,13,4,7
unit,26863,14,4,14,4,7
unit,26864,10,3,10,3,7
unit,26865,12,4,12,4,7
unit,26866,12,4,12,4,7
unit,26867,13,4,13,4,7
unit,26868,12,4,12,4,7
unit,26869,13,4,13,4,7
unit,26870,13,4,13,4,7
unit,26871,14,4,14,4,7
unit,26872,12,4,12,4,7
unit,26873,13,4,13,4,7
unit,26874,13,4,13,4,7
unit,26875,14,4,14,4,7
unit,26876,13,4,13,4,7
unit,26877,14,4,14,4,7
unit,26878,14,4,14,4,7
unit,26879,15,4,15,4,7
unit,26880,6,2,6,2,7
unit,26881,8,3,8,3,7
unit,26882,8,3,8,3,7
unit,26883,9,3,9,3,7
unit,26884,8,3,8,3,7
unit,26885,9,3,9,3,7
unit,26886,9,3,9,3,7
unit,26887,10,3,10,3,7
unit,26888,8,3,8,3,7
unit,26889,9,3,9,3,7
unit,26890,9,3,9,3,7
unit,26891,10,3,10,3,7
unit,26892,9,3,9,3,7
unit,26893,10,3,10,3,7
unit,26894,10,3,10,3,7
unit,26895,11,3,11,3,7
unit,26896,8,3,8,3,7
unit,26897,10,4,10,4,7
unit,26898,10,4,10,4,7
unit,26899,11,4,11,4,7
unit,26900,10,4,10,4,7
unit,26901,11,4,11,4,7
unit,26902,11,4,11,4,7
unit,26903,12,4,12,4,7
unit,26904,10,4,10,4,7
unit,26905,11,4,11,4,7
unit,26906,11,4,11,4,7
unit,26907,12,4,12,4,7
unit,26908,11,4,11,4,7
unit,26909,12,4,12,4,7
unit,26910,12,4,12,4,7
unit,26911,13,4,13,4,7
unit,26912,8,3,8,3,7
unit,26913,10,4,10,4,7
unit,26914,10,4,10,4,7
unit,26915,11,4,11,4,7
unit,26916,10,4,10,4,7
unit,26917,11,4,11,4,7
unit,26918,11,4,11,4,7
unit,26919,12,4,12,4,7
unit,26920,10,4,10,4,7
unit,26921,11,4,11,4,7
unit,26922,11,4,11,4,7
unit,26923,12,4,12,4,7
unit,26924,11,4,11,4,7
unit,26925,12,4,12,4,7
unit,26926,12,4,12,4,7
unit,26927,13,4,13,4,7
unit,26928,9,3,9,3,7
unit,26929,11,4,11,4,7
unit,26930,11,4,11,4,7
unit,26931,12,4,12,4,7
unit,26932,11,4,11,4,7
unit,26933,12,4,12,4,7
unit,26934,12,4,12,4,7
unit,26935,13,4,13,4,7
unit,26936,11,4,11,4,7
unit,26937,12,4,12,4,7
unit,26938,12,4,12,4,7
unit,26939,13,4,13,4,7
unit,26940,12,4,12,4,7
unit,26941,13,4,13,4,7
unit,26942,13,4,13,4,7
unit,26943,14,4,14,4,7
unit,26944,8,3,8,3,7
unit,26945,10,4,10,4,7
unit,26946,10,4,10,4,7
unit,26947,11,4,11,4,7
unit,26948,10,4,10,4,7
unit,26949,11,4,11,4,7
unit,26950,11,4,11,4,7
unit,26951,12,4,12,4,7
unit,26952,10,4,10,4,7
unit,26953,11,4,11,4,7
unit,26954,11,4,11,4,7
unit,26955,12,4,12,4,7
unit,26956,11,4,11,4,7
unit,26957,12,4,12,4,7
unit,26958,12,4,12,4,7
unit,26959,13,4,13,4,7
unit,26960,9,3,9,3,7
unit,26961,11,4,11,4,7
unit,26962,11,4,11,4,7
unit,26963,12,4,12,4,7
unit,26964,11,4,11,4,7
unit,26965,12,4,12,4,7
unit,26966,12,4,12,4,7
unit,26967,13,4,13,4,7
unit,26968,11,4,11,4,7
unit,26969,12,4,12,4,7
unit,26970,12,4,12,4,7
unit,26971,13,4,13,4,7
unit,26972,12,4,12,4,7
unit,26973,13,4,13,4,7
unit,26974,13,4,13,4,7
unit,26975,14,4,14,4,7
unit,26976,9,3,9,3,7
unit,26977,11,4,11,4,7
unit,26978,11,4,11,4,7
unit,26979,12,4,12,4,7
unit,26980,11,4,11,4,7
unit,26981,12,4,12,4,7
unit,26982,12,4,12,4,7
unit,26983,13,4,13,4,7
unit,26984,11,4,11,4,7
unit,26985,12,4,12,4,7
unit,26986,12,4,12,4,7
unit,26987,13,4,13,4,7
unit,26988,12,4,12,4,7
unit,26989,13,4,13,4,7
unit,26990,13,4,13,4,7
unit,26991,14,4,14,4,7
unit,26992,10,3,10,3,7
unit,26993,12,4,12,4,7
unit,26994,12,4,12,4,7
unit,26995,13,4,13,4,7
unit,26996,12,4,12,4,7
unit,26997,13,4,13,4,7
unit,26998,13,4,13,4,7
unit,26999,14,4,14,4,7
unit,27000,12,4,12,4,7
unit,27001,13,4,13,4,7
unit,27002,13,4,13,4,7
unit,27003,14,4,14,4,7
unit,27004,13,4,13,4,7
unit,27005,14,4,14,4,7
unit,27006,14,4,14,4,7
unit,27007,15,4,15,4,7
unit,27008,8,3,8,3,7
unit,27009,10,4,10,4,7
unit,27010,10,4,10,4,7
unit,27011,11,4,11,4,7
unit,27012,10,4,10,4,7
unit,27013,11,4,11,4,7
unit,27014,11,4,11,4,7
unit,27015,12,4,12,4,7
unit,27016,10,4,10,4,7
unit,27017,11,4,11,4,7
unit,27018,11,4,11,4,7
unit,27019,12,4,12,4,7
unit,27020,11,4,11,4,7
unit,27021,12,4,12,4,7
unit,27022,12,4,12,4,7
unit,27023,13,4,13,4,7
unit,27024,9,3,9,3,7
unit,27025,11,4,11,4,7
unit,27026,11,4,11,4,7
unit,27027,12,4,12,4,7
unit,27028,11,4,11,4,7
unit,27029,12,4,12,4,7
unit,27030,12,4,12,4,7
unit,27031,13,4,13,4,7
unit,27032,11,4,11,4,7
unit,27033,12,4,12,4,7
unit,27034,12,4,12,4,7
unit,27035,13,4,13,4,7
unit,27036,12,4,12,4,7
unit,27037,13,4,13,4,7
unit,27038,13,4,13,4,7
unit,27039,14,4,14,4,7
unit,27040,9,3,9,3,7
unit,27041,11,4,11,4,7
unit,27042,11,4,11,4,7
unit,27043,12,4,12,4,7
unit,27044,11,4,11,4,7
unit,27045,12,4,12,4,7
unit,27046,12,4,12,4,7
unit,27047,13,4,13,4,7
unit,27048,11,4,11,4,7
unit,27049,12,4,12,4,7
unit,27050,12,4,12,4,7
unit,27051,13,4,13,4,7
unit,27052,12,4,12,4,7
unit,27053,13,4,13,4,7
unit,27054,13,4,13,4,7
unit,27055,14,4,14,4,7
unit,27056,10,3,10,3,7
unit,27057,12,4,12,4,7
unit,27058,12,4,12,4,7
unit,27059,13,4,13,4,7
unit,27060,12,4,12,4,7
unit,27061,13,4,13,4,7
unit,27062,13,4,13,4,7
unit,27063,14,4,14,4,7
unit,27064,12,4,12,4,7
unit,27065,13,4,13,4,7
unit,27066,13,4,13,4,7
unit,27067,14,4,14,4,7
unit,27068,13,4,13,4,7
unit,27069,14,4,14,4,7
unit,27070,14,4,14,4,7
unit,27071,15,4,15,4,7
unit,27072,9,3,9,3,7
unit,27073,11,4,11,4,7
unit,27074,11,4,11,4,7
unit,27075,12,4,12,4,7
unit,27076,11,4,11,4,7
unit,27077,12,4,12,4,7
unit,27078,12,4,12,4,7
unit,27079,13,4,13,4,7
unit,27080,11,4,11,4,7
unit,27081,12,4,12,4,7
unit,27082,12,4,12,4,7
unit,27083,13,4,13,4,7
unit,27084,12,4,12,4,7
unit,27085,13,4,13,4,7
unit,27086,13,4,13,4,7
unit,27087,14,4,14,4,7
unit,27088,10,3,10,3,7
unit,27089,12,4,12,4,7
unit,27090,12,4,12,4,7
unit,27091,13,4,13,4,7
unit,27092,12,4,12,4,7
unit,27093,13,4,13,4,7
unit,27094,13,4,13,4,7
unit,27095,14,4,14,4,7
unit,27096,12,4,12,4,7
unit,27097,13,4,13,4,7
unit,27098,13,4,13,4,7
unit,27099,14,4,14,4,7
unit,27100,13,4,13,4,7
unit,27101,14,4,14,4,7
unit,27102,14,4,14,4,7
unit,27103,15,4,15,4,7
unit,27104,10,3,10,3,7
unit,27105,12,4,12,4,7
unit,27106,12,4,12,4,7
unit,27107,13,4,13,4,7
unit,27108,12,4,12,4,7
unit,27109,13,4,13,4,7
unit,27110,13,4,13,4,7
unit,27111,14,4,14,4,7
unit,27112,12,4,12,4,7
unit,27113,13,4,13,4,7
unit,27114,13,4,13,4,7
unit,27115,14,4,14,4,7
unit,27116,13,4,13,4,7
unit,27117,14,4,14,4,7
unit,27118,14,4,14,4,7
unit,27119,15,4,15,4,7
unit,27120,11,3,11,3,7
unit,27121,13,4,13,4,7
unit,27122,13,4,13,4,7
unit,27123,14,4,14,4,7
unit,27124,13,4,13,4,7
unit,27125,14,4,14,4,7
unit,27126,14,4,14,4,7
unit,27127,15,4,15,4,7
unit,27128,13,4,13,4,7
unit,27129,14,4,14,4,7
unit,27130,14,4,14,4,7
unit,27131,15,4,15,4,7
unit,27132,14,4,14,4,7
unit,27133,15,4,15,4,7
unit,27134,15,4,15,4,7
unit,27135,16,4,16,4,7
unit,27136,6,2,7,3,9
unit,27137,8,3,9,4,9
unit,27138,8,3,9,4,9
unit,27139,9,3,10,4,9
unit,27140,8,3,9,4,9
unit,27141,9,3,10,4,9
unit,27142,9,3,10,4,9
unit,27143,10,3,11,4,9
unit,27144,8,3,9,4,9
unit,27145,9,3,10,4,9
unit,27146,9,3,10,4,9
unit,27147,10,3,11,4,9
unit,27148,9,3,10,4,9
unit,27149,10,3,11,4,9
unit,27150,10,3,11,4,9
unit,27151,11,3,12,4,9
unit,27152,8,3,9,4,9
unit,27153,10,4,11,5,9
unit,27154,10,4,11,5,9
unit,27155,11,4,12,5,9
unit,27156,10,4,11,5,9
unit,27157,11,4,12,5,9
unit,27158,11,4,12,5,9
unit,27159,12,4,13,5,9
unit,27160,10,4,11,5,9
unit,27161,11,4,12,5,9
unit,27162,11,4,12,5,9
unit,27163,12,4,13,5,9
unit,27164,11,4,12,5,9
unit,27165,12,4,13,5,9
unit,27166,12,4,13,5,9
unit,27167,13,4,14,5,9
unit,27168,8,3,8,3,11
unit,27169,10,4,10,4,11
unit,27170,9,3,9,3,13
unit,27171,11,4,11,4,13
unit,27172,10,4,10,4,11
unit,27173,11,4,11,4,11
unit,27174,11,4,11,4,13
unit,27175,12,4,12,4,13
unit,27176,10,4,10,4,11
unit,27177,11,4,11,4,11
unit,27178,11,4,11,4,13
unit,27179,12,4,12,4,13
unit,27180,11,4,11,4,11
unit,27181,12,4,12,4,11
unit,27182,12,4,12,4,13
unit,27183,13,4,13,4,13
unit,27184,9,3,10,4,11
unit,27185,11,4,12,5,11
unit,27186,11,4,11,4,13
unit,27187,12,4,13,5,13
unit,27188,11,4,12,5,11
unit,27189,12,4,13,5,11
unit,27190,12,4,13,5,13
unit,27191,13,4,14,5,13
unit,27192,11,4,12,5,11
unit,27193,12,4,13,5,11
unit,27194,12,4,13,5,13
unit,27195,13,4,14,5,13
unit,27196,12,4,13,5,11
unit,27197,13,4,14,5,11
unit,27198,13,4,14,5,13
unit,27199,14,4,15,5,13
unit,27200,8,3,9,4,9
unit,27201,10,4,11,5,9
unit,27202,10,4,11,5,9
unit,27203,11,4,12,5,9
unit,27204,10,4,11,5,9
unit,27205,11,4,12,5,9
unit,27206,11,4,12,5,9
unit,27207,12,4,13,5,9
unit,27208,10,4,11,5,9
unit,27209,11,4,12,5,9
unit,27210,11,4,12,5,9
unit,27211,12,4,13,5,9
unit,27212,11,4,12,5,9
unit,27213,12,4,13,5,9
unit,27214,12,4,13,5,9
unit,27215,13,4,14,5,9
unit,27216,9,3,10,4,9
unit,27217,11,4,12,5,9
unit,27218,11,4,12,5,9
unit,27219,12,4,13,5,9
unit,27220,11,4,12,5,9
unit,27221,12,4,13,5,9
unit,27222,12,4,13,5,9
unit,27223,13,4,14,5,9
unit,27224,11,4,12,5,9
unit,27225,12,4,13,5,9
unit,27226,12,4,13,5,9
unit,27227,13,4,14,5,9
unit,27228,12,4,13,5,9
unit,27229,13,4,14,5,9
unit,27230,13,4,14,5,9
unit,27231,14,4,15,5,9
unit,27232,9,3,10,4,11
unit,27233,11,4,12,5,11
unit,27234,11,4,11,4,13
unit,27235,12,4,13,5,13
unit,27236,11,4,12,5,11
unit,27237,12,4,13,5,11
unit,27238,12,4,13,5,13
unit,27239,13,4,14,5,13
unit,27240,11,4,12,5,11
unit,27241,12,4,13,5,11
unit,27242,12,4,13,5,13
unit,27243,13,4,14,5,13
unit,27244,12,4,13,5,11
unit,27245,13,4,14,5,11
unit,27246,13,4,14,5,13
unit,27247,14,4,15,5,13
unit,27248,10,3,11,4,11
unit,27249,12,4,13,5,11
unit,27250,12,4,12,4,13
unit,27251,13,4,14,5,13
unit,27252,12,4,13,5,11
unit,27253,13,4,14,5,11
unit,27254,13,4,14,5,13
unit,27255,14,4,15,5,13
unit,27256,12,4,13,5,11
unit,27257,13,4,14,5,11
unit,27258,13,4,14,5,13
unit,27259,14,4,15,5,13
unit,27260,13,4,14,5,11
unit,27261,14,4,15,5,11
unit,27262,14,4,15,5,13
unit,27263,15,4,16,5,13
unit,27264,8,3,9,4,9
unit,27265,10,4,11,5,9
unit,27266,10,4,11,5,9
unit,27267,11,4,12,5,9
unit,27268,10,4,11,5,9
unit,27269,11,4,12,5,9
unit,27270,11,4,12,5,9
unit,27271,12,4,13,5,9
unit,27272,10,4,11,5,9
unit,27273,11,4,12,5,9
unit,27274,11,4,12,5,9
unit,27275,12,4,13,5,9
unit,27276,11,4,12,5,9
unit,27277,12,4,13,5,9
unit,27278,12,4,13,5,9
unit,27279,13,4,14,5,9
unit,27280,9,3,10,4,9
unit,27281,11,4,12,5,9
unit,27282,11,4,12,5,9
unit,27283,12,4,13,5,9
unit,27284,11,4,12,5,9
unit,27285,12,4,13,5,9
unit,27286,12,4,13,5,9
unit,27287,13,4,14,5,9
unit,27288,11,4,12,5,9
unit,27289,12,4,13,5,9
unit,27290,12,4,13,5,9
unit,27291,13,4,14,5,9
unit,27292,12,4,13,5,9
unit,27293,13,4,14,5,9
unit,27294,13,4,14,5,9
unit,27295,14,4,15,5,9
unit,27296,9,3,10,4,11
unit,27297,11,4,12,5,11
unit,27298,11,4,11,4,13
unit,27299,12,4,13,5,13
unit,27300,11,4,12,5,11
unit,27301,12,4,13,5,11
unit,27302,12,4,13,5,13
unit,27303,13,4,14,5,13
unit,27304,11,4,12,5,11
unit,27305,12,4,13,5,11
unit,27306,12,4,13,5,13
unit,27307,13,4,14,5,13
unit,27308,12,4,13,5,11
unit,27309,13,4,14,5,11
unit,27310,13,4,14,5,13
unit,27311,14,4,15,5,13
unit,27312,10,3,11,4,11
unit,27313,12,4,13,5,11
unit,27314,12,4,12,4,13
unit,27315,13,4,14,5,13
unit,27316,12,4,13,5,11
unit,27317,13,4,14,5,11
unit,27318,13,4,14,5,13
unit,27319,14,4,15,5,13
unit,27320,12,4,13,5,11
unit,27321,13,4,14,5,11
unit,27322,13,4,14,5,13
unit,27323,14,4,15,5,13
unit,27324,13,4,14,5,11
unit,27325,14,4,15,5,11
unit,27326,14,4,15,5,13
unit,27327,15,4,16,5,13
unit,27328,9,3,10,4,9
unit,27329,11,4,12,5,9
unit,27330,11,4,12,5,9
unit,27331,12,4,13,5,9
unit,27332,11,4,12,5,9
unit,27333,12,4,13,5,9
unit,27334,12,4,13,5,9
unit,27335,13,4,14,5,9
unit,27336,11,4,12,5,9
unit,27337,12,4,13,5,9
unit,27338,12,4,13,5,9
unit,27339,13,4,14,5,9
unit,27340,12,4,13,5,9
unit,27341,13,4,14,5,9
unit,27342,13,4,14,5,9
unit,27343,14,4,15,5,9
unit,27344,10,3,11,4,9
unit,27345,12,4,13,5,9
unit,27346,12,4,13,5,9
unit,27347,13,4,14,5,9
unit,27348,12,4,13,5,9
unit,27349,13,4,14,5,9
unit,27350,13,4,14,5,9
unit,27351,14,4,15,5,9
unit,27352,12,4,13,5,9
unit,27353,13,4,14,5,9
unit,27354,13,4,14,5,9
unit,27355,14,4,15,5,9
unit,27356,13,4,14,5,9
unit,27357,14,4,15,5,9
unit,27358,14,4,15,5,9
unit,27359,15,4,16,5,9
unit,27360,10,3,11,4,11
unit,27361,12,4,13,5,11
unit,27362,12,4,12,4,13
unit,27363,13,4,14,5,13
unit,27364,12,4,13,5,11
unit,27365,13,4,14,5,11
unit,27366,13,4,14,5,13
unit,27367,14,4,15,5,13
unit,27368,12,4,13,5,11
unit,27369,13,4,14,5,11
unit,27370,13,4,14,5,13
unit,27371,14,4,15,5,13
unit,27372,13,4,14,5,11
unit,27373,14,4,15,5,11
unit,27374,14,4,15,5,13
unit,27375,15,4,16,5,13
unit,27376,11,3,12,4,11
unit,27377,13,4,14,5,11
unit,27378,13,4,13,4,13
unit,27379,14,4,15,5,13
unit,27380,13,4,14,5,11
unit,27381,14,4,15,5,11
unit,27382,14,4,15,5,13
unit,27383,15,4,16,5,13
unit,27384,13,4,14,5,11
unit,27385,14,4,15,5,11
unit,27386,14,4,15,5,13
unit,27387,15,4,16,5,13
unit,27388,14,4,15,5,11
unit,27389,15,4,16,5,11
unit,27390,15,4,16,5,13
unit,27391,16,4,17,5,13
unit,27392,7,2,8,3,9
unit,27393,9,3,10,4,9
unit,27394,9,3,10,4,9
unit,27395,10,3,11,4,9
unit,27396,9,3,10,4,9
unit,27397,10,3,11,4,9
unit,27398,10,3,11,4,9
unit,27399,11,3,12,4,9
unit,27400,9,3,10,4,9
unit,27401,10,3,11,4,9
unit,27402,10,3,11,4,9
unit,27403,11,3,12,4,9
unit,27404,10,3,11,4,9
unit,27405,11,3,12,4,9
unit,27406,11,3,12,4,9
unit,27407,12,3,13,4,9
unit,27408,9,3,10,4,9
unit,27409,11,4,12,5,9
unit,27410,11,4,12,5,9
unit,27411,12,4,13,5,9
unit,27412,11,4,12,5,9
unit,27413,12,4,13,5,9
unit,27414,12,4,13,5,9
unit,27415,13,4,14,5,9
unit,27416,11,4,12,5,9
unit,27417,12,4,13,5,9
unit,27418,12,4,13,5,9
unit,27419,13,4,14,5,9
unit,27420,12,4,13,5,9
unit,27421,13,4,14,5,9
unit,27422,13,4,14,5,9
unit,27423,14,4,15,5,9
unit,27424,9,3,9,3,11
unit,27425,11,4,11,4,11
unit,27426,10,3,10,3,13
unit,27427,12,4,12,4,13
unit,27428,11,4,11,4,11
unit,27429,12,4,12,4,11
unit,27430,12,4,12,4,13
unit,27431,13,4,13,4,13
unit,27432,11,4,11,4,11
unit,27433,12,4,12,4,11
unit,27434,12,4,12,4,13
unit,27435,13,4,13,4,13
unit,27436,12,4,12,4,11
unit,27437,13,4,13,4,11
unit,27438,13,4,13,4,13
unit,27439,14,4,14,4,13
unit,27440,10,3,11,4,11
unit,27441,12,4,13,5,11
unit,27442,12,4,12,4,13
unit,27443,13,4,14,5,13
unit,27444,12,4,13,5,11
unit,27445,13,4,14,5,11
unit,27446,13,4,14,5,13
unit,27447,14,4,15,5,13
unit,27448,12,4,13,5,11
unit,27449,13,4,14,5,11
unit,27450,13,4,14,5,13
unit,27451,14,4,15,5,13
unit,27452,13,4,14,5,11
unit,27453,14,4,15,5,11
unit,27454,14,4,15,5,13
unit,27455,15,4,16,5,13
unit,27456,9,3,10,4,9
unit,27457,11,4,12,5,9
unit,27458,11,4,12,5,9
unit,27459,12,4,13,5,9
unit,27460,11,4,12,5,9
unit,27461,12,4,13,5,9
unit,27462,12,4,13,5,9
unit,27463,13,4,14,5,9
unit,27464,11,4,12,5,9
unit,27465,12,4,13,5,9
unit,27466,12,4,13,5,9
unit,27467,13,4,14,5,9
unit,27468,12,4,13,5,9
unit,27469,13,4,14,5,9
unit,27470,13,4,14,5,9
unit,27471,14,4,15,5,9
unit,27472,10,3,11,4,9
unit,27473,12,4,13,5,9
unit,27474,12,4,13,5,9
unit,27475,13,4,14,5,9
unit,27476,12,4,13,5,9
unit,27477,13,4,14,5,9
unit,27478,13,4,14,5,9
unit,27479,14,4,15,5,9
unit,27480,12,4,13,5,9
unit,27481,13,4,14,5,9
unit,27482,13,4,14,5,9
unit,27483,14,4,15,5,9
unit,27484,13,4,14,5,9
unit,27485,14,4,15,5,9
unit,27486,14,4,15,5,9
unit,27487,15,4,16,5,9
unit,27488,10,3,11,4,11
unit,27489,12,4,13,5,11
unit,27490,12,4,12,4,13
unit,27491,13,4,14,5,13
unit,27492,12,4,13,5,11
unit,27493,13,4,14,5,11
unit,27494,13,4,14,5,13
unit,27495,14,4,15,5,13
unit,27496,12,4,13,5,11
unit,27497,13,4,14,5,11
unit,27498,13,4,14,5,13
unit,27499,14,4,15,5,13
unit,27500,13,4,14,5,11
unit,27501,14,4,15,5,11
unit,27502,14,4,15,5,13
unit,27503,15,4,16,5,13
unit,27504,11,3,12,4,11
unit,27505,13,4,14,5,11
unit,27506,13,4,13,4,13
unit,27507,14,4,15,5,13
unit,27508,13,4,14,5,11
unit,27509,14,4,15,5,11
unit,27510,14,4,15,5,13
unit,27511,15,4,16,5,13
unit,27512,13,4,14,5,11
unit,27513,14,4,15,5,11
unit,27514,14,4,15,5,13
unit,27515,15,4,16,5,13
unit,27516,14,4,15,5,11
unit,27517,15,4,16,5,11
unit,27518,15,4,16,5,13
unit,27519,16,4,17,5,13
unit,27520,9,3,10,4,9
unit,27521,11,4,12,5,9
unit,27522,11,4,12,5,9
unit,27523,12,4,13,5,9
unit,27524,11,4,12,5,9
unit,27525,12,4,13,5,9
unit,27526,12,4,13,5,9
unit,27527,13,4,14,5,9
unit,27528,11,4,12,5,9
unit,27529,12,4,13,5,9
unit,27530,12,4,13,5,9
unit,27531,13,4,14,5,9
unit,27532,12,4,13,5,9
unit,27533,13,4,14,5,9
unit,27534,13,4,14,5,9
unit,27535,14,4,15,5,9
unit,27536,10,3,11,4,9
unit,27537,12,4,13,5,9
unit,27538,12,4,13,5,9
unit,27539,13,4,14,5,9
unit,27540,12,4,13,5,9
unit,27541,13,4,14,5,9
unit,27542,13,4,14,5,9
unit,27543,14,4,15,5,9
unit,27544,12,4,13,5,9
unit,27545,13,4,14,5,9
unit,27546,13,4,14,5,9
unit,27547,14,4,15,5,9
unit,27548,13,4,14,5,9
unit,27549,14,4,15,5,9
unit,27550,14,4,15,5,9
unit,27551,15,4,16,5,9
unit,27552,10,3,11,4,11
unit,27553,12,4,13,5,11
unit,27554,12,4,12,4,13
unit,27555,13,4,14,5,13
unit,27556,12,4,13,5,11
unit,27557,13,4,14,5,11
unit,27558,13,4,14,5,13
unit,27559,14,4,15,5,13
unit,27560,12,4,13,5,11
unit,27561,13,4,14,5,11
unit,27562,13,4,14,5,13
unit,27563,14,4,15,5,13
unit,27564,13,4,14,5,11
unit,27565,14,4,15,5,11
unit,27566,14,4,15,5,13
unit,27567,15,4,16,5,13
unit,27568,11,3,12,4,11
unit,27569,13,4,14,5,11
unit,27570,13,4,13,4,13
unit,27571,14,4,15,5,13
unit,27572,13,4,14,5,11
unit,27573,14,4,15,5,11
unit,27574,14,4,15,5,13
unit,27575,15,4,16,5,13
unit,27576,13,4,14,5,11
unit,27577,14,4,15,5,11
unit,27578,14,4,15,5,13
unit,27579,15,4,16,5,13
unit,27580,14,4,15,5,11
unit,27581,15,4,16,5,11
unit,27582,15,4,16,5,13
unit,27583,16,4,17,5,13
unit,27584,10,3,11,4,9
unit,27585,12,4,13,5,9
unit,27586,12,4,13,5,9
unit,27587,13,4,14,5,9
unit,27588,12,4,13,5,9
unit,27589,13,4,14,5,9
unit,27590,13,4,14,5,9
unit,27591,14,4,15,5,9
unit,27592,12,4,13,5,9
unit,27593,13,4,14,5,9
unit,27594,13,4,14,5,9
unit,27595,14,4,15,5,9
unit,27596,13,4,14,5,9
unit,27597,14,4,15,5,9
unit,27598,14,4,15,5,9
unit,27599,15,4,16,5,9
unit,27600,11,3,12,4,9
unit,27601,13,4,14,5,9
unit,27602,13,4,14,5,9
unit,27603,14,4,15,5,9
unit,27604,13,4,14,5,9
unit,27605,14,4,15,5,9
unit,27606,14,4,15,5,9
unit,27607,15,4,16,5,9
unit,27608,13,4,14,5,9
unit,27609,14,4,15,5,9
unit,27610,14,4,15,5,9
unit,27611,15,4,16,5,9
unit,27612,14,4,15,5,9
unit,27613,15,4,16,5,9
unit,27614,15,4,16,5,9
unit,27615,16,4,17,5,9
unit,27616,11,3,12,4,11
unit,27617,13,4,14,5,11
unit,27618,13,4,13,4,13
unit,27619,14,4,15,5,13
unit,27620,13,4,14,5,11
unit,27621,14,4,15,5,11
unit,27622,14,4,15,5,13
unit,27623,15,4,16,5,13
unit,27624,13,4,14,5,11
unit,27625,14,4,15,5,11
unit,27626,14,4,15,5,13
unit,27627,15,4,16,5,13
unit,27628,14,4,15,5,11
unit,27629,15,4,16,5,11
unit,27630,15,4,16,5,13
unit,27631,16,4,17,5,13
unit,27632,12,3,13,4,11
unit,27633,14,4,15,5,11
unit,27634,14,4,14,4,13
unit,27635,15,4,16,5,13
unit,27636,14,4,15,5,11
unit,27637,15,4,16,5,11
unit,27638,15,4,16,5,13
unit,27639,16,4,17,5,13
unit,27640,14,4,15,5,11
unit,27641,15,4,16,5,11
unit,27642,15,4,16,5,13
unit,27643,16,4,17,5,13
unit,27644,15,4,16,5,11
unit,27645,16,4,17,5,11
unit,27646,16,4,17,5,13
unit,27647,17,4,18,5,13
unit,27648,6,2,7,3,9
unit,27649,8,3,9,4,9
unit,27650,8,3,9,4,9
unit,27651,9,3,10,4,9
unit,27652,8,3,9,4,9
unit,27653,9,3,10,4,9
unit,27654,9,3,10,4,9
unit,27655,10,3,11,4,9
unit,27656,8,3,9,4,9
unit,27657,9,3,10,4,9
unit,27658,9,3,10,4,9
unit,27659,10,3,11,4,9
unit,27660,9,3,10,4,9
unit,27661,10,3,11,4,9
unit,27662,10,3,11,4,9
unit,27663,11,3,12,4,9
unit,27664,8,3,9,4,9
unit,27665,10,4,11,5,9
unit,27666,10,4,11,5,9
unit,27667,11,4,12,5,9
unit,27668,10,4,11,5,9
unit,27669,11,4,12,5,9
unit,27670,11,4,12,5,9
unit,27671,12,4,13,5,9
unit,27672,10,4,11,5,9
unit,27673,11,4,12,5,9
unit,27674,11,4,12,5,9
unit,27675,12,4,13,5,9
unit,27676,11,4,12,5,9
unit,27677,12,4,13,5,9
unit,27678,12,4,13,5,9
unit,27679,13,4,14,5,9
unit,27680,8,3,9,4,9
unit,27681,10,4,11,5,9
unit,27682,10,4,11,5,9
unit,27683,11,4,12,5,9
unit,27684,10,4,11,5,9
unit,27685,11,4,12,5,9
unit,27686,11,4,12,5,9
unit,27687,12,4,13,5,9
unit,27688,10,4,11,5,9
unit,27689,11,4,12,5,9
unit,27690,11,4,12,5,9
unit,27691,12,4,13,5,9
unit,27692,11,4,12,5,9
unit,27693,12,4,13,5,9
unit,27694,12,4,13,5,9
unit,27695,13,4,14,5,9
unit,27696,9,3,10,4,9
unit,27697,11,4,12,5,9
unit,27698,11,4,12,5,9
unit,27699,12,4,13,5,9
unit,27700,11,4,12,5,9
unit,27701,12,4,13,5,9
unit,27702,12,4,13,5,9
unit,27703,13,4,14,5,9
unit,27704,11,4,12,5,9
unit,27705,12,4,13,5,9
unit,27706,12,4,13,5,9
unit,27707,13,4,14,5,9
unit,27708,12,4,13,5,9
unit,27709,13,4,14,5,9
unit,27710,13,4,14,5,9
unit,27711,14,4,15,5,9
unit,27712,8,3,8,3,11
unit,27713,10,4,10,4,11
unit,27714,10,4,10,4,11
unit,27715,11,4,11,4,11
unit,27716,9,3,9,3,13
unit,27717,11,4,11,4,13
unit,27718,11,4,11,4,13
unit,27719,12,4,12,4,13
unit,27720,10,4,10,4,11
unit,27721,11,4,11,4,11
unit,27722,11,4,11,4,11
unit,27723,12,4,12,4,11
unit,27724,11,4,11,4,13
unit,27725,12,4,12,4,13
unit,27726,12,4,12,4,13
unit,27727,13,4,13,4,13
unit,27728,9,3,10,4,11
unit,27729,11,4,12,5,11
unit,27730,11,4,12,5,11
unit,27731,12,4,13,5,11
unit,27732,11,4,11,4,13
unit,27733,12,4,13,5,13
unit,27734,12,4,13,5,13
unit,27735,13,4,14,5,13
unit,27736,11,4,12,5,11
unit,27737,12,4,13,5,11
unit,27738,12,4,13,5,11
unit,27739,13,4,14,5,11
unit,27740,12,4,13,5,13
unit,27741,13,4,14,5,13
unit,27742,13,4,14,5,13
unit,27743,14,4,15,5,13
unit,27744,9,3,10,4,11
unit,27745,11,4,12,5,11
unit,27746,11,4,12,5,11
unit,27747,12,4,13,5,11
unit,27748,11,4,11,4,13
unit,27749,12,4,13,5,13
unit,27750,12,4,13,5,13
unit,27751,13,4,14,5,13
unit,27752,11,4,12,5,11
unit,27753,12,4,13,5,11
unit,27754,12,4,13,5,11
unit,27755,13,4,14,5,11
unit,27756,12,4,13,5,13
unit,27757,13,4,14,5,13
unit,27758,13,4,14,5,13
unit,27759,14,4,15,5,13
unit,27760,10,3,11,4,11
unit,27761,12,4,13,5,11
unit,27762,12,4,13,5,11
unit,27763,13,4,14,5,11
unit,27764,12,4,12,4,13
unit,27765,13,4,14,5,13
unit,27766,13,4,14,5,13
unit,27767,14,4,15,5,13
unit,27768,12,4,13,5,11
unit,27769,13,4,14,5,11
unit,27770,13,4,14,5,11
unit,27771,14,4,15,5,11
unit,27772,13,4,14,5,13
unit,27773,14,4,15,5,13
unit,27774,14,4,15,5,13
unit,27775,15,4,16,5,13
unit,27776,8,3,9,4,9
unit,27777,10,4,11,5,9
unit,27778,10,4,11,5,9
unit,27779,11,4,12,5,9
unit,27780,10,4,11,5,9
unit,27781,11,4,12,5,9
unit,27782,11,4,12,5,9
unit,27783,12,4,13,5,9
unit,27784,10,4,11,5,9
unit,27785,11,4,12,5,9
unit,27786,11,4,12,5,9
unit,27787,12,4,13,5,9
unit,27788,11,4,12,5,9
unit,27789,12,4,13,5,9
unit,27790,12,4,13,5,9
unit,27791,13,4,14,5,9
unit,27792,9,3,10,4,9
unit,27793,11,4,12,5,9
unit,27794,11,4,12,5,9
unit,27795,12,4,13,5,9
unit,27796,11,4,12,5,9
unit,27797,12,4,13,5,9
unit,27798,12,4,13,5,9
unit,27799,13,4,14,5,9
unit,27800,11,4,12,5,9
unit,27801,12,4,13,5,9
unit,27802,12,4,13,5,9
unit,27803,13,4,14,5,9
unit,27804,12,4,13,5,9
unit,27805,13,4,14,5,9
unit,27806,13,4,14,5,9
unit,27807,14,4,15,5,9
unit,27808,9,3,10,4,9
unit,27809,11,4,12,5,9
unit,27810,11,4,12,5,9
unit,27811,12,4,13,5,9
unit,27812,11,4,12,5,9
unit,27813,12,4,13,5,9
unit,27814,12,4,13,5,9
unit,27815,13,4,14,5,9
unit,27816,11,4,12,5,9
unit,27817,12,4,13,5,9
unit,27818,12,4,13,5,9
unit,27819,13,4,14,5,9
unit,27820,12,4,13,5,9
unit,27821,13,4,14,5,9
unit,27822,13,4,14,5,9
unit,27823,14,4,15,5,9
unit,27824,10,3,11,4,9
unit,27825,12,4,13,5,9
unit,27826,12,4,13,5,9
unit,27827,13,4,14,5,9
unit,27828,12,4,13,5,9
unit,27829,13,4,14,5,9
unit,27830,13,4,14,5,9
unit,27831,14,4,15,5,9
unit,27832,12,4,13,5,9
unit,27833,13,4,14,5,9
unit,27834,13,4,14,5,9
unit,27835,14,4,15,5,9
unit,27836,13,4,14,5,9
unit,27837,14,4,15,5,9
unit,27838,14,4,15,5,9
unit,27839,15,4,16,5,9
unit,27840,9,3,10,4,11
unit,27841,11,4,12,5,11
unit,27842,11,4,12,5,11
unit,27843,12,4,13,5,11
unit,27844,11,4,11,4,13
unit,27845,12,4,13,5,13
unit,27846,12,4,13,5,13
unit,27847,13,4,14,5,13
unit,27848,11,4,12,5,11
unit,27849,12,4,13,5,11
unit,27850,12,4,13,5,11
unit,27851,13,4,14,5,11
unit,27852,12,4,13,5,13
unit,27853,13,4,14,5,13
unit,27854,13,4,14,5,13
unit,27855,14,4,15,5,13
unit,27856,10,3,11,4,11
unit,27857,12,4,13,5,11
unit,27858,12,4,13,5,11
unit,27859,13,4,14,5,11
unit,27860,12,4,12,4,13
unit,27861,13,4,14,5,13
unit,27862,13,4,14,5,13
unit,27863,14,4,15,5,13
unit,27864,12,4,13,5,11
unit,27865,13,4,14,5,11
unit,27866,13,4,14,5,11
unit,27867,14,4,15,5,11
unit,27868,13,4,14,5,13
unit,27869,14,4,15,5,13
unit,27870,14,4,15,5,13
unit,27871,15,4,16,5,13
unit,27872,10,3,11,4,11
unit,27873,12,4,13,5,11
unit,27874,12,4,13,5,11
unit,27875,13,4,14,5,11
unit,27876,12,4,12,4,13
unit,27877,13,4,14,5,13
unit,27878,13,4,14,5,13
unit,27879,14,4,15,5,13
unit,27880,12,4,13,5,11
unit,27881,13,4,14,5,11
unit,27882,13,4,14,5,11
unit,27883,14,4,15,5,11
unit,27884,13,4,14,5,13
unit,27885,14,4,15,5,13
unit,27886,14,4,15,5,13
unit,27887,15,4,16,5,13
unit,27888,11,3,12,4,11
unit,27889,13,4,14,5,11
unit,27890,13,4,14,5,11
unit,27891,14,4,15,5,11
unit,27892,13,4,13,4,13
unit,27893,14,4,15,5,13
unit,27894,14,4,15,5,13
unit,27895,15,4,16,5,13
unit,27896,13,4,14,5,11
unit,27897,14,4,15,5,11
unit,27898,14,4,15,5,11
unit,27899,15,4,16,5,11
unit,27900,14,4,15,5,13
unit,27901,15,4,16,5,13
unit,27902,15,4,16,5,13
unit,27903,16,4,17,5,13
unit,27904,7,2,8,3,9
unit,27905,9,3,10,4,9
unit,27906,9,3,10,4,9
unit,27907,10,3,11,4,9
unit,27908,9,3,10,4,9
unit,27909,10,3,11,4,9
unit,27910,10,3,11,4,9
unit,27911,11,3,12,4,9
unit,27912,9,3,10,4,9
unit,27913,10,3,11,4,9
unit,27914,10,3,11,4,9
unit,27915,11,3,12,4,9
unit,27916,10,3,11,4,9
unit,27917,11,3,12,4,9
unit,27918,11,3,12,4,9
unit,27919,12,3,13,4,9
unit,27920,9,3,10,4,9
unit,27921,11,4,12,5,9
unit,27922,11,4,12,5,9
unit,27923,12,4,13,5,9
unit,27924,11,4,12,5,9
unit,27925,12,4,13,5,9
unit,27926,12,4,13,5,9
unit,27927,13,4,14,5,9
unit,27928,11,4,12,5,9
unit,27929,12,4,13,5,9
unit,27930,12,4,13,5,9
unit,27931,13,4,14,5,9
unit,27932,12,4,13,5,9
unit,27933,13,4,14,5,9
unit,27934,13,4,14,5,9
unit,27935,14,4,15,5,9
unit,27936,9,3,10,4,9
unit,27937,11,4,12,5,9
unit,27938,11,4,12,5,9
unit,27939,12,4,13,5,9
unit,27940,11,4,12,5,9
unit,27941,12,4,13,5,9
unit,27942,12,4,13,5,9
unit,27943,13,4,14,5,9
unit,27944,11,4,12,5,9
unit,27945,12,4,13,5,9
unit,27946,12,4,13,5,9
unit,27947,13,4,14,5,9
unit,27948,12,4,13,5,9
unit,27949,13,4,14,5,9
unit,27950,13,4,14,5,9
unit,27951,14,4,15,5,9
unit,27952,10,3,11,4,9
unit,27953,12,4,13,5,9
unit,27954,12,4,13,5,9
unit,27955,13,4,14,5,9
unit,27956,12,4,13,5,9
unit,27957,13,4,14,5,9
unit,27958,13,4,14,5,9
unit,27959,14,4,15,5,9
unit,27960,12,4,13,5,9
unit,27961,13,4,14,5,9
unit,27962,13,4,14,5,9
unit,27963,14,4,15,5,9
unit,27964,13,4,14,5,9
unit,27965,14,4,15,5,9
unit,27966,14,4,15,5,9
unit,27967,15,4,16,5,9
unit,27968,9,3,9,3,11
unit,27969,11,4,11,4,11
unit,27970,11,4,11,4,11
unit,27971,12,4,12,4,11
unit,27972,10,3,10,3,13
unit,27973,12,4,12,4,13
unit,27974,12,4,12,4,13
unit,27975,13,4,13,4,13
unit,27976,11,4,11,4,11
unit,27977,12,4,12,4,11
unit,27978,12,4,12,4,11
unit,27979,13,4,13,4,11
unit,27980,12,4,12,4,13
unit,27981,13,4,13,4,13
unit,27982,13,4,13,4,13
unit,27983,14,4,14,4,13
unit,27984,10,3,11,4,11
unit,27985,12,4,13,5,11
unit,27986,12,4,13,5,11
unit,27987,13,4,14,5,11
unit,27988,12,4,12,4,13
unit,27989,13,4,14,5,13
unit,27990,13,4,14,5,13
unit,27991,14,4,15,5,13
unit,27992,12,4,13,5,11
unit,27993,13,4,14,5,11
unit,27994,13,4,14,5,11
unit,27995,14,4,15,5,11
unit,27996,13,4,14,5,13
unit,27997,14,4,15,5,13
unit,27998,14,4,15,5,13
unit,27999,15,4,16,5,13
unit,28000,10,3,11,4,11
unit,28001,12,4,13,5,11
unit,28002,12,4,13,5,11
unit,28003,13,4,14,5,11
unit,28004,12,4,12,4,13
unit,28005,13,4,14,5,13
unit,28006,13,4,14,5,13
unit,28007,14,4,15,5,13
unit,28008,12,4,13,5,11
unit,28009,13,4,14,5,11
unit,28010,13,4,14,5,11
unit,28011,14,4,15,5,11
unit,28012,13,4,14,5,13
unit,28013,14,4,15,5,13
unit,28014,14,4,15,5,13
unit,28015,15,4,16,5,13
unit,28016,11,3,12,4,11
unit,28017,13,4,14,5,11
unit,28018,13,4,14,5,11
unit,28019,14,4,15,5,11
unit,28020,13,4,13,4,13
unit,28021,14,4,15,5,13
unit,28022,14,4,15,5,13
unit,28023,15,4,16,5,13
unit,28024,13,4,14,5,11
unit,28025,14,4,15,5,11
unit,28026,14,4,15,5,11
unit,28027,15,4,16,5,11
unit,28028,14,4,15,5,13
unit,28029,15,4,16,5,13
unit,28030,15,4,16,5,13
unit,28031,16,4,17,5,13
unit,28032,9,3,10,4,9
unit,28033,11,4,12,5,9
unit,28034,11,4,12,5,9
unit,28035,12,4,13,5,9
unit,28036,11,4,12,5,9
unit,28037,12,4,13,5,9
unit,28038,12,4,13,5,9
unit,28039,13,4,14,5,9
unit,28040,11,4,12,5,9
unit,28041,12,4,13,5,9
unit,28042,12,4,13,5,9
unit,28043,13,4,14,5,9
unit,28044,12,4,13,5,9
unit,28045,13,4,14,5,9
unit,28046,13,4,14,5,9
unit,28047,14,4,15,5,9
unit,28048,10,3,11,4,9
unit,28049,12,4,13,5,9
unit,28050,12,4,13,5,9
unit,28051,13,4,14,5,9
unit,28052,12,4,13,5,9
unit,28053,13,4,14,5,9
unit,28054,13,4,14,5,9
unit,28055,14,4,15,5,9
unit,28056,12,4,13,5,9
unit,28057,13,4,14,5,9
unit,28058,13,4,14,5,9
unit,28059,14,4,15,5,9
unit,28060,13,4,14,5,9
unit,28061,14,4,15,5,9
unit,28062,14,4,15,5,9
unit,28063,15,4,16,5,9
unit,28064,10,3,11,4,9
unit,28065,12,4,13,5,9
unit,28066,12,4,13,5,9
unit,28067,13,4,14,5,9
unit,28068,12,4,13,5,9
unit,28069,13,4,14,5,9
unit,28070,13,4,14,5,9
unit,28071,14,4,15,5,9
unit,28072,12,4,13,5,9
unit,28073,13,4,14,5,9
unit,28074,13,4,14,5,9
unit,28075,14,4,15,5,9
unit,28076,13,4,14,5,9
unit,28077,14,4,15,5,9
unit,28078,14,4,15,5,9
unit,28079,15,4,16,5,9
unit,28080,11,3,12,4,9
unit,28081,13,4,14,5,9
unit,28082,13,4,14,5,9
unit,28083,14,4,15,5,9
unit,28084,13,4,14,5,9
unit,28085,14,4,15,5,9
unit,28086,14,4,15,5,9
unit,28087,15,4,16,5,9
unit,28088,13,4,14,5,9
unit,28089,14,4,15,5,9
unit,28090,14,4,15,5,9
unit,28091,15,4,16,5,9
unit,28092,14,4,15,5,9
unit,28093,15,4,16,5,9
unit,28094,15,4,16,5,9
unit,28095,16,4,17,5,9
unit,28096,10,3,11,4,11
unit,28097,12,4,13,5,11
unit,28098,12,4,13,5,11
unit,28099,13,4,14,5,11
unit,28100,12,4,12,4,13
unit,28101,13,4,14,5,13
unit,28102,13,4,14,5,13
unit,28103,14,4,15,5,13
unit,28104,12,4,13,5,11
unit,28105,13,4,14,5,11
unit,28106,13,4,14,5,11
unit,28107,14,4,15,5,11
unit,28108,13,4,14,5,13
unit,28109,14,4,15,5,13
unit,28110,14,4,15,5,13
unit,28111,15,4,16,5,13
unit,28112,11,3,12,4,11
unit,28113,13,4,14,5,11
unit,28114,13,4,14,5,11
unit,28115,14,4,15,5,11
unit,28116,13,4,13,4,13
unit,28117,14,4,15,5,13
unit,28118,14,4,15,5,13
unit,28119,15,4,16,5,13
unit,28120,13,4,14,5,11
unit,28121,14,4,15,5,11
unit,28122,14,4,15,5,11
unit,28123,15,4,16,5,11
unit,28124,14,4,15,5,13
unit,28125,15,4,16,5,13
unit,28126,15,4,16,5,13
unit,28127,16,4,17,5,13
unit,28128,11,3,12,4,11
unit,28129,13,4,14,5,11
unit,28130,13,4,14,5,11
unit,28131,14,4,15,5,11
unit,28132,13,4,13,4,13
unit,28133,14,4,15,5,13
unit,28134,14,4,15,5,13
unit,28135,15,4,16,5,13
unit,28136,13,4,14,5,11
unit,28137,14,4,15,5,11
unit,28138,14,4,15,5,11
unit,28139,15,4,16,5,11
unit,28140,14,4,15,5,13
unit,28141,15,4,16,5,13
unit,28142,15,4,16,5,13
unit,28143,16,4,17,5,13
unit,28144,12,3,13,4,11
unit,28145,14,4,15,5,11
unit,28146,14,4,15,5,11
unit,28147,15,4,16,5,11
unit,28148,14,4,14,4,13
unit,28149,15,4,16,5,13
unit,28150,15,4,16,5,13
unit,28151,16,4,17,5,13
unit,28152,14,4,15,5,11
unit,28153,15,4,16,5,11
unit,28154,15,4,16,5,11
unit,28155,16,4,17,5,11
unit,28156,15,4,16,5,13
unit,28157,16,4,17,5,13
unit,28158,16,4,17,5,13
unit,28159,17,4,18,5,13
unit,28160,6,2,6,2,9
unit,28161,8,3,8,3,9
unit,28162,8,3,8,3,9
unit,28163,9,3,9,3,9
unit,28164,8,3,8,3,9
unit,28165,9,3,9,3,9
unit,28166,9,3,9,3,9
unit,28167,10,3,10,3,9
unit,28168,8,3,8,3,9
unit,28169,9,3,9,3,9
unit,28170,9,3,9,3,9
unit,28171,10,3,10,3,9
unit,28172,9,3,9,3,9
unit,28173,10,3,10,3,9
unit,28174,10,3,10,3,9
unit,28175,11,3,11,3,9
unit,28176,8,3,8,3,9
unit,28177,10,4,10,4,9
unit,28178,10,4,10,4,9
unit,28179,11,4,11,4,9
unit,28180,10,4,10,4,9
unit,28181,11,4,11,4,9
unit,28182,11,4,11,4,9
unit,28183,12,4,12,4,9
unit,28184,10,4,10,4,9
unit,28185,11,4,11,4,9
unit,28186,11,4,11,4,9
unit,28187,12,4,12,4,9
unit,28188,11,4,11,4,9
unit,28189,12,4,12,4,9
unit,28190,12,4,12,4,9
unit,28191,13,4,13,4,9
unit,28192,8,3,9,3,13
unit,28193,10,4,11,4,13
unit,28194,10,3,10,3,15
unit,28195,11,4,12,4,15
unit,28196,10,4,11,4,13
unit,28197,11,4,12,4,13
unit,28198,11,4,12,4,15
unit,28199,12,4,13,4,15
unit,28200,10,4,11,4,13
unit,28201,11,4,12,4,13
unit,28202,11,4,12,4,15
unit,28203,12,4,13,4,15
unit,28204,11,4,12,4,13
unit,28205,12,4,13,4,13
unit,28206,12,4,13,4,15
unit,28207,13,4,14,4,15
unit,28208,9,3,11,4,13
unit,28209,11,4,13,5,13
unit,28210,11,4,12,4,15
unit,28211,12,4,14,5,15
unit,28212,11,4,13,5,13
unit,28213,12,4,14,5,13
unit,28214,12,4,14,5,15
unit,28215,13,4,15,5,15
unit,28216,11,4,13,5,13
unit,28217,12,4,14,5,13
unit,28218,12,4,14,5,15
unit,28219,13,4,15,5,15
unit,28220,12,4,14,5,13
unit,28221,13,4,15,5,13
unit,28222,13,4,15,5,15
unit,28223,14,4,16,5,15
unit,28224,8,3,9,3,13
unit,28225,10,4,11,4,13
unit,28226,10,4,11,4,13
unit,28227,11,4,12,4,13
unit,28228,10,3,10,3,15
unit,28229,11,4,12,4,15
unit,28230,11,4,12,4,15
unit,28231,12,4,13,4,15
unit,28232,10,4,11,4,13
unit,28233,11,4,12,4,13
unit,28234,11,4,12,4,13
unit,28235,12,4,13,4,13
unit,28236,11,4,12,4,15
unit,28237,12,4,13,4,15
unit,28238,12,4,13,4,15
unit,28239,13,4,14,4,15
unit,28240,9,3,11,4,13
unit,28241,11,4,13,5,13
unit,28242,11,4,13,5,13
unit,28243,12,4,14,5,13
unit,28244,11,4,12,4,15
unit,28245,12,4,14,5,15
unit,28246,12,4,14,5,15
unit,28247,13,4,15,5,15
unit,28248,11,4,13,5,13
unit,28249,12,4,14,5,13
unit,28250,12,4,14,5,13
unit,28251,13,4,15,5,13
unit,28252,12,4,14,5,15
unit,28253,13,4,15,5,15
unit,28254,13,4,15,5,15
unit,28255,14,4,16,5,15
unit,28256,7,2,7,2,11
unit,28257,9,3,9,3,11
unit,28258,9,3,11,3,17
unit,28259,10,3,13,4,17
unit,28260,9,3,11,3,17
unit,28261,10,3,13,4,17
unit,28262,8,2,8,2,13
unit,28263,10,3,10,3,13
unit,28264,9,3,9,3,11
unit,28265,10,3,10,3,11
unit,28266,10,3,13,4,17
unit,28267,11,3,14,4,17
unit,28268,10,3,13,4,17
unit,28269,11,3,14,4,17
unit,28270,10,3,10,3,13
unit,28271,11,3,11,3,13
unit,28272,9,3,9,3,11
unit,28273,11,4,11,4,11
unit,28274,11,4,13,4,17
unit,28275,12,4,15,5,17
unit,28276,11,4,13,4,17
unit,28277,12,4,15,5,17
unit,28278,10,3,10,3,13
unit,28279,12,4,12,4,13
unit,28280,11,4,11,4,11
unit,28281,12,4,12,4,11
unit,28282,12,4,15,5,17
unit,28283,13,4,16,5,17
unit,28284,12,4,15,5,17
unit,28285,13,4,16,5,17
unit,28286,12,4,12,4,13
unit,28287,13,4,13,4,13
unit,28288,8,3,8,3,9
unit,28289,10,4,10,4,9
unit,28290,10,4,10,4,9
unit,28291,11,4,11,4,9
unit,28292,10,4,10,4,9
unit,28293,11,4,11,4,9
unit,28294,11,4,11,4,9
unit,28295,12,4,12,4,9
unit,28296,10,4,10,4,9
unit,28297,11,4,11,4,9
unit,28298,11,4,11,4,9
unit,28299,12,4,12,4,9
unit,28300,11,4,11,4,9
unit,28301,12,4,12,4,9
unit,28302,12,4,12,4,9
unit,28303,13,4,13,4,9
unit,28304,9,3,9,3,9
unit,28305,11,4,11,4,9
unit,28306,11,4,11,4,9
unit,28307,12,4,12,4,9
unit,28308,11,4,11,4,9
unit,28309,12,4,12,4,9
unit,28310,12,4,12,4,9
unit,28311,13,4,13,4,9
unit,28312,11,4,11,4,9
unit,28313,12,4,12,4,9
unit,28314,12,4,12,4,9
unit,28315,13,4,13,4,9
unit,28316,12,4,12,4,9
unit,28317,13,4,13,4,9
unit,28318,13,4,13,4,9
unit,28319,14,4,14,4,9
unit,28320,9,3,11,4,13
unit,28321,11,4,13,5,13
unit,28322,11,4,12,4,15
unit,28323,12,4,14,5,15
unit,28324,11,4,13,5,13
unit,28325,12,4,14,5,13
unit,28326,12,4,14,5,15
unit,28327,13,4,15,5,15
unit,28328,11,4,13,5,13
unit,28329,12,4,14,5,13
unit,28330,12,4,14,5,15
unit,28331,13,4,15,5,15
unit,28332,12,4,14,5,13
unit,28333,13,4,15,5,13
unit,28334,13,4,15,5,15
unit,28335,14,4,16,5,15
unit,28336,10,3,12,4,13
unit,28337,12,4,14,5,13
unit,28338,12,4,13,4,15
unit,28339,13,4,15,5,15
unit,28340,12,4,14,5,13
unit,28341,13,4,15,5,13
unit,28342,13,4,15,5,15
unit,28343,14,4,16,5,15
unit,28344,12,4,14,5,13
unit,28345,13,4,15,5,13
unit,28346,13,4,15,5,15
unit,28347,14,4,16,5,15
unit,28348,13,4,15,5,13
unit,28349,14,4,16,5,13
unit,28350,14,4,16,5,15
unit,28351,15,4,17,5,15
unit,28352,9,3,11,4,13
unit,28353,11,4,13,5,13
unit,28354,11,4,13,5,13
unit,28355,12,4,14,5,13
unit,28356,11,4,12,4,15
unit,28357,12,4,14,5,15
unit,28358,12,4,14,5,15
unit,28359,13,4,15,5,15
unit,28360,11,4,13,5,13
unit,28361,12,4,14,5,13
unit,28362,12,4,14,5,13
unit,28363,13,4,15,5,13
unit,28364,12,4,14,5,15
unit,28365,13,4,15,5,15
unit,28366,13,4,15,5,15
unit,28367,14,4,16,5,15
unit,28368,10,3,12,4,13
unit,28369,12,4,14,5,13
unit,28370,12,4,14,5,13
unit,28371,13,4,15,5,13
unit,28372,12,4,13,4,15
unit,28373,13,4,15,5,15
unit,28374,13,4,15,5,15
unit,28375,14,4,16,5,15
unit,28376,12,4,14,5,13
unit,28377,13,4,15,5,13
unit,28378,13,4,15,5,13
unit,28379,14,4,16,5,13
unit,28380,13,4,15,5,15
unit,28381,14,4,16,5,15
unit,28382,14,4,16,5,15
unit,28383,15,4,17,5,15
unit,28384,9,3,9,3,11
unit,28385,11,4,11,4,11
unit,28386,11,4,13,4,17
unit,28387,12,4,15,5,17
unit,28388,11,4,13,4,17
unit,28389,12,4,15,5,17
unit,28390,10,3,10,3,13
unit,28391,12,4,12,4,13
unit,28392,11,4,11,4,11
unit,28393,12,4,12,4,11
unit,28394,12,4,15,5,17
unit,28395,13,4,16,5,17
unit,28396,12,4,15,5,17
unit,28397,13,4,16,5,17
unit,28398,12,4,12,4,13
unit,28399,13,4,13,4,13
unit,28400,10,3,10,3,11
unit,28401,12,4,12,4,11
unit,28402,12,4,14,4,17
unit,28403,13,4,16,5,17
unit,28404,12,4,14,4,17
unit,28405,13,4,16,5,17
unit,28406,11,3,11,3,13
unit,28407,13,4,13,4,13
unit,28408,12,4,12,4,11
unit,28409,13,4,13,4,11
unit,28410,13,4,16,5,17
unit,28411,14,4,17,5,17
unit,28412,13,4,16,5,17
unit,28413,14,4,17,5,17
unit,28414,13,4,13,4,13
unit,28415,14,4,14,4,13
unit,28416,7,2,7,2,9
unit,28417,9,3,9,3,9
unit,28418,9,3,9,3,9
unit,28419,10,3,10,3,9
unit,28420,9,3,9,3,9
unit,28421,10,3,10,3,9
unit,28422,10,3,10,3,9
unit,28423,11,3,11,3,9
unit,28424,9,3,9,3,9
unit,28425,10,3,10,3,9
unit,28426,10,3,10,3,9
unit,28427,11,3,11,3,9
unit,28428,10,3,10,3,9
unit,28429,11,3,11,3,9
unit,28430,11,3,11,3,9
unit,28431,12,3,12,3,9
unit,28432,9,3,9,3,9
unit,28433,11,4,11,4,9
unit,28434,11,4,11,4,9
unit,28435,12,4,12,4,9
unit,28436,11,4,11,4,9
unit,28437,12,4,12,4,9
unit,28438,12,4,12,4,9
unit,28439,13,4,13,4,9
unit,28440,11,4,11,4,9
unit,28441,12,4,12,4,9
unit,28442,12,4,12,4,9
unit,28443,13,4,13,4,9
unit,28444,12,4,12,4,9
unit,28445,13,4,13,4,9
unit,28446,13,4,13,4,9
unit,28447,14,4,14,4,9
unit,28448,9,3,10,3,13
unit,28449,11,4,12,4,13
unit,28450,11,3,11,3,15
unit,28451,12,4,13,4,15
unit,28452,11,4,12,4,13
unit,28453,12,4,13,4,13
unit,28454,12,4,13,4,15
unit,28455,13,4,14,4,15
unit,28456,11,4,12,4,13
unit,28457,12,4,13,4,13
unit,28458,12,4,13,4,15
unit,28459,13,4,14,4,15
unit,28460,12,4,13,4,13
unit,28461,13,4,14,4,13
unit,28462,13,4,14,4,15
unit,28463,14,4,15,4,15
unit,28464,10,3,12,4,13
unit,28465,12,4,14,5,13
unit,28466,12,4,13,4,15
unit,28467,13,4,15,5,15
unit,28468,12,4,14,5,13
unit,28469,13,4,15,5,13
unit,28470,13,4,15,5,15
unit,28471,14,4,16,5,15
unit,28472,12,4,14,5,13
unit,28473,13,4,15,5,13
unit,28474,13,4,15,5,15
unit,28475,14,4,16,5,15
unit,28476,13,4,15,5,13
unit,28477,14,4,16,5,13
unit,28478,14,4,16,5,15
unit,28479,15,4,17,5,15
unit,28480,9,3,10,3,13
unit,28481,11,4,12,4,13
unit,28482,11,4,12,4,13
unit,28483,12,4,13,4,13
unit,28484,11,3,11,3,15
unit,28485,12,4,13,4,15
unit,28486,12,4,13,4,15
unit,28487,13,4,14,4,15
unit,28488,11,4,12,4,13
unit,28489,12,4,13,4,13
unit,28490,12,4,13,4,13
unit,28491,13,4,14,4,13
unit,28492,12,4,13,4,15
unit,28493,13,4,14,4,15
unit,28494,13,4,14,4,15
unit,28495,14,4,15,4,15
unit,28496,10,3,12,4,13
unit,28497,12,4,14,5,13
unit,28498,12,4,14,5,13
unit,28499,13,4,15,5,13
unit,28500,12,4,13,4,15
unit,28501,13,4,15,5,15
unit,28502,13,4,15,5,15
unit,28503,14,4,16,5,15
unit,28504,12,4,14,5,13
unit,28505,13,4,15,5,13
unit,28506,13,4,15,5,13
unit,28507,14,4,16,5,13
unit,28508,13,4,15,5,15
unit,28509,14,4,16,5,15
unit,28510,14,4,16,5,15
unit,28511,15,4,17,5,15
unit,28512,8,2,8,2,11
unit,28513,10,3,10,3,11
unit,28514,10,3,12,3,17
unit,28515,11,3,14,4,17
unit,28516,10,3,12,3,17
unit,28517,11,3,14,4,17
unit,28518,9,2,9,2,13
unit,28519,11,3,11,3,13
unit,28520,10,3,10,3,11
unit,28521,11,3,11,3,11
unit,28522,11,3,14,4,17
unit,28523,12,3,15,4,17
unit,28524,11,3,14,4,17
unit,28525,12,3,15,4,17
unit,28526,11,3,11,3,13
unit,28527,12,3,12,3,13
unit,28528,10,3,10,3,11
unit,28529,12,4,12,4,11
unit,28530,12,4,14,4,17
unit,28531,13,4,16,5,17
unit,28532,12,4,14,4,17
unit,28533,13,4,16,5,17
unit,28534,11,3,11,3,13
unit,28535,13,4,13,4,13
unit,28536,12,4,12,4,11
unit,28537,13,4,13,4,11
unit,28538,13,4,16,5,17
unit,28539,14,4,17,5,17
unit,28540,13,4,16,5,17
unit,28541,14,4,17,5,17
unit,28542,13,4,13,4,13
unit,28543,14,4,14,4,13
unit,28544,9,3,9,3,9
unit,28545,11,4,11,4,9
unit,28546,11,4,11,4,9
unit,28547,12,4,12,4,9
unit,28548,11,4,11,4,9
unit,28549,12,4,12,4,9
unit,28550,12,4,12,4,9
unit,28551,13,4,13,4,9
unit,28552,11,4,11,4,9
unit,28553,12,4,12,4,9
unit,28554,12,4,12,4,9
unit,28555,13,4,13,4,9
unit,28556,12,4,12,4,9
unit,28557,13,4,13,4,9
unit,28558,13,4,13,4,9
unit,28559,14,4,14,4,9
unit,28560,10,3,10,3,9
unit,28561,12,4,12,4,9
unit,28562,12,4,12,4,9
unit,28563,13,4,13,4,9
unit,28564,12,4,12,4,9
unit,28565,13,4,13,4,9
unit,28566,13,4,13,4,9
unit,28567,14,4,14,4,9
unit,28568,12,4,12,4,9
unit,28569,13,4,13,4,9
unit,28570,13,4,13,4,9
unit,28571,14,4,14,4,9
unit,28572,13,4,13,4,9
unit,28573,14,4,14,4,9
unit,28574,14,4,14,4,9
unit,28575,15,4,15,4,9
unit,28576,10,3,12,4,13
unit,28577,12,4,14,5,13
unit,28578,12,4,13,4,15
unit,28579,13,4,15,5,15
unit,28580,12,4,14,5,13
unit,28581,13,4,15,5,13
unit,28582,13,4,15,5,15
unit,28583,14,4,16,5,15
unit,28584,12,4,14,5,13
unit,28585,13,4,15,5,13
unit,28586,13,4,15,5,15
unit,28587,14,4,16,5,15
unit,28588,13,4,15,5,13
unit,28589,14,4,16,5,13
unit,28590,14,4,16,5,15
unit,28591,15,4,17,5,15
unit,28592,11,3,13,4,13
unit,28593,13,4,15,5,13
unit,28594,13,4,14,4,15
unit,28595,14,4,16,5,15
unit,28596,13,4,15,5,13
unit,28597,14,4,16,5,13
unit,28598,14,4,16,5,15
unit,28599,15,4,17,5,15
unit,28600,13,4,15,5,13
unit,28601,14,4,16,5,13
unit,28602,14,4,16,5,15
unit,28603,15,4,17,5,15
unit,28604,14,4,16,5,13
unit,28605,15,4,17,5,13
unit,28606,15,4,17,5,15
unit,28607,16,4,18,5,15
unit,28608,10,3,12,4,13
unit,28609,12,4,14,5,13
unit,28610,12,4,14,5,13
unit,28611,13,4,15,5,13
unit,28612,12,4,13,4,15
unit,28613,13,4,15,5,15
unit,28614,13,4,15,5,15
unit,28615,14,4,16,5,15
unit,28616,12,4,14,5,13
unit,28617,13,4,15,5,13
unit,28618,13,4,15,5,13
unit,28619,14,4,16,5,13
unit,28620,13,4,15,5,15
unit,28621,14,4,16,5,15
unit,28622,14,4,16,5,15
unit,28623,15,4,17,5,15
unit,28624,11,3,13,4,13
unit,28625,13,4,15,5,13
unit,28626,13,4,15,5,13
unit,28627,14,4,16,5,13
unit,28628,13,4,14,4,15
unit,28629,14,4,16,5,15
unit,28630,14,4,16,5,15
unit,28631,15,4,17,5,15
unit,28632,13,4,15,5,13
unit,28633,14,4,16,5,13
unit,28634,14,4,16,5,13
unit,28635,15,4,17,5,13
unit,28636,14,4,16,5,15
unit,28637,15,4,17,5,15
unit,28638,15,4,17,5,15
unit,28639,16,4,18,5,15
unit,28640,10,3,10,3,11
unit,28641,12,4,12,4,11
unit,28642,12,4,14,4,17
unit,28643,13,4,16,5,17
unit,28644,12,4,14,4,17
unit,28645,13,4,16,5,17
unit,28646,11,3,11,3,13
unit,28647,13,4,13,4,13
unit,28648,12,4,12,4,11
unit,28649,13,4,13,4,11
unit,28650,13,4,16,5,17
unit,28651,14,4,17,5,17
unit,28652,13,4,16,5,17
unit,28653,14,4,17,5,17
unit,28654,13,4,13,4,13
unit,28655,14,4,14,4,13
unit,28656,11,3,11,3,11
unit,28657,13,4,13,4,11
unit,28658,13,4,15,4,17
unit,28659,14,4,17,5,17
unit,28660,13,4,15,4,17
unit,28661,14,4,17,5,17
unit,28662,12,3,12,3,13
unit,28663,14,4,14,4,13
unit,28664,13,4,13,4,11
unit,28665,14,4,14,4,11
unit,28666,14,4,17,5,17
unit,28667,15,4,18,5,17
unit,28668,14,4,17,5,17
unit,28669,15,4,18,5,17
unit,28670,14,4,14,4,13
unit,28671,15,4,15,4,13
unit,28672,4,1,4,1,7
unit,28673,6,2,6,2,7
unit,28674,6,2,6,2,7
unit,28675,7,2,7,2,7
unit,28676,6,2,6,2,7
unit,28677,7,2,7,2,7
unit,28678,7,2,7,2,7
unit,28679,8,2,8,2,7
unit,28680,6,2,6,2,7
unit,28681,7,2,7,2,7
unit,28682,7,2,7,2,7
unit,28683,8,2,8,2,7
unit,28684,7,2,7,2,7
unit,28685,8,2,8,2,7
unit,28686,8,2,8,2,7
unit,28687,9,2,9,2,7
unit,28688,6,2,6,2,7
unit,28689,8,3,8,3,7
unit,28690,8,3,8,3,7
unit,28691,9,3,9,3,7
unit,28692,8,3,8,3,7
unit,28693,9,3,9,3,7
unit,28694,9,3,9,3,7
unit,28695,10,3,10,3,7
unit,28696,8,3,8,3,7
unit,28697,9,3,9,3,7
unit,28698,9,3,9,3,7
unit,28699,10,3,10,3,7
unit,28700,9,3,9,3,7
unit,28701,10,3,10,3,7
unit,28702,10,3,10,3,7
unit,28703,11,3,11,3,7
unit,28704,6,2,6,2,7
unit,28705,8,3,8,3,7
unit,28706,8,3,8,3,7
unit,28707,9,3,9,3,7
unit,28708,8,3,8,3,7
unit,28709,9,3,9,3,7
unit,28710,9,3,9,3,7
unit,28711,10,3,10,3,7
unit,28712,8,3,8,3,7
unit,28713,9,3,9,3,7
unit,28714,9,3,9,3,7
unit,28715,10,3,10,3,7
unit,28716,9,3,9,3,7
unit,28717,10,3,10,3,7
unit,28718,10,3,10,3,7
unit,28719,11,3,11,3,7
unit,28720,7,2,7,2,7
unit,28721,9,3,9,3,7
unit,28722,9,3,9,3,7
unit,28723,10,3,10,3,7
unit,28724,9,3,9,3,7
unit,28725,10,3,10,3,7
unit,28726,10,3,10,3,7
unit,28727,11,3,11,3,7
unit,28728,9,3,9,3,7
unit,28729,10,3,10,3,7
unit,28730,10,3,10,3,7
unit,28731,11,3,11,3,7
unit,28732,10,3,10,3,7
unit,28733,11,3,11,3,7
unit,28734,11,3,11,3,7
unit,28735,12,3,12,3,7
unit,28736,6,2,6,2,7
unit,28737,8,3,8,3,7
unit,28738,8,3,8,3,7
unit,28739,9,3,9,3,7
unit,28740,8,3,8,3,7
unit,28741,9,3,9,3,7
unit,28742,9,3,9,3,7
unit,28743,10,3,10,3,7
unit,28744,8,3,8,3,7
unit,28745,9,3,9,3,7
unit,28746,9,3,9,3,7
unit,28747,10,3,10,3,7
unit,28748,9,3,9,3,7
unit,28749,10,3,10,3,7
unit,28750,10,3,10,3,7
unit,28751,11,3,11,3,7
unit,28752,7,2,7,2,7
unit,28753,9,3,9,3,7
unit,28754,9,3,9,3,7
unit,28755,10,3,10,3,7
unit,28756,9,3,9,3,7
unit,28757,10,3,10,3,7
unit,28758,10,3,10,3,7
unit,28759,11,3,11,3,7
unit,28760,9,3,9,3,7
unit,28761,10,3,10,3,7
unit,28762,10,3,10,3,7
unit,28763,11,3,11,3,7
unit,28764,10,3,10,3,7
unit,28765,11,3,11,3,7
unit,28766,11,3,11,3,7
unit,28767,12,3,12,3,7
unit,28768,7,2,7,2,7
unit,28769,9,3,9,3,7
unit,28770,9,3,9,3,7
unit,28771,10,3,10,3,7
unit,28772,9,3,9,3,7
unit,28773,10,3,10,3,7
unit,28774,10,3,10,3,7
unit,28775,11,3,11,3,7
unit,28776,9,3,9,3,7
unit,28777,10,3,10,3,7
unit,28778,10,3,10,3,7
unit,28779,11,3,11,3,7
unit,28780,10,3,10,3,7
unit,28781,11,3,11,3,7
unit,28782,11,3,11,3,7
unit,28783,12,3,12,3,7
unit,28784,8,2,8,2,7
unit,28785,10,3,10,3,7
unit,28786,10,3,10,3,7
unit,28787,11,3,11,3,7
unit,28788,10,3,10,3,7
unit,28789,11,3,11,3,7
unit,28790,11,3,11,3,7
unit,28791,12,3,12,3,7
unit,28792,10,3,10,3,7
unit,28793,11,3,11,3,7
unit,28794,11,3,11,3,7
unit,28795,12,3,12,3,7
unit,28796,11,3,11,3,7
unit,28797,12,3,12,3,7
unit,28798,12,3,12,3,7
unit,28799,13,3,13,3,7
unit,28800,6,2,6,2,7
unit,28801,8,3,8,3,7
unit,28802,8,3,8,3,7
unit,28803,9,3,9,3,7
unit,28804,8,3,8,3,7
unit,28805,9,3,9,3,7
unit,28806,9,3,9,3,7
unit,28807,10,3,10,3,7
unit,28808,8,3,8,3,7
unit,28809,9,3,9,3,7
unit,28810,9,3,9,3,7
unit,28811,10,3,10,3,7
unit,28812,9,3,9,3,7
unit,28813,10,3,10,3,7
unit,28814,10,3,10,3,7
unit,28815,11,3,11,3,7
unit,28816,7,2,7,2,7
unit,28817,9,3,9,3,7
unit,28818,9,3,9,3,7
unit,28819,10,3,10,3,7
unit,28820,9,3,9,3,7
unit,28821,10,3,10,3,7
unit,28822,10,3,10,3,7
unit,28823,11,3,11,3,7
unit,28824,9,3,9,3,7
unit,28825,10,3,10,3,7
unit,28826,10,3,10,3,7
unit,28827,11,3,11,3,7
unit,28828,10,3,10,3,7
unit,28829,11,3,11,3,7
unit,28830,11,3,11,3,7
unit,28831,12,3,12,3,7
unit,28832,7,2,7,2,7
unit,28833,9,3,9,3,7
unit,28834,9,3,9,3,7
unit,28835,10,3,10,3,7
unit,28836,9,3,9,3,7
unit,28837,10,3,10,3,7
unit,28838,10,3,10,3,7
unit,28839,11,3,11,3,7
unit,28840,9,3,9,3,7
unit,28841,10,3,10,3,7
unit,28842,10,3,10,3,7
unit,28843,11,3,11,3,7
unit,28844,10,3,10,3,7
unit,28845,11,3,11,3,7
unit,28846,11,3,11,3,7
unit,28847,12,3,12,3,7
unit,28848,8,2,8,2,7
unit,28849,10,3,10,3,7
unit,28850,10,3,10,3,7
unit,28851,11,3,11,3,7
unit,28852,10,3,10,3,7
unit,28853,11,3,11,3,7
unit,28854,11,3,11,3,7
unit,28855,12,3,12,3,7
unit,28856,10,3,10,3,7
unit,28857,11,3,11,3,7
unit,28858,11,3,11,3,7
unit,28859,12,3,12,3,7
unit,28860,11,3,11,3,7
unit,28861,12,3,12,3,7
unit,28862,12,3,12,3,7
unit,28863,13,3,13,3,7
unit,28864,7,2,7,2,7
unit,28865,9,3,9,3,7
unit,28866,9,3,9,3,7
unit,28867,10,3,10,3,7
unit,28868,9,3,9,3,7
unit,28869,10,3,10,3,7
unit,28870,10,3,10,3,7
unit,28871,11,3,11,3,7
unit,28872,9,3,9,3,7
unit,28873,10,3,10,3,7
unit,28874,10,3,10,3,7
unit,28875,11,3,11,3,7
unit,28876,10,3,10,3,7
unit,28877,11,3,11,3,7
unit,28878,11,3,11,3,7
unit,28879,12,3,12,3,7
unit,28880,8,2,8,2,7
unit,28881,10,3,10,3,7
unit,28882,10,3,10,3,7
unit,28883,11,3,11,3,7
unit,28884,10,3,10,3,7
unit,28885,11,3,11,3,7
unit,28886,11,3,11,3,7
unit,28887,12,3,12,3,7
unit,28888,10,3,10,3,7
unit,28889,11,3,11,3,7
unit,28890,11,3,11,3,7
unit,28891,12,3,12,3,7
unit,28892,11,3,11,3,7
unit,28893,12,3,12,3,7
unit,28894,12,3,12,3,7
unit,28895,13,3,13,3,7
unit,28896,8,2,8,2,7
unit,28897,10,3,10,3,7
unit,28898,10,3,10,3,7
unit,28899,11,3,11,3,7
unit,28900,10,3,10,3,7
unit,28901,11,3,11,3,7
unit,28902,11,3,11,3,7
unit,28903,12,3,12,3,7
unit,28904,10,3,10,3,7
unit,28905,11,3,11,3,7
unit,28906,11,3,11,3,7
unit,28907,12,3,12,3,7
unit,28908,11,3,11,3,7
unit,28909,12,3,12,3,7
unit,28910,12,3,12,3,7
unit,28911,13,3,13,3,7
unit,28912,9,2,9,2,7
unit,28913,11,3,11,3,7
unit,28914,11,3,11,3,7
unit,28915,12,3,12,3,7
unit,28916,11,3,11,3,7
unit,28917,12,3,12,3,7
unit,28918,12,3,12,3,7
unit,28919,13,3,13,3,7
unit,28920,11,3,11,3,7
unit,28921,12,3,12,3,7
unit,28922,12,3,12,3,7
unit,28923,13,3,13,3,7
unit,28924,12,3,12,3,7
unit,28925,13,3,13,3,7
unit,28926,13,3,13,3,7
unit,28927,14,3,14,3,7
unit,28928,6,2,6,2,9
unit,28929,8,3,8,3,9
unit,28930,8,3,8,3,9
unit,28931,9,3,9,3,9
unit,28932,8,3,8,3,9
unit,28933,9,3,9,3,9
unit,28934,9,3,9,3,9
unit,28935,10,3,10,3,9
unit,28936,8,3,8,3,9
unit,28937,9,3,9,3,9
unit,28938,9,3,9,3,9
unit,28939,10,3,10,3,9
unit,28940,9,3,9,3,9
unit,28941,10,3,10,3,9
unit,28942,10,3,10,3,9
unit,28943,11,3,11,3,9
unit,28944,7,2,7,2,11
unit,28945,8,2,8,2,13
unit,28946,9,3,9,3,11
unit,28947,10,3,10,3,13
unit,28948,9,3,9,3,11
unit,28949,10,3,10,3,13
unit,28950,10,3,10,3,11
unit,28951,11,3,11,3,13
unit,28952,9,3,9,3,11
unit,28953,10,3,10,3,13
unit,28954,10,3,10,3,11
unit,28955,11,3,11,3,13
unit,28956,10,3,10,3,11
unit,28957,11,3,11,3,13
unit,28958,11,3,11,3,11
unit,28959,12,3,12,3,13
unit,28960,8,3,8,3,9
unit,28961,10,4,10,4,9
unit,28962,10,4,10,4,9
unit,28963,11,4,11,4,9
unit,28964,10,4,10,4,9
unit,28965,11,4,11,4,9
unit,28966,11,4,11,4,9
unit,28967,12,4,12,4,9
unit,28968,10,4,10,4,9
unit,28969,11,4,11,4,9
unit,28970,11,4,11,4,9
unit,28971,12,4,12,4,9
unit,28972,11,4,11,4,9
unit,28973,12,4,12,4,9
unit,28974,12,4,12,4,9
unit,28975,13,4,13,4,9
unit,28976,9,3,9,3,11
unit,28977,10,3,10,3,13
unit,28978,11,4,11,4,11
unit,28979,12,4,12,4,13
unit,28980,11,4,11,4,11
unit,28981,12,4,12,4,13
unit,28982,12,4,12,4,11
unit,28983,13,4,13,4,13
unit,28984,11,4,11,4,11
unit,28985,12,4,12,4,13
unit,28986,12,4,12,4,11
unit,28987,13,4,13,4,13
unit,28988,12,4,12,4,11
unit,28989,13,4,13,4,13
unit,28990,13,4,13,4,11
unit,28991,14,4,14,4,13
unit,28992,8,3,8,3,9
unit,28993,10,4,10,4,9
unit,28994,10,4,10,4,9
unit,28995,11,4,11,4,9
unit,28996,10,4,10,4,9
unit,28997,11,4,11,4,9
unit,28998,11,4,11,4,9
unit,28999,12,4,12,4,9
unit,29000,10,4,10,4,9
unit,29001,11,4,11,4,9
unit,29002,11,4,11,4,9
unit,29003,12,4,12,4,9
unit,29004,11,4,11,4,9
unit,29005,12,4,12,4,9
unit,29006,12,4,12,4,9
unit,29007,13,4,13,4,9
unit,29008,9,3,9,3,11
unit,29009,10,3,10,3,13
unit,29010,11,4,11,4,11
unit,29011,12,4,12,4,13
unit,29012,11,4,11,4,11
unit,29013,12,4,12,4,13
unit,29014,12,4,12,4,11
unit,29015,13,4,13,4,13
unit,29016,11,4,11,4,11
unit,29017,12,4,12,4,13
unit,29018,12,4,12,4,11
unit,29019,13,4,13,4,13
unit,29020,12,4,12,4,11
unit,29021,13,4,13,4,13
unit,29022,13,4,13,4,11
unit,29023,14,4,14,4,13
unit,29024,9,3,9,3,9
unit,29025,11,4,11,4,9
unit,29026,11,4,11,4,9
unit,29027,12,4,12,4,9
unit,29028,11,4,11,4,9
unit,29029,12,4,12,4,9
unit,29030,12,4,12,4,9
unit,29031,13,4,13,4,9
unit,29032,11,4,11,4,9
unit,29033,12,4,12,4,9
unit,29034,12,4,12,4,9
unit,29035,13,4,13,4,9
unit,29036,12,4,12,4,9
unit,29037,13,4,13,4,9
unit,29038,13,4,13,4,9
unit,29039,14,4,14,4,9
unit,29040,10,3,10,3,11
unit,29041,11,3,11,3,13
unit,29042,12,4,12,4,11
unit,29043,13,4,13,4,13
unit,29044,12,4,12,4,11
unit,29045,13,4,13,4,13
unit,29046,13,4,13,4,11
unit,29047,14,4,14,4,13
unit,29048,12,4,12,4,11
unit,29049,13,4,13,4,13
unit,29050,13,4,13,4,11
unit,29051,14,4,14,4,13
unit,29052,13,4,13,4,11
unit,29053,14,4,14,4,13
unit,29054,14,4,14,4,11
unit,29055,15,4,15,4,13
unit,29056,8,3,8,3,9
unit,29057,10,4,10,4,9
unit,29058,10,4,10,4,9
unit,29059,11,4,11,4,9
unit,29060,10,4,10,4,9
unit,29061,11,4,11,4,9
unit,29062,11,4,11,4,9
unit,29063,12,4,12,4,9
unit,29064,10,4,10,4,9
unit,29065,11,4,11,4,9
unit,29066,11,4,11,4,9
unit,29067,12,4,12,4,9
unit,29068,11,4,11,4,9
unit,29069,12,4,12,4,9
unit,29070,12,4,12,4,9
unit,29071,13,4,13,4,9
unit,29072,9,3,9,3,11
unit,29073,10,3,10,3,13
unit,29074,11,4,11,4,11
unit,29075,12,4,12,4,13
unit,29076,11,4,11,4,11
unit,29077,12,4,12,4,13
unit,29078,12,4,12,4,11
unit,29079,13,4,13,4,13
unit,29080,11,4,11,4,11
unit,29081,12,4,12,4,13
unit,29082,12,4,12,4,11
unit,29083,13,4,13,4,13
unit,29084,12,4,12,4,11
unit,29085,13,4,13,4,13
unit,29086,13,4,13,4,11
unit,29087,14,4,14,4,13
unit,29088,9,3,9,3,9
unit,29089,11,4,11,4,9
unit,29090,11,4,11,4,9
unit,29091,12,4,12,4,9
unit,29092,11,4,11,4,9
unit,29093,12,4,12,4,9
unit,29094,12,4,12,4,9
unit,29095,13,4,13,4,9
unit,29096,11,4,11,4,9
unit,29097,12,4,12,4,9
unit,29098,12,4,12,4,9
unit,29099,13,4,13,4,9
unit,29100,12,4,12,4,9
unit,29101,13,4,13,4,9
unit,29102,13,4,13,4,9
unit,29103,14,4,14,4,9
unit,29104,10,3,10,3,11
unit,29105,11,3,11,3,13
unit,29106,12,4,12,4,11
unit,29107,13,4,13,4,13
unit,29108,12,4,12,4,11
unit,29109,13,4,13,4,13
unit,29110,13,4,13,4,11
unit,29111,14,4,14,4,13
unit,29112,12,4,12,4,11
unit,29113,13,4,13,4,13
unit,29114,13,4,13,4,11
unit,29115,14,4,14,4,13
unit,29116,13,4,13,4,11
unit,29117,14,4,14,4,13
unit,29118,14,4,14,4,11
unit,29119,15,4,15,4,13
unit,29120,9,3,9,3,9
unit,29121,11,4,11,4,9
unit,29122,11,4,11,4,9
unit,29123,12,4,12,4,9
unit,29124,11,4,11,4,9
unit,29125,12,4,12,4,9
unit,29126,12,4,12,4,9
unit,29127,13,4,13,4,9
unit,29128,11,4,11,4,9
unit,29129,12,4,12,4,9
unit,29130,12,4,12,4,9
unit,29131,13,4,13,4,9
unit,29132,12,4,12,4,9
unit,29133,13,4,13,4,9
unit,29134,13,4,13,4,9
unit,29135,14,4,14,4,9
unit,29136,10,3,10,3,11
unit,29137,11,3,11,3,13
unit,29138,12,4,12,4,11
unit,29139,13,4,13,4,13
unit,29140,12,4,12,4,11
unit,29141,13,4,13,4,13
unit,29142,13,4,13,4,11
unit,29143,14,4,14,4,13
unit,29144,12,4,12,4,11
unit,29145,13,4,13,4,13
unit,29146,13,4,13,4,11
unit,29147,14,4,14,4,13
unit,29148,13,4,13,4,11
unit,29149,14,4,14,4,13
unit,29150,14,4,14,4,11
unit,29151,15,4,15,4,13
unit,29152,10,3,10,3,9
unit,29153,12,4,12,4,9
unit,29154,12,4,12,4,9
unit,29155,13,4,13,4,9
unit,29156,12,4,12,4,9
unit,29157,13,4,13,4,9
unit,29158,13,4,13,4,9
unit,29159,14,4,14,4,9
unit,29160,12,4,12,4,9
unit,29161,13,4,13,4,9
unit,29162,13,4,13,4,9
unit,29163,14,4,14,4,9
unit,29164,13,4,13,4,9
unit,29165,14,4,14,4,9
unit,29166,14,4,14,4,9
unit,29167,15,4,15,4,9
unit,29168,11,3,11,3,11
unit,29169,12,3,12,3,13
unit,29170,13,4,13,4,11
unit,29171,14,4,14,4,13
unit,29172,13,4,13,4,11
unit,29173,14,4,14,4,13
unit,29174,14,4,14,4,11
unit,29175,15,4,15,4,13
unit,29176,13,4,13,4,11
unit,29177,14,4,14,4,13
unit,29178,14,4,14,4,11
unit,29179,15,4,15,4,13
unit,29180,14,4,14,4,11
unit,29181,15,4,15,4,13
unit,29182,15,4,15,4,11
unit,29183,16,4,16,4,13
unit,29184,6,2,6,2,9
unit,29185,8,3,8,3,9
unit,29186,8,3,8,3,9
unit,29187,9,3,9,3,9
unit,29188,8,3,8,3,9
unit,29189,9,3,9,3,9
unit,29190,9,3,9,3,9
unit,29191,10,3,10,3,9
unit,29192,8,3,8,3,9
unit,29193,9,3,9,3,9
unit,29194,9,3,9,3,9
unit,29195,10,3,10,3,9
unit,29196,9,3,9,3,9
unit,29197,10,3,10,3,9
unit,29198,10,3,10,3,9
unit,29199,11,3,11,3,9
unit,29200,8,3,8,3,9
unit,29201,10,4,10,4,9
unit,29202,10,4,10,4,9
unit,29203,11,4,11,4,9
unit,29204,10,4,10,4,9
unit,29205,11,4,11,4,9
unit,29206,11,4,11,4,9
unit,29207,12,4,12,4,9
unit,29208,10,4,10,4,9
unit,29209,11,4,11,4,9
unit,29210,11,4,11,4,9
unit,29211,12,4,12,4,9
unit,29212,11,4,11,4,9
unit,29213,12,4,12,4,9
unit,29214,12,4,12,4,9
unit,29215,13,4,13,4,9
unit,29216,7,2,7,2,11
unit,29217,9,3,9,3,11
unit,29218,8,2,8,2,13
unit,29219,10,3,10,3,13
unit,29220,9,3,9,3,11
unit,29221,10,3,10,3,11
unit,29222,10,3,10,3,13
unit,29223,11,3,11,3,13
unit,29224,9,3,9,3,11
unit,29225,10,3,10,3,11
unit,29226,10,3,10,3,13
unit,29227,11,3,11,3,13
unit,29228,10,3,10,3,11
unit,29229,11,3,11,3,11
unit,29230,11,3,11,3,13
unit,29231,12,3,12,3,13
unit,29232,9,3,9,3,11
unit,29233,11,4,11,4,11
unit,29234,10,3,10,3,13
unit,29235,12,4,12,4,13
unit,29236,11,4,11,4,11
unit,29237,12,4,12,4,11
unit,29238,12,4,12,4,13
unit,29239,13,4,13,4,13
unit,29240,11,4,11,4,11
unit,29241,12,4,12,4,11
unit,29242,12,4,12,4,13
unit,29243,13,4,13,4,13
unit,29244,12,4,12,4,11
unit,29245,13,4,13,4,11
unit,29246,13,4,13,4,13
unit,29247,14,4,14,4,13
unit,29248,8,3,8,3,9
unit,29249,10,4,10,4,9
unit,29250,10,4,10,4,9
unit,29251,11,4,11,4,9
unit,29252,10,4,10,4,9
unit,29253,11,4,11,4,9
unit,29254,11,4,11,4,9
unit,29255,12,4,12,4,9
unit,29256,10,4,10,4,9
unit,29257,11,4,11,4,9
unit,29258,11,4,11,4,9
unit,29259,12,4,12,4,9
unit,29260,11,4,11,4,9
unit,29261,12,4,12,4,9
unit,29262,12,4,12,4,9
unit,29263,13,4,13,4,9
unit,29264,9,3,9,3,9
unit,29265,11,4,11,4,9
unit,29266,11,4,11,4,9
unit,29267,12,4,12,4,9
unit,29268,11,4,11,4,9
unit,29269,12,4,12,4,9
unit,29270,12,4,12,4,9
unit,29271,13,4,13,4,9
unit,29272,11,4,11,4,9
unit,29273,12,4,12,4,9
unit,29274,12,4,12,4,9
unit,29275,13,4,13,4,9
unit,29276,12,4,12,4,9
unit,29277,13,4,13,4,9
unit,29278,13,4,13,4,9
unit,29279,14,4,14,4,9
unit,29280,9,3,9,3,11
unit,29281,11,4,11,4,11
unit,29282,10,3,10,3,13
unit,29283,12,4,12,4,13
unit,29284,11,4,11,4,11
unit,29285,12,4,12,4,11
unit,29286,12,4,12,4,13
unit,29287,13,4,13,4,13
unit,29288,11,4,11,4,11
unit,29289,12,4,12,4,11
unit,29290,12,4,12,4,13
unit,29291,13,4,13,4,13
unit,29292,12,4,12,4,11
unit,29293,13,4,13,4,11
unit,29294,13,4,13,4,13
unit,29295,14,4,14,4,13
unit,29296,10,3,10,3,11
unit,29297,12,4,12,4,11
unit,29298,11,3,11,3,13
unit,29299,13,4,13,4,13
unit,29300,12,4,12,4,11
unit,29301,13,4,13,4,11
unit,29302,13,4,13,4,13
unit,29303,14,4,14,4,13
unit,29304,12,4,12,4,11
unit,29305,13,4,13,4,11
unit,29306,13,4,13,4,13
unit,29307,14,4,14,4,13
unit,29308,13,4,13,4,11
unit,29309,14,4,14,4,11
unit,29310,14,4,14,4,13
unit,29311,15,4,15,4,13
unit,29312,8,3,8,3,9
unit,29313,10,4,10,4,9
unit,29314,10,4,10,4,9
unit,29315,11,4,11,4,9
unit,29316,10,4,10,4,9
unit,29317,11,4,11,4,9
unit,29318,11,4,11,4,9
unit,29319,12,4,12,4,9
unit,29320,10,4,10,4,9
unit,29321,11,4,11,4,9
unit,29322,11,4,11,4,9
unit,29323,12,4,12,4,9
unit,29324,11,4,11,4,9
unit,29325,12,4,12,4,9
unit,29326,12,4,12,4,9
unit,29327,13,4,13,4,9
unit,29328,9,3,9,3,9
unit,29329,11,4,11,4,9
unit,29330,11,4,11,4,9
unit,29331,12,4,12,4,9
unit,29332,11,4,11,4,9
unit,29333,12,4,12,4,9
unit,29334,12,4,12,4,9
unit,29335,13,4,13,4,9
unit,29336,11,4,11,4,9
unit,29337,12,4,12,4,9
unit,29338,12,4,12,4,9
unit,29339,13,4,13,4,9
unit,29340,12,4,12,4,9
unit,29341,13,4,13,4,9
unit,29342,13,4,13,4,9
unit,29343,14,4,14,4,9
unit,29344,9,3,9,3,11
unit,29345,11,4,11,4,11
unit,29346,10,3,10,3,13
unit,29347,12,4,12,4,13
unit,29348,11,4,11,4,11
unit,29349,12,4,12,4,11
unit,29350,12,4,12,4,13
unit,29351,13,4,13,4,13
unit,29352,11,4,11,4,11
unit,29353,12,4,12,4,11
unit,29354,12,4,12,4,13
unit,29355,13,4,13,4,13
unit,29356,12,4,12,4,11
unit,29357,13,4,13,4,11
unit,29358,13,4,13,4,13
unit,29359,14,4,14,4,13
unit,29360,10,3,10,3,11
unit,29361,12,4,12,4,11
unit,29362,11,3,11,3,13
unit,29363,13,4,13,4,13
unit,29364,12,4,12,4,11
unit,29365,13,4,13,4,11
unit,29366,13,4,13,4,13
unit,29367,14,4,14,4,13
unit,29368,12,4,12,4,11
unit,29369,13,4,13,4,11
unit,29370,13,4,13,4,13
unit,29371,14,4,14,4,13
unit,29372,13,4,13,4,11
unit,29373,14,4,14,4,11
unit,29374,14,4,14,4,13
unit,29375,15,4,15,4,13
unit,29376,9,3,9,3,9
unit,29377,11,4,11,4,9
unit,29378,11,4,11,4,9
unit,29379,12,4,12,4,9
unit,29380,11,4,11,4,9
unit,29381,12,4,12,4,9
unit,29382,12,4,12,4,9
unit,29383,13,4,13,4,9
unit,29384,11,4,11,4,9
unit,29385,12,4,12,4,9
unit,29386,12,4,12,4,9
unit,29387,13,4,13,4,9
unit,29388,12,4,12,4,9
unit,29389,13,4,13,4,9
unit,29390,13,4,13,4,9
unit,29391,14,4,14,4,9
unit,29392,10,3,10,3,9
unit,29393,12,4,12,4,9
unit,29394,12,4,12,4,9
unit,29395,13,4,13,4,9
unit,29396,12,4,12,4,9
unit,29397,13,4,13,4,9
unit,29398,13,4,13,4,9
unit,29399,14,4,14,4,9
unit,29400,12,4,12,4,9
unit,29401,13,4,13,4,9
unit,29402,13,4,13,4,9
unit,29403,14,4,14,4,9
unit,29404,13,4,13,4,9
unit,29405,14,4,14,4,9
unit,29406,14,4,14,4,9
unit,29407,15,4,15,4,9
unit,29408,10,3,10,3,11
unit,29409,12,4,12,4,11
unit,29410,11,3,11,3,13
unit,29411,13,4,13,4,13
unit,29412,12,4,12,4,11
unit,29413,13,4,13,4,11
unit,29414,13,4,13,4,13
unit,29415,14,4,14,4,13
unit,29416,12,4,12,4,11
unit,29417,13,4,13,4,11
unit,29418,13,4,13,4,13
unit,29419,14,4,14,4,13
unit,29420,13,4,13,4,11
unit,29421,14,4,14,4,11
unit,29422,14,4,14,4,13
unit,29423,15,4,15,4,13
unit,29424,11,3,11,3,11
unit,29425,13,4,13,4,11
unit,29426,12,3,12,3,13
unit,29427,14,4,14,4,13
unit,29428,13,4,13,4,11
unit,29429,14,4,14,4,11
unit,29430,14,4,14,4,13
unit,29431,15,4,15,4,13
unit,29432,13,4,13,4,11
unit,29433,14,4,14,4,11
unit,29434,14,4,14,4,13
unit,29435,15,4,15,4,13
unit,29436,14,4,14,4,11
unit,29437,15,4,15,4,11
unit,29438,15,4,15,4,13
unit,29439,16,4,16,4,13
unit,29440,6,2,6,2,9
unit,29441,8,3,8,3,9
unit,29442,8,3,8,3,9
unit,29443,9,3,9,3,9
unit,29444,8,3,8,3,9
unit,29445,9,3,9,3,9
unit,29446,9,3,9,3,9
unit,29447,10,3,10,3,9
unit,29448,8,3,8,3,9
unit,29449,9,3,9,3,9
unit,29450,9,3,9,3,9
unit,29451,10,3,10,3,9
unit,29452,9,3,9,3,9
unit,29453,10,3,10,3,9
unit,29454,10,3,10,3,9
unit,29455,11,3,11,3,9
unit,29456,8,3,9,3,13
unit,29457,10,3,10,3,15
unit,29458,10,4,11,4,13
unit,29459,11,4,12,4,15
unit,29460,10,4,11,4,13
unit,29461,11,4,12,4,15
unit,29462,11,4,12,4,13
unit,29463,12,4,13,4,15
unit,29464,10,4,11,4,13
unit,29465,11,4,12,4,15
unit,29466,11,4,12,4,13
unit,29467,12,4,13,4,15
unit,29468,11,4,12,4,13
unit,29469,12,4,13,4,15
unit,29470,12,4,13,4,13
unit,29471,13,4,14,4,15
unit,29472,8,3,9,3,13
unit,29473,10,4,11,4,13
unit,29474,10,3,10,3,15
unit,29475,11,4,12,4,15
unit,29476,10,4,11,4,13
unit,29477,11,4,12,4,13
unit,29478,11,4,12,4,15
unit,29479,12,4,13,4,15
unit,29480,10,4,11,4,13
unit,29481,11,4,12,4,13
unit,29482,11,4,12,4,15
unit,29483,12,4,13,4,15
unit,29484,11,4,12,4,13
unit,29485,12,4,13,4,13
unit,29486,12,4,13,4,15
unit,29487,13,4,14,4,15
unit,29488,7,2,7,2,11
unit,29489,9,3,11,3,17
unit,29490,9,3,11,3,17
unit,29491,8,2,8,2,13
unit,29492,9,3,9,3,11
unit,29493,10,3,13,4,17
unit,29494,10,3,13,4,17
unit,29495,10,3,10,3,13
unit,29496,9,3,9,3,11
unit,29497,10,3,13,4,17
unit,29498,10,3,13,4,17
unit,29499,10,3,10,3,13
unit,29500,10,3,10,3,11
unit,29501,11,3,14,4,17
unit,29502,11,3,14,4,17
unit,29503,11,3,11,3,13
unit,29504,8,3,8,3,9
unit,29505,10,4,10,4,9
unit,29506,10,4,10,4,9
unit,29507,11,4,11,4,9
unit,29508,10,4,10,4,9
unit,29509,11,4,11,4,9
unit,29510,11,4,11,4,9
unit,29511,12,4,12,4,9
unit,29512,10,4,10,4,9
unit,29513,11,4,11,4,9
unit,29514,11,4,11,4,9
unit,29515,12,4,12,4,9
unit,29516,11,4,11,4,9
unit,29517,12,4,12,4,9
unit,29518,12,4,12,4,9
unit,29519,13,4,13,4,9
unit,29520,9,3,11,4,13
unit,29521,11,4,12,4,15
unit,29522,11,4,13,5,13
unit,29523,12,4,14,5,15
unit,29524,11,4,13,5,13
unit,29525,12,4,14,5,15
unit,29526,12,4,14,5,13
unit,29527,13,4,15,5,15
unit,29528,11,4,13,5,13
unit,29529,12,4,14,5,15
unit,29530,12,4,14,5,13
unit,29531,13,4,15,5,15
unit,29532,12,4,14,5,13
unit,29533,13,4,15,5,15
unit,29534,13,4,15,5,13
unit,29535,14,4,16,5,15
unit,29536,9,3,11,4,13
unit,29537,11,4,13,5,13
unit,29538,11,4,12,4,15
unit,29539,12,4,14,5,15
unit,29540,11,4,13,5,13
unit,29541,12,4,14,5,13
unit,29542,12,4,14,5,15
unit,29543,13,4,15,5,15
unit,29544,11,4,13,5,13
unit,29545,12,4,14,5,13
unit,29546,12,4,14,5,15
unit,29547,13,4,15,5,15
unit,29548,12,4,14,5,13
unit,29549,13,4,15,5,13
unit,29550,13,4,15,5,15
unit,29551,14,4,16,5,15
unit,29552,9,3,9,3,11
unit,29553,11,4,13,4,17
unit,29554,11,4,13,4,17
unit,29555,10,3,10,3,13
unit,29556,11,4,11,4,11
unit,29557,12,4,15,5,17
unit,29558,12,4,15,5,17
unit,29559,12,4,12,4,13
unit,29560,11,4,11,4,11
unit,29561,12,4,15,5,17
unit,29562,12,4,15,5,17
unit,29563,12,4,12,4,13
unit,29564,12,4,12,4,11
unit,29565,13,4,16,5,17
unit,29566,13,4,16,5,17
unit,29567,13,4,13,4,13
unit,29568,8,3,8,3,9
unit,29569,10,4,10,4,9
unit,29570,10,4,10,4,9
unit,29571,11,4,11,4,9
unit,29572,10,4,10,4,9
unit,29573,11,4,11,4,9
unit,29574,11,4,11,4,9
unit,29575,12,4,12,4,9
unit,29576,10,4,10,4,9
unit,29577,11,4,11,4,9
unit,29578,11,4,11,4,9
unit,29579,12,4,12,4,9
unit,29580,11,4,11,4,9
unit,29581,12,4,12,4,9
unit,29582,12,4,12,4,9
unit,29583,13,4,13,4,9
unit,29584,9,3,11,4,13
unit,29585,11,4,12,4,15
unit,29586,11,4,13,5,13
unit,29587,12,4,14,5,15
unit,29588,11,4,13,5,13
unit,29589,12,4,14,5,15
unit,29590,12,4,14,5,13
unit,29591,13,4,15,5,15
unit,29592,11,4,13,5,13
unit,29593,12,4,14,5,15
unit,29594,12,4,14,5,13
unit,29595,13,4,15,5,15
unit,29596,12,4,14,5,13
unit,29597,13,4,15,5,15
unit,29598,13,4,15,5,13
unit,29599,14,4,16,5,15
unit,29600,9,3,11,4,13
unit,29601,11,4,13,5,13
unit,29602,11,4,12,4,15
unit,29603,12,4,14,5,15
unit,29604,11,4,13,5,13
unit,29605,12,4,14,5,13
unit,29606,12,4,14,5,15
unit,29607,13,4,15,5,15
unit,29608,11,4,13,5,13
unit,29609,12,4,14,5,13
unit,29610,12,4,14,5,15
unit,29611,13,4,15,5,15
unit,29612,12,4,14,5,13
unit,29613,13,4,15,5,13
unit,29614,13,4,15,5,15
unit,29615,14,4,16,5,15
unit,29616,9,3,9,3,11
unit,29617,11,4,13,4,17
unit,29618,11,4,13,4,17
unit,29619,10,3,10,3,13
unit,29620,11,4,11,4,11
unit,29621,12,4,15,5,17
unit,29622,12,4,15,5,17
unit,29623,12,4,12,4,13
unit,29624,11,4,11,4,11
unit,29625,12,4,15,5,17
unit,29626,12,4,15,5,17
unit,29627,12,4,12,4,13
unit,29628,12,4,12,4,11
unit,29629,13,4,16,5,17
unit,29630,13,4,16,5,17
unit,29631,13,4,13,4,13
unit,29632,9,3,9,3,9
unit,29633,11,4,11,4,9
unit,29634,11,4,11,4,9
unit,29635,12,4,12,4,9
unit,29636,11,4,11,4,9
unit,29637,12,4,12,4,9
unit,29638,12,4,12,4,9
unit,29639,13,4,13,4,9
unit,29640,11,4,11,4,9
unit,29641,12,4,12,4,9
unit,29642,12,4,12,4,9
unit,29643,13,4,13,4,9
unit,29644,12,4,12,4,9
unit,29645,13,4,13,4,9
unit,29646,13,4,13,4,9
unit,29647,14,4,14,4,9
unit,29648,10,3,12,4,13
unit,29649,12,4,13,4,15
unit,29650,12,4,14,5,13
unit,29651,13,4,15,5,15
unit,29652,12,4,14,5,13
unit,29653,13,4,15,5,15
unit,29654,13,4,15,5,13
unit,29655,14,4,16,5,15
unit,29656,12,4,14,5,13
unit,29657,13,4,15,5,15
unit,29658,13,4,15,5,13
unit,29659,14,4,16,5,15
unit,29660,13,4,15,5,13
unit,29661,14,4,16,5,15
unit,29662,14,4,16,5,13
unit,29663,15,4,17,5,15
unit,29664,10,3,12,4,13
unit,29665,12,4,14,5,13
unit,29666,12,4,13,4,15
unit,29667,13,4,15,5,15
unit,29668,12,4,14,5,13
unit,29669,13,4,15,5,13
unit,29670,13,4,15,5,15
unit,29671,14,4,16,5,15
unit,29672,12,4,14,5,13
unit,29673,13,4,15,5,13
unit,29674,13,4,15,5,15
unit,29675,14,4,16,5,15
unit,29676,13,4,15,5,13
unit,29677,14,4,16,5,13
unit,29678,14,4,16,5,15
unit,29679,15,4,17,5,15
unit,29680,10,3,10,3,11
unit,29681,12,4,14,4,17
unit,29682,12,4,14,4,17
unit,29683,11,3,11,3,13
unit,29684,12,4,12,4,11
unit,29685,13,4,16,5,17
unit,29686,13,4,16,5,17
unit,29687,13,4,13,4,13
unit,29688,12,4,12,4,11
unit,29689,13,4,16,5,17
unit,29690,13,4,16,5,17
unit,29691,13,4,13,4,13
unit,29692,13,4,13,4,11
unit,29693,14,4,17,5,17
unit,29694,14,4,17,5,17
unit,29695,14,4,14,4,13
unit,29696,6,2,6,2,9
unit,29697,8,3,8,3,9
unit,29698,8,3,8,3,9
unit,29699,9,3,9,3,9
unit,29700,8,3,8,3,9
unit,29701,9,3,9,3,9
unit,29702,9,3,9,3,9
unit,29703,10,3,10,3,9
unit,29704,8,3,8,3,9
unit,29705,9,3,9,3,9
unit,29706,9,3,9,3,9
unit,29707,10,3,10,3,9
unit,29708,9,3,9,3,9
unit,29709,10,3,10,3,9
unit,29710,10,3,10,3,9
unit,29711,11,3,11,3,9
unit,29712,8,3,8,3,9
unit,29713,10,4,10,4,9
unit,29714,10,4,10,4,9
unit,29715,11,4,11,4,9
unit,29716,10,4,10,4,9
unit,29717,11,4,11,4,9
unit,29718,11,4,11,4,9
unit,29719,12,4,12,4,9
unit,29720,10,4,10,4,9
unit,29721,11,4,11,4,9
unit,29722,11,4,11,4,9
unit,29723,12,4,12,4,9
unit,29724,11,4,11,4,9
unit,29725,12,4,12,4,9
unit,29726,12,4,12,4,9
unit,29727,13,4,13,4,9
unit,29728,8,3,8,3,9
unit,29729,10,4,10,4,9
unit,29730,10,4,10,4,9
unit,29731,11,4,11,4,9
unit,29732,10,4,10,4,9
unit,29733,11,4,11,4,9
unit,29734,11,4,11,4,9
unit,29735,12,4,12,4,9
unit,29736,10,4,10,4,9
unit,29737,11,4,11,4,9
unit,29738,11,4,11,4,9
unit,29739,12,4,12,4,9
unit,29740,11,4,11,4,9
unit,29741,12,4,12,4,9
unit,29742,12,4,12,4,9
unit,29743,13,4,13,4,9
unit,29744,9,3,9,3,9
unit,29745,11,4,11,4,9
unit,29746,11,4,11,4,9
unit,29747,12,4,12,4,9
unit,29748,11,4,11,4,9
unit,29749,12,4,12,4,9
unit,29750,12,4,12,4,9
unit,29751,13,4,13,4,9
unit,29752,11,4,11,4,9
unit,29753,12,4,12,4,9
unit,29754,12,4,12,4,9
unit,29755,13,4,13,4,9
unit,29756,12,4,12,4,9
unit,29757,13,4,13,4,9
unit,29758,13,4,13,4,9
unit,29759,14,4,14,4,9
unit,29760,7,2,7,2,11
unit,29761,9,3,9,3,11
unit,29762,9,3,9,3,11
unit,29763,10,3,10,3,11
unit,29764,8,2,8,2,13
unit,29765,10,3,10,3,13
unit,29766,10,3,10,3,13
unit,29767,11,3,11,3,13
unit,29768,9,3,9,3,11
unit,29769,10,3,10,3,11
unit,29770,10,3,10,3,11
unit,29771,11,3,11,3,11
unit,29772,10,3,10,3,13
unit,29773,11,3,11,3,13
unit,29774,11,3,11,3,13
unit,29775,12,3,12,3,13
unit,29776,9,3,9,3,11
unit,29777,11,4,11,4,11
unit,29778,11,4,11,4,11
unit,29779,12,4,12,4,11
unit,29780,10,3,10,3,13
unit,29781,12,4,12,4,13
unit,29782,12,4,12,4,13
unit,29783,13,4,13,4,13
unit,29784,11,4,11,4,11
unit,29785,12,4,12,4,11
unit,29786,12,4,12,4,11
unit,29787,13,4,13,4,11
unit,29788,12,4,12,4,13
unit,29789,13,4,13,4,13
unit,29790,13,4,13,4,13
unit,29791,14,4,14,4,13
unit,29792,9,3,9,3,11
unit,29793,11,4,11,4,11
unit,29794,11,4,11,4,11
unit,29795,12,4,12,4,11
unit,29796,10,3,10,3,13
unit,29797,12,4,12,4,13
unit,29798,12,4,12,4,13
unit,29799,13,4,13,4,13
unit,29800,11,4,11,4,11
unit,29801,12,4,12,4,11
unit,29802,12,4,12,4,11
unit,29803,13,4,13,4,11
unit,29804,12,4,12,4,13
unit,29805,13,4,13,4,13
unit,29806,13,4,13,4,13
unit,29807,14,4,14,4,13
unit,29808,10,3,10,3,11
unit,29809,12,4,12,4,11
unit,29810,12,4,12,4,11
unit,29811,13,4,13,4,11
unit,29812,11,3,11,3,13
unit,29813,13,4,13,4,13
unit,29814,13,4,13,4,13
unit,29815,14,4,14,4,13
unit,29816,12,4,12,4,11
unit,29817,13,4,13,4,11
unit,29818,13,4,13,4,11
unit,29819,14,4,14,4,11
unit,29820,13,4,13,4,13
unit,29821,14,4,14,4,13
unit,29822,14,4,14,4,13
unit,29823,15,4,15,4,13
unit,29824,8,3,8,3,9
unit,29825,10,4,10,4,9
unit,29826,10,4,10,4,9
unit,29827,11,4,11,4,9
unit,29828,10,4,10,4,9
unit,29829,11,4,11,4,9
unit,29830,11,4,11,4,9
unit,29831,12,4,12,4,9
unit,29832,10,4,10,4,9
unit,29833,11,4,11,4,9
unit,29834,11,4,11,4,9
unit,29835,12,4,12,4,9
unit,29836,11,4,11,4,9
unit,29837,12,4,12,4,9
unit,29838,12,4,12,4,9
unit,29839,13,4,13,4,9
unit,29840,9,3,9,3,9
unit,29841,11,4,11,4,9
unit,29842,11,4,11,4,9
unit,29843,12,4,12,4,9
unit,29844,11,4,11,4,9
unit,29845,12,4,12,4,9
unit,29846,12,4,12,4,9
unit,29847,13,4,13,4,9
unit,29848,11,4,11,4,9
unit,29849,12,4,12,4,9
unit,29850,12,4,12,4,9
unit,29851,13,4,13,4,9
unit,29852,12,4,12,4,9
unit,29853,13,4,13,4,9
unit,29854,13,4,13,4,9
unit,29855,14,4,14,4,9
unit,29856,9,3,9,3,9
unit,29857,11,4,11,4,9
unit,29858,11,4,11,4,9
unit,29859,12,4,12,4,9
unit,29860,11,4,11,4,9
unit,29861,12,4,12,4,9
unit,29862,12,4,12,4,9
unit,29863,13,4,13,4,9
unit,29864,11,4,11,4,9
unit,29865,12,4,12,4,9
unit,29866,12,4,12,4,9
unit,29867,13,4,13,4,9
unit,29868,12,4,12,4,9
unit,29869,13,4,13,4,9
unit,29870,13,4,13,4,9
unit,29871,14,4,14,4,9
unit,29872,10,3,10,3,9
unit,29873,12,4,12,4,9
unit,29874,12,4,12,4,9
unit,29875,13,4,13,4,9
unit,29876,12,4,12,4,9
unit,29877,13,4,13,4,9
unit,29878,13,4,13,4,9
unit,29879,14,4,14,4,9
unit,29880,12,4,12,4,9
unit,29881,13,4,13,4,9
unit,29882,13,4,13,4,9
unit,29883,14,4,14,4,9
unit,29884,13,4,13,4,9
unit,29885,14,4,14,4,9
unit,29886,14,4,14,4,9
unit,29887,15,4,15,4,9
unit,29888,9,3,9,3,11
unit,29889,11,4,11,4,11
unit,29890,11,4,11,4,11
unit,29891,12,4,12,4,11
unit,29892,10,3,10,3,13
unit,29893,12,4,12,4,13
unit,29894,12,4,12,4,13
unit,29895,13,4,13,4,13
unit,29896,11,4,11,4,11
unit,29897,12,4,12,4,11
unit,29898,12,4,12,4,11
unit,29899,13,4,13,4,11
unit,29900,12,4,12,4,13
unit,29901,13,4,13,4,13
unit,29902,13,4,13,4,13
unit,29903,14,4,14,4,13
unit,29904,10,3,10,3,11
unit,29905,12,4,12,4,11
unit,29906,12,4,12,4,11
unit,29907,13,4,13,4,11
unit,29908,11,3,11,3,13
unit,29909,13,4,13,4,13
unit,29910,13,4,13,4,13
unit,29911,14,4,14,4,13
unit,29912,12,4,12,4,11
unit,29913,13,4,13,4,11
unit,29914,13,4,13,4,11
unit,29915,14,4,14,4,11
unit,29916,13,4,13,4,13
unit,29917,14,4,14,4,13
unit,29918,14,4,14,4,13
unit,29919,15,4,15,4,13
unit,29920,10,3,10,3,11
unit,29921,12,4,12,4,11
unit,29922,12,4,12,4,11
unit,29923,13,4,13,4,11
unit,29924,11,3,11,3,13
unit,29925,13,4,13,4,13
unit,29926,13,4,13,4,13
unit,29927,14,4,14,4,13
unit,29928,12,4,12,4,11
unit,29929,13,4,13,4,11
unit,29930,13,4,13,4,11
unit,29931,14,4,14,4,11
unit,29932,13,4,13,4,13
unit,29933,14,4,14,4,13
unit,29934,14,4,14,4,13
unit,29935,15,4,15,4,13
unit,29936,11,3,11,3,11
unit,29937,13,4,13,4,11
unit,29938,13,4,13,4,11
unit,29939,14,4,14,4,11
unit,29940,12,3,12,3,13
unit,29941,14,4,14,4,13
unit,29942,14,4,14,4,13
unit,29943,15,4,15,4,13
unit,29944,13,4,13,4,11
unit,29945,14,4,14,4,11
unit,29946,14,4,14,4,11
unit,29947,15,4,15,4,11
unit,29948,14,4,14,4,13
unit,29949,15,4,15,4,13
unit,29950,15,4,15,4,13
unit,29951,16,4,16,4,13
unit,29952,6,2,6,2,9
unit,29953,8,3,8,3,9
unit,29954,8,3,8,3,9
unit,29955,9,3,9,3,9
unit,29956,8,3,8,3,9
unit,29957,9,3,9,3,9
unit,29958,9,3,9,3,9
unit,29959,10,3,10,3,9
unit,29960,8,3,8,3,9
unit,29961,9,3,9,3,9
unit,29962,9,3,9,3,9
unit,29963,10,3,10,3,9
unit,29964,9,3,9,3,9
unit,29965,10,3,10,3,9
unit,29966,10,3,10,3,9
unit,29967,11,3,11,3,9
unit,29968,8,3,9,3,13
unit,29969,10,3,10,3,15
unit,29970,10,4,11,4,13
unit,29971,11,4,12,4,15
unit,29972,10,4,11,4,13
unit,29973,11,4,12,4,15
unit,29974,11,4,12,4,13
unit,29975,12,4,13,4,15
unit,29976,10,4,11,4,13
unit,29977,11,4,12,4,15
unit,29978,11,4,12,4,13
unit,29979,12,4,13,4,15
unit,29980,11,4,12,4,13
unit,29981,12,4,13,4,15
unit,29982,12,4,13,4,13
unit,29983,13,4,14,4,15
unit,29984,8,3,8,3,9
unit,29985,10,4,10,4,9
unit,29986,10,4,10,4,9
unit,29987,11,4,11,4,9
unit,29988,10,4,10,4,9
unit,29989,11,4,11,4,9
unit,29990,11,4,11,4,9
unit,29991,12,4,12,4,9
unit,29992,10,4,10,4,9
unit,29993,11,4,11,4,9
unit,29994,11,4,11,4,9
unit,29995,12,4,12,4,9
unit,29996,11,4,11,4,9
unit,29997,12,4,12,4,9
unit,29998,12,4,12,4,9
unit,29999,13,4,13,4,9
unit,30000,9,3,11,4,13
unit,30001,11,4,12,4,15
unit,30002,11,4,13,5,13
unit,30003,12,4,14,5,15
unit,30004,11,4,13,5,13
unit,30005,12,4,14,5,15
unit,30006,12,4,14,5,13
unit,30007,13,4,15,5,15
unit,30008,11,4,13,5,13
unit,30009,12,4,14,5,15
unit,30010,12,4,14,5,13
unit,30011,13,4,15,5,15
unit,30012,12,4,14,5,13
unit,30013,13,4,15,5,15
unit,30014,13,4,15,5,13
unit,30015,14,4,16,5,15
unit,30016,8,3,9,3,13
unit,30017,10,4,11,4,13
unit,30018,10,4,11,4,13
unit,30019,11,4,12,4,13
unit,30020,10,3,10,3,15
unit,30021,11,4,12,4,15
unit,30022,11,4,12,4,15
unit,30023,12,4,13,4,15
unit,30024,10,4,11,4,13
unit,30025,11,4,12,4,13
unit,30026,11,4,12,4,13
unit,30027,12,4,13,4,13
unit,30028,11,4,12,4,15
unit,30029,12,4,13,4,15
unit,30030,12,4,13,4,15
unit,30031,13,4,14,4,15
unit,30032,7,2,7,2,11
unit,30033,9,3,11,3,17
unit,30034,9,3,9,3,11
unit,30035,10,3,13,4,17
unit,30036,9,3,11,3,17
unit,30037,8,2,8,2,13
unit,30038,10,3,13,4,17
unit,30039,10,3,10,3,13
unit,30040,9,3,9,3,11
unit,30041,10,3,13,4,17
unit,30042,10,3,10,3,11
unit,30043,11,3,14,4,17
unit,30044,10,3,13,4,17
unit,30045,10,3,10,3,13
unit,30046,11,3,14,4,17
unit,30047,11,3,11,3,13
unit,30048,9,3,11,4,13
unit,30049,11,4,13,5,13
unit,30050,11,4,13,5,13
unit,30051,12,4,14,5,13
unit,30052,11,4,12,4,15
unit,30053,12,4,14,5,15
unit,30054,12,4,14,5,15
unit,30055,13,4,15,5,15
unit,30056,11,4,13,5,13
unit,30057,12,4,14,5,13
unit,30058,12,4,14,5,13
unit,30059,13,4,15,5,13
unit,30060,12,4,14,5,15
unit,30061,13,4,15,5,15
unit,30062,13,4,15,5,15
unit,30063,14,4,16,5,15
unit,30064,9,3,9,3,11
unit,30065,11,4,13,4,17
unit,30066,11,4,11,4,11
unit,30067,12,4,15,5,17
unit,30068,11,4,13,4,17
unit,30069,10,3,10,3,13
unit,30070,12,4,15,5,17
unit,30071,12,4,12,4,13
unit,30072,11,4,11,4,11
unit,30073,12,4,15,5,17
unit,30074,12,4,12,4,11
unit,30075,13,4,16,5,17
unit,30076,12,4,15,5,17
unit,30077,12,4,12,4,13
unit,30078,13,4,16,5,17
unit,30079,13,4,13,4,13
unit,30080,8,3,8,3,9
unit,30081,10,4,10,4,9
unit,30082,10,4,10,4,9
unit,30083,11,4,11,4,9
unit,30084,10,4,10,4,9
unit,30085,11,4,11,4,9
unit,30086,11,4,11,4,9
unit,30087,12,4,12,4,9
unit,30088,10,4,10,4,9
unit,30089,11,4,11,4,9
unit,30090,11,4,11,4,9
unit,30091,12,4,12,4,9
unit,30092,11,4,11,4,9
unit,30093,12,4,12,4,9
unit,30094,12,4,12,4,9
unit,30095,13,4,13,4,9
unit,30096,9,3,11,4,13
unit,30097,11,4,12,4,15
unit,30098,11,4,13,5,13
unit,30099,12,4,14,5,15
unit,30100,11,4,13,5,13
unit,30101,12,4,14,5,15
unit,30102,12,4,14,5,13
unit,30103,13,4,15,5,15
unit,30104,11,4,13,5,13
unit,30105,12,4,14,5,15
unit,30106,12,4,14,5,13
unit,30107,13,4,15,5,15
unit,30108,12,4,14,5,13
unit,30109,13,4,15,5,15
unit,30110,13,4,15,5,13
unit,30111,14,4,16,5,15
unit,30112,9,3,9,3,9
unit,30113,11,4,11,4,9
unit,30114,11,4,11,4,9
unit,30115,12,4,12,4,9
unit,30116,11,4,11,4,9
unit,30117,12,4,12,4,9
unit,30118,12,4,12,4,9
unit,30119,13,4,13,4,9
unit,30120,11,4,11,4,9
unit,30121,12,4,12,4,9
unit,30122,12,4,12,4,9
unit,30123,13,4,13,4,9
unit,30124,12,4,12,4,9
unit,30125,13,4,13,4,9
unit,30126,13,4,13,4,9
unit,30127,14,4,14,4,9
unit,30128,10,3,12,4,13
unit,30129,12,4,13,4,15
unit,30130,12,4,14,5,13
unit,30131,13,4,15,5,15
unit,30132,12,4,14,5,13
unit,30133,13,4,15,5,15
unit,30134,13,4,15,5,13
unit,30135,14,4,16,5,15
unit,30136,12,4,14,5,13
unit,30137,13,4,15,5,15
unit,30138,13,4,15,5,13
unit,30139,14,4,16,5,15
unit,30140,13,4,15,5,13
unit,30141,14,4,16,5,15
unit,30142,14,4,16,5,13
unit,30143,15,4,17,5,15
unit,30144,9,3,11,4,13
unit,30145,11,4,13,5,13
unit,30146,11,4,13,5,13
unit,30147,12,4,14,5,13
unit,30148,11,4,12,4,15
unit,30149,12,4,14,5,15
unit,30150,12,4,14,5,15
unit,30151,13,4,15,5,15
unit,30152,11,4,13,5,13
unit,30153,12,4,14,5,13
unit,30154,12,4,14,5,13
unit,30155,13,4,15,5,13
unit,30156,12,4,14,5,15
unit,30157,13,4,15,5,15
unit,30158,13,4,15,5,15
unit,30159,14,4,16,5,15
unit,30160,9,3,9,3,11
unit,30161,11,4,13,4,17
unit,30162,11,4,11,4,11
unit,30163,12,4,15,5,17
unit,30164,11,4,13,4,17
unit,30165,10,3,10,3,13
unit,30166,12,4,15,5,17
unit,30167,12,4,12,4,13
unit,30168,11,4,11,4,11
unit,30169,12,4,15,5,17
unit,30170,12,4,12,4,11
unit,30171,13,4,16,5,17
unit,30172,12,4,15,5,17
unit,30173,12,4,12,4,13
unit,30174,13,4,16,5,17
unit,30175,13,4,13,4,13
unit,30176,10,3,12,4,13
unit,30177,12,4,14,5,13
unit,30178,12,4,14,5,13
unit,30179,13,4,15,5,13
unit,30180,12,4,13,4,15
unit,30181,13,4,15,5,15
unit,30182,13,4,15,5,15
unit,30183,14,4,16,5,15
unit,30184,12,4,14,5,13
unit,30185,13,4,15,5,13
unit,30186,13,4,15,5,13
unit,30187,14,4,16,5,13
unit,30188,13,4,15,5,15
unit,30189,14,4,16,5,15
unit,30190,14,4,16,5,15
unit,30191,15,4,17,5,15
unit,30192,10,3,10,3,11
unit,30193,12,4,14,4,17
unit,30194,12,4,12,4,11
unit,30195,13,4,16,5,17
unit,30196,12,4,14,4,17
unit,30197,11,3,11,3,13
unit,30198,13,4,16,5,17
unit,30199,13,4,13,4,13
unit,30200,12,4,12,4,11
unit,30201,13,4,16,5,17
unit,30202,13,4,13,4,11
unit,30203,14,4,17,5,17
unit,30204,13,4,16,5,17
unit,30205,13,4,13,4,13
unit,30206,14,4,17,5,17
unit,30207,14,4,14,4,13
unit,30208,6,2,6,2,9
unit,30209,8,3,8,3,9
unit,30210,8,3,8,3,9
unit,30211,9,3,9,3,9
unit,30212,8,3,8,3,9
unit,30213,9,3,9,3,9
unit,30214,9,3,9,3,9
unit,30215,10,3,10,3,9
unit,30216,8,3,8,3,9
unit,30217,9,3,9,3,9
unit,30218,9,3,9,3,9
unit,30219,10,3,10,3,9
unit,30220,9,3,9,3,9
unit,30221,10,3,10,3,9
unit,30222,10,3,10,3,9
unit,30223,11,3,11,3,9
unit,30224,8,3,8,3,9
unit,30225,10,4,10,4,9
unit,30226,10,4,10,4,9
unit,30227,11,4,11,4,9
unit,30228,10,4,10,4,9
unit,30229,11,4,11,4,9
unit,30230,11,4,11,4,9
unit,30231,12,4,12,4,9
unit,30232,10,4,10,4,9
unit,30233,11,4,11,4,9
unit,30234,11,4,11,4,9
unit,30235,12,4,12,4,9
unit,30236,11,4,11,4,9
unit,30237,12,4,12,4,9
unit,30238,12,4,12,4,9
unit,30239,13,4,13,4,9
unit,30240,8,3,9,3,13
unit,30241,10,4,11,4,13
unit,30242,10,3,10,3,15
unit,30243,11,4,12,4,15
unit,30244,10,4,11,4,13
unit,30245,11,4,12,4,13
unit,30246,11,4,12,4,15
unit,30247,12,4,13,4,15
unit,30248,10,4,11,4,13
unit,30249,11,4,12,4,13
unit,30250,11,4,12,4,15
unit,30251,12,4,13,4,15
unit,30252,11,4,12,4,13
unit,30253,12,4,13,4,13
unit,30254,12,4,13,4,15
unit,30255,13,4,14,4,15
unit,30256,9,3,11,4,13
unit,30257,11,4,13,5,13
unit,30258,11,4,12,4,15
unit,30259,12,4,14,5,15
unit,30260,11,4,13,5,13
unit,30261,12,4,14,5,13
unit,30262,12,4,14,5,15
unit,30263,13,4,15,5,15
unit,30264,11,4,13,5,13
unit,30265,12,4,14,5,13
unit,30266,12,4,14,5,15
unit,30267,13,4,15,5,15
unit,30268,12,4,14,5,13
unit,30269,13,4,15,5,13
unit,30270,13,4,15,5,15
unit,30271,14,4,16,5,15
unit,30272,8,3,9,3,13
unit,30273,10,4,11,4,13
unit,30274,10,4,11,4,13
unit,30275,11,4,12,4,13
unit,30276,10,3,10,3,15
unit,30277,11,4,12,4,15
unit,30278,11,4,12,4,15
unit,30279,12,4,13,4,15
unit,30280,10,4,11,4,13
unit,30281,11,4,12,4,13
unit,30282,11,4,12,4,13
unit,30283,12,4,13,4,13
unit,30284,11,4,12,4,15
unit,30285,12,4,13,4,15
unit,30286,12,4,13,4,15
unit,30287,13,4,14,4,15
unit,30288,9,3,11,4,13
unit,30289,11,4,13,5,13
unit,30290,11,4,13,5,13
unit,30291,12,4,14,5,13
unit,30292,11,4,12,4,15
unit,30293,12,4,14,5,15
unit,30294,12,4,14,5,15
unit,30295,13,4,15,5,15
unit,30296,11,4,13,5,13
unit,30297,12,4,14,5,13
unit,30298,12,4,14,5,13
unit,30299,13,4,15,5,13
unit,30300,12,4,14,5,15
unit,30301,13,4,15,5,15
unit,30302,13,4,15,5,15
unit,30303,14,4,16,5,15
unit,30304,7,2,7,2,11
unit,30305,9,3,9,3,11
unit,30306,9,3,11,3,17
unit,30307,10,3,13,4,17
unit,30308,9,3,11,3,17
unit,30309,10,3,13,4,17
unit,30310,8,2,8,2,13
unit,30311,10,3,10,3,13
unit,30312,9,3,9,3,11
unit,30313,10,3,10,3,11
unit,30314,10,3,13,4,17
unit,30315,11,3,14,4,17
unit,30316,10,3,13,4,17
unit,30317,11,3,14,4,17
unit,30318,10,3,10,3,13
unit,30319,11,3,11,3,13
unit,30320,9,3,9,3,11
unit,30321,11,4,11,4,11
unit,30322,11,4,13,4,17
unit,30323,12,4,15,5,17
unit,30324,11,4,13,4,17
unit,30325,12,4,15,5,17
unit,30326,10,3,10,3,13
unit,30327,12,4,12,4,13
unit,30328,11,4,11,4,11
unit,30329,12,4,12,4,11
unit,30330,12,4,15,5,17
unit,30331,13,4,16,5,17
unit,30332,12,4,15,5,17
unit,30333,13,4,16,5,17
unit,30334,12,4,12,4,13
unit,30335,13,4,13,4,13
unit,30336,8,3,8,3,9
unit,30337,10,4,10,4,9
unit,30338,10,4,10,4,9
unit,30339,11,4,11,4,9
unit,30340,10,4,10,4,9
unit,30341,11,4,11,4,9
unit,30342,11,4,11,4,9
unit,30343,12,4,12,4,9
unit,30344,10,4,10,4,9
unit,30345,11,4,11,4,9
unit,30346,11,4,11,4,9
unit,30347,12,4,12,4,9
unit,30348,11,4,11,4,9
unit,30349,12,4,12,4,9
unit,30350,12,4,12,4,9
unit,30351,13,4,13,4,9
unit,30352,9,3,9,3,9
unit,30353,11,4,11,4,9
unit,30354,11,4,11,4,9
unit,30355,12,4,12,4,9
unit,30356,11,4,11,4,9
unit,30357,12,4,12,4,9
unit,30358,12,4,12,4,9
unit,30359,13,4,13,4,9
unit,30360,11,4,11,4,9
unit,30361,12,4,12,4,9
unit,30362,12,4,12,4,9
unit,30363,13,4,13,4,9
unit,30364,12,4,12,4,9
unit,30365,13,4,13,4,9
unit,30366,13,4,13,4,9
unit,30367,14,4,14,4,9
unit,30368,9,3,11,4,13
unit,30369,11,4,13,5,13
unit,30370,11,4,12,4,15
unit,30371,12,4,14,5,15
unit,30372,11,4,13,5,13
unit,30373,12,4,14,5,13
unit,30374,12,4,14,5,15
unit,30375,13,4,15,5,15
unit,30376,11,4,13,5,13
unit,30377,12,4,14,5,13
unit,30378,12,4,14,5,15
unit,30379,13,4,15,5,15
unit,30380,12,4,14,5,13
unit,30381,13,4,15,5,13
unit,30382,13,4,15,5,15
unit,30383,14,4,16,5,15
unit,30384,10,3,12,4,13
unit,30385,12,4,14,5,13
unit,30386,12,4,13,4,15
unit,30387,13,4,15,5,15
unit,30388,12,4,14,5,13
unit,30389,13,4,15,5,13
unit,30390,13,4,15,5,15
unit,30391,14,4,16,5,15
unit,30392,12,4,14,5,13
unit,30393,13,4,15,5,13
unit,30394,13,4,15,5,15
unit,30395,14,4,16,5,15
unit,30396,13,4,15,5,13
unit,30397,14,4,16,5,13
unit,30398,14,4,16,5,15
unit,30399,15,4,17,5,15
unit,30400,9,3,11,4,13
unit,30401,11,4,13,5,13
unit,30402,11,4,13,5,13
unit,30403,12,4,14,5,13
unit,30404,11,4,12,4,15
unit,30405,12,4,14,5,15
unit,30406,12,4,14,5,15
unit,30407,13,4,15,5,15
unit,30408,11,4,13,5,13
unit,30409,12,4,14,5,13
unit,30410,12,4,14,5,13
unit,30411,13,4,15,5,13
unit,30412,12,4,14,5,15
unit,30413,13,4,15,5,15
unit,30414,13,4,15,5,15
unit,30415,14,4,16,5,15
unit,30416,10,3,12,4,13
unit,30417,12,4,14,5,13
unit,30418,12,4,14,5,13
unit,30419,13,4,15,5,13
unit,30420,12,4,13,4,15
unit,30421,13,4,15,5,15
unit,30422,13,4,15,5,15
unit,30423,14,4,16,5,15
unit,30424,12,4,14,5,13
unit,30425,13,4,15,5,13
unit,30426,13,4,15,5,13
unit,30427,14,4,16,5,13
unit,30428,13,4,15,5,15
unit,30429,14,4,16,5,15
unit,30430,14,4,16,5,15
unit,30431,15,4,17,5,15
unit,30432,9,3,9,3,11
unit,30433,11,4,11,4,11
unit,30434,11,4,13,4,17
unit,30435,12,4,15,5,17
unit,30436,11,4,13,4,17
unit,30437,12,4,15,5,17
unit,30438,10,3,10,3,13
unit,30439,12,4,12,4,13
unit,30440,11,4,11,4,11
unit,30441,12,4,12,4,11
unit,30442,12,4,15,5,17
unit,30443,13,4,16,5,17
unit,30444,12,4,15,5,17
unit,30445,13,4,16,5,17
unit,30446,12,4,12,4,13
unit,30447,13,4,13,4,13
unit,30448,10,3,10,3,11
unit,30449,12,4,12,4,11
unit,30450,12,4,14,4,17
unit,30451,13,4,16,5,17
unit,30452,12,4,14,4,17
unit,30453,13,4,16,5,17
unit,30454,11,3,11,3,13
unit,30455,13,4,13,4,13
unit,30456,12,4,12,4,11
unit,30457,13,4,13,4,11
unit,30458,13,4,16,5,17
unit,30459,14,4,17,5,17
unit,30460,13,4,16,5,17
unit,30461,14,4,17,5,17
unit,30462,13,4,13,4,13
unit,30463,14,4,14,4,13
unit,30464,5,1,5,1,9
unit,30465,7,2,7,2,9
unit,30466,7,2,7,2,9
unit,30467,8,2,8,2,9
unit,30468,7,2,7,2,9
unit,30469,8,2,8,2,9
unit,30470,8,2,8,2,9
unit,30471,9,2,9,2,9
unit,30472,7,2,7,2,9
unit,30473,8,2,8,2,9
unit,30474,8,2,8,2,9
unit,30475,9,2,9,2,9
unit,30476,8,2,8,2,9
unit,30477,9,2,9,2,9
unit,30478,9,2,9,2,9
unit,30479,10,2,10,2,9
unit,30480,7,2,8,2,13
unit,30481,9,2,9,2,15
unit,30482,9,3,10,3,13
unit,30483,10,3,11,3,15
unit,30484,9,3,10,3,13
unit,30485,10,3,11,3,15
unit,30486,10,3,11,3,13
unit,30487,11,3,12,3,15
unit,30488,9,3,10,3,13
unit,30489,10,3,11,3,15
unit,30490,10,3,11,3,13
unit,30491,11,3,12,3,15
unit,30492,10,3,11,3,13
unit,30493,11,3,12,3,15
unit,30494,11,3,12,3,13
unit,30495,12,3,13,3,15
unit,30496,7,2,8,2,13
unit,30497,9,3,10,3,13
unit,30498,9,2,9,2,15
unit,30499,10,3,11,3,15
unit,30500,9,3,10,3,13
unit,30501,10,3,11,3,13
unit,30502,10,3,11,3,15
unit,30503,11,3,12,3,15
unit,30504,9,3,10,3,13
unit,30505,10,3,11,3,13
unit,30506,10,3,11,3,15
unit,30507,11,3,12,3,15
unit,30508,10,3,11,3,13
unit,30509,11,3,12,3,13
unit,30510,11,3,12,3,15
unit,30511,12,3,13,3,15
unit,30512,8,2,8,2,13
unit,30513,10,3,12,3,19
unit,30514,10,3,12,3,19
unit,30515,9,2,9,2,15
unit,30516,10,3,10,3,13
unit,30517,11,3,14,4,19
unit,30518,11,3,14,4,19
unit,30519,11,3,11,3,15
unit,30520,10,3,10,3,13
unit,30521,11,3,14,4,19
unit,30522,11,3,14,4,19
unit,30523,11,3,11,3,15
unit,30524,11,3,11,3,13
unit,30525,12,3,15,4,19
unit,30526,12,3,15,4,19
unit,30527,12,3,12,3,15
unit,30528,7,2,8,2,13
unit,30529,9,3,10,3,13
unit,30530,9,3,10,3,13
unit,30531,10,3,11,3,13
unit,30532,9,2,9,2,15
unit,30533,10,3,11,3,15
unit,30534,10,3,11,3,15
unit,30535,11,3,12,3,15
unit,30536,9,3,10,3,13
unit,30537,10,3,11,3,13
unit,30538,10,3,11,3,13
unit,30539,11,3,12,3,13
unit,30540,10,3,11,3,15
unit,30541,11,3,12,3,15
unit,30542,11,3,12,3,15
unit,30543,12,3,13,3,15
unit,30544,8,2,8,2,13
unit,30545,10,3,12,3,19
unit,30546,10,3,10,3,13
unit,30547,11,3,14,4,19
unit,30548,10,3,12,3,19
unit,30549,9,2,9,2,15
unit,30550,11,3,14,4,19
unit,30551,11,3,11,3,15
unit,30552,10,3,10,3,13
unit,30553,11,3,14,4,19
unit,30554,11,3,11,3,13
unit,30555,12,3,15,4,19
unit,30556,11,3,14,4,19
unit,30557,11,3,11,3,15
unit,30558,12,3,15,4,19
unit,30559,12,3,12,3,15
unit,30560,8,2,8,2,13
unit,30561,10,3,10,3,13
unit,30562,10,3,12,3,19
unit,30563,11,3,14,4,19
unit,30564,10,3,12,3,19
unit,30565,11,3,14,4,19
unit,30566,9,2,9,2,15
unit,30567,11,3,11,3,15
unit,30568,10,3,10,3,13
unit,30569,11,3,11,3,13
unit,30570,11,3,14,4,19
unit,30571,12,3,15,4,19
unit,30572,11,3,14,4,19
unit,30573,12,3,15,4,19
unit,30574,11,3,11,3,15
unit,30575,12,3,12,3,15
unit,30576,6,1,6,1,11
unit,30577,8,2,10,2,17
unit,30578,8,2,10,2,17
unit,30579,9,2,10,2,17
unit,30580,8,2,10,2,17
unit,30581,9,2,10,2,17
unit,30582,9,2,10,2,17
unit,30583,7,1,7,1,13
unit,30584,8,2,8,2,11
unit,30585,9,2,12,3,17
unit,30586,9,2,12,3,17
unit,30587,10,2,12,3,17
unit,30588,9,2,12,3,17
unit,30589,10,2,12,3,17
unit,30590,10,2,12,3,17
unit,30591,9,2,9,2,13
unit,30592,7,2,7,2,9
unit,30593,9,3,9,3,9
unit,30594,9,3,9,3,9
unit,30595,10,3,10,3,9
unit,30596,9,3,9,3,9
unit,30597,10,3,10,3,9
unit,30598,10,3,10,3,9
unit,30599,11,3,11,3,9
unit,30600,9,3,9,3,9
unit,30601,10,3,10,3,9
unit,30602,10,3,10,3,9
unit,30603,11,3,11,3,9
unit,30604,10,3,10,3,9
unit,30605,11,3,11,3,9
unit,30606,11,3,11,3,9
unit,30607,12,3,12,3,9
unit,30608,8,2,10,3,13
unit,30609,10,3,11,3,15
unit,30610,10,3,12,4,13
unit,30611,11,3,13,4,15
unit,30612,10,3,12,4,13
unit,30613,11,3,13,4,15
unit,30614,11,3,13,4,13
unit,30615,12,3,14,4,15
unit,30616,10,3,12,4,13
unit,30617,11,3,13,4,15
unit,30618,11,3,13,4,13
unit,30619,12,3,14,4,15
unit,30620,11,3,13,4,13
unit,30621,12,3,14,4,15
unit,30622,12,3,14,4,13
unit,30623,13,3,15,4,15
unit,30624,8,2,10,3,13
unit,30625,10,3,12,4,13
unit,30626,10,3,11,3,15
unit,30627,11,3,13,4,15
unit,30628,10,3,12,4,13
unit,30629,11,3,13,4,13
unit,30630,11,3,13,4,15
unit,30631,12,3,14,4,15
unit,30632,10,3,12,4,13
unit,30633,11,3,13,4,13
unit,30634,11,3,13,4,15
unit,30635,12,3,14,4,15
unit,30636,11,3,13,4,13
unit,30637,12,3,14,4,13
unit,30638,12,3,14,4,15
unit,30639,13,3,15,4,15
unit,30640,9,2,10,3,13
unit,30641,11,3,14,4,19
unit,30642,11,3,14,4,19
unit,30643,11,3,11,3,15
unit,30644,11,3,12,4,13
unit,30645,12,3,16,5,19
unit,30646,12,3,16,5,19
unit,30647,13,3,13,4,15
unit,30648,11,3,12,4,13
unit,30649,12,3,16,5,19
unit,30650,12,3,16,5,19
unit,30651,13,3,13,4,15
unit,30652,12,3,13,4,13
unit,30653,13,3,17,5,19
unit,30654,13,3,17,5,19
unit,30655,14,3,14,4,15
unit,30656,8,2,10,3,13
unit,30657,10,3,12,4,13
unit,30658,10,3,12,4,13
unit,30659,11,3,13,4,13
unit,30660,10,3,11,3,15
unit,30661,11,3,13,4,15
unit,30662,11,3,13,4,15
unit,30663,12,3,14,4,15
unit,30664,10,3,12,4,13
unit,30665,11,3,13,4,13
unit,30666,11,3,13,4,13
unit,30667,12,3,14,4,13
unit,30668,11,3,13,4,15
unit,30669,12,3,14,4,15
unit,30670,12,3,14,4,15
unit,30671,13,3,15,4,15
unit,30672,9,2,10,3,13
unit,30673,11,3,14,4,19
unit,30674,11,3,12,4,13
unit,30675,12,3,16,5,19
unit,30676,11,3,14,4,19
unit,30677,11,3,11,3,15
unit,30678,12,3,16,5,19
unit,30679,13,3,13,4,15
unit,30680,11,3,12,4,13
unit,30681,12,3,16,5,19
unit,30682,12,3,13,4,13
unit,30683,13,3,17,5,19
unit,30684,12,3,16,5,19
unit,30685,13,3,13,4,15
unit,30686,13,3,17,5,19
unit,30687,14,3,14,4,15
unit,30688,9,2,10,3,13
unit,30689,11,3,12,4,13
unit,30690,11,3,14,4,19
unit,30691,12,3,16,5,19
unit,30692,11,3,14,4,19
unit,30693,12,3,16,5,19
unit,30694,11,3,11,3,15
unit,30695,13,3,13,4,15
unit,30696,11,3,12,4,13
unit,30697,12,3,13,4,13
unit,30698,12,3,16,5,19
unit,30699,13,3,17,5,19
unit,30700,12,3,16,5,19
unit,30701,13,3,17,5,19
unit,30702,13,3,13,4,15
unit,30703,14,3,14,4,15
unit,30704,8,2,8,2,11
unit,30705,10,3,12,3,17
unit,30706,10,3,12,3,17
unit,30707,11,3,12,3,17
unit,30708,10,3,12,3,17
unit,30709,11,3,12,3,17
unit,30710,11,3,12,3,17
unit,30711,9,2,9,2,13
unit,30712,10,3,10,3,11
unit,30713,11,3,14,4,17
unit,30714,11,3,14,4,17
unit,30715,12,3,14,4,17
unit,30716,11,3,14,4,17
unit,30717,12,3,14,4,17
unit,30718,12,3,14,4,17
unit,30719,11,3,11,3,13
unit,30720,6,2,6,2,7
unit,30721,8,3,8,3,7
unit,30722,8,3,8,3,7
unit,30723,9,3,9,3,7
unit,30724,8,3,8,3,7
unit,30725,9,3,9,3,7
unit,30726,9,3,9,3,7
unit,30727,10,3,10,3,7
unit,30728,8,3,8,3,7
unit,30729,9,3,9,3,7
unit,30730,9,3,9,3,7
unit,30731,10,3,10,3,7
unit,30732,9,3,9,3,7
unit,30733,10,3,10,3,7
unit,30734,10,3,10,3,7
unit,30735,11,3,11,3,7
unit,30736,8,3,8,3,7
unit,30737,10,4,10,4,7
unit,30738,10,4,10,4,7
unit,30739,11,4,11,4,7
unit,30740,10,4,10,4,7
unit,30741,11,4,11,4,7
unit,30742,11,4,11,4,7
unit,30743,12,4,12,4,7
unit,30744,10,4,10,4,7
unit,30745,11,4,11,4,7
unit,30746,11,4,11,4,7
unit,30747,12,4,12,4,7
unit,30748,11,4,11,4,7
unit,30749,12,4,12,4,7
unit,30750,12,4,12,4,7
unit,30751,13,4,13,4,7
unit,30752,8,3,8,3,7
unit,30753,10,4,10,4,7
unit,30754,10,4,10,4,7
unit,30755,11,4,11,4,7
unit,30756,10,4,10,4,7
unit,30757,11,4,11,4,7
unit,30758,11,4,11,4,7
unit,30759,12,4,12,4,7
unit,30760,10,4,10,4,7
unit,30761,11,4,11,4,7
unit,30762,11,4,11,4,7
unit,30763,12,4,12,4,7
unit,30764,11,4,11,4,7
unit,30765,12,4,12,4,7
unit,30766,12,4,12,4,7
unit,30767,13,4,13,4,7
unit,30768,9,3,9,3,7
unit,30769,11,4,11,4,7
unit,30770,11,4,11,4,7
unit,30771,12,4,12,4,7
unit,30772,11,4,11,4,7
unit,30773,12,4,12,4,7
unit,30774,12,4,12,4,7
unit,30775,13,4,13,4,7
unit,30776,11,4,11,4,7
unit,30777,12,4,12,4,7
unit,30778,12,4,12,4,7
unit,30779,13,4,13,4,7
unit,30780,12,4,12,4,7
unit,30781,13,4,13,4,7
unit,30782,13,4,13,4,7
unit,30783,14,4,14,4,7
unit,30784,8,3,8,3,7
unit,30785,10,4,10,4,7
unit,30786,10,4,10,4,7
unit,30787,11,4,11,4,7
unit,30788,10,4,10,4,7
unit,30789,11,4,11,4,7
unit,30790,11,4,11,4,7
unit,30791,12,4,12,4,7
unit,30792,10,4,10,4,7
unit,30793,11,4,11,4,7
unit,30794,11,4,11,4,7
unit,30795,12,4,12,4,7
unit,30796,11,4,11,4,7
unit,30797,12,4,12,4,7
unit,30798,12,4,12,4,7
unit,30799,13,4,13,4,7
unit,30800,9,3,9,3,7
unit,30801,11,4,11,4,7
unit,30802,11,4,11,4,7
unit,30803,12,4,12,4,7
unit,30804,11,4,11,4,7
unit,30805,12,4,12,4,7
unit,30806,12,4,12,4,7
unit,30807,13,4,13,4,7
unit,30808,11,4,11,4,7
unit,30809,12,4,12,4,7
unit,30810,12,4,12,4,7
unit,30811,13,4,13,4,7
unit,30812,12,4,12,4,7
unit,30813,13,4,13,4,7
unit,30814,13,4,13,4,7
unit,30815,14,4,14,4,7
unit,30816,9,3,9,3,7
unit,30817,11,4,11,4,7
unit,30818,11,4,11,4,7
unit,30819,12,4,12,4,7
unit,30820,11,4,11,4,7
unit,30821,12,4,12,4,7
unit,30822,12,4,12,4,7
unit,30823,13,4,13,4,7
unit,30824,11,4,11,4,7
unit,30825,12,4,12,4,7
unit,30826,12,4,12,4,7
unit,30827,13,4,13,4,7
unit,30828,12,4,12,4,7
unit,30829,13,4,13,4,7
unit,30830,13,4,13,4,7
unit,30831,14,4,14,4,7
unit,30832,10,3,10,3,7
unit,30833,12,4,12,4,7
unit,30834,12,4,12,4,7
unit,30835,13,4,13,4,7
unit,30836,12,4,12,4,7
unit,30837,13,4,13,4,7
unit,30838,13,4,13,4,7
unit,30839,14,4,14,4,7
unit,30840,12,4,12,4,7
unit,30841,13,4,13,4,7
unit,30842,13,4,13,4,7
unit,30843,14,4,14,4,7
unit,30844,13,4,13,4,7
unit,30845,14,4,14,4,7
unit,30846,14,4,14,4,7
unit,30847,15,4,15,4,7
unit,30848,8,3,8,3,7
unit,30849,10,4,10,4,7
unit,30850,10,4,10,4,7
unit,30851,11,4,11,4,7
unit,30852,10,4,10,4,7
unit,30853,11,4,11,4,7
unit,30854,11,4,11,4,7
unit,30855,12,4,12,4,7
unit,30856,10,4,10,4,7
unit,30857,11,4,11,4,7
unit,30858,11,4,11,4,7
unit,30859,12,4,12,4,7
unit,30860,11,4,11,4,7
unit,30861,12,4,12,4,7
unit,30862,12,4,12,4,7
unit,30863,13,4,13,4,7
unit,30864,9,3,9,3,7
unit,30865,11,4,11,4,7
unit,30866,11,4,11,4,7
unit,30867,12,4,12,4,7
unit,30868,11,4,11,4,7
unit,30869,12,4,12,4,7
unit,30870,12,4,12,4,7
unit,30871,13,4,13,4,7
unit,30872,11,4,11,4,7
unit,30873,12,4,12,4,7
unit,30874,12,4,12,4,7
unit,30875,13,4,13,4,7
unit,30876,12,4,12,4,7
unit,30877,13,4,13,4,7
unit,30878,13,4,13,4,7
unit,30879,14,4,14,4,7
unit,30880,9,3,9,3,7
unit,30881,11,4,11,4,7
unit,30882,11,4,11,4,7
unit,30883,12,4,12,4,7
unit,30884,11,4,11,4,7
unit,30885,12,4,12,4,7
unit,30886,12,4,12,4,7
unit,30887,13,4,13,4,7
unit,30888,11,4,11,4,7
unit,30889,12,4,12,4,7
unit,30890,12,4,12,4,7
unit,30891,13,4,13,4,7
unit,30892,12,4,12,4,7
unit,30893,13,4,13,4,7
unit,30894,13,4,13,4,7
unit,30895,14,4,14,4,7
unit,30896,10,3,10,3,7
unit,30897,12,4,12,4,7
unit,30898,12,4,12,4,7
unit,30899,13,4,13,4,7
unit,30900,12,4,12,4,7
unit,30901,13,4,13,4,7
unit,30902,13,4,13,4,7
unit,30903,14,4,14,4,7
unit,30904,12,4,12,4,7
unit,30905,13,4,13,4,7
unit,30906,13,4,13,4,7
unit,30907,14,4,14,4,7
unit,30908,13,4,13,4,7
unit,30909,14,4,14,4,7
unit,30910,14,4,14,4,7
unit,30911,15,4,15,4,7
unit,30912,9,3,9,3,7
unit,30913,11,4,11,4,7
unit,30914,11,4,11,4,7
unit,30915,12,4,12,4,7
unit,30916,11,4,11,4,7
unit,30917,12,4,12,4,7
unit,30918,12,4,12,4,7
unit,30919,13,4,13,4,7
unit,30920,11,4,11,4,7
unit,30921,12,4,12,4,7
unit,30922,12,4,12,4,7
unit,30923,13,4,13,4,7
unit,30924,12,4,12,4,7
unit,30925,13,4,13,4,7
unit,30926,13,4,13,4,7
unit,30927,14,4,14,4,7
unit,30928,10,3,10,3,7
unit,30929,12,4,12,4,7
unit,30930,12,4,12,4,7
unit,30931,13,4,13,4,7
unit,30932,12,4,12,4,7
unit,30933,13,4,13,4,7
unit,30934,13,4,13,4,7
unit,30935,14,4,14,4,7
unit,30936,12,4,12,4,7
unit,30937,13,4,13,4,7
unit,30938,13,4,13,4,7
unit,30939,14,4,14,4,7
unit,30940,13,4,13,4,7
unit,30941,14,4,14,4,7
unit,30942,14,4,14,4,7
unit,30943,15,4,15,4,7
unit,30944,10,3,10,3,7
unit,30945,12,4,12,4,7
unit,30946,12,4,12,4,7
unit,30947,13,4,13,4,7
unit,30948,12,4,12,4,7
unit,30949,13,4,13,4,7
unit,30950,13,4,13,4,7
unit,30951,14,4,14,4,7
unit,30952,12,4,12,4,7
unit,30953,13,4,13,4,7
unit,30954,13,4,13,4,7
unit,30955,14,4,14,4,7
unit,30956,13,4,13,4,7
unit,30957,14,4,14,4,7
unit,30958,14,4,14,4,7
unit,30959,15,4,15,4,7
unit,30960,11,3,11,3,7
unit,30961,13,4,13,4,7
unit,30962,13,4,13,4,7
unit,30963,14,4,14,4,7
unit,30964,13,4,13,4,7
unit,30965,14,4,14,4,7
unit,30966,14,4,14,4,7
unit,30967,15,4,15,4,7
unit,30968,13,4,13,4,7
unit,30969,14,4,14,4,7
unit,30970,14,4,14,4,7
unit,30971,15,4,15,4,7
unit,30972,14,4,14,4,7
unit,30973,15,4,15,4,7
unit,30974,15,4,15,4,7
unit,30975,16,4,16,4,7
unit,30976,7,2,8,3,9
unit,30977,9,3,10,4,9
unit,30978,9,3,10,4,9
unit,30979,10,3,11,4,9
unit,30980,9,3,10,4,9
unit,30981,10,3,11,4,9
unit,30982,10,3,11,4,9
unit,30983,11,3,12,4,9
unit,30984,9,3,10,4,9
unit,30985,10,3,11,4,9
unit,30986,10,3,11,4,9
unit,30987,11,3,12,4,9
unit,30988,10,3,11,4,9
unit,30989,11,3,12,4,9
unit,30990,11,3,12,4,9
unit,30991,12,3,13,4,9
unit,30992,9,3,9,3,11
unit,30993,10,3,10,3,13
unit,30994,11,4,11,4,11
unit,30995,12,4,12,4,13
unit,30996,11,4,11,4,11
unit,30997,12,4,12,4,13
unit,30998,12,4,12,4,11
unit,30999,13,4,13,4,13
unit,31000,11,4,11,4,11
unit,31001,12,4,12,4,13
unit,31002,12,4,12,4,11
unit,31003,13,4,13,4,13
unit,31004,12,4,12,4,11
unit,31005,13,4,13,4,13
unit,31006,13,4,13,4,11
unit,31007,14,4,14,4,13
unit,31008,9,3,10,4,9
unit,31009,11,4,12,5,9
unit,31010,11,4,12,5,9
unit,31011,12,4,13,5,9
unit,31012,11,4,12,5,9
unit,31013,12,4,13,5,9
unit,31014,12,4,13,5,9
unit,31015,13,4,14,5,9
unit,31016,11,4,12,5,9
unit,31017,12,4,13,5,9
unit,31018,12,4,13,5,9
unit,31019,13,4,14,5,9
unit,31020,12,4,13,5,9
unit,31021,13,4,14,5,9
unit,31022,13,4,14,5,9
unit,31023,14,4,15,5,9
unit,31024,10,3,11,4,11
unit,31025,12,4,12,4,13
unit,31026,12,4,13,5,11
unit,31027,13,4,14,5,13
unit,31028,12,4,13,5,11
unit,31029,13,4,14,5,13
unit,31030,13,4,14,5,11
unit,31031,14,4,15,5,13
unit,31032,12,4,13,5,11
unit,31033,13,4,14,5,13
unit,31034,13,4,14,5,11
unit,31035,14,4,15,5,13
unit,31036,13,4,14,5,11
unit,31037,14,4,15,5,13
unit,31038,14,4,15,5,11
unit,31039,15,4,16,5,13
unit,31040,9,3,10,4,9
unit,31041,11,4,12,5,9
unit,31042,11,4,12,5,9
unit,31043,12,4,13,5,9
unit,31044,11,4,12,5,9
unit,31045,12,4,13,5,9
unit,31046,12,4,13,5,9
unit,31047,13,4,14,5,9
unit,31048,11,4,12,5,9
unit,31049,12,4,13,5,9
unit,31050,12,4,13,5,9
unit,31051,13,4,14,5,9
unit,31052,12,4,13,5,9
unit,31053,13,4,14,5,9
unit,31054,13,4,14,5,9
unit,31055,14,4,15,5,9
unit,31056,10,3,11,4,11
unit,31057,12,4,12,4,13
unit,31058,12,4,13,5,11
unit,31059,13,4,14,5,13
unit,31060,12,4,13,5,11
unit,31061,13,4,14,5,13
unit,31062,13,4,14,5,11
unit,31063,14,4,15,5,13
unit,31064,12,4,13,5,11
unit,31065,13,4,14,5,13
unit,31066,13,4,14,5,11
unit,31067,14,4,15,5,13
unit,31068,13,4,14,5,11
unit,31069,14,4,15,5,13
unit,31070,14,4,15,5,11
unit,31071,15,4,16,5,13
unit,31072,10,3,11,4,9
unit,31073,12,4,13,5,9
unit,31074,12,4,13,5,9
unit,31075,13,4,14,5,9
unit,31076,12,4,13,5,9
unit,31077,13,4,14,5,9
unit,31078,13,4,14,5,9
unit,31079,14,4,15,5,9
unit,31080,12,4,13,5,9
unit,31081,13,4,14,5,9
unit,31082,13,4,14,5,9
unit,31083,14,4,15,5,9
unit,31084,13,4,14,5,9
unit,31085,14,4,15,5,9
unit,31086,14,4,15,5,9
unit,31087,15,4,16,5,9
unit,31088,11,3,12,4,11
unit,31089,13,4,13,4,13
unit,31090,13,4,14,5,11
unit,31091,14,4,15,5,13
unit,31092,13,4,14,5,11
unit,31093,14,4,15,5,13
unit,31094,14,4,15,5,11
unit,31095,15,4,16,5,13
unit,31096,13,4,14,5,11
unit,31097,14,4,15,5,13
unit,31098,14,4,15,5,11
unit,31099,15,4,16,5,13
unit,31100,14,4,15,5,11
unit,31101,15,4,16,5,13
unit,31102,15,4,16,5,11
unit,31103,16,4,17,5,13
unit,31104,9,3,10,4,9
unit,31105,11,4,12,5,9
unit,31106,11,4,12,5,9
unit,31107,12,4,13,5,9
unit,31108,11,4,12,5,9
unit,31109,12,4,13,5,9
unit,31110,12,4,13,5,9
unit,31111,13,4,14,5,9
unit,31112,11,4,12,5,9
unit,31113,12,4,13,5,9
unit,31114,12,4,13,5,9
unit,31115,13,4,14,5,9
unit,31116,12,4,13,5,9
unit,31117,13,4,14,5,9
unit,31118,13,4,14,5,9
unit,31119,14,4,15,5,9
unit,31120,10,3,11,4,11
unit,31121,12,4,12,4,13
unit,31122,12,4,13,5,11
unit,31123,13,4,14,5,13
unit,31124,12,4,13,5,11
unit,31125,13,4,14,5,13
unit,31126,13,4,14,5,11
unit,31127,14,4,15,5,13
unit,31128,12,4,13,5,11
unit,31129,13,4,14,5,13
unit,31130,13,4,14,5,11
unit,31131,14,4,15,5,13
unit,31132,13,4,14,5,11
unit,31133,14,4,15,5,13
unit,31134,14,4,15,5,11
unit,31135,15,4,16,5,13
unit,31136,10,3,11,4,9
unit,31137,12,4,13,5,9
unit,31138,12,4,13,5,9
unit,31139,13,4,14,5,9
unit,31140,12,4,13,5,9
unit,31141,13,4,14,5,9
unit,31142,13,4,14,5,9
unit,31143,14,4,15,5,9
unit,31144,12,4,13,5,9
unit,31145,13,4,14,5,9
unit,31146,13,4,14,5,9
unit,31147,14,4,15,5,9
unit,31148,13,4,14,5,9
unit,31149,14,4,15,5,9
unit,31150,14,4,15,5,9
unit,31151,15,4,16,5,9
unit,31152,11,3,12,4,11
unit,31153,13,4,13,4,13
unit,31154,13,4,14,5,11
unit,31155,14,4,15,5,13
unit,31156,13,4,14,5,11
unit,31157,14,4,15,5,13
unit,31158,14,4,15,5,11
unit,31159,15,4,16,5,13
unit,31160,13,4,14,5,11
unit,31161,14,4,15,5,13
unit,31162,14,4,15,5,11
unit,31163,15,4,16,5,13
unit,31164,14,4,15,5,11
unit,31165,15,4,16,5,13
unit,31166,15,4,16,5,11
unit,31167,16,4,17,5,13
unit,31168,10,3,11,4,9
unit,31169,12,4,13,5,9
unit,31170,12,4,13,5,9
unit,31171,13,4,14,5,9
unit,31172,12,4,13,5,9
unit,31173,13,4,14,5,9
unit,31174,13,4,14,5,9
unit,31175,14,4,15,5,9
unit,31176,12,4,13,5,9
unit,31177,13,4,14,5,9
unit,31178,13,4,14,5,9
unit,31179,14,4,15,5,9
unit,31180,13,4,14,5,9
unit,31181,14,4,15,5,9
unit,31182,14,4,15,5,9
unit,31183,15,4,16,5,9
unit,31184,11,3,12,4,11
unit,31185,13,4,13,4,13
unit,31186,13,4,14,5,11
unit,31187,14,4,15,5,13
unit,31188,13,4,14,5,11
unit,31189,14,4,15,5,13
unit,31190,14,4,15,5,11
unit,31191,15,4,16,5,13
unit,31192,13,4,14,5,11
unit,31193,14,4,15,5,13
unit,31194,14,4,15,5,11
unit,31195,15,4,16,5,13
unit,31196,14,4,15,5,11
unit,31197,15,4,16,5,13
unit,31198,15,4,16,5,11
unit,31199,16,4,17,5,13
unit,31200,11,3,12,4,9
unit,31201,13,4,14,5,9
unit,31202,13,4,14,5,9
unit,31203,14,4,15,5,9
unit,31204,13,4,14,5,9
unit,31205,14,4,15,5,9
unit,31206,14,4,15,5,9
unit,31207,15,4,16,5,9
unit,31208,13,4,14,5,9
unit,31209,14,4,15,5,9
unit,31210,14,4,15,5,9
unit,31211,15,4,16,5,9
unit,31212,14,4,15,5,9
unit,31213,15,4,16,5,9
unit,31214,15,4,16,5,9
unit,31215,16,4,17,5,9
unit,31216,12,3,13,4,11
unit,31217,14,4,14,4,13
unit,31218,14,4,15,5,11
unit,31219,15,4,16,5,13
unit,31220,14,4,15,5,11
unit,31221,15,4,16,5,13
unit,31222,15,4,16,5,11
unit,31223,16,4,17,5,13
unit,31224,14,4,15,5,11
unit,31225,15,4,16,5,13
unit,31226,15,4,16,5,11
unit,31227,16,4,17,5,13
unit,31228,15,4,16,5,11
unit,31229,16,4,17,5,13
unit,31230,16,4,17,5,11
unit,31231,17,4,18,5,13
unit,31232,7,2,8,3,9
unit,31233,9,3,10,4,9
unit,31234,9,3,10,4,9
unit,31235,10,3,11,4,9
unit,31236,9,3,10,4,9
unit,31237,10,3,11,4,9
unit,31238,10,3,11,4,9
unit,31239,11,3,12,4,9
unit,31240,9,3,10,4,9
unit,31241,10,3,11,4,9
unit,31242,10,3,11,4,9
unit,31243,11,3,12,4,9
unit,31244,10,3,11,4,9
unit,31245,11,3,12,4,9
unit,31246,11,3,12,4,9
unit,31247,12,3,13,4,9
unit,31248,9,3,10,4,9
unit,31249,11,4,12,5,9
unit,31250,11,4,12,5,9
unit,31251,12,4,13,5,9
unit,31252,11,4,12,5,9
unit,31253,12,4,13,5,9
unit,31254,12,4,13,5,9
unit,31255,13,4,14,5,9
unit,31256,11,4,12,5,9
unit,31257,12,4,13,5,9
unit,31258,12,4,13,5,9
unit,31259,13,4,14,5,9
unit,31260,12,4,13,5,9
unit,31261,13,4,14,5,9
unit,31262,13,4,14,5,9
unit,31263,14,4,15,5,9
unit,31264,9,3,9,3,11
unit,31265,11,4,11,4,11
unit,31266,10,3,10,3,13
unit,31267,12,4,12,4,13
unit,31268,11,4,11,4,11
unit,31269,12,4,12,4,11
unit,31270,12,4,12,4,13
unit,31271,13,4,13,4,13
unit,31272,11,4,11,4,11
unit,31273,12,4,12,4,11
unit,31274,12,4,12,4,13
unit,31275,13,4,13,4,13
unit,31276,12,4,12,4,11
unit,31277,13,4,13,4,11
unit,31278,13,4,13,4,13
unit,31279,14,4,14,4,13
unit,31280,10,3,11,4,11
unit,31281,12,4,13,5,11
unit,31282,12,4,12,4,13
unit,31283,13,4,14,5,13
unit,31284,12,4,13,5,11
unit,31285,13,4,14,5,11
unit,31286,13,4,14,5,13
unit,31287,14,4,15,5,13
unit,31288,12,4,13,5,11
unit,31289,13,4,14,5,11
unit,31290,13,4,14,5,13
unit,31291,14,4,15,5,13
unit,31292,13,4,14,5,11
unit,31293,14,4,15,5,11
unit,31294,14,4,15,5,13
unit,31295,15,4,16,5,13
unit,31296,9,3,10,4,9
unit,31297,11,4,12,5,9
unit,31298,11,4,12,5,9
unit,31299,12,4,13,5,9
unit,31300,11,4,12,5,9
unit,31301,12,4,13,5,9
unit,31302,12,4,13,5,9
unit,31303,13,4,14,5,9
unit,31304,11,4,12,5,9
unit,31305,12,4,13,5,9
unit,31306,12,4,13,5,9
unit,31307,13,4,14,5,9
unit,31308,12,4,13,5,9
unit,31309,13,4,14,5,9
unit,31310,13,4,14,5,9
unit,31311,14,4,15,5,9
unit,31312,10,3,11,4,9
unit,31313,12,4,13,5,9
unit,31314,12,4,13,5,9
unit,31315,13,4,14,5,9
unit,31316,12,4,13,5,9
unit,31317,13,4,14,5,9
unit,31318,13,4,14,5,9
unit,31319,14,4,15,5,9
unit,31320,12,4,13,5,9
unit,31321,13,4,14,5,9
unit,31322,13,4,14,5,9
unit,31323,14,4,15,5,9
unit,31324,13,4,14,5,9
unit,31325,14,4,15,5,9
unit,31326,14,4,15,5,9
unit,31327,15,4,16,5,9
unit,31328,10,3,11,4,11
unit,31329,12,4,13,5,11
unit,31330,12,4,12,4,13
unit,31331,13,4,14,5,13
unit,31332,12,4,13,5,11
unit,31333,13,4,14,5,11
unit,31334,13,4,14,5,13
unit,31335,14,4,15,5,13
unit,31336,12,4,13,5,11
unit,31337,13,4,14,5,11
unit,31338,13,4,14,5,13
unit,31339,14,4,15,5,13
unit,31340,13,4,14,5,11
unit,31341,14,4,15,5,11
unit,31342,14,4,15,5,13
unit,31343,15,4,16,5,13
unit,31344,11,3,12,4,11
unit,31345,13,4,14,5,11
unit,31346,13,4,13,4,13
unit,31347,14,4,15,5,13
unit,31348,13,4,14,5,11
unit,31349,14,4,15,5,11
unit,31350,14,4,15,5,13
unit,31351,15,4,16,5,13
unit,31352,13,4,14,5,11
unit,31353,14,4,15,5,11
unit,31354,14,4,15,5,13
unit,31355,15,4,16,5,13
unit,31356,14,4,15,5,11
unit,31357,15,4,16,5,11
unit,31358,15,4,16,5,13
unit,31359,16,4,17,5,13
unit,31360,9,3,10,4,9
unit,31361,11,4,12,5,9
unit,31362,11,4,12,5,9
unit,31363,12,4,13,5,9
unit,31364,11,4,12,5,9
unit,31365,12,4,13,5,9
unit,31366,12,4,13,5,9
unit,31367,13,4,14,5,9
unit,31368,11,4,12,5,9
unit,31369,12,4,13,5,9
unit,31370,12,4,13,5,9
unit,31371,13,4,14,5,9
unit,31372,12,4,13,5,9
unit,31373,13,4,14,5,9
unit,31374,13,4,14,5,9
unit,31375,14,4,15,5,9
unit,31376,10,3,11,4,9
unit,31377,12,4,13,5,9
unit,31378,12,4,13,5,9
unit,31379,13,4,14,5,9
unit,31380,12,4,13,5,9
unit,31381,13,4,14,5,9
unit,31382,13,4,14,5,9
unit,31383,14,4,15,5,9
unit,31384,12,4,13,5,9
unit,31385,13,4,14,5,9
unit,31386,13,4,14,5,9
unit,31387,14,4,15,5,9
unit,31388,13,4,14,5,9
unit,31389,14,4,15,5,9
unit,31390,14,4,15,5,9
unit,31391,15,4,16,5,9
unit,31392,10,3,11,4,11
unit,31393,12,4,13,5,11
unit,31394,12,4,12,4,13
unit,31395,13,4,14,5,13
unit,31396,12,4,13,5,11
unit,31397,13,4,14,5,11
unit,31398,13,4,14,5,13
unit,31399,14,4,15,5,13
unit,31400,12,4,13,5,11
unit,31401,13,4,14,5,11
unit,31402,13,4,14,5,13
unit,31403,14,4,15,5,13
unit,31404,13,4,14,5,11
unit,31405,14,4,15,5,11
unit,31406,14,4,15,5,13
unit,31407,15,4,16,5,13
unit,31408,11,3,12,4,11
unit,31409,13,4,14,5,11
unit,31410,13,4,13,4,13
unit,31411,14,4,15,5,13
unit,31412,13,4,14,5,11
unit,31413,14,4,15,5,11
unit,31414,14,4,15,5,13
unit,31415,15,4,16,5,13
unit,31416,13,4,14,5,11
unit,31417,14,4,15,5,11
unit,31418,14,4,15,5,13
unit,31419,15,4,16,5,13
unit,31420,14,4,15,5,11
unit,31421,15,4,16,5,11
unit,31422,15,4,16,5,13
unit,31423,16,4,17,5,13
unit,31424,10,3,11,4,9
unit,31425,12,4,13,5,9
unit,31426,12,4,13,5,9
unit,31427,13,4,14,5,9
unit,31428,12,4,13,5,9
unit,31429,13,4,14,5,9
unit,31430,13,4,14,5,9
unit,31431,14,4,15,5,9
unit,31432,12,4,13,5,9
unit,31433,13,4,14,5,9
unit,31434,13,4,14,5,9
unit,31435,14,4,15,5,9
unit,31436,13,4,14,5,9
unit,31437,14,4,15,5,9
unit,31438,14,4,15,5,9
unit,31439,15,4,16,5,9
unit,31440,11,3,12,4,9
unit,31441,13,4,14,5,9
unit,31442,13,4,14,5,9
unit,31443,14,4,15,5,9
unit,31444,13,4,14,5,9
unit,31445,14,4,15,5,9
unit,31446,14,4,15,5,9
unit,31447,15,4,16,5,9
unit,31448,13,4,14,5,9
unit,31449,14,4,15,5,9
unit,31450,14,4,15,5,9
unit,31451,15,4,16,5,9
unit,31452,14,4,15,5,9
unit,31453,15,4,16,5,9
unit,31454,15,4,16,5,9
unit,31455,16,4,17,5,9
unit,31456,11,3,12,4,11
unit,31457,13,4,14,5,11
unit,31458,13,4,13,4,13
unit,31459,14,4,15,5,13
unit,31460,13,4,14,5,11
unit,31461,14,4,15,5,11
unit,31462,14,4,15,5,13
unit,31463,15,4,16,5,13
unit,31464,13,4,14,5,11
unit,31465,14,4,15,5,11
unit,31466,14,4,15,5,13
unit,31467,15,4,16,5,13
unit,31468,14,4,15,5,11
unit,31469,15,4,16,5,11
unit,31470,15,4,16,5,13
unit,31471,16,4,17,5,13
unit,31472,12,3,13,4,11
unit,31473,14,4,15,5,11
unit,31474,14,4,14,4,13
unit,31475,15,4,16,5,13
unit,31476,14,4,15,5,11
unit,31477,15,4,16,5,11
unit,31478,15,4,16,5,13
unit,31479,16,4,17,5,13
unit,31480,14,4,15,5,11
unit,31481,15,4,16,5,11
unit,31482,15,4,16,5,13
unit,31483,16,4,17,5,13
unit,31484,15,4,16,5,11
unit,31485,16,4,17,5,11
unit,31486,16,4,17,5,13
unit,31487,17,4,18,5,13
unit,31488,8,2,8,3,9
unit,31489,10,3,10,4,9
unit,31490,10,3,10,4,9
unit,31491,11,3,11,4,9
unit,31492,10,3,10,4,9
unit,31493,11,3,11,4,9
unit,31494,11,3,11,4,9
unit,31495,12,3,12,4,9
unit,31496,10,3,10,4,9
unit,31497,11,3,11,4,9
unit,31498,11,3,11,4,9
unit,31499,12,3,12,4,9
unit,31500,11,3,11,4,9
unit,31501,12,3,12,4,9
unit,31502,12,3,12,4,9
unit,31503,13,3,13,4,9
unit,31504,10,3,11,4,13
unit,31505,11,3,12,4,15
unit,31506,12,4,13,5,13
unit,31507,13,4,14,5,15
unit,31508,12,4,13,5,13
unit,31509,13,4,14,5,15
unit,31510,13,4,14,5,13
unit,31511,14,4,15,5,15
unit,31512,12,4,13,5,13
unit,31513,13,4,14,5,15
unit,31514,13,4,14,5,13
unit,31515,14,4,15,5,15
unit,31516,13,4,14,5,13
unit,31517,14,4,15,5,15
unit,31518,14,4,15,5,13
unit,31519,15,4,16,5,15
unit,31520,10,3,11,4,13
unit,31521,12,4,13,5,13
unit,31522,11,3,12,4,15
unit,31523,13,4,14,5,15
unit,31524,12,4,13,5,13
unit,31525,13,4,14,5,13
unit,31526,13,4,14,5,15
unit,31527,14,4,15,5,15
unit,31528,12,4,13,5,13
unit,31529,13,4,14,5,13
unit,31530,13,4,14,5,15
unit,31531,14,4,15,5,15
unit,31532,13,4,14,5,13
unit,31533,14,4,15,5,13
unit,31534,14,4,15,5,15
unit,31535,15,4,16,5,15
unit,31536,9,3,9,3,11
unit,31537,11,4,13,4,17
unit,31538,11,4,13,4,17
unit,31539,10,3,10,3,13
unit,31540,11,4,11,4,11
unit,31541,12,4,15,5,17
unit,31542,12,4,15,5,17
unit,31543,12,4,12,4,13
unit,31544,11,4,11,4,11
unit,31545,12,4,15,5,17
unit,31546,12,4,15,5,17
unit,31547,12,4,12,4,13
unit,31548,12,4,12,4,11
unit,31549,13,4,16,5,17
unit,31550,13,4,16,5,17
unit,31551,13,4,13,4,13
unit,31552,10,3,10,4,9
unit,31553,12,4,12,5,9
unit,31554,12,4,12,5,9
unit,31555,13,4,13,5,9
unit,31556,12,4,12,5,9
unit,31557,13,4,13,5,9
unit,31558,13,4,13,5,9
unit,31559,14,4,14,5,9
unit,31560,12,4,12,5,9
unit,31561,13,4,13,5,9
unit,31562,13,4,13,5,9
unit,31563,14,4,14,5,9
unit,31564,13,4,13,5,9
unit,31565,14,4,14,5,9
unit,31566,14,4,14,5,9
unit,31567,15,4,15,5,9
unit,31568,11,3,13,5,13
unit,31569,13,4,14,5,15
unit,31570,13,4,15,6,13
unit,31571,14,4,16,6,15
unit,31572,13,4,15,6,13
unit,31573,14,4,16,6,15
unit,31574,14,4,16,6,13
unit,31575,15,4,17,6,15
unit,31576,13,4,15,6,13
unit,31577,14,4,16,6,15
unit,31578,14,4,16,6,13
unit,31579,15,4,17,6,15
unit,31580,14,4,16,6,13
unit,31581,15,4,17,6,15
unit,31582,15,4,17,6,13
unit,31583,16,4,18,6,15
unit,31584,11,3,13,5,13
unit,31585,13,4,15,6,13
unit,31586,13,4,14,5,15
unit,31587,14,4,16,6,15
unit,31588,13,4,15,6,13
unit,31589,14,4,16,6,13
unit,31590,14,4,16,6,15
unit,31591,15,4,17,6,15
unit,31592,13,4,15,6,13
unit,31593,14,4,16,6,13
unit,31594,14,4,16,6,15
unit,31595,15,4,17,6,15
unit,31596,14,4,16,6,13
unit,31597,15,4,17,6,13
unit,31598,15,4,17,6,15
unit,31599,16,4,18,6,15
unit,31600,11,4,11,4,11
unit,31601,13,5,15,5,17
unit,31602,13,5,15,5,17
unit,31603,12,4,12,4,13
unit,31604,13,5,13,5,11
unit,31605,14,5,17,6,17
unit,31606,14,5,17,6,17
unit,31607,14,5,14,5,13
unit,31608,13,5,13,5,11
unit,31609,14,5,17,6,17
unit,31610,14,5,17,6,17
unit,31611,14,5,14,5,13
unit,31612,14,5,14,5,11
unit,31613,15,5,18,6,17
unit,31614,15,5,18,6,17
unit,31615,15,5,15,5,13
unit,31616,10,3,10,4,9
unit,31617,12,4,12,5,9
unit,31618,12,4,12,5,9
unit,31619,13,4,13,5,9
unit,31620,12,4,12,5,9
unit,31621,13,4,13,5,9
unit,31622,13,4,13,5,9
unit,31623,14,4,14,5,9
unit,31624,12,4,12,5,9
unit,31625,13,4,13,5,9
unit,31626,13,4,13,5,9
unit,31627,14,4,14,5,9
unit,31628,13,4,13,5,9
unit,31629,14,4,14,5,9
unit,31630,14,4,14,5,9
unit,31631,15,4,15,5,9
unit,31632,11,3,13,5,13
unit,31633,13,4,14,5,15
unit,31634,13,4,15,6,13
unit,31635,14,4,16,6,15
unit,31636,13,4,15,6,13
unit,31637,14,4,16,6,15
unit,31638,14,4,16,6,13
unit,31639,15,4,17,6,15
unit,31640,13,4,15,6,13
unit,31641,14,4,16,6,15
unit,31642,14,4,16,6,13
unit,31643,15,4,17,6,15
unit,31644,14,4,16,6,13
unit,31645,15,4,17,6,15
unit,31646,15,4,17,6,13
unit,31647,16,4,18,6,15
unit,31648,11,3,13,5,13
unit,31649,13,4,15,6,13
unit,31650,13,4,14,5,15
unit,31651,14,4,16,6,15
unit,31652,13,4,15,6,13
unit,31653,14,4,16,6,13
unit,31654,14,4,16,6,15
unit,31655,15,4,17,6,15
unit,31656,13,4,15,6,13
unit,31657,14,4,16,6,13
unit,31658,14,4,16,6,15
unit,31659,15,4,17,6,15
unit,31660,14,4,16,6,13
unit,31661,15,4,17,6,13
unit,31662,15,4,17,6,15
unit,31663,16,4,18,6,15
unit,31664,11,4,11,4,11
unit,31665,13,5,15,5,17
unit,31666,13,5,15,5,17
unit,31667,12,4,12,4,13
unit,31668,13,5,13,5,11
unit,31669,14,5,17,6,17
unit,31670,14,5,17,6,17
unit,31671,14,5,14,5,13
unit,31672,13,5,13,5,11
unit,31673,14,5,17,6,17
unit,31674,14,5,17,6,17
unit,31675,14,5,14,5,13
unit,31676,14,5,14,5,11
unit,31677,15,5,18,6,17
unit,31678,15,5,18,6,17
unit,31679,15,5,15,5,13
unit,31680,11,3,11,4,9
unit,31681,13,4,13,5,9
unit,31682,13,4,13,5,9
unit,31683,14,4,14,5,9
unit,31684,13,4,13,5,9
unit,31685,14,4,14,5,9
unit,31686,14,4,14,5,9
unit,31687,15,4,15,5,9
unit,31688,13,4,13,5,9
unit,31689,14,4,14,5,9
unit,31690,14,4,14,5,9
unit,31691,15,4,15,5,9
unit,31692,14,4,14,5,9
unit,31693,15,4,15,5,9
unit,31694,15,4,15,5,9
unit,31695,16,4,16,5,9
unit,31696,12,3,14,5,13
unit,31697,14,4,15,5,15
unit,31698,14,4,16,6,13
unit,31699,15,4,17,6,15
unit,31700,14,4,16,6,13
unit,31701,15,4,17,6,15
unit,31702,15,4,17,6,13
unit,31703,16,4,18,6,15
unit,31704,14,4,16,6,13
unit,31705,15,4,17,6,15
unit,31706,15,4,17,6,13
unit,31707,16,4,18,6,15
unit,31708,15,4,17,6,13
unit,31709,16,4,18,6,15
unit,31710,16,4,18,6,13
unit,31711,17,4,19,6,15
unit,31712,12,3,14,5,13
unit,31713,14,4,16,6,13
unit,31714,14,4,15,5,15
unit,31715,15,4,17,6,15
unit,31716,14,4,16,6,13
unit,31717,15,4,17,6,13
unit,31718,15,4,17,6,15
unit,31719,16,4,18,6,15
unit,31720,14,4,16,6,13
unit,31721,15,4,17,6,13
unit,31722,15,4,17,6,15
unit,31723,16,4,18,6,15
unit,31724,15,4,17,6,13
unit,31725,16,4,18,6,13
unit,31726,16,4,18,6,15
unit,31727,17,4,19,6,15
unit,31728,12,4,12,4,11
unit,31729,14,5,16,5,17
unit,31730,14,5,16,5,17
unit,31731,13,4,13,4,13
unit,31732,14,5,14,5,11
unit,31733,15,5,18,6,17
unit,31734,15,5,18,6,17
unit,31735,15,5,15,5,13
unit,31736,14,5,14,5,11
unit,31737,15,5,18,6,17
unit,31738,15,5,18,6,17
unit,31739,15,5,15,5,13
unit,31740,15,5,15,5,11
unit,31741,16,5,19,6,17
unit,31742,16,5,19,6,17
unit,31743,16,5,16,5,13
unit,31744,7,2,8,3,9
unit,31745,9,3,10,4,9
unit,31746,9,3,10,4,9
unit,31747,10,3,11,4,9
unit,31748,9,3,10,4,9
unit,31749,10,3,11,4,9
unit,31750,10,3,11,4,9
unit,31751,11,3,12,4,9
unit,31752,9,3,10,4,9
unit,31753,10,3,11,4,9
unit,31754,10,3,11,4,9
unit,31755,11,3,12,4,9
unit,31756,10,3,11,4,9
unit,31757,11,3,12,4,9
unit,31758,11,3,12,4,9
unit,31759,12,3,13,4,9
unit,31760,9,3,10,4,9
unit,31761,11,4,12,5,9
unit,31762,11,4,12,5,9
unit,31763,12,4,13,5,9
unit,31764,11,4,12,5,9
unit,31765,12,4,13,5,9
unit,31766,12,4,13,5,9
unit,31767,13,4,14,5,9
unit,31768,11,4,12,5,9
unit,31769,12,4,13,5,9
unit,31770,12,4,13,5,9
unit,31771,13,4,14,5,9
unit,31772,12,4,13,5,9
unit,31773,13,4,14,5,9
unit,31774,13,4,14,5,9
unit,31775,14,4,15,5,9
unit,31776,9,3,10,4,9
unit,31777,11,4,12,5,9
unit,31778,11,4,12,5,9
unit,31779,12,4,13,5,9
unit,31780,11,4,12,5,9
unit,31781,12,4,13,5,9
unit,31782,12,4,13,5,9
unit,31783,13,4,14,5,9
unit,31784,11,4,12,5,9
unit,31785,12,4,13,5,9
unit,31786,12,4,13,5,9
unit,31787,13,4,14,5,9
unit,31788,12,4,13,5,9
unit,31789,13,4,14,5,9
unit,31790,13,4,14,5,9
unit,31791,14,4,15,5,9
unit,31792,10,3,11,4,9
unit,31793,12,4,13,5,9
unit,31794,12,4,13,5,9
unit,31795,13,4,14,5,9
unit,31796,12,4,13,5,9
unit,31797,13,4,14,5,9
unit,31798,13,4,14,5,9
unit,31799,14,4,15,5,9
unit,31800,12,4,13,5,9
unit,31801,13,4,14,5,9
unit,31802,13,4,14,5,9
unit,31803,14,4,15,5,9
unit,31804,13,4,14,5,9
unit,31805,14,4,15,5,9
unit,31806,14,4,15,5,9
unit,31807,15,4,16,5,9
unit,31808,9,3,9,3,11
unit,31809,11,4,11,4,11
unit,31810,11,4,11,4,11
unit,31811,12,4,12,4,11
unit,31812,10,3,10,3,13
unit,31813,12,4,12,4,13
unit,31814,12,4,12,4,13
unit,31815,13,4,13,4,13
unit,31816,11,4,11,4,11
unit,31817,12,4,12,4,11
unit,31818,12,4,12,4,11
unit,31819,13,4,13,4,11
unit,31820,12,4,12,4,13
unit,31821,13,4,13,4,13
unit,31822,13,4,13,4,13
unit,31823,14,4,14,4,13
unit,31824,10,3,11,4,11
unit,31825,12,4,13,5,11
unit,31826,12,4,13,5,11
unit,31827,13,4,14,5,11
unit,31828,12,4,12,4,13
unit,31829,13,4,14,5,13
unit,31830,13,4,14,5,13
unit,31831,14,4,15,5,13
unit,31832,12,4,13,5,11
unit,31833,13,4,14,5,11
unit,31834,13,4,14,5,11
unit,31835,14,4,15,5,11
unit,31836,13,4,14,5,13
unit,31837,14,4,15,5,13
unit,31838,14,4,15,5,13
unit,31839,15,4,16,5,13
unit,31840,10,3,11,4,11
unit,31841,12,4,13,5,11
unit,31842,12,4,13,5,11
unit,31843,13,4,14,5,11
unit,31844,12,4,12,4,13
unit,31845,13,4,14,5,13
unit,31846,13,4,14,5,13
unit,31847,14,4,15,5,13
unit,31848,12,4,13,5,11
unit,31849,13,4,14,5,11
unit,31850,13,4,14,5,11
unit,31851,14,4,15,5,11
unit,31852,13,4,14,5,13
unit,31853,14,4,15,5,13
unit,31854,14,4,15,5,13
unit,31855,15,4,16,5,13
unit,31856,11,3,12,4,11
unit,31857,13,4,14,5,11
unit,31858,13,4,14,5,11
unit,31859,14,4,15,5,11
unit,31860,13,4,13,4,13
unit,31861,14,4,15,5,13
unit,31862,14,4,15,5,13
unit,31863,15,4,16,5,13
unit,31864,13,4,14,5,11
unit,31865,14,4,15,5,11
unit,31866,14,4,15,5,11
unit,31867,15,4,16,5,11
unit,31868,14,4,15,5,13
unit,31869,15,4,16,5,13
unit,31870,15,4,16,5,13
unit,31871,16,4,17,5,13
unit,31872,9,3,10,4,9
unit,31873,11,4,12,5,9
unit,31874,11,4,12,5,9
unit,31875,12,4,13,5,9
unit,31876,11,4,12,5,9
unit,31877,12,4,13,5,9
unit,31878,12,4,13,5,9
unit,31879,13,4,14,5,9
unit,31880,11,4,12,5,9
unit,31881,12,4,13,5,9
unit,31882,12,4,13,5,9
unit,31883,13,4,14,5,9
unit,31884,12,4,13,5,9
unit,31885,13,4,14,5,9
unit,31886,13,4,14,5,9
unit,31887,14,4,15,5,9
unit,31888,10,3,11,4,9
unit,31889,12,4,13,5,9
unit,31890,12,4,13,5,9
unit,31891,13,4,14,5,9
unit,31892,12,4,13,5,9
unit,31893,13,4,14,5,9
unit,31894,13,4,14,5,9
unit,31895,14,4,15,5,9
unit,31896,12,4,13,5,9
unit,31897,13,4,14,5,9
unit,31898,13,4,14,5,9
unit,31899,14,4,15,5,9
unit,31900,13,4,14,5,9
unit,31901,14,4,15,5,9
unit,31902,14,4,15,5,9
unit,31903,15,4,16,5,9
unit,31904,10,3,11,4,9
unit,31905,12,4,13,5,9
unit,31906,12,4,13,5,9
unit,31907,13,4,14,5,9
unit,31908,12,4,13,5,9
unit,31909,13,4,14,5,9
unit,31910,13,4,14,5,9
unit,31911,14,4,15,5,9
unit,31912,12,4,13,5,9
unit,31913,13,4,14,5,9
unit,31914,13,4,14,5,9
unit,31915,14,4,15,5,9
unit,31916,13,4,14,5,9
unit,31917,14,4,15,5,9
unit,31918,14,4,15,5,9
unit,31919,15,4,16,5,9
unit,31920,11,3,12,4,9
unit,31921,13,4,14,5,9
unit,31922,13,4,14,5,9
unit,31923,14,4,15,5,9
unit,31924,13,4,14,5,9
unit,31925,14,4,15,5,9
unit,31926,14,4,15,5,9
unit,31927,15,4,16,5,9
unit,31928,13,4,14,5,9
unit,31929,14,4,15,5,9
unit,31930,14,4,15,5,9
unit,31931,15,4,16,5,9
unit,31932,14,4,15,5,9
unit,31933,15,4,16,5,9
unit,31934,15,4,16,5,9
unit,31935,16,4,17,5,9
unit,31936,10,3,11,4,11
unit,31937,12,4,13,5,11
unit,31938,12,4,13,5,11
unit,31939,13,4,14,5,11
unit,31940,12,4,12,4,13
unit,31941,13,4,14,5,13
unit,31942,13,4,14,5,13
unit,31943,14,4,15,5,13
unit,31944,12,4,13,5,11
unit,31945,13,4,14,5,11
unit,31946,13,4,14,5,11
unit,31947,14,4,15,5,11
unit,31948,13,4,14,5,13
unit,31949,14,4,15,5,13
unit,31950,14,4,15,5,13
unit,31951,15,4,16,5,13
unit,31952,11,3,12,4,11
unit,31953,13,4,14,5,11
unit,31954,13,4,14,5,11
unit,31955,14,4,15,5,11
unit,31956,13,4,13,4,13
unit,31957,14,4,15,5,13
unit,31958,14,4,15,5,13
unit,31959,15,4,16,5,13
unit,31960,13,4,14,5,11
unit,31961,14,4,15,5,11
unit,31962,14,4,15,5,11
unit,31963,15,4,16,5,11
unit,31964,14,4,15,5,13
unit,31965,15,4,16,5,13
unit,31966,15,4,16,5,13
unit,31967,16,4,17,5,13
unit,31968,11,3,12,4,11
unit,31969,13,4,14,5,11
unit,31970,13,4,14,5,11
unit,31971,14,4,15,5,11
unit,31972,13,4,13,4,13
unit,31973,14,4,15,5,13
unit,31974,14,4,15,5,13
unit,31975,15,4,16,5,13
unit,31976,13,4,14,5,11
unit,31977,14,4,15,5,11
unit,31978,14,4,15,5,11
unit,31979,15,4,16,5,11
unit,31980,14,4,15,5,13
unit,31981,15,4,16,5,13
unit,31982,15,4,16,5,13
unit,31983,16,4,17,5,13
unit,31984,12,3,13,4,11
unit,31985,14,4,15,5,11
unit,31986,14,4,15,5,11
unit,31987,15,4,16,5,11
unit,31988,14,4,14,4,13
unit,31989,15,4,16,5,13
unit,31990,15,4,16,5,13
unit,31991,16,4,17,5,13
unit,31992,14,4,15,5,11
unit,31993,15,4,16,5,11
unit,31994,15,4,16,5,11
unit,31995,16,4,17,5,11
unit,31996,15,4,16,5,13
unit,31997,16,4,17,5,13
unit,31998,16,4,17,5,13
unit,31999,17,4,18,5,13
unit,32000,8,2,8,3,9
unit,32001,10,3,10,4,9
unit,32002,10,3,10,4,9
unit,32003,11,3,11,4,9
unit,32004,10,3,10,4,9
unit,32005,11,3,11,4,9
unit,32006,11,3,11,4,9
unit,32007,12,3,12,4,9
unit,32008,10,3,10,4,9
unit,32009,11,3,11,4,9
unit,32010,11,3,11,4,9
unit,32011,12,3,12,4,9
unit,32012,11,3,11,4,9
unit,32013,12,3,12,4,9
unit,32014,12,3,12,4,9
unit,32015,13,3,13,4,9
unit,32016,10,3,11,4,13
unit,32017,11,3,12,4,15
unit,32018,12,4,13,5,13
unit,32019,13,4,14,5,15
unit,32020,12,4,13,5,13
unit,32021,13,4,14,5,15
unit,32022,13,4,14,5,13
unit,32023,14,4,15,5,15
unit,32024,12,4,13,5,13
unit,32025,13,4,14,5,15
unit,32026,13,4,14,5,13
unit,32027,14,4,15,5,15
unit,32028,13,4,14,5,13
unit,32029,14,4,15,5,15
unit,32030,14,4,15,5,13
unit,32031,15,4,16,5,15
unit,32032,10,3,10,4,9
unit,32033,12,4,12,5,9
unit,32034,12,4,12,5,9
unit,32035,13,4,13,5,9
unit,32036,12,4,12,5,9
unit,32037,13,4,13,5,9
unit,32038,13,4,13,5,9
unit,32039,14,4,14,5,9
unit,32040,12,4,12,5,9
unit,32041,13,4,13,5,9
unit,32042,13,4,13,5,9
unit,32043,14,4,14,5,9
unit,32044,13,4,13,5,9
unit,32045,14,4,14,5,9
unit,32046,14,4,14,5,9
unit,32047,15,4,15,5,9
unit,32048,11,3,13,5,13
unit,32049,13,4,14,5,15
unit,32050,13,4,15,6,13
unit,32051,14,4,16,6,15
unit,32052,13,4,15,6,13
unit,32053,14,4,16,6,15
unit,32054,14,4,16,6,13
unit,32055,15,4,17,6,15
unit,32056,13,4,15,6,13
unit,32057,14,4,16,6,15
unit,32058,14,4,16,6,13
unit,32059,15,4,17,6,15
unit,32060,14,4,16,6,13
unit,32061,15,4,17,6,15
unit,32062,15,4,17,6,13
unit,32063,16,4,18,6,15
unit,32064,10,3,11,4,13
unit,32065,12,4,13,5,13
unit,32066,12,4,13,5,13
unit,32067,13,4,14,5,13
unit,32068,11,3,12,4,15
unit,32069,13,4,14,5,15
unit,32070,13,4,14,5,15
unit,32071,14,4,15,5,15
unit,32072,12,4,13,5,13
unit,32073,13,4,14,5,13
unit,32074,13,4,14,5,13
unit,32075,14,4,15,5,13
unit,32076,13,4,14,5,15
unit,32077,14,4,15,5,15
unit,32078,14,4,15,5,15
unit,32079,15,4,16,5,15
unit,32080,9,3,9,3,11
unit,32081,11,4,13,4,17
unit,32082,11,4,11,4,11
unit,32083,12,4,15,5,17
unit,32084,11,4,13,4,17
unit,32085,10,3,10,3,13
unit,32086,12,4,15,5,17
unit,32087,12,4,12,4,13
unit,32088,11,4,11,4,11
unit,32089,12,4,15,5,17
unit,32090,12,4,12,4,11
unit,32091,13,4,16,5,17
unit,32092,12,4,15,5,17
unit,32093,12,4,12,4,13
unit,32094,13,4,16,5,17
unit,32095,13,4,13,4,13
unit,32096,11,3,13,5,13
unit,32097,13,4,15,6,13
unit,32098,13,4,15,6,13
unit,32099,14,4,16,6,13
unit,32100,13,4,14,5,15
unit,32101,14,4,16,6,15
unit,32102,14,4,16,6,15
unit,32103,15,4,17,6,15
unit,32104,13,4,15,6,13
unit,32105,14,4,16,6,13
unit,32106,14,4,16,6,13
unit,32107,15,4,17,6,13
unit,32108,14,4,16,6,15
unit,32109,15,4,17,6,15
unit,32110,15,4,17,6,15
unit,32111,16,4,18,6,15
unit,32112,11,4,11,4,11
unit,32113,13,5,15,5,17
unit,32114,13,5,13,5,11
unit,32115,14,5,17,6,17
unit,32116,13,5,15,5,17
unit,32117,12,4,12,4,13
unit,32118,14,5,17,6,17
unit,32119,14,5,14,5,13
unit,32120,13,5,13,5,11
unit,32121,14,5,17,6,17
unit,32122,14,5,14,5,11
unit,32123,15,5,18,6,17
unit,32124,14,5,17,6,17
unit,32125,14,5,14,5,13
unit,32126,15,5,18,6,17
unit,32127,15,5,15,5,13
unit,32128,10,3,10,4,9
unit,32129,12,4,12,5,9
unit,32130,12,4,12,5,9
unit,32131,13,4,13,5,9
unit,32132,12,4,12,5,9
unit,32133,13,4,13,5,9
unit,32134,13,4,13,5,9
unit,32135,14,4,14,5,9
unit,32136,12,4,12,5,9
unit,32137,13,4,13,5,9
unit,32138,13,4,13,5,9
unit,32139,14,4,14,5,9
unit,32140,13,4,13,5,9
unit,32141,14,4,14,5,9
unit,32142,14,4,14,5,9
unit,32143,15,4,15,5,9
unit,32144,11,3,13,5,13
unit,32145,13,4,14,5,15
unit,32146,13,4,15,6,13
unit,32147,14,4,16,6,15
unit,32148,13,4,15,6,13
unit,32149,14,4,16,6,15
unit,32150,14,4,16,6,13
unit,32151,15,4,17,6,15
unit,32152,13,4,15,6,13
unit,32153,14,4,16,6,15
unit,32154,14,4,16,6,13
unit,32155,15,4,17,6,15
unit,32156,14,4,16,6,13
unit,32157,15,4,17,6,15
unit,32158,15,4,17,6,13
unit,32159,16,4,18,6,15
unit,32160,11,3,11,4,9
unit,32161,13,4,13,5,9
unit,32162,13,4,13,5,9
unit,32163,14,4,14,5,9
unit,32164,13,4,13,5,9
unit,32165,14,4,14,5,9
unit,32166,14,4,14,5,9
unit,32167,15,4,15,5,9
unit,32168,13,4,13,5,9
unit,32169,14,4,14,5,9
unit,32170,14,4,14,5,9
unit,32171,15,4,15,5,9
unit,32172,14,4,14,5,9
unit,32173,15,4,15,5,9
unit,32174,15,4,15,5,9
unit,32175,16,4,16,5,9
unit,32176,12,3,14,5,13
unit,32177,14,4,15,5,15
unit,32178,14,4,16,6,13
unit,32179,15,4,17,6,15
unit,32180,14,4,16,6,13
unit,32181,15,4,17,6,15
unit,32182,15,4,17,6,13
unit,32183,16,4,18,6,15
unit,32184,14,4,16,6,13
unit,32185,15,4,17,6,15
unit,32186,15,4,17,6,13
unit,32187,16,4,18,6,15
unit,32188,15,4,17,6,13
unit,32189,16,4,18,6,15
unit,32190,16,4,18,6,13
unit,32191,17,4,19,6,15
unit,32192,11,3,13,5,13
unit,32193,13,4,15,6,13
unit,32194,13,4,15,6,13
unit,32195,14,4,16,6,13
unit,32196,13,4,14,5,15
unit,32197,14,4,16,6,15
unit,32198,14,4,16,6,15
unit,32199,15,4,17,6,15
unit,32200,13,4,15,6,13
unit,32201,14,4,16,6,13
unit,32202,14,4,16,6,13
unit,32203,15,4,17,6,13
unit,32204,14,4,16,6,15
unit,32205,15,4,17,6,15
unit,32206,15,4,17,6,15
unit,32207,16,4,18,6,15
unit,32208,11,4,11,4,11
unit,32209,13,5,15,5,17
unit,32210,13,5,13,5,11
unit,32211,14,5,17,6,17
unit,32212,13,5,15,5,17
unit,32213,12,4,12,4,13
unit,32214,14,5,17,6,17
unit,32215,14,5,14,5,13
unit,32216,13,5,13,5,11
unit,32217,14,5,17,6,17
unit,32218,14,5,14,5,11
unit,32219,15,5,18,6,17
unit,32220,14,5,17,6,17
unit,32221,14,5,14,5,13
unit,32222,15,5,18,6,17
unit,32223,15,5,15,5,13
unit,32224,12,3,14,5,13
unit,32225,14,4,16,6,13
unit,32226,14,4,16,6,13
unit,32227,15,4,17,6,13
unit,32228,14,4,15,5,15
unit,32229,15,4,17,6,15
unit,32230,15,4,17,6,15
unit,32231,16,4,18,6,15
unit,32232,14,4,16,6,13
unit,32233,15,4,17,6,13
unit,32234,15,4,17,6,13
unit,32235,16,4,18,6,13
unit,32236,15,4,17,6,15
unit,32237,16,4,18,6,15
unit,32238,16,4,18,6,15
unit,32239,17,4,19,6,15
unit,32240,12,4,12,4,11
unit,32241,14,5,16,5,17
unit,32242,14,5,14,5,11
unit,32243,15,5,18,6,17
unit,32244,14,5,16,5,17
unit,32245,13,4,13,4,13
unit,32246,15,5,18,6,17
unit,32247,15,5,15,5,13
unit,32248,14,5,14,5,11
unit,32249,15,5,18,6,17
unit,32250,15,5,15,5,11
unit,32251,16,5,19,6,17
unit,32252,15,5,18,6,17
unit,32253,15,5,15,5,13
unit,32254,16,5,19,6,17
unit,32255,16,5,16,5,13
unit,32256,8,2,8,3,9
unit,32257,10,3,10,4,9
unit,32258,10,3,10,4,9
unit,32259,11,3,11,4,9
unit,32260,10,3,10,4,9
unit,32261,11,3,11,4,9
unit,32262,11,3,11,4,9
unit,32263,12,3,12,4,9
unit,32264,10,3,10,4,9
unit,32265,11,3,11,4,9
unit,32266,11,3,11,4,9
unit,32267,12,3,12,4,9
unit,32268,11,3,11,4,9
unit,32269,12,3,12,4,9
unit,32270,12,3,12,4,9
unit,32271,13,3,13,4,9
unit,32272,10,3,10,4,9
unit,32273,12,4,12,5,9
unit,32274,12,4,12,5,9
unit,32275,13,4,13,5,9
unit,32276,12,4,12,5,9
unit,32277,13,4,13,5,9
unit,32278,13,4,13,5,9
unit,32279,14,4,14,5,9
unit,32280,12,4,12,5,9
unit,32281,13,4,13,5,9
unit,32282,13,4,13,5,9
unit,32283,14,4,14,5,9
unit,32284,13,4,13,5,9
unit,32285,14,4,14,5,9
unit,32286,14,4,14,5,9
unit,32287,15,4,15,5,9
unit,32288,10,3,11,4,13
unit,32289,12,4,13,5,13
unit,32290,11,3,12,4,15
unit,32291,13,4,14,5,15
unit,32292,12,4,13,5,13
unit,32293,13,4,14,5,13
unit,32294,13,4,14,5,15
unit,32295,14,4,15,5,15
unit,32296,12,4,13,5,13
unit,32297,13,4,14,5,13
unit,32298,13,4,14,5,15
unit,32299,14,4,15,5,15
unit,32300,13,4,14,5,13
unit,32301,14,4,15,5,13
unit,32302,14,4,15,5,15
unit,32303,15,4,16,5,15
unit,32304,11,3,13,5,13
unit,32305,13,4,15,6,13
unit,32306,13,4,14,5,15
unit,32307,14,4,16,6,15
unit,32308,13,4,15,6,13
unit,32309,14,4,16,6,13
unit,32310,14,4,16,6,15
unit,32311,15,4,17,6,15
unit,32312,13,4,15,6,13
unit,32313,14,4,16,6,13
unit,32314,14,4,16,6,15
unit,32315,15,4,17,6,15
unit,32316,14,4,16,6,13
unit,32317,15,4,17,6,13
unit,32318,15,4,17,6,15
unit,32319,16,4,18,6,15
unit,32320,10,3,11,4,13
unit,32321,12,4,13,5,13
unit,32322,12,4,13,5,13
unit,32323,13,4,14,5,13
unit,32324,11,3,12,4,15
unit,32325,13,4,14,5,15
unit,32326,13,4,14,5,15
unit,32327,14,4,15,5,15
unit,32328,12,4,13,5,13
unit,32329,13,4,14,5,13
unit,32330,13,4,14,5,13
unit,32331,14,4,15,5,13
unit,32332,13,4,14,5,15
unit,32333,14,4,15,5,15
unit,32334,14,4,15,5,15
unit,32335,15,4,16,5,15
unit,32336,11,3,13,5,13
unit,32337,13,4,15,6,13
unit,32338,13,4,15,6,13
unit,32339,14,4,16,6,13
unit,32340,13,4,14,5,15
unit,32341,14,4,16,6,15
unit,32342,14,4,16,6,15
unit,32343,15,4,17,6,15
unit,32344,13,4,15,6,13
unit,32345,14,4,16,6,13
unit,32346,14,4,16,6,13
unit,32347,15,4,17,6,13
unit,32348,14,4,16,6,15
unit,32349,15,4,17,6,15
unit,32350,15,4,17,6,15
unit,32351,16,4,18,6,15
unit,32352,9,3,9,3,11
unit,32353,11,4,11,4,11
unit,32354,11,4,13,4,17
unit,32355,12,4,15,5,17
unit,32356,11,4,13,4,17
unit,32357,12,4,15,5,17
unit,32358,10,3,10,3,13
unit,32359,12,4,12,4,13
unit,32360,11,4,11,4,11
unit,32361,12,4,12,4,11
unit,32362,12,4,15,5,17
unit,32363,13,4,16,5,17
unit,32364,12,4,15,5,17
unit,32365,13,4,16,5,17
unit,32366,12,4,12,4,13
unit,32367,13,4,13,4,13
unit,32368,11,4,11,4,11
unit,32369,13,5,13,5,11
unit,32370,13,5,15,5,17
unit,32371,14,5,17,6,17
unit,32372,13,5,15,5,17
unit,32373,14,5,17,6,17
unit,32374,12,4,12,4,13
unit,32375,14,5,14,5,13
unit,32376,13,5,13,5,11
unit,32377,14,5,14,5,11
unit,32378,14,5,17,6,17
unit,32379,15,5,18,6,17
unit,32380,14,5,17,6,17
unit,32381,15,5,18,6,17
unit,32382,14,5,14,5,13
unit,32383,15,5,15,5,13
unit,32384,10,3,10,4,9
unit,32385,12,4,12,5,9
unit,32386,12,4,12,5,9
unit,32387,13,4,13,5,9
unit,32388,12,4,12,5,9
unit,32389,13,4,13,5,9
unit,32390,13,4,13,5,9
unit,32391,14,4,14,5,9
unit,32392,12,4,12,5,9
unit,32393,13,4,13,5,9
unit,32394,13,4,13,5,9
unit,32395,14,4,14,5,9
unit,32396,13,4,13,5,9
unit,32397,14,4,14,5,9
unit,32398,14,4,14,5,9
unit,32399,15,4,15,5,9
unit,32400,11,3,11,4,9
unit,32401,13,4,13,5,9
unit,32402,13,4,13,5,9
unit,32403,14,4,14,5,9
unit,32404,13,4,13,5,9
unit,32405,14,4,14,5,9
unit,32406,14,4,14,5,9
unit,32407,15,4,15,5,9
unit,32408,13,4,13,5,9
unit,32409,14,4,14,5,9
unit,32410,14,4,14,5,9
unit,32411,15,4,15,5,9
unit,32412,14,4,14,5,9
unit,32413,15,4,15,5,9
unit,32414,15,4,15,5,9
unit,32415,16,4,16,5,9
unit,32416,11,3,13,5,13
unit,32417,13,4,15,6,13
unit,32418,13,4,14,5,15
unit,32419,14,4,16,6,15
unit,32420,13,4,15,6,13
unit,32421,14,4,16,6,13
unit,32422,14,4,16,6,15
unit,32423,15,4,17,6,15
unit,32424,13,4,15,6,13
unit,32425,14,4,16,6,13
unit,32426,14,4,16,6,15
unit,32427,15,4,17,6,15
unit,32428,14,4,16,6,13
unit,32429,15,4,17,6,13
unit,32430,15,4,17,6,15
unit,32431,16,4,18,6,15
unit,32432,12,3,14,5,13
unit,32433,14,4,16,6,13
unit,32434,14,4,15,5,15
unit,32435,15,4,17,6,15
unit,32436,14,4,16,6,13
unit,32437,15,4,17,6,13
unit,32438,15,4,17,6,15
unit,32439,16,4,18,6,15
unit,32440,14,4,16,6,13
unit,32441,15,4,17,6,13
unit,32442,15,4,17,6,15
unit,32443,16,4,18,6,15
unit,32444,15,4,17,6,13
unit,32445,16,4,18,6,13
unit,32446,16,4,18,6,15
unit,32447,17,4,19,6,15
unit,32448,11,3,13,5,13
unit,32449,13,4,15,6,13
unit,32450,13,4,15,6,13
unit,32451,14,4,16,6,13
unit,32452,13,4,14,5,15
unit,32453,14,4,16,6,15
unit,32454,14,4,16,6,15
unit,32455,15,4,17,6,15
unit,32456,13,4,15,6,13
unit,32457,14,4,16,6,13
unit,32458,14,4,16,6,13
unit,32459,15,4,17,6,13
unit,32460,14,4,16,6,15
unit,32461,15,4,17,6,15
unit,32462,15,4,17,6,15
unit,32463,16,4,18,6,15
unit,32464,12,3,14,5,13
unit,32465,14,4,16,6,13
unit,32466,14,4,16,6,13
unit,32467,15,4,17,6,13
unit,32468,14,4,15,5,15
unit,32469,15,4,17,6,15
unit,32470,15,4,17,6,15
unit,32471,16,4,18,6,15
unit,32472,14,4,16,6,13
unit,32473,15,4,17,6,13
unit,32474,15,4,17,6,13
unit,32475,16,4,18,6,13
unit,32476,15,4,17,6,15
unit,32477,16,4,18,6,15
unit,32478,16,4,18,6,15
unit,32479,17,4,19,6,15
unit,32480,11,4,11,4,11
unit,32481,13,5,13,5,11
unit,32482,13,5,15,5,17
unit,32483,14,5,17,6,17
unit,32484,13,5,15,5,17
unit,32485,14,5,17,6,17
unit,32486,12,4,12,4,13
unit,32487,14,5,14,5,13
unit,32488,13,5,13,5,11
unit,32489,14,5,14,5,11
unit,32490,14,5,17,6,17
unit,32491,15,5,18,6,17
unit,32492,14,5,17,6,17
unit,32493,15,5,18,6,17
unit,32494,14,5,14,5,13
unit,32495,15,5,15,5,13
unit,32496,12,4,12,4,11
unit,32497,14,5,14,5,11
unit,32498,14,5,16,5,17
unit,32499,15,5,18,6,17
unit,32500,14,5,16,5,17
unit,32501,15,5,18,6,17
unit,32502,13,4,13,4,13
unit,32503,15,5,15,5,13
unit,32504,14,5,14,5,11
unit,32505,15,5,15,5,11
unit,32506,15,5,18,6,17
unit,32507,16,5,19,6,17
unit,32508,15,5,18,6,17
unit,32509,16,5,19,6,17
unit,32510,15,5,15,5,13
unit,32511,16,5,16,5,13
unit,32512,7,2,7,2,9
unit,32513,9,3,9,3,9
unit,32514,9,3,9,3,9
unit,32515,10,3,10,3,9
unit,32516,9,3,9,3,9
unit,32517,10,3,10,3,9
unit,32518,10,3,10,3,9
unit,32519,11,3,11,3,9
unit,32520,9,3,9,3,9
unit,32521,10,3,10,3,9
unit,32522,10,3,10,3,9
unit,32523,11,3,11,3,9
unit,32524,10,3,10,3,9
unit,32525,11,3,11,3,9
unit,32526,11,3,11,3,9
unit,32527,12,3,12,3,9
unit,32528,9,3,10,3,13
unit,32529,11,3,11,3,15
unit,32530,11,4,12,4,13
unit,32531,12,4,13,4,15
unit,32532,11,4,12,4,13
unit,32533,12,4,13,4,15
unit,32534,12,4,13,4,13
unit,32535,13,4,14,4,15
unit,32536,11,4,12,4,13
unit,32537,12,4,13,4,15
unit,32538,12,4,13,4,13
unit,32539,13,4,14,4,15
unit,32540,12,4,13,4,13
unit,32541,13,4,14,4,15
unit,32542,13,4,14,4,13
unit,32543,14,4,15,4,15
unit,32544,9,3,10,3,13
unit,32545,11,4,12,4,13
unit,32546,11,3,11,3,15
unit,32547,12,4,13,4,15
unit,32548,11,4,12,4,13
unit,32549,12,4,13,4,13
unit,32550,12,4,13,4,15
unit,32551,13,4,14,4,15
unit,32552,11,4,12,4,13
unit,32553,12,4,13,4,13
unit,32554,12,4,13,4,15
unit,32555,13,4,14,4,15
unit,32556,12,4,13,4,13
unit,32557,13,4,14,4,13
unit,32558,13,4,14,4,15
unit,32559,14,4,15,4,15
unit,32560,10,3,10,3,13
unit,32561,12,4,14,4,19
unit,32562,12,4,14,4,19
unit,32563,11,3,11,3,15
unit,32564,12,4,12,4,13
unit,32565,13,4,16,5,19
unit,32566,13,4,16,5,19
unit,32567,13,4,13,4,15
unit,32568,12,4,12,4,13
unit,32569,13,4,16,5,19
unit,32570,13,4,16,5,19
unit,32571,13,4,13,4,15
unit,32572,13,4,13,4,13
unit,32573,14,4,17,5,19
unit,32574,14,4,17,5,19
unit,32575,14,4,14,4,15
unit,32576,9,3,10,3,13
unit,32577,11,4,12,4,13
unit,32578,11,4,12,4,13
unit,32579,12,4,13,4,13
unit,32580,11,3,11,3,15
unit,32581,12,4,13,4,15
unit,32582,12,4,13,4,15
unit,32583,13,4,14,4,15
unit,32584,11,4,12,4,13
unit,32585,12,4,13,4,13
unit,32586,12,4,13,4,13
unit,32587,13,4,14,4,13
unit,32588,12,4,13,4,15
unit,32589,13,4,14,4,15
unit,32590,13,4,14,4,15
unit,32591,14,4,15,4,15
unit,32592,10,3,10,3,13
unit,32593,12,4,14,4,19
unit,32594,12,4,12,4,13
unit,32595,13,4,16,5,19
unit,32596,12,4,14,4,19
unit,32597,11,3,11,3,15
unit,32598,13,4,16,5,19
unit,32599,13,4,13,4,15
unit,32600,12,4,12,4,13
unit,32601,13,4,16,5,19
unit,32602,13,4,13,4,13
unit,32603,14,4,17,5,19
unit,32604,13,4,16,5,19
unit,32605,13,4,13,4,15
unit,32606,14,4,17,5,19
unit,32607,14,4,14,4,15
unit,32608,10,3,10,3,13
unit,32609,12,4,12,4,13
unit,32610,12,4,14,4,19
unit,32611,13,4,16,5,19
unit,32612,12,4,14,4,19
unit,32613,13,4,16,5,19
unit,32614,11,3,11,3,15
unit,32615,13,4,13,4,15
unit,32616,12,4,12,4,13
unit,32617,13,4,13,4,13
unit,32618,13,4,16,5,19
unit,32619,14,4,17,5,19
unit,32620,13,4,16,5,19
unit,32621,14,4,17,5,19
unit,32622,13,4,13,4,15
unit,32623,14,4,14,4,15
unit,32624,8,2,8,2,11
unit,32625,10,3,12,3,17
unit,32626,10,3,12,3,17
unit,32627,11,3,12,3,17
unit,32628,10,3,12,3,17
unit,32629,11,3,12,3,17
unit,32630,11,3,12,3,17
unit,32631,9,2,9,2,13
unit,32632,10,3,10,3,11
unit,32633,11,3,14,4,17
unit,32634,11,3,14,4,17
unit,32635,12,3,14,4,17
unit,32636,11,3,14,4,17
unit,32637,12,3,14,4,17
unit,32638,12,3,14,4,17
unit,32639,11,3,11,3,13
unit,32640,9,3,9,3,9
unit,32641,11,4,11,4,9
unit,32642,11,4,11,4,9
unit,32643,12,4,12,4,9
unit,32644,11,4,11,4,9
unit,32645,12,4,12,4,9
unit,32646,12,4,12,4,9
unit,32647,13,4,13,4,9
unit,32648,11,4,11,4,9
unit,32649,12,4,12,4,9
unit,32650,12,4,12,4,9
unit,32651,13,4,13,4,9
unit,32652,12,4,12,4,9
unit,32653,13,4,13,4,9
unit,32654,13,4,13,4,9
unit,32655,14,4,14,4,9
unit,32656,10,3,12,4,13
unit,32657,12,4,13,4,15
unit,32658,12,4,14,5,13
unit,32659,13,4,15,5,15
unit,32660,12,4,14,5,13
unit,32661,13,4,15,5,15
unit,32662,13,4,15,5,13
unit,32663,14,4,16,5,15
unit,32664,12,4,14,5,13
unit,32665,13,4,15,5,15
unit,32666,13,4,15,5,13
unit,32667,14,4,16,5,15
unit,32668,13,4,15,5,13
unit,32669,14,4,16,5,15
unit,32670,14,4,16,5,13
unit,32671,15,4,17,5,15
unit,32672,10,3,12,4,13
unit,32673,12,4,14,5,13
unit,32674,12,4,13,4,15
unit,32675,13,4,15,5,15
unit,32676,12,4,14,5,13
unit,32677,13,4,15,5,13
unit,32678,13,4,15,5,15
unit,32679,14,4,16,5,15
unit,32680,12,4,14,5,13
unit,32681,13,4,15,5,13
unit,32682,13,4,15,5,15
unit,32683,14,4,16,5,15
unit,32684,13,4,15,5,13
unit,32685,14,4,16,5,13
unit,32686,14,4,16,5,15
unit,32687,15,4,17,5,15
unit,32688,11,3,12,4,13
unit,32689,13,4,16,5,19
unit,32690,13,4,16,5,19
unit,32691,13,4,13,4,15
unit,32692,13,4,14,5,13
unit,32693,14,4,18,6,19
unit,32694,14,4,18,6,19
unit,32695,15,4,15,5,15
unit,32696,13,4,14,5,13
unit,32697,14,4,18,6,19
unit,32698,14,4,18,6,19
unit,32699,15,4,15,5,15
unit,32700,14,4,15,5,13
unit,32701,15,4,19,6,19
unit,32702,15,4,19,6,19
unit,32703,16,4,16,5,15
unit,32704,10,3,12,4,13
unit,32705,12,4,14,5,13
unit,32706,12,4,14,5,13
unit,32707,13,4,15,5,13
unit,32708,12,4,13,4,15
unit,32709,13,4,15,5,15
unit,32710,13,4,15,5,15
unit,32711,14,4,16,5,15
unit,32712,12,4,14,5,13
unit,32713,13,4,15,5,13
unit,32714,13,4,15,5,13
unit,32715,14,4,16,5,13
unit,32716,13,4,15,5,15
unit,32717,14,4,16,5,15
unit,32718,14,4,16,5,15
unit,32719,15,4,17,5,15
unit,32720,11,3,12,4,13
unit,32721,13,4,16,5,19
unit,32722,13,4,14,5,13
unit,32723,14,4,18,6,19
unit,32724,13,4,16,5,19
unit,32725,13,4,13,4,15
unit,32726,14,4,18,6,19
unit,32727,15,4,15,5,15
unit,32728,13,4,14,5,13
unit,32729,14,4,18,6,19
unit,32730,14,4,15,5,13
unit,32731,15,4,19,6,19
unit,32732,14,4,18,6,19
unit,32733,15,4,15,5,15
unit,32734,15,4,19,6,19
unit,32735,16,4,16,5,15
unit,32736,11,3,12,4,13
unit,32737,13,4,14,5,13
unit,32738,13,4,16,5,19
unit,32739,14,4,18,6,19
unit,32740,13,4,16,5,19
unit,32741,14,4,18,6,19
unit,32742,13,4,13,4,15
unit,32743,15,4,15,5,15
unit,32744,13,4,14,5,13
unit,32745,14,4,15,5,13
unit,32746,14,4,18,6,19
unit,32747,15,4,19,6,19
unit,32748,14,4,18,6,19
unit,32749,15,4,19,6,19
unit,32750,15,4,15,5,15
unit,32751,16,4,16,5,15
unit,32752,10,3,10,3,11
unit,32753,12,4,14,4,17
unit,32754,12,4,14,4,17
unit,32755,13,4,14,4,17
unit,32756,12,4,14,4,17
unit,32757,13,4,14,4,17
unit,32758,13,4,14,4,17
unit,32759,11,3,11,3,13
unit,32760,12,4,12,4,11
unit,32761,13,4,16,5,17
unit,32762,13,4,16,5,17
unit,32763,14,4,16,5,17
unit,32764,13,4,16,5,17
unit,32765,14,4,16,5,17
unit,32766,14,4,16,5,17
unit,32767,13,4,13,4,13
skew,24576,35,1,35,1,7
skew,24577,45,2,45,2,7
skew,24578,50,2,50,2,7
skew,24579,51,2,51,2,7
skew,24580,55,2,55,2,7
skew,24581,56,2,56,2,7
skew,24582,61,2,61,2,7
skew,24583,62,2,62,2,7
skew,24584,60,2,60,2,7
skew,24585,61,2,61,2,7
skew,24586,66,2,66,2,7
skew,24587,67,2,67,2,7
skew,24588,71,2,71,2,7
skew,24589,72,2,72,2,7
skew,24590,77,2,77,2,7
skew,24591,78,2,78,2,7
skew,24592,48,2,48,2,7
skew,24593,58,3,58,3,7
skew,24594,63,3,63,3,7
skew,24595,64,3,64,3,7
skew,24596,68,3,68,3,7
skew,24597,69,3,69,3,7
skew,24598,74,3,74,3,7
skew,24599,75,3,75,3,7
skew,24600,73,3,73,3,7
skew,24601,74,3,74,3,7
skew,24602,79,3,79,3,7
skew,24603,80,3,80,3,7
skew,24604,84,3,84,3,7
skew,24605,85,3,85,3,7
skew,24606,90,3,90,3,7
skew,24607,91,3,91,3,7
skew,24608,53,2,53,2,7
skew,24609,63,3,63,3,7
skew,24610,68,3,68,3,7
skew,24611,69,3,69,3,7
skew,24612,73,3,73,3,7
skew,24613,74,3,74,3,7
skew,24614,79,3,79,3,7
skew,24615,80,3,80,3,7
skew,24616,78,3,78,3,7
skew,24617,79,3,79,3,7
skew,24618,84,3,84,3,7
skew,24619,85,3,85,3,7
skew,24620,89,3,89,3,7
skew,24621,90,3,90,3,7
skew,24622,95,3,95,3,7
skew,24623,96,3,96,3,7
skew,24624,54,2,54,2,7
skew,24625,64,3,64,3,7
skew,24626,69,3,69,3,7
skew,24627,70,3,70,3,7
skew,24628,74,3,74,3,7
skew,24629,75,3,75,3,7
skew,24630,80,3,80,3,7
skew,24631,81,3,81,3,7
skew,24632,79,3,79,3,7
skew,24633,80,3,80,3,7
skew,24634,85,3,85,3,7
skew,24635,86,3,86,3,7
skew,24636,90,3,90,3,7
skew,24637,91,3,91,3,7
skew,24638,96,3,96,3,7
skew,24639,97,3,97,3,7
skew,24640,58,2,58,2,7
skew,24641,68,3,68,3,7
skew,24642,73,3,73,3,7
skew,24643,74,3,74,3,7
skew,24644,78,3,78,3,7
skew,24645,79,3,79,3,7
skew,24646,84,3,84,3,7
skew,24647,85,3,85,3,7
skew,24648,83,3,83,3,7
skew,24649,84,3,84,3,7
skew,24650,89,3,89,3,7
skew,24651,90,3,90,3,7
skew,24652,94,3,94,3,7
skew,24653,95,3,95,3,7
skew,24654,100,3,100,3,7
skew,24655,101,3,101,3,7
skew,24656,59,2,59,2,7
skew,24657,69,3,69,3,7
skew,24658,74,3,74,3,7
skew,24659,75,3,75,3,7
skew,24660,79,3,79,3,7
skew,24661,80,3,80,3,7
skew,24662,85,3,85,3,7
skew,24663,86,3,86,3,7
skew,24664,84,3,84,3,7
skew,24665,85,3,85,3,7
skew,24666,90,3,90,3,7
skew,24667,91,3,91,3,7
skew,24668,95,3,95,3,7
skew,24669,96,3,96,3,7
skew,24670,101,3,101,3,7
skew,24671,102,3,102,3,7
skew,24672,64,2,64,2,7
skew,24673,74,3,74,3,7
skew,24674,79,3,79,3,7
skew,24675,80,3,80,3,7
skew,24676,84,3,84,3,7
skew,24677,85,3,85,3,7
skew,24678,90,3,90,3,7
skew,24679,91,3,91,3,7
skew,24680,89,3,89,3,7
skew,24681,90,3,90,3,7
skew,24682,95,3,95,3,7
skew,24683,96,3,96,3,7
skew,24684,100,3,100,3,7
skew,24685,101,3,101,3,7
skew,24686,106,3,106,3,7
skew,24687,107,3,107,3,7
skew,24688,65,2,65,2,7
skew,24689,75,3,75,3,7
skew,24690,80,3,80,3,7
skew,24691,81,3,81,3,7
skew,24692,85,3,85,3,7
skew,24693,86,3,86,3,7
skew,24694,91,3,91,3,7
skew,24695,92,3,92,3,7
skew,24696,90,3,90,3,7
skew,24697,91,3,91,3,7
skew,24698,96,3,96,3,7
skew,24699,97,3,97,3,7
skew,24700,101,3,101,3,7
skew,24701,102,3,102,3,7
skew,24702,107,3,107,3,7
skew,24703,108,3,108,3,7
skew,24704,63,2,63,2,7
skew,24705,73,3,73,3,7
skew,24706,78,3,78,3,7
skew,24707,79,3,79,3,7
skew,24708,83,3,83,3,7
skew,24709,84,3,84,3,7
skew,24710,89,3,89,3,7
skew,24711,90,3,90,3,7
skew,24712,88,3,88,3,7
skew,24713,89,3,89,3,7
skew,24714,94,3,94,3,7
skew,24715,95,3,95,3,7
skew,24716,99,3,99,3,7
skew,24717,100,3,100,3,7
skew,24718,105,3,105,3,7
skew,24719,106,3,106,3,7
skew,24720,64,2,64,2,7
skew,24721,74,3,74,3,7
skew,24722,79,3,79,3,7
skew,24723,80,3,80,3,7
skew,24724,84,3,84,3,7
skew,24725,85,3,85,3,7
skew,24726,90,3,90,3,7
skew,24727,91,3,91,3,7
skew,24728,89,3,89,3,7
skew,24729,90,3,90,3,7
skew,24730,95,3,95,3,7
skew,24731,96,3,96,3,7
skew,24732,100,3,100,3,7
skew,24733,101,3,101,3,7
skew,24734,106,3,106,3,7
skew,24735,107,3,107,3,7
skew,24736,69,2,69,2,7
skew,24737,79,3,79,3,7
skew,24738,84,3,84,3,7
skew,24739,85,3,85,3,7
skew,24740,89,3,89,3,7
skew,24741,90,3,90,3,7
skew,24742,95,3,95,3,7
skew,24743,96,3,96,3,7
skew,24744,94,3,94,3,7
skew,24745,95,3,95,3,7
skew,24746,100,3,100,3,7
skew,24747,101,3,101,3,7
skew,24748,105,3,105,3,7
skew,24749,106,3,106,3,7
skew,24750,111,3,111,3,7
skew,24751,112,3,112,3,7
skew,24752,70,2,70,2,7
skew,24753,80,3,80,3,7
skew,24754,85,3,85,3,7
skew,24755,86,3,86,3,7
skew,24756,90,3,90,3,7
skew,24757,91,3,91,3,7
skew,24758,96,3,96,3,7
skew,24759,97,3,97,3,7
skew,24760,95,3,95,3,7
skew,24761,96,3,96,3,7
skew,24762,101,3,101,3,7
skew,24763,102,3,102,3,7
skew,24764,106,3,106,3,7
skew,24765,107,3,107,3,7
skew,24766,112,3,112,3,7
skew,24767,113,3,113,3,7
skew,24768,74,2,74,2,7
skew,24769,84,3,84,3,7
skew,24770,89,3,89,3,7
skew,24771,90,3,90,3,7
skew,24772,94,3,94,3,7
skew,24773,95,3,95,3,7
skew,24774,100,3,100,3,7
skew,24775,101,3,101,3,7
skew,24776,99,3,99,3,7
skew,24777,100,3,100,3,7
skew,24778,105,3,105,3,7
skew,24779,106,3,106,3,7
skew,24780,110,3,110,3,7
skew,24781,111,3,111,3,7
skew,24782,116,3,116,3,7
skew,24783,117,3,117,3,7
skew,24784,75,2,75,2,7
skew,24785,85,3,85,3,7
skew,24786,90,3,90,3,7
skew,24787,91,3,91,3,7
skew,24788,95,3,95,3,7
skew,24789,96,3,96,3,7
skew,24790,101,3,101,3,7
skew,24791,102,3,102,3,7
skew,24792,100,3,100,3,7
skew,24793,101,3,101,3,7
skew,24794,106,3,106,3,7
skew,24795,107,3,107,3,7
skew,24796,111,3,111,3,7
skew,24797,112,3,112,3,7
skew,24798,117,3,117,3,7
skew,24799,118,3,118,3,7
skew,24800,80,2,80,2,7
skew,24801,90,3,90,3,7
skew,24802,95,3,95,3,7
skew,24803,96,3,96,3,7
skew,24804,100,3,100,3,7
skew,24805,101,3,101,3,7
skew,24806,106,3,106,3,7
skew,24807,107,3,107,3,7
skew,24808,105,3,105,3,7
skew,24809,106,3,106,3,7
skew,24810,111,3,111,3,7
skew,24811,112,3,112,3,7
skew,24812,116,3,116,3,7
skew,24813,117,3,117,3,7
skew,24814,122,3,122,3,7
skew,24815,123,3,123,3,7
skew,24816,81,2,81,2,7
skew,24817,91,3,91,3,7
skew,24818,96,3,96,3,7
skew,24819,97,3,97,3,7
skew,24820,101,3,101,3,7
skew,24821,102,3,102,3,7
skew,24822,107,3,107,3,7
skew,24823,108,3,108,3,7
skew,24824,106,3,106,3,7
skew,24825,107,3,107,3,7
skew,24826,112,3,112,3,7
skew,24827,113,3,113,3,7
skew,24828,117,3,117,3,7
skew,24829,118,3,118,3,7
skew,24830,123,3,123,3,7
skew,24831,124,3,124,3,7
skew,24832,51,2,51,2,7
skew,24833,61,3,61,3,7
skew,24834,66,3,66,3,7
skew,24835,67,3,67,3,7
skew,24836,71,3,71,3,7
skew,24837,72,3,72,3,7
skew,24838,77,3,77,3,7
skew,24839,78,3,78,3,7
skew,24840,76,3,76,3,7
skew,24841,77,3,77,3,7
skew,24842,82,3,82,3,7
skew,24843,83,3,83,3,7
skew,24844,87,3,87,3,7
skew,24845,88,3,88,3,7
skew,24846,93,3,93,3,7
skew,24847,94,3,94,3,7
skew,24848,64,3,64,3,7
skew,24849,74,4,74,4,7
skew,24850,79,4,79,4,7
skew,24851,80,4,80,4,7
skew,24852,84,4,84,4,7
skew,24853,85,4,85,4,7
skew,24854,90,4,90,4,7
skew,24855,91,4,91,4,7
skew,24856,89,4,89,4,7
skew,24857,90,4,90,4,7
skew,24858,95,4,95,4,7
skew,24859,96,4,96,4,7
skew,24860,100,4,100,4,7
skew,24861,101,4,101,4,7
skew,24862,106,4,106,4,7
skew,24863,107,4,107,4,7
skew,24864,69,3,69,3,7
skew,24865,79,4,79,4,7
skew,24866,84,4,84,4,7
skew,24867,85,4,85,4,7
skew,24868,89,4,89,4,7
skew,24869,90,4,90,4,7
skew,24870,95,4,95,4,7
skew,24871,96,4,96,4,7
skew,24872,94,4,94,4,7
skew,24873,95,4,95,4,7
skew,24874,100,4,100,4,7
skew,24875,101,4,101,4,7
skew,24876,105,4,105,4,7
skew,24877,106,4,106,4,7
skew,24878,111,4,111,4,7
skew,24879,112,4,112,4,7
skew,24880,70,3,70,3,7
skew,24881,80,4,80,4,7
skew,24882,85,4,85,4,7
skew,24883,86,4,86,4,7
skew,24884,90,4,90,4,7
skew,24885,91,4,91,4,7
skew,24886,96,4,96,4,7
skew,24887,97,4,97,4,7
skew,24888,95,4,95,4,7
skew,24889,96,4,96,4,7
skew,24890,101,4,101,4,7
skew,24891,102,4,102,4,7
skew,24892,106,4,106,4,7
skew,24893,107,4,107,4,7
skew,24894,112,4,112,4,7
skew,24895,113,4,113,4,7
skew,24896,74,3,74,3,7
skew,24897,84,4,84,4,7
skew,24898,89,4,89,4,7
skew,24899,90,4,90,4,7
skew,24900,94,4,94,4,7
skew,24901,95,4,95,4,7
skew,24902,100,4,100,4,7
skew,24903,101,4,101,4,7
skew,24904,99,4,99,4,7
skew,24905,100,4,100,4,7
skew,24906,105,4,105,4,7
skew,24907,106,4,106,4,7
skew,24908,110,4,110,4,7
skew,24909,111,4,111,4,7
skew,24910,116,4,116,4,7
skew,24911,117,4,117,4,7
skew,24912,75,3,75,3,7
skew,24913,85,4,85,4,7
skew,24914,90,4,90,4,7
skew,24915,91,4,91,4,7
skew,24916,95,4,95,4,7
skew,24917,96,4,96,4,7
skew,24918,101,4,101,4,7
skew,24919,102,4,102,4,7
skew,24920,100,4,100,4,7
skew,24921,101,4,101,4,7
skew,24922,106,4,106,4,7
skew,24923,107,4,107,4,7
skew,24924,111,4,111,4,7
skew,24925,112,4,112,4,7
skew,24926,117,4,117,4,7
skew,24927,118,4,118,4,7
skew,24928,80,3,80,3,7
skew,24929,90,4,90,4,7
skew,24930,95,4,95,4,7
skew,24931,96,4,96,4,7
skew,24932,100,4,100,4,7
skew,24933,101,4,101,4,7
skew,24934,106,4,106,4,7
skew,24935,107,4,107,4,7
skew,24936,105,4,105,4,7
skew,24937,106,4,106,4,7
skew,24938,111,4,111,4,7
skew,24939,112,4,112,4,7
skew,24940,116,4,116,4,7
skew,24941,117,4,117,4,7
skew,24942,122,4,122,4,7
skew,24943,123,4,123,4,7
skew,24944,81,3,81,3,7
skew,24945,91,4,91,4,7
skew,24946,96,4,96,4,7
skew,24947,97,4,97,4,7
skew,24948,101,4,101,4,7
skew,24949,102,4,102,4,7
skew,24950,107,4,107,4,7
skew,24951,108,4,108,4,7
skew,24952,106,4,106,4,7
skew,24953,107,4,107,4,7
skew,24954,112,4,112,4,7
skew,24955,113,4,113,4,7
skew,24956,117,4,117,4,7
skew,24957,118,4,118,4,7
skew,24958,123,4,123,4,7
skew,24959,124,4,124,4,7
skew,24960,79,3,79,3,7
skew,24961,89,4,89,4,7
skew,24962,94,4,94,4,7
skew,24963,95,4,95,4,7
skew,24964,99,4,99,4,7
skew,24965,100,4,100,4,7
skew,24966,105,4,105,4,7
skew,24967,106,4,106,4,7
skew,24968,104,4,104,4,7
skew,24969,105,4,105,4,7
skew,24970,110,4,110,4,7
skew,24971,111,4,111,4,7
skew,24972,115,4,115,4,7
skew,24973,116,4,116,4,7
skew,24974,121,4,121,4,7
skew,24975,122,4,122,4,7
skew,24976,80,3,80,3,7
skew,24977,90,4,90,4,7
skew,24978,95,4,95,4,7
skew,24979,96,4,96,4,7
skew,24980,100,4,100,4,7
skew,24981,101,4,101,4,7
skew,24982,106,4,106,4,7
skew,24983,107,4,107,4,7
skew,24984,105,4,105,4,7
skew,24985,106,4,106,4,7
skew,24986,111,4,111,4,7
skew,24987,112,4,112,4,7
skew,24988,116,4,116,4,7
skew,24989,117,4,117,4,7
skew,24990,122,4,122,4,7
skew,24991,123,4,123,4,7
skew,24992,85,3,85,3,7
skew,24993,95,4,95,4,7
skew,24994,100,4,100,4,7
skew,24995,101,4,101,4,7
skew,24996,105,4,105,4,7
skew,24997,106,4,106,4,7
skew,24998,111,4,111,4,7
skew,24999,112,4,112,4,7
skew,25000,110,4,110,4,7
skew,25001,111,4,111,4,7
skew,25002,116,4,116,4,7
skew,25003,117,4,117,4,7
skew,25004,121,4,121,4,7
skew,25005,122,4,122,4,7
skew,25006,127,4,127,4,7
skew,25007,128,4,128,4,7
skew,25008,86,3,86,3,7
skew,25009,96,4,96,4,7
skew,25010,101,4,101,4,7
skew,25011,102,4,102,4,7
skew,25012,106,4,106,4,7
skew,25013,107,4,107,4,7
skew,25014,112,4,112,4,7
skew,25015,113,4,113,4,7
skew,25016,111,4,111,4,7
skew,25017,112,4,112,4,7
skew,25018,117,4,117,4,7
skew,25019,118,4,118,4,7
skew,25020,122,4,122,4,7
skew,25021,123,4,123,4,7
skew,25022,128,4,128,4,7
skew,25023,129,4,129,4,7
skew,25024,90,3,90,3,7
skew,25025,100,4,100,4,7
skew,25026,105,4,105,4,7
skew,25027,106,4,106,4,7
skew,25028,110,4,110,4,7
skew,25029,111,4,111,4,7
skew,25030,116,4,116,4,7
skew,25031,117,4,117,4,7
skew,25032,115,4,115,4,7
skew,25033,116,4,116,4,7
skew,25034,121,4,121,4,7
skew,25035,122,4,122,4,7
skew,25036,126,4,126,4,7
skew,25037,127,4,127,4,7
skew,25038,132,4,132,4,7
skew,25039,133,4,133,4,7
skew,25040,91,3,91,3,7
skew,25041,101,4,101,4,7
skew,25042,106,4,106,4,7
skew,25043,107,4,107,4,7
skew,25044,111,4,111,4,7
skew,25045,112,4,112,4,7
skew,25046,117,4,117,4,7
skew,25047,118,4,118,4,7
skew,25048,116,4,116,4,7
skew,25049,117,4,117,4,7
skew,25050,122,4,122,4,7
skew,25051,123,4,123,4,7
skew,25052,127,4,127,4,7
skew,25053,128,4,128,4,7
skew,25054,133,4,133,4,7
skew,25055,134,4,134,4,7
skew,25056,96,3,96,3,7
skew,25057,106,4,106,4,7
skew,25058,111,4,111,4,7
skew,25059,112,4,112,4,7
skew,25060,116,4,116,4,7
skew,25061,117,4,117,4,7
skew,25062,122,4,122,4,7
skew,25063,123,4,123,4,7
skew,25064,121,4,121,4,7
skew,25065,122,4,122,4,7
skew,25066,127,4,127,4,7
skew,25067,128,4,128,4,7
skew,25068,132,4,132,4,7
skew,25069,133,4,133,4,7
skew,25070,138,4,138,4,7
skew,25071,139,4,139,4,7
skew,25072,97,3,97,3,7
skew,25073,107,4,107,4,7
skew,25074,112,4,112,4,7
skew,25075,113,4,113,4,7
skew,25076,117,4,117,4,7
skew,25077,118,4,118,4,7
skew,25078,123,4,123,4,7
skew,25079,124,4,124,4,7
skew,25080,122,4,122,4,7
skew,25081,123,4,123,4,7
skew,25082,128,4,128,4,7
skew,25083,129,4,129,4,7
skew,25084,133,4,133,4,7
skew,25085,134,4,134,4,7
skew,25086,139,4,139,4,7
skew,25087,140,4,140,4,7
skew,25088,56,2,61,2,9
skew,25089,66,3,71,3,9
skew,25090,71,3,76,3,9
skew,25091,72,3,77,3,9
skew,25092,76,3,81,3,9
skew,25093,77,3,82,3,9
skew,25094,82,3,87,3,9
skew,25095,83,3,88,3,9
skew,25096,81,3,86,3,9
skew,25097,82,3,87,3,9
skew,25098,87,3,92,3,9
skew,25099,88,3,93,3,9
skew,25100,92,3,97,3,9
skew,25101,93,3,98,3,9
skew,25102,98,3,103,3,9
skew,25103,99,3,104,3,9
skew,25104,69,3,74,3,9
skew,25105,79,4,84,4,9
skew,25106,84,4,89,4,9
skew,25107,85,4,90,4,9
skew,25108,89,4,94,4,9
skew,25109,90,4,95,4,9
skew,25110,95,4,100,4,9
skew,25111,96,4,101,4,9
skew,25112,94,4,99,4,9
skew,25113,95,4,100,4,9
skew,25114,100,4,105,4,9
skew,25115,101,4,106,4,9
skew,25116,105,4,110,4,9
skew,25117,106,4,111,4,9
skew,25118,111,4,116,4,9
skew,25119,112,4,117,4,9
skew,25120,66,2,66,2,11
skew,25121,76,3,76,3,11
skew,25122,68,2,68,2,13
skew,25123,78,3,78,3,13
skew,25124,86,3,86,3,11
skew,25125,87,3,87,3,11
skew,25126,88,3,88,3,13
skew,25127,89,3,89,3,13
skew,25128,91,3,91,3,11
skew,25129,92,3,92,3,11
skew,25130,93,3,93,3,13
skew,25131,94,3,94,3,13
skew,25132,102,3,102,3,11
skew,25133,103,3,103,3,11
skew,25134,104,3,104,3,13
skew,25135,105,3,105,3,13
skew,25136,75,3,79,3,11
skew,25137,85,4,89,4,11
skew,25138,81,3,81,3,13
skew,25139,91,4,91,4,13
skew,25140,95,4,99,4,11
skew,25141,96,4,100,4,11
skew,25142,101,4,101,4,13
skew,25143,102,4,102,4,13
skew,25144,100,4,104,4,11
skew,25145,101,4,105,4,11
skew,25146,106,4,106,4,13
skew,25147,107,4,107,4,13
skew,25148,111,4,115,4,11
skew,25149,112,4,116,4,11
skew,25150,117,4,117,4,13
skew,25151,118,4,118,4,13
skew,25152,79,3,84,3,9
skew,25153,89,4,94,4,9
skew,25154,94,4,99,4,9
skew,25155,95,4,100,4,9
skew,25156,99,4,104,4,9
skew,25157,100,4,105,4,9
skew,25158,105,4,110,4,9
skew,25159,106,4,111,4,9
skew,25160,104,4,109,4,9
skew,25161,105,4,110,4,9
skew,25162,110,4,115,4,9
skew,25163,111,4,116,4,9
skew,25164,115,4,120,4,9
skew,25165,116,4,121,4,9
skew,25166,121,4,126,4,9
skew,25167,122,4,127,4,9
skew,25168,80,3,85,3,9
skew,25169,90,4,95,4,9
skew,25170,95,4,100,4,9
skew,25171,96,4,101,4,9
skew,25172,100,4,105,4,9
skew,25173,101,4,106,4,9
skew,25174,106,4,111,4,9
skew,25175,107,4,112,4,9
skew,25176,105,4,110,4,9
skew,25177,106,4,111,4,9
skew,25178,111,4,116,4,9
skew,25179,112,4,117,4,9
skew,25180,116,4,121,4,9
skew,25181,117,4,122,4,9
skew,25182,122,4,127,4,9
skew,25183,123,4,128,4,9
skew,25184,85,3,89,3,11
skew,25185,95,4,99,4,11
skew,25186,91,3,91,3,13
skew,25187,101,4,101,4,13
skew,25188,105,4,109,4,11
skew,25189,106,4,110,4,11
skew,25190,111,4,111,4,13
skew,25191,112,4,112,4,13
skew,25192,110,4,114,4,11
skew,25193,111,4,115,4,11
skew,25194,116,4,116,4,13
skew,25195,117,4,117,4,13
skew,25196,121,4,125,4,11
skew,25197,122,4,126,4,11
skew,25198,127,4,127,4,13
skew,25199,128,4,128,4,13
skew,25200,86,3,90,3,11
skew,25201,96,4,100,4,11
skew,25202,92,3,92,3,13
skew,25203,102,4,102,4,13
skew,25204,106,4,110,4,11
skew,25205,107,4,111,4,11
skew,25206,112,4,112,4,13
skew,25207,113,4,113,4,13
skew,25208,111,4,115,4,11
skew,25209,112,4,116,4,11
skew,25210,117,4,117,4,13
skew,25211,118,4,118,4,13
skew,25212,122,4,126,4,11
skew,25213,123,4,127,4,11
skew,25214,128,4,128,4,13
skew,25215,129,4,129,4,13
skew,25216,84,3,89,3,9
skew,25217,94,4,99,4,9
skew,25218,99,4,104,4,9
skew,25219,100,4,105,4,9
skew,25220,104,4,109,4,9
skew,25221,105,4,110,4,9
skew,25222,110,4,115,4,9
skew,25223,111,4,116,4,9
skew,25224,109,4,114,4,9
skew,25225,110,4,115,4,9
skew,25226,115,4,120,4,9
skew,25227,116,4,121,4,9
skew,25228,120,4,125,4,9
skew,25229,121,4,126,4,9
skew,25230,126,4,131,4,9
skew,25231,127,4,132,4,9
skew,25232,85,3,90,3,9
skew,25233,95,4,100,4,9
skew,25234,100,4,105,4,9
skew,25235,101,4,106,4,9
skew,25236,105,4,110,4,9
skew,25237,106,4,111,4,9
skew,25238,111,4,116,4,9
skew,25239,112,4,117,4,9
skew,25240,110,4,115,4,9
skew,25241,111,4,116,4,9
skew,25242,116,4,121,4,9
skew,25243,117,4,122,4,9
skew,25244,121,4,126,4,9
skew,25245,122,4,127,4,9
skew,25246,127,4,132,4,9
skew,25247,128,4,133,4,9
skew,25248,90,3,94,3,11
skew,25249,100,4,104,4,11
skew,25250,96,3,96,3,13
skew,25251,106,4,106,4,13
skew,25252,110,4,114,4,11
skew,25253,111,4,115,4,11
skew,25254,116,4,116,4,13
skew,25255,117,4,117,4,13
skew,25256,115,4,119,4,11
skew,25257,116,4,120,4,11
skew,25258,121,4,121,4,13
skew,25259,122,4,122,4,13
skew,25260,126,4,130,4,11
skew,25261,127,4,131,4,11
skew,25262,132,4,132,4,13
skew,25263,133,4,133,4,13
skew,25264,91,3,95,3,11
skew,25265,101,4,105,4,11
skew,25266,97,3,97,3,13
skew,25267,107,4,107,4,13
skew,25268,111,4,115,4,11
skew,25269,112,4,116,4,11
skew,25270,117,4,117,4,13
skew,25271,118,4,118,4,13
skew,25272,116,4,120,4,11
skew,25273,117,4,121,4,11
skew,25274,122,4,122,4,13
skew,25275,123,4,123,4,13
skew,25276,127,4,131,4,11
skew,25277,128,4,132,4,11
skew,25278,133,4,133,4,13
skew,25279,134,4,134,4,13
skew,25280,95,3,100,3,9
skew,25281,105,4,110,4,9
skew,25282,110,4,115,4,9
skew,25283,111,4,116,4,9
skew,25284,115,4,120,4,9
skew,25285,116,4,121,4,9
skew,25286,121,4,126,4,9
skew,25287,122,4,127,4,9
skew,25288,120,4,125,4,9
skew,25289,121,4,126,4,9
skew,25290,126,4,131,4,9
skew,25291,127,4,132,4,9
skew,25292,131,4,136,4,9
skew,25293,132,4,137,4,9
skew,25294,137,4,142,4,9
skew,25295,138,4,143,4,9
skew,25296,96,3,101,3,9
skew,25297,106,4,111,4,9
skew,25298,111,4,116,4,9
skew,25299,112,4,117,4,9
skew,25300,116,4,121,4,9
skew,25301,117,4,122,4,9
skew,25302,122,4,127,4,9
skew,25303,123,4,128,4,9
skew,25304,121,4,126,4,9
skew,25305,122,4,127,4,9
skew,25306,127,4,132,4,9
skew,25307,128,4,133,4,9
skew,25308,132,4,137,4,9
skew,25309,133,4,138,4,9
skew,25310,138,4,143,4,9
skew,25311,139,4,144,4,9
skew,25312,101,3,105,3,11
skew,25313,111,4,115,4,11
skew,25314,107,3,107,3,13
skew,25315,117,4,117,4,13
skew,25316,121,4,125,4,11
skew,25317,122,4,126,4,11
skew,25318,127,4,127,4,13
skew,25319,128,4,128,4,13
skew,25320,126,4,130,4,11
skew,25321,127,4,131,4,11
skew,25322,132,4,132,4,13
skew,25323,133,4,133,4,13
skew,25324,137,4,141,4,11
skew,25325,138,4,142,4,11
skew,25326,143,4,143,4,13
skew,25327,144,4,144,4,13
skew,25328,102,3,106,3,11
skew,25329,112,4,116,4,11
skew,25330,108,3,108,3,13
skew,25331,118,4,118,4,13
skew,25332,122,4,126,4,11
skew,25333,123,4,127,4,11
skew,25334,128,4,128,4,13
skew,25335,129,4,129,4,13
skew,25336,127,4,131,4,11
skew,25337,128,4,132,4,11
skew,25338,133,4,133,4,13
skew,25339,134,4,134,4,13
skew,25340,138,4,142,4,11
skew,25341,139,4,143,4,11
skew,25342,144,4,144,4,13
skew,25343,145,4,145,4,13
skew,25344,57,2,77,3,9
skew,25345,67,3,87,4,9
skew,25346,72,3,92,4,9
skew,25347,73,3,93,4,9
skew,25348,77,3,97,4,9
skew,25349,78,3,98,4,9
skew,25350,83,3,103,4,9
skew,25351,84,3,104,4,9
skew,25352,82,3,102,4,9
skew,25353,83,3,103,4,9
skew,25354,88,3,108,4,9
skew,25355,89,3,109,4,9
skew,25356,93,3,113,4,9
skew,25357,94,3,114,4,9
skew,25358,99,3,119,4,9
skew,25359,100,3,120,4,9
skew,25360,70,3,90,4,9
skew,25361,80,4,100,5,9
skew,25362,85,4,105,5,9
skew,25363,86,4,106,5,9
skew,25364,90,4,110,5,9
skew,25365,91,4,111,5,9
skew,25366,96,4,116,5,9
skew,25367,97,4,117,5,9
skew,25368,95,4,115,5,9
skew,25369,96,4,116,5,9
skew,25370,101,4,121,5,9
skew,25371,102,4,122,5,9
skew,25372,106,4,126,5,9
skew,25373,107,4,127,5,9
skew,25374,112,4,132,5,9
skew,25375,113,4,133,5,9
skew,25376,75,3,82,3,11
skew,25377,85,4,92,4,11
skew,25378,84,3,84,3,13
skew,25379,91,4,94,4,13
skew,25380,95,4,102,4,11
skew,25381,96,4,103,4,11
skew,25382,101,4,104,4,13
skew,25383,102,4,105,4,13
skew,25384,100,4,107,4,11
skew,25385,101,4,108,4,11
skew,25386,106,4,109,4,13
skew,25387,107,4,110,4,13
skew,25388,111,4,118,4,11
skew,25389,112,4,119,4,11
skew,25390,117,4,120,4,13
skew,25391,118,4,121,4,13
skew,25392,76,3,95,4,11
skew,25393,86,4,105,5,11
skew,25394,91,4,97,4,13
skew,25395,92,4,107,5,13
skew,25396,96,4,115,5,11
skew,25397,97,4,116,5,11
skew,25398,102,4,117,5,13
skew,25399,103,4,118,5,13
skew,25400,101,4,120,5,11
skew,25401,102,4,121,5,11
skew,25402,107,4,122,5,13
skew,25403,108,4,123,5,13
skew,25404,112,4,131,5,11
skew,25405,113,4,132,5,11
skew,25406,118,4,133,5,13
skew,25407,119,4,134,5,13
skew,25408,80,3,100,4,9
skew,25409,90,4,110,5,9
skew,25410,95,4,115,5,9
skew,25411,96,4,116,5,9
skew,25412,100,4,120,5,9
skew,25413,101,4,121,5,9
skew,25414,106,4,126,5,9
skew,25415,107,4,127,5,9
skew,25416,105,4,125,5,9
skew,25417,106,4,126,5,9
skew,25418,111,4,131,5,9
skew,25419,112,4,132,5,9
skew,25420,116,4,136,5,9
skew,25421,117,4,137,5,9
skew,25422,122,4,142,5,9
skew,25423,123,4,143,5,9
skew,25424,81,3,101,4,9
skew,25425,91,4,111,5,9
skew,25426,96,4,116,5,9
skew,25427,97,4,117,5,9
skew,25428,101,4,121,5,9
skew,25429,102,4,122,5,9
skew,25430,107,4,127,5,9
skew,25431,108,4,128,5,9
skew,25432,106,4,126,5,9
skew,25433,107,4,127,5,9
skew,25434,112,4,132,5,9
skew,25435,113,4,133,5,9
skew,25436,117,4,137,5,9
skew,25437,118,4,138,5,9
skew,25438,123,4,143,5,9
skew,25439,124,4,144,5,9
skew,25440,86,3,105,4,11
skew,25441,96,4,115,5,11
skew,25442,101,4,107,4,13
skew,25443,102,4,117,5,13
skew,25444,106,4,125,5,11
skew,25445,107,4,126,5,11
skew,25446,112,4,127,5,13
skew,25447,113,4,128,5,13
skew,25448,111,4,130,5,11
skew,25449,112,4,131,5,11
skew,25450,117,4,132,5,13
skew,25451,118,4,133,5,13
skew,25452,122,4,141,5,11
skew,25453,123,4,142,5,11
skew,25454,128,4,143,5,13
skew,25455,129,4,144,5,13
skew,25456,87,3,106,4,11
skew,25457,97,4,116,5,11
skew,25458,102,4,108,4,13
skew,25459,103,4,118,5,13
skew,25460,107,4,126,5,11
skew,25461,108,4,127,5,11
skew,25462,113,4,128,5,13
skew,25463,114,4,129,5,13
skew,25464,112,4,131,5,11
skew,25465,113,4,132,5,11
skew,25466,118,4,133,5,13
skew,25467,119,4,134,5,13
skew,25468,123,4,142,5,11
skew,25469,124,4,143,5,11
skew,25470,129,4,144,5,13
skew,25471,130,4,145,5,13
skew,25472,85,3,105,4,9
skew,25473,95,4,115,5,9
skew,25474,100,4,120,5,9
skew,25475,101,4,121,5,9
skew,25476,105,4,125,5,9
skew,25477,106,4,126,5,9
skew,25478,111,4,131,5,9
skew,25479,112,4,132,5,9
skew,25480,110,4,130,5,9
skew,25481,111,4,131,5,9
skew,25482,116,4,136,5,9
skew,25483,117,4,137,5,9
skew,25484,121,4,141,5,9
skew,25485,122,4,142,5,9
skew,25486,127,4,147,5,9
skew,25487,128,4,148,5,9
skew,25488,86,3,106,4,9
skew,25489,96,4,116,5,9
skew,25490,101,4,121,5,9
skew,25491,102,4,122,5,9
skew,25492,106,4,126,5,9
skew,25493,107,4,127,5,9
skew,25494,112,4,132,5,9
skew,25495,113,4,133,5,9
skew,25496,111,4,131,5,9
skew,25497,112,4,132,5,9
skew,25498,117,4,137,5,9
skew,25499,118,4,138,5,9
skew,25500,122,4,142,5,9
skew,25501,123,4,143,5,9
skew,25502,128,4,148,5,9
skew,25503,129,4,149,5,9
skew,25504,91,3,110,4,11
skew,25505,101,4,120,5,11
skew,25506,106,4,112,4,13
skew,25507,107,4,122,5,13
skew,25508,111,4,130,5,11
skew,25509,112,4,131,5,11
skew,25510,117,4,132,5,13
skew,25511,118,4,133,5,13
skew,25512,116,4,135,5,11
skew,25513,117,4,136,5,11
skew,25514,122,4,137,5,13
skew,25515,123,4,138,5,13
skew,25516,127,4,146,5,11
skew,25517,128,4,147,5,11
skew,25518,133,4,148,5,13
skew,25519,134,4,149,5,13
skew,25520,92,3,111,4,11
skew,25521,102,4,121,5,11
skew,25522,107,4,113,4,13
skew,25523,108,4,123,5,13
skew,25524,112,4,131,5,11
skew,25525,113,4,132,5,11
skew,25526,118,4,133,5,13
skew,25527,119,4,134,5,13
skew,25528,117,4,136,5,11
skew,25529,118,4,137,5,11
skew,25530,123,4,138,5,13
skew,25531,124,4,139,5,13
skew,25532,128,4,147,5,11
skew,25533,129,4,148,5,11
skew,25534,134,4,149,5,13
skew,25535,135,4,150,5,13
skew,25536,96,3,116,4,9
skew,25537,106,4,126,5,9
skew,25538,111,4,131,5,9
skew,25539,112,4,132,5,9
skew,25540,116,4,136,5,9
skew,25541,117,4,137,5,9
skew,25542,122,4,142,5,9
skew,25543,123,4,143,5,9
skew,25544,121,4,141,5,9
skew,25545,122,4,142,5,9
skew,25546,127,4,147,5,9
skew,25547,128,4,148,5,9
skew,25548,132,4,152,5,9
skew,25549,133,4,153,5,9
skew,25550,138,4,158,5,9
skew,25551,139,4,159,5,9
skew,25552,97,3,117,4,9
skew,25553,107,4,127,5,9
skew,25554,112,4,132,5,9
skew,25555,113,4,133,5,9
skew,25556,117,4,137,5,9
skew,25557,118,4,138,5,9
skew,25558,123,4,143,5,9
skew,25559,124,4,144,5,9
skew,25560,122,4,142,5,9
skew,25561,123,4,143,5,9
skew,25562,128,4,148,5,9
skew,25563,129,4,149,5,9
skew,25564,133,4,153,5,9
skew,25565,134,4,154,5,9
skew,25566,139,4,159,5,9
skew,25567,140,4,160,5,9
skew,25568,102,3,121,4,11
skew,25569,112,4,131,5,11
skew,25570,117,4,123,4,13
skew,25571,118,4,133,5,13
skew,25572,122,4,141,5,11
skew,25573,123,4,142,5,11
skew,25574,128,4,143,5,13
skew,25575,129,4,144,5,13
skew,25576,127,4,146,5,11
skew,25577,128,4,147,5,11
skew,25578,133,4,148,5,13
skew,25579,134,4,149,5,13
skew,25580,138,4,157,5,11
skew,25581,139,4,158,5,11
skew,25582,144,4,159,5,13
skew,25583,145,4,160,5,13
skew,25584,103,3,122,4,11
skew,25585,113,4,132,5,11
skew,25586,118,4,124,4,13
skew,25587,119,4,134,5,13
skew,25588,123,4,142,5,11
skew,25589,124,4,143,5,11
skew,25590,129,4,144,5,13
skew,25591,130,4,145,5,13
skew,25592,128,4,147,5,11
skew,25593,129,4,148,5,11
skew,25594,134,4,149,5,13
skew,25595,135,4,150,5,13
skew,25596,139,4,158,5,11
skew,25597,140,4,159,5,11
skew,25598,145,4,160,5,13
skew,25599,146,4,161,5,13
skew,25600,61,2,61,2,9
skew,25601,71,3,71,3,9
skew,25602,76,3,76,3,9
skew,25603,77,3,77,3,9
skew,25604,81,3,81,3,9
skew,25605,82,3,82,3,9
skew,25606,87,3,87,3,9
skew,25607,88,3,88,3,9
skew,25608,86,3,86,3,9
skew,25609,87,3,87,3,9
skew,25610,92,3,92,3,9
skew,25611,93,3,93,3,9
skew,25612,97,3,97,3,9
skew,25613,98,3,98,3,9
skew,25614,103,3,103,3,9
skew,25615,104,3,104,3,9
skew,25616,74,3,74,3,9
skew,25617,84,4,84,4,9
skew,25618,89,4,89,4,9
skew,25619,90,4,90,4,9
skew,25620,94,4,94,4,9
skew,25621,95,4,95,4,9
skew,25622,100,4,100,4,9
skew,25623,101,4,101,4,9
skew,25624,99,4,99,4,9
skew,25625,100,4,100,4,9
skew,25626,105,4,105,4,9
skew,25627,106,4,106,4,9
skew,25628,110,4,110,4,9
skew,25629,111,4,111,4,9
skew,25630,116,4,116,4,9
skew,25631,117,4,117,4,9
skew,25632,79,3,79,3,9
skew,25633,89,4,89,4,9
skew,25634,94,4,94,4,9
skew,25635,95,4,95,4,9
skew,25636,99,4,99,4,9
skew,25637,100,4,100,4,9
skew,25638,105,4,105,4,9
skew,25639,106,4,106,4,9
skew,25640,104,4,104,4,9
skew,25641,105,4,105,4,9
skew,25642,110,4,110,4,9
skew,25643,111,4,111,4,9
skew,25644,115,4,115,4,9
skew,25645,116,4,116,4,9
skew,25646,121,4,121,4,9
skew,25647,122,4,122,4,9
skew,25648,80,3,80,3,9
skew,25649,90,4,90,4,9
skew,25650,95,4,95,4,9
skew,25651,96,4,96,4,9
skew,25652,100,4,100,4,9
skew,25653,101,4,101,4,9
skew,25654,106,4,106,4,9
skew,25655,107,4,107,4,9
skew,25656,105,4,105,4,9
skew,25657,106,4,106,4,9
skew,25658,111,4,111,4,9
skew,25659,112,4,112,4,9
skew,25660,116,4,116,4,9
skew,25661,117,4,117,4,9
skew,25662,122,4,122,4,9
skew,25663,123,4,123,4,9
skew,25664,66,2,66,2,11
skew,25665,76,3,76,3,11
skew,25666,81,3,81,3,11
skew,25667,82,3,82,3,11
skew,25668,68,2,68,2,13
skew,25669,78,3,78,3,13
skew,25670,83,3,83,3,13
skew,25671,84,3,84,3,13
skew,25672,91,3,91,3,11
skew,25673,92,3,92,3,11
skew,25674,97,3,97,3,11
skew,25675,98,3,98,3,11
skew,25676,93,3,93,3,13
skew,25677,94,3,94,3,13
skew,25678,99,3,99,3,13
skew,25679,100,3,100,3,13
skew,25680,79,3,79,3,11
skew,25681,89,4,89,4,11
skew,25682,94,4,94,4,11
skew,25683,95,4,95,4,11
skew,25684,81,3,81,3,13
skew,25685,91,4,91,4,13
skew,25686,96,4,96,4,13
skew,25687,97,4,97,4,13
skew,25688,104,4,104,4,11
skew,25689,105,4,105,4,11
skew,25690,110,4,110,4,11
skew,25691,111,4,111,4,11
skew,25692,106,4,106,4,13
skew,25693,107,4,107,4,13
skew,25694,112,4,112,4,13
skew,25695,113,4,113,4,13
skew,25696,84,3,84,3,11
skew,25697,94,4,94,4,11
skew,25698,99,4,99,4,11
skew,25699,100,4,100,4,11
skew,25700,86,3,86,3,13
skew,25701,96,4,96,4,13
skew,25702,101,4,101,4,13
skew,25703,102,4,102,4,13
skew,25704,109,4,109,4,11
skew,25705,110,4,110,4,11
skew,25706,115,4,115,4,11
skew,25707,116,4,116,4,11
skew,25708,111,4,111,4,13
skew,25709,112,4,112,4,13
skew,25710,117,4,117,4,13
skew,25711,118,4,118,4,13
skew,25712,85,3,85,3,11
skew,25713,95,4,95,4,11
skew,25714,100,4,100,4,11
skew,25715,101,4,101,4,11
skew,25716,87,3,87,3,13
skew,25717,97,4,97,4,13
skew,25718,102,4,102,4,13
skew,25719,103,4,103,4,13
skew,25720,110,4,110,4,11
skew,25721,111,4,111,4,11
skew,25722,116,4,116,4,11
skew,25723,117,4,117,4,11
skew,25724,112,4,112,4,13
skew,25725,113,4,113,4,13
skew,25726,118,4,118,4,13
skew,25727,119,4,119,4,13
skew,25728,89,3,89,3,9
skew,25729,99,4,99,4,9
skew,25730,104,4,104,4,9
skew,25731,105,4,105,4,9
skew,25732,109,4,109,4,9
skew,25733,110,4,110,4,9
skew,25734,115,4,115,4,9
skew,25735,116,4,116,4,9
skew,25736,114,4,114,4,9
skew,25737,115,4,115,4,9
skew,25738,120,4,120,4,9
skew,25739,121,4,121,4,9
skew,25740,125,4,125,4,9
skew,25741,126,4,126,4,9
skew,25742,131,4,131,4,9
skew,25743,132,4,132,4,9
skew,25744,90,3,90,3,9
skew,25745,100,4,100,4,9
skew,25746,105,4,105,4,9
skew,25747,106,4,106,4,9
skew,25748,110,4,110,4,9
skew,25749,111,4,111,4,9
skew,25750,116,4,116,4,9
skew,25751,117,4,117,4,9
skew,25752,115,4,115,4,9
skew,25753,116,4,116,4,9
skew,25754,121,4,121,4,9
skew,25755,122,4,122,4,9
skew,25756,126,4,126,4,9
skew,25757,127,4,127,4,9
skew,25758,132,4,132,4,9
skew,25759,133,4,133,4,9
skew,25760,95,3,95,3,9
skew,25761,105,4,105,4,9
skew,25762,110,4,110,4,9
skew,25763,111,4,111,4,9
skew,25764,115,4,115,4,9
skew,25765,116,4,116,4,9
skew,25766,121,4,121,4,9
skew,25767,122,4,122,4,9
skew,25768,120,4,120,4,9
skew,25769,121,4,121,4,9
skew,25770,126,4,126,4,9
skew,25771,127,4,127,4,9
skew,25772,131,4,131,4,9
skew,25773,132,4,132,4,9
skew,25774,137,4,137,4,9
skew,25775,138,4,138,4,9
skew,25776,96,3,96,3,9
skew,25777,106,4,106,4,9
skew,25778,111,4,111,4,9
skew,25779,112,4,112,4,9
skew,25780,116,4,116,4,9
skew,25781,117,4,117,4,9
skew,25782,122,4,122,4,9
skew,25783,123,4,123,4,9
skew,25784,121,4,121,4,9
skew,25785,122,4,122,4,9
skew,25786,127,4,127,4,9
skew,25787,128,4,128,4,9
skew,25788,132,4,132,4,9
skew,25789,133,4,133,4,9
skew,25790,138,4,138,4,9
skew,25791,139,4,139,4,9
skew,25792,94,3,94,3,11
skew,25793,104,4,104,4,11
skew,25794,109,4,109,4,11
skew,25795,110,4,110,4,11
skew,25796,96,3,96,3,13
skew,25797,106,4,106,4,13
skew,25798,111,4,111,4,13
skew,25799,112,4,112,4,13
skew,25800,119,4,119,4,11
skew,25801,120,4,120,4,11
skew,25802,125,4,125,4,11
skew,25803,126,4,126,4,11
skew,25804,121,4,121,4,13
skew,25805,122,4,122,4,13
skew,25806,127,4,127,4,13
skew,25807,128,4,128,4,13
skew,25808,95,3,95,3,11
skew,25809,105,4,105,4,11
skew,25810,110,4,110,4,11
skew,25811,111,4,111,4,11
skew,25812,97,3,97,3,13
skew,25813,107,4,107,4,13
skew,25814,112,4,112,4,13
skew,25815,113,4,113,4,13
skew,25816,120,4,120,4,11
skew,25817,121,4,121,4,11
skew,25818,126,4,126,4,11
skew,25819,127,4,127,4,11
skew,25820,122,4,122,4,13
skew,25821,123,4,123,4,13
skew,25822,128,4,128,4,13
skew,25823,129,4,129,4,13
skew,25824,100,3,100,3,11
skew,25825,110,4,110,4,11
skew,25826,115,4,115,4,11
skew,25827,116,4,116,4,11
skew,25828,102,3,102,3,13
skew,25829,112,4,112,4,13
skew,25830,117,4,117,4,13
skew,25831,118,4,118,4,13
skew,25832,125,4,125,4,11
skew,25833,126,4,126,4,11
skew,25834,131,4,131,4,11
skew,25835,132,4,132,4,11
skew,25836,127,4,127,4,13
skew,25837,128,4,128,4,13
skew,25838,133,4,133,4,13
skew,25839,134,4,134,4,13
skew,25840,101,3,101,3,11
skew,25841,111,4,111,4,11
skew,25842,116,4,116,4,11
skew,25843,117,4,117,4,11
skew,25844,103,3,103,3,13
skew,25845,113,4,113,4,13
skew,25846,118,4,118,4,13
skew,25847,119,4,119,4,13
skew,25848,126,4,126,4,11
skew,25849,127,4,127,4,11
skew,25850,132,4,132,4,11
skew,25851,133,4,133,4,11
skew,25852,128,4,128,4,13
skew,25853,129,4,129,4,13
skew,25854,134,4,134,4,13
skew,25855,135,4,135,4,13
skew,25856,62,2,77,3,9
skew,25857,72,3,87,4,9
skew,25858,77,3,92,4,9
skew,25859,78,3,93,4,9
skew,25860,82,3,97,4,9
skew,25861,83,3,98,4,9
skew,25862,88,3,103,4,9
skew,25863,89,3,104,4,9
skew,25864,87,3,102,4,9
skew,25865,88,3,103,4,9
skew,25866,93,3,108,4,9
skew,25867,94,3,109,4,9
skew,25868,98,3,113,4,9
skew,25869,99,3,114,4,9
skew,25870,104,3,119,4,9
skew,25871,105,3,120,4,9
skew,25872,75,3,90,4,9
skew,25873,85,4,100,5,9
skew,25874,90,4,105,5,9
skew,25875,91,4,106,5,9
skew,25876,95,4,110,5,9
skew,25877,96,4,111,5,9
skew,25878,101,4,116,5,9
skew,25879,102,4,117,5,9
skew,25880,100,4,115,5,9
skew,25881,101,4,116,5,9
skew,25882,106,4,121,5,9
skew,25883,107,4,122,5,9
skew,25884,111,4,126,5,9
skew,25885,112,4,127,5,9
skew,25886,117,4,132,5,9
skew,25887,118,4,133,5,9
skew,25888,80,3,95,4,9
skew,25889,90,4,105,5,9
skew,25890,95,4,110,5,9
skew,25891,96,4,111,5,9
skew,25892,100,4,115,5,9
skew,25893,101,4,116,5,9
skew,25894,106,4,121,5,9
skew,25895,107,4,122,5,9
skew,25896,105,4,120,5,9
skew,25897,106,4,121,5,9
skew,25898,111,4,126,5,9
skew,25899,112,4,127,5,9
skew,25900,116,4,131,5,9
skew,25901,117,4,132,5,9
skew,25902,122,4,137,5,9
skew,25903,123,4,138,5,9
skew,25904,81,3,96,4,9
skew,25905,91,4,106,5,9
skew,25906,96,4,111,5,9
skew,25907,97,4,112,5,9
skew,25908,101,4,116,5,9
skew,25909,102,4,117,5,9
skew,25910,107,4,122,5,9
skew,25911,108,4,123,5,9
skew,25912,106,4,121,5,9
skew,25913,107,4,122,5,9
skew,25914,112,4,127,5,9
skew,25915,113,4,128,5,9
skew,25916,117,4,132,5,9
skew,25917,118,4,133,5,9
skew,25918,123,4,138,5,9
skew,25919,124,4,139,5,9
skew,25920,82,3,82,3,11
skew,25921,92,4,92,4,11
skew,25922,97,4,97,4,11
skew,25923,98,4,98,4,11
skew,25924,84,3,84,3,13
skew,25925,94,4,94,4,13
skew,25926,99,4,99,4,13
skew,25927,100,4,100,4,13
skew,25928,107,4,107,4,11
skew,25929,108,4,108,4,11
skew,25930,113,4,113,4,11
skew,25931,114,4,114,4,11
skew,25932,109,4,109,4,13
skew,25933,110,4,110,4,13
skew,25934,115,4,115,4,13
skew,25935,116,4,116,4,13
skew,25936,86,3,95,4,11
skew,25937,96,4,105,5,11
skew,25938,101,4,110,5,11
skew,25939,102,4,111,5,11
skew,25940,97,4,97,4,13
skew,25941,107,4,107,5,13
skew,25942,112,4,112,5,13
skew,25943,113,4,113,5,13
skew,25944,111,4,120,5,11
skew,25945,112,4,121,5,11
skew,25946,117,4,126,5,11
skew,25947,118,4,127,5,11
skew,25948,122,4,122,5,13
skew,25949,123,4,123,5,13
skew,25950,128,4,128,5,13
skew,25951,129,4,129,5,13
skew,25952,91,3,100,4,11
skew,25953,101,4,110,5,11
skew,25954,106,4,115,5,11
skew,25955,107,4,116,5,11
skew,25956,102,4,102,4,13
skew,25957,112,4,112,5,13
skew,25958,117,4,117,5,13
skew,25959,118,4,118,5,13
skew,25960,116,4,125,5,11
skew,25961,117,4,126,5,11
skew,25962,122,4,131,5,11
skew,25963,123,4,132,5,11
skew,25964,127,4,127,5,13
skew,25965,128,4,128,5,13
skew,25966,133,4,133,5,13
skew,25967,134,4,134,5,13
skew,25968,92,3,101,4,11
skew,25969,102,4,111,5,11
skew,25970,107,4,116,5,11
skew,25971,108,4,117,5,11
skew,25972,103,4,103,4,13
skew,25973,113,4,113,5,13
skew,25974,118,4,118,5,13
skew,25975,119,4,119,5,13
skew,25976,117,4,126,5,11
skew,25977,118,4,127,5,11
skew,25978,123,4,132,5,11
skew,25979,124,4,133,5,11
skew,25980,128,4,128,5,13
skew,25981,129,4,129,5,13
skew,25982,134,4,134,5,13
skew,25983,135,4,135,5,13
skew,25984,90,3,105,4,9
skew,25985,100,4,115,5,9
skew,25986,105,4,120,5,9
skew,25987,106,4,121,5,9
skew,25988,110,4,125,5,9
skew,25989,111,4,126,5,9
skew,25990,116,4,131,5,9
skew,25991,117,4,132,5,9
skew,25992,115,4,130,5,9
skew,25993,116,4,131,5,9
skew,25994,121,4,136,5,9
skew,25995,122,4,137,5,9
skew,25996,126,4,141,5,9
skew,25997,127,4,142,5,9
skew,25998,132,4,147,5,9
skew,25999,133,4,148,5,9
skew,26000,91,3,106,4,9
skew,26001,101,4,116,5,9
skew,26002,106,4,121,5,9
skew,26003,107,4,122,5,9
skew,26004,111,4,126,5,9
skew,26005,112,4,127,5,9
skew,26006,117,4,132,5,9
skew,26007,118,4,133,5,9
skew,26008,116,4,131,5,9
skew,26009,117,4,132,5,9
skew,26010,122,4,137,5,9
skew,26011,123,4,138,5,9
skew,26012,127,4,142,5,9
skew,26013,128,4,143,5,9
skew,26014,133,4,148,5,9
skew,26015,134,4,149,5,9
skew,26016,96,3,111,4,9
skew,26017,106,4,121,5,9
skew,26018,111,4,126,5,9
skew,26019,112,4,127,5,9
skew,26020,116,4,131,5,9
skew,26021,117,4,132,5,9
skew,26022,122,4,137,5,9
skew,26023,123,4,138,5,9
skew,26024,121,4,136,5,9
skew,26025,122,4,137,5,9
skew,26026,127,4,142,5,9
skew,26027,128,4,143,5,9
skew,26028,132,4,147,5,9
skew,26029,133,4,148,5,9
skew,26030,138,4,153,5,9
skew,26031,139,4,154,5,9
skew,26032,97,3,112,4,9
skew,26033,107,4,122,5,9
skew,26034,112,4,127,5,9
skew,26035,113,4,128,5,9
skew,26036,117,4,132,5,9
skew,26037,118,4,133,5,9
skew,26038,123,4,138,5,9
skew,26039,124,4,139,5,9
skew,26040,122,4,137,5,9
skew,26041,123,4,138,5,9
skew,26042,128,4,143,5,9
skew,26043,129,4,144,5,9
skew,26044,133,4,148,5,9
skew,26045,134,4,149,5,9
skew,26046,139,4,154,5,9
skew,26047,140,4,155,5,9
skew,26048,101,3,110,4,11
skew,26049,111,4,120,5,11
skew,26050,116,4,125,5,11
skew,26051,117,4,126,5,11
skew,26052,112,4,112,4,13
skew,26053,122,4,122,5,13
skew,26054,127,4,127,5,13
skew,26055,128,4,128,5,13
skew,26056,126,4,135,5,11
skew,26057,127,4,136,5,11
skew,26058,132,4,141,5,11
skew,26059,133,4,142,5,11
skew,26060,137,4,137,5,13
skew,26061,138,4,138,5,13
skew,26062,143,4,143,5,13
skew,26063,144,4,144,5,13
skew,26064,102,3,111,4,11
skew,26065,112,4,121,5,11
skew,26066,117,4,126,5,11
skew,26067,118,4,127,5,11
skew,26068,113,4,113,4,13
skew,26069,123,4,123,5,13
skew,26070,128,4,128,5,13
skew,26071,129,4,129,5,13
skew,26072,127,4,136,5,11
skew,26073,128,4,137,5,11
skew,26074,133,4,142,5,11
skew,26075,134,4,143,5,11
skew,26076,138,4,138,5,13
skew,26077,139,4,139,5,13
skew,26078,144,4,144,5,13
skew,26079,145,4,145,5,13
skew,26080,107,3,116,4,11
skew,26081,117,4,126,5,11
skew,26082,122,4,131,5,11
skew,26083,123,4,132,5,11
skew,26084,118,4,118,4,13
skew,26085,128,4,128,5,13
skew,26086,133,4,133,5,13
skew,26087,134,4,134,5,13
skew,26088,132,4,141,5,11
skew,26089,133,4,142,5,11
skew,26090,138,4,147,5,11
skew,26091,139,4,148,5,11
skew,26092,143,4,143,5,13
skew,26093,144,4,144,5,13
skew,26094,149,4,149,5,13
skew,26095,150,4,150,5,13
skew,26096,108,3,117,4,11
skew,26097,118,4,127,5,11
skew,26098,123,4,132,5,11
skew,26099,124,4,133,5,11
skew,26100,119,4,119,4,13
skew,26101,129,4,129,5,13
skew,26102,134,4,134,5,13
skew,26103,135,4,135,5,13
skew,26104,133,4,142,5,11
skew,26105,134,4,143,5,11
skew,26106,139,4,148,5,11
skew,26107,140,4,149,5,11
skew,26108,144,4,144,5,13
skew,26109,145,4,145,5,13
skew,26110,150,4,150,5,13
skew,26111,151,4,151,5,13
skew,26112,43,1,43,1,9
skew,26113,53,2,53,2,9
skew,26114,58,2,58,2,9
skew,26115,59,2,59,2,9
skew,26116,63,2,63,2,9
skew,26117,64,2,64,2,9
skew,26118,69,2,69,2,9
skew,26119,70,2,70,2,9
skew,26120,68,2,68,2,9
skew,26121,69,2,69,2,9
skew,26122,74,2,74,2,9
skew,26123,75,2,75,2,9
skew,26124,79,2,79,2,9
skew,26125,80,2,80,2,9
skew,26126,85,2,85,2,9
skew,26127,86,2,86,2,9
skew,26128,56,2,56,2,9
skew,26129,66,3,66,3,9
skew,26130,71,3,71,3,9
skew,26131,72,3,72,3,9
skew,26132,76,3,76,3,9
skew,26133,77,3,77,3,9
skew,26134,82,3,82,3,9
skew,26135,83,3,83,3,9
skew,26136,81,3,81,3,9
skew,26137,82,3,82,3,9
skew,26138,87,3,87,3,9
skew,26139,88,3,88,3,9
skew,26140,92,3,92,3,9
skew,26141,93,3,93,3,9
skew,26142,98,3,98,3,9
skew,26143,99,3,99,3,9
skew,26144,61,2,74,2,13
skew,26145,71,3,84,3,13
skew,26146,76,2,76,2,15
skew,26147,77,3,86,3,15
skew,26148,81,3,94,3,13
skew,26149,82,3,95,3,13
skew,26150,87,3,96,3,15
skew,26151,88,3,97,3,15
skew,26152,86,3,99,3,13
skew,26153,87,3,100,3,13
skew,26154,92,3,101,3,15
skew,26155,93,3,102,3,15
skew,26156,97,3,110,3,13
skew,26157,98,3,111,3,13
skew,26158,103,3,112,3,15
skew,26159,104,3,113,3,15
skew,26160,62,2,87,3,13
skew,26161,72,3,97,4,13
skew,26162,77,3,89,3,15
skew,26163,78,3,99,4,15
skew,26164,82,3,107,4,13
skew,26165,83,3,108,4,13
skew,26166,88,3,109,4,15
skew,26167,89,3,110,4,15
skew,26168,87,3,112,4,13
skew,26169,88,3,113,4,13
skew,26170,93,3,114,4,15
skew,26171,94,3,115,4,15
skew,26172,98,3,123,4,13
skew,26173,99,3,124,4,13
skew,26174,104,3,125,4,15
skew,26175,105,3,126,4,15
skew,26176,66,2,74,2,13
skew,26177,76,3,84,3,13
skew,26178,81,3,89,3,13
skew,26179,82,3,90,3,13
skew,26180,76,2,76,2,15
skew,26181,86,3,86,3,15
skew,26182,91,3,91,3,15
skew,26183,92,3,92,3,15
skew,26184,91,3,99,3,13
skew,26185,92,3,100,3,13
skew,26186,97,3,105,3,13
skew,26187,98,3,106,3,13
skew,26188,101,3,101,3,15
skew,26189,102,3,102,3,15
skew,26190,107,3,107,3,15
skew,26191,108,3,108,3,15
skew,26192,67,2,87,3,13
skew,26193,77,3,97,4,13
skew,26194,82,3,102,4,13
skew,26195,83,3,103,4,13
skew,26196,87,3,89,3,15
skew,26197,88,3,99,4,15
skew,26198,93,3,104,4,15
skew,26199,94,3,105,4,15
skew,26200,92,3,112,4,13
skew,26201,93,3,113,4,13
skew,26202,98,3,118,4,13
skew,26203,99,3,119,4,13
skew,26204,103,3,114,4,15
skew,26205,104,3,115,4,15
skew,26206,109,3,120,4,15
skew,26207,110,3,121,4,15
skew,26208,48,1,48,1,11
skew,26209,58,2,58,2,11
skew,26210,63,2,81,2,17
skew,26211,64,2,91,3,17
skew,26212,68,2,81,2,17
skew,26213,69,2,91,3,17
skew,26214,50,1,50,1,13
skew,26215,60,2,60,2,13
skew,26216,73,2,73,2,11
skew,26217,74,2,74,2,11
skew,26218,79,2,106,3,17
skew,26219,80,2,107,3,17
skew,26220,84,2,106,3,17
skew,26221,85,2,107,3,17
skew,26222,75,2,75,2,13
skew,26223,76,2,76,2,13
skew,26224,61,2,61,2,11
skew,26225,71,3,71,3,11
skew,26226,76,3,94,3,17
skew,26227,77,3,104,4,17
skew,26228,81,3,94,3,17
skew,26229,82,3,104,4,17
skew,26230,63,2,63,2,13
skew,26231,73,3,73,3,13
skew,26232,86,3,86,3,11
skew,26233,87,3,87,3,11
skew,26234,92,3,119,4,17
skew,26235,93,3,120,4,17
skew,26236,97,3,119,4,17
skew,26237,98,3,120,4,17
skew,26238,88,3,88,3,13
skew,26239,89,3,89,3,13
skew,26240,71,2,71,2,9
skew,26241,81,3,81,3,9
skew,26242,86,3,86,3,9
skew,26243,87,3,87,3,9
skew,26244,91,3,91,3,9
skew,26245,92,3,92,3,9
skew,26246,97,3,97,3,9
skew,26247,98,3,98,3,9
skew,26248,96,3,96,3,9
skew,26249,97,3,97,3,9
skew,26250,102,3,102,3,9
skew,26251,103,3,103,3,9
skew,26252,107,3,107,3,9
skew,26253,108,3,108,3,9
skew,26254,113,3,113,3,9
skew,26255,114,3,114,3,9
skew,26256,72,2,72,2,9
skew,26257,82,3,82,3,9
skew,26258,87,3,87,3,9
skew,26259,88,3,88,3,9
skew,26260,92,3,92,3,9
skew,26261,93,3,93,3,9
skew,26262,98,3,98,3,9
skew,26263,99,3,99,3,9
skew,26264,97,3,97,3,9
skew,26265,98,3,98,3,9
skew,26266,103,3,103,3,9
skew,26267,104,3,104,3,9
skew,26268,108,3,108,3,9
skew,26269,109,3,109,3,9
skew,26270,114,3,114,3,9
skew,26271,115,3,115,3,9
skew,26272,77,2,102,3,13
skew,26273,87,3,112,4,13
skew,26274,92,3,104,3,15
skew,26275,93,3,114,4,15
skew,26276,97,3,122,4,13
skew,26277,98,3,123,4,13
skew,26278,103,3,124,4,15
skew,26279,104,3,125,4,15
skew,26280,102,3,127,4,13
skew,26281,103,3,128,4,13
skew,26282,108,3,129,4,15
skew,26283,109,3,130,4,15
skew,26284,113,3,138,4,13
skew,26285,114,3,139,4,13
skew,26286,119,3,140,4,15
skew,26287,120,3,141,4,15
skew,26288,78,2,103,3,13
skew,26289,88,3,113,4,13
skew,26290,93,3,105,3,15
skew,26291,94,3,115,4,15
skew,26292,98,3,123,4,13
skew,26293,99,3,124,4,13
skew,26294,104,3,125,4,15
skew,26295,105,3,126,4,15
skew,26296,103,3,128,4,13
skew,26297,104,3,129,4,13
skew,26298,109,3,130,4,15
skew,26299,110,3,131,4,15
skew,26300,114,3,139,4,13
skew,26301,115,3,140,4,13
skew,26302,120,3,141,4,15
skew,26303,121,3,142,4,15
skew,26304,82,2,102,3,13
skew,26305,92,3,112,4,13
skew,26306,97,3,117,4,13
skew,26307,98,3,118,4,13
skew,26308,102,3,104,3,15
skew,26309,103,3,114,4,15
skew,26310,108,3,119,4,15
skew,26311,109,3,120,4,15
skew,26312,107,3,127,4,13
skew,26313,108,3,128,4,13
skew,26314,113,3,133,4,13
skew,26315,114,3,134,4,13
skew,26316,118,3,129,4,15
skew,26317,119,3,130,4,15
skew,26318,124,3,135,4,15
skew,26319,125,3,136,4,15
skew,26320,83,2,103,3,13
skew,26321,93,3,113,4,13
skew,26322,98,3,118,4,13
skew,26323,99,3,119,4,13
skew,26324,103,3,105,3,15
skew,26325,104,3,115,4,15
skew,26326,109,3,120,4,15
skew,26327,110,3,121,4,15
skew,26328,108,3,128,4,13
skew,26329,109,3,129,4,13
skew,26330,114,3,134,4,13
skew,26331,115,3,135,4,13
skew,26332,119,3,130,4,15
skew,26333,120,3,131,4,15
skew,26334,125,3,136,4,15
skew,26335,126,3,137,4,15
skew,26336,76,2,76,2,11
skew,26337,86,3,86,3,11
skew,26338,91,3,109,3,17
skew,26339,92,3,119,4,17
skew,26340,96,3,109,3,17
skew,26341,97,3,119,4,17
skew,26342,78,2,78,2,13
skew,26343,88,3,88,3,13
skew,26344,101,3,101,3,11
skew,26345,102,3,102,3,11
skew,26346,107,3,134,4,17
skew,26347,108,3,135,4,17
skew,26348,112,3,134,4,17
skew,26349,113,3,135,4,17
skew,26350,103,3,103,3,13
skew,26351,104,3,104,3,13
skew,26352,77,2,77,2,11
skew,26353,87,3,87,3,11
skew,26354,92,3,110,3,17
skew,26355,93,3,120,4,17
skew,26356,97,3,110,3,17
skew,26357,98,3,120,4,17
skew,26358,79,2,79,2,13
skew,26359,89,3,89,3,13
skew,26360,102,3,102,3,11
skew,26361,103,3,103,3,11
skew,26362,108,3,135,4,17
skew,26363,109,3,136,4,17
skew,26364,113,3,135,4,17
skew,26365,114,3,136,4,17
skew,26366,104,3,104,3,13
skew,26367,105,3,105,3,13
skew,26368,59,2,59,2,9
skew,26369,69,3,69,3,9
skew,26370,74,3,74,3,9
skew,26371,75,3,75,3,9
skew,26372,79,3,79,3,9
skew,26373,80,3,80,3,9
skew,26374,85,3,85,3,9
skew,26375,86,3,86,3,9
skew,26376,84,3,84,3,9
skew,26377,85,3,85,3,9
skew,26378,90,3,90,3,9
skew,26379,91,3,91,3,9
skew,26380,95,3,95,3,9
skew,26381,96,3,96,3,9
skew,26382,101,3,101,3,9
skew,26383,102,3,102,3,9
skew,26384,72,3,72,3,9
skew,26385,82,4,82,4,9
skew,26386,87,4,87,4,9
skew,26387,88,4,88,4,9
skew,26388,92,4,92,4,9
skew,26389,93,4,93,4,9
skew,26390,98,4,98,4,9
skew,26391,99,4,99,4,9
skew,26392,97,4,97,4,9
skew,26393,98,4,98,4,9
skew,26394,103,4,103,4,9
skew,26395,104,4,104,4,9
skew,26396,108,4,108,4,9
skew,26397,109,4,109,4,9
skew,26398,114,4,114,4,9
skew,26399,115,4,115,4,9
skew,26400,77,3,90,3,13
skew,26401,87,4,100,4,13
skew,26402,92,3,92,3,15
skew,26403,93,4,102,4,15
skew,26404,97,4,110,4,13
skew,26405,98,4,111,4,13
skew,26406,103,4,112,4,15
skew,26407,104,4,113,4,15
skew,26408,102,4,115,4,13
skew,26409,103,4,116,4,13
skew,26410,108,4,117,4,15
skew,26411,109,4,118,4,15
skew,26412,113,4,126,4,13
skew,26413,114,4,127,4,13
skew,26414,119,4,128,4,15
skew,26415,120,4,129,4,15
skew,26416,78,3,103,4,13
skew,26417,88,4,113,5,13
skew,26418,93,4,105,4,15
skew,26419,94,4,115,5,15
skew,26420,98,4,123,5,13
skew,26421,99,4,124,5,13
skew,26422,104,4,125,5,15
skew,26423,105,4,126,5,15
skew,26424,103,4,128,5,13
skew,26425,104,4,129,5,13
skew,26426,109,4,130,5,15
skew,26427,110,4,131,5,15
skew,26428,114,4,139,5,13
skew,26429,115,4,140,5,13
skew,26430,120,4,141,5,15
skew,26431,121,4,142,5,15
skew,26432,82,3,90,3,13
skew,26433,92,4,100,4,13
skew,26434,97,4,105,4,13
skew,26435,98,4,106,4,13
skew,26436,90,3,92,3,15
skew,26437,100,4,102,4,15
skew,26438,105,4,107,4,15
skew,26439,106,4,108,4,15
skew,26440,107,4,115,4,13
skew,26441,108,4,116,4,13
skew,26442,113,4,121,4,13
skew,26443,114,4,122,4,13
skew,26444,115,4,117,4,15
skew,26445,116,4,118,4,15
skew,26446,121,4,123,4,15
skew,26447,122,4,124,4,15
skew,26448,83,3,103,4,13
skew,26449,93,4,113,5,13
skew,26450,98,4,118,5,13
skew,26451,99,4,119,5,13
skew,26452,103,4,105,4,15
skew,26453,104,4,115,5,15
skew,26454,109,4,120,5,15
skew,26455,110,4,121,5,15
skew,26456,108,4,128,5,13
skew,26457,109,4,129,5,13
skew,26458,114,4,134,5,13
skew,26459,115,4,135,5,13
skew,26460,119,4,130,5,15
skew,26461,120,4,131,5,15
skew,26462,125,4,136,5,15
skew,26463,126,4,137,5,15
skew,26464,64,2,64,2,11
skew,26465,74,3,74,3,11
skew,26466,79,3,97,3,17
skew,26467,80,3,107,4,17
skew,26468,84,3,97,3,17
skew,26469,85,3,107,4,17
skew,26470,66,2,66,2,13
skew,26471,76,3,76,3,13
skew,26472,89,3,89,3,11
skew,26473,90,3,90,3,11
skew,26474,95,3,122,4,17
skew,26475,96,3,123,4,17
skew,26476,100,3,122,4,17
skew,26477,101,3,123,4,17
skew,26478,91,3,91,3,13
skew,26479,92,3,92,3,13
skew,26480,77,3,77,3,11
skew,26481,87,4,87,4,11
skew,26482,92,4,110,4,17
skew,26483,93,4,120,5,17
skew,26484,97,4,110,4,17
skew,26485,98,4,120,5,17
skew,26486,79,3,79,3,13
skew,26487,89,4,89,4,13
skew,26488,102,4,102,4,11
skew,26489,103,4,103,4,11
skew,26490,108,4,135,5,17
skew,26491,109,4,136,5,17
skew,26492,113,4,135,5,17
skew,26493,114,4,136,5,17
skew,26494,104,4,104,4,13
skew,26495,105,4,105,4,13
skew,26496,87,3,87,3,9
skew,26497,97,4,97,4,9
skew,26498,102,4,102,4,9
skew,26499,103,4,103,4,9
skew,26500,107,4,107,4,9
skew,26501,108,4,108,4,9
skew,26502,113,4,113,4,9
skew,26503,114,4,114,4,9
skew,26504,112,4,112,4,9
skew,26505,113,4,113,4,9
skew,26506,118,4,118,4,9
skew,26507,119,4,119,4,9
skew,26508,123,4,123,4,9
skew,26509,124,4,124,4,9
skew,26510,129,4,129,4,9
skew,26511,130,4,130,4,9
skew,26512,88,3,88,3,9
skew,26513,98,4,98,4,9
skew,26514,103,4,103,4,9
skew,26515,104,4,104,4,9
skew,26516,108,4,108,4,9
skew,26517,109,4,109,4,9
skew,26518,114,4,114,4,9
skew,26519,115,4,115,4,9
skew,26520,113,4,113,4,9
skew,26521,114,4,114,4,9
skew,26522,119,4,119,4,9
skew,26523,120,4,120,4,9
skew,26524,124,4,124,4,9
skew,26525,125,4,125,4,9
skew,26526,130,4,130,4,9
skew,26527,131,4,131,4,9
skew,26528,93,3,118,4,13
skew,26529,103,4,128,5,13
skew,26530,108,4,120,4,15
skew,26531,109,4,130,5,15
skew,26532,113,4,138,5,13
skew,26533,114,4,139,5,13
skew,26534,119,4,140,5,15
skew,26535,120,4,141,5,15
skew,26536,118,4,143,5,13
skew,26537,119,4,144,5,13
skew,26538,124,4,145,5,15
skew,26539,125,4,146,5,15
skew,26540,129,4,154,5,13
skew,26541,130,4,155,5,13
skew,26542,135,4,156,5,15
skew,26543,136,4,157,5,15
skew,26544,94,3,119,4,13
skew,26545,104,4,129,5,13
skew,26546,109,4,121,4,15
skew,26547,110,4,131,5,15
skew,26548,114,4,139,5,13
skew,26549,115,4,140,5,13
skew,26550,120,4,141,5,15
skew,26551,121,4,142,5,15
skew,26552,119,4,144,5,13
skew,26553,120,4,145,5,13
skew,26554,125,4,146,5,15
skew,26555,126,4,147,5,15
skew,26556,130,4,155,5,13
skew,26557,131,4,156,5,13
skew,26558,136,4,157,5,15
skew,26559,137,4,158,5,15
skew,26560,98,3,118,4,13
skew,26561,108,4,128,5,13
skew,26562,113,4,133,5,13
skew,26563,114,4,134,5,13
skew,26564,118,4,120,4,15
skew,26565,119,4,130,5,15
skew,26566,124,4,135,5,15
skew,26567,125,4,136,5,15
skew,26568,123,4,143,5,13
skew,26569,124,4,144,5,13
skew,26570,129,4,149,5,13
skew,26571,130,4,150,5,13
skew,26572,134,4,145,5,15
skew,26573,135,4,146,5,15
skew,26574,140,4,151,5,15
skew,26575,141,4,152,5,15
skew,26576,99,3,119,4,13
skew,26577,109,4,129,5,13
skew,26578,114,4,134,5,13
skew,26579,115,4,135,5,13
skew,26580,119,4,121,4,15
skew,26581,120,4,131,5,15
skew,26582,125,4,136,5,15
skew,26583,126,4,137,5,15
skew,26584,124,4,144,5,13
skew,26585,125,4,145,5,13
skew,26586,130,4,150,5,13
skew,26587,131,4,151,5,13
skew,26588,135,4,146,5,15
skew,26589,136,4,147,5,15
skew,26590,141,4,152,5,15
skew,26591,142,4,153,5,15
skew,26592,92,3,92,3,11
skew,26593,102,4,102,4,11
skew,26594,107,4,125,4,17
skew,26595,108,4,135,5,17
skew,26596,112,4,125,4,17
skew,26597,113,4,135,5,17
skew,26598,94,3,94,3,13
skew,26599,104,4,104,4,13
skew,26600,117,4,117,4,11
skew,26601,118,4,118,4,11
skew,26602,123,4,150,5,17
skew,26603,124,4,151,5,17
skew,26604,128,4,150,5,17
skew,26605,129,4,151,5,17
skew,26606,119,4,119,4,13
skew,26607,120,4,120,4,13
skew,26608,93,3,93,3,11
skew,26609,103,4,103,4,11
skew,26610,108,4,126,4,17
skew,26611,109,4,136,5,17
skew,26612,113,4,126,4,17
skew,26613,114,4,136,5,17
skew,26614,95,3,95,3,13
skew,26615,105,4,105,4,13
skew,26616,118,4,118,4,11
skew,26617,119,4,119,4,11
skew,26618,124,4,151,5,17
skew,26619,125,4,152,5,17
skew,26620,129,4,151,5,17
skew,26621,130,4,152,5,17
skew,26622,120,4,120,4,13
skew,26623,121,4,121,4,13
skew,26624,66,2,66,2,7
skew,26625,76,3,76,3,7
skew,26626,81,3,81,3,7
skew,26627,82,3,82,3,7
skew,26628,86,3,86,3,7
skew,26629,87,3,87,3,7
skew,26630,92,3,92,3,7
skew,26631,93,3,93,3,7
skew,26632,91,3,91,3,7
skew,26633,92,3,92,3,7
skew,26634,97,3,97,3,7
skew,26635,98,3,98,3,7
skew,26636,102,3,102,3,7
skew,26637,103,3,103,3,7
skew,26638,108,3,108,3,7
skew,26639,109,3,109,3,7
skew,26640,79,3,79,3,7
skew,26641,89,4,89,4,7
skew,26642,94,4,94,4,7
skew,26643,95,4,95,4,7
skew,26644,99,4,99,4,7
skew,26645,100,4,100,4,7
skew,26646,105,4,105,4,7
skew,26647,106,4,106,4,7
skew,26648,104,4,104,4,7
skew,26649,105,4,105,4,7
skew,26650,110,4,110,4,7
skew,26651,111,4,111,4,7
skew,26652,115,4,115,4,7
skew,26653,116,4,116,4,7
skew,26654,121,4,121,4,7
skew,26655,122,4,122,4,7
skew,26656,84,3,84,3,7
skew,26657,94,4,94,4,7
skew,26658,99,4,99,4,7
skew,26659,100,4,100,4,7
skew,26660,104,4,104,4,7
skew,26661,105,4,105,4,7
skew,26662,110,4,110,4,7
skew,26663,111,4,111,4,7
skew,26664,109,4,109,4,7
skew,26665,110,4,110,4,7
skew,26666,115,4,115,4,7
skew,26667,116,4,116,4,7
skew,26668,120,4,120,4,7
skew,26669,121,4,121,4,7
skew,26670,126,4,126,4,7
skew,26671,127,4,127,4,7
skew,26672,85,3,85,3,7
skew,26673,95,4,95,4,7
skew,26674,100,4,100,4,7
skew,26675,101,4,101,4,7
skew,26676,105,4,105,4,7
skew,26677,106,4,106,4,7
skew,26678,111,4,111,4,7
skew,26679,112,4,112,4,7
skew,26680,110,4,110,4,7
skew,26681,111,4,111,4,7
skew,26682,116,4,116,4,7
skew,26683,117,4,117,4,7
skew,26684,121,4,121,4,7
skew,26685,122,4,122,4,7
skew,26686,127,4,127,4,7
skew,26687,128,4,128,4,7
skew,26688,89,3,89,3,7
skew,26689,99,4,99,4,7
skew,26690,104,4,104,4,7
skew,26691,105,4,105,4,7
skew,26692,109,4,109,4,7
skew,26693,110,4,110,4,7
skew,26694,115,4,115,4,7
skew,26695,116,4,116,4,7
skew,26696,114,4,114,4,7
skew,26697,115,4,115,4,7
skew,26698,120,4,120,4,7
skew,26699,121,4,121,4,7
skew,26700,125,4,125,4,7
skew,26701,126,4,126,4,7
skew,26702,131,4,131,4,7
skew,26703,132,4,132,4,7
skew,26704,90,3,90,3,7
skew,26705,100,4,100,4,7
skew,26706,105,4,105,4,7
skew,26707,106,4,106,4,7
skew,26708,110,4,110,4,7
skew,26709,111,4,111,4,7
skew,26710,116,4,116,4,7
skew,26711,117,4,117,4,7
skew,26712,115,4,115,4,7
skew,26713,116,4,116,4,7
skew,26714,121,4,121,4,7
skew,26715,122,4,122,4,7
skew,26716,126,4,126,4,7
skew,26717,127,4,127,4,7
skew,26718,132,4,132,4,7
skew,26719,133,4,133,4,7
skew,26720,95,3,95,3,7
skew,26721,105,4,105,4,7
skew,26722,110,4,110,4,7
skew,26723,111,4,111,4,7
skew,26724,115,4,115,4,7
skew,26725,116,4,116,4,7
skew,26726,121,4,121,4,7
skew,26727,122,4,122,4,7
skew,26728,120,4,120,4,7
skew,26729,121,4,121,4,7
skew,26730,126,4,126,4,7
skew,26731,127,4,127,4,7
skew,26732,131,4,131,4,7
skew,26733,132,4,132,4,7
skew,26734,137,4,137,4,7
skew,26735,138,4,138,4,7
skew,26736,96,3,96,3,7
skew,26737,106,4,106,4,7
skew,26738,111,4,111,4,7
skew,26739,112,4,112,4,7
skew,26740,116,4,116,4,7
skew,26741,117,4,117,4,7
skew,26742,122,4,122,4,7
skew,26743,123,4,123,4,7
skew,26744,121,4,121,4,7
skew,26745,122,4,122,4,7
skew,26746,127,4,127,4,7
skew,26747,128,4,128,4,7
skew,26748,132,4,132,4,7
skew,26749,133,4,133,4,7
skew,26750,138,4,138,4,7
skew,26751,139,4,139,4,7
skew,26752,94,3,94,3,7
skew,26753,104,4,104,4,7
skew,26754,109,4,109,4,7
skew,26755,110,4,110,4,7
skew,26756,114,4,114,4,7
skew,26757,115,4,115,4,7
skew,26758,120,4,120,4,7
skew,26759,121,4,121,4,7
skew,26760,119,4,119,4,7
skew,26761,120,4,120,4,7
skew,26762,125,4,125,4,7
skew,26763,126,4,126,4,7
skew,26764,130,4,130,4,7
skew,26765,131,4,131,4,7
skew,26766,136,4,136,4,7
skew,26767,137,4,137,4,7
skew,26768,95,3,95,3,7
skew,26769,105,4,105,4,7
skew,26770,110,4,110,4,7
skew,26771,111,4,111,4,7
skew,26772,115,4,115,4,7
skew,26773,116,4,116,4,7
skew,26774,121,4,121,4,7
skew,26775,122,4,122,4,7
skew,26776,120,4,120,4,7
skew,26777,121,4,121,4,7
skew,26778,126,4,126,4,7
skew,26779,127,4,127,4,7
skew,26780,131,4,131,4,7
skew,26781,132,4,132,4,7
skew,26782,137,4,137,4,7
skew,26783,138,4,138,4,7
skew,26784,100,3,100,3,7
skew,26785,110,4,110,4,7
skew,26786,115,4,115,4,7
skew,26787,116,4,116,4,7
skew,26788,120,4,120,4,7
skew,26789,121,4,121,4,7
skew,26790,126,4,126,4,7
skew,26791,127,4,127,4,7
skew,26792,125,4,125,4,7
skew,26793,126,4,126,4,7
skew,26794,131,4,131,4,7
skew,26795,132,4,132,4,7
skew,26796,136,4,136,4,7
skew,26797,137,4,137,4,7
skew,26798,142,4,142,4,7
skew,26799,143,4,143,4,7
skew,26800,101,3,101,3,7
skew,26801,111,4,111,4,7
skew,26802,116,4,116,4,7
skew,26803,117,4,117,4,7
skew,26804,121,4,121,4,7
skew,26805,122,4,122,4,7
skew,26806,127,4,127,4,7
skew,26807,128,4,128,4,7
skew,26808,126,4,126,4,7
skew,26809,127,4,127,4,7
skew,26810,132,4,132,4,7
skew,26811,133,4,133,4,7
skew,26812,137,4,137,4,7
skew,26813,138,4,138,4,7
skew,26814,143,4,143,4,7
skew,26815,144,4,144,4,7
skew,26816,105,3,105,3,7
skew,26817,115,4,115,4,7
skew,26818,120,4,120,4,7
skew,26819,121,4,121,4,7
skew,26820,125,4,125,4,7
skew,26821,126,4,126,4,7
skew,26822,131,4,131,4,7
skew,26823,132,4,132,4,7
skew,26824,130,4,130,4,7
skew,26825,131,4,131,4,7
skew,26826,136,4,136,4,7
skew,26827,137,4,137,4,7
skew,26828,141,4,141,4,7
skew,26829,142,4,142,4,7
skew,26830,147,4,147,4,7
skew,26831,148,4,148,4,7
skew,26832,106,3,106,3,7
skew,26833,116,4,116,4,7
skew,26834,121,4,121,4,7
skew,26835,122,4,122,4,7
skew,26836,126,4,126,4,7
skew,26837,127,4,127,4,7
skew,26838,132,4,132,4,7
skew,26839,133,4,133,4,7
skew,26840,131,4,131,4,7
skew,26841,132,4,132,4,7
skew,26842,137,4,137,4,7
skew,26843,138,4,138,4,7
skew,26844,142,4,142,4,7
skew,26845,143,4,143,4,7
skew,26846,148,4,148,4,7
skew,26847,149,4,149,4,7
skew,26848,111,3,111,3,7
skew,26849,121,4,121,4,7
skew,26850,126,4,126,4,7
skew,26851,127,4,127,4,7
skew,26852,131,4,131,4,7
skew,26853,132,4,132,4,7
skew,26854,137,4,137,4,7
skew,26855,138,4,138,4,7
skew,26856,136,4,136,4,7
skew,26857,137,4,137,4,7
skew,26858,142,4,142,4,7
skew,26859,143,4,143,4,7
skew,26860,147,4,147,4,7
skew,26861,148,4,148,4,7
skew,26862,153,4,153,4,7
skew,26863,154,4,154,4,7
skew,26864,112,3,112,3,7
skew,26865,122,4,122,4,7
skew,26866,127,4,127,4,7
skew,26867,128,4,128,4,7
skew,26868,132,4,132,4,7
skew,26869,133,4,133,4,7
skew,26870,138,4,138,4,7
skew,26871,139,4,139,4,7
skew,26872,137,4,137,4,7
skew,26873,138,4,138,4,7
skew,26874,143,4,143,4,7
skew,26875,144,4,144,4,7
skew,26876,148,4,148,4,7
skew,26877,149,4,149,4,7
skew,26878,154,4,154,4,7
skew,26879,155,4,155,4,7
skew,26880,67,2,67,2,7
skew,26881,77,3,77,3,7
skew,26882,82,3,82,3,7
skew,26883,83,3,83,3,7
skew,26884,87,3,87,3,7
skew,26885,88,3,88,3,7
skew,26886,93,3,93,3,7
skew,26887,94,3,94,3,7
skew,26888,92,3,92,3,7
skew,26889,93,3,93,3,7
skew,26890,98,3,98,3,7
skew,26891,99,3,99,3,7
skew,26892,103,3,103,3,7
skew,26893,104,3,104,3,7
skew,26894,109,3,109,3,7
skew,26895,110,3,110,3,7
skew,26896,80,3,80,3,7
skew,26897,90,4,90,4,7
skew,26898,95,4,95,4,7
skew,26899,96,4,96,4,7
skew,26900,100,4,100,4,7
skew,26901,101,4,101,4,7
skew,26902,106,4,106,4,7
skew,26903,107,4,107,4,7
skew,26904,105,4,105,4,7
skew,26905,106,4,106,4,7
skew,26906,111,4,111,4,7
skew,26907,112,4,112,4,7
skew,26908,116,4,116,4,7
skew,26909,117,4,117,4,7
skew,26910,122,4,122,4,7
skew,26911,123,4,123,4,7
skew,26912,85,3,85,3,7
skew,26913,95,4,95,4,7
skew,26914,100,4,100,4,7
skew,26915,101,4,101,4,7
skew,26916,105,4,105,4,7
skew,26917,106,4,106,4,7
skew,26918,111,4,111,4,7
skew,26919,112,4,112,4,7
skew,26920,110,4,110,4,7
skew,26921,111,4,111,4,7
skew,26922,116,4,116,4,7
skew,26923,117,4,117,4,7
skew,26924,121,4,121,4,7
skew,26925,122,4,122,4,7
skew,26926,127,4,127,4,7
skew,26927,128,4,128,4,7
skew,26928,86,3,86,3,7
skew,26929,96,4,96,4,7
skew,26930,101,4,101,4,7
skew,26931,102,4,102,4,7
skew,26932,106,4,106,4,7
skew,26933,107,4,107,4,7
skew,26934,112,4,112,4,7
skew,26935,113,4,113,4,7
skew,26936,111,4,111,4,7
skew,26937,112,4,112,4,7
skew,26938,117,4,117,4,7
skew,26939,118,4,118,4,7
skew,26940,122,4,122,4,7
skew,26941,123,4,123,4,7
skew,26942,128,4,128,4,7
skew,26943,129,4,129,4,7
skew,26944,90,3,90,3,7
skew,26945,100,4,100,4,7
skew,26946,105,4,105,4,7
skew,26947,106,4,106,4,7
skew,26948,110,4,110,4,7
skew,26949,111,4,111,4,7
skew,26950,116,4,116,4,7
skew,26951,117,4,117,4,7
skew,26952,115,4,115,4,7
skew,26953,116,4,116,4,7
skew,26954,121,4,121,4,7
skew,26955,122,4,122,4,7
skew,26956,126,4,126,4,7
skew,26957,127,4,127,4,7
skew,26958,132,4,132,4,7
skew,26959,133,4,133,4,7
skew,26960,91,3,91,3,7
skew,26961,101,4,101,4,7
skew,26962,106,4,106,4,7
skew,26963,107,4,107,4,7
skew,26964,111,4,111,4,7
skew,26965,112,4,112,4,7
skew,26966,117,4,117,4,7
skew,26967,118,4,118,4,7
skew,26968,116,4,116,4,7
skew,26969,117,4,117,4,7
skew,26970,122,4,122,4,7
skew,26971,123,4,123,4,7
skew,26972,127,4,127,4,7
skew,26973,128,4,128,4,7
skew,26974,133,4,133,4,7
skew,26975,134,4,134,4,7
skew,26976,96,3,96,3,7
skew,26977,106,4,106,4,7
skew,26978,111,4,111,4,7
skew,26979,112,4,112,4,7
skew,26980,116,4,116,4,7
skew,26981,117,4,117,4,7
skew,26982,122,4,122,4,7
skew,26983,123,4,123,4,7
skew,26984,121,4,121,4,7
skew,26985,122,4,122,4,7
skew,26986,127,4,127,4,7
skew,26987,128,4,128,4,7
skew,26988,132,4,132,4,7
skew,26989,133,4,133,4,7
skew,26990,138,4,138,4,7
skew,26991,139,4,139,4,7
skew,26992,97,3,97,3,7
skew,26993,107,4,107,4,7
skew,26994,112,4,112,4,7
skew,26995,113,4,113,4,7
skew,26996,117,4,117,4,7
skew,26997,118,4,118,4,7
skew,26998,123,4,123,4,7
skew,26999,124,4,124,4,7
skew,27000,122,4,122,4,7
skew,27001,123,4,123,4,7
skew,27002,128,4,128,4,7
skew,27003,129,4,129,4,7
skew,27004,133,4,133,4,7
skew,27005,134,4,134,4,7
skew,27006,139,4,139,4,7
skew,27007,140,4,140,4,7
skew,27008,95,3,95,3,7
skew,27009,105,4,105,4,7
skew,27010,110,4,110,4,7
skew,27011,111,4,111,4,7
skew,27012,115,4,115,4,7
skew,27013,116,4,116,4,7
skew,27014,121,4,121,4,7
skew,27015,122,4,122,4,7
skew,27016,120,4,120,4,7
skew,27017,121,4,121,4,7
skew,27018,126,4,126,4,7
skew,27019,127,4,127,4,7
skew,27020,131,4,131,4,7
skew,27021,132,4,132,4,7
skew,27022,137,4,137,4,7
skew,27023,138,4,138,4,7
skew,27024,96,3,96,3,7
skew,27025,106,4,106,4,7
skew,27026,111,4,111,4,7
skew,27027,112,4,112,4,7
skew,27028,116,4,116,4,7
skew,27029,117,4,117,4,7
skew,27030,122,4,122,4,7
skew,27031,123,4,123,4,7
skew,27032,121,4,121,4,7
skew,27033,122,4,122,4,7
skew,27034,127,4,127,4,7
skew,27035,128,4,128,4,7
skew,27036,132,4,132,4,7
skew,27037,133,4,133,4,7
skew,27038,138,4,138,4,7
skew,27039,139,4,139,4,7
skew,27040,101,3,101,3,7
skew,27041,111,4,111,4,7
skew,27042,116,4,116,4,7
skew,27043,117,4,117,4,7
skew,27044,121,4,121,4,7
skew,27045,122,4,122,4,7
skew,27046,127,4,127,4,7
skew,27047,128,4,128,4,7
skew,27048,126,4,126,4,7
skew,27049,127,4,127,4,7
skew,27050,132,4,132,4,7
skew,27051,133,4,133,4,7
skew,27052,137,4,137,4,7
skew,27053,138,4,138,4,7
skew,27054,143,4,143,4,7
skew,27055,144,4,144,4,7
skew,27056,102,3,102,3,7
skew,27057,112,4,112,4,7
skew,27058,117,4,117,4,7
skew,27059,118,4,118,4,7
skew,27060,122,4,122,4,7
skew,27061,123,4,123,4,7
skew,27062,128,4,128,4,7
skew,27063,129,4,129,4,7
skew,27064,127,4,127,4,7
skew,27065,128,4,128,4,7
skew,27066,133,4,133,4,7
skew,27067,134,4,134,4,7
skew,27068,138,4,138,4,7
skew,27069,139,4,139,4,7
skew,27070,144,4,144,4,7
skew,27071,145,4,145,4,7
skew,27072,106,3,106,3,7
skew,27073,116,4,116,4,7
skew,27074,121,4,121,4,7
skew,27075,122,4,122,4,7
skew,27076,126,4,126,4,7
skew,27077,127,4,127,4,7
skew,27078,132,4,132,4,7
skew,27079,133,4,133,4,7
skew,27080,131,4,131,4,7
skew,27081,132,4,132,4,7
skew,27082,137,4,137,4,7
skew,27083,138,4,138,4,7
skew,27084,142,4,142,4,7
skew,27085,143,4,143,4,7
skew,27086,148,4,148,4,7
skew,27087,149,4,149,4,7
skew,27088,107,3,107,3,7
skew,27089,117,4,117,4,7
skew,27090,122,4,122,4,7
skew,27091,123,4,123,4,7
skew,27092,127,4,127,4,7
skew,27093,128,4,128,4,7
skew,27094,133,4,133,4,7
skew,27095,134,4,134,4,7
skew,27096,132,4,132,4,7
skew,27097,133,4,133,4,7
skew,27098,138,4,138,4,7
skew,27099,139,4,139,4,7
skew,27100,143,4,143,4,7
skew,27101,144,4,144,4,7
skew,27102,149,4,149,4,7
skew,27103,150,4,150,4,7
skew,27104,112,3,112,3,7
skew,27105,122,4,122,4,7
skew,27106,127,4,127,4,7
skew,27107,128,4,128,4,7
skew,27108,132,4,132,4,7
skew,27109,133,4,133,4,7
skew,27110,138,4,138,4,7
skew,27111,139,4,139,4,7
skew,27112,137,4,137,4,7
skew,27113,138,4,138,4,7
skew,27114,143,4,143,4,7
skew,27115,144,4,144,4,7
skew,27116,148,4,148,4,7
skew,27117,149,4,149,4,7
skew,27118,154,4,154,4,7
skew,27119,155,4,155,4,7
skew,27120,113,3,113,3,7
skew,27121,123,4,123,4,7
skew,27122,128,4,128,4,7
skew,27123,129,4,129,4,7
skew,27124,133,4,133,4,7
skew,27125,134,4,134,4,7
skew,27126,139,4,139,4,7
skew,27127,140,4,140,4,7
skew,27128,138,4,138,4,7
skew,27129,139,4,139,4,7
skew,27130,144,4,144,4,7
skew,27131,145,4,145,4,7
skew,27132,149,4,149,4,7
skew,27133,150,4,150,4,7
skew,27134,155,4,155,4,7
skew,27135,156,4,156,4,7
skew,27136,72,2,92,3,9
skew,27137,82,3,102,4,9
skew,27138,87,3,107,4,9
skew,27139,88,3,108,4,9
skew,27140,92,3,112,4,9
skew,27141,93,3,113,4,9
skew,27142,98,3,118,4,9
skew,27143,99,3,119,4,9
skew,27144,97,3,117,4,9
skew,27145,98,3,118,4,9
skew,27146,103,3,123,4,9
skew,27147,104,3,124,4,9
skew,27148,108,3,128,4,9
skew,27149,109,3,129,4,9
skew,27150,114,3,134,4,9
skew,27151,115,3,135,4,9
skew,27152,85,3,105,4,9
skew,27153,95,4,115,5,9
skew,27154,100,4,120,5,9
skew,27155,101,4,121,5,9
skew,27156,105,4,125,5,9
skew,27157,106,4,126,5,9
skew,27158,111,4,131,5,9
skew,27159,112,4,132,5,9
skew,27160,110,4,130,5,9
skew,27161,111,4,131,5,9
skew,27162,116,4,136,5,9
skew,27163,117,4,137,5,9
skew,27164,121,4,141,5,9
skew,27165,122,4,142,5,9
skew,27166,127,4,147,5,9
skew,27167,128,4,148,5,9
skew,27168,90,3,97,3,11
skew,27169,100,4,107,4,11
skew,27170,99,3,99,3,13
skew,27171,106,4,109,4,13
skew,27172,110,4,117,4,11
skew,27173,111,4,118,4,11
skew,27174,116,4,119,4,13
skew,27175,117,4,120,4,13
skew,27176,115,4,122,4,11
skew,27177,116,4,123,4,11
skew,27178,121,4,124,4,13
skew,27179,122,4,125,4,13
skew,27180,126,4,133,4,11
skew,27181,127,4,134,4,11
skew,27182,132,4,135,4,13
skew,27183,133,4,136,4,13
skew,27184,91,3,110,4,11
skew,27185,101,4,120,5,11
skew,27186,106,4,112,4,13
skew,27187,107,4,122,5,13
skew,27188,111,4,130,5,11
skew,27189,112,4,131,5,11
skew,27190,117,4,132,5,13
skew,27191,118,4,133,5,13
skew,27192,116,4,135,5,11
skew,27193,117,4,136,5,11
skew,27194,122,4,137,5,13
skew,27195,123,4,138,5,13
skew,27196,127,4,146,5,11
skew,27197,128,4,147,5,11
skew,27198,133,4,148,5,13
skew,27199,134,4,149,5,13
skew,27200,95,3,115,4,9
skew,27201,105,4,125,5,9
skew,27202,110,4,130,5,9
skew,27203,111,4,131,5,9
skew,27204,115,4,135,5,9
skew,27205,116,4,136,5,9
skew,27206,121,4,141,5,9
skew,27207,122,4,142,5,9
skew,27208,120,4,140,5,9
skew,27209,121,4,141,5,9
skew,27210,126,4,146,5,9
skew,27211,127,4,147,5,9
skew,27212,131,4,151,5,9
skew,27213,132,4,152,5,9
skew,27214,137,4,157,5,9
skew,27215,138,4,158,5,9
skew,27216,96,3,116,4,9
skew,27217,106,4,126,5,9
skew,27218,111,4,131,5,9
skew,27219,112,4,132,5,9
skew,27220,116,4,136,5,9
skew,27221,117,4,137,5,9
skew,27222,122,4,142,5,9
skew,27223,123,4,143,5,9
skew,27224,121,4,141,5,9
skew,27225,122,4,142,5,9
skew,27226,127,4,147,5,9
skew,27227,128,4,148,5,9
skew,27228,132,4,152,5,9
skew,27229,133,4,153,5,9
skew,27230,138,4,158,5,9
skew,27231,139,4,159,5,9
skew,27232,101,3,120,4,11
skew,27233,111,4,130,5,11
skew,27234,116,4,122,4,13
skew,27235,117,4,132,5,13
skew,27236,121,4,140,5,11
skew,27237,122,4,141,5,11
skew,27238,127,4,142,5,13
skew,27239,128,4,143,5,13
skew,27240,126,4,145,5,11
skew,27241,127,4,146,5,11
skew,27242,132,4,147,5,13
skew,27243,133,4,148,5,13
skew,27244,137,4,156,5,11
skew,27245,138,4,157,5,11
skew,27246,143,4,158,5,13
skew,27247,144,4,159,5,13
skew,27248,102,3,121,4,11
skew,27249,112,4,131,5,11
skew,27250,117,4,123,4,13
skew,27251,118,4,133,5,13
skew,27252,122,4,141,5,11
skew,27253,123,4,142,5,11
skew,27254,128,4,143,5,13
skew,27255,129,4,144,5,13
skew,27256,127,4,146,5,11
skew,27257,128,4,147,5,11
skew,27258,133,4,148,5,13
skew,27259,134,4,149,5,13
skew,27260,138,4,157,5,11
skew,27261,139,4,158,5,11
skew,27262,144,4,159,5,13
skew,27263,145,4,160,5,13
skew,27264,100,3,120,4,9
skew,27265,110,4,130,5,9
skew,27266,115,4,135,5,9
skew,27267,116,4,136,5,9
skew,27268,120,4,140,5,9
skew,27269,121,4,141,5,9
skew,27270,126,4,146,5,9
skew,27271,127,4,147,5,9
skew,27272,125,4,145,5,9
skew,27273,126,4,146,5,9
skew,27274,131,4,151,5,9
skew,27275,132,4,152,5,9
skew,27276,136,4,156,5,9
skew,27277,137,4,157,5,9
skew,27278,142,4,162,5,9
skew,27279,143,4,163,5,9
skew,27280,101,3,121,4,9
skew,27281,111,4,131,5,9
skew,27282,116,4,136,5,9
skew,27283,117,4,137,5,9
skew,27284,121,4,141,5,9
skew,27285,122,4,142,5,9
skew,27286,127,4,147,5,9
skew,27287,128,4,148,5,9
skew,27288,126,4,146,5,9
skew,27289,127,4,147,5,9
skew,27290,132,4,152,5,9
skew,27291,133,4,153,5,9
skew,27292,137,4,157,5,9
skew,27293,138,4,158,5,9
skew,27294,143,4,163,5,9
skew,27295,144,4,164,5,9
skew,27296,106,3,125,4,11
skew,27297,116,4,135,5,11
skew,27298,121,4,127,4,13
skew,27299,122,4,137,5,13
skew,27300,126,4,145,5,11
skew,27301,127,4,146,5,11
skew,27302,132,4,147,5,13
skew,27303,133,4,148,5,13
skew,27304,131,4,150,5,11
skew,27305,132,4,151,5,11
skew,27306,137,4,152,5,13
skew,27307,138,4,153,5,13
skew,27308,142,4,161,5,11
skew,27309,143,4,162,5,11
skew,27310,148,4,163,5,13
skew,27311,149,4,164,5,13
skew,27312,107,3,126,4,11
skew,27313,117,4,136,5,11
skew,27314,122,4,128,4,13
skew,27315,123,4,138,5,13
skew,27316,127,4,146,5,11
skew,27317,128,4,147,5,11
skew,27318,133,4,148,5,13
skew,27319,134,4,149,5,13
skew,27320,132,4,151,5,11
skew,27321,133,4,152,5,11
skew,27322,138,4,153,5,13
skew,27323,139,4,154,5,13
skew,27324,143,4,162,5,11
skew,27325,144,4,163,5,11
skew,27326,149,4,164,5,13
skew,27327,150,4,165,5,13
skew,27328,111,3,131,4,9
skew,27329,121,4,141,5,9
skew,27330,126,4,146,5,9
skew,27331,127,4,147,5,9
skew,27332,131,4,151,5,9
skew,27333,132,4,152,5,9
skew,27334,137,4,157,5,9
skew,27335,138,4,158,5,9
skew,27336,136,4,156,5,9
skew,27337,137,4,157,5,9
skew,27338,142,4,162,5,9
skew,27339,143,4,163,5,9
skew,27340,147,4,167,5,9
skew,27341,148,4,168,5,9
skew,27342,153,4,173,5,9
skew,27343,154,4,174,5,9
skew,27344,112,3,132,4,9
skew,27345,122,4,142,5,9
skew,27346,127,4,147,5,9
skew,27347,128,4,148,5,9
skew,27348,132,4,152,5,9
skew,27349,133,4,153,5,9
skew,27350,138,4,158,5,9
skew,27351,139,4,159,5,9
skew,27352,137,4,157,5,9
skew,27353,138,4,158,5,9
skew,27354,143,4,163,5,9
skew,27355,144,4,164,5,9
skew,27356,148,4,168,5,9
skew,27357,149,4,169,5,9
skew,27358,154,4,174,5,9
skew,27359,155,4,175,5,9
skew,27360,117,3,136,4,11
skew,27361,127,4,146,5,11
skew,27362,132,4,138,4,13
skew,27363,133,4,148,5,13
skew,27364,137,4,156,5,11
skew,27365,138,4,157,5,11
skew,27366,143,4,158,5,13
skew,27367,144,4,159,5,13
skew,27368,142,4,161,5,11
skew,27369,143,4,162,5,11
skew,27370,148,4,163,5,13
skew,27371,149,4,164,5,13
skew,27372,153,4,172,5,11
skew,27373,154,4,173,5,11
skew,27374,159,4,174,5,13
skew,27375,160,4,175,5,13
skew,27376,118,3,137,4,11
skew,27377,128,4,147,5,11
skew,27378,133,4,139,4,13
skew,27379,134,4,149,5,13
skew,27380,138,4,157,5,11
skew,27381,139,4,158,5,11
skew,27382,144,4,159,5,13
skew,27383,145,4,160,5,13
skew,27384,143,4,162,5,11
skew,27385,144,4,163,5,11
skew,27386,149,4,164,5,13
skew,27387,150,4,165,5,13
skew,27388,154,4,173,5,11
skew,27389,155,4,174,5,11
skew,27390,160,4,175,5,13
skew,27391,161,4,176,5,13
skew,27392,73,2,93,3,9
skew,27393,83,3,103,4,9
skew,27394,88,3,108,4,9
skew,27395,89,3,109,4,9
skew,27396,93,3,113,4,9
skew,27397,94,3,114,4,9
skew,27398,99,3,119,4,9
skew,27399,100,3,120,4,9
skew,27400,98,3,118,4,9
skew,27401,99,3,119,4,9
skew,27402,104,3,124,4,9
skew,27403,105,3,125,4,9
skew,27404,109,3,129,4,9
skew,27405,110,3,130,4,9
skew,27406,115,3,135,4,9
skew,27407,116,3,136,4,9
skew,27408,86,3,106,4,9
skew,27409,96,4,116,5,9
skew,27410,101,4,121,5,9
skew,27411,102,4,122,5,9
skew,27412,106,4,126,5,9
skew,27413,107,4,127,5,9
skew,27414,112,4,132,5,9
skew,27415,113,4,133,5,9
skew,27416,111,4,131,5,9
skew,27417,112,4,132,5,9
skew,27418,117,4,137,5,9
skew,27419,118,4,138,5,9
skew,27420,122,4,142,5,9
skew,27421,123,4,143,5,9
skew,27422,128,4,148,5,9
skew,27423,129,4,149,5,9
skew,27424,91,3,98,3,11
skew,27425,101,4,108,4,11
skew,27426,100,3,100,3,13
skew,27427,107,4,110,4,13
skew,27428,111,4,118,4,11
skew,27429,112,4,119,4,11
skew,27430,117,4,120,4,13
skew,27431,118,4,121,4,13
skew,27432,116,4,123,4,11
skew,27433,117,4,124,4,11
skew,27434,122,4,125,4,13
skew,27435,123,4,126,4,13
skew,27436,127,4,134,4,11
skew,27437,128,4,135,4,11
skew,27438,133,4,136,4,13
skew,27439,134,4,137,4,13
skew,27440,92,3,111,4,11
skew,27441,102,4,121,5,11
skew,27442,107,4,113,4,13
skew,27443,108,4,123,5,13
skew,27444,112,4,131,5,11
skew,27445,113,4,132,5,11
skew,27446,118,4,133,5,13
skew,27447,119,4,134,5,13
skew,27448,117,4,136,5,11
skew,27449,118,4,137,5,11
skew,27450,123,4,138,5,13
skew,27451,124,4,139,5,13
skew,27452,128,4,147,5,11
skew,27453,129,4,148,5,11
skew,27454,134,4,149,5,13
skew,27455,135,4,150,5,13
skew,27456,96,3,116,4,9
skew,27457,106,4,126,5,9
skew,27458,111,4,131,5,9
skew,27459,112,4,132,5,9
skew,27460,116,4,136,5,9
skew,27461,117,4,137,5,9
skew,27462,122,4,142,5,9
skew,27463,123,4,143,5,9
skew,27464,121,4,141,5,9
skew,27465,122,4,142,5,9
skew,27466,127,4,147,5,9
skew,27467,128,4,148,5,9
skew,27468,132,4,152,5,9
skew,27469,133,4,153,5,9
skew,27470,138,4,158,5,9
skew,27471,139,4,159,5,9
skew,27472,97,3,117,4,9
skew,27473,107,4,127,5,9
skew,27474,112,4,132,5,9
skew,27475,113,4,133,5,9
skew,27476,117,4,137,5,9
skew,27477,118,4,138,5,9
skew,27478,123,4,143,5,9
skew,27479,124,4,144,5,9
skew,27480,122,4,142,5,9
skew,27481,123,4,143,5,9
skew,27482,128,4,148,5,9
skew,27483,129,4,149,5,9
skew,27484,133,4,153,5,9
skew,27485,134,4,154,5,9
skew,27486,139,4,159,5,9
skew,27487,140,4,160,5,9
skew,27488,102,3,121,4,11
skew,27489,112,4,131,5,11
skew,27490,117,4,123,4,13
skew,27491,118,4,133,5,13
skew,27492,122,4,141,5,11
skew,27493,123,4,142,5,11
skew,27494,128,4,143,5,13
skew,27495,129,4,144,5,13
skew,27496,127,4,146,5,11
skew,27497,128,4,147,5,11
skew,27498,133,4,148,5,13
skew,27499,134,4,149,5,13
skew,27500,138,4,157,5,11
skew,27501,139,4,158,5,11
skew,27502,144,4,159,5,13
skew,27503,145,4,160,5,13
skew,27504,103,3,122,4,11
skew,27505,113,4,132,5,11
skew,27506,118,4,124,4,13
skew,27507,119,4,134,5,13
skew,27508,123,4,142,5,11
skew,27509,124,4,143,5,11
skew,27510,129,4,144,5,13
skew,27511,130,4,145,5,13
skew,27512,128,4,147,5,11
skew,27513,129,4,148,5,11
skew,27514,134,4,149,5,13
skew,27515,135,4,150,5,13
skew,27516,139,4,158,5,11
skew,27517,140,4,159,5,11
skew,27518,145,4,160,5,13
skew,27519,146,4,161,5,13
skew,27520,101,3,121,4,9
skew,27521,111,4,131,5,9
skew,27522,116,4,136,5,9
skew,27523,117,4,137,5,9
skew,27524,121,4,141,5,9
skew,27525,122,4,142,5,9
skew,27526,127,4,147,5,9
skew,27527,128,4,148,5,9
skew,27528,126,4,146,5,9
skew,27529,127,4,147,5,9
skew,27530,132,4,152,5,9
skew,27531,133,4,153,5,9
skew,27532,137,4,157,5,9
skew,27533,138,4,158,5,9
skew,27534,143,4,163,5,9
skew,27535,144,4,164,5,9
skew,27536,102,3,122,4,9
skew,27537,112,4,132,5,9
skew,27538,117,4,137,5,9
skew,27539,118,4,138,5,9
skew,27540,122,4,142,5,9
skew,27541,123,4,143,5,9
skew,27542,128,4,148,5,9
skew,27543,129,4,149,5,9
skew,27544,127,4,147,5,9
skew,27545,128,4,148,5,9
skew,27546,133,4,153,5,9
skew,27547,134,4,154,5,9
skew,27548,138,4,158,5,9
skew,27549,139,4,159,5,9
skew,27550,144,4,164,5,9
skew,27551,145,4,165,5,9
skew,27552,107,3,126,4,11
skew,27553,117,4,136,5,11
skew,27554,122,4,128,4,13
skew,27555,123,4,138,5,13
skew,27556,127,4,146,5,11
skew,27557,128,4,147,5,11
skew,27558,133,4,148,5,13
skew,27559,134,4,149,5,13
skew,27560,132,4,151,5,11
skew,27561,133,4,152,5,11
skew,27562,138,4,153,5,13
skew,27563,139,4,154,5,13
skew,27564,143,4,162,5,11
skew,27565,144,4,163,5,11
skew,27566,149,4,164,5,13
skew,27567,150,4,165,5,13
skew,27568,108,3,127,4,11
skew,27569,118,4,137,5,11
skew,27570,123,4,129,4,13
skew,27571,124,4,139,5,13
skew,27572,128,4,147,5,11
skew,27573,129,4,148,5,11
skew,27574,134,4,149,5,13
skew,27575,135,4,150,5,13
skew,27576,133,4,152,5,11
skew,27577,134,4,153,5,11
skew,27578,139,4,154,5,13
skew,27579,140,4,155,5,13
skew,27580,144,4,163,5,11
skew,27581,145,4,164,5,11
skew,27582,150,4,165,5,13
skew,27583,151,4,166,5,13
skew,27584,112,3,132,4,9
skew,27585,122,4,142,5,9
skew,27586,127,4,147,5,9
skew,27587,128,4,148,5,9
skew,27588,132,4,152,5,9
skew,27589,133,4,153,5,9
skew,27590,138,4,158,5,9
skew,27591,139,4,159,5,9
skew,27592,137,4,157,5,9
skew,27593,138,4,158,5,9
skew,27594,143,4,163,5,9
skew,27595,144,4,164,5,9
skew,27596,148,4,168,5,9
skew,27597,149,4,169,5,9
skew,27598,154,4,174,5,9
skew,27599,155,4,175,5,9
skew,27600,113,3,133,4,9
skew,27601,123,4,143,5,9
skew,27602,128,4,148,5,9
skew,27603,129,4,149,5,9
skew,27604,133,4,153,5,9
skew,27605,134,4,154,5,9
skew,27606,139,4,159,5,9
skew,27607,140,4,160,5,9
skew,27608,138,4,158,5,9
skew,27609,139,4,159,5,9
skew,27610,144,4,164,5,9
skew,27611,145,4,165,5,9
skew,27612,149,4,169,5,9
skew,27613,150,4,170,5,9
skew,27614,155,4,175,5,9
skew,27615,156,4,176,5,9
skew,27616,118,3,137,4,11
skew,27617,128,4,147,5,11
skew,27618,133,4,139,4,13
skew,27619,134,4,149,5,13
skew,27620,138,4,157,5,11
skew,27621,139,4,158,5,11
skew,27622,144,4,159,5,13
skew,27623,145,4,160,5,13
skew,27624,143,4,162,5,11
skew,27625,144,4,163,5,11
skew,27626,149,4,164,5,13
skew,27627,150,4,165,5,13
skew,27628,154,4,173,5,11
skew,27629,155,4,174,5,11
skew,27630,160,4,175,5,13
skew,27631,161,4,176,5,13
skew,27632,119,3,138,4,11
skew,27633,129,4,148,5,11
skew,27634,134,4,140,4,13
skew,27635,135,4,150,5,13
skew,27636,139,4,158,5,11
skew,27637,140,4,159,5,11
skew,27638,145,4,160,5,13
skew,27639,146,4,161,5,13
skew,27640,144,4,163,5,11
skew,27641,145,4,164,5,11
skew,27642,150,4,165,5,13
skew,27643,151,4,166,5,13
skew,27644,155,4,174,5,11
skew,27645,156,4,175,5,11
skew,27646,161,4,176,5,13
skew,27647,162,4,177,5,13
skew,27648,77,2,92,3,9
skew,27649,87,3,102,4,9
skew,27650,92,3,107,4,9
skew,27651,93,3,108,4,9
skew,27652,97,3,112,4,9
skew,27653,98,3,113,4,9
skew,27654,103,3,118,4,9
skew,27655,104,3,119,4,9
skew,27656,102,3,117,4,9
skew,27657,103,3,118,4,9
skew,27658,108,3,123,4,9
skew,27659,109,3,124,4,9
skew,27660,113,3,128,4,9
skew,27661,114,3,129,4,9
skew,27662,119,3,134,4,9
skew,27663,120,3,135,4,9
skew,27664,90,3,105,4,9
skew,27665,100,4,115,5,9
skew,27666,105,4,120,5,9
skew,27667,106,4,121,5,9
skew,27668,110,4,125,5,9
skew,27669,111,4,126,5,9
skew,27670,116,4,131,5,9
skew,27671,117,4,132,5,9
skew,27672,115,4,130,5,9
skew,27673,116,4,131,5,9
skew,27674,121,4,136,5,9
skew,27675,122,4,137,5,9
skew,27676,126,4,141,5,9
skew,27677,127,4,142,5,9
skew,27678,132,4,147,5,9
skew,27679,133,4,148,5,9
skew,27680,95,3,110,4,9
skew,27681,105,4,120,5,9
skew,27682,110,4,125,5,9
skew,27683,111,4,126,5,9
skew,27684,115,4,130,5,9
skew,27685,116,4,131,5,9
skew,27686,121,4,136,5,9
skew,27687,122,4,137,5,9
skew,27688,120,4,135,5,9
skew,27689,121,4,136,5,9
skew,27690,126,4,141,5,9
skew,27691,127,4,142,5,9
skew,27692,131,4,146,5,9
skew,27693,132,4,147,5,9
skew,27694,137,4,152,5,9
skew,27695,138,4,153,5,9
skew,27696,96,3,111,4,9
skew,27697,106,4,121,5,9
skew,27698,111,4,126,5,9
skew,27699,112,4,127,5,9
skew,27700,116,4,131,5,9
skew,27701,117,4,132,5,9
skew,27702,122,4,137,5,9
skew,27703,123,4,138,5,9
skew,27704,121,4,136,5,9
skew,27705,122,4,137,5,9
skew,27706,127,4,142,5,9
skew,27707,128,4,143,5,9
skew,27708,132,4,147,5,9
skew,27709,133,4,148,5,9
skew,27710,138,4,153,5,9
skew,27711,139,4,154,5,9
skew,27712,97,3,97,3,11
skew,27713,107,4,107,4,11
skew,27714,112,4,112,4,11
skew,27715,113,4,113,4,11
skew,27716,99,3,99,3,13
skew,27717,109,4,109,4,13
skew,27718,114,4,114,4,13
skew,27719,115,4,115,4,13
skew,27720,122,4,122,4,11
skew,27721,123,4,123,4,11
skew,27722,128,4,128,4,11
skew,27723,129,4,129,4,11
skew,27724,124,4,124,4,13
skew,27725,125,4,125,4,13
skew,27726,130,4,130,4,13
skew,27727,131,4,131,4,13
skew,27728,101,3,110,4,11
skew,27729,111,4,120,5,11
skew,27730,116,4,125,5,11
skew,27731,117,4,126,5,11
skew,27732,112,4,112,4,13
skew,27733,122,4,122,5,13
skew,27734,127,4,127,5,13
skew,27735,128,4,128,5,13
skew,27736,126,4,135,5,11
skew,27737,127,4,136,5,11
skew,27738,132,4,141,5,11
skew,27739,133,4,142,5,11
skew,27740,137,4,137,5,13
skew,27741,138,4,138,5,13
skew,27742,143,4,143,5,13
skew,27743,144,4,144,5,13
skew,27744,106,3,115,4,11
skew,27745,116,4,125,5,11
skew,27746,121,4,130,5,11
skew,27747,122,4,131,5,11
skew,27748,117,4,117,4,13
skew,27749,127,4,127,5,13
skew,27750,132,4,132,5,13
skew,27751,133,4,133,5,13
skew,27752,131,4,140,5,11
skew,27753,132,4,141,5,11
skew,27754,137,4,146,5,11
skew,27755,138,4,147,5,11
skew,27756,142,4,142,5,13
skew,27757,143,4,143,5,13
skew,27758,148,4,148,5,13
skew,27759,149,4,149,5,13
skew,27760,107,3,116,4,11
skew,27761,117,4,126,5,11
skew,27762,122,4,131,5,11
skew,27763,123,4,132,5,11
skew,27764,118,4,118,4,13
skew,27765,128,4,128,5,13
skew,27766,133,4,133,5,13
skew,27767,134,4,134,5,13
skew,27768,132,4,141,5,11
skew,27769,133,4,142,5,11
skew,27770,138,4,147,5,11
skew,27771,139,4,148,5,11
skew,27772,143,4,143,5,13
skew,27773,144,4,144,5,13
skew,27774,149,4,149,5,13
skew,27775,150,4,150,5,13
skew,27776,105,3,120,4,9
skew,27777,115,4,130,5,9
skew,27778,120,4,135,5,9
skew,27779,121,4,136,5,9
skew,27780,125,4,140,5,9
skew,27781,126,4,141,5,9
skew,27782,131,4,146,5,9
skew,27783,132,4,147,5,9
skew,27784,130,4,145,5,9
skew,27785,131,4,146,5,9
skew,27786,136,4,151,5,9
skew,27787,137,4,152,5,9
skew,27788,141,4,156,5,9
skew,27789,142,4,157,5,9
skew,27790,147,4,162,5,9
skew,27791,148,4,163,5,9
skew,27792,106,3,121,4,9
skew,27793,116,4,131,5,9
skew,27794,121,4,136,5,9
skew,27795,122,4,137,5,9
skew,27796,126,4,141,5,9
skew,27797,127,4,142,5,9
skew,27798,132,4,147,5,9
skew,27799,133,4,148,5,9
skew,27800,131,4,146,5,9
skew,27801,132,4,147,5,9
skew,27802,137,4,152,5,9
skew,27803,138,4,153,5,9
skew,27804,142,4,157,5,9
skew,27805,143,4,158,5,9
skew,27806,148,4,163,5,9
skew,27807,149,4,164,5,9
skew,27808,111,3,126,4,9
skew,27809,121,4,136,5,9
skew,27810,126,4,141,5,9
skew,27811,127,4,142,5,9
skew,27812,131,4,146,5,9
skew,27813,132,4,147,5,9
skew,27814,137,4,152,5,9
skew,27815,138,4,153,5,9
skew,27816,136,4,151,5,9
skew,27817,137,4,152,5,9
skew,27818,142,4,157,5,9
skew,27819,143,4,158,5,9
skew,27820,147,4,162,5,9
skew,27821,148,4,163,5,9
skew,27822,153,4,168,5,9
skew,27823,154,4,169,5,9
skew,27824,112,3,127,4,9
skew,27825,122,4,137,5,9
skew,27826,127,4,142,5,9
skew,27827,128,4,143,5,9
skew,27828,132,4,147,5,9
skew,27829,133,4,148,5,9
skew,27830,138,4,153,5,9
skew,27831,139,4,154,5,9
skew,27832,137,4,152,5,9
skew,27833,138,4,153,5,9
skew,27834,143,4,158,5,9
skew,27835,144,4,159,5,9
skew,27836,148,4,163,5,9
skew,27837,149,4,164,5,9
skew,27838,154,4,169,5,9
skew,27839,155,4,170,5,9
skew,27840,116,3,125,4,11
skew,27841,126,4,135,5,11
skew,27842,131,4,140,5,11
skew,27843,132,4,141,5,11
skew,27844,127,4,127,4,13
skew,27845,137,4,137,5,13
skew,27846,142,4,142,5,13
skew,27847,143,4,143,5,13
skew,27848,141,4,150,5,11
skew,27849,142,4,151,5,11
skew,27850,147,4,156,5,11
skew,27851,148,4,157,5,11
skew,27852,152,4,152,5,13
skew,27853,153,4,153,5,13
skew,27854,158,4,158,5,13
skew,27855,159,4,159,5,13
skew,27856,117,3,126,4,11
skew,27857,127,4,136,5,11
skew,27858,132,4,141,5,11
skew,27859,133,4,142,5,11
skew,27860,128,4,128,4,13
skew,27861,138,4,138,5,13
skew,27862,143,4,143,5,13
skew,27863,144,4,144,5,13
skew,27864,142,4,151,5,11
skew,27865,143,4,152,5,11
skew,27866,148,4,157,5,11
skew,27867,149,4,158,5,11
skew,27868,153,4,153,5,13
skew,27869,154,4,154,5,13
skew,27870,159,4,159,5,13
skew,27871,160,4,160,5,13
skew,27872,122,3,131,4,11
skew,27873,132,4,141,5,11
skew,27874,137,4,146,5,11
skew,27875,138,4,147,5,11
skew,27876,133,4,133,4,13
skew,27877,143,4,143,5,13
skew,27878,148,4,148,5,13
skew,27879,149,4,149,5,13
skew,27880,147,4,156,5,11
skew,27881,148,4,157,5,11
skew,27882,153,4,162,5,11
skew,27883,154,4,163,5,11
skew,27884,158,4,158,5,13
skew,27885,159,4,159,5,13
skew,27886,164,4,164,5,13
skew,27887,165,4,165,5,13
skew,27888,123,3,132,4,11
skew,27889,133,4,142,5,11
skew,27890,138,4,147,5,11
skew,27891,139,4,148,5,11
skew,27892,134,4,134,4,13
skew,27893,144,4,144,5,13
skew,27894,149,4,149,5,13
skew,27895,150,4,150,5,13
skew,27896,148,4,157,5,11
skew,27897,149,4,158,5,11
skew,27898,154,4,163,5,11
skew,27899,155,4,164,5,11
skew,27900,159,4,159,5,13
skew,27901,160,4,160,5,13
skew,27902,165,4,165,5,13
skew,27903,166,4,166,5,13
skew,27904,78,2,93,3,9
skew,27905,88,3,103,4,9
skew,27906,93,3,108,4,9
skew,27907,94,3,109,4,9
skew,27908,98,3,113,4,9
skew,27909,99,3,114,4,9
skew,27910,104,3,119,4,9
skew,27911,105,3,120,4,9
skew,27912,103,3,118,4,9
skew,27913,104,3,119,4,9
skew,27914,109,3,124,4,9
skew,27915,110,3,125,4,9
skew,27916,114,3,129,4,9
skew,27917,115,3,130,4,9
skew,27918,120,3,135,4,9
skew,27919,121,3,136,4,9
skew,27920,91,3,106,4,9
skew,27921,101,4,116,5,9
skew,27922,106,4,121,5,9
skew,27923,107,4,122,5,9
skew,27924,111,4,126,5,9
skew,27925,112,4,127,5,9
skew,27926,117,4,132,5,9
skew,27927,118,4,133,5,9
skew,27928,116,4,131,5,9
skew,27929,117,4,132,5,9
skew,27930,122,4,137,5,9
skew,27931,123,4,138,5,9
skew,27932,127,4,142,5,9
skew,27933,128,4,143,5,9
skew,27934,133,4,148,5,9
skew,27935,134,4,149,5,9
skew,27936,96,3,111,4,9
skew,27937,106,4,121,5,9
skew,27938,111,4,126,5,9
skew,27939,112,4,127,5,9
skew,27940,116,4,131,5,9
skew,27941,117,4,132,5,9
skew,27942,122,4,137,5,9
skew,27943,123,4,138,5,9
skew,27944,121,4,136,5,9
skew,27945,122,4,137,5,9
skew,27946,127,4,142,5,9
skew,27947,128,4,143,5,9
skew,27948,132,4,147,5,9
skew,27949,133,4,148,5,9
skew,27950,138,4,153,5,9
skew,27951,139,4,154,5,9
skew,27952,97,3,112,4,9
skew,27953,107,4,122,5,9
skew,27954,112,4,127,5,9
skew,27955,113,4,128,5,9
skew,27956,117,4,132,5,9
skew,27957,118,4,133,5,9
skew,27958,123,4,138,5,9
skew,27959,124,4,139,5,9
skew,27960,122,4,137,5,9
skew,27961,123,4,138,5,9
skew,27962,128,4,143,5,9
skew,27963,129,4,144,5,9
skew,27964,133,4,148,5,9
skew,27965,134,4,149,5,9
skew,27966,139,4,154,5,9
skew,27967,140,4,155,5,9
skew,27968,98,3,98,3,11
skew,27969,108,4,108,4,11
skew,27970,113,4,113,4,11
skew,27971,114,4,114,4,11
skew,27972,100,3,100,3,13
skew,27973,110,4,110,4,13
skew,27974,115,4,115,4,13
skew,27975,116,4,116,4,13
skew,27976,123,4,123,4,11
skew,27977,124,4,124,4,11
skew,27978,129,4,129,4,11
skew,27979,130,4,130,4,11
skew,27980,125,4,125,4,13
skew,27981,126,4,126,4,13
skew,27982,131,4,131,4,13
skew,27983,132,4,132,4,13
skew,27984,102,3,111,4,11
skew,27985,112,4,121,5,11
skew,27986,117,4,126,5,11
skew,27987,118,4,127,5,11
skew,27988,113,4,113,4,13
skew,27989,123,4,123,5,13
skew,27990,128,4,128,5,13
skew,27991,129,4,129,5,13
skew,27992,127,4,136,5,11
skew,27993,128,4,137,5,11
skew,27994,133,4,142,5,11
skew,27995,134,4,143,5,11
skew,27996,138,4,138,5,13
skew,27997,139,4,139,5,13
skew,27998,144,4,144,5,13
skew,27999,145,4,145,5,13
skew,28000,107,3,116,4,11
skew,28001,117,4,126,5,11
skew,28002,122,4,131,5,11
skew,28003,123,4,132,5,11
skew,28004,118,4,118,4,13
skew,28005,128,4,128,5,13
skew,28006,133,4,133,5,13
skew,28007,134,4,134,5,13
skew,28008,132,4,141,5,11
skew,28009,133,4,142,5,11
skew,28010,138,4,147,5,11
skew,28011,139,4,148,5,11
skew,28012,143,4,143,5,13
skew,28013,144,4,144,5,13
skew,28014,149,4,149,5,13
skew,28015,150,4,150,5,13
skew,28016,108,3,117,4,11
skew,28017,118,4,127,5,11
skew,28018,123,4,132,5,11
skew,28019,124,4,133,5,11
skew,28020,119,4,119,4,13
skew,28021,129,4,129,5,13
skew,28022,134,4,134,5,13
skew,28023,135,4,135,5,13
skew,28024,133,4,142,5,11
skew,28025,134,4,143,5,11
skew,28026,139,4,148,5,11
skew,28027,140,4,149,5,11
skew,28028,144,4,144,5,13
skew,28029,145,4,145,5,13
skew,28030,150,4,150,5,13
skew,28031,151,4,151,5,13
skew,28032,106,3,121,4,9
skew,28033,116,4,131,5,9
skew,28034,121,4,136,5,9
skew,28035,122,4,137,5,9
skew,28036,126,4,141,5,9
skew,28037,127,4,142,5,9
skew,28038,132,4,147,5,9
skew,28039,133,4,148,5,9
skew,28040,131,4,146,5,9
skew,28041,132,4,147,5,9
skew,28042,137,4,152,5,9
skew,28043,138,4,153,5,9
skew,28044,142,4,157,5,9
skew,28045,143,4,158,5,9
skew,28046,148,4,163,5,9
skew,28047,149,4,164,5,9
skew,28048,107,3,122,4,9
skew,28049,117,4,132,5,9
skew,28050,122,4,137,5,9
skew,28051,123,4,138,5,9
skew,28052,127,4,142,5,9
skew,28053,128,4,143,5,9
skew,28054,133,4,148,5,9
skew,28055,134,4,149,5,9
skew,28056,132,4,147,5,9
skew,28057,133,4,148,5,9
skew,28058,138,4,153,5,9
skew,28059,139,4,154,5,9
skew,28060,143,4,158,5,9
skew,28061,144,4,159,5,9
skew,28062,149,4,164,5,9
skew,28063,150,4,165,5,9
skew,28064,112,3,127,4,9
skew,28065,122,4,137,5,9
skew,28066,127,4,142,5,9
skew,28067,128,4,143,5,9
skew,28068,132,4,147,5,9
skew,28069,133,4,148,5,9
skew,28070,138,4,153,5,9
skew,28071,139,4,154,5,9
skew,28072,137,4,152,5,9
skew,28073,138,4,153,5,9
skew,28074,143,4,158,5,9
skew,28075,144,4,159,5,9
skew,28076,148,4,163,5,9
skew,28077,149,4,164,5,9
skew,28078,154,4,169,5,9
skew,28079,155,4,170,5,9
skew,28080,113,3,128,4,9
skew,28081,123,4,138,5,9
skew,28082,128,4,143,5,9
skew,28083,129,4,144,5,9
skew,28084,133,4,148,5,9
skew,28085,134,4,149,5,9
skew,28086,139,4,154,5,9
skew,28087,140,4,155,5,9
skew,28088,138,4,153,5,9
skew,28089,139,4,154,5,9
skew,28090,144,4,159,5,9
skew,28091,145,4,160,5,9
skew,28092,149,4,164,5,9
skew,28093,150,4,165,5,9
skew,28094,155,4,170,5,9
skew,28095,156,4,171,5,9
skew,28096,117,3,126,4,11
skew,28097,127,4,136,5,11
skew,28098,132,4,141,5,11
skew,28099,133,4,142,5,11
skew,28100,128,4,128,4,13
skew,28101,138,4,138,5,13
skew,28102,143,4,143,5,13
skew,28103,144,4,144,5,13
skew,28104,142,4,151,5,11
skew,28105,143,4,152,5,11
skew,28106,148,4,157,5,11
skew,28107,149,4,158,5,11
skew,28108,153,4,153,5,13
skew,28109,154,4,154,5,13
skew,28110,159,4,159,5,13
skew,28111,160,4,160,5,13
skew,28112,118,3,127,4,11
skew,28113,128,4,137,5,11
skew,28114,133,4,142,5,11
skew,28115,134,4,143,5,11
skew,28116,129,4,129,4,13
skew,28117,139,4,139,5,13
skew,28118,144,4,144,5,13
skew,28119,145,4,145,5,13
skew,28120,143,4,152,5,11
skew,28121,144,4,153,5,11
skew,28122,149,4,158,5,11
skew,28123,150,4,159,5,11
skew,28124,154,4,154,5,13
skew,28125,155,4,155,5,13
skew,28126,160,4,160,5,13
skew,28127,161,4,161,5,13
skew,28128,123,3,132,4,11
skew,28129,133,4,142,5,11
skew,28130,138,4,147,5,11
skew,28131,139,4,148,5,11
skew,28132,134,4,134,4,13
skew,28133,144,4,144,5,13
skew,28134,149,4,149,5,13
skew,28135,150,4,150,5,13
skew,28136,148,4,157,5,11
skew,28137,149,4,158,5,11
skew,28138,154,4,163,5,11
skew,28139,155,4,164,5,11
skew,28140,159,4,159,5,13
skew,28141,160,4,160,5,13
skew,28142,165,4,165,5,13
skew,28143,166,4,166,5,13
skew,28144,124,3,133,4,11
skew,28145,134,4,143,5,11
skew,28146,139,4,148,5,11
skew,28147,140,4,149,5,11
skew,28148,135,4,135,4,13
skew,28149,145,4,145,5,13
skew,28150,150,4,150,5,13
skew,28151,151,4,151,5,13
skew,28152,149,4,158,5,11
skew,28153,150,4,159,5,11
skew,28154,155,4,164,5,11
skew,28155,156,4,165,5,11
skew,28156,160,4,160,5,13
skew,28157,161,4,161,5,13
skew,28158,166,4,166,5,13
skew,28159,167,4,167,5,13
skew,28160,74,2,74,2,9
skew,28161,84,3,84,3,9
skew,28162,89,3,89,3,9
skew,28163,90,3,90,3,9
skew,28164,94,3,94,3,9
skew,28165,95,3,95,3,9
skew,28166,100,3,100,3,9
skew,28167,101,3,101,3,9
skew,28168,99,3,99,3,9
skew,28169,100,3,100,3,9
skew,28170,105,3,105,3,9
skew,28171,106,3,106,3,9
skew,28172,110,3,110,3,9
skew,28173,111,3,111,3,9
skew,28174,116,3,116,3,9
skew,28175,117,3,117,3,9
skew,28176,87,3,87,3,9
skew,28177,97,4,97,4,9
skew,28178,102,4,102,4,9
skew,28179,103,4,103,4,9
skew,28180,107,4,107,4,9
skew,28181,108,4,108,4,9
skew,28182,113,4,113,4,9
skew,28183,114,4,114,4,9
skew,28184,112,4,112,4,9
skew,28185,113,4,113,4,9
skew,28186,118,4,118,4,9
skew,28187,119,4,119,4,9
skew,28188,123,4,123,4,9
skew,28189,124,4,124,4,9
skew,28190,129,4,129,4,9
skew,28191,130,4,130,4,9
skew,28192,92,3,105,3,13
skew,28193,102,4,115,4,13
skew,28194,107,3,107,3,15
skew,28195,108,4,117,4,15
skew,28196,112,4,125,4,13
skew,28197,113,4,126,4,13
skew,28198,118,4,127,4,15
skew,28199,119,4,128,4,15
skew,28200,117,4,130,4,13
skew,28201,118,4,131,4,13
skew,28202,123,4,132,4,15
skew,28203,124,4,133,4,15
skew,28204,128,4,141,4,13
skew,28205,129,4,142,4,13
skew,28206,134,4,143,4,15
skew,28207,135,4,144,4,15
skew,28208,93,3,118,4,13
skew,28209,103,4,128,5,13
skew,28210,108,4,120,4,15
skew,28211,109,4,130,5,15
skew,28212,113,4,138,5,13
skew,28213,114,4,139,5,13
skew,28214,119,4,140,5,15
skew,28215,120,4,141,5,15
skew,28216,118,4,143,5,13
skew,28217,119,4,144,5,13
skew,28218,124,4,145,5,15
skew,28219,125,4,146,5,15
skew,28220,129,4,154,5,13
skew,28221,130,4,155,5,13
skew,28222,135,4,156,5,15
skew,28223,136,4,157,5,15
skew,28224,97,3,105,3,13
skew,28225,107,4,115,4,13
skew,28226,112,4,120,4,13
skew,28227,113,4,121,4,13
skew,28228,105,3,107,3,15
skew,28229,115,4,117,4,15
skew,28230,120,4,122,4,15
skew,28231,121,4,123,4,15
skew,28232,122,4,130,4,13
skew,28233,123,4,131,4,13
skew,28234,128,4,136,4,13
skew,28235,129,4,137,4,13
skew,28236,130,4,132,4,15
skew,28237,131,4,133,4,15
skew,28238,136,4,138,4,15
skew,28239,137,4,139,4,15
skew,28240,98,3,118,4,13
skew,28241,108,4,128,5,13
skew,28242,113,4,133,5,13
skew,28243,114,4,134,5,13
skew,28244,118,4,120,4,15
skew,28245,119,4,130,5,15
skew,28246,124,4,135,5,15
skew,28247,125,4,136,5,15
skew,28248,123,4,143,5,13
skew,28249,124,4,144,5,13
skew,28250,129,4,149,5,13
skew,28251,130,4,150,5,13
skew,28252,134,4,145,5,15
skew,28253,135,4,146,5,15
skew,28254,140,4,151,5,15
skew,28255,141,4,152,5,15
skew,28256,79,2,79,2,11
skew,28257,89,3,89,3,11
skew,28258,94,3,112,3,17
skew,28259,95,3,122,4,17
skew,28260,99,3,112,3,17
skew,28261,100,3,122,4,17
skew,28262,81,2,81,2,13
skew,28263,91,3,91,3,13
skew,28264,104,3,104,3,11
skew,28265,105,3,105,3,11
skew,28266,110,3,137,4,17
skew,28267,111,3,138,4,17
skew,28268,115,3,137,4,17
skew,28269,116,3,138,4,17
skew,28270,106,3,106,3,13
skew,28271,107,3,107,3,13
skew,28272,92,3,92,3,11
skew,28273,102,4,102,4,11
skew,28274,107,4,125,4,17
skew,28275,108,4,135,5,17
skew,28276,112,4,125,4,17
skew,28277,113,4,135,5,17
skew,28278,94,3,94,3,13
skew,28279,104,4,104,4,13
skew,28280,117,4,117,4,11
skew,28281,118,4,118,4,11
skew,28282,123,4,150,5,17
skew,28283,124,4,151,5,17
skew,28284,128,4,150,5,17
skew,28285,129,4,151,5,17
skew,28286,119,4,119,4,13
skew,28287,120,4,120,4,13
skew,28288,102,3,102,3,9
skew,28289,112,4,112,4,9
skew,28290,117,4,117,4,9
skew,28291,118,4,118,4,9
skew,28292,122,4,122,4,9
skew,28293,123,4,123,4,9
skew,28294,128,4,128,4,9
skew,28295,129,4,129,4,9
skew,28296,127,4,127,4,9
skew,28297,128,4,128,4,9
skew,28298,133,4,133,4,9
skew,28299,134,4,134,4,9
skew,28300,138,4,138,4,9
skew,28301,139,4,139,4,9
skew,28302,144,4,144,4,9
skew,28303,145,4,145,4,9
skew,28304,103,3,103,3,9
skew,28305,113,4,113,4,9
skew,28306,118,4,118,4,9
skew,28307,119,4,119,4,9
skew,28308,123,4,123,4,9
skew,28309,124,4,124,4,9
skew,28310,129,4,129,4,9
skew,28311,130,4,130,4,9
skew,28312,128,4,128,4,9
skew,28313,129,4,129,4,9
skew,28314,134,4,134,4,9
skew,28315,135,4,135,4,9
skew,28316,139,4,139,4,9
skew,28317,140,4,140,4,9
skew,28318,145,4,145,4,9
skew,28319,146,4,146,4,9
skew,28320,108,3,133,4,13
skew,28321,118,4,143,5,13
skew,28322,123,4,135,4,15
skew,28323,124,4,145,5,15
skew,28324,128,4,153,5,13
skew,28325,129,4,154,5,13
skew,28326,134,4,155,5,15
skew,28327,135,4,156,5,15
skew,28328,133,4,158,5,13
skew,28329,134,4,159,5,13
skew,28330,139,4,160,5,15
skew,28331,140,4,161,5,15
skew,28332,144,4,169,5,13
skew,28333,145,4,170,5,13
skew,28334,150,4,171,5,15
skew,28335,151,4,172,5,15
skew,28336,109,3,134,4,13
skew,28337,119,4,144,5,13
skew,28338,124,4,136,4,15
skew,28339,125,4,146,5,15
skew,28340,129,4,154,5,13
skew,28341,130,4,155,5,13
skew,28342,135,4,156,5,15
skew,28343,136,4,157,5,15
skew,28344,134,4,159,5,13
skew,28345,135,4,160,5,13
skew,28346,140,4,161,5,15
skew,28347,141,4,162,5,15
skew,28348,145,4,170,5,13
skew,28349,146,4,171,5,13
skew,28350,151,4,172,5,15
skew,28351,152,4,173,5,15
skew,28352,113,3,133,4,13
skew,28353,123,4,143,5,13
skew,28354,128,4,148,5,13
skew,28355,129,4,149,5,13
skew,28356,133,4,135,4,15
skew,28357,134,4,145,5,15
skew,28358,139,4,150,5,15
skew,28359,140,4,151,5,15
skew,28360,138,4,158,5,13
skew,28361,139,4,159,5,13
skew,28362,144,4,164,5,13
skew,28363,145,4,165,5,13
skew,28364,149,4,160,5,15
skew,28365,150,4,161,5,15
skew,28366,155,4,166,5,15
skew,28367,156,4,167,5,15
skew,28368,114,3,134,4,13
skew,28369,124,4,144,5,13
skew,28370,129,4,149,5,13
skew,28371,130,4,150,5,13
skew,28372,134,4,136,4,15
skew,28373,135,4,146,5,15
skew,28374,140,4,151,5,15
skew,28375,141,4,152,5,15
skew,28376,139,4,159,5,13
skew,28377,140,4,160,5,13
skew,28378,145,4,165,5,13
skew,28379,146,4,166,5,13
skew,28380,150,4,161,5,15
skew,28381,151,4,162,5,15
skew,28382,156,4,167,5,15
skew,28383,157,4,168,5,15
skew,28384,107,3,107,3,11
skew,28385,117,4,117,4,11
skew,28386,122,4,140,4,17
skew,28387,123,4,150,5,17
skew,28388,127,4,140,4,17
skew,28389,128,4,150,5,17
skew,28390,109,3,109,3,13
skew,28391,119,4,119,4,13
skew,28392,132,4,132,4,11
skew,28393,133,4,133,4,11
skew,28394,138,4,165,5,17
skew,28395,139,4,166,5,17
skew,28396,143,4,165,5,17
skew,28397,144,4,166,5,17
skew,28398,134,4,134,4,13
skew,28399,135,4,135,4,13
skew,28400,108,3,108,3,11
skew,28401,118,4,118,4,11
skew,28402,123,4,141,4,17
skew,28403,124,4,151,5,17
skew,28404,128,4,141,4,17
skew,28405,129,4,151,5,17
skew,28406,110,3,110,3,13
skew,28407,120,4,120,4,13
skew,28408,133,4,133,4,11
skew,28409,134,4,134,4,11
skew,28410,139,4,166,5,17
skew,28411,140,4,167,5,17
skew,28412,144,4,166,5,17
skew,28413,145,4,167,5,17
skew,28414,135,4,135,4,13
skew,28415,136,4,136,4,13
skew,28416,75,2,75,2,9
skew,28417,85,3,85,3,9
skew,28418,90,3,90,3,9
skew,28419,91,3,91,3,9
skew,28420,95,3,95,3,9
skew,28421,96,3,96,3,9
skew,28422,101,3,101,3,9
skew,28423,102,3,102,3,9
skew,28424,100,3,100,3,9
skew,28425,101,3,101,3,9
skew,28426,106,3,106,3,9
skew,28427,107,3,107,3,9
skew,28428,111,3,111,3,9
skew,28429,112,3,112,3,9
skew,28430,117,3,117,3,9
skew,28431,118,3,118,3,9
skew,28432,88,3,88,3,9
skew,28433,98,4,98,4,9
skew,28434,103,4,103,4,9
skew,28435,104,4,104,4,9
skew,28436,108,4,108,4,9
skew,28437,109,4,109,4,9
skew,28438,114,4,114,4,9
skew,28439,115,4,115,4,9
skew,28440,113,4,113,4,9
skew,28441,114,4,114,4,9
skew,28442,119,4,119,4,9
skew,28443,120,4,120,4,9
skew,28444,124,4,124,4,9
skew,28445,125,4,125,4,9
skew,28446,130,4,130,4,9
skew,28447,131,4,131,4,9
skew,28448,93,3,106,3,13
skew,28449,103,4,116,4,13
skew,28450,108,3,108,3,15
skew,28451,109,4,118,4,15
skew,28452,113,4,126,4,13
skew,28453,114,4,127,4,13
skew,28454,119,4,128,4,15
skew,28455,120,4,129,4,15
skew,28456,118,4,131,4,13
skew,28457,119,4,132,4,13
skew,28458,124,4,133,4,15
skew,28459,125,4,134,4,15
skew,28460,129,4,142,4,13
skew,28461,130,4,143,4,13
skew,28462,135,4,144,4,15
skew,28463,136,4,145,4,15
skew,28464,94,3,119,4,13
skew,28465,104,4,129,5,13
skew,28466,109,4,121,4,15
skew,28467,110,4,131,5,15
skew,28468,114,4,139,5,13
skew,28469,115,4,140,5,13
skew,28470,120,4,141,5,15
skew,28471,121,4,142,5,15
skew,28472,119,4,144,5,13
skew,28473,120,4,145,5,13
skew,28474,125,4,146,5,15
skew,28475,126,4,147,5,15
skew,28476,130,4,155,5,13
skew,28477,131,4,156,5,13
skew,28478,136,4,157,5,15
skew,28479,137,4,158,5,15
skew,28480,98,3,106,3,13
skew,28481,108,4,116,4,13
skew,28482,113,4,121,4,13
skew,28483,114,4,122,4,13
skew,28484,106,3,108,3,15
skew,28485,116,4,118,4,15
skew,28486,121,4,123,4,15
skew,28487,122,4,124,4,15
skew,28488,123,4,131,4,13
skew,28489,124,4,132,4,13
skew,28490,129,4,137,4,13
skew,28491,130,4,138,4,13
skew,28492,131,4,133,4,15
skew,28493,132,4,134,4,15
skew,28494,137,4,139,4,15
skew,28495,138,4,140,4,15
skew,28496,99,3,119,4,13
skew,28497,109,4,129,5,13
skew,28498,114,4,134,5,13
skew,28499,115,4,135,5,13
skew,28500,119,4,121,4,15
skew,28501,120,4,131,5,15
skew,28502,125,4,136,5,15
skew,28503,126,4,137,5,15
skew,28504,124,4,144,5,13
skew,28505,125,4,145,5,13
skew,28506,130,4,150,5,13
skew,28507,131,4,151,5,13
skew,28508,135,4,146,5,15
skew,28509,136,4,147,5,15
skew,28510,141,4,152,5,15
skew,28511,142,4,153,5,15
skew,28512,80,2,80,2,11
skew,28513,90,3,90,3,11
skew,28514,95,3,113,3,17
skew,28515,96,3,123,4,17
skew,28516,100,3,113,3,17
skew,28517,101,3,123,4,17
skew,28518,82,2,82,2,13
skew,28519,92,3,92,3,13
skew,28520,105,3,105,3,11
skew,28521,106,3,106,3,11
skew,28522,111,3,138,4,17
skew,28523,112,3,139,4,17
skew,28524,116,3,138,4,17
skew,28525,117,3,139,4,17
skew,28526,107,3,107,3,13
skew,28527,108,3,108,3,13
skew,28528,93,3,93,3,11
skew,28529,103,4,103,4,11
skew,28530,108,4,126,4,17
skew,28531,109,4,136,5,17
skew,28532,113,4,126,4,17
skew,28533,114,4,136,5,17
skew,28534,95,3,95,3,13
skew,28535,105,4,105,4,13
skew,28536,118,4,118,4,11
skew,28537,119,4,119,4,11
skew,28538,124,4,151,5,17
skew,28539,125,4,152,5,17
skew,28540,129,4,151,5,17
skew,28541,130,4,152,5,17
skew,28542,120,4,120,4,13
skew,28543,121,4,121,4,13
skew,28544,103,3,103,3,9
skew,28545,113,4,113,4,9
skew,28546,118,4,118,4,9
skew,28547,119,4,119,4,9
skew,28548,123,4,123,4,9
skew,28549,124,4,124,4,9
skew,28550,129,4,129,4,9
skew,28551,130,4,130,4,9
skew,28552,128,4,128,4,9
skew,28553,129,4,129,4,9
skew,28554,134,4,134,4,9
skew,28555,135,4,135,4,9
skew,28556,139,4,139,4,9
skew,28557,140,4,140,4,9
skew,28558,145,4,145,4,9
skew,28559,146,4,146,4,9
skew,28560,104,3,104,3,9
skew,28561,114,4,114,4,9
skew,28562,119,4,119,4,9
skew,28563,120,4,120,4,9
skew,28564,124,4,124,4,9
skew,28565,125,4,125,4,9
skew,28566,130,4,130,4,9
skew,28567,131,4,131,4,9
skew,28568,129,4,129,4,9
skew,28569,130,4,130,4,9
skew,28570,135,4,135,4,9
skew,28571,136,4,136,4,9
skew,28572,140,4,140,4,9
skew,28573,141,4,141,4,9
skew,28574,146,4,146,4,9
skew,28575,147,4,147,4,9
skew,28576,109,3,134,4,13
skew,28577,119,4,144,5,13
skew,28578,124,4,136,4,15
skew,28579,125,4,146,5,15
skew,28580,129,4,154,5,13
skew,28581,130,4,155,5,13
skew,28582,135,4,156,5,15
skew,28583,136,4,157,5,15
skew,28584,134,4,159,5,13
skew,28585,135,4,160,5,13
skew,28586,140,4,161,5,15
skew,28587,141,4,162,5,15
skew,28588,145,4,170,5,13
skew,28589,146,4,171,5,13
skew,28590,151,4,172,5,15
skew,28591,152,4,173,5,15
skew,28592,110,3,135,4,13
skew,28593,120,4,145,5,13
skew,28594,125,4,137,4,15
skew,28595,126,4,147,5,15
skew,28596,130,4,155,5,13
skew,28597,131,4,156,5,13
skew,28598,136,4,157,5,15
skew,28599,137,4,158,5,15
skew,28600,135,4,160,5,13
skew,28601,136,4,161,5,13
skew,28602,141,4,162,5,15
skew,28603,142,4,163,5,15
skew,28604,146,4,171,5,13
skew,28605,147,4,172,5,13
skew,28606,152,4,173,5,15
skew,28607,153,4,174,5,15
skew,28608,114,3,134,4,13
skew,28609,124,4,144,5,13
skew,28610,129,4,149,5,13
skew,28611,130,4,150,5,13
skew,28612,134,4,136,4,15
skew,28613,135,4,146,5,15
skew,28614,140,4,151,5,15
skew,28615,141,4,152,5,15
skew,28616,139,4,159,5,13
skew,28617,140,4,160,5,13
skew,28618,145,4,165,5,13
skew,28619,146,4,166,5,13
skew,28620,150,4,161,5,15
skew,28621,151,4,162,5,15
skew,28622,156,4,167,5,15
skew,28623,157,4,168,5,15
skew,28624,115,3,135,4,13
skew,28625,125,4,145,5,13
skew,28626,130,4,150,5,13
skew,28627,131,4,151,5,13
skew,28628,135,4,137,4,15
skew,28629,136,4,147,5,15
skew,28630,141,4,152,5,15
skew,28631,142,4,153,5,15
skew,28632,140,4,160,5,13
skew,28633,141,4,161,5,13
skew,28634,146,4,166,5,13
skew,28635,147,4,167,5,13
skew,28636,151,4,162,5,15
skew,28637,152,4,163,5,15
skew,28638,157,4,168,5,15
skew,28639,158,4,169,5,15
skew,28640,108,3,108,3,11
skew,28641,118,4,118,4,11
skew,28642,123,4,141,4,17
skew,28643,124,4,151,5,17
skew,28644,128,4,141,4,17
skew,28645,129,4,151,5,17
skew,28646,110,3,110,3,13
skew,28647,120,4,120,4,13
skew,28648,133,4,133,4,11
skew,28649,134,4,134,4,11
skew,28650,139,4,166,5,17
skew,28651,140,4,167,5,17
skew,28652,144,4,166,5,17
skew,28653,145,4,167,5,17
skew,28654,135,4,135,4,13
skew,28655,136,4,136,4,13
skew,28656,109,3,109,3,11
skew,28657,119,4,119,4,11
skew,28658,124,4,142,4,17
skew,28659,125,4,152,5,17
skew,28660,129,4,142,4,17
skew,28661,130,4,152,5,17
skew,28662,111,3,111,3,13
skew,28663,121,4,121,4,13
skew,28664,134,4,134,4,11
skew,28665,135,4,135,4,11
skew,28666,140,4,167,5,17
skew,28667,141,4,168,5,17
skew,28668,145,4,167,5,17
skew,28669,146,4,168,5,17
skew,28670,136,4,136,4,13
skew,28671,137,4,137,4,13
skew,28672,36,1,36,1,7
skew,28673,46,2,46,2,7
skew,28674,51,2,51,2,7
skew,28675,52,2,52,2,7
skew,28676,56,2,56,2,7
skew,28677,57,2,57,2,7
skew,28678,62,2,62,2,7
skew,28679,63,2,63,2,7
skew,28680,61,2,61,2,7
skew,28681,62,2,62,2,7
skew,28682,67,2,67,2,7
skew,28683,68,2,68,2,7
skew,28684,72,2,72,2,7
skew,28685,73,2,73,2,7
skew,28686,78,2,78,2,7
skew,28687,79,2,79,2,7
skew,28688,49,2,49,2,7
skew,28689,59,3,59,3,7
skew,28690,64,3,64,3,7
skew,28691,65,3,65,3,7
skew,28692,69,3,69,3,7
skew,28693,70,3,70,3,7
skew,28694,75,3,75,3,7
skew,28695,76,3,76,3,7
skew,28696,74,3,74,3,7
skew,28697,75,3,75,3,7
skew,28698,80,3,80,3,7
skew,28699,81,3,81,3,7
skew,28700,85,3,85,3,7
skew,28701,86,3,86,3,7
skew,28702,91,3,91,3,7
skew,28703,92,3,92,3,7
skew,28704,54,2,54,2,7
skew,28705,64,3,64,3,7
skew,28706,69,3,69,3,7
skew,28707,70,3,70,3,7
skew,28708,74,3,74,3,7
skew,28709,75,3,75,3,7
skew,28710,80,3,80,3,7
skew,28711,81,3,81,3,7
skew,28712,79,3,79,3,7
skew,28713,80,3,80,3,7
skew,28714,85,3,85,3,7
skew,28715,86,3,86,3,7
skew,28716,90,3,90,3,7
skew,28717,91,3,91,3,7
skew,28718,96,3,96,3,7
skew,28719,97,3,97,3,7
skew,28720,55,2,55,2,7
skew,28721,65,3,65,3,7
skew,28722,70,3,70,3,7
skew,28723,71,3,71,3,7
skew,28724,75,3,75,3,7
skew,28725,76,3,76,3,7
skew,28726,81,3,81,3,7
skew,28727,82,3,82,3,7
skew,28728,80,3,80,3,7
skew,28729,81,3,81,3,7
skew,28730,86,3,86,3,7
skew,28731,87,3,87,3,7
skew,28732,91,3,91,3,7
skew,28733,92,3,92,3,7
skew,28734,97,3,97,3,7
skew,28735,98,3,98,3,7
skew,28736,59,2,59,2,7
skew,28737,69,3,69,3,7
skew,28738,74,3,74,3,7
skew,28739,75,3,75,3,7
skew,28740,79,3,79,3,7
skew,28741,80,3,80,3,7
skew,28742,85,3,85,3,7
skew,28743,86,3,86,3,7
skew,28744,84,3,84,3,7
skew,28745,85,3,85,3,7
skew,28746,90,3,90,3,7
skew,28747,91,3,91,3,7
skew,28748,95,3,95,3,7
skew,28749,96,3,96,3,7
skew,28750,101,3,101,3,7
skew,28751,102,3,102,3,7
skew,28752,60,2,60,2,7
skew,28753,70,3,70,3,7
skew,28754,75,3,75,3,7
skew,28755,76,3,76,3,7
skew,28756,80,3,80,3,7
skew,28757,81,3,81,3,7
skew,28758,86,3,86,3,7
skew,28759,87,3,87,3,7
skew,28760,85,3,85,3,7
skew,28761,86,3,86,3,7
skew,28762,91,3,91,3,7
skew,28763,92,3,92,3,7
skew,28764,96,3,96,3,7
skew,28765,97,3,97,3,7
skew,28766,102,3,102,3,7
skew,28767,103,3,103,3,7
skew,28768,65,2,65,2,7
skew,28769,75,3,75,3,7
skew,28770,80,3,80,3,7
skew,28771,81,3,81,3,7
skew,28772,85,3,85,3,7
skew,28773,86,3,86,3,7
skew,28774,91,3,91,3,7
skew,28775,92,3,92,3,7
skew,28776,90,3,90,3,7
skew,28777,91,3,91,3,7
skew,28778,96,3,96,3,7
skew,28779,97,3,97,3,7
skew,28780,101,3,101,3,7
skew,28781,102,3,102,3,7
skew,28782,107,3,107,3,7
skew,28783,108,3,108,3,7
skew,28784,66,2,66,2,7
skew,28785,76,3,76,3,7
skew,28786,81,3,81,3,7
skew,28787,82,3,82,3,7
skew,28788,86,3,86,3,7
skew,28789,87,3,87,3,7
skew,28790,92,3,92,3,7
skew,28791,93,3,93,3,7
skew,28792,91,3,91,3,7
skew,28793,92,3,92,3,7
skew,28794,97,3,97,3,7
skew,28795,98,3,98,3,7
skew,28796,102,3,102,3,7
skew,28797,103,3,103,3,7
skew,28798,108,3,108,3,7
skew,28799,109,3,109,3,7
skew,28800,64,2,64,2,7
skew,28801,74,3,74,3,7
skew,28802,79,3,79,3,7
skew,28803,80,3,80,3,7
skew,28804,84,3,84,3,7
skew,28805,85,3,85,3,7
skew,28806,90,3,90,3,7
skew,28807,91,3,91,3,7
skew,28808,89,3,89,3,7
skew,28809,90,3,90,3,7
skew,28810,95,3,95,3,7
skew,28811,96,3,96,3,7
skew,28812,100,3,100,3,7
skew,28813,101,3,101,3,7
skew,28814,106,3,106,3,7
skew,28815,107,3,107,3,7
skew,28816,65,2,65,2,7
skew,28817,75,3,75,3,7
skew,28818,80,3,80,3,7
skew,28819,81,3,81,3,7
skew,28820,85,3,85,3,7
skew,28821,86,3,86,3,7
skew,28822,91,3,91,3,7
skew,28823,92,3,92,3,7
skew,28824,90,3,90,3,7
skew,28825,91,3,91,3,7
skew,28826,96,3,96,3,7
skew,28827,97,3,97,3,7
skew,28828,101,3,101,3,7
skew,28829,102,3,102,3,7
skew,28830,107,3,107,3,7
skew,28831,108,3,108,3,7
skew,28832,70,2,70,2,7
skew,28833,80,3,80,3,7
skew,28834,85,3,85,3,7
skew,28835,86,3,86,3,7
skew,28836,90,3,90,3,7
skew,28837,91,3,91,3,7
skew,28838,96,3,96,3,7
skew,28839,97,3,97,3,7
skew,28840,95,3,95,3,7
skew,28841,96,3,96,3,7
skew,28842,101,3,101,3,7
skew,28843,102,3,102,3,7
skew,28844,106,3,106,3,7
skew,28845,107,3,107,3,7
skew,28846,112,3,112,3,7
skew,28847,113,3,113,3,7
skew,28848,71,2,71,2,7
skew,28849,81,3,81,3,7
skew,28850,86,3,86,3,7
skew,28851,87,3,87,3,7
skew,28852,91,3,91,3,7
skew,28853,92,3,92,3,7
skew,28854,97,3,97,3,7
skew,28855,98,3,98,3,7
skew,28856,96,3,96,3,7
skew,28857,97,3,97,3,7
skew,28858,102,3,102,3,7
skew,28859,103,3,103,3,7
skew,28860,107,3,107,3,7
skew,28861,108,3,108,3,7
skew,28862,113,3,113,3,7
skew,28863,114,3,114,3,7
skew,28864,75,2,75,2,7
skew,28865,85,3,85,3,7
skew,28866,90,3,90,3,7
skew,28867,91,3,91,3,7
skew,28868,95,3,95,3,7
skew,28869,96,3,96,3,7
skew,28870,101,3,101,3,7
skew,28871,102,3,102,3,7
skew,28872,100,3,100,3,7
skew,28873,101,3,101,3,7
skew,28874,106,3,106,3,7
skew,28875,107,3,107,3,7
skew,28876,111,3,111,3,7
skew,28877,112,3,112,3,7
skew,28878,117,3,117,3,7
skew,28879,118,3,118,3,7
skew,28880,76,2,76,2,7
skew,28881,86,3,86,3,7
skew,28882,91,3,91,3,7
skew,28883,92,3,92,3,7
skew,28884,96,3,96,3,7
skew,28885,97,3,97,3,7
skew,28886,102,3,102,3,7
skew,28887,103,3,103,3,7
skew,28888,101,3,101,3,7
skew,28889,102,3,102,3,7
skew,28890,107,3,107,3,7
skew,28891,108,3,108,3,7
skew,28892,112,3,112,3,7
skew,28893,113,3,113,3,7
skew,28894,118,3,118,3,7
skew,28895,119,3,119,3,7
skew,28896,81,2,81,2,7
skew,28897,91,3,91,3,7
skew,28898,96,3,96,3,7
skew,28899,97,3,97,3,7
skew,28900,101,3,101,3,7
skew,28901,102,3,102,3,7
skew,28902,107,3,107,3,7
skew,28903,108,3,108,3,7
skew,28904,106,3,106,3,7
skew,28905,107,3,107,3,7
skew,28906,112,3,112,3,7
skew,28907,113,3,113,3,7
skew,28908,117,3,117,3,7
skew,28909,118,3,118,3,7
skew,28910,123,3,123,3,7
skew,28911,124,3,124,3,7
skew,28912,82,2,82,2,7
skew,28913,92,3,92,3,7
skew,28914,97,3,97,3,7
skew,28915,98,3,98,3,7
skew,28916,102,3,102,3,7
skew,28917,103,3,103,3,7
skew,28918,108,3,108,3,7
skew,28919,109,3,109,3,7
skew,28920,107,3,107,3,7
skew,28921,108,3,108,3,7
skew,28922,113,3,113,3,7
skew,28923,114,3,114,3,7
skew,28924,118,3,118,3,7
skew,28925,119,3,119,3,7
skew,28926,124,3,124,3,7
skew,28927,125,3,125,3,7
skew,28928,52,2,62,2,9
skew,28929,62,3,72,3,9
skew,28930,67,3,77,3,9
skew,28931,68,3,78,3,9
skew,28932,72,3,82,3,9
skew,28933,73,3,83,3,9
skew,28934,78,3,88,3,9
skew,28935,79,3,89,3,9
skew,28936,77,3,87,3,9
skew,28937,78,3,88,3,9
skew,28938,83,3,93,3,9
skew,28939,84,3,94,3,9
skew,28940,88,3,98,3,9
skew,28941,89,3,99,3,9
skew,28942,94,3,104,3,9
skew,28943,95,3,105,3,9
skew,28944,65,3,67,2,11
skew,28945,69,2,69,2,13
skew,28946,80,4,82,3,11
skew,28947,81,4,84,3,13
skew,28948,85,4,87,3,11
skew,28949,86,4,89,3,13
skew,28950,91,4,93,3,11
skew,28951,92,4,95,3,13
skew,28952,90,4,92,3,11
skew,28953,91,4,94,3,13
skew,28954,96,4,98,3,11
skew,28955,97,4,100,3,13
skew,28956,101,4,103,3,11
skew,28957,102,4,105,3,13
skew,28958,107,4,109,3,11
skew,28959,108,4,111,3,13
skew,28960,70,3,80,3,9
skew,28961,80,4,90,4,9
skew,28962,85,4,95,4,9
skew,28963,86,4,96,4,9
skew,28964,90,4,100,4,9
skew,28965,91,4,101,4,9
skew,28966,96,4,106,4,9
skew,28967,97,4,107,4,9
skew,28968,95,4,105,4,9
skew,28969,96,4,106,4,9
skew,28970,101,4,111,4,9
skew,28971,102,4,112,4,9
skew,28972,106,4,116,4,9
skew,28973,107,4,117,4,9
skew,28974,112,4,122,4,9
skew,28975,113,4,123,4,9
skew,28976,71,3,85,3,11
skew,28977,81,4,87,3,13
skew,28978,86,4,100,4,11
skew,28979,87,4,102,4,13
skew,28980,91,4,105,4,11
skew,28981,92,4,107,4,13
skew,28982,97,4,111,4,11
skew,28983,98,4,113,4,13
skew,28984,96,4,110,4,11
skew,28985,97,4,112,4,13
skew,28986,102,4,116,4,11
skew,28987,103,4,118,4,13
skew,28988,107,4,121,4,11
skew,28989,108,4,123,4,13
skew,28990,113,4,127,4,11
skew,28991,114,4,129,4,13
skew,28992,75,3,85,3,9
skew,28993,85,4,95,4,9
skew,28994,90,4,100,4,9
skew,28995,91,4,101,4,9
skew,28996,95,4,105,4,9
skew,28997,96,4,106,4,9
skew,28998,101,4,111,4,9
skew,28999,102,4,112,4,9
skew,29000,100,4,110,4,9
skew,29001,101,4,111,4,9
skew,29002,106,4,116,4,9
skew,29003,107,4,117,4,9
skew,29004,111,4,121,4,9
skew,29005,112,4,122,4,9
skew,29006,117,4,127,4,9
skew,29007,118,4,128,4,9
skew,29008,76,3,90,3,11
skew,29009,86,4,92,3,13
skew,29010,91,4,105,4,11
skew,29011,92,4,107,4,13
skew,29012,96,4,110,4,11
skew,29013,97,4,112,4,13
skew,29014,102,4,116,4,11
skew,29015,103,4,118,4,13
skew,29016,101,4,115,4,11
skew,29017,102,4,117,4,13
skew,29018,107,4,121,4,11
skew,29019,108,4,123,4,13
skew,29020,112,4,126,4,11
skew,29021,113,4,128,4,13
skew,29022,118,4,132,4,11
skew,29023,119,4,134,4,13
skew,29024,81,3,91,3,9
skew,29025,91,4,101,4,9
skew,29026,96,4,106,4,9
skew,29027,97,4,107,4,9
skew,29028,101,4,111,4,9
skew,29029,102,4,112,4,9
skew,29030,107,4,117,4,9
skew,29031,108,4,118,4,9
skew,29032,106,4,116,4,9
skew,29033,107,4,117,4,9
skew,29034,112,4,122,4,9
skew,29035,113,4,123,4,9
skew,29036,117,4,127,4,9
skew,29037,118,4,128,4,9
skew,29038,123,4,133,4,9
skew,29039,124,4,134,4,9
skew,29040,82,3,96,3,11
skew,29041,92,4,98,3,13
skew,29042,97,4,111,4,11
skew,29043,98,4,113,4,13
skew,29044,102,4,116,4,11
skew,29045,103,4,118,4,13
skew,29046,108,4,122,4,11
skew,29047,109,4,124,4,13
skew,29048,107,4,121,4,11
skew,29049,108,4,123,4,13
skew,29050,113,4,127,4,11
skew,29051,114,4,129,4,13
skew,29052,118,4,132,4,11
skew,29053,119,4,134,4,13
skew,29054,124,4,138,4,11
skew,29055,125,4,140,4,13
skew,29056,80,3,90,3,9
skew,29057,90,4,100,4,9
skew,29058,95,4,105,4,9
skew,29059,96,4,106,4,9
skew,29060,100,4,110,4,9
skew,29061,101,4,111,4,9
skew,29062,106,4,116,4,9
skew,29063,107,4,117,4,9
skew,29064,105,4,115,4,9
skew,29065,106,4,116,4,9
skew,29066,111,4,121,4,9
skew,29067,112,4,122,4,9
skew,29068,116,4,126,4,9
skew,29069,117,4,127,4,9
skew,29070,122,4,132,4,9
skew,29071,123,4,133,4,9
skew,29072,81,3,95,3,11
skew,29073,91,4,97,3,13
skew,29074,96,4,110,4,11
skew,29075,97,4,112,4,13
skew,29076,101,4,115,4,11
skew,29077,102,4,117,4,13
skew,29078,107,4,121,4,11
skew,29079,108,4,123,4,13
skew,29080,106,4,120,4,11
skew,29081,107,4,122,4,13
skew,29082,112,4,126,4,11
skew,29083,113,4,128,4,13
skew,29084,117,4,131,4,11
skew,29085,118,4,133,4,13
skew,29086,123,4,137,4,11
skew,29087,124,4,139,4,13
skew,29088,86,3,96,3,9
skew,29089,96,4,106,4,9
skew,29090,101,4,111,4,9
skew,29091,102,4,112,4,9
skew,29092,106,4,116,4,9
skew,29093,107,4,117,4,9
skew,29094,112,4,122,4,9
skew,29095,113,4,123,4,9
skew,29096,111,4,121,4,9
skew,29097,112,4,122,4,9
skew,29098,117,4,127,4,9
skew,29099,118,4,128,4,9
skew,29100,122,4,132,4,9
skew,29101,123,4,133,4,9
skew,29102,128,4,138,4,9
skew,29103,129,4,139,4,9
skew,29104,87,3,101,3,11
skew,29105,97,4,103,3,13
skew,29106,102,4,116,4,11
skew,29107,103,4,118,4,13
skew,29108,107,4,121,4,11
skew,29109,108,4,123,4,13
skew,29110,113,4,127,4,11
skew,29111,114,4,129,4,13
skew,29112,112,4,126,4,11
skew,29113,113,4,128,4,13
skew,29114,118,4,132,4,11
skew,29115,119,4,134,4,13
skew,29116,123,4,137,4,11
skew,29117,124,4,139,4,13
skew,29118,129,4,143,4,11
skew,29119,130,4,145,4,13
skew,29120,91,3,101,3,9
skew,29121,101,4,111,4,9
skew,29122,106,4,116,4,9
skew,29123,107,4,117,4,9
skew,29124,111,4,121,4,9
skew,29125,112,4,122,4,9
skew,29126,117,4,127,4,9
skew,29127,118,4,128,4,9
skew,29128,116,4,126,4,9
skew,29129,117,4,127,4,9
skew,29130,122,4,132,4,9
skew,29131,123,4,133,4,9
skew,29132,127,4,137,4,9
skew,29133,128,4,138,4,9
skew,29134,133,4,143,4,9
skew,29135,134,4,144,4,9
skew,29136,92,3,106,3,11
skew,29137,102,4,108,3,13
skew,29138,107,4,121,4,11
skew,29139,108,4,123,4,13
skew,29140,112,4,126,4,11
skew,29141,113,4,128,4,13
skew,29142,118,4,132,4,11
skew,29143,119,4,134,4,13
skew,29144,117,4,131,4,11
skew,29145,118,4,133,4,13
skew,29146,123,4,137,4,11
skew,29147,124,4,139,4,13
skew,29148,128,4,142,4,11
skew,29149,129,4,144,4,13
skew,29150,134,4,148,4,11
skew,29151,135,4,150,4,13
skew,29152,97,3,107,3,9
skew,29153,107,4,117,4,9
skew,29154,112,4,122,4,9
skew,29155,113,4,123,4,9
skew,29156,117,4,127,4,9
skew,29157,118,4,128,4,9
skew,29158,123,4,133,4,9
skew,29159,124,4,134,4,9
skew,29160,122,4,132,4,9
skew,29161,123,4,133,4,9
skew,29162,128,4,138,4,9
skew,29163,129,4,139,4,9
skew,29164,133,4,143,4,9
skew,29165,134,4,144,4,9
skew,29166,139,4,149,4,9
skew,29167,140,4,150,4,9
skew,29168,98,3,112,3,11
skew,29169,108,4,114,3,13
skew,29170,113,4,127,4,11
skew,29171,114,4,129,4,13
skew,29172,118,4,132,4,11
skew,29173,119,4,134,4,13
skew,29174,124,4,138,4,11
skew,29175,125,4,140,4,13
skew,29176,123,4,137,4,11
skew,29177,124,4,139,4,13
skew,29178,129,4,143,4,11
skew,29179,130,4,145,4,13
skew,29180,134,4,148,4,11
skew,29181,135,4,150,4,13
skew,29182,140,4,154,4,11
skew,29183,141,4,156,4,13
skew,29184,57,2,62,2,9
skew,29185,67,3,72,3,9
skew,29186,72,3,77,3,9
skew,29187,73,3,78,3,9
skew,29188,77,3,82,3,9
skew,29189,78,3,83,3,9
skew,29190,83,3,88,3,9
skew,29191,84,3,89,3,9
skew,29192,82,3,87,3,9
skew,29193,83,3,88,3,9
skew,29194,88,3,93,3,9
skew,29195,89,3,94,3,9
skew,29196,93,3,98,3,9
skew,29197,94,3,99,3,9
skew,29198,99,3,104,3,9
skew,29199,100,3,105,3,9
skew,29200,70,3,75,3,9
skew,29201,80,4,85,4,9
skew,29202,85,4,90,4,9
skew,29203,86,4,91,4,9
skew,29204,90,4,95,4,9
skew,29205,91,4,96,4,9
skew,29206,96,4,101,4,9
skew,29207,97,4,102,4,9
skew,29208,95,4,100,4,9
skew,29209,96,4,101,4,9
skew,29210,101,4,106,4,9
skew,29211,102,4,107,4,9
skew,29212,106,4,111,4,9
skew,29213,107,4,112,4,9
skew,29214,112,4,117,4,9
skew,29215,113,4,118,4,9
skew,29216,67,2,67,2,11
skew,29217,77,3,77,3,11
skew,29218,69,2,69,2,13
skew,29219,79,3,79,3,13
skew,29220,87,3,87,3,11
skew,29221,88,3,88,3,11
skew,29222,89,3,89,3,13
skew,29223,90,3,90,3,13
skew,29224,92,3,92,3,11
skew,29225,93,3,93,3,11
skew,29226,94,3,94,3,13
skew,29227,95,3,95,3,13
skew,29228,103,3,103,3,11
skew,29229,104,3,104,3,11
skew,29230,105,3,105,3,13
skew,29231,106,3,106,3,13
skew,29232,76,3,80,3,11
skew,29233,86,4,90,4,11
skew,29234,82,3,82,3,13
skew,29235,92,4,92,4,13
skew,29236,96,4,100,4,11
skew,29237,97,4,101,4,11
skew,29238,102,4,102,4,13
skew,29239,103,4,103,4,13
skew,29240,101,4,105,4,11
skew,29241,102,4,106,4,11
skew,29242,107,4,107,4,13
skew,29243,108,4,108,4,13
skew,29244,112,4,116,4,11
skew,29245,113,4,117,4,11
skew,29246,118,4,118,4,13
skew,29247,119,4,119,4,13
skew,29248,80,3,85,3,9
skew,29249,90,4,95,4,9
skew,29250,95,4,100,4,9
skew,29251,96,4,101,4,9
skew,29252,100,4,105,4,9
skew,29253,101,4,106,4,9
skew,29254,106,4,111,4,9
skew,29255,107,4,112,4,9
skew,29256,105,4,110,4,9
skew,29257,106,4,111,4,9
skew,29258,111,4,116,4,9
skew,29259,112,4,117,4,9
skew,29260,116,4,121,4,9
skew,29261,117,4,122,4,9
skew,29262,122,4,127,4,9
skew,29263,123,4,128,4,9
skew,29264,81,3,86,3,9
skew,29265,91,4,96,4,9
skew,29266,96,4,101,4,9
skew,29267,97,4,102,4,9
skew,29268,101,4,106,4,9
skew,29269,102,4,107,4,9
skew,29270,107,4,112,4,9
skew,29271,108,4,113,4,9
skew,29272,106,4,111,4,9
skew,29273,107,4,112,4,9
skew,29274,112,4,117,4,9
skew,29275,113,4,118,4,9
skew,29276,117,4,122,4,9
skew,29277,118,4,123,4,9
skew,29278,123,4,128,4,9
skew,29279,124,4,129,4,9
skew,29280,86,3,90,3,11
skew,29281,96,4,100,4,11
skew,29282,92,3,92,3,13
skew,29283,102,4,102,4,13
skew,29284,106,4,110,4,11
skew,29285,107,4,111,4,11
skew,29286,112,4,112,4,13
skew,29287,113,4,113,4,13
skew,29288,111,4,115,4,11
skew,29289,112,4,116,4,11
skew,29290,117,4,117,4,13
skew,29291,118,4,118,4,13
skew,29292,122,4,126,4,11
skew,29293,123,4,127,4,11
skew,29294,128,4,128,4,13
skew,29295,129,4,129,4,13
skew,29296,87,3,91,3,11
skew,29297,97,4,101,4,11
skew,29298,93,3,93,3,13
skew,29299,103,4,103,4,13
skew,29300,107,4,111,4,11
skew,29301,108,4,112,4,11
skew,29302,113,4,113,4,13
skew,29303,114,4,114,4,13
skew,29304,112,4,116,4,11
skew,29305,113,4,117,4,11
skew,29306,118,4,118,4,13
skew,29307,119,4,119,4,13
skew,29308,123,4,127,4,11
skew,29309,124,4,128,4,11
skew,29310,129,4,129,4,13
skew,29311,130,4,130,4,13
skew,29312,85,3,90,3,9
skew,29313,95,4,100,4,9
skew,29314,100,4,105,4,9
skew,29315,101,4,106,4,9
skew,29316,105,4,110,4,9
skew,29317,106,4,111,4,9
skew,29318,111,4,116,4,9
skew,29319,112,4,117,4,9
skew,29320,110,4,115,4,9
skew,29321,111,4,116,4,9
skew,29322,116,4,121,4,9
skew,29323,117,4,122,4,9
skew,29324,121,4,126,4,9
skew,29325,122,4,127,4,9
skew,29326,127,4,132,4,9
skew,29327,128,4,133,4,9
skew,29328,86,3,91,3,9
skew,29329,96,4,101,4,9
skew,29330,101,4,106,4,9
skew,29331,102,4,107,4,9
skew,29332,106,4,111,4,9
skew,29333,107,4,112,4,9
skew,29334,112,4,117,4,9
skew,29335,113,4,118,4,9
skew,29336,111,4,116,4,9
skew,29337,112,4,117,4,9
skew,29338,117,4,122,4,9
skew,29339,118,4,123,4,9
skew,29340,122,4,127,4,9
skew,29341,123,4,128,4,9
skew,29342,128,4,133,4,9
skew,29343,129,4,134,4,9
skew,29344,91,3,95,3,11
skew,29345,101,4,105,4,11
skew,29346,97,3,97,3,13
skew,29347,107,4,107,4,13
skew,29348,111,4,115,4,11
skew,29349,112,4,116,4,11
skew,29350,117,4,117,4,13
skew,29351,118,4,118,4,13
skew,29352,116,4,120,4,11
skew,29353,117,4,121,4,11
skew,29354,122,4,122,4,13
skew,29355,123,4,123,4,13
skew,29356,127,4,131,4,11
skew,29357,128,4,132,4,11
skew,29358,133,4,133,4,13
skew,29359,134,4,134,4,13
skew,29360,92,3,96,3,11
skew,29361,102,4,106,4,11
skew,29362,98,3,98,3,13
skew,29363,108,4,108,4,13
skew,29364,112,4,116,4,11
skew,29365,113,4,117,4,11
skew,29366,118,4,118,4,13
skew,29367,119,4,119,4,13
skew,29368,117,4,121,4,11
skew,29369,118,4,122,4,11
skew,29370,123,4,123,4,13
skew,29371,124,4,124,4,13
skew,29372,128,4,132,4,11
skew,29373,129,4,133,4,11
skew,29374,134,4,134,4,13
skew,29375,135,4,135,4,13
skew,29376,96,3,101,3,9
skew,29377,106,4,111,4,9
skew,29378,111,4,116,4,9
skew,29379,112,4,117,4,9
skew,29380,116,4,121,4,9
skew,29381,117,4,122,4,9
skew,29382,122,4,127,4,9
skew,29383,123,4,128,4,9
skew,29384,121,4,126,4,9
skew,29385,122,4,127,4,9
skew,29386,127,4,132,4,9
skew,29387,128,4,133,4,9
skew,29388,132,4,137,4,9
skew,29389,133,4,138,4,9
skew,29390,138,4,143,4,9
skew,29391,139,4,144,4,9
skew,29392,97,3,102,3,9
skew,29393,107,4,112,4,9
skew,29394,112,4,117,4,9
skew,29395,113,4,118,4,9
skew,29396,117,4,122,4,9
skew,29397,118,4,123,4,9
skew,29398,123,4,128,4,9
skew,29399,124,4,129,4,9
skew,29400,122,4,127,4,9
skew,29401,123,4,128,4,9
skew,29402,128,4,133,4,9
skew,29403,129,4,134,4,9
skew,29404,133,4,138,4,9
skew,29405,134,4,139,4,9
skew,29406,139,4,144,4,9
skew,29407,140,4,145,4,9
skew,29408,102,3,106,3,11
skew,29409,112,4,116,4,11
skew,29410,108,3,108,3,13
skew,29411,118,4,118,4,13
skew,29412,122,4,126,4,11
skew,29413,123,4,127,4,11
skew,29414,128,4,128,4,13
skew,29415,129,4,129,4,13
skew,29416,127,4,131,4,11
skew,29417,128,4,132,4,11
skew,29418,133,4,133,4,13
skew,29419,134,4,134,4,13
skew,29420,138,4,142,4,11
skew,29421,139,4,143,4,11
skew,29422,144,4,144,4,13
skew,29423,145,4,145,4,13
skew,29424,103,3,107,3,11
skew,29425,113,4,117,4,11
skew,29426,109,3,109,3,13
skew,29427,119,4,119,4,13
skew,29428,123,4,127,4,11
skew,29429,124,4,128,4,11
skew,29430,129,4,129,4,13
skew,29431,130,4,130,4,13
skew,29432,128,4,132,4,11
skew,29433,129,4,133,4,11
skew,29434,134,4,134,4,13
skew,29435,135,4,135,4,13
skew,29436,139,4,143,4,11
skew,29437,140,4,144,4,11
skew,29438,145,4,145,4,13
skew,29439,146,4,146,4,13
skew,29440,58,2,62,2,9
skew,29441,68,3,72,3,9
skew,29442,73,3,77,3,9
skew,29443,74,3,78,3,9
skew,29444,78,3,82,3,9
skew,29445,79,3,83,3,9
skew,29446,84,3,88,3,9
skew,29447,85,3,89,3,9
skew,29448,83,3,87,3,9
skew,29449,84,3,88,3,9
skew,29450,89,3,93,3,9
skew,29451,90,3,94,3,9
skew,29452,94,3,98,3,9
skew,29453,95,3,99,3,9
skew,29454,100,3,104,3,9
skew,29455,101,3,105,3,9
skew,29456,71,3,93,3,13
skew,29457,81,4,95,3,15
skew,29458,86,4,108,4,13
skew,29459,87,4,110,4,15
skew,29460,91,4,113,4,13
skew,29461,92,4,115,4,15
skew,29462,97,4,119,4,13
skew,29463,98,4,121,4,15
skew,29464,96,4,118,4,13
skew,29465,97,4,120,4,15
skew,29466,102,4,124,4,13
skew,29467,103,4,126,4,15
skew,29468,107,4,129,4,13
skew,29469,108,4,131,4,15
skew,29470,113,4,135,4,13
skew,29471,114,4,137,4,15
skew,29472,76,3,93,3,13
skew,29473,86,4,103,4,13
skew,29474,85,3,95,3,15
skew,29475,92,4,105,4,15
skew,29476,96,4,113,4,13
skew,29477,97,4,114,4,13
skew,29478,102,4,115,4,15
skew,29479,103,4,116,4,15
skew,29480,101,4,118,4,13
skew,29481,102,4,119,4,13
skew,29482,107,4,120,4,15
skew,29483,108,4,121,4,15
skew,29484,112,4,129,4,13
skew,29485,113,4,130,4,13
skew,29486,118,4,131,4,15
skew,29487,119,4,132,4,15
skew,29488,67,2,67,2,11
skew,29489,77,3,100,3,17
skew,29490,82,3,100,3,17
skew,29491,69,2,69,2,13
skew,29492,87,3,87,3,11
skew,29493,88,3,120,4,17
skew,29494,93,3,120,4,17
skew,29495,89,3,89,3,13
skew,29496,92,3,92,3,11
skew,29497,93,3,125,4,17
skew,29498,98,3,125,4,17
skew,29499,94,3,94,3,13
skew,29500,103,3,103,3,11
skew,29501,104,3,136,4,17
skew,29502,109,3,136,4,17
skew,29503,105,3,105,3,13
skew,29504,81,3,85,3,9
skew,29505,91,4,95,4,9
skew,29506,96,4,100,4,9
skew,29507,97,4,101,4,9
skew,29508,101,4,105,4,9
skew,29509,102,4,106,4,9
skew,29510,107,4,111,4,9
skew,29511,108,4,112,4,9
skew,29512,106,4,110,4,9
skew,29513,107,4,111,4,9
skew,29514,112,4,116,4,9
skew,29515,113,4,117,4,9
skew,29516,117,4,121,4,9
skew,29517,118,4,122,4,9
skew,29518,123,4,127,4,9
skew,29519,124,4,128,4,9
skew,29520,82,3,116,4,13
skew,29521,92,4,118,4,15
skew,29522,97,4,131,5,13
skew,29523,98,4,133,5,15
skew,29524,102,4,136,5,13
skew,29525,103,4,138,5,15
skew,29526,108,4,142,5,13
skew,29527,109,4,144,5,15
skew,29528,107,4,141,5,13
skew,29529,108,4,143,5,15
skew,29530,113,4,147,5,13
skew,29531,114,4,149,5,15
skew,29532,118,4,152,5,13
skew,29533,119,4,154,5,15
skew,29534,124,4,158,5,13
skew,29535,125,4,160,5,15
skew,29536,87,3,116,4,13
skew,29537,97,4,126,5,13
skew,29538,102,4,118,4,15
skew,29539,103,4,128,5,15
skew,29540,107,4,136,5,13
skew,29541,108,4,137,5,13
skew,29542,113,4,138,5,15
skew,29543,114,4,139,5,15
skew,29544,112,4,141,5,13
skew,29545,113,4,142,5,13
skew,29546,118,4,143,5,15
skew,29547,119,4,144,5,15
skew,29548,123,4,152,5,13
skew,29549,124,4,153,5,13
skew,29550,129,4,154,5,15
skew,29551,130,4,155,5,15
skew,29552,88,3,90,3,11
skew,29553,98,4,123,4,17
skew,29554,103,4,123,4,17
skew,29555,92,3,92,3,13
skew,29556,108,4,110,4,11
skew,29557,109,4,143,5,17
skew,29558,114,4,143,5,17
skew,29559,112,4,112,4,13
skew,29560,113,4,115,4,11
skew,29561,114,4,148,5,17
skew,29562,119,4,148,5,17
skew,29563,117,4,117,4,13
skew,29564,124,4,126,4,11
skew,29565,125,4,159,5,17
skew,29566,130,4,159,5,17
skew,29567,128,4,128,4,13
skew,29568,86,3,90,3,9
skew,29569,96,4,100,4,9
skew,29570,101,4,105,4,9
skew,29571,102,4,106,4,9
skew,29572,106,4,110,4,9
skew,29573,107,4,111,4,9
skew,29574,112,4,116,4,9
skew,29575,113,4,117,4,9
skew,29576,111,4,115,4,9
skew,29577,112,4,116,4,9
skew,29578,117,4,121,4,9
skew,29579,118,4,122,4,9
skew,29580,122,4,126,4,9
skew,29581,123,4,127,4,9
skew,29582,128,4,132,4,9
skew,29583,129,4,133,4,9
skew,29584,87,3,121,4,13
skew,29585,97,4,123,4,15
skew,29586,102,4,136,5,13
skew,29587,103,4,138,5,15
skew,29588,107,4,141,5,13
skew,29589,108,4,143,5,15
skew,29590,113,4,147,5,13
skew,29591,114,4,149,5,15
skew,29592,112,4,146,5,13
skew,29593,113,4,148,5,15
skew,29594,118,4,152,5,13
skew,29595,119,4,154,5,15
skew,29596,123,4,157,5,13
skew,29597,124,4,159,5,15
skew,29598,129,4,163,5,13
skew,29599,130,4,165,5,15
skew,29600,92,3,121,4,13
skew,29601,102,4,131,5,13
skew,29602,107,4,123,4,15
skew,29603,108,4,133,5,15
skew,29604,112,4,141,5,13
skew,29605,113,4,142,5,13
skew,29606,118,4,143,5,15
skew,29607,119,4,144,5,15
skew,29608,117,4,146,5,13
skew,29609,118,4,147,5,13
skew,29610,123,4,148,5,15
skew,29611,124,4,149,5,15
skew,29612,128,4,157,5,13
skew,29613,129,4,158,5,13
skew,29614,134,4,159,5,15
skew,29615,135,4,160,5,15
skew,29616,93,3,95,3,11
skew,29617,103,4,128,4,17
skew,29618,108,4,128,4,17
skew,29619,97,3,97,3,13
skew,29620,113,4,115,4,11
skew,29621,114,4,148,5,17
skew,29622,119,4,148,5,17
skew,29623,117,4,117,4,13
skew,29624,118,4,120,4,11
skew,29625,119,4,153,5,17
skew,29626,124,4,153,5,17
skew,29627,122,4,122,4,13
skew,29628,129,4,131,4,11
skew,29629,130,4,164,5,17
skew,29630,135,4,164,5,17
skew,29631,133,4,133,4,13
skew,29632,97,3,101,3,9
skew,29633,107,4,111,4,9
skew,29634,112,4,116,4,9
skew,29635,113,4,117,4,9
skew,29636,117,4,121,4,9
skew,29637,118,4,122,4,9
skew,29638,123,4,127,4,9
skew,29639,124,4,128,4,9
skew,29640,122,4,126,4,9
skew,29641,123,4,127,4,9
skew,29642,128,4,132,4,9
skew,29643,129,4,133,4,9
skew,29644,133,4,137,4,9
skew,29645,134,4,138,4,9
skew,29646,139,4,143,4,9
skew,29647,140,4,144,4,9
skew,29648,98,3,132,4,13
skew,29649,108,4,134,4,15
skew,29650,113,4,147,5,13
skew,29651,114,4,149,5,15
skew,29652,118,4,152,5,13
skew,29653,119,4,154,5,15
skew,29654,124,4,158,5,13
skew,29655,125,4,160,5,15
skew,29656,123,4,157,5,13
skew,29657,124,4,159,5,15
skew,29658,129,4,163,5,13
skew,29659,130,4,165,5,15
skew,29660,134,4,168,5,13
skew,29661,135,4,170,5,15
skew,29662,140,4,174,5,13
skew,29663,141,4,176,5,15
skew,29664,103,3,132,4,13
skew,29665,113,4,142,5,13
skew,29666,118,4,134,4,15
skew,29667,119,4,144,5,15
skew,29668,123,4,152,5,13
skew,29669,124,4,153,5,13
skew,29670,129,4,154,5,15
skew,29671,130,4,155,5,15
skew,29672,128,4,157,5,13
skew,29673,129,4,158,5,13
skew,29674,134,4,159,5,15
skew,29675,135,4,160,5,15
skew,29676,139,4,168,5,13
skew,29677,140,4,169,5,13
skew,29678,145,4,170,5,15
skew,29679,146,4,171,5,15
skew,29680,104,3,106,3,11
skew,29681,114,4,139,4,17
skew,29682,119,4,139,4,17
skew,29683,108,3,108,3,13
skew,29684,124,4,126,4,11
skew,29685,125,4,159,5,17
skew,29686,130,4,159,5,17
skew,29687,128,4,128,4,13
skew,29688,129,4,131,4,11
skew,29689,130,4,164,5,17
skew,29690,135,4,164,5,17
skew,29691,133,4,133,4,13
skew,29692,140,4,142,4,11
skew,29693,141,4,175,5,17
skew,29694,146,4,175,5,17
skew,29695,144,4,144,4,13
skew,29696,62,2,62,2,9
skew,29697,72,3,72,3,9
skew,29698,77,3,77,3,9
skew,29699,78,3,78,3,9
skew,29700,82,3,82,3,9
skew,29701,83,3,83,3,9
skew,29702,88,3,88,3,9
skew,29703,89,3,89,3,9
skew,29704,87,3,87,3,9
skew,29705,88,3,88,3,9
skew,29706,93,3,93,3,9
skew,29707,94,3,94,3,9
skew,29708,98,3,98,3,9
skew,29709,99,3,99,3,9
skew,29710,104,3,104,3,9
skew,29711,105,3,105,3,9
skew,29712,75,3,75,3,9
skew,29713,85,4,85,4,9
skew,29714,90,4,90,4,9
skew,29715,91,4,91,4,9
skew,29716,95,4,95,4,9
skew,29717,96,4,96,4,9
skew,29718,101,4,101,4,9
skew,29719,102,4,102,4,9
skew,29720,100,4,100,4,9
skew,29721,101,4,101,4,9
skew,29722,106,4,106,4,9
skew,29723,107,4,107,4,9
skew,29724,111,4,111,4,9
skew,29725,112,4,112,4,9
skew,29726,117,4,117,4,9
skew,29727,118,4,118,4,9
skew,29728,80,3,80,3,9
skew,29729,90,4,90,4,9
skew,29730,95,4,95,4,9
skew,29731,96,4,96,4,9
skew,29732,100,4,100,4,9
skew,29733,101,4,101,4,9
skew,29734,106,4,106,4,9
skew,29735,107,4,107,4,9
skew,29736,105,4,105,4,9
skew,29737,106,4,106,4,9
skew,29738,111,4,111,4,9
skew,29739,112,4,112,4,9
skew,29740,116,4,116,4,9
skew,29741,117,4,117,4,9
skew,29742,122,4,122,4,9
skew,29743,123,4,123,4,9
skew,29744,81,3,81,3,9
skew,29745,91,4,91,4,9
skew,29746,96,4,96,4,9
skew,29747,97,4,97,4,9
skew,29748,101,4,101,4,9
skew,29749,102,4,102,4,9
skew,29750,107,4,107,4,9
skew,29751,108,4,108,4,9
skew,29752,106,4,106,4,9
skew,29753,107,4,107,4,9
skew,29754,112,4,112,4,9
skew,29755,113,4,113,4,9
skew,29756,117,4,117,4,9
skew,29757,118,4,118,4,9
skew,29758,123,4,123,4,9
skew,29759,124,4,124,4,9
skew,29760,67,2,67,2,11
skew,29761,77,3,77,3,11
skew,29762,82,3,82,3,11
skew,29763,83,3,83,3,11
skew,29764,69,2,69,2,13
skew,29765,79,3,79,3,13
skew,29766,84,3,84,3,13
skew,29767,85,3,85,3,13
skew,29768,92,3,92,3,11
skew,29769,93,3,93,3,11
skew,29770,98,3,98,3,11
skew,29771,99,3,99,3,11
skew,29772,94,3,94,3,13
skew,29773,95,3,95,3,13
skew,29774,100,3,100,3,13
skew,29775,101,3,101,3,13
skew,29776,80,3,80,3,11
skew,29777,90,4,90,4,11
skew,29778,95,4,95,4,11
skew,29779,96,4,96,4,11
skew,29780,82,3,82,3,13
skew,29781,92,4,92,4,13
skew,29782,97,4,97,4,13
skew,29783,98,4,98,4,13
skew,29784,105,4,105,4,11
skew,29785,106,4,106,4,11
skew,29786,111,4,111,4,11
skew,29787,112,4,112,4,11
skew,29788,107,4,107,4,13
skew,29789,108,4,108,4,13
skew,29790,113,4,113,4,13
skew,29791,114,4,114,4,13
skew,29792,85,3,85,3,11
skew,29793,95,4,95,4,11
skew,29794,100,4,100,4,11
skew,29795,101,4,101,4,11
skew,29796,87,3,87,3,13
skew,29797,97,4,97,4,13
skew,29798,102,4,102,4,13
skew,29799,103,4,103,4,13
skew,29800,110,4,110,4,11
skew,29801,111,4,111,4,11
skew,29802,116,4,116,4,11
skew,29803,117,4,117,4,11
skew,29804,112,4,112,4,13
skew,29805,113,4,113,4,13
skew,29806,118,4,118,4,13
skew,29807,119,4,119,4,13
skew,29808,86,3,86,3,11
skew,29809,96,4,96,4,11
skew,29810,101,4,101,4,11
skew,29811,102,4,102,4,11
skew,29812,88,3,88,3,13
skew,29813,98,4,98,4,13
skew,29814,103,4,103,4,13
skew,29815,104,4,104,4,13
skew,29816,111,4,111,4,11
skew,29817,112,4,112,4,11
skew,29818,117,4,117,4,11
skew,29819,118,4,118,4,11
skew,29820,113,4,113,4,13
skew,29821,114,4,114,4,13
skew,29822,119,4,119,4,13
skew,29823,120,4,120,4,13
skew,29824,90,3,90,3,9
skew,29825,100,4,100,4,9
skew,29826,105,4,105,4,9
skew,29827,106,4,106,4,9
skew,29828,110,4,110,4,9
skew,29829,111,4,111,4,9
skew,29830,116,4,116,4,9
skew,29831,117,4,117,4,9
skew,29832,115,4,115,4,9
skew,29833,116,4,116,4,9
skew,29834,121,4,121,4,9
skew,29835,122,4,122,4,9
skew,29836,126,4,126,4,9
skew,29837,127,4,127,4,9
skew,29838,132,4,132,4,9
skew,29839,133,4,133,4,9
skew,29840,91,3,91,3,9
skew,29841,101,4,101,4,9
skew,29842,106,4,106,4,9
skew,29843,107,4,107,4,9
skew,29844,111,4,111,4,9
skew,29845,112,4,112,4,9
skew,29846,117,4,117,4,9
skew,29847,118,4,118,4,9
skew,29848,116,4,116,4,9
skew,29849,117,4,117,4,9
skew,29850,122,4,122,4,9
skew,29851,123,4,123,4,9
skew,29852,127,4,127,4,9
skew,29853,128,4,128,4,9
skew,29854,133,4,133,4,9
skew,29855,134,4,134,4,9
skew,29856,96,3,96,3,9
skew,29857,106,4,106,4,9
skew,29858,111,4,111,4,9
skew,29859,112,4,112,4,9
skew,29860,116,4,116,4,9
skew,29861,117,4,117,4,9
skew,29862,122,4,122,4,9
skew,29863,123,4,123,4,9
skew,29864,121,4,121,4,9
skew,29865,122,4,122,4,9
skew,29866,127,4,127,4,9
skew,29867,128,4,128,4,9
skew,29868,132,4,132,4,9
skew,29869,133,4,133,4,9
skew,29870,138,4,138,4,9
skew,29871,139,4,139,4,9
skew,29872,97,3,97,3,9
skew,29873,107,4,107,4,9
skew,29874,112,4,112,4,9
skew,29875,113,4,113,4,9
skew,29876,117,4,117,4,9
skew,29877,118,4,118,4,9
skew,29878,123,4,123,4,9
skew,29879,124,4,124,4,9
skew,29880,122,4,122,4,9
skew,29881,123,4,123,4,9
skew,29882,128,4,128,4,9
skew,29883,129,4,129,4,9
skew,29884,133,4,133,4,9
skew,29885,134,4,134,4,9
skew,29886,139,4,139,4,9
skew,29887,140,4,140,4,9
skew,29888,95,3,95,3,11
skew,29889,105,4,105,4,11
skew,29890,110,4,110,4,11
skew,29891,111,4,111,4,11
skew,29892,97,3,97,3,13
skew,29893,107,4,107,4,13
skew,29894,112,4,112,4,13
skew,29895,113,4,113,4,13
skew,29896,120,4,120,4,11
skew,29897,121,4,121,4,11
skew,29898,126,4,126,4,11
skew,29899,127,4,127,4,11
skew,29900,122,4,122,4,13
skew,29901,123,4,123,4,13
skew,29902,128,4,128,4,13
skew,29903,129,4,129,4,13
skew,29904,96,3,96,3,11
skew,29905,106,4,106,4,11
skew,29906,111,4,111,4,11
skew,29907,112,4,112,4,11
skew,29908,98,3,98,3,13
skew,29909,108,4,108,4,13
skew,29910,113,4,113,4,13
skew,29911,114,4,114,4,13
skew,29912,121,4,121,4,11
skew,29913,122,4,122,4,11
skew,29914,127,4,127,4,11
skew,29915,128,4,128,4,11
skew,29916,123,4,123,4,13
skew,29917,124,4,124,4,13
skew,29918,129,4,129,4,13
skew,29919,130,4,130,4,13
skew,29920,101,3,101,3,11
skew,29921,111,4,111,4,11
skew,29922,116,4,116,4,11
skew,29923,117,4,117,4,11
skew,29924,103,3,103,3,13
skew,29925,113,4,113,4,13
skew,29926,118,4,118,4,13
skew,29927,119,4,119,4,13
skew,29928,126,4,126,4,11
skew,29929,127,4,127,4,11
skew,29930,132,4,132,4,11
skew,29931,133,4,133,4,11
skew,29932,128,4,128,4,13
skew,29933,129,4,129,4,13
skew,29934,134,4,134,4,13
skew,29935,135,4,135,4,13
skew,29936,102,3,102,3,11
skew,29937,112,4,112,4,11
skew,29938,117,4,117,4,11
skew,29939,118,4,118,4,11
skew,29940,104,3,104,3,13
skew,29941,114,4,114,4,13
skew,29942,119,4,119,4,13
skew,29943,120,4,120,4,13
skew,29944,127,4,127,4,11
skew,29945,128,4,128,4,11
skew,29946,133,4,133,4,11
skew,29947,134,4,134,4,11
skew,29948,129,4,129,4,13
skew,29949,130,4,130,4,13
skew,29950,135,4,135,4,13
skew,29951,136,4,136,4,13
skew,29952,62,2,62,2,9
skew,29953,72,3,72,3,9
skew,29954,77,3,77,3,9
skew,29955,78,3,78,3,9
skew,29956,82,3,82,3,9
skew,29957,83,3,83,3,9
skew,29958,88,3,88,3,9
skew,29959,89,3,89,3,9
skew,29960,87,3,87,3,9
skew,29961,88,3,88,3,9
skew,29962,93,3,93,3,9
skew,29963,94,3,94,3,9
skew,29964,98,3,98,3,9
skew,29965,99,3,99,3,9
skew,29966,104,3,104,3,9
skew,29967,105,3,105,3,9
skew,29968,75,3,93,3,13
skew,29969,85,4,95,3,15
skew,29970,90,4,108,4,13
skew,29971,91,4,110,4,15
skew,29972,95,4,113,4,13
skew,29973,96,4,115,4,15
skew,29974,101,4,119,4,13
skew,29975,102,4,121,4,15
skew,29976,100,4,118,4,13
skew,29977,101,4,120,4,15
skew,29978,106,4,124,4,13
skew,29979,107,4,126,4,15
skew,29980,111,4,129,4,13
skew,29981,112,4,131,4,15
skew,29982,117,4,135,4,13
skew,29983,118,4,137,4,15
skew,29984,80,3,80,3,9
skew,29985,90,4,90,4,9
skew,29986,95,4,95,4,9
skew,29987,96,4,96,4,9
skew,29988,100,4,100,4,9
skew,29989,101,4,101,4,9
skew,29990,106,4,106,4,9
skew,29991,107,4,107,4,9
skew,29992,105,4,105,4,9
skew,29993,106,4,106,4,9
skew,29994,111,4,111,4,9
skew,29995,112,4,112,4,9
skew,29996,116,4,116,4,9
skew,29997,117,4,117,4,9
skew,29998,122,4,122,4,9
skew,29999,123,4,123,4,9
skew,30000,81,3,111,4,13
skew,30001,91,4,113,4,15
skew,30002,96,4,126,5,13
skew,30003,97,4,128,5,15
skew,30004,101,4,131,5,13
skew,30005,102,4,133,5,15
skew,30006,107,4,137,5,13
skew,30007,108,4,139,5,15
skew,30008,106,4,136,5,13
skew,30009,107,4,138,5,15
skew,30010,112,4,142,5,13
skew,30011,113,4,144,5,15
skew,30012,117,4,147,5,13
skew,30013,118,4,149,5,15
skew,30014,123,4,153,5,13
skew,30015,124,4,155,5,15
skew,30016,83,3,93,3,13
skew,30017,93,4,103,4,13
skew,30018,98,4,108,4,13
skew,30019,99,4,109,4,13
skew,30020,85,3,95,3,15
skew,30021,95,4,105,4,15
skew,30022,100,4,110,4,15
skew,30023,101,4,111,4,15
skew,30024,108,4,118,4,13
skew,30025,109,4,119,4,13
skew,30026,114,4,124,4,13
skew,30027,115,4,125,4,13
skew,30028,110,4,120,4,15
skew,30029,111,4,121,4,15
skew,30030,116,4,126,4,15
skew,30031,117,4,127,4,15
skew,30032,67,2,67,2,11
skew,30033,77,3,100,3,17
skew,30034,82,3,82,3,11
skew,30035,83,3,115,4,17
skew,30036,87,3,100,3,17
skew,30037,69,2,69,2,13
skew,30038,93,3,115,4,17
skew,30039,84,3,84,3,13
skew,30040,92,3,92,3,11
skew,30041,93,3,125,4,17
skew,30042,98,3,98,3,11
skew,30043,99,3,131,4,17
skew,30044,103,3,125,4,17
skew,30045,94,3,94,3,13
skew,30046,109,3,131,4,17
skew,30047,100,3,100,3,13
skew,30048,91,3,111,4,13
skew,30049,101,4,121,5,13
skew,30050,106,4,126,5,13
skew,30051,107,4,127,5,13
skew,30052,103,4,113,4,15
skew,30053,112,4,123,5,15
skew,30054,117,4,128,5,15
skew,30055,118,4,129,5,15
skew,30056,116,4,136,5,13
skew,30057,117,4,137,5,13
skew,30058,122,4,142,5,13
skew,30059,123,4,143,5,13
skew,30060,127,4,138,5,15
skew,30061,128,4,139,5,15
skew,30062,133,4,144,5,15
skew,30063,134,4,145,5,15
skew,30064,85,3,85,3,11
skew,30065,95,4,118,4,17
skew,30066,100,4,100,4,11
skew,30067,101,4,133,5,17
skew,30068,104,4,118,4,17
skew,30069,87,3,87,3,13
skew,30070,111,4,133,5,17
skew,30071,102,4,102,4,13
skew,30072,110,4,110,4,11
skew,30073,111,4,143,5,17
skew,30074,116,4,116,4,11
skew,30075,117,4,149,5,17
skew,30076,121,4,143,5,17
skew,30077,112,4,112,4,13
skew,30078,127,4,149,5,17
skew,30079,118,4,118,4,13
skew,30080,90,3,90,3,9
skew,30081,100,4,100,4,9
skew,30082,105,4,105,4,9
skew,30083,106,4,106,4,9
skew,30084,110,4,110,4,9
skew,30085,111,4,111,4,9
skew,30086,116,4,116,4,9
skew,30087,117,4,117,4,9
skew,30088,115,4,115,4,9
skew,30089,116,4,116,4,9
skew,30090,121,4,121,4,9
skew,30091,122,4,122,4,9
skew,30092,126,4,126,4,9
skew,30093,127,4,127,4,9
skew,30094,132,4,132,4,9
skew,30095,133,4,133,4,9
skew,30096,91,3,121,4,13
skew,30097,101,4,123,4,15
skew,30098,106,4,136,5,13
skew,30099,107,4,138,5,15
skew,30100,111,4,141,5,13
skew,30101,112,4,143,5,15
skew,30102,117,4,147,5,13
skew,30103,118,4,149,5,15
skew,30104,116,4,146,5,13
skew,30105,117,4,148,5,15
skew,30106,122,4,152,5,13
skew,30107,123,4,154,5,15
skew,30108,127,4,157,5,13
skew,30109,128,4,159,5,15
skew,30110,133,4,163,5,13
skew,30111,134,4,165,5,15
skew,30112,96,3,96,3,9
skew,30113,106,4,106,4,9
skew,30114,111,4,111,4,9
skew,30115,112,4,112,4,9
skew,30116,116,4,116,4,9
skew,30117,117,4,117,4,9
skew,30118,122,4,122,4,9
skew,30119,123,4,123,4,9
skew,30120,121,4,121,4,9
skew,30121,122,4,122,4,9
skew,30122,127,4,127,4,9
skew,30123,128,4,128,4,9
skew,30124,132,4,132,4,9
skew,30125,133,4,133,4,9
skew,30126,138,4,138,4,9
skew,30127,139,4,139,4,9
skew,30128,97,3,127,4,13
skew,30129,107,4,129,4,15
skew,30130,112,4,142,5,13
skew,30131,113,4,144,5,15
skew,30132,117,4,147,5,13
skew,30133,118,4,149,5,15
skew,30134,123,4,153,5,13
skew,30135,124,4,155,5,15
skew,30136,122,4,152,5,13
skew,30137,123,4,154,5,15
skew,30138,128,4,158,5,13
skew,30139,129,4,160,5,15
skew,30140,133,4,163,5,13
skew,30141,134,4,165,5,15
skew,30142,139,4,169,5,13
skew,30143,140,4,171,5,15
skew,30144,101,3,121,4,13
skew,30145,111,4,131,5,13
skew,30146,116,4,136,5,13
skew,30147,117,4,137,5,13
skew,30148,113,4,123,4,15
skew,30149,122,4,133,5,15
skew,30150,127,4,138,5,15
skew,30151,128,4,139,5,15
skew,30152,126,4,146,5,13
skew,30153,127,4,147,5,13
skew,30154,132,4,152,5,13
skew,30155,133,4,153,5,13
skew,30156,137,4,148,5,15
skew,30157,138,4,149,5,15
skew,30158,143,4,154,5,15
skew,30159,144,4,155,5,15
skew,30160,95,3,95,3,11
skew,30161,105,4,128,4,17
skew,30162,110,4,110,4,11
skew,30163,111,4,143,5,17
skew,30164,114,4,128,4,17
skew,30165,97,3,97,3,13
skew,30166,121,4,143,5,17
skew,30167,112,4,112,4,13
skew,30168,120,4,120,4,11
skew,30169,121,4,153,5,17
skew,30170,126,4,126,4,11
skew,30171,127,4,159,5,17
skew,30172,131,4,153,5,17
skew,30173,122,4,122,4,13
skew,30174,137,4,159,5,17
skew,30175,128,4,128,4,13
skew,30176,107,3,127,4,13
skew,30177,117,4,137,5,13
skew,30178,122,4,142,5,13
skew,30179,123,4,143,5,13
skew,30180,119,4,129,4,15
skew,30181,128,4,139,5,15
skew,30182,133,4,144,5,15
skew,30183,134,4,145,5,15
skew,30184,132,4,152,5,13
skew,30185,133,4,153,5,13
skew,30186,138,4,158,5,13
skew,30187,139,4,159,5,13
skew,30188,143,4,154,5,15
skew,30189,144,4,155,5,15
skew,30190,149,4,160,5,15
skew,30191,150,4,161,5,15
skew,30192,101,3,101,3,11
skew,30193,111,4,134,4,17
skew,30194,116,4,116,4,11
skew,30195,117,4,149,5,17
skew,30196,120,4,134,4,17
skew,30197,103,3,103,3,13
skew,30198,127,4,149,5,17
skew,30199,118,4,118,4,13
skew,30200,126,4,126,4,11
skew,30201,127,4,159,5,17
skew,30202,132,4,132,4,11
skew,30203,133,4,165,5,17
skew,30204,137,4,159,5,17
skew,30205,128,4,128,4,13
skew,30206,143,4,165,5,17
skew,30207,134,4,134,4,13
skew,30208,62,2,62,2,9
skew,30209,72,3,72,3,9
skew,30210,77,3,77,3,9
skew,30211,78,3,78,3,9
skew,30212,82,3,82,3,9
skew,30213,83,3,83,3,9
skew,30214,88,3,88,3,9
skew,30215,89,3,89,3,9
skew,30216,87,3,87,3,9
skew,30217,88,3,88,3,9
skew,30218,93,3,93,3,9
skew,30219,94,3,94,3,9
skew,30220,98,3,98,3,9
skew,30221,99,3,99,3,9
skew,30222,104,3,104,3,9
skew,30223,105,3,105,3,9
skew,30224,75,3,75,3,9
skew,30225,85,4,85,4,9
skew,30226,90,4,90,4,9
skew,30227,91,4,91,4,9
skew,30228,95,4,95,4,9
skew,30229,96,4,96,4,9
skew,30230,101,4,101,4,9
skew,30231,102,4,102,4,9
skew,30232,100,4,100,4,9
skew,30233,101,4,101,4,9
skew,30234,106,4,106,4,9
skew,30235,107,4,107,4,9
skew,30236,111,4,111,4,9
skew,30237,112,4,112,4,9
skew,30238,117,4,117,4,9
skew,30239,118,4,118,4,9
skew,30240,80,3,93,3,13
skew,30241,90,4,103,4,13
skew,30242,95,3,95,3,15
skew,30243,96,4,105,4,15
skew,30244,100,4,113,4,13
skew,30245,101,4,114,4,13
skew,30246,106,4,115,4,15
skew,30247,107,4,116,4,15
skew,30248,105,4,118,4,13
skew,30249,106,4,119,4,13
skew,30250,111,4,120,4,15
skew,30251,112,4,121,4,15
skew,30252,116,4,129,4,13
skew,30253,117,4,130,4,13
skew,30254,122,4,131,4,15
skew,30255,123,4,132,4,15
skew,30256,81,3,106,4,13
skew,30257,91,4,116,5,13
skew,30258,96,4,108,4,15
skew,30259,97,4,118,5,15
skew,30260,101,4,126,5,13
skew,30261,102,4,127,5,13
skew,30262,107,4,128,5,15
skew,30263,108,4,129,5,15
skew,30264,106,4,131,5,13
skew,30265,107,4,132,5,13
skew,30266,112,4,133,5,15
skew,30267,113,4,134,5,15
skew,30268,117,4,142,5,13
skew,30269,118,4,143,5,13
skew,30270,123,4,144,5,15
skew,30271,124,4,145,5,15
skew,30272,85,3,93,3,13
skew,30273,95,4,103,4,13
skew,30274,100,4,108,4,13
skew,30275,101,4,109,4,13
skew,30276,90,3,95,3,15
skew,30277,100,4,105,4,15
skew,30278,105,4,110,4,15
skew,30279,106,4,111,4,15
skew,30280,110,4,118,4,13
skew,30281,111,4,119,4,13
skew,30282,116,4,124,4,13
skew,30283,117,4,125,4,13
skew,30284,115,4,120,4,15
skew,30285,116,4,121,4,15
skew,30286,121,4,126,4,15
skew,30287,122,4,127,4,15
skew,30288,86,3,106,4,13
skew,30289,96,4,116,5,13
skew,30290,101,4,121,5,13
skew,30291,102,4,122,5,13
skew,30292,103,4,108,4,15
skew,30293,107,4,118,5,15
skew,30294,112,4,123,5,15
skew,30295,113,4,124,5,15
skew,30296,111,4,131,5,13
skew,30297,112,4,132,5,13
skew,30298,117,4,137,5,13
skew,30299,118,4,138,5,13
skew,30300,122,4,133,5,15
skew,30301,123,4,134,5,15
skew,30302,128,4,139,5,15
skew,30303,129,4,140,5,15
skew,30304,67,2,67,2,11
skew,30305,77,3,77,3,11
skew,30306,82,3,100,3,17
skew,30307,83,3,110,4,17
skew,30308,87,3,100,3,17
skew,30309,88,3,110,4,17
skew,30310,69,2,69,2,13
skew,30311,79,3,79,3,13
skew,30312,92,3,92,3,11
skew,30313,93,3,93,3,11
skew,30314,98,3,125,4,17
skew,30315,99,3,126,4,17
skew,30316,103,3,125,4,17
skew,30317,104,3,126,4,17
skew,30318,94,3,94,3,13
skew,30319,95,3,95,3,13
skew,30320,80,3,80,3,11
skew,30321,90,4,90,4,11
skew,30322,95,4,113,4,17
skew,30323,96,4,123,5,17
skew,30324,100,4,113,4,17
skew,30325,101,4,123,5,17
skew,30326,82,3,82,3,13
skew,30327,92,4,92,4,13
skew,30328,105,4,105,4,11
skew,30329,106,4,106,4,11
skew,30330,111,4,138,5,17
skew,30331,112,4,139,5,17
skew,30332,116,4,138,5,17
skew,30333,117,4,139,5,17
skew,30334,107,4,107,4,13
skew,30335,108,4,108,4,13
skew,30336,90,3,90,3,9
skew,30337,100,4,100,4,9
skew,30338,105,4,105,4,9
skew,30339,106,4,106,4,9
skew,30340,110,4,110,4,9
skew,30341,111,4,111,4,9
skew,30342,116,4,116,4,9
skew,30343,117,4,117,4,9
skew,30344,115,4,115,4,9
skew,30345,116,4,116,4,9
skew,30346,121,4,121,4,9
skew,30347,122,4,122,4,9
skew,30348,126,4,126,4,9
skew,30349,127,4,127,4,9
skew,30350,132,4,132,4,9
skew,30351,133,4,133,4,9
skew,30352,91,3,91,3,9
skew,30353,101,4,101,4,9
skew,30354,106,4,106,4,9
skew,30355,107,4,107,4,9
skew,30356,111,4,111,4,9
skew,30357,112,4,112,4,9
skew,30358,117,4,117,4,9
skew,30359,118,4,118,4,9
skew,30360,116,4,116,4,9
skew,30361,117,4,117,4,9
skew,30362,122,4,122,4,9
skew,30363,123,4,123,4,9
skew,30364,127,4,127,4,9
skew,30365,128,4,128,4,9
skew,30366,133,4,133,4,9
skew,30367,134,4,134,4,9
skew,30368,96,3,121,4,13
skew,30369,106,4,131,5,13
skew,30370,111,4,123,4,15
skew,30371,112,4,133,5,15
skew,30372,116,4,141,5,13
skew,30373,117,4,142,5,13
skew,30374,122,4,143,5,15
skew,30375,123,4,144,5,15
skew,30376,121,4,146,5,13
skew,30377,122,4,147,5,13
skew,30378,127,4,148,5,15
skew,30379,128,4,149,5,15
skew,30380,132,4,157,5,13
skew,30381,133,4,158,5,13
skew,30382,138,4,159,5,15
skew,30383,139,4,160,5,15
skew,30384,97,3,122,4,13
skew,30385,107,4,132,5,13
skew,30386,112,4,124,4,15
skew,30387,113,4,134,5,15
skew,30388,117,4,142,5,13
skew,30389,118,4,143,5,13
skew,30390,123,4,144,5,15
skew,30391,124,4,145,5,15
skew,30392,122,4,147,5,13
skew,30393,123,4,148,5,13
skew,30394,128,4,149,5,15
skew,30395,129,4,150,5,15
skew,30396,133,4,158,5,13
skew,30397,134,4,159,5,13
skew,30398,139,4,160,5,15
skew,30399,140,4,161,5,15
skew,30400,101,3,121,4,13
skew,30401,111,4,131,5,13
skew,30402,116,4,136,5,13
skew,30403,117,4,137,5,13
skew,30404,118,4,123,4,15
skew,30405,122,4,133,5,15
skew,30406,127,4,138,5,15
skew,30407,128,4,139,5,15
skew,30408,126,4,146,5,13
skew,30409,127,4,147,5,13
skew,30410,132,4,152,5,13
skew,30411,133,4,153,5,13
skew,30412,137,4,148,5,15
skew,30413,138,4,149,5,15
skew,30414,143,4,154,5,15
skew,30415,144,4,155,5,15
skew,30416,102,3,122,4,13
skew,30417,112,4,132,5,13
skew,30418,117,4,137,5,13
skew,30419,118,4,138,5,13
skew,30420,119,4,124,4,15
skew,30421,123,4,134,5,15
skew,30422,128,4,139,5,15
skew,30423,129,4,140,5,15
skew,30424,127,4,147,5,13
skew,30425,128,4,148,5,13
skew,30426,133,4,153,5,13
skew,30427,134,4,154,5,13
skew,30428,138,4,149,5,15
skew,30429,139,4,150,5,15
skew,30430,144,4,155,5,15
skew,30431,145,4,156,5,15
skew,30432,95,3,95,3,11
skew,30433,105,4,105,4,11
skew,30434,110,4,128,4,17
skew,30435,111,4,138,5,17
skew,30436,115,4,128,4,17
skew,30437,116,4,138,5,17
skew,30438,97,3,97,3,13
skew,30439,107,4,107,4,13
skew,30440,120,4,120,4,11
skew,30441,121,4,121,4,11
skew,30442,126,4,153,5,17
skew,30443,127,4,154,5,17
skew,30444,131,4,153,5,17
skew,30445,132,4,154,5,17
skew,30446,122,4,122,4,13
skew,30447,123,4,123,4,13
skew,30448,96,3,96,3,11
skew,30449,106,4,106,4,11
skew,30450,111,4,129,4,17
skew,30451,112,4,139,5,17
skew,30452,116,4,129,4,17
skew,30453,117,4,139,5,17
skew,30454,98,3,98,3,13
skew,30455,108,4,108,4,13
skew,30456,121,4,121,4,11
skew,30457,122,4,122,4,11
skew,30458,127,4,154,5,17
skew,30459,128,4,155,5,17
skew,30460,132,4,154,5,17
skew,30461,133,4,155,5,17
skew,30462,123,4,123,4,13
skew,30463,124,4,124,4,13
skew,30464,44,1,44,1,9
skew,30465,54,2,54,2,9
skew,30466,59,2,59,2,9
skew,30467,60,2,60,2,9
skew,30468,64,2,64,2,9
skew,30469,65,2,65,2,9
skew,30470,70,2,70,2,9
skew,30471,71,2,71,2,9
skew,30472,69,2,69,2,9
skew,30473,70,2,70,2,9
skew,30474,75,2,75,2,9
skew,30475,76,2,76,2,9
skew,30476,80,2,80,2,9
skew,30477,81,2,81,2,9
skew,30478,86,2,86,2,9
skew,30479,87,2,87,2,9
skew,30480,57,2,75,2,13
skew,30481,67,3,77,2,15
skew,30482,72,3,90,3,13
skew,30483,73,3,92,3,15
skew,30484,77,3,95,3,13
skew,30485,78,3,97,3,15
skew,30486,83,3,101,3,13
skew,30487,84,3,103,3,15
skew,30488,82,3,100,3,13
skew,30489,83,3,102,3,15
skew,30490,88,3,106,3,13
skew,30491,89,3,108,3,15
skew,30492,93,3,111,3,13
skew,30493,94,3,113,3,15
skew,30494,99,3,117,3,13
skew,30495,100,3,119,3,15
skew,30496,62,2,75,2,13
skew,30497,72,3,85,3,13
skew,30498,77,2,77,2,15
skew,30499,78,3,87,3,15
skew,30500,82,3,95,3,13
skew,30501,83,3,96,3,13
skew,30502,88,3,97,3,15
skew,30503,89,3,98,3,15
skew,30504,87,3,100,3,13
skew,30505,88,3,101,3,13
skew,30506,93,3,102,3,15
skew,30507,94,3,103,3,15
skew,30508,98,3,111,3,13
skew,30509,99,3,112,3,13
skew,30510,104,3,113,3,15
skew,30511,105,3,114,3,15
skew,30512,63,2,75,2,13
skew,30513,73,3,108,3,19
skew,30514,78,3,108,3,19
skew,30515,77,2,77,2,15
skew,30516,83,3,95,3,13
skew,30517,84,3,128,4,19
skew,30518,89,3,128,4,19
skew,30519,90,3,97,3,15
skew,30520,88,3,100,3,13
skew,30521,89,3,133,4,19
skew,30522,94,3,133,4,19
skew,30523,95,3,102,3,15
skew,30524,99,3,111,3,13
skew,30525,100,3,144,4,19
skew,30526,105,3,144,4,19
skew,30527,106,3,113,3,15
skew,30528,67,2,75,2,13
skew,30529,77,3,85,3,13
skew,30530,82,3,90,3,13
skew,30531,83,3,91,3,13
skew,30532,77,2,77,2,15
skew,30533,87,3,87,3,15
skew,30534,92,3,92,3,15
skew,30535,93,3,93,3,15
skew,30536,92,3,100,3,13
skew,30537,93,3,101,3,13
skew,30538,98,3,106,3,13
skew,30539,99,3,107,3,13
skew,30540,102,3,102,3,15
skew,30541,103,3,103,3,15
skew,30542,108,3,108,3,15
skew,30543,109,3,109,3,15
skew,30544,68,2,75,2,13
skew,30545,78,3,108,3,19
skew,30546,83,3,90,3,13
skew,30547,84,3,123,4,19
skew,30548,88,3,108,3,19
skew,30549,77,2,77,2,15
skew,30550,94,3,123,4,19
skew,30551,92,3,92,3,15
skew,30552,93,3,100,3,13
skew,30553,94,3,133,4,19
skew,30554,99,3,106,3,13
skew,30555,100,3,139,4,19
skew,30556,104,3,133,4,19
skew,30557,102,3,102,3,15
skew,30558,110,3,139,4,19
skew,30559,108,3,108,3,15
skew,30560,73,2,75,2,13
skew,30561,83,3,85,3,13
skew,30562,88,3,108,3,19
skew,30563,89,3,118,4,19
skew,30564,93,3,108,3,19
skew,30565,94,3,118,4,19
skew,30566,77,2,77,2,15
skew,30567,87,3,87,3,15
skew,30568,98,3,100,3,13
skew,30569,99,3,101,3,13
skew,30570,104,3,133,4,19
skew,30571,105,3,134,4,19
skew,30572,109,3,133,4,19
skew,30573,110,3,134,4,19
skew,30574,102,3,102,3,15
skew,30575,103,3,103,3,15
skew,30576,49,1,49,1,11
skew,30577,59,2,82,2,17
skew,30578,64,2,82,2,17
skew,30579,65,2,82,2,17
skew,30580,69,2,82,2,17
skew,30581,70,2,82,2,17
skew,30582,75,2,82,2,17
skew,30583,51,1,51,1,13
skew,30584,74,2,74,2,11
skew,30585,75,2,107,3,17
skew,30586,80,2,107,3,17
skew,30587,81,2,107,3,17
skew,30588,85,2,107,3,17
skew,30589,86,2,107,3,17
skew,30590,91,2,107,3,17
skew,30591,76,2,76,2,13
skew,30592,72,2,72,2,9
skew,30593,82,3,82,3,9
skew,30594,87,3,87,3,9
skew,30595,88,3,88,3,9
skew,30596,92,3,92,3,9
skew,30597,93,3,93,3,9
skew,30598,98,3,98,3,9
skew,30599,99,3,99,3,9
skew,30600,97,3,97,3,9
skew,30601,98,3,98,3,9
skew,30602,103,3,103,3,9
skew,30603,104,3,104,3,9
skew,30604,108,3,108,3,9
skew,30605,109,3,109,3,9
skew,30606,114,3,114,3,9
skew,30607,115,3,115,3,9
skew,30608,73,2,103,3,13
skew,30609,83,3,105,3,15
skew,30610,88,3,118,4,13
skew,30611,89,3,120,4,15
skew,30612,93,3,123,4,13
skew,30613,94,3,125,4,15
skew,30614,99,3,129,4,13
skew,30615,100,3,131,4,15
skew,30616,98,3,128,4,13
skew,30617,99,3,130,4,15
skew,30618,104,3,134,4,13
skew,30619,105,3,136,4,15
skew,30620,109,3,139,4,13
skew,30621,110,3,141,4,15
skew,30622,115,3,145,4,13
skew,30623,116,3,147,4,15
skew,30624,78,2,103,3,13
skew,30625,88,3,113,4,13
skew,30626,93,3,105,3,15
skew,30627,94,3,115,4,15
skew,30628,98,3,123,4,13
skew,30629,99,3,124,4,13
skew,30630,104,3,125,4,15
skew,30631,105,3,126,4,15
skew,30632,103,3,128,4,13
skew,30633,104,3,129,4,13
skew,30634,109,3,130,4,15
skew,30635,110,3,131,4,15
skew,30636,114,3,139,4,13
skew,30637,115,3,140,4,13
skew,30638,120,3,141,4,15
skew,30639,121,3,142,4,15
skew,30640,79,2,103,3,13
skew,30641,89,3,136,4,19
skew,30642,94,3,136,4,19
skew,30643,95,3,105,3,15
skew,30644,99,3,123,4,13
skew,30645,100,3,156,5,19
skew,30646,105,3,156,5,19
skew,30647,106,3,125,4,15
skew,30648,104,3,128,4,13
skew,30649,105,3,161,5,19
skew,30650,110,3,161,5,19
skew,30651,111,3,130,4,15
skew,30652,115,3,139,4,13
skew,30653,116,3,172,5,19
skew,30654,121,3,172,5,19
skew,30655,122,3,141,4,15
skew,30656,83,2,103,3,13
skew,30657,93,3,113,4,13
skew,30658,98,3,118,4,13
skew,30659,99,3,119,4,13
skew,30660,103,3,105,3,15
skew,30661,104,3,115,4,15
skew,30662,109,3,120,4,15
skew,30663,110,3,121,4,15
skew,30664,108,3,128,4,13
skew,30665,109,3,129,4,13
skew,30666,114,3,134,4,13
skew,30667,115,3,135,4,13
skew,30668,119,3,130,4,15
skew,30669,120,3,131,4,15
skew,30670,125,3,136,4,15
skew,30671,126,3,137,4,15
skew,30672,84,2,103,3,13
skew,30673,94,3,136,4,19
skew,30674,99,3,118,4,13
skew,30675,100,3,151,5,19
skew,30676,104,3,136,4,19
skew,30677,105,3,105,3,15
skew,30678,110,3,151,5,19
skew,30679,111,3,120,4,15
skew,30680,109,3,128,4,13
skew,30681,110,3,161,5,19
skew,30682,115,3,134,4,13
skew,30683,116,3,167,5,19
skew,30684,120,3,161,5,19
skew,30685,121,3,130,4,15
skew,30686,126,3,167,5,19
skew,30687,127,3,136,4,15
skew,30688,89,2,103,3,13
skew,30689,99,3,113,4,13
skew,30690,104,3,136,4,19
skew,30691,105,3,146,5,19
skew,30692,109,3,136,4,19
skew,30693,110,3,146,5,19
skew,30694,105,3,105,3,15
skew,30695,115,4,115,4,15
skew,30696,114,3,128,4,13
skew,30697,115,3,129,4,13
skew,30698,120,3,161,5,19
skew,30699,121,3,162,5,19
skew,30700,125,3,161,5,19
skew,30701,126,3,162,5,19
skew,30702,130,4,130,4,15
skew,30703,131,4,131,4,15
skew,30704,77,2,77,2,11
skew,30705,87,3,110,3,17
skew,30706,92,3,110,3,17
skew,30707,93,3,110,3,17
skew,30708,97,3,110,3,17
skew,30709,98,3,110,3,17
skew,30710,103,3,110,3,17
skew,30711,79,2,79,2,13
skew,30712,102,3,102,3,11
skew,30713,103,3,135,4,17
skew,30714,108,3,135,4,17
skew,30715,109,3,135,4,17
skew,30716,113,3,135,4,17
skew,30717,114,3,135,4,17
skew,30718,119,3,135,4,17
skew,30719,104,3,104,3,13
skew,30720,67,2,67,2,7
skew,30721,77,3,77,3,7
skew,30722,82,3,82,3,7
skew,30723,83,3,83,3,7
skew,30724,87,3,87,3,7
skew,30725,88,3,88,3,7
skew,30726,93,3,93,3,7
skew,30727,94,3,94,3,7
skew,30728,92,3,92,3,7
skew,30729,93,3,93,3,7
skew,30730,98,3,98,3,7
skew,30731,99,3,99,3,7
skew,30732,103,3,103,3,7
skew,30733,104,3,104,3,7
skew,30734,109,3,109,3,7
skew,30735,110,3,110,3,7
skew,30736,80,3,80,3,7
skew,30737,90,4,90,4,7
skew,30738,95,4,95,4,7
skew,30739,96,4,96,4,7
skew,30740,100,4,100,4,7
skew,30741,101,4,101,4,7
skew,30742,106,4,106,4,7
skew,30743,107,4,107,4,7
skew,30744,105,4,105,4,7
skew,30745,106,4,106,4,7
skew,30746,111,4,111,4,7
skew,30747,112,4,112,4,7
skew,30748,116,4,116,4,7
skew,30749,117,4,117,4,7
skew,30750,122,4,122,4,7
skew,30751,123,4,123,4,7
skew,30752,85,3,85,3,7
skew,30753,95,4,95,4,7
skew,30754,100,4,100,4,7
skew,30755,101,4,101,4,7
skew,30756,105,4,105,4,7
skew,30757,106,4,106,4,7
skew,30758,111,4,111,4,7
skew,30759,112,4,112,4,7
skew,30760,110,4,110,4,7
skew,30761,111,4,111,4,7
skew,30762,116,4,116,4,7
skew,30763,117,4,117,4,7
skew,30764,121,4,121,4,7
skew,30765,122,4,122,4,7
skew,30766,127,4,127,4,7
skew,30767,128,4,128,4,7
skew,30768,86,3,86,3,7
skew,30769,96,4,96,4,7
skew,30770,101,4,101,4,7
skew,30771,102,4,102,4,7
skew,30772,106,4,106,4,7
skew,30773,107,4,107,4,7
skew,30774,112,4,112,4,7
skew,30775,113,4,113,4,7
skew,30776,111,4,111,4,7
skew,30777,112,4,112,4,7
skew,30778,117,4,117,4,7
skew,30779,118,4,118,4,7
skew,30780,122,4,122,4,7
skew,30781,123,4,123,4,7
skew,30782,128,4,128,4,7
skew,30783,129,4,129,4,7
skew,30784,90,3,90,3,7
skew,30785,100,4,100,4,7
skew,30786,105,4,105,4,7
skew,30787,106,4,106,4,7
skew,30788,110,4,110,4,7
skew,30789,111,4,111,4,7
skew,30790,116,4,116,4,7
skew,30791,117,4,117,4,7
skew,30792,115,4,115,4,7
skew,30793,116,4,116,4,7
skew,30794,121,4,121,4,7
skew,30795,122,4,122,4,7
skew,30796,126,4,126,4,7
skew,30797,127,4,127,4,7
skew,30798,132,4,132,4,7
skew,30799,133,4,133,4,7
skew,30800,91,3,91,3,7
skew,30801,101,4,101,4,7
skew,30802,106,4,106,4,7
skew,30803,107,4,107,4,7
skew,30804,111,4,111,4,7
skew,30805,112,4,112,4,7
skew,30806,117,4,117,4,7
skew,30807,118,4,118,4,7
skew,30808,116,4,116,4,7
skew,30809,117,4,117,4,7
skew,30810,122,4,122,4,7
skew,30811,123,4,123,4,7
skew,30812,127,4,127,4,7
skew,30813,128,4,128,4,7
skew,30814,133,4,133,4,7
skew,30815,134,4,134,4,7
skew,30816,96,3,96,3,7
skew,30817,106,4,106,4,7
skew,30818,111,4,111,4,7
skew,30819,112,4,112,4,7
skew,30820,116,4,116,4,7
skew,30821,117,4,117,4,7
skew,30822,122,4,122,4,7
skew,30823,123,4,123,4,7
skew,30824,121,4,121,4,7
skew,30825,122,4,122,4,7
skew,30826,127,4,127,4,7
skew,30827,128,4,128,4,7
skew,30828,132,4,132,4,7
skew,30829,133,4,133,4,7
skew,30830,138,4,138,4,7
skew,30831,139,4,139,4,7
skew,30832,97,3,97,3,7
skew,30833,107,4,107,4,7
skew,30834,112,4,112,4,7
skew,30835,113,4,113,4,7
skew,30836,117,4,117,4,7
skew,30837,118,4,118,4,7
skew,30838,123,4,123,4,7
skew,30839,124,4,124,4,7
skew,30840,122,4,122,4,7
skew,30841,123,4,123,4,7
skew,30842,128,4,128,4,7
skew,30843,129,4,129,4,7
skew,30844,133,4,133,4,7
skew,30845,134,4,134,4,7
skew,30846,139,4,139,4,7
skew,30847,140,4,140,4,7
skew,30848,95,3,95,3,7
skew,30849,105,4,105,4,7
skew,30850,110,4,110,4,7
skew,30851,111,4,111,4,7
skew,30852,115,4,115,4,7
skew,30853,116,4,116,4,7
skew,30854,121,4,121,4,7
skew,30855,122,4,122,4,7
skew,30856,120,4,120,4,7
skew,30857,121,4,121,4,7
skew,30858,126,4,126,4,7
skew,30859,127,4,127,4,7
skew,30860,131,4,131,4,7
skew,30861,132,4,132,4,7
skew,30862,137,4,137,4,7
skew,30863,138,4,138,4,7
skew,30864,96,3,96,3,7
skew,30865,106,4,106,4,7
skew,30866,111,4,111,4,7
skew,30867,112,4,112,4,7
skew,30868,116,4,116,4,7
skew,30869,117,4,117,4,7
skew,30870,122,4,122,4,7
skew,30871,123,4,123,4,7
skew,30872,121,4,121,4,7
skew,30873,122,4,122,4,7
skew,30874,127,4,127,4,7
skew,30875,128,4,128,4,7
skew,30876,132,4,132,4,7
skew,30877,133,4,133,4,7
skew,30878,138,4,138,4,7
skew,30879,139,4,139,4,7
skew,30880,101,3,101,3,7
skew,30881,111,4,111,4,7
skew,30882,116,4,116,4,7
skew,30883,117,4,117,4,7
skew,30884,121,4,121,4,7
skew,30885,122,4,122,4,7
skew,30886,127,4,127,4,7
skew,30887,128,4,128,4,7
skew,30888,126,4,126,4,7
skew,30889,127,4,127,4,7
skew,30890,132,4,132,4,7
skew,30891,133,4,133,4,7
skew,30892,137,4,137,4,7
skew,30893,138,4,138,4,7
skew,30894,143,4,143,4,7
skew,30895,144,4,144,4,7
skew,30896,102,3,102,3,7
skew,30897,112,4,112,4,7
skew,30898,117,4,117,4,7
skew,30899,118,4,118,4,7
skew,30900,122,4,122,4,7
skew,30901,123,4,123,4,7
skew,30902,128,4,128,4,7
skew,30903,129,4,129,4,7
skew,30904,127,4,127,4,7
skew,30905,128,4,128,4,7
skew,30906,133,4,133,4,7
skew,30907,134,4,134,4,7
skew,30908,138,4,138,4,7
skew,30909,139,4,139,4,7
skew,30910,144,4,144,4,7
skew,30911,145,4,145,4,7
skew,30912,106,3,106,3,7
skew,30913,116,4,116,4,7
skew,30914,121,4,121,4,7
skew,30915,122,4,122,4,7
skew,30916,126,4,126,4,7
skew,30917,127,4,127,4,7
skew,30918,132,4,132,4,7
skew,30919,133,4,133,4,7
skew,30920,131,4,131,4,7
skew,30921,132,4,132,4,7
skew,30922,137,4,137,4,7
skew,30923,138,4,138,4,7
skew,30924,142,4,142,4,7
skew,30925,143,4,143,4,7
skew,30926,148,4,148,4,7
skew,30927,149,4,149,4,7
skew,30928,107,3,107,3,7
skew,30929,117,4,117,4,7
skew,30930,122,4,122,4,7
skew,30931,123,4,123,4,7
skew,30932,127,4,127,4,7
skew,30933,128,4,128,4,7
skew,30934,133,4,133,4,7
skew,30935,134,4,134,4,7
skew,30936,132,4,132,4,7
skew,30937,133,4,133,4,7
skew,30938,138,4,138,4,7
skew,30939,139,4,139,4,7
skew,30940,143,4,143,4,7
skew,30941,144,4,144,4,7
skew,30942,149,4,149,4,7
skew,30943,150,4,150,4,7
skew,30944,112,3,112,3,7
skew,30945,122,4,122,4,7
skew,30946,127,4,127,4,7
skew,30947,128,4,128,4,7
skew,30948,132,4,132,4,7
skew,30949,133,4,133,4,7
skew,30950,138,4,138,4,7
skew,30951,139,4,139,4,7
skew,30952,137,4,137,4,7
skew,30953,138,4,138,4,7
skew,30954,143,4,143,4,7
skew,30955,144,4,144,4,7
skew,30956,148,4,148,4,7
skew,30957,149,4,149,4,7
skew,30958,154,4,154,4,7
skew,30959,155,4,155,4,7
skew,30960,113,3,113,3,7
skew,30961,123,4,123,4,7
skew,30962,128,4,128,4,7
skew,30963,129,4,129,4,7
skew,30964,133,4,133,4,7
skew,30965,134,4,134,4,7
skew,30966,139,4,139,4,7
skew,30967,140,4,140,4,7
skew,30968,138,4,138,4,7
skew,30969,139,4,139,4,7
skew,30970,144,4,144,4,7
skew,30971,145,4,145,4,7
skew,30972,149,4,149,4,7
skew,30973,150,4,150,4,7
skew,30974,155,4,155,4,7
skew,30975,156,4,156,4,7
skew,30976,68,2,93,3,9
skew,30977,78,3,103,4,9
skew,30978,83,3,108,4,9
skew,30979,84,3,109,4,9
skew,30980,88,3,113,4,9
skew,30981,89,3,114,4,9
skew,30982,94,3,119,4,9
skew,30983,95,3,120,4,9
skew,30984,93,3,118,4,9
skew,30985,94,3,119,4,9
skew,30986,99,3,124,4,9
skew,30987,100,3,125,4,9
skew,30988,104,3,129,4,9
skew,30989,105,3,130,4,9
skew,30990,110,3,135,4,9
skew,30991,111,3,136,4,9
skew,30992,81,3,98,3,11
skew,30993,91,4,100,3,13
skew,30994,96,4,113,4,11
skew,30995,97,4,115,4,13
skew,30996,101,4,118,4,11
skew,30997,102,4,120,4,13
skew,30998,107,4,124,4,11
skew,30999,108,4,126,4,13
skew,31000,106,4,123,4,11
skew,31001,107,4,125,4,13
skew,31002,112,4,129,4,11
skew,31003,113,4,131,4,13
skew,31004,117,4,134,4,11
skew,31005,118,4,136,4,13
skew,31006,123,4,140,4,11
skew,31007,124,4,142,4,13
skew,31008,86,3,111,4,9
skew,31009,96,4,121,5,9
skew,31010,101,4,126,5,9
skew,31011,102,4,127,5,9
skew,31012,106,4,131,5,9
skew,31013,107,4,132,5,9
skew,31014,112,4,137,5,9
skew,31015,113,4,138,5,9
skew,31016,111,4,136,5,9
skew,31017,112,4,137,5,9
skew,31018,117,4,142,5,9
skew,31019,118,4,143,5,9
skew,31020,122,4,147,5,9
skew,31021,123,4,148,5,9
skew,31022,128,4,153,5,9
skew,31023,129,4,154,5,9
skew,31024,87,3,116,4,11
skew,31025,97,4,118,4,13
skew,31026,102,4,131,5,11
skew,31027,103,4,133,5,13
skew,31028,107,4,136,5,11
skew,31029,108,4,138,5,13
skew,31030,113,4,142,5,11
skew,31031,114,4,144,5,13
skew,31032,112,4,141,5,11
skew,31033,113,4,143,5,13
skew,31034,118,4,147,5,11
skew,31035,119,4,149,5,13
skew,31036,123,4,152,5,11
skew,31037,124,4,154,5,13
skew,31038,129,4,158,5,11
skew,31039,130,4,160,5,13
skew,31040,91,3,116,4,9
skew,31041,101,4,126,5,9
skew,31042,106,4,131,5,9
skew,31043,107,4,132,5,9
skew,31044,111,4,136,5,9
skew,31045,112,4,137,5,9
skew,31046,117,4,142,5,9
skew,31047,118,4,143,5,9
skew,31048,116,4,141,5,9
skew,31049,117,4,142,5,9
skew,31050,122,4,147,5,9
skew,31051,123,4,148,5,9
skew,31052,127,4,152,5,9
skew,31053,128,4,153,5,9
skew,31054,133,4,158,5,9
skew,31055,134,4,159,5,9
skew,31056,92,3,121,4,11
skew,31057,102,4,123,4,13
skew,31058,107,4,136,5,11
skew,31059,108,4,138,5,13
skew,31060,112,4,141,5,11
skew,31061,113,4,143,5,13
skew,31062,118,4,147,5,11
skew,31063,119,4,149,5,13
skew,31064,117,4,146,5,11
skew,31065,118,4,148,5,13
skew,31066,123,4,152,5,11
skew,31067,124,4,154,5,13
skew,31068,128,4,157,5,11
skew,31069,129,4,159,5,13
skew,31070,134,4,163,5,11
skew,31071,135,4,165,5,13
skew,31072,97,3,122,4,9
skew,31073,107,4,132,5,9
skew,31074,112,4,137,5,9
skew,31075,113,4,138,5,9
skew,31076,117,4,142,5,9
skew,31077,118,4,143,5,9
skew,31078,123,4,148,5,9
skew,31079,124,4,149,5,9
skew,31080,122,4,147,5,9
skew,31081,123,4,148,5,9
skew,31082,128,4,153,5,9
skew,31083,129,4,154,5,9
skew,31084,133,4,158,5,9
skew,31085,134,4,159,5,9
skew,31086,139,4,164,5,9
skew,31087,140,4,165,5,9
skew,31088,98,3,127,4,11
skew,31089,108,4,129,4,13
skew,31090,113,4,142,5,11
skew,31091,114,4,144,5,13
skew,31092,118,4,147,5,11
skew,31093,119,4,149,5,13
skew,31094,124,4,153,5,11
skew,31095,125,4,155,5,13
skew,31096,123,4,152,5,11
skew,31097,124,4,154,5,13
skew,31098,129,4,158,5,11
skew,31099,130,4,160,5,13
skew,31100,134,4,163,5,11
skew,31101,135,4,165,5,13
skew,31102,140,4,169,5,11
skew,31103,141,4,171,5,13
skew,31104,96,3,121,4,9
skew,31105,106,4,131,5,9
skew,31106,111,4,136,5,9
skew,31107,112,4,137,5,9
skew,31108,116,4,141,5,9
skew,31109,117,4,142,5,9
skew,31110,122,4,147,5,9
skew,31111,123,4,148,5,9
skew,31112,121,4,146,5,9
skew,31113,122,4,147,5,9
skew,31114,127,4,152,5,9
skew,31115,128,4,153,5,9
skew,31116,132,4,157,5,9
skew,31117,133,4,158,5,9
skew,31118,138,4,163,5,9
skew,31119,139,4,164,5,9
skew,31120,97,3,126,4,11
skew,31121,107,4,128,4,13
skew,31122,112,4,141,5,11
skew,31123,113,4,143,5,13
skew,31124,117,4,146,5,11
skew,31125,118,4,148,5,13
skew,31126,123,4,152,5,11
skew,31127,124,4,154,5,13
skew,31128,122,4,151,5,11
skew,31129,123,4,153,5,13
skew,31130,128,4,157,5,11
skew,31131,129,4,159,5,13
skew,31132,133,4,162,5,11
skew,31133,134,4,164,5,13
skew,31134,139,4,168,5,11
skew,31135,140,4,170,5,13
skew,31136,102,3,127,4,9
skew,31137,112,4,137,5,9
skew,31138,117,4,142,5,9
skew,31139,118,4,143,5,9
skew,31140,122,4,147,5,9
skew,31141,123,4,148,5,9
skew,31142,128,4,153,5,9
skew,31143,129,4,154,5,9
skew,31144,127,4,152,5,9
skew,31145,128,4,153,5,9
skew,31146,133,4,158,5,9
skew,31147,134,4,159,5,9
skew,31148,138,4,163,5,9
skew,31149,139,4,164,5,9
skew,31150,144,4,169,5,9
skew,31151,145,4,170,5,9
skew,31152,103,3,132,4,11
skew,31153,113,4,134,4,13
skew,31154,118,4,147,5,11
skew,31155,119,4,149,5,13
skew,31156,123,4,152,5,11
skew,31157,124,4,154,5,13
skew,31158,129,4,158,5,11
skew,31159,130,4,160,5,13
skew,31160,128,4,157,5,11
skew,31161,129,4,159,5,13
skew,31162,134,4,163,5,11
skew,31163,135,4,165,5,13
skew,31164,139,4,168,5,11
skew,31165,140,4,170,5,13
skew,31166,145,4,174,5,11
skew,31167,146,4,176,5,13
skew,31168,107,3,132,4,9
skew,31169,117,4,142,5,9
skew,31170,122,4,147,5,9
skew,31171,123,4,148,5,9
skew,31172,127,4,152,5,9
skew,31173,128,4,153,5,9
skew,31174,133,4,158,5,9
skew,31175,134,4,159,5,9
skew,31176,132,4,157,5,9
skew,31177,133,4,158,5,9
skew,31178,138,4,163,5,9
skew,31179,139,4,164,5,9
skew,31180,143,4,168,5,9
skew,31181,144,4,169,5,9
skew,31182,149,4,174,5,9
skew,31183,150,4,175,5,9
skew,31184,108,3,137,4,11
skew,31185,118,4,139,4,13
skew,31186,123,4,152,5,11
skew,31187,124,4,154,5,13
skew,31188,128,4,157,5,11
skew,31189,129,4,159,5,13
skew,31190,134,4,163,5,11
skew,31191,135,4,165,5,13
skew,31192,133,4,162,5,11
skew,31193,134,4,164,5,13
skew,31194,139,4,168,5,11
skew,31195,140,4,170,5,13
skew,31196,144,4,173,5,11
skew,31197,145,4,175,5,13
skew,31198,150,4,179,5,11
skew,31199,151,4,181,5,13
skew,31200,113,3,138,4,9
skew,31201,123,4,148,5,9
skew,31202,128,4,153,5,9
skew,31203,129,4,154,5,9
skew,31204,133,4,158,5,9
skew,31205,134,4,159,5,9
skew,31206,139,4,164,5,9
skew,31207,140,4,165,5,9
skew,31208,138,4,163,5,9
skew,31209,139,4,164,5,9
skew,31210,144,4,169,5,9
skew,31211,145,4,170,5,9
skew,31212,149,4,174,5,9
skew,31213,150,4,175,5,9
skew,31214,155,4,180,5,9
skew,31215,156,4,181,5,9
skew,31216,114,3,143,4,11
skew,31217,124,4,145,4,13
skew,31218,129,4,158,5,11
skew,31219,130,4,160,5,13
skew,31220,134,4,163,5,11
skew,31221,135,4,165,5,13
skew,31222,140,4,169,5,11
skew,31223,141,4,171,5,13
skew,31224,139,4,168,5,11
skew,31225,140,4,170,5,13
skew,31226,145,4,174,5,11
skew,31227,146,4,176,5,13
skew,31228,150,4,179,5,11
skew,31229,151,4,181,5,13
skew,31230,156,4,185,5,11
skew,31231,157,4,187,5,13
skew,31232,73,2,93,3,9
skew,31233,83,3,103,4,9
skew,31234,88,3,108,4,9
skew,31235,89,3,109,4,9
skew,31236,93,3,113,4,9
skew,31237,94,3,114,4,9
skew,31238,99,3,119,4,9
skew,31239,100,3,120,4,9
skew,31240,98,3,118,4,9
skew,31241,99,3,119,4,9
skew,31242,104,3,124,4,9
skew,31243,105,3,125,4,9
skew,31244,109,3,129,4,9
skew,31245,110,3,130,4,9
skew,31246,115,3,135,4,9
skew,31247,116,3,136,4,9
skew,31248,86,3,106,4,9
skew,31249,96,4,116,5,9
skew,31250,101,4,121,5,9
skew,31251,102,4,122,5,9
skew,31252,106,4,126,5,9
skew,31253,107,4,127,5,9
skew,31254,112,4,132,5,9
skew,31255,113,4,133,5,9
skew,31256,111,4,131,5,9
skew,31257,112,4,132,5,9
skew,31258,117,4,137,5,9
skew,31259,118,4,138,5,9
skew,31260,122,4,142,5,9
skew,31261,123,4,143,5,9
skew,31262,128,4,148,5,9
skew,31263,129,4,149,5,9
skew,31264,91,3,98,3,11
skew,31265,101,4,108,4,11
skew,31266,100,3,100,3,13
skew,31267,107,4,110,4,13
skew,31268,111,4,118,4,11
skew,31269,112,4,119,4,11
skew,31270,117,4,120,4,13
skew,31271,118,4,121,4,13
skew,31272,116,4,123,4,11
skew,31273,117,4,124,4,11
skew,31274,122,4,125,4,13
skew,31275,123,4,126,4,13
skew,31276,127,4,134,4,11
skew,31277,128,4,135,4,11
skew,31278,133,4,136,4,13
skew,31279,134,4,137,4,13
skew,31280,92,3,111,4,11
skew,31281,102,4,121,5,11
skew,31282,107,4,113,4,13
skew,31283,108,4,123,5,13
skew,31284,112,4,131,5,11
skew,31285,113,4,132,5,11
skew,31286,118,4,133,5,13
skew,31287,119,4,134,5,13
skew,31288,117,4,136,5,11
skew,31289,118,4,137,5,11
skew,31290,123,4,138,5,13
skew,31291,124,4,139,5,13
skew,31292,128,4,147,5,11
skew,31293,129,4,148,5,11
skew,31294,134,4,149,5,13
skew,31295,135,4,150,5,13
skew,31296,96,3,116,4,9
skew,31297,106,4,126,5,9
skew,31298,111,4,131,5,9
skew,31299,112,4,132,5,9
skew,31300,116,4,136,5,9
skew,31301,117,4,137,5,9
skew,31302,122,4,142,5,9
skew,31303,123,4,143,5,9
skew,31304,121,4,141,5,9
skew,31305,122,4,142,5,9
skew,31306,127,4,147,5,9
skew,31307,128,4,148,5,9
skew,31308,132,4,152,5,9
skew,31309,133,4,153,5,9
skew,31310,138,4,158,5,9
skew,31311,139,4,159,5,9
skew,31312,97,3,117,4,9
skew,31313,107,4,127,5,9
skew,31314,112,4,132,5,9
skew,31315,113,4,133,5,9
skew,31316,117,4,137,5,9
skew,31317,118,4,138,5,9
skew,31318,123,4,143,5,9
skew,31319,124,4,144,5,9
skew,31320,122,4,142,5,9
skew,31321,123,4,143,5,9
skew,31322,128,4,148,5,9
skew,31323,129,4,149,5,9
skew,31324,133,4,153,5,9
skew,31325,134,4,154,5,9
skew,31326,139,4,159,5,9
skew,31327,140,4,160,5,9
skew,31328,102,3,121,4,11
skew,31329,112,4,131,5,11
skew,31330,117,4,123,4,13
skew,31331,118,4,133,5,13
skew,31332,122,4,141,5,11
skew,31333,123,4,142,5,11
skew,31334,128,4,143,5,13
skew,31335,129,4,144,5,13
skew,31336,127,4,146,5,11
skew,31337,128,4,147,5,11
skew,31338,133,4,148,5,13
skew,31339,134,4,149,5,13
skew,31340,138,4,157,5,11
skew,31341,139,4,158,5,11
skew,31342,144,4,159,5,13
skew,31343,145,4,160,5,13
skew,31344,103,3,122,4,11
skew,31345,113,4,132,5,11
skew,31346,118,4,124,4,13
skew,31347,119,4,134,5,13
skew,31348,123,4,142,5,11
skew,31349,124,4,143,5,11
skew,31350,129,4,144,5,13
skew,31351,130,4,145,5,13
skew,31352,128,4,147,5,11
skew,31353,129,4,148,5,11
skew,31354,134,4,149,5,13
skew,31355,135,4,150,5,13
skew,31356,139,4,158,5,11
skew,31357,140,4,159,5,11
skew,31358,145,4,160,5,13
skew,31359,146,4,161,5,13
skew,31360,101,3,121,4,9
skew,31361,111,4,131,5,9
skew,31362,116,4,136,5,9
skew,31363,117,4,137,5,9
skew,31364,121,4,141,5,9
skew,31365,122,4,142,5,9
skew,31366,127,4,147,5,9
skew,31367,128,4,148,5,9
skew,31368,126,4,146,5,9
skew,31369,127,4,147,5,9
skew,31370,132,4,152,5,9
skew,31371,133,4,153,5,9
skew,31372,137,4,157,5,9
skew,31373,138,4,158,5,9
skew,31374,143,4,163,5,9
skew,31375,144,4,164,5,9
skew,31376,102,3,122,4,9
skew,31377,112,4,132,5,9
skew,31378,117,4,137,5,9
skew,31379,118,4,138,5,9
skew,31380,122,4,142,5,9
skew,31381,123,4,143,5,9
skew,31382,128,4,148,5,9
skew,31383,129,4,149,5,9
skew,31384,127,4,147,5,9
skew,31385,128,4,148,5,9
skew,31386,133,4,153,5,9
skew,31387,134,4,154,5,9
skew,31388,138,4,158,5,9
skew,31389,139,4,159,5,9
skew,31390,144,4,164,5,9
skew,31391,145,4,165,5,9
skew,31392,107,3,126,4,11
skew,31393,117,4,136,5,11
skew,31394,122,4,128,4,13
skew,31395,123,4,138,5,13
skew,31396,127,4,146,5,11
skew,31397,128,4,147,5,11
skew,31398,133,4,148,5,13
skew,31399,134,4,149,5,13
skew,31400,132,4,151,5,11
skew,31401,133,4,152,5,11
skew,31402,138,4,153,5,13
skew,31403,139,4,154,5,13
skew,31404,143,4,162,5,11
skew,31405,144,4,163,5,11
skew,31406,149,4,164,5,13
skew,31407,150,4,165,5,13
skew,31408,108,3,127,4,11
skew,31409,118,4,137,5,11
skew,31410,123,4,129,4,13
skew,31411,124,4,139,5,13
skew,31412,128,4,147,5,11
skew,31413,129,4,148,5,11
skew,31414,134,4,149,5,13
skew,31415,135,4,150,5,13
skew,31416,133,4,152,5,11
skew,31417,134,4,153,5,11
skew,31418,139,4,154,5,13
skew,31419,140,4,155,5,13
skew,31420,144,4,163,5,11
skew,31421,145,4,164,5,11
skew,31422,150,4,165,5,13
skew,31423,151,4,166,5,13
skew,31424,112,3,132,4,9
skew,31425,122,4,142,5,9
skew,31426,127,4,147,5,9
skew,31427,128,4,148,5,9
skew,31428,132,4,152,5,9
skew,31429,133,4,153,5,9
skew,31430,138,4,158,5,9
skew,31431,139,4,159,5,9
skew,31432,137,4,157,5,9
skew,31433,138,4,158,5,9
skew,31434,143,4,163,5,9
skew,31435,144,4,164,5,9
skew,31436,148,4,168,5,9
skew,31437,149,4,169,5,9
skew,31438,154,4,174,5,9
skew,31439,155,4,175,5,9
skew,31440,113,3,133,4,9
skew,31441,123,4,143,5,9
skew,31442,128,4,148,5,9
skew,31443,129,4,149,5,9
skew,31444,133,4,153,5,9
skew,31445,134,4,154,5,9
skew,31446,139,4,159,5,9
skew,31447,140,4,160,5,9
skew,31448,138,4,158,5,9
skew,31449,139,4,159,5,9
skew,31450,144,4,164,5,9
skew,31451,145,4,165,5,9
skew,31452,149,4,169,5,9
skew,31453,150,4,170,5,9
skew,31454,155,4,175,5,9
skew,31455,156,4,176,5,9
skew,31456,118,3,137,4,11
skew,31457,128,4,147,5,11
skew,31458,133,4,139,4,13
skew,31459,134,4,149,5,13
skew,31460,138,4,157,5,11
skew,31461,139,4,158,5,11
skew,31462,144,4,159,5,13
skew,31463,145,4,160,5,13
skew,31464,143,4,162,5,11
skew,31465,144,4,163,5,11
skew,31466,149,4,164,5,13
skew,31467,150,4,165,5,13
skew,31468,154,4,173,5,11
skew,31469,155,4,174,5,11
skew,31470,160,4,175,5,13
skew,31471,161,4,176,5,13
skew,31472,119,3,138,4,11
skew,31473,129,4,148,5,11
skew,31474,134,4,140,4,13
skew,31475,135,4,150,5,13
skew,31476,139,4,158,5,11
skew,31477,140,4,159,5,11
skew,31478,145,4,160,5,13
skew,31479,146,4,161,5,13
skew,31480,144,4,163,5,11
skew,31481,145,4,164,5,11
skew,31482,150,4,165,5,13
skew,31483,151,4,166,5,13
skew,31484,155,4,174,5,11
skew,31485,156,4,175,5,11
skew,31486,161,4,176,5,13
skew,31487,162,4,177,5,13
skew,31488,74,2,93,3,9
skew,31489,84,3,103,4,9
skew,31490,89,3,108,4,9
skew,31491,90,3,109,4,9
skew,31492,94,3,113,4,9
skew,31493,95,3,114,4,9
skew,31494,100,3,119,4,9
skew,31495,101,3,120,4,9
skew,31496,99,3,118,4,9
skew,31497,100,3,119,4,9
skew,31498,105,3,124,4,9
skew,31499,106,3,125,4,9
skew,31500,110,3,129,4,9
skew,31501,111,3,130,4,9
skew,31502,116,3,135,4,9
skew,31503,117,3,136,4,9
skew,31504,87,3,124,4,13
skew,31505,97,4,126,4,15
skew,31506,102,4,139,5,13
skew,31507,103,4,141,5,15
skew,31508,107,4,144,5,13
skew,31509,108,4,146,5,15
skew,31510,113,4,150,5,13
skew,31511,114,4,152,5,15
skew,31512,112,4,149,5,13
skew,31513,113,4,151,5,15
skew,31514,118,4,155,5,13
skew,31515,119,4,157,5,15
skew,31516,123,4,160,5,13
skew,31517,124,4,162,5,15
skew,31518,129,4,166,5,13
skew,31519,130,4,168,5,15
skew,31520,92,3,124,4,13
skew,31521,102,4,134,5,13
skew,31522,101,3,126,4,15
skew,31523,108,4,136,5,15
skew,31524,112,4,144,5,13
skew,31525,113,4,145,5,13
skew,31526,118,4,146,5,15
skew,31527,119,4,147,5,15
skew,31528,117,4,149,5,13
skew,31529,118,4,150,5,13
skew,31530,123,4,151,5,15
skew,31531,124,4,152,5,15
skew,31532,128,4,160,5,13
skew,31533,129,4,161,5,13
skew,31534,134,4,162,5,15
skew,31535,135,4,163,5,15
skew,31536,93,3,98,3,11
skew,31537,103,4,131,4,17
skew,31538,108,4,131,4,17
skew,31539,100,3,100,3,13
skew,31540,113,4,118,4,11
skew,31541,114,4,151,5,17
skew,31542,119,4,151,5,17
skew,31543,120,4,120,4,13
skew,31544,118,4,123,4,11
skew,31545,119,4,156,5,17
skew,31546,124,4,156,5,17
skew,31547,125,4,125,4,13
skew,31548,129,4,134,4,11
skew,31549,130,4,167,5,17
skew,31550,135,4,167,5,17
skew,31551,136,4,136,4,13
skew,31552,97,3,116,4,9
skew,31553,107,4,126,5,9
skew,31554,112,4,131,5,9
skew,31555,113,4,132,5,9
skew,31556,117,4,136,5,9
skew,31557,118,4,137,5,9
skew,31558,123,4,142,5,9
skew,31559,124,4,143,5,9
skew,31560,122,4,141,5,9
skew,31561,123,4,142,5,9
skew,31562,128,4,147,5,9
skew,31563,129,4,148,5,9
skew,31564,133,4,152,5,9
skew,31565,134,4,153,5,9
skew,31566,139,4,158,5,9
skew,31567,140,4,159,5,9
skew,31568,98,3,147,5,13
skew,31569,108,4,149,5,15
skew,31570,113,4,162,6,13
skew,31571,114,4,164,6,15
skew,31572,118,4,167,6,13
skew,31573,119,4,169,6,15
skew,31574,124,4,173,6,13
skew,31575,125,4,175,6,15
skew,31576,123,4,172,6,13
skew,31577,124,4,174,6,15
skew,31578,129,4,178,6,13
skew,31579,130,4,180,6,15
skew,31580,134,4,183,6,13
skew,31581,135,4,185,6,15
skew,31582,140,4,189,6,13
skew,31583,141,4,191,6,15
skew,31584,103,3,147,5,13
skew,31585,113,4,157,6,13
skew,31586,118,4,149,5,15
skew,31587,119,4,159,6,15
skew,31588,123,4,167,6,13
skew,31589,124,4,168,6,13
skew,31590,129,4,169,6,15
skew,31591,130,4,170,6,15
skew,31592,128,4,172,6,13
skew,31593,129,4,173,6,13
skew,31594,134,4,174,6,15
skew,31595,135,4,175,6,15
skew,31596,139,4,183,6,13
skew,31597,140,4,184,6,13
skew,31598,145,4,185,6,15
skew,31599,146,4,186,6,15
skew,31600,104,3,121,4,11
skew,31601,114,4,154,5,17
skew,31602,119,4,154,5,17
skew,31603,120,4,123,4,13
skew,31604,124,4,141,5,11
skew,31605,125,4,174,6,17
skew,31606,130,4,174,6,17
skew,31607,131,4,143,5,13
skew,31608,129,4,146,5,11
skew,31609,130,4,179,6,17
skew,31610,135,4,179,6,17
skew,31611,136,4,148,5,13
skew,31612,140,4,157,5,11
skew,31613,141,4,190,6,17
skew,31614,146,4,190,6,17
skew,31615,147,4,159,5,13
skew,31616,102,3,121,4,9
skew,31617,112,4,131,5,9
skew,31618,117,4,136,5,9
skew,31619,118,4,137,5,9
skew,31620,122,4,141,5,9
skew,31621,123,4,142,5,9
skew,31622,128,4,147,5,9
skew,31623,129,4,148,5,9
skew,31624,127,4,146,5,9
skew,31625,128,4,147,5,9
skew,31626,133,4,152,5,9
skew,31627,134,4,153,5,9
skew,31628,138,4,157,5,9
skew,31629,139,4,158,5,9
skew,31630,144,4,163,5,9
skew,31631,145,4,164,5,9
skew,31632,103,3,152,5,13
skew,31633,113,4,154,5,15
skew,31634,118,4,167,6,13
skew,31635,119,4,169,6,15
skew,31636,123,4,172,6,13
skew,31637,124,4,174,6,15
skew,31638,129,4,178,6,13
skew,31639,130,4,180,6,15
skew,31640,128,4,177,6,13
skew,31641,129,4,179,6,15
skew,31642,134,4,183,6,13
skew,31643,135,4,185,6,15
skew,31644,139,4,188,6,13
skew,31645,140,4,190,6,15
skew,31646,145,4,194,6,13
skew,31647,146,4,196,6,15
skew,31648,108,3,152,5,13
skew,31649,118,4,162,6,13
skew,31650,123,4,154,5,15
skew,31651,124,4,164,6,15
skew,31652,128,4,172,6,13
skew,31653,129,4,173,6,13
skew,31654,134,4,174,6,15
skew,31655,135,4,175,6,15
skew,31656,133,4,177,6,13
skew,31657,134,4,178,6,13
skew,31658,139,4,179,6,15
skew,31659,140,4,180,6,15
skew,31660,144,4,188,6,13
skew,31661,145,4,189,6,13
skew,31662,150,4,190,6,15
skew,31663,151,4,191,6,15
skew,31664,109,3,126,4,11
skew,31665,119,4,159,5,17
skew,31666,124,4,159,5,17
skew,31667,125,4,128,4,13
skew,31668,129,4,146,5,11
skew,31669,130,4,179,6,17
skew,31670,135,4,179,6,17
skew,31671,136,4,148,5,13
skew,31672,134,4,151,5,11
skew,31673,135,4,184,6,17
skew,31674,140,4,184,6,17
skew,31675,141,4,153,5,13
skew,31676,145,4,162,5,11
skew,31677,146,4,195,6,17
skew,31678,151,4,195,6,17
skew,31679,152,4,164,5,13
skew,31680,113,3,132,4,9
skew,31681,123,4,142,5,9
skew,31682,128,4,147,5,9
skew,31683,129,4,148,5,9
skew,31684,133,4,152,5,9
skew,31685,134,4,153,5,9
skew,31686,139,4,158,5,9
skew,31687,140,4,159,5,9
skew,31688,138,4,157,5,9
skew,31689,139,4,158,5,9
skew,31690,144,4,163,5,9
skew,31691,145,4,164,5,9
skew,31692,149,4,168,5,9
skew,31693,150,4,169,5,9
skew,31694,155,4,174,5,9
skew,31695,156,4,175,5,9
skew,31696,114,3,163,5,13
skew,31697,124,4,165,5,15
skew,31698,129,4,178,6,13
skew,31699,130,4,180,6,15
skew,31700,134,4,183,6,13
skew,31701,135,4,185,6,15
skew,31702,140,4,189,6,13
skew,31703,141,4,191,6,15
skew,31704,139,4,188,6,13
skew,31705,140,4,190,6,15
skew,31706,145,4,194,6,13
skew,31707,146,4,196,6,15
skew,31708,150,4,199,6,13
skew,31709,151,4,201,6,15
skew,31710,156,4,205,6,13
skew,31711,157,4,207,6,15
skew,31712,119,3,163,5,13
skew,31713,129,4,173,6,13
skew,31714,134,4,165,5,15
skew,31715,135,4,175,6,15
skew,31716,139,4,183,6,13
skew,31717,140,4,184,6,13
skew,31718,145,4,185,6,15
skew,31719,146,4,186,6,15
skew,31720,144,4,188,6,13
skew,31721,145,4,189,6,13
skew,31722,150,4,190,6,15
skew,31723,151,4,191,6,15
skew,31724,155,4,199,6,13
skew,31725,156,4,200,6,13
skew,31726,161,4,201,6,15
skew,31727,162,4,202,6,15
skew,31728,120,3,137,4,11
skew,31729,130,4,170,5,17
skew,31730,135,4,170,5,17
skew,31731,136,4,139,4,13
skew,31732,140,4,157,5,11
skew,31733,141,4,190,6,17
skew,31734,146,4,190,6,17
skew,31735,147,4,159,5,13
skew,31736,145,4,162,5,11
skew,31737,146,4,195,6,17
skew,31738,151,4,195,6,17
skew,31739,152,4,164,5,13
skew,31740,156,4,173,5,11
skew,31741,157,4,206,6,17
skew,31742,162,4,206,6,17
skew,31743,163,4,175,5,13
skew,31744,78,2,93,3,9
skew,31745,88,3,103,4,9
skew,31746,93,3,108,4,9
skew,31747,94,3,109,4,9
skew,31748,98,3,113,4,9
skew,31749,99,3,114,4,9
skew,31750,104,3,119,4,9
skew,31751,105,3,120,4,9
skew,31752,103,3,118,4,9
skew,31753,104,3,119,4,9
skew,31754,109,3,124,4,9
skew,31755,110,3,125,4,9
skew,31756,114,3,129,4,9
skew,31757,115,3,130,4,9
skew,31758,120,3,135,4,9
skew,31759,121,3,136,4,9
skew,31760,91,3,106,4,9
skew,31761,101,4,116,5,9
skew,31762,106,4,121,5,9
skew,31763,107,4,122,5,9
skew,31764,111,4,126,5,9
skew,31765,112,4,127,5,9
skew,31766,117,4,132,5,9
skew,31767,118,4,133,5,9
skew,31768,116,4,131,5,9
skew,31769,117,4,132,5,9
skew,31770,122,4,137,5,9
skew,31771,123,4,138,5,9
skew,31772,127,4,142,5,9
skew,31773,128,4,143,5,9
skew,31774,133,4,148,5,9
skew,31775,134,4,149,5,9
skew,31776,96,3,111,4,9
skew,31777,106,4,121,5,9
skew,31778,111,4,126,5,9
skew,31779,112,4,127,5,9
skew,31780,116,4,131,5,9
skew,31781,117,4,132,5,9
skew,31782,122,4,137,5,9
skew,31783,123,4,138,5,9
skew,31784,121,4,136,5,9
skew,31785,122,4,137,5,9
skew,31786,127,4,142,5,9
skew,31787,128,4,143,5,9
skew,31788,132,4,147,5,9
skew,31789,133,4,148,5,9
skew,31790,138,4,153,5,9
skew,31791,139,4,154,5,9
skew,31792,97,3,112,4,9
skew,31793,107,4,122,5,9
skew,31794,112,4,127,5,9
skew,31795,113,4,128,5,9
skew,31796,117,4,132,5,9
skew,31797,118,4,133,5,9
skew,31798,123,4,138,5,9
skew,31799,124,4,139,5,9
skew,31800,122,4,137,5,9
skew,31801,123,4,138,5,9
skew,31802,128,4,143,5,9
skew,31803,129,4,144,5,9
skew,31804,133,4,148,5,9
skew,31805,134,4,149,5,9
skew,31806,139,4,154,5,9
skew,31807,140,4,155,5,9
skew,31808,98,3,98,3,11
skew,31809,108,4,108,4,11
skew,31810,113,4,113,4,11
skew,31811,114,4,114,4,11
skew,31812,100,3,100,3,13
skew,31813,110,4,110,4,13
skew,31814,115,4,115,4,13
skew,31815,116,4,116,4,13
skew,31816,123,4,123,4,11
skew,31817,124,4,124,4,11
skew,31818,129,4,129,4,11
skew,31819,130,4,130,4,11
skew,31820,125,4,125,4,13
skew,31821,126,4,126,4,13
skew,31822,131,4,131,4,13
skew,31823,132,4,132,4,13
skew,31824,102,3,111,4,11
skew,31825,112,4,121,5,11
skew,31826,117,4,126,5,11
skew,31827,118,4,127,5,11
skew,31828,113,4,113,4,13
skew,31829,123,4,123,5,13
skew,31830,128,4,128,5,13
skew,31831,129,4,129,5,13
skew,31832,127,4,136,5,11
skew,31833,128,4,137,5,11
skew,31834,133,4,142,5,11
skew,31835,134,4,143,5,11
skew,31836,138,4,138,5,13
skew,31837,139,4,139,5,13
skew,31838,144,4,144,5,13
skew,31839,145,4,145,5,13
skew,31840,107,3,116,4,11
skew,31841,117,4,126,5,11
skew,31842,122,4,131,5,11
skew,31843,123,4,132,5,11
skew,31844,118,4,118,4,13
skew,31845,128,4,128,5,13
skew,31846,133,4,133,5,13
skew,31847,134,4,134,5,13
skew,31848,132,4,141,5,11
skew,31849,133,4,142,5,11
skew,31850,138,4,147,5,11
skew,31851,139,4,148,5,11
skew,31852,143,4,143,5,13
skew,31853,144,4,144,5,13
skew,31854,149,4,149,5,13
skew,31855,150,4,150,5,13
skew,31856,108,3,117,4,11
skew,31857,118,4,127,5,11
skew,31858,123,4,132,5,11
skew,31859,124,4,133,5,11
skew,31860,119,4,119,4,13
skew,31861,129,4,129,5,13
skew,31862,134,4,134,5,13
skew,31863,135,4,135,5,13
skew,31864,133,4,142,5,11
skew,31865,134,4,143,5,11
skew,31866,139,4,148,5,11
skew,31867,140,4,149,5,11
skew,31868,144,4,144,5,13
skew,31869,145,4,145,5,13
skew,31870,150,4,150,5,13
skew,31871,151,4,151,5,13
skew,31872,106,3,121,4,9
skew,31873,116,4,131,5,9
skew,31874,121,4,136,5,9
skew,31875,122,4,137,5,9
skew,31876,126,4,141,5,9
skew,31877,127,4,142,5,9
skew,31878,132,4,147,5,9
skew,31879,133,4,148,5,9
skew,31880,131,4,146,5,9
skew,31881,132,4,147,5,9
skew,31882,137,4,152,5,9
skew,31883,138,4,153,5,9
skew,31884,142,4,157,5,9
skew,31885,143,4,158,5,9
skew,31886,148,4,163,5,9
skew,31887,149,4,164,5,9
skew,31888,107,3,122,4,9
skew,31889,117,4,132,5,9
skew,31890,122,4,137,5,9
skew,31891,123,4,138,5,9
skew,31892,127,4,142,5,9
skew,31893,128,4,143,5,9
skew,31894,133,4,148,5,9
skew,31895,134,4,149,5,9
skew,31896,132,4,147,5,9
skew,31897,133,4,148,5,9
skew,31898,138,4,153,5,9
skew,31899,139,4,154,5,9
skew,31900,143,4,158,5,9
skew,31901,144,4,159,5,9
skew,31902,149,4,164,5,9
skew,31903,150,4,165,5,9
skew,31904,112,3,127,4,9
skew,31905,122,4,137,5,9
skew,31906,127,4,142,5,9
skew,31907,128,4,143,5,9
skew,31908,132,4,147,5,9
skew,31909,133,4,148,5,9
skew,31910,138,4,153,5,9
skew,31911,139,4,154,5,9
skew,31912,137,4,152,5,9
skew,31913,138,4,153,5,9
skew,31914,143,4,158,5,9
skew,31915,144,4,159,5,9
skew,31916,148,4,163,5,9
skew,31917,149,4,164,5,9
skew,31918,154,4,169,5,9
skew,31919,155,4,170,5,9
skew,31920,113,3,128,4,9
skew,31921,123,4,138,5,9
skew,31922,128,4,143,5,9
skew,31923,129,4,144,5,9
skew,31924,133,4,148,5,9
skew,31925,134,4,149,5,9
skew,31926,139,4,154,5,9
skew,31927,140,4,155,5,9
skew,31928,138,4,153,5,9
skew,31929,139,4,154,5,9
skew,31930,144,4,159,5,9
skew,31931,145,4,160,5,9
skew,31932,149,4,164,5,9
skew,31933,150,4,165,5,9
skew,31934,155,4,170,5,9
skew,31935,156,4,171,5,9
skew,31936,117,3,126,4,11
skew,31937,127,4,136,5,11
skew,31938,132,4,141,5,11
skew,31939,133,4,142,5,11
skew,31940,128,4,128,4,13
skew,31941,138,4,138,5,13
skew,31942,143,4,143,5,13
skew,31943,144,4,144,5,13
skew,31944,142,4,151,5,11
skew,31945,143,4,152,5,11
skew,31946,148,4,157,5,11
skew,31947,149,4,158,5,11
skew,31948,153,4,153,5,13
skew,31949,154,4,154,5,13
skew,31950,159,4,159,5,13
skew,31951,160,4,160,5,13
skew,31952,118,3,127,4,11
skew,31953,128,4,137,5,11
skew,31954,133,4,142,5,11
skew,31955,134,4,143,5,11
skew,31956,129,4,129,4,13
skew,31957,139,4,139,5,13
skew,31958,144,4,144,5,13
skew,31959,145,4,145,5,13
skew,31960,143,4,152,5,11
skew,31961,144,4,153,5,11
skew,31962,149,4,158,5,11
skew,31963,150,4,159,5,11
skew,31964,154,4,154,5,13
skew,31965,155,4,155,5,13
skew,31966,160,4,160,5,13
skew,31967,161,4,161,5,13
skew,31968,123,3,132,4,11
skew,31969,133,4,142,5,11
skew,31970,138,4,147,5,11
skew,31971,139,4,148,5,11
skew,31972,134,4,134,4,13
skew,31973,144,4,144,5,13
skew,31974,149,4,149,5,13
skew,31975,150,4,150,5,13
skew,31976,148,4,157,5,11
skew,31977,149,4,158,5,11
skew,31978,154,4,163,5,11
skew,31979,155,4,164,5,11
skew,31980,159,4,159,5,13
skew,31981,160,4,160,5,13
skew,31982,165,4,165,5,13
skew,31983,166,4,166,5,13
skew,31984,124,3,133,4,11
skew,31985,134,4,143,5,11
skew,31986,139,4,148,5,11
skew,31987,140,4,149,5,11
skew,31988,135,4,135,4,13
skew,31989,145,4,145,5,13
skew,31990,150,4,150,5,13
skew,31991,151,4,151,5,13
skew,31992,149,4,158,5,11
skew,31993,150,4,159,5,11
skew,31994,155,4,164,5,11
skew,31995,156,4,165,5,11
skew,31996,160,4,160,5,13
skew,31997,161,4,161,5,13
skew,31998,166,4,166,5,13
skew,31999,167,4,167,5,13
skew,32000,79,2,93,3,9
skew,32001,89,3,103,4,9
skew,32002,94,3,108,4,9
skew,32003,95,3,109,4,9
skew,32004,99,3,113,4,9
skew,32005,100,3,114,4,9
skew,32006,105,3,119,4,9
skew,32007,106,3,120,4,9
skew,32008,104,3,118,4,9
skew,32009,105,3,119,4,9
skew,32010,110,3,124,4,9
skew,32011,111,3,125,4,9
skew,32012,115,3,129,4,9
skew,32013,116,3,130,4,9
skew,32014,121,3,135,4,9
skew,32015,122,3,136,4,9
skew,32016,92,3,124,4,13
skew,32017,102,4,126,4,15
skew,32018,107,4,139,5,13
skew,32019,108,4,141,5,15
skew,32020,112,4,144,5,13
skew,32021,113,4,146,5,15
skew,32022,118,4,150,5,13
skew,32023,119,4,152,5,15
skew,32024,117,4,149,5,13
skew,32025,118,4,151,5,15
skew,32026,123,4,155,5,13
skew,32027,124,4,157,5,15
skew,32028,128,4,160,5,13
skew,32029,129,4,162,5,15
skew,32030,134,4,166,5,13
skew,32031,135,4,168,5,15
skew,32032,97,3,111,4,9
skew,32033,107,4,121,5,9
skew,32034,112,4,126,5,9
skew,32035,113,4,127,5,9
skew,32036,117,4,131,5,9
skew,32037,118,4,132,5,9
skew,32038,123,4,137,5,9
skew,32039,124,4,138,5,9
skew,32040,122,4,136,5,9
skew,32041,123,4,137,5,9
skew,32042,128,4,142,5,9
skew,32043,129,4,143,5,9
skew,32044,133,4,147,5,9
skew,32045,134,4,148,5,9
skew,32046,139,4,153,5,9
skew,32047,140,4,154,5,9
skew,32048,98,3,142,5,13
skew,32049,108,4,144,5,15
skew,32050,113,4,157,6,13
skew,32051,114,4,159,6,15
skew,32052,118,4,162,6,13
skew,32053,119,4,164,6,15
skew,32054,124,4,168,6,13
skew,32055,125,4,170,6,15
skew,32056,123,4,167,6,13
skew,32057,124,4,169,6,15
skew,32058,129,4,173,6,13
skew,32059,130,4,175,6,15
skew,32060,134,4,178,6,13
skew,32061,135,4,180,6,15
skew,32062,140,4,184,6,13
skew,32063,141,4,186,6,15
skew,32064,99,3,124,4,13
skew,32065,109,4,134,5,13
skew,32066,114,4,139,5,13
skew,32067,115,4,140,5,13
skew,32068,101,3,126,4,15
skew,32069,111,4,136,5,15
skew,32070,116,4,141,5,15
skew,32071,117,4,142,5,15
skew,32072,124,4,149,5,13
skew,32073,125,4,150,5,13
skew,32074,130,4,155,5,13
skew,32075,131,4,156,5,13
skew,32076,126,4,151,5,15
skew,32077,127,4,152,5,15
skew,32078,132,4,157,5,15
skew,32079,133,4,158,5,15
skew,32080,98,3,98,3,11
skew,32081,108,4,131,4,17
skew,32082,113,4,113,4,11
skew,32083,114,4,146,5,17
skew,32084,114,4,131,4,17
skew,32085,100,3,100,3,13
skew,32086,124,4,146,5,17
skew,32087,115,4,115,4,13
skew,32088,123,4,123,4,11
skew,32089,124,4,156,5,17
skew,32090,129,4,129,4,11
skew,32091,130,4,162,5,17
skew,32092,134,4,156,5,17
skew,32093,125,4,125,4,13
skew,32094,140,4,162,5,17
skew,32095,131,4,131,4,13
skew,32096,108,3,142,5,13
skew,32097,118,4,152,6,13
skew,32098,123,4,157,6,13
skew,32099,124,4,158,6,13
skew,32100,119,4,144,5,15
skew,32101,129,4,154,6,15
skew,32102,134,4,159,6,15
skew,32103,135,4,160,6,15
skew,32104,133,4,167,6,13
skew,32105,134,4,168,6,13
skew,32106,139,4,173,6,13
skew,32107,140,4,174,6,13
skew,32108,144,4,169,6,15
skew,32109,145,4,170,6,15
skew,32110,150,4,175,6,15
skew,32111,151,4,176,6,15
skew,32112,109,3,116,4,11
skew,32113,119,4,149,5,17
skew,32114,124,4,131,5,11
skew,32115,125,4,164,6,17
skew,32116,120,4,149,5,17
skew,32117,118,4,118,4,13
skew,32118,135,4,164,6,17
skew,32119,133,5,133,5,13
skew,32120,134,4,141,5,11
skew,32121,135,4,174,6,17
skew,32122,140,4,147,5,11
skew,32123,141,4,180,6,17
skew,32124,145,4,174,6,17
skew,32125,143,5,143,5,13
skew,32126,151,4,180,6,17
skew,32127,149,5,149,5,13
skew,32128,107,3,121,4,9
skew,32129,117,4,131,5,9
skew,32130,122,4,136,5,9
skew,32131,123,4,137,5,9
skew,32132,127,4,141,5,9
skew,32133,128,4,142,5,9
skew,32134,133,4,147,5,9
skew,32135,134,4,148,5,9
skew,32136,132,4,146,5,9
skew,32137,133,4,147,5,9
skew,32138,138,4,152,5,9
skew,32139,139,4,153,5,9
skew,32140,143,4,157,5,9
skew,32141,144,4,158,5,9
skew,32142,149,4,163,5,9
skew,32143,150,4,164,5,9
skew,32144,108,3,152,5,13
skew,32145,118,4,154,5,15
skew,32146,123,4,167,6,13
skew,32147,124,4,169,6,15
skew,32148,128,4,172,6,13
skew,32149,129,4,174,6,15
skew,32150,134,4,178,6,13
skew,32151,135,4,180,6,15
skew,32152,133,4,177,6,13
skew,32153,134,4,179,6,15
skew,32154,139,4,183,6,13
skew,32155,140,4,185,6,15
skew,32156,144,4,188,6,13
skew,32157,145,4,190,6,15
skew,32158,150,4,194,6,13
skew,32159,151,4,196,6,15
skew,32160,113,3,127,4,9
skew,32161,123,4,137,5,9
skew,32162,128,4,142,5,9
skew,32163,129,4,143,5,9
skew,32164,133,4,147,5,9
skew,32165,134,4,148,5,9
skew,32166,139,4,153,5,9
skew,32167,140,4,154,5,9
skew,32168,138,4,152,5,9
skew,32169,139,4,153,5,9
skew,32170,144,4,158,5,9
skew,32171,145,4,159,5,9
skew,32172,149,4,163,5,9
skew,32173,150,4,164,5,9
skew,32174,155,4,169,5,9
skew,32175,156,4,170,5,9
skew,32176,114,3,158,5,13
skew,32177,124,4,160,5,15
skew,32178,129,4,173,6,13
skew,32179,130,4,175,6,15
skew,32180,134,4,178,6,13
skew,32181,135,4,180,6,15
skew,32182,140,4,184,6,13
skew,32183,141,4,186,6,15
skew,32184,139,4,183,6,13
skew,32185,140,4,185,6,15
skew,32186,145,4,189,6,13
skew,32187,146,4,191,6,15
skew,32188,150,4,194,6,13
skew,32189,151,4,196,6,15
skew,32190,156,4,200,6,13
skew,32191,157,4,202,6,15
skew,32192,118,3,152,5,13
skew,32193,128,4,162,6,13
skew,32194,133,4,167,6,13
skew,32195,134,4,168,6,13
skew,32196,129,4,154,5,15
skew,32197,139,4,164,6,15
skew,32198,144,4,169,6,15
skew,32199,145,4,170,6,15
skew,32200,143,4,177,6,13
skew,32201,144,4,178,6,13
skew,32202,149,4,183,6,13
skew,32203,150,4,184,6,13
skew,32204,154,4,179,6,15
skew,32205,155,4,180,6,15
skew,32206,160,4,185,6,15
skew,32207,161,4,186,6,15
skew,32208,119,3,126,4,11
skew,32209,129,4,159,5,17
skew,32210,134,4,141,5,11
skew,32211,135,4,174,6,17
skew,32212,130,4,159,5,17
skew,32213,128,4,128,4,13
skew,32214,145,4,174,6,17
skew,32215,143,5,143,5,13
skew,32216,144,4,151,5,11
skew,32217,145,4,184,6,17
skew,32218,150,4,157,5,11
skew,32219,151,4,190,6,17
skew,32220,155,4,184,6,17
skew,32221,153,5,153,5,13
skew,32222,161,4,190,6,17
skew,32223,159,5,159,5,13
skew,32224,124,3,158,5,13
skew,32225,134,4,168,6,13
skew,32226,139,4,173,6,13
skew,32227,140,4,174,6,13
skew,32228,135,4,160,5,15
skew,32229,145,4,170,6,15
skew,32230,150,4,175,6,15
skew,32231,151,4,176,6,15
skew,32232,149,4,183,6,13
skew,32233,150,4,184,6,13
skew,32234,155,4,189,6,13
skew,32235,156,4,190,6,13
skew,32236,160,4,185,6,15
skew,32237,161,4,186,6,15
skew,32238,166,4,191,6,15
skew,32239,167,4,192,6,15
skew,32240,125,3,132,4,11
skew,32241,135,4,165,5,17
skew,32242,140,4,147,5,11
skew,32243,141,4,180,6,17
skew,32244,136,4,165,5,17
skew,32245,134,4,134,4,13
skew,32246,151,4,180,6,17
skew,32247,149,5,149,5,13
skew,32248,150,4,157,5,11
skew,32249,151,4,190,6,17
skew,32250,156,4,163,5,11
skew,32251,157,4,196,6,17
skew,32252,161,4,190,6,17
skew,32253,159,5,159,5,13
skew,32254,167,4,196,6,17
skew,32255,165,5,165,5,13
skew,32256,84,2,93,3,9
skew,32257,94,3,103,4,9
skew,32258,99,3,108,4,9
skew,32259,100,3,109,4,9
skew,32260,104,3,113,4,9
skew,32261,105,3,114,4,9
skew,32262,110,3,119,4,9
skew,32263,111,3,120,4,9
skew,32264,109,3,118,4,9
skew,32265,110,3,119,4,9
skew,32266,115,3,124,4,9
skew,32267,116,3,125,4,9
skew,32268,120,3,129,4,9
skew,32269,121,3,130,4,9
skew,32270,126,3,135,4,9
skew,32271,127,3,136,4,9
skew,32272,97,3,106,4,9
skew,32273,107,4,116,5,9
skew,32274,112,4,121,5,9
skew,32275,113,4,122,5,9
skew,32276,117,4,126,5,9
skew,32277,118,4,127,5,9
skew,32278,123,4,132,5,9
skew,32279,124,4,133,5,9
skew,32280,122,4,131,5,9
skew,32281,123,4,132,5,9
skew,32282,128,4,137,5,9
skew,32283,129,4,138,5,9
skew,32284,133,4,142,5,9
skew,32285,134,4,143,5,9
skew,32286,139,4,148,5,9
skew,32287,140,4,149,5,9
skew,32288,102,3,124,4,13
skew,32289,112,4,134,5,13
skew,32290,111,3,126,4,15
skew,32291,118,4,136,5,15
skew,32292,122,4,144,5,13
skew,32293,123,4,145,5,13
skew,32294,128,4,146,5,15
skew,32295,129,4,147,5,15
skew,32296,127,4,149,5,13
skew,32297,128,4,150,5,13
skew,32298,133,4,151,5,15
skew,32299,134,4,152,5,15
skew,32300,138,4,160,5,13
skew,32301,139,4,161,5,13
skew,32302,144,4,162,5,15
skew,32303,145,4,163,5,15
skew,32304,103,3,137,5,13
skew,32305,113,4,147,6,13
skew,32306,118,4,139,5,15
skew,32307,119,4,149,6,15
skew,32308,123,4,157,6,13
skew,32309,124,4,158,6,13
skew,32310,129,4,159,6,15
skew,32311,130,4,160,6,15
skew,32312,128,4,162,6,13
skew,32313,129,4,163,6,13
skew,32314,134,4,164,6,15
skew,32315,135,4,165,6,15
skew,32316,139,4,173,6,13
skew,32317,140,4,174,6,13
skew,32318,145,4,175,6,15
skew,32319,146,4,176,6,15
skew,32320,104,3,124,4,13
skew,32321,114,4,134,5,13
skew,32322,119,4,139,5,13
skew,32323,120,4,140,5,13
skew,32324,106,3,126,4,15
skew,32325,116,4,136,5,15
skew,32326,121,4,141,5,15
skew,32327,122,4,142,5,15
skew,32328,129,4,149,5,13
skew,32329,130,4,150,5,13
skew,32330,135,4,155,5,13
skew,32331,136,4,156,5,13
skew,32332,131,4,151,5,15
skew,32333,132,4,152,5,15
skew,32334,137,4,157,5,15
skew,32335,138,4,158,5,15
skew,32336,108,3,137,5,13
skew,32337,118,4,147,6,13
skew,32338,123,4,152,6,13
skew,32339,124,4,153,6,13
skew,32340,119,4,139,5,15
skew,32341,129,4,149,6,15
skew,32342,134,4,154,6,15
skew,32343,135,4,155,6,15
skew,32344,133,4,162,6,13
skew,32345,134,4,163,6,13
skew,32346,139,4,168,6,13
skew,32347,140,4,169,6,13
skew,32348,144,4,164,6,15
skew,32349,145,4,165,6,15
skew,32350,150,4,170,6,15
skew,32351,151,4,171,6,15
skew,32352,98,3,98,3,11
skew,32353,108,4,108,4,11
skew,32354,113,4,131,4,17
skew,32355,114,4,141,5,17
skew,32356,118,4,131,4,17
skew,32357,119,4,141,5,17
skew,32358,100,3,100,3,13
skew,32359,110,4,110,4,13
skew,32360,123,4,123,4,11
skew,32361,124,4,124,4,11
skew,32362,129,4,156,5,17
skew,32363,130,4,157,5,17
skew,32364,134,4,156,5,17
skew,32365,135,4,157,5,17
skew,32366,125,4,125,4,13
skew,32367,126,4,126,4,13
skew,32368,111,4,111,4,11
skew,32369,121,5,121,5,11
skew,32370,126,5,144,5,17
skew,32371,127,5,154,6,17
skew,32372,125,4,144,5,17
skew,32373,132,5,154,6,17
skew,32374,113,4,113,4,13
skew,32375,123,5,123,5,13
skew,32376,136,5,136,5,11
skew,32377,137,5,137,5,11
skew,32378,142,5,169,6,17
skew,32379,143,5,170,6,17
skew,32380,147,5,169,6,17
skew,32381,148,5,170,6,17
skew,32382,138,5,138,5,13
skew,32383,139,5,139,5,13
skew,32384,112,3,121,4,9
skew,32385,122,4,131,5,9
skew,32386,127,4,136,5,9
skew,32387,128,4,137,5,9
skew,32388,132,4,141,5,9
skew,32389,133,4,142,5,9
skew,32390,138,4,147,5,9
skew,32391,139,4,148,5,9
skew,32392,137,4,146,5,9
skew,32393,138,4,147,5,9
skew,32394,143,4,152,5,9
skew,32395,144,4,153,5,9
skew,32396,148,4,157,5,9
skew,32397,149,4,158,5,9
skew,32398,154,4,163,5,9
skew,32399,155,4,164,5,9
skew,32400,113,3,122,4,9
skew,32401,123,4,132,5,9
skew,32402,128,4,137,5,9
skew,32403,129,4,138,5,9
skew,32404,133,4,142,5,9
skew,32405,134,4,143,5,9
skew,32406,139,4,148,5,9
skew,32407,140,4,149,5,9
skew,32408,138,4,147,5,9
skew,32409,139,4,148,5,9
skew,32410,144,4,153,5,9
skew,32411,145,4,154,5,9
skew,32412,149,4,158,5,9
skew,32413,150,4,159,5,9
skew,32414,155,4,164,5,9
skew,32415,156,4,165,5,9
skew,32416,118,3,152,5,13
skew,32417,128,4,162,6,13
skew,32418,133,4,154,5,15
skew,32419,134,4,164,6,15
skew,32420,138,4,172,6,13
skew,32421,139,4,173,6,13
skew,32422,144,4,174,6,15
skew,32423,145,4,175,6,15
skew,32424,143,4,177,6,13
skew,32425,144,4,178,6,13
skew,32426,149,4,179,6,15
skew,32427,150,4,180,6,15
skew,32428,154,4,188,6,13
skew,32429,155,4,189,6,13
skew,32430,160,4,190,6,15
skew,32431,161,4,191,6,15
skew,32432,119,3,153,5,13
skew,32433,129,4,163,6,13
skew,32434,134,4,155,5,15
skew,32435,135,4,165,6,15
skew,32436,139,4,173,6,13
skew,32437,140,4,174,6,13
skew,32438,145,4,175,6,15
skew,32439,146,4,176,6,15
skew,32440,144,4,178,6,13
skew,32441,145,4,179,6,13
skew,32442,150,4,180,6,15
skew,32443,151,4,181,6,15
skew,32444,155,4,189,6,13
skew,32445,156,4,190,6,13
skew,32446,161,4,191,6,15
skew,32447,162,4,192,6,15
skew,32448,123,3,152,5,13
skew,32449,133,4,162,6,13
skew,32450,138,4,167,6,13
skew,32451,139,4,168,6,13
skew,32452,134,4,154,5,15
skew,32453,144,4,164,6,15
skew,32454,149,4,169,6,15
skew,32455,150,4,170,6,15
skew,32456,148,4,177,6,13
skew,32457,149,4,178,6,13
skew,32458,154,4,183,6,13
skew,32459,155,4,184,6,13
skew,32460,159,4,179,6,15
skew,32461,160,4,180,6,15
skew,32462,165,4,185,6,15
skew,32463,166,4,186,6,15
skew,32464,124,3,153,5,13
skew,32465,134,4,163,6,13
skew,32466,139,4,168,6,13
skew,32467,140,4,169,6,13
skew,32468,135,4,155,5,15
skew,32469,145,4,165,6,15
skew,32470,150,4,170,6,15
skew,32471,151,4,171,6,15
skew,32472,149,4,178,6,13
skew,32473,150,4,179,6,13
skew,32474,155,4,184,6,13
skew,32475,156,4,185,6,13
skew,32476,160,4,180,6,15
skew,32477,161,4,181,6,15
skew,32478,166,4,186,6,15
skew,32479,167,4,187,6,15
skew,32480,126,4,126,4,11
skew,32481,136,5,136,5,11
skew,32482,141,5,159,5,17
skew,32483,142,5,169,6,17
skew,32484,140,4,159,5,17
skew,32485,147,5,169,6,17
skew,32486,128,4,128,4,13
skew,32487,138,5,138,5,13
skew,32488,151,5,151,5,11
skew,32489,152,5,152,5,11
skew,32490,157,5,184,6,17
skew,32491,158,5,185,6,17
skew,32492,162,5,184,6,17
skew,32493,163,5,185,6,17
skew,32494,153,5,153,5,13
skew,32495,154,5,154,5,13
skew,32496,127,4,127,4,11
skew,32497,137,5,137,5,11
skew,32498,142,5,160,5,17
skew,32499,143,5,170,6,17
skew,32500,141,4,160,5,17
skew,32501,148,5,170,6,17
skew,32502,129,4,129,4,13
skew,32503,139,5,139,5,13
skew,32504,152,5,152,5,11
skew,32505,153,5,153,5,11
skew,32506,158,5,185,6,17
skew,32507,159,5,186,6,17
skew,32508,163,5,185,6,17
skew,32509,164,5,186,6,17
skew,32510,154,5,154,5,13
skew,32511,155,5,155,5,13
skew,32512,75,2,75,2,9
skew,32513,85,3,85,3,9
skew,32514,90,3,90,3,9
skew,32515,91,3,91,3,9
skew,32516,95,3,95,3,9
skew,32517,96,3,96,3,9
skew,32518,101,3,101,3,9
skew,32519,102,3,102,3,9
skew,32520,100,3,100,3,9
skew,32521,101,3,101,3,9
skew,32522,106,3,106,3,9
skew,32523,107,3,107,3,9
skew,32524,111,3,111,3,9
skew,32525,112,3,112,3,9
skew,32526,117,3,117,3,9
skew,32527,118,3,118,3,9
skew,32528,88,3,106,3,13
skew,32529,98,4,108,3,15
skew,32530,103,4,121,4,13
skew,32531,104,4,123,4,15
skew,32532,108,4,126,4,13
skew,32533,109,4,128,4,15
skew,32534,114,4,132,4,13
skew,32535,115,4,134,4,15
skew,32536,113,4,131,4,13
skew,32537,114,4,133,4,15
skew,32538,119,4,137,4,13
skew,32539,120,4,139,4,15
skew,32540,124,4,142,4,13
skew,32541,125,4,144,4,15
skew,32542,130,4,148,4,13
skew,32543,131,4,150,4,15
skew,32544,93,3,106,3,13
skew,32545,103,4,116,4,13
skew,32546,108,3,108,3,15
skew,32547,109,4,118,4,15
skew,32548,113,4,126,4,13
skew,32549,114,4,127,4,13
skew,32550,119,4,128,4,15
skew,32551,120,4,129,4,15
skew,32552,118,4,131,4,13
skew,32553,119,4,132,4,13
skew,32554,124,4,133,4,15
skew,32555,125,4,134,4,15
skew,32556,129,4,142,4,13
skew,32557,130,4,143,4,13
skew,32558,135,4,144,4,15
skew,32559,136,4,145,4,15
skew,32560,94,3,106,3,13
skew,32561,104,4,139,4,19
skew,32562,109,4,139,4,19
skew,32563,108,3,108,3,15
skew,32564,114,4,126,4,13
skew,32565,115,4,159,5,19
skew,32566,120,4,159,5,19
skew,32567,121,4,128,4,15
skew,32568,119,4,131,4,13
skew,32569,120,4,164,5,19
skew,32570,125,4,164,5,19
skew,32571,126,4,133,4,15
skew,32572,130,4,142,4,13
skew,32573,131,4,175,5,19
skew,32574,136,4,175,5,19
skew,32575,137,4,144,4,15
skew,32576,98,3,106,3,13
skew,32577,108,4,116,4,13
skew,32578,113,4,121,4,13
skew,32579,114,4,122,4,13
skew,32580,107,3,108,3,15
skew,32581,117,4,118,4,15
skew,32582,122,4,123,4,15
skew,32583,123,4,124,4,15
skew,32584,123,4,131,4,13
skew,32585,124,4,132,4,13
skew,32586,129,4,137,4,13
skew,32587,130,4,138,4,13
skew,32588,132,4,133,4,15
skew,32589,133,4,134,4,15
skew,32590,138,4,139,4,15
skew,32591,139,4,140,4,15
skew,32592,99,3,106,3,13
skew,32593,109,4,139,4,19
skew,32594,114,4,121,4,13
skew,32595,115,4,154,5,19
skew,32596,119,4,139,4,19
skew,32597,106,3,108,3,15
skew,32598,125,4,154,5,19
skew,32599,121,4,123,4,15
skew,32600,124,4,131,4,13
skew,32601,125,4,164,5,19
skew,32602,130,4,137,4,13
skew,32603,131,4,170,5,19
skew,32604,135,4,164,5,19
skew,32605,131,4,133,4,15
skew,32606,141,4,170,5,19
skew,32607,137,4,139,4,15
skew,32608,99,3,106,3,13
skew,32609,109,4,116,4,13
skew,32610,114,4,139,4,19
skew,32611,115,4,149,5,19
skew,32612,119,4,139,4,19
skew,32613,120,4,149,5,19
skew,32614,101,3,108,3,15
skew,32615,111,4,118,4,15
skew,32616,124,4,131,4,13
skew,32617,125,4,132,4,13
skew,32618,130,4,164,5,19
skew,32619,131,4,165,5,19
skew,32620,135,4,164,5,19
skew,32621,136,4,165,5,19
skew,32622,126,4,133,4,15
skew,32623,127,4,134,4,15
skew,32624,80,2,80,2,11
skew,32625,90,3,113,3,17
skew,32626,95,3,113,3,17
skew,32627,96,3,113,3,17
skew,32628,100,3,113,3,17
skew,32629,101,3,113,3,17
skew,32630,106,3,113,3,17
skew,32631,82,2,82,2,13
skew,32632,105,3,105,3,11
skew,32633,106,3,138,4,17
skew,32634,111,3,138,4,17
skew,32635,112,3,138,4,17
skew,32636,116,3,138,4,17
skew,32637,117,3,138,4,17
skew,32638,122,3,138,4,17
skew,32639,107,3,107,3,13
skew,32640,103,3,103,3,9
skew,32641,113,4,113,4,9
skew,32642,118,4,118,4,9
skew,32643,119,4,119,4,9
skew,32644,123,4,123,4,9
skew,32645,124,4,124,4,9
skew,32646,129,4,129,4,9
skew,32647,130,4,130,4,9
skew,32648,128,4,128,4,9
skew,32649,129,4,129,4,9
skew,32650,134,4,134,4,9
skew,32651,135,4,135,4,9
skew,32652,139,4,139,4,9
skew,32653,140,4,140,4,9
skew,32654,145,4,145,4,9
skew,32655,146,4,146,4,9
skew,32656,104,3,134,4,13
skew,32657,114,4,136,4,15
skew,32658,119,4,149,5,13
skew,32659,120,4,151,5,15
skew,32660,124,4,154,5,13
skew,32661,125,4,156,5,15
skew,32662,130,4,160,5,13
skew,32663,131,4,162,5,15
skew,32664,129,4,159,5,13
skew,32665,130,4,161,5,15
skew,32666,135,4,165,5,13
skew,32667,136,4,167,5,15
skew,32668,140,4,170,5,13
skew,32669,141,4,172,5,15
skew,32670,146,4,176,5,13
skew,32671,147,4,178,5,15
skew,32672,109,3,134,4,13
skew,32673,119,4,144,5,13
skew,32674,124,4,136,4,15
skew,32675,125,4,146,5,15
skew,32676,129,4,154,5,13
skew,32677,130,4,155,5,13
skew,32678,135,4,156,5,15
skew,32679,136,4,157,5,15
skew,32680,134,4,159,5,13
skew,32681,135,4,160,5,13
skew,32682,140,4,161,5,15
skew,32683,141,4,162,5,15
skew,32684,145,4,170,5,13
skew,32685,146,4,171,5,13
skew,32686,151,4,172,5,15
skew,32687,152,4,173,5,15
skew,32688,110,3,134,4,13
skew,32689,120,4,167,5,19
skew,32690,125,4,167,5,19
skew,32691,126,4,136,4,15
skew,32692,130,4,154,5,13
skew,32693,131,4,187,6,19
skew,32694,136,4,187,6,19
skew,32695,137,4,156,5,15
skew,32696,135,4,159,5,13
skew,32697,136,4,192,6,19
skew,32698,141,4,192,6,19
skew,32699,142,4,161,5,15
skew,32700,146,4,170,5,13
skew,32701,147,4,203,6,19
skew,32702,152,4,203,6,19
skew,32703,153,4,172,5,15
skew,32704,114,3,134,4,13
skew,32705,124,4,144,5,13
skew,32706,129,4,149,5,13
skew,32707,130,4,150,5,13
skew,32708,134,4,136,4,15
skew,32709,135,4,146,5,15
skew,32710,140,4,151,5,15
skew,32711,141,4,152,5,15
skew,32712,139,4,159,5,13
skew,32713,140,4,160,5,13
skew,32714,145,4,165,5,13
skew,32715,146,4,166,5,13
skew,32716,150,4,161,5,15
skew,32717,151,4,162,5,15
skew,32718,156,4,167,5,15
skew,32719,157,4,168,5,15
skew,32720,115,3,134,4,13
skew,32721,125,4,167,5,19
skew,32722,130,4,149,5,13
skew,32723,131,4,182,6,19
skew,32724,135,4,167,5,19
skew,32725,134,4,136,4,15
skew,32726,141,4,182,6,19
skew,32727,142,4,151,5,15
skew,32728,140,4,159,5,13
skew,32729,141,4,192,6,19
skew,32730,146,4,165,5,13
skew,32731,147,4,198,6,19
skew,32732,151,4,192,6,19
skew,32733,152,4,161,5,15
skew,32734,157,4,198,6,19
skew,32735,158,4,167,5,15
skew,32736,120,3,134,4,13
skew,32737,130,4,144,5,13
skew,32738,135,4,167,5,19
skew,32739,136,4,177,6,19
skew,32740,140,4,167,5,19
skew,32741,141,4,177,6,19
skew,32742,129,4,136,4,15
skew,32743,139,5,146,5,15
skew,32744,145,4,159,5,13
skew,32745,146,4,160,5,13
skew,32746,151,4,192,6,19
skew,32747,152,4,193,6,19
skew,32748,156,4,192,6,19
skew,32749,157,4,193,6,19
skew,32750,154,5,161,5,15
skew,32751,155,5,162,5,15
skew,32752,108,3,108,3,11
skew,32753,118,4,141,4,17
skew,32754,123,4,141,4,17
skew,32755,124,4,141,4,17
skew,32756,128,4,141,4,17
skew,32757,129,4,141,4,17
skew,32758,130,4,141,4,17
skew,32759,110,3,110,3,13
skew,32760,133,4,133,4,11
skew,32761,134,4,166,5,17
skew,32762,139,4,166,5,17
skew,32763,140,4,166,5,17
skew,32764,144,4,166,5,17
skew,32765,145,4,166,5,17
skew,32766,150,4,166,5,17
skew,32767,135,4,135,4,13
large_integer,24576,1235931852938539958281,1,1235931852938539958281,1,7
large_integer,24577,2462640333840225140745,2,2462640333840225140745,2,7
large_integer,24578,2462640333840225140747,2,2462640333840225140747,2,7
large_integer,24579,2471863705877079916555,2,2471863705877079916555,2,7
large_integer,24580,2462640333840225140749,2,2462640333840225140749,2,7
large_integer,24581,2471863705877079916557,2,2471863705877079916557,2,7
large_integer,24582,2471863705877079916559,2,2471863705877079916559,2,7
large_integer,24583,2481087077913934692367,2,2481087077913934692367,2,7
large_integer,24584,2462640333840225140751,2,2462640333840225140751,2,7
large_integer,24585,2471863705877079916559,2,2471863705877079916559,2,7
large_integer,24586,2471863705877079916561,2,2471863705877079916561,2,7
large_integer,24587,2481087077913934692369,2,2481087077913934692369,2,7
large_integer,24588,2471863705877079916563,2,2471863705877079916563,2,7
large_integer,24589,2481087077913934692371,2,2481087077913934692371,2,7
large_integer,24590,2481087077913934692373,2,2481087077913934692373,2,7
large_integer,24591,2490310449950789468181,2,2490310449950789468181,2,7
large_integer,24592,2462640333840225140746,2,2462640333840225140746,2,7
large_integer,24593,3689348814741910323210,3,3689348814741910323210,3,7
large_integer,24594,3689348814741910323212,3,3689348814741910323212,3,7
large_integer,24595,3698572186778765099020,3,3698572186778765099020,3,7
large_integer,24596,3689348814741910323214,3,3689348814741910323214,3,7
large_integer,24597,3698572186778765099022,3,3698572186778765099022,3,7
large_integer,24598,3698572186778765099024,3,3698572186778765099024,3,7
large_integer,24599,3707795558815619874832,3,3707795558815619874832,3,7
large_integer,24600,3689348814741910323216,3,3689348814741910323216,3,7
large_integer,24601,3698572186778765099024,3,3698572186778765099024,3,7
large_integer,24602,3698572186778765099026,3,3698572186778765099026,3,7
large_integer,24603,3707795558815619874834,3,3707795558815619874834,3,7
large_integer,24604,3698572186778765099028,3,3698572186778765099028,3,7
large_integer,24605,3707795558815619874836,3,3707795558815619874836,3,7
large_integer,24606,3707795558815619874838,3,3707795558815619874838,3,7
large_integer,24607,3717018930852474650646,3,3717018930852474650646,3,7
large_integer,24608,2462640333840225140748,2,2462640333840225140748,2,7
large_integer,24609,3689348814741910323212,3,3689348814741910323212,3,7
large_integer,24610,3689348814741910323214,3,3689348814741910323214,3,7
large_integer,24611,3698572186778765099022,3,3698572186778765099022,3,7
large_integer,24612,3689348814741910323216,3,3689348814741910323216,3,7
large_integer,24613,3698572186778765099024,3,3698572186778765099024,3,7
large_integer,24614,3698572186778765099026,3,3698572186778765099026,3,7
large_integer,24615,3707795558815619874834,3,3707795558815619874834,3,7
large_integer,24616,3689348814741910323218,3,3689348814741910323218,3,7
large_integer,24617,3698572186778765099026,3,3698572186778765099026,3,7
large_integer,24618,3698572186778765099028,3,3698572186778765099028,3,7
large_integer,24619,3707795558815619874836,3,3707795558815619874836,3,7
large_integer,24620,3698572186778765099030,3,3698572186778765099030,3,7
large_integer,24621,3707795558815619874838,3,3707795558815619874838,3,7
large_integer,24622,3707795558815619874840,3,3707795558815619874840,3,7
large_integer,24623,3717018930852474650648,3,3717018930852474650648,3,7
large_integer,24624,2471863705877079916556,2,2471863705877079916556,2,7
large_integer,24625,3698572186778765099020,3,3698572186778765099020,3,7
large_integer,24626,3698572186778765099022,3,3698572186778765099022,3,7
large_integer,24627,3707795558815619874830,3,3707795558815619874830,3,7
large_integer,24628,3698572186778765099024,3,3698572186778765099024,3,7
large_integer,24629,3707795558815619874832,3,3707795558815619874832,3,7
large_integer,24630,3707795558815619874834,3,3707795558815619874834,3,7
large_integer,24631,3717018930852474650642,3,3717018930852474650642,3,7
large_integer,24632,3698572186778765099026,3,3698572186778765099026,3,7
large_integer,24633,3707795558815619874834,3,3707795558815619874834,3,7
large_integer,24634,3707795558815619874836,3,3707795558815619874836,3,7
large_integer,24635,3717018930852474650644,3,3717018930852474650644,3,7
large_integer,24636,3707795558815619874838,3,3707795558815619874838,3,7
large_integer,24637,3717018930852474650646,3,3717018930852474650646,3,7
large_integer,24638,3717018930852474650648,3,3717018930852474650648,3,7
large_integer,24639,3726242302889329426456,3,3726242302889329426456,3,7
large_integer,24640,2462640333840225140750,2,2462640333840225140750,2,7
large_integer,24641,3689348814741910323214,3,3689348814741910323214,3,7
large_integer,24642,3689348814741910323216,3,3689348814741910323216,3,7
large_integer,24643,3698572186778765099024,3,3698572186778765099024,3,7
large_integer,24644,3689348814741910323218,3,3689348814741910323218,3,7
large_integer,24645,3698572186778765099026,3,3698572186778765099026,3,7
large_integer,24646,3698572186778765099028,3,3698572186778765099028,3,7
large_integer,24647,3707795558815619874836,3,3707795558815619874836,3,7
large_integer,24648,3689348814741910323220,3,3689348814741910323220,3,7
large_integer,24649,3698572186778765099028,3,3698572186778765099028,3,7
large_integer,24650,3698572186778765099030,3,3698572186778765099030,3,7
large_integer,24651,3707795558815619874838,3,3707795558815619874838,3,7
large_integer,24652,3698572186778765099032,3,3698572186778765099032,3,7
large_integer,24653,3707795558815619874840,3,3707795558815619874840,3,7
large_integer,24654,3707795558815619874842,3,3707795558815619874842,3,7
large_integer,24655,3717018930852474650650,3,3717018930852474650650,3,7
large_integer,24656,2471863705877079916558,2,2471863705877079916558,2,7
large_integer,24657,3698572186778765099022,3,3698572186778765099022,3,7
large_integer,24658,3698572186778765099024,3,3698572186778765099024,3,7
large_integer,24659,3707795558815619874832,3,3707795558815619874832,3,7
large_integer,24660,3698572186778765099026,3,3698572186778765099026,3,7
large_integer,24661,3707795558815619874834,3,3707795558815619874834,3,7
large_integer,24662,3707795558815619874836,3,3707795558815619874836,3,7
large_integer,24663,3717018930852474650644,3,3717018930852474650644,3,7
large_integer,24664,3698572186778765099028,3,3698572186778765099028,3,7
large_integer,24665,3707795558815619874836,3,3707795558815619874836,3,7
large_integer,24666,3707795558815619874838,3,3707795558815619874838,3,7
large_integer,24667,3717018930852474650646,3,3717018930852474650646,3,7
large_integer,24668,3707795558815619874840,3,3707795558815619874840,3,7
large_integer,24669,3717018930852474650648,3,3717018930852474650648,3,7
large_integer,24670,3717018930852474650650,3,3717018930852474650650,3,7
large_integer,24671,3726242302889329426458,3,3726242302889329426458,3,7
large_integer,24672,2471863705877079916560,2,2471863705877079916560,2,7
large_integer,24673,3698572186778765099024,3,3698572186778765099024,3,7
large_integer,24674,3698572186778765099026,3,3698572186778765099026,3,7
large_integer,24675,3707795558815619874834,3,3707795558815619874834,3,7
large_integer,24676,3698572186778765099028,3,3698572186778765099028,3,7
large_integer,24677,3707795558815619874836,3,3707795558815619874836,3,7
large_integer,24678,3707795558815619874838,3,3707795558815619874838,3,7
large_integer,24679,3717018930852474650646,3,3717018930852474650646,3,7
large_integer,24680,3698572186778765099030,3,3698572186778765099030,3,7
large_integer,24681,3707795558815619874838,3,3707795558815619874838,3,7
large_integer,24682,3707795558815619874840,3,3707795558815619874840,3,7
large_integer,24683,3717018930852474650648,3,3717018930852474650648,3,7
large_integer,24684,3707795558815619874842,3,3707795558815619874842,3,7
large_integer,24685,3717018930852474650650,3,3717018930852474650650,3,7
large_integer,24686,3717018930852474650652,3,3717018930852474650652,3,7
large_integer,24687,3726242302889329426460,3,3726242302889329426460,3,7
large_integer,24688,2481087077913934692368,2,2481087077913934692368,2,7
large_integer,24689,3707795558815619874832,3,3707795558815619874832,3,7
large_integer,24690,3707795558815619874834,3,3707795558815619874834,3,7
large_integer,24691,3717018930852474650642,3,3717018930852474650642,3,7
large_integer,24692,3707795558815619874836,3,3707795558815619874836,3,7
large_integer,24693,3717018930852474650644,3,3717018930852474650644,3,7
large_integer,24694,3717018930852474650646,3,3717018930852474650646,3,7
large_integer,24695,3726242302889329426454,3,3726242302889329426454,3,7
large_integer,24696,3707795558815619874838,3,3707795558815619874838,3,7
large_integer,24697,3717018930852474650646,3,3717018930852474650646,3,7
large_integer,24698,3717018930852474650648,3,3717018930852474650648,3,7
large_integer,24699,3726242302889329426456,3,3726242302889329426456,3,7
large_integer,24700,3717018930852474650650,3,3717018930852474650650,3,7
large_integer,24701,3726242302889329426458,3,3726242302889329426458,3,7
large_integer,24702,3726242302889329426460,3,3726242302889329426460,3,7
large_integer,24703,3735465674926184202268,3,3735465674926184202268,3,7
large_integer,24704,2462640333840225140752,2,2462640333840225140752,2,7
large_integer,24705,3689348814741910323216,3,3689348814741910323216,3,7
large_integer,24706,3689348814741910323218,3,3689348814741910323218,3,7
large_integer,24707,3698572186778765099026,3,3698572186778765099026,3,7
large_integer,24708,3689348814741910323220,3,3689348814741910323220,3,7
large_integer,24709,3698572186778765099028,3,3698572186778765099028,3,7
large_integer,24710,3698572186778765099030,3,3698572186778765099030,3,7
large_integer,24711,3707795558815619874838,3,3707795558815619874838,3,7
large_integer,24712,3689348814741910323222,3,3689348814741910323222,3,7
large_integer,24713,3698572186778765099030,3,3698572186778765099030,3,7
large_integer,24714,3698572186778765099032,3,3698572186778765099032,3,7
large_integer,24715,3707795558815619874840,3,3707795558815619874840,3,7
large_integer,24716,3698572186778765099034,3,3698572186778765099034,3,7
large_integer,24717,3707795558815619874842,3,3707795558815619874842,3,7
large_integer,24718,3707795558815619874844,3,3707795558815619874844,3,7
large_integer,24719,3717018930852474650652,3,3717018930852474650652,3,7
large_integer,24720,2471863705877079916560,2,2471863705877079916560,2,7
large_integer,24721,3698572186778765099024,3,3698572186778765099024,3,7
large_integer,24722,3698572186778765099026,3,3698572186778765099026,3,7
large_integer,24723,3707795558815619874834,3,3707795558815619874834,3,7
large_integer,24724,3698572186778765099028,3,3698572186778765099028,3,7
large_integer,24725,3707795558815619874836,3,3707795558815619874836,3,7
large_integer,24726,3707795558815619874838,3,3707795558815619874838,3,7
large_integer,24727,3717018930852474650646,3,3717018930852474650646,3,7
large_integer,24728,3698572186778765099030,3,3698572186778765099030,3,7
large_integer,24729,3707795558815619874838,3,3707795558815619874838,3,7
large_integer,24730,3707795558815619874840,3,3707795558815619874840,3,7
large_integer,24731,3717018930852474650648,3,3717018930852474650648,3,7
large_integer,24732,3707795558815619874842,3,3707795558815619874842,3,7
large_integer,24733,3717018930852474650650,3,3717018930852474650650,3,7
large_integer,24734,3717018930852474650652,3,3717018930852474650652,3,7
large_integer,24735,3726242302889329426460,3,3726242302889329426460,3,7
large_integer,24736,2471863705877079916562,2,2471863705877079916562,2,7
large_integer,24737,3698572186778765099026,3,3698572186778765099026,3,7
large_integer,24738,3698572186778765099028,3,3698572186778765099028,3,7
large_integer,24739,3707795558815619874836,3,3707795558815619874836,3,7
large_integer,24740,3698572186778765099030,3,3698572186778765099030,3,7
large_integer,24741,3707795558815619874838,3,3707795558815619874838,3,7
large_integer,24742,3707795558815619874840,3,3707795558815619874840,3,7
large_integer,24743,3717018930852474650648,3,3717018930852474650648,3,7
large_integer,24744,3698572186778765099032,3,3698572186778765099032,3,7
large_integer,24745,3707795558815619874840,3,3707795558815619874840,3,7
large_integer,24746,3707795558815619874842,3,3707795558815619874842,3,7
large_integer,24747,3717018930852474650650,3,3717018930852474650650,3,7
large_integer,24748,3707795558815619874844,3,3707795558815619874844,3,7
large_integer,24749,3717018930852474650652,3,3717018930852474650652,3,7
large_integer,24750,3717018930852474650654,3,3717018930852474650654,3,7
large_integer,24751,3726242302889329426462,3,3726242302889329426462,3,7
large_integer,24752,2481087077913934692370,2,2481087077913934692370,2,7
large_integer,24753,3707795558815619874834,3,3707795558815619874834,3,7
large_integer,24754,3707795558815619874836,3,3707795558815619874836,3,7
large_integer,24755,3717018930852474650644,3,3717018930852474650644,3,7
large_integer,24756,3707795558815619874838,3,3707795558815619874838,3,7
large_integer,24757,3717018930852474650646,3,3717018930852474650646,3,7
large_integer,24758,3717018930852474650648,3,3717018930852474650648,3,7
large_integer,24759,3726242302889329426456,3,3726242302889329426456,3,7
large_integer,24760,3707795558815619874840,3,3707795558815619874840,3,7
large_integer,24761,3717018930852474650648,3,3717018930852474650648,3,7
large_integer,24762,3717018930852474650650,3,3717018930852474650650,3,7
large_integer,24763,3726242302889329426458,3,3726242302889329426458,3,7
large_integer,24764,3717018930852474650652,3,3717018930852474650652,3,7
large_integer,24765,3726242302889329426460,3,3726242302889329426460,3,7
large_integer,24766,3726242302889329426462,3,3726242302889329426462,3,7
large_integer,24767,3735465674926184202270,3,3735465674926184202270,3,7
large_integer,24768,2471863705877079916564,2,2471863705877079916564,2,7
large_integer,24769,3698572186778765099028,3,3698572186778765099028,3,7
large_integer,24770,3698572186778765099030,3,3698572186778765099030,3,7
large_integer,24771,3707795558815619874838,3,3707795558815619874838,3,7
large_integer,24772,3698572186778765099032,3,3698572186778765099032,3,7
large_integer,24773,3707795558815619874840,3,3707795558815619874840,3,7
large_integer,24774,3707795558815619874842,3,3707795558815619874842,3,7
large_integer,24775,3717018930852474650650,3,3717018930852474650650,3,7
large_integer,24776,3698572186778765099034,3,3698572186778765099034,3,7
large_integer,24777,3707795558815619874842,3,3707795558815619874842,3,7
large_integer,24778,3707795558815619874844,3,3707795558815619874844,3,7
large_integer,24779,3717018930852474650652,3,3717018930852474650652,3,7
large_integer,24780,3707795558815619874846,3,3707795558815619874846,3,7
large_integer,24781,3717018930852474650654,3,3717018930852474650654,3,7
large_integer,24782,3717018930852474650656,3,3717018930852474650656,3,7
large_integer,24783,3726242302889329426464,3,3726242302889329426464,3,7
large_integer,24784,2481087077913934692372,2,2481087077913934692372,2,7
large_integer,24785,3707795558815619874836,3,3707795558815619874836,3,7
large_integer,24786,3707795558815619874838,3,3707795558815619874838,3,7
large_integer,24787,3717018930852474650646,3,3717018930852474650646,3,7
large_integer,24788,3707795558815619874840,3,3707795558815619874840,3,7
large_integer,24789,3717018930852474650648,3,3717018930852474650648,3,7
large_integer,24790,3717018930852474650650,3,3717018930852474650650,3,7
large_integer,24791,3726242302889329426458,3,3726242302889329426458,3,7
large_integer,24792,3707795558815619874842,3,3707795558815619874842,3,7
large_integer,24793,3717018930852474650650,3,3717018930852474650650,3,7
large_integer,24794,3717018930852474650652,3,3717018930852474650652,3,7
large_integer,24795,3726242302889329426460,3,3726242302889329426460,3,7
large_integer,24796,3717018930852474650654,3,3717018930852474650654,3,7
large_integer,24797,3726242302889329426462,3,3726242302889329426462,3,7
large_integer,24798,3726242302889329426464,3,3726242302889329426464,3,7
large_integer,24799,3735465674926184202272,3,3735465674926184202272,3,7
large_integer,24800,2481087077913934692374,2,2481087077913934692374,2,7
large_integer,24801,3707795558815619874838,3,3707795558815619874838,3,7
large_integer,24802,3707795558815619874840,3,3707795558815619874840,3,7
large_integer,24803,3717018930852474650648,3,3717018930852474650648,3,7
large_integer,24804,3707795558815619874842,3,3707795558815619874842,3,7
large_integer,24805,3717018930852474650650,3,3717018930852474650650,3,7
large_integer,24806,3717018930852474650652,3,3717018930852474650652,3,7
large_integer,24807,3726242302889329426460,3,3726242302889329426460,3,7
large_integer,24808,3707795558815619874844,3,3707795558815619874844,3,7
large_integer,24809,3717018930852474650652,3,3717018930852474650652,3,7
large_integer,24810,3717018930852474650654,3,3717018930852474650654,3,7
large_integer,24811,3726242302889329426462,3,3726242302889329426462,3,7
large_integer,24812,3717018930852474650656,3,3717018930852474650656,3,7
large_integer,24813,3726242302889329426464,3,3726242302889329426464,3,7
large_integer,24814,3726242302889329426466,3,3726242302889329426466,3,7
large_integer,24815,3735465674926184202274,3,3735465674926184202274,3,7
large_integer,24816,2490310449950789468182,2,2490310449950789468182,2,7
large_integer,24817,3717018930852474650646,3,3717018930852474650646,3,7
large_integer,24818,3717018930852474650648,3,3717018930852474650648,3,7
large_integer,24819,3726242302889329426456,3,3726242302889329426456,3,7
large_integer,24820,3717018930852474650650,3,3717018930852474650650,3,7
large_integer,24821,3726242302889329426458,3,3726242302889329426458,3,7
large_integer,24822,3726242302889329426460,3,3726242302889329426460,3,7
large_integer,24823,3735465674926184202268,3,3735465674926184202268,3,7
large_integer,24824,3717018930852474650652,3,3717018930852474650652,3,7
large_integer,24825,3726242302889329426460,3,3726242302889329426460,3,7
large_integer,24826,3726242302889329426462,3,3726242302889329426462,3,7
large_integer,24827,3735465674926184202270,3,3735465674926184202270,3,7
large_integer,24828,3726242302889329426464,3,3726242302889329426464,3,7
large_integer,24829,3735465674926184202272,3,3735465674926184202272,3,7
large_integer,24830,3735465674926184202274,3,3735465674926184202274,3,7
large_integer,24831,3744689046963038978082,3,3744689046963038978082,3,7
large_integer,24832,2462640333840225140747,2,2462640333840225140747,2,7
large_integer,24833,3689348814741910323211,3,3689348814741910323211,3,7
large_integer,24834,3689348814741910323213,3,3689348814741910323213,3,7
large_integer,24835,3698572186778765099021,3,3698572186778765099021,3,7
large_integer,24836,3689348814741910323215,3,3689348814741910323215,3,7
large_integer,24837,3698572186778765099023,3,3698572186778765099023,3,7
large_integer,24838,3698572186778765099025,3,3698572186778765099025,3,7
large_integer,24839,3707795558815619874833,3,3707795558815619874833,3,7
large_integer,24840,3689348814741910323217,3,3689348814741910323217,3,7
large_integer,24841,3698572186778765099025,3,3698572186778765099025,3,7
large_integer,24842,3698572186778765099027,3,3698572186778765099027,3,7
large_integer,24843,3707795558815619874835,3,3707795558815619874835,3,7
large_integer,24844,3698572186778765099029,3,3698572186778765099029,3,7
large_integer,24845,3707795558815619874837,3,3707795558815619874837,3,7
large_integer,24846,3707795558815619874839,3,3707795558815619874839,3,7
large_integer,24847,3717018930852474650647,3,3717018930852474650647,3,7
large_integer,24848,3689348814741910323212,3,3689348814741910323212,3,7
large_integer,24849,4916057295643595505676,4,4916057295643595505676,4,7
large_integer,24850,4916057295643595505678,4,4916057295643595505678,4,7
large_integer,24851,4925280667680450281486,4,4925280667680450281486,4,7
large_integer,24852,4916057295643595505680,4,4916057295643595505680,4,7
large_integer,24853,4925280667680450281488,4,4925280667680450281488,4,7
large_integer,24854,4925280667680450281490,4,4925280667680450281490,4,7
large_integer,24855,4934504039717305057298,4,4934504039717305057298,4,7
large_integer,24856,4916057295643595505682,4,4916057295643595505682,4,7
large_integer,24857,4925280667680450281490,4,4925280667680450281490,4,7
large_integer,24858,4925280667680450281492,4,4925280667680450281492,4,7
large_integer,24859,4934504039717305057300,4,4934504039717305057300,4,7
large_integer,24860,4925280667680450281494,4,4925280667680450281494,4,7
large_integer,24861,4934504039717305057302,4,4934504039717305057302,4,7
large_integer,24862,4934504039717305057304,4,4934504039717305057304,4,7
large_integer,24863,4943727411754159833112,4,4943727411754159833112,4,7
large_integer,24864,3689348814741910323214,3,3689348814741910323214,3,7
large_integer,24865,4916057295643595505678,4,4916057295643595505678,4,7
large_integer,24866,4916057295643595505680,4,4916057295643595505680,4,7
large_integer,24867,4925280667680450281488,4,4925280667680450281488,4,7
large_integer,24868,4916057295643595505682,4,4916057295643595505682,4,7
large_integer,24869,4925280667680450281490,4,4925280667680450281490,4,7
large_integer,24870,4925280667680450281492,4,4925280667680450281492,4,7
large_integer,24871,4934504039717305057300,4,4934504039717305057300,4,7
large_integer,24872,4916057295643595505684,4,4916057295643595505684,4,7
large_integer,24873,4925280667680450281492,4,4925280667680450281492,4,7
large_integer,24874,4925280667680450281494,4,4925280667680450281494,4,7
large_integer,24875,4934504039717305057302,4,4934504039717305057302,4,7
large_integer,24876,4925280667680450281496,4,4925280667680450281496,4,7
large_integer,24877,4934504039717305057304,4,4934504039717305057304,4,7
large_integer,24878,4934504039717305057306,4,4934504039717305057306,4,7
large_integer,24879,4943727411754159833114,4,4943727411754159833114,4,7
large_integer,24880,3698572186778765099022,3,3698572186778765099022,3,7
large_integer,24881,4925280667680450281486,4,4925280667680450281486,4,7
large_integer,24882,4925280667680450281488,4,4925280667680450281488,4,7
large_integer,24883,4934504039717305057296,4,4934504039717305057296,4,7
large_integer,24884,4925280667680450281490,4,4925280667680450281490,4,7
large_integer,24885,4934504039717305057298,4,4934504039717305057298,4,7
large_integer,24886,4934504039717305057300,4,4934504039717305057300,4,7
large_integer,24887,4943727411754159833108,4,4943727411754159833108,4,7
large_integer,24888,4925280667680450281492,4,4925280667680450281492,4,7
large_integer,24889,4934504039717305057300,4,4934504039717305057300,4,7
large_integer,24890,4934504039717305057302,4,4934504039717305057302,4,7
large_integer,24891,4943727411754159833110,4,4943727411754159833110,4,7
large_integer,24892,4934504039717305057304,4,4934504039717305057304,4,7
large_integer,24893,4943727411754159833112,4,4943727411754159833112,4,7
large_integer,24894,4943727411754159833114,4,4943727411754159833114,4,7
large_integer,24895,4952950783791014608922,4,4952950783791014608922,4,7
large_integer,24896,3689348814741910323216,3,3689348814741910323216,3,7
large_integer,24897,4916057295643595505680,4,4916057295643595505680,4,7
large_integer,24898,4916057295643595505682,4,4916057295643595505682,4,7
large_integer,24899,4925280667680450281490,4,4925280667680450281490,4,7
large_integer,24900,4916057295643595505684,4,4916057295643595505684,4,7
large_integer,24901,4925280667680450281492,4,4925280667680450281492,4,7
large_integer,24902,4925280667680450281494,4,4925280667680450281494,4,7
large_integer,24903,4934504039717305057302,4,4934504039717305057302,4,7
large_integer,24904,4916057295643595505686,4,4916057295643595505686,4,7
large_integer,24905,4925280667680450281494,4,4925280667680450281494,4,7
large_integer,24906,4925280667680450281496,4,4925280667680450281496,4,7
large_integer,24907,4934504039717305057304,4,4934504039717305057304,4,7
large_integer,24908,4925280667680450281498,4,4925280667680450281498,4,7
large_integer,24909,4934504039717305057306,4,4934504039717305057306,4,7
large_integer,24910,4934504039717305057308,4,4934504039717305057308,4,7
large_integer,24911,4943727411754159833116,4,4943727411754159833116,4,7
large_integer,24912,3698572186778765099024,3,3698572186778765099024,3,7
large_integer,24913,4925280667680450281488,4,4925280667680450281488,4,7
large_integer,24914,4925280667680450281490,4,4925280667680450281490,4,7
large_integer,24915,4934504039717305057298,4,4934504039717305057298,4,7
large_integer,24916,4925280667680450281492,4,4925280667680450281492,4,7
large_integer,24917,4934504039717305057300,4,4934504039717305057300,4,7
large_integer,24918,4934504039717305057302,4,4934504039717305057302,4,7
large_integer,24919,4943727411754159833110,4,4943727411754159833110,4,7
large_integer,24920,4925280667680450281494,4,4925280667680450281494,4,7
large_integer,24921,4934504039717305057302,4,4934504039717305057302,4,7
large_integer,24922,4934504039717305057304,4,4934504039717305057304,4,7
large_integer,24923,4943727411754159833112,4,4943727411754159833112,4,7
large_integer,24924,4934504039717305057306,4,4934504039717305057306,4,7
large_integer,24925,4943727411754159833114,4,4943727411754159833114,4,7
large_integer,24926,4943727411754159833116,4,4943727411754159833116,4,7
large_integer,24927,4952950783791014608924,4,4952950783791014608924,4,7
large_integer,24928,3698572186778765099026,3,3698572186778765099026,3,7
large_integer,24929,4925280667680450281490,4,4925280667680450281490,4,7
large_integer,24930,4925280667680450281492,4,4925280667680450281492,4,7
large_integer,24931,4934504039717305057300,4,4934504039717305057300,4,7
large_integer,24932,4925280667680450281494,4,4925280667680450281494,4,7
large_integer,24933,4934504039717305057302,4,4934504039717305057302,4,7
large_integer,24934,4934504039717305057304,4,4934504039717305057304,4,7
large_integer,24935,4943727411754159833112,4,4943727411754159833112,4,7
large_integer,24936,4925280667680450281496,4,4925280667680450281496,4,7
large_integer,24937,4934504039717305057304,4,4934504039717305057304,4,7
large_integer,24938,4934504039717305057306,4,4934504039717305057306,4,7
large_integer,24939,4943727411754159833114,4,4943727411754159833114,4,7
large_integer,24940,4934504039717305057308,4,4934504039717305057308,4,7
large_integer,24941,4943727411754159833116,4,4943727411754159833116,4,7
large_integer,24942,4943727411754159833118,4,4943727411754159833118,4,7
large_integer,24943,4952950783791014608926,4,4952950783791014608926,4,7
large_integer,24944,3707795558815619874834,3,3707795558815619874834,3,7
large_integer,24945,4934504039717305057298,4,4934504039717305057298,4,7
large_integer,24946,4934504039717305057300,4,4934504039717305057300,4,7
large_integer,24947,4943727411754159833108,4,4943727411754159833108,4,7
large_integer,24948,4934504039717305057302,4,4934504039717305057302,4,7
large_integer,24949,4943727411754159833110,4,4943727411754159833110,4,7
large_integer,24950,4943727411754159833112,4,4943727411754159833112,4,7
large_integer,24951,4952950783791014608920,4,4952950783791014608920,4,7
large_integer,24952,4934504039717305057304,4,4934504039717305057304,4,7
large_integer,24953,4943727411754159833112,4,4943727411754159833112,4,7
large_integer,24954,4943727411754159833114,4,4943727411754159833114,4,7
large_integer,24955,4952950783791014608922,4,4952950783791014608922,4,7
large_integer,24956,4943727411754159833116,4,4943727411754159833116,4,7
large_integer,24957,4952950783791014608924,4,4952950783791014608924,4,7
large_integer,24958,4952950783791014608926,4,4952950783791014608926,4,7
large_integer,24959,4962174155827869384734,4,4962174155827869384734,4,7
large_integer,24960,3689348814741910323218,3,3689348814741910323218,3,7
large_integer,24961,4916057295643595505682,4,4916057295643595505682,4,7
large_integer,24962,4916057295643595505684,4,4916057295643595505684,4,7
large_integer,24963,4925280667680450281492,4,4925280667680450281492,4,7
large_integer,24964,4916057295643595505686,4,4916057295643595505686,4,7
large_integer,24965,4925280667680450281494,4,4925280667680450281494,4,7
large_integer,24966,4925280667680450281496,4,4925280667680450281496,4,7
large_integer,24967,4934504039717305057304,4,4934504039717305057304,4,7
large_integer,24968,4916057295643595505688,4,4916057295643595505688,4,7
large_integer,24969,4925280667680450281496,4,4925280667680450281496,4,7
large_integer,24970,4925280667680450281498,4,4925280667680450281498,4,7
large_integer,24971,4934504039717305057306,4,4934504039717305057306,4,7
large_integer,24972,4925280667680450281500,4,4925280667680450281500,4,7
large_integer,24973,4934504039717305057308,4,4934504039717305057308,4,7
large_integer,24974,4934504039717305057310,4,4934504039717305057310,4,7
large_integer,24975,4943727411754159833118,4,4943727411754159833118,4,7
large_integer,24976,3698572186778765099026,3,3698572186778765099026,3,7
large_integer,24977,4925280667680450281490,4,4925280667680450281490,4,7
large_integer,24978,4925280667680450281492,4,4925280667680450281492,4,7
large_integer,24979,4934504039717305057300,4,4934504039717305057300,4,7
large_integer,24980,4925280667680450281494,4,4925280667680450281494,4,7
large_integer,24981,4934504039717305057302,4,4934504039717305057302,4,7
large_integer,24982,4934504039717305057304,4,4934504039717305057304,4,7
large_integer,24983,4943727411754159833112,4,4943727411754159833112,4,7
large_integer,24984,4925280667680450281496,4,4925280667680450281496,4,7
large_integer,24985,4934504039717305057304,4,4934504039717305057304,4,7
large_integer,24986,4934504039717305057306,4,4934504039717305057306,4,7
large_integer,24987,4943727411754159833114,4,4943727411754159833114,4,7
large_integer,24988,4934504039717305057308,4,4934504039717305057308,4,7
large_integer,24989,4943727411754159833116,4,4943727411754159833116,4,7
large_integer,24990,4943727411754159833118,4,4943727411754159833118,4,7
large_integer,24991,4952950783791014608926,4,4952950783791014608926,4,7
large_integer,24992,3698572186778765099028,3,3698572186778765099028,3,7
large_integer,24993,4925280667680450281492,4,4925280667680450281492,4,7
large_integer,24994,4925280667680450281494,4,4925280667680450281494,4,7
large_integer,24995,4934504039717305057302,4,4934504039717305057302,4,7
large_integer,24996,4925280667680450281496,4,4925280667680450281496,4,7
large_integer,24997,4934504039717305057304,4,4934504039717305057304,4,7
large_integer,24998,4934504039717305057306,4,4934504039717305057306,4,7
large_integer,24999,4943727411754159833114,4,4943727411754159833114,4,7
large_integer,25000,4925280667680450281498,4,4925280667680450281498,4,7
large_integer,25001,4934504039717305057306,4,4934504039717305057306,4,7
large_integer,25002,4934504039717305057308,4,4934504039717305057308,4,7
large_integer,25003,4943727411754159833116,4,4943727411754159833116,4,7
large_integer,25004,4934504039717305057310,4,4934504039717305057310,4,7
large_integer,25005,4943727411754159833118,4,4943727411754159833118,4,7
large_integer,25006,4943727411754159833120,4,4943727411754159833120,4,7
large_integer,25007,4952950783791014608928,4,4952950783791014608928,4,7
large_integer,25008,3707795558815619874836,3,3707795558815619874836,3,7
large_integer,25009,4934504039717305057300,4,4934504039717305057300,4,7
large_integer,25010,4934504039717305057302,4,4934504039717305057302,4,7
large_integer,25011,4943727411754159833110,4,4943727411754159833110,4,7
large_integer,25012,4934504039717305057304,4,4934504039717305057304,4,7
large_integer,25013,4943727411754159833112,4,4943727411754159833112,4,7
large_integer,25014,4943727411754159833114,4,4943727411754159833114,4,7
large_integer,25015,4952950783791014608922,4,4952950783791014608922,4,7
large_integer,25016,4934504039717305057306,4,4934504039717305057306,4,7
large_integer,25017,4943727411754159833114,4,4943727411754159833114,4,7
large_integer,25018,4943727411754159833116,4,4943727411754159833116,4,7
large_integer,25019,4952950783791014608924,4,4952950783791014608924,4,7
large_integer,25020,4943727411754159833118,4,4943727411754159833118,4,7
large_integer,25021,4952950783791014608926,4,4952950783791014608926,4,7
large_integer,25022,4952950783791014608928,4,4952950783791014608928,4,7
large_integer,25023,4962174155827869384736,4,4962174155827869384736,4,7
large_integer,25024,3698572186778765099030,3,3698572186778765099030,3,7
large_integer,25025,4925280667680450281494,4,4925280667680450281494,4,7
large_integer,25026,4925280667680450281496,4,4925280667680450281496,4,7
large_integer,25027,4934504039717305057304,4,4934504039717305057304,4,7
large_integer,25028,4925280667680450281498,4,4925280667680450281498,4,7
large_integer,25029,4934504039717305057306,4,4934504039717305057306,4,7
large_integer,25030,4934504039717305057308,4,4934504039717305057308,4,7
large_integer,25031,4943727411754159833116,4,4943727411754159833116,4,7
large_integer,25032,4925280667680450281500,4,4925280667680450281500,4,7
large_integer,25033,4934504039717305057308,4,4934504039717305057308,4,7
large_integer,25034,4934504039717305057310,4,4934504039717305057310,4,7
large_integer,25035,4943727411754159833118,4,4943727411754159833118,4,7
large_integer,25036,4934504039717305057312,4,4934504039717305057312,4,7
large_integer,25037,4943727411754159833120,4,4943727411754159833120,4,7
large_integer,25038,4943727411754159833122,4,4943727411754159833122,4,7
large_integer,25039,4952950783791014608930,4,4952950783791014608930,4,7
large_integer,25040,3707795558815619874838,3,3707795558815619874838,3,7
large_integer,25041,4934504039717305057302,4,4934504039717305057302,4,7
large_integer,25042,4934504039717305057304,4,4934504039717305057304,4,7
large_integer,25043,4943727411754159833112,4,4943727411754159833112,4,7
large_integer,25044,4934504039717305057306,4,4934504039717305057306,4,7
large_integer,25045,4943727411754159833114,4,4943727411754159833114,4,7
large_integer,25046,4943727411754159833116,4,4943727411754159833116,4,7
large_integer,25047,4952950783791014608924,4,4952950783791014608924,4,7
large_integer,25048,4934504039717305057308,4,4934504039717305057308,4,7
large_integer,25049,4943727411754159833116,4,4943727411754159833116,4,7
large_integer,25050,4943727411754159833118,4,4943727411754159833118,4,7
large_integer,25051,4952950783791014608926,4,4952950783791014608926,4,7
large_integer,25052,4943727411754159833120,4,4943727411754159833120,4,7
large_integer,25053,4952950783791014608928,4,4952950783791014608928,4,7
large_integer,25054,4952950783791014608930,4,4952950783791014608930,4,7
large_integer,25055,4962174155827869384738,4,4962174155827869384738,4,7
large_integer,25056,3707795558815619874840,3,3707795558815619874840,3,7
large_integer,25057,4934504039717305057304,4,4934504039717305057304,4,7
large_integer,25058,4934504039717305057306,4,4934504039717305057306,4,7
large_integer,25059,4943727411754159833114,4,4943727411754159833114,4,7
large_integer,25060,4934504039717305057308,4,4934504039717305057308,4,7
large_integer,25061,4943727411754159833116,4,4943727411754159833116,4,7
large_integer,25062,4943727411754159833118,4,4943727411754159833118,4,7
large_integer,25063,4952950783791014608926,4,4952950783791014608926,4,7
large_integer,25064,4934504039717305057310,4,4934504039717305057310,4,7
large_integer,25065,4943727411754159833118,4,4943727411754159833118,4,7
large_integer,25066,4943727411754159833120,4,4943727411754159833120,4,7
large_integer,25067,4952950783791014608928,4,4952950783791014608928,4,7
large_integer,25068,4943727411754159833122,4,4943727411754159833122,4,7
large_integer,25069,4952950783791014608930,4,4952950783791014608930,4,7
large_integer,25070,4952950783791014608932,4,4952950783791014608932,4,7
large_integer,25071,4962174155827869384740,4,4962174155827869384740,4,7
large_integer,25072,3717018930852474650648,3,3717018930852474650648,3,7
large_integer,25073,4943727411754159833112,4,4943727411754159833112,4,7
large_integer,25074,4943727411754159833114,4,4943727411754159833114,4,7
large_integer,25075,4952950783791014608922,4,4952950783791014608922,4,7
large_integer,25076,4943727411754159833116,4,4943727411754159833116,4,7
large_integer,25077,4952950783791014608924,4,4952950783791014608924,4,7
large_integer,25078,4952950783791014608926,4,4952950783791014608926,4,7
large_integer,25079,4962174155827869384734,4,4962174155827869384734,4,7
large_integer,25080,4943727411754159833118,4,4943727411754159833118,4,7
large_integer,25081,4952950783791014608926,4,4952950783791014608926,4,7
large_integer,25082,4952950783791014608928,4,4952950783791014608928,4,7
large_integer,25083,4962174155827869384736,4,4962174155827869384736,4,7
large_integer,25084,4952950783791014608930,4,4952950783791014608930,4,7
large_integer,25085,4962174155827869384738,4,4962174155827869384738,4,7
large_integer,25086,4962174155827869384740,4,4962174155827869384740,4,7
large_integer,25087,4971397527864724160548,4,4971397527864724160548,4,7
large_integer,25088,2462640333840225140749,2,2490310449950789468174,2,9
large_integer,25089,3689348814741910323213,3,3717018930852474650638,3,9
large_integer,25090,3689348814741910323215,3,3717018930852474650640,3,9
large_integer,25091,3698572186778765099023,3,3726242302889329426448,3,9
large_integer,25092,3689348814741910323217,3,3717018930852474650642,3,9
large_integer,25093,3698572186778765099025,3,3726242302889329426450,3,9
large_integer,25094,3698572186778765099027,3,3726242302889329426452,3,9
large_integer,25095,3707795558815619874835,3,3735465674926184202260,3,9
large_integer,25096,3689348814741910323219,3,3717018930852474650644,3,9
large_integer,25097,3698572186778765099027,3,3726242302889329426452,3,9
large_integer,25098,3698572186778765099029,3,3726242302889329426454,3,9
large_integer,25099,3707795558815619874837,3,3735465674926184202262,3,9
large_integer,25100,3698572186778765099031,3,3726242302889329426456,3,9
large_integer,25101,3707795558815619874839,3,3735465674926184202264,3,9
large_integer,25102,3707795558815619874841,3,3735465674926184202266,3,9
large_integer,25103,3717018930852474650649,3,3744689046963038978074,3,9
large_integer,25104,3689348814741910323214,3,3717018930852474650639,3,9
large_integer,25105,4916057295643595505678,4,4943727411754159833103,4,9
large_integer,25106,4916057295643595505680,4,4943727411754159833105,4,9
large_integer,25107,4925280667680450281488,4,4952950783791014608913,4,9
large_integer,25108,4916057295643595505682,4,4943727411754159833107,4,9
large_integer,25109,4925280667680450281490,4,4952950783791014608915,4,9
large_integer,25110,4925280667680450281492,4,4952950783791014608917,4,9
large_integer,25111,4934504039717305057300,4,4962174155827869384725,4,9
large_integer,25112,4916057295643595505684,4,4943727411754159833109,4,9
large_integer,25113,4925280667680450281492,4,4952950783791014608917,4,9
large_integer,25114,4925280667680450281494,4,4952950783791014608919,4,9
large_integer,25115,4934504039717305057302,4,4962174155827869384727,4,9
large_integer,25116,4925280667680450281496,4,4952950783791014608921,4,9
large_integer,25117,4934504039717305057304,4,4962174155827869384729,4,9
large_integer,25118,4934504039717305057306,4,4962174155827869384731,4,9
large_integer,25119,4943727411754159833114,4,4971397527864724160539,4,9
large_integer,25120,2527203938098208571407,2,2527203938098208571407,2,11
large_integer,25121,3753912418999893753871,3,3753912418999893753871,3,11
large_integer,25122,2564097426245627674639,2,2564097426245627674639,2,13
large_integer,25123,3763135791036748529681,3,3790805907147312857103,3,13
large_integer,25124,3753912418999893753875,3,3753912418999893753875,3,11
large_integer,25125,3763135791036748529683,3,3763135791036748529683,3,11
large_integer,25126,3763135791036748529685,3,3790805907147312857107,3,13
large_integer,25127,3772359163073603305493,3,3800029279184167632915,3,13
large_integer,25128,3753912418999893753877,3,3753912418999893753877,3,11
large_integer,25129,3763135791036748529685,3,3763135791036748529685,3,11
large_integer,25130,3763135791036748529687,3,3790805907147312857109,3,13
large_integer,25131,3772359163073603305495,3,3800029279184167632917,3,13
large_integer,25132,3763135791036748529689,3,3763135791036748529689,3,11
large_integer,25133,3772359163073603305497,3,3772359163073603305497,3,11
large_integer,25134,3772359163073603305499,3,3800029279184167632921,3,13
large_integer,25135,3781582535110458081307,3,3809252651221022408729,3,13
large_integer,25136,3698572186778765099024,3,3753912418999893753872,3,11
large_integer,25137,4925280667680450281488,4,4980620899901578936336,4,11
large_integer,25138,3790805907147312857104,3,3790805907147312857104,3,13
large_integer,25139,4934504039717305057298,4,5017514388048998039568,4,13
large_integer,25140,4925280667680450281492,4,4980620899901578936340,4,11
large_integer,25141,4934504039717305057300,4,4989844271938433712148,4,11
large_integer,25142,4934504039717305057302,4,5017514388048998039572,4,13
large_integer,25143,4943727411754159833110,4,5026737760085852815380,4,13
large_integer,25144,4925280667680450281494,4,4980620899901578936342,4,11
large_integer,25145,4934504039717305057302,4,4989844271938433712150,4,11
large_integer,25146,4934504039717305057304,4,5017514388048998039574,4,13
large_integer,25147,4943727411754159833112,4,5026737760085852815382,4,13
large_integer,25148,4934504039717305057306,4,4989844271938433712154,4,11
large_integer,25149,4943727411754159833114,4,4999067643975288487962,4,11
large_integer,25150,4943727411754159833116,4,5026737760085852815386,4,13
large_integer,25151,4952950783791014608924,4,5035961132122707591194,4,13
large_integer,25152,3689348814741910323218,3,3717018930852474650643,3,9
large_integer,25153,4916057295643595505682,4,4943727411754159833107,4,9
large_integer,25154,4916057295643595505684,4,4943727411754159833109,4,9
large_integer,25155,4925280667680450281492,4,4952950783791014608917,4,9
large_integer,25156,4916057295643595505686,4,4943727411754159833111,4,9
large_integer,25157,4925280667680450281494,4,4952950783791014608919,4,9
large_integer,25158,4925280667680450281496,4,4952950783791014608921,4,9
large_integer,25159,4934504039717305057304,4,4962174155827869384729,4,9
large_integer,25160,4916057295643595505688,4,4943727411754159833113,4,9
large_integer,25161,4925280667680450281496,4,4952950783791014608921,4,9
large_integer,25162,4925280667680450281498,4,4952950783791014608923,4,9
large_integer,25163,4934504039717305057306,4,4962174155827869384731,4,9
large_integer,25164,4925280667680450281500,4,4952950783791014608925,4,9
large_integer,25165,4934504039717305057308,4,4962174155827869384733,4,9
large_integer,25166,4934504039717305057310,4,4962174155827869384735,4,9
large_integer,25167,4943727411754159833118,4,4971397527864724160543,4,9
large_integer,25168,3698572186778765099026,3,3726242302889329426451,3,9
large_integer,25169,4925280667680450281490,4,4952950783791014608915,4,9
large_integer,25170,4925280667680450281492,4,4952950783791014608917,4,9
large_integer,25171,4934504039717305057300,4,4962174155827869384725,4,9
large_integer,25172,4925280667680450281494,4,4952950783791014608919,4,9
large_integer,25173,4934504039717305057302,4,4962174155827869384727,4,9
large_integer,25174,4934504039717305057304,4,4962174155827869384729,4,9
large_integer,25175,4943727411754159833112,4,4971397527864724160537,4,9
large_integer,25176,4925280667680450281496,4,4952950783791014608921,4,9
large_integer,25177,4934504039717305057304,4,4962174155827869384729,4,9
large_integer,25178,4934504039717305057306,4,4962174155827869384731,4,9
large_integer,25179,4943727411754159833114,4,4971397527864724160539,4,9
large_integer,25180,4934504039717305057308,4,4962174155827869384733,4,9
large_integer,25181,4943727411754159833116,4,4971397527864724160541,4,9
large_integer,25182,4943727411754159833118,4,4971397527864724160543,4,9
large_integer,25183,4952950783791014608926,4,4980620899901578936351,4,9
large_integer,25184,3698572186778765099028,3,3753912418999893753876,3,11
large_integer,25185,4925280667680450281492,4,4980620899901578936340,4,11
large_integer,25186,3790805907147312857108,3,3790805907147312857108,3,13
large_integer,25187,4934504039717305057302,4,5017514388048998039572,4,13
large_integer,25188,4925280667680450281496,4,4980620899901578936344,4,11
large_integer,25189,4934504039717305057304,4,4989844271938433712152,4,11
large_integer,25190,4934504039717305057306,4,5017514388048998039576,4,13
large_integer,25191,4943727411754159833114,4,5026737760085852815384,4,13
large_integer,25192,4925280667680450281498,4,4980620899901578936346,4,11
large_integer,25193,4934504039717305057306,4,4989844271938433712154,4,11
large_integer,25194,4934504039717305057308,4,5017514388048998039578,4,13
large_integer,25195,4943727411754159833116,4,5026737760085852815386,4,13
large_integer,25196,4934504039717305057310,4,4989844271938433712158,4,11
large_integer,25197,4943727411754159833118,4,4999067643975288487966,4,11
large_integer,25198,4943727411754159833120,4,5026737760085852815390,4,13
large_integer,25199,4952950783791014608928,4,5035961132122707591198,4,13
large_integer,25200,3707795558815619874836,3,3763135791036748529684,3,11
large_integer,25201,4934504039717305057300,4,4989844271938433712148,4,11
large_integer,25202,3800029279184167632916,3,3800029279184167632916,3,13
large_integer,25203,4943727411754159833110,4,5026737760085852815380,4,13
large_integer,25204,4934504039717305057304,4,4989844271938433712152,4,11
large_integer,25205,4943727411754159833112,4,4999067643975288487960,4,11
large_integer,25206,4943727411754159833114,4,5026737760085852815384,4,13
large_integer,25207,4952950783791014608922,4,5035961132122707591192,4,13
large_integer,25208,4934504039717305057306,4,4989844271938433712154,4,11
large_integer,25209,4943727411754159833114,4,4999067643975288487962,4,11
large_integer,25210,4943727411754159833116,4,5026737760085852815386,4,13
large_integer,25211,4952950783791014608924,4,5035961132122707591194,4,13
large_integer,25212,4943727411754159833118,4,4999067643975288487966,4,11
large_integer,25213,4952950783791014608926,4,5008291016012143263774,4,11
large_integer,25214,4952950783791014608928,4,5035961132122707591198,4,13
large_integer,25215,4962174155827869384736,4,5045184504159562367006,4,13
large_integer,25216,3689348814741910323220,3,3717018930852474650645,3,9
large_integer,25217,4916057295643595505684,4,4943727411754159833109,4,9
large_integer,25218,4916057295643595505686,4,4943727411754159833111,4,9
large_integer,25219,4925280667680450281494,4,4952950783791014608919,4,9
large_integer,25220,4916057295643595505688,4,4943727411754159833113,4,9
large_integer,25221,4925280667680450281496,4,4952950783791014608921,4,9
large_integer,25222,4925280667680450281498,4,4952950783791014608923,4,9
large_integer,25223,4934504039717305057306,4,4962174155827869384731,4,9
large_integer,25224,4916057295643595505690,4,4943727411754159833115,4,9
large_integer,25225,4925280667680450281498,4,4952950783791014608923,4,9
large_integer,25226,4925280667680450281500,4,4952950783791014608925,4,9
large_integer,25227,4934504039717305057308,4,4962174155827869384733,4,9
large_integer,25228,4925280667680450281502,4,4952950783791014608927,4,9
large_integer,25229,4934504039717305057310,4,4962174155827869384735,4,9
large_integer,25230,4934504039717305057312,4,4962174155827869384737,4,9
large_integer,25231,4943727411754159833120,4,4971397527864724160545,4,9
large_integer,25232,3698572186778765099028,3,3726242302889329426453,3,9
large_integer,25233,4925280667680450281492,4,4952950783791014608917,4,9
large_integer,25234,4925280667680450281494,4,4952950783791014608919,4,9
large_integer,25235,4934504039717305057302,4,4962174155827869384727,4,9
large_integer,25236,4925280667680450281496,4,4952950783791014608921,4,9
large_integer,25237,4934504039717305057304,4,4962174155827869384729,4,9
large_integer,25238,4934504039717305057306,4,4962174155827869384731,4,9
large_integer,25239,4943727411754159833114,4,4971397527864724160539,4,9
large_integer,25240,4925280667680450281498,4,4952950783791014608923,4,9
large_integer,25241,4934504039717305057306,4,4962174155827869384731,4,9
large_integer,25242,4934504039717305057308,4,4962174155827869384733,4,9
large_integer,25243,4943727411754159833116,4,4971397527864724160541,4,9
large_integer,25244,4934504039717305057310,4,4962174155827869384735,4,9
large_integer,25245,4943727411754159833118,4,4971397527864724160543,4,9
large_integer,25246,4943727411754159833120,4,4971397527864724160545,4,9
large_integer,25247,4952950783791014608928,4,4980620899901578936353,4,9
large_integer,25248,3698572186778765099030,3,3753912418999893753878,3,11
large_integer,25249,4925280667680450281494,4,4980620899901578936342,4,11
large_integer,25250,3790805907147312857110,3,3790805907147312857110,3,13
large_integer,25251,4934504039717305057304,4,5017514388048998039574,4,13
large_integer,25252,4925280667680450281498,4,4980620899901578936346,4,11
large_integer,25253,4934504039717305057306,4,4989844271938433712154,4,11
large_integer,25254,4934504039717305057308,4,5017514388048998039578,4,13
large_integer,25255,4943727411754159833116,4,5026737760085852815386,4,13
large_integer,25256,4925280667680450281500,4,4980620899901578936348,4,11
large_integer,25257,4934504039717305057308,4,4989844271938433712156,4,11
large_integer,25258,4934504039717305057310,4,5017514388048998039580,4,13
large_integer,25259,4943727411754159833118,4,5026737760085852815388,4,13
large_integer,25260,4934504039717305057312,4,4989844271938433712160,4,11
large_integer,25261,4943727411754159833120,4,4999067643975288487968,4,11
large_integer,25262,4943727411754159833122,4,5026737760085852815392,4,13
large_integer,25263,4952950783791014608930,4,5035961132122707591200,4,13
large_integer,25264,3707795558815619874838,3,3763135791036748529686,3,11
large_integer,25265,4934504039717305057302,4,4989844271938433712150,4,11
large_integer,25266,3800029279184167632918,3,3800029279184167632918,3,13
large_integer,25267,4943727411754159833112,4,5026737760085852815382,4,13
large_integer,25268,4934504039717305057306,4,4989844271938433712154,4,11
large_integer,25269,4943727411754159833114,4,4999067643975288487962,4,11
large_integer,25270,4943727411754159833116,4,5026737760085852815386,4,13
large_integer,25271,4952950783791014608924,4,5035961132122707591194,4,13
large_integer,25272,4934504039717305057308,4,4989844271938433712156,4,11
large_integer,25273,4943727411754159833116,4,4999067643975288487964,4,11
large_integer,25274,4943727411754159833118,4,5026737760085852815388,4,13
large_integer,25275,4952950783791014608926,4,5035961132122707591196,4,13
large_integer,25276,4943727411754159833120,4,4999067643975288487968,4,11
large_integer,25277,4952950783791014608928,4,5008291016012143263776,4,11
large_integer,25278,4952950783791014608930,4,5035961132122707591200,4,13
large_integer,25279,4962174155827869384738,4,5045184504159562367008,4,13
large_integer,25280,3698572186778765099032,3,3726242302889329426457,3,9
large_integer,25281,4925280667680450281496,4,4952950783791014608921,4,9
large_integer,25282,4925280667680450281498,4,4952950783791014608923,4,9
large_integer,25283,4934504039717305057306,4,4962174155827869384731,4,9
large_integer,25284,4925280667680450281500,4,4952950783791014608925,4,9
large_integer,25285,4934504039717305057308,4,4962174155827869384733,4,9
large_integer,25286,4934504039717305057310,4,4962174155827869384735,4,9
large_integer,25287,4943727411754159833118,4,4971397527864724160543,4,9
large_integer,25288,4925280667680450281502,4,4952950783791014608927,4,9
large_integer,25289,4934504039717305057310,4,4962174155827869384735,4,9
large_integer,25290,4934504039717305057312,4,4962174155827869384737,4,9
large_integer,25291,4943727411754159833120,4,4971397527864724160545,4,9
large_integer,25292,4934504039717305057314,4,4962174155827869384739,4,9
large_integer,25293,4943727411754159833122,4,4971397527864724160547,4,9
large_integer,25294,4943727411754159833124,4,4971397527864724160549,4,9
large_integer,25295,4952950783791014608932,4,4980620899901578936357,4,9
large_integer,25296,3707795558815619874840,3,3735465674926184202265,3,9
large_integer,25297,4934504039717305057304,4,4962174155827869384729,4,9
large_integer,25298,4934504039717305057306,4,4962174155827869384731,4,9
large_integer,25299,4943727411754159833114,4,4971397527864724160539,4,9
large_integer,25300,4934504039717305057308,4,4962174155827869384733,4,9
large_integer,25301,4943727411754159833116,4,4971397527864724160541,4,9
large_integer,25302,4943727411754159833118,4,4971397527864724160543,4,9
large_integer,25303,4952950783791014608926,4,4980620899901578936351,4,9
large_integer,25304,4934504039717305057310,4,4962174155827869384735,4,9
large_integer,25305,4943727411754159833118,4,4971397527864724160543,4,9
large_integer,25306,4943727411754159833120,4,4971397527864724160545,4,9
large_integer,25307,4952950783791014608928,4,4980620899901578936353,4,9
large_integer,25308,4943727411754159833122,4,4971397527864724160547,4,9
large_integer,25309,4952950783791014608930,4,4980620899901578936355,4,9
large_integer,25310,4952950783791014608932,4,4980620899901578936357,4,9
large_integer,25311,4962174155827869384740,4,4989844271938433712165,4,9
large_integer,25312,3707795558815619874842,3,3763135791036748529690,3,11
large_integer,25313,4934504039717305057306,4,4989844271938433712154,4,11
large_integer,25314,3800029279184167632922,3,3800029279184167632922,3,13
large_integer,25315,4943727411754159833116,4,5026737760085852815386,4,13
large_integer,25316,4934504039717305057310,4,4989844271938433712158,4,11
large_integer,25317,4943727411754159833118,4,4999067643975288487966,4,11
large_integer,25318,4943727411754159833120,4,5026737760085852815390,4,13
large_integer,25319,4952950783791014608928,4,5035961132122707591198,4,13
large_integer,25320,4934504039717305057312,4,4989844271938433712160,4,11
large_integer,25321,4943727411754159833120,4,4999067643975288487968,4,11
large_integer,25322,4943727411754159833122,4,5026737760085852815392,4,13
large_integer,25323,4952950783791014608930,4,5035961132122707591200,4,13
large_integer,25324,4943727411754159833124,4,4999067643975288487972,4,11
large_integer,25325,4952950783791014608932,4,5008291016012143263780,4,11
large_integer,25326,4952950783791014608934,4,5035961132122707591204,4,13
large_integer,25327,4962174155827869384742,4,5045184504159562367012,4,13
large_integer,25328,3717018930852474650650,3,3772359163073603305498,3,11
large_integer,25329,4943727411754159833114,4,4999067643975288487962,4,11
large_integer,25330,3809252651221022408730,3,3809252651221022408730,3,13
large_integer,25331,4952950783791014608924,4,5035961132122707591194,4,13
large_integer,25332,4943727411754159833118,4,4999067643975288487966,4,11
large_integer,25333,4952950783791014608926,4,5008291016012143263774,4,11
large_integer,25334,4952950783791014608928,4,5035961132122707591198,4,13
large_integer,25335,4962174155827869384736,4,5045184504159562367006,4,13
large_integer,25336,4943727411754159833120,4,4999067643975288487968,4,11
large_integer,25337,4952950783791014608928,4,5008291016012143263776,4,11
large_integer,25338,4952950783791014608930,4,5035961132122707591200,4,13
large_integer,25339,4962174155827869384738,4,5045184504159562367008,4,13
large_integer,25340,4952950783791014608932,4,5008291016012143263780,4,11
large_integer,25341,4962174155827869384740,4,5017514388048998039588,4,11
large_integer,25342,4962174155827869384742,4,5045184504159562367012,4,13
large_integer,25343,4971397527864724160550,4,5054407876196417142820,4,13
large_integer,25344,2471863705877079916557,2,3717018930852474650640,3,9
large_integer,25345,3698572186778765099021,3,4943727411754159833104,4,9
large_integer,25346,3698572186778765099023,3,4943727411754159833106,4,9
large_integer,25347,3707795558815619874831,3,4952950783791014608914,4,9
large_integer,25348,3698572186778765099025,3,4943727411754159833108,4,9
large_integer,25349,3707795558815619874833,3,4952950783791014608916,4,9
large_integer,25350,3707795558815619874835,3,4952950783791014608918,4,9
large_integer,25351,3717018930852474650643,3,4962174155827869384726,4,9
large_integer,25352,3698572186778765099027,3,4943727411754159833110,4,9
large_integer,25353,3707795558815619874835,3,4952950783791014608918,4,9
large_integer,25354,3707795558815619874837,3,4952950783791014608920,4,9
large_integer,25355,3717018930852474650645,3,4962174155827869384728,4,9
large_integer,25356,3707795558815619874839,3,4952950783791014608922,4,9
large_integer,25357,3717018930852474650647,3,4962174155827869384730,4,9
large_integer,25358,3717018930852474650649,3,4962174155827869384732,4,9
large_integer,25359,3726242302889329426457,3,4971397527864724160540,4,9
large_integer,25360,3698572186778765099022,3,4943727411754159833105,4,9
large_integer,25361,4925280667680450281486,4,6170435892655845015569,5,9
large_integer,25362,4925280667680450281488,4,6170435892655845015571,5,9
large_integer,25363,4934504039717305057296,4,6179659264692699791379,5,9
large_integer,25364,4925280667680450281490,4,6170435892655845015573,5,9
large_integer,25365,4934504039717305057298,4,6179659264692699791381,5,9
large_integer,25366,4934504039717305057300,4,6179659264692699791383,5,9
large_integer,25367,4943727411754159833108,4,6188882636729554567191,5,9
large_integer,25368,4925280667680450281492,4,6170435892655845015575,5,9
large_integer,25369,4934504039717305057300,4,6179659264692699791383,5,9
large_integer,25370,4934504039717305057302,4,6179659264692699791385,5,9
large_integer,25371,4943727411754159833110,4,6188882636729554567193,5,9
large_integer,25372,4934504039717305057304,4,6179659264692699791387,5,9
large_integer,25373,4943727411754159833112,4,6188882636729554567195,5,9
large_integer,25374,4943727411754159833114,4,6188882636729554567197,5,9
large_integer,25375,4952950783791014608922,4,6198106008766409343005,5,9
large_integer,25376,3698572186778765099024,3,3753912418999893753873,3,11
large_integer,25377,4925280667680450281488,4,4980620899901578936337,4,11
large_integer,25378,3790805907147312857105,3,3790805907147312857105,3,13
large_integer,25379,4934504039717305057298,4,5017514388048998039569,4,13
large_integer,25380,4925280667680450281492,4,4980620899901578936341,4,11
large_integer,25381,4934504039717305057300,4,4989844271938433712149,4,11
large_integer,25382,4934504039717305057302,4,5017514388048998039573,4,13
large_integer,25383,4943727411754159833110,4,5026737760085852815381,4,13
large_integer,25384,4925280667680450281494,4,4980620899901578936343,4,11
large_integer,25385,4934504039717305057302,4,4989844271938433712151,4,11
large_integer,25386,4934504039717305057304,4,5017514388048998039575,4,13
large_integer,25387,4943727411754159833112,4,5026737760085852815383,4,13
large_integer,25388,4934504039717305057306,4,4989844271938433712155,4,11
large_integer,25389,4943727411754159833114,4,4999067643975288487963,4,11
large_integer,25390,4943727411754159833116,4,5026737760085852815387,4,13
large_integer,25391,4952950783791014608924,4,5035961132122707591195,4,13
large_integer,25392,3707795558815619874832,3,4980620899901578936338,4,11
large_integer,25393,4934504039717305057296,4,6207329380803264118802,5,11
large_integer,25394,4934504039717305057298,4,5017514388048998039570,4,13
large_integer,25395,4943727411754159833106,4,6244222868950683222034,5,13
large_integer,25396,4934504039717305057300,4,6207329380803264118806,5,11
large_integer,25397,4943727411754159833108,4,6216552752840118894614,5,11
large_integer,25398,4943727411754159833110,4,6244222868950683222038,5,13
large_integer,25399,4952950783791014608918,4,6253446240987537997846,5,13
large_integer,25400,4934504039717305057302,4,6207329380803264118808,5,11
large_integer,25401,4943727411754159833110,4,6216552752840118894616,5,11
large_integer,25402,4943727411754159833112,4,6244222868950683222040,5,13
large_integer,25403,4952950783791014608920,4,6253446240987537997848,5,13
large_integer,25404,4943727411754159833114,4,6216552752840118894620,5,11
large_integer,25405,4952950783791014608922,4,6225776124876973670428,5,11
large_integer,25406,4952950783791014608924,4,6253446240987537997852,5,13
large_integer,25407,4962174155827869384732,4,6262669613024392773660,5,13
large_integer,25408,3698572186778765099026,3,4943727411754159833109,4,9
large_integer,25409,4925280667680450281490,4,6170435892655845015573,5,9
large_integer,25410,4925280667680450281492,4,6170435892655845015575,5,9
large_integer,25411,4934504039717305057300,4,6179659264692699791383,5,9
large_integer,25412,4925280667680450281494,4,6170435892655845015577,5,9
large_integer,25413,4934504039717305057302,4,6179659264692699791385,5,9
large_integer,25414,4934504039717305057304,4,6179659264692699791387,5,9
large_integer,25415,4943727411754159833112,4,6188882636729554567195,5,9
large_integer,25416,4925280667680450281496,4,6170435892655845015579,5,9
large_integer,25417,4934504039717305057304,4,6179659264692699791387,5,9
large_integer,25418,4934504039717305057306,4,6179659264692699791389,5,9
large_integer,25419,4943727411754159833114,4,6188882636729554567197,5,9
large_integer,25420,4934504039717305057308,4,6179659264692699791391,5,9
large_integer,25421,4943727411754159833116,4,6188882636729554567199,5,9
large_integer,25422,4943727411754159833118,4,6188882636729554567201,5,9
large_integer,25423,4952950783791014608926,4,6198106008766409343009,5,9
large_integer,25424,3707795558815619874834,3,4952950783791014608917,4,9
large_integer,25425,4934504039717305057298,4,6179659264692699791381,5,9
large_integer,25426,4934504039717305057300,4,6179659264692699791383,5,9
large_integer,25427,4943727411754159833108,4,6188882636729554567191,5,9
large_integer,25428,4934504039717305057302,4,6179659264692699791385,5,9
large_integer,25429,4943727411754159833110,4,6188882636729554567193,5,9
large_integer,25430,4943727411754159833112,4,6188882636729554567195,5,9
large_integer,25431,4952950783791014608920,4,6198106008766409343003,5,9
large_integer,25432,4934504039717305057304,4,6179659264692699791387,5,9
large_integer,25433,4943727411754159833112,4,6188882636729554567195,5,9
large_integer,25434,4943727411754159833114,4,6188882636729554567197,5,9
large_integer,25435,4952950783791014608922,4,6198106008766409343005,5,9
large_integer,25436,4943727411754159833116,4,6188882636729554567199,5,9
large_integer,25437,4952950783791014608924,4,6198106008766409343007,5,9
large_integer,25438,4952950783791014608926,4,6198106008766409343009,5,9
large_integer,25439,4962174155827869384734,4,6207329380803264118817,5,9
large_integer,25440,3707795558815619874836,3,4980620899901578936342,4,11
large_integer,25441,4934504039717305057300,4,6207329380803264118806,5,11
large_integer,25442,4934504039717305057302,4,5017514388048998039574,4,13
large_integer,25443,4943727411754159833110,4,6244222868950683222038,5,13
large_integer,25444,4934504039717305057304,4,6207329380803264118810,5,11
large_integer,25445,4943727411754159833112,4,6216552752840118894618,5,11
large_integer,25446,4943727411754159833114,4,6244222868950683222042,5,13
large_integer,25447,4952950783791014608922,4,6253446240987537997850,5,13
large_integer,25448,4934504039717305057306,4,6207329380803264118812,5,11
large_integer,25449,4943727411754159833114,4,6216552752840118894620,5,11
large_integer,25450,4943727411754159833116,4,6244222868950683222044,5,13
large_integer,25451,4952950783791014608924,4,6253446240987537997852,5,13
large_integer,25452,4943727411754159833118,4,6216552752840118894624,5,11
large_integer,25453,4952950783791014608926,4,6225776124876973670432,5,11
large_integer,25454,4952950783791014608928,4,6253446240987537997856,5,13
large_integer,25455,4962174155827869384736,4,6262669613024392773664,5,13
large_integer,25456,3717018930852474650644,3,4989844271938433712150,4,11
large_integer,25457,4943727411754159833108,4,6216552752840118894614,5,11
large_integer,25458,4943727411754159833110,4,5026737760085852815382,4,13
large_integer,25459,4952950783791014608918,4,6253446240987537997846,5,13
large_integer,25460,4943727411754159833112,4,6216552752840118894618,5,11
large_integer,25461,4952950783791014608920,4,6225776124876973670426,5,11
large_integer,25462,4952950783791014608922,4,6253446240987537997850,5,13
large_integer,25463,4962174155827869384730,4,6262669613024392773658,5,13
large_integer,25464,4943727411754159833114,4,6216552752840118894620,5,11
large_integer,25465,4952950783791014608922,4,6225776124876973670428,5,11
large_integer,25466,4952950783791014608924,4,6253446240987537997852,5,13
large_integer,25467,4962174155827869384732,4,6262669613024392773660,5,13
large_integer,25468,4952950783791014608926,4,6225776124876973670432,5,11
large_integer,25469,4962174155827869384734,4,6234999496913828446240,5,11
large_integer,25470,4962174155827869384736,4,6262669613024392773664,5,13
large_integer,25471,4971397527864724160544,4,6271892985061247549472,5,13
large_integer,25472,3698572186778765099028,3,4943727411754159833111,4,9
large_integer,25473,4925280667680450281492,4,6170435892655845015575,5,9
large_integer,25474,4925280667680450281494,4,6170435892655845015577,5,9
large_integer,25475,4934504039717305057302,4,6179659264692699791385,5,9
large_integer,25476,4925280667680450281496,4,6170435892655845015579,5,9
large_integer,25477,4934504039717305057304,4,6179659264692699791387,5,9
large_integer,25478,4934504039717305057306,4,6179659264692699791389,5,9
large_integer,25479,4943727411754159833114,4,6188882636729554567197,5,9
large_integer,25480,4925280667680450281498,4,6170435892655845015581,5,9
large_integer,25481,4934504039717305057306,4,6179659264692699791389,5,9
large_integer,25482,4934504039717305057308,4,6179659264692699791391,5,9
large_integer,25483,4943727411754159833116,4,6188882636729554567199,5,9
large_integer,25484,4934504039717305057310,4,6179659264692699791393,5,9
large_integer,25485,4943727411754159833118,4,6188882636729554567201,5,9
large_integer,25486,4943727411754159833120,4,6188882636729554567203,5,9
large_integer,25487,4952950783791014608928,4,6198106008766409343011,5,9
large_integer,25488,3707795558815619874836,3,4952950783791014608919,4,9
large_integer,25489,4934504039717305057300,4,6179659264692699791383,5,9
large_integer,25490,4934504039717305057302,4,6179659264692699791385,5,9
large_integer,25491,4943727411754159833110,4,6188882636729554567193,5,9
large_integer,25492,4934504039717305057304,4,6179659264692699791387,5,9
large_integer,25493,4943727411754159833112,4,6188882636729554567195,5,9
large_integer,25494,4943727411754159833114,4,6188882636729554567197,5,9
large_integer,25495,4952950783791014608922,4,6198106008766409343005,5,9
large_integer,25496,4934504039717305057306,4,6179659264692699791389,5,9
large_integer,25497,4943727411754159833114,4,6188882636729554567197,5,9
large_integer,25498,4943727411754159833116,4,6188882636729554567199,5,9
large_integer,25499,4952950783791014608924,4,6198106008766409343007,5,9
large_integer,25500,4943727411754159833118,4,6188882636729554567201,5,9
large_integer,25501,4952950783791014608926,4,6198106008766409343009,5,9
large_integer,25502,4952950783791014608928,4,6198106008766409343011,5,9
large_integer,25503,4962174155827869384736,4,6207329380803264118819,5,9
large_integer,25504,3707795558815619874838,3,4980620899901578936344,4,11
large_integer,25505,4934504039717305057302,4,6207329380803264118808,5,11
large_integer,25506,4934504039717305057304,4,5017514388048998039576,4,13
large_integer,25507,4943727411754159833112,4,6244222868950683222040,5,13
large_integer,25508,4934504039717305057306,4,6207329380803264118812,5,11
large_integer,25509,4943727411754159833114,4,6216552752840118894620,5,11
large_integer,25510,4943727411754159833116,4,6244222868950683222044,5,13
large_integer,25511,4952950783791014608924,4,6253446240987537997852,5,13
large_integer,25512,4934504039717305057308,4,6207329380803264118814,5,11
large_integer,25513,4943727411754159833116,4,6216552752840118894622,5,11
large_integer,25514,4943727411754159833118,4,6244222868950683222046,5,13
large_integer,25515,4952950783791014608926,4,6253446240987537997854,5,13
large_integer,25516,4943727411754159833120,4,6216552752840118894626,5,11
large_integer,25517,4952950783791014608928,4,6225776124876973670434,5,11
large_integer,25518,4952950783791014608930,4,6253446240987537997858,5,13
large_integer,25519,4962174155827869384738,4,6262669613024392773666,5,13
large_integer,25520,3717018930852474650646,3,4989844271938433712152,4,11
large_integer,25521,4943727411754159833110,4,6216552752840118894616,5,11
large_integer,25522,4943727411754159833112,4,5026737760085852815384,4,13
large_integer,25523,4952950783791014608920,4,6253446240987537997848,5,13
large_integer,25524,4943727411754159833114,4,6216552752840118894620,5,11
large_integer,25525,4952950783791014608922,4,6225776124876973670428,5,11
large_integer,25526,4952950783791014608924,4,6253446240987537997852,5,13
large_integer,25527,4962174155827869384732,4,6262669613024392773660,5,13
large_integer,25528,4943727411754159833116,4,6216552752840118894622,5,11
large_integer,25529,4952950783791014608924,4,6225776124876973670430,5,11
large_integer,25530,4952950783791014608926,4,6253446240987537997854,5,13
large_integer,25531,4962174155827869384734,4,6262669613024392773662,5,13
large_integer,25532,4952950783791014608928,4,6225776124876973670434,5,11
large_integer,25533,4962174155827869384736,4,6234999496913828446242,5,11
large_integer,25534,4962174155827869384738,4,6262669613024392773666,5,13
large_integer,25535,4971397527864724160546,4,6271892985061247549474,5,13
large_integer,25536,3707795558815619874840,3,4952950783791014608923,4,9
large_integer,25537,4934504039717305057304,4,6179659264692699791387,5,9
large_integer,25538,4934504039717305057306,4,6179659264692699791389,5,9
large_integer,25539,4943727411754159833114,4,6188882636729554567197,5,9
large_integer,25540,4934504039717305057308,4,6179659264692699791391,5,9
large_integer,25541,4943727411754159833116,4,6188882636729554567199,5,9
large_integer,25542,4943727411754159833118,4,6188882636729554567201,5,9
large_integer,25543,4952950783791014608926,4,6198106008766409343009,5,9
large_integer,25544,4934504039717305057310,4,6179659264692699791393,5,9
large_integer,25545,4943727411754159833118,4,6188882636729554567201,5,9
large_integer,25546,4943727411754159833120,4,6188882636729554567203,5,9
large_integer,25547,4952950783791014608928,4,6198106008766409343011,5,9
large_integer,25548,4943727411754159833122,4,6188882636729554567205,5,9
large_integer,25549,4952950783791014608930,4,6198106008766409343013,5,9
large_integer,25550,4952950783791014608932,4,6198106008766409343015,5,9
large_integer,25551,4962174155827869384740,4,6207329380803264118823,5,9
large_integer,25552,3717018930852474650648,3,4962174155827869384731,4,9
large_integer,25553,4943727411754159833112,4,6188882636729554567195,5,9
large_integer,25554,4943727411754159833114,4,6188882636729554567197,5,9
large_integer,25555,4952950783791014608922,4,6198106008766409343005,5,9
large_integer,25556,4943727411754159833116,4,6188882636729554567199,5,9
large_integer,25557,4952950783791014608924,4,6198106008766409343007,5,9
large_integer,25558,4952950783791014608926,4,6198106008766409343009,5,9
large_integer,25559,4962174155827869384734,4,6207329380803264118817,5,9
large_integer,25560,4943727411754159833118,4,6188882636729554567201,5,9
large_integer,25561,4952950783791014608926,4,6198106008766409343009,5,9
large_integer,25562,4952950783791014608928,4,6198106008766409343011,5,9
large_integer,25563,4962174155827869384736,4,6207329380803264118819,5,9
large_integer,25564,4952950783791014608930,4,6198106008766409343013,5,9
large_integer,25565,4962174155827869384738,4,6207329380803264118821,5,9
large_integer,25566,4962174155827869384740,4,6207329380803264118823,5,9
large_integer,25567,4971397527864724160548,4,6216552752840118894631,5,9
large_integer,25568,3717018930852474650650,3,4989844271938433712156,4,11
large_integer,25569,4943727411754159833114,4,6216552752840118894620,5,11
large_integer,25570,4943727411754159833116,4,5026737760085852815388,4,13
large_integer,25571,4952950783791014608924,4,6253446240987537997852,5,13
large_integer,25572,4943727411754159833118,4,6216552752840118894624,5,11
large_integer,25573,4952950783791014608926,4,6225776124876973670432,5,11
large_integer,25574,4952950783791014608928,4,6253446240987537997856,5,13
large_integer,25575,4962174155827869384736,4,6262669613024392773664,5,13
large_integer,25576,4943727411754159833120,4,6216552752840118894626,5,11
large_integer,25577,4952950783791014608928,4,6225776124876973670434,5,11
large_integer,25578,4952950783791014608930,4,6253446240987537997858,5,13
large_integer,25579,4962174155827869384738,4,6262669613024392773666,5,13
large_integer,25580,4952950783791014608932,4,6225776124876973670438,5,11
large_integer,25581,4962174155827869384740,4,6234999496913828446246,5,11
large_integer,25582,4962174155827869384742,4,6262669613024392773670,5,13
large_integer,25583,4971397527864724160550,4,6271892985061247549478,5,13
large_integer,25584,3726242302889329426458,3,4999067643975288487964,4,11
large_integer,25585,4952950783791014608922,4,6225776124876973670428,5,11
large_integer,25586,4952950783791014608924,4,5035961132122707591196,4,13
large_integer,25587,4962174155827869384732,4,6262669613024392773660,5,13
large_integer,25588,4952950783791014608926,4,6225776124876973670432,5,11
large_integer,25589,4962174155827869384734,4,6234999496913828446240,5,11
large_integer,25590,4962174155827869384736,4,6262669613024392773664,5,13
large_integer,25591,4971397527864724160544,4,6271892985061247549472,5,13
large_integer,25592,4952950783791014608928,4,6225776124876973670434,5,11
large_integer,25593,4962174155827869384736,4,6234999496913828446242,5,11
large_integer,25594,4962174155827869384738,4,6262669613024392773666,5,13
large_integer,25595,4971397527864724160546,4,6271892985061247549474,5,13
large_integer,25596,4962174155827869384740,4,6234999496913828446246,5,11
large_integer,25597,4971397527864724160548,4,6244222868950683222054,5,11
large_integer,25598,4971397527864724160550,4,6271892985061247549478,5,13
large_integer,25599,4980620899901578936358,4,6281116357098102325286,5,13
large_integer,25600,2462640333840225140751,2,2490310449950789468174,2,9
large_integer,25601,3689348814741910323215,3,3717018930852474650638,3,9
large_integer,25602,3689348814741910323217,3,3717018930852474650640,3,9
large_integer,25603,3698572186778765099025,3,3726242302889329426448,3,9
large_integer,25604,3689348814741910323219,3,3717018930852474650642,3,9
large_integer,25605,3698572186778765099027,3,3726242302889329426450,3,9
large_integer,25606,3698572186778765099029,3,3726242302889329426452,3,9
large_integer,25607,3707795558815619874837,3,3735465674926184202260,3,9
large_integer,25608,3689348814741910323221,3,3717018930852474650644,3,9
large_integer,25609,3698572186778765099029,3,3726242302889329426452,3,9
large_integer,25610,3698572186778765099031,3,3726242302889329426454,3,9
large_integer,25611,3707795558815619874839,3,3735465674926184202262,3,9
large_integer,25612,3698572186778765099033,3,3726242302889329426456,3,9
large_integer,25613,3707795558815619874841,3,3735465674926184202264,3,9
large_integer,25614,3707795558815619874843,3,3735465674926184202266,3,9
large_integer,25615,3717018930852474650651,3,3744689046963038978074,3,9
large_integer,25616,3689348814741910323216,3,3717018930852474650639,3,9
large_integer,25617,4916057295643595505680,4,4943727411754159833103,4,9
large_integer,25618,4916057295643595505682,4,4943727411754159833105,4,9
large_integer,25619,4925280667680450281490,4,4952950783791014608913,4,9
large_integer,25620,4916057295643595505684,4,4943727411754159833107,4,9
large_integer,25621,4925280667680450281492,4,4952950783791014608915,4,9
large_integer,25622,4925280667680450281494,4,4952950783791014608917,4,9
large_integer,25623,4934504039717305057302,4,4962174155827869384725,4,9
large_integer,25624,4916057295643595505686,4,4943727411754159833109,4,9
large_integer,25625,4925280667680450281494,4,4952950783791014608917,4,9
large_integer,25626,4925280667680450281496,4,4952950783791014608919,4,9
large_integer,25627,4934504039717305057304,4,4962174155827869384727,4,9
large_integer,25628,4925280667680450281498,4,4952950783791014608921,4,9
large_integer,25629,4934504039717305057306,4,4962174155827869384729,4,9
large_integer,25630,4934504039717305057308,4,4962174155827869384731,4,9
large_integer,25631,4943727411754159833116,4,4971397527864724160539,4,9
large_integer,25632,3689348814741910323218,3,3717018930852474650641,3,9
large_integer,25633,4916057295643595505682,4,4943727411754159833105,4,9
large_integer,25634,4916057295643595505684,4,4943727411754159833107,4,9
large_integer,25635,4925280667680450281492,4,4952950783791014608915,4,9
large_integer,25636,4916057295643595505686,4,4943727411754159833109,4,9
large_integer,25637,4925280667680450281494,4,4952950783791014608917,4,9
large_integer,25638,4925280667680450281496,4,4952950783791014608919,4,9
large_integer,25639,4934504039717305057304,4,4962174155827869384727,4,9
large_integer,25640,4916057295643595505688,4,4943727411754159833111,4,9
large_integer,25641,4925280667680450281496,4,4952950783791014608919,4,9
large_integer,25642,4925280667680450281498,4,4952950783791014608921,4,9
large_integer,25643,4934504039717305057306,4,4962174155827869384729,4,9
large_integer,25644,4925280667680450281500,4,4952950783791014608923,4,9
large_integer,25645,4934504039717305057308,4,4962174155827869384731,4,9
large_integer,25646,4934504039717305057310,4,4962174155827869384733,4,9
large_integer,25647,4943727411754159833118,4,4971397527864724160541,4,9
large_integer,25648,3698572186778765099026,3,3726242302889329426449,3,9
large_integer,25649,4925280667680450281490,4,4952950783791014608913,4,9
large_integer,25650,4925280667680450281492,4,4952950783791014608915,4,9
large_integer,25651,4934504039717305057300,4,4962174155827869384723,4,9
large_integer,25652,4925280667680450281494,4,4952950783791014608917,4,9
large_integer,25653,4934504039717305057302,4,4962174155827869384725,4,9
large_integer,25654,4934504039717305057304,4,4962174155827869384727,4,9
large_integer,25655,4943727411754159833112,4,4971397527864724160535,4,9
large_integer,25656,4925280667680450281496,4,4952950783791014608919,4,9
large_integer,25657,4934504039717305057304,4,4962174155827869384727,4,9
large_integer,25658,4934504039717305057306,4,4962174155827869384729,4,9
large_integer,25659,4943727411754159833114,4,4971397527864724160537,4,9
large_integer,25660,4934504039717305057308,4,4962174155827869384731,4,9
large_integer,25661,4943727411754159833116,4,4971397527864724160539,4,9
large_integer,25662,4943727411754159833118,4,4971397527864724160541,4,9
large_integer,25663,4952950783791014608926,4,4980620899901578936349,4,9
large_integer,25664,2527203938098208571407,2,2527203938098208571407,2,11
large_integer,25665,3753912418999893753871,3,3753912418999893753871,3,11
large_integer,25666,3753912418999893753873,3,3753912418999893753873,3,11
large_integer,25667,3763135791036748529681,3,3763135791036748529681,3,11
large_integer,25668,2564097426245627674639,2,2564097426245627674639,2,13
large_integer,25669,3763135791036748529683,3,3790805907147312857103,3,13
large_integer,25670,3763135791036748529685,3,3790805907147312857105,3,13
large_integer,25671,3772359163073603305493,3,3800029279184167632913,3,13
large_integer,25672,3753912418999893753877,3,3753912418999893753877,3,11
large_integer,25673,3763135791036748529685,3,3763135791036748529685,3,11
large_integer,25674,3763135791036748529687,3,3763135791036748529687,3,11
large_integer,25675,3772359163073603305495,3,3772359163073603305495,3,11
large_integer,25676,3763135791036748529689,3,3790805907147312857109,3,13
large_integer,25677,3772359163073603305497,3,3800029279184167632917,3,13
large_integer,25678,3772359163073603305499,3,3800029279184167632919,3,13
large_integer,25679,3781582535110458081307,3,3809252651221022408727,3,13
large_integer,25680,3698572186778765099028,3,3753912418999893753872,3,11
large_integer,25681,4925280667680450281492,4,4980620899901578936336,4,11
large_integer,25682,4925280667680450281494,4,4980620899901578936338,4,11
large_integer,25683,4934504039717305057302,4,4989844271938433712146,4,11
large_integer,25684,3790805907147312857104,3,3790805907147312857104,3,13
large_integer,25685,4934504039717305057304,4,5017514388048998039568,4,13
large_integer,25686,4934504039717305057306,4,5017514388048998039570,4,13
large_integer,25687,4943727411754159833114,4,5026737760085852815378,4,13
large_integer,25688,4925280667680450281498,4,4980620899901578936342,4,11
large_integer,25689,4934504039717305057306,4,4989844271938433712150,4,11
large_integer,25690,4934504039717305057308,4,4989844271938433712152,4,11
large_integer,25691,4943727411754159833116,4,4999067643975288487960,4,11
large_integer,25692,4934504039717305057310,4,5017514388048998039574,4,13
large_integer,25693,4943727411754159833118,4,5026737760085852815382,4,13
large_integer,25694,4943727411754159833120,4,5026737760085852815384,4,13
large_integer,25695,4952950783791014608928,4,5035961132122707591192,4,13
large_integer,25696,3698572186778765099030,3,3753912418999893753874,3,11
large_integer,25697,4925280667680450281494,4,4980620899901578936338,4,11
large_integer,25698,4925280667680450281496,4,4980620899901578936340,4,11
large_integer,25699,4934504039717305057304,4,4989844271938433712148,4,11
large_integer,25700,3790805907147312857106,3,3790805907147312857106,3,13
large_integer,25701,4934504039717305057306,4,5017514388048998039570,4,13
large_integer,25702,4934504039717305057308,4,5017514388048998039572,4,13
large_integer,25703,4943727411754159833116,4,5026737760085852815380,4,13
large_integer,25704,4925280667680450281500,4,4980620899901578936344,4,11
large_integer,25705,4934504039717305057308,4,4989844271938433712152,4,11
large_integer,25706,4934504039717305057310,4,4989844271938433712154,4,11
large_integer,25707,4943727411754159833118,4,4999067643975288487962,4,11
large_integer,25708,4934504039717305057312,4,5017514388048998039576,4,13
large_integer,25709,4943727411754159833120,4,5026737760085852815384,4,13
large_integer,25710,4943727411754159833122,4,5026737760085852815386,4,13
large_integer,25711,4952950783791014608930,4,5035961132122707591194,4,13
large_integer,25712,3707795558815619874838,3,3763135791036748529682,3,11
large_integer,25713,4934504039717305057302,4,4989844271938433712146,4,11
large_integer,25714,4934504039717305057304,4,4989844271938433712148,4,11
large_integer,25715,4943727411754159833112,4,4999067643975288487956,4,11
large_integer,25716,3800029279184167632914,3,3800029279184167632914,3,13
large_integer,25717,4943727411754159833114,4,5026737760085852815378,4,13
large_integer,25718,4943727411754159833116,4,5026737760085852815380,4,13
large_integer,25719,4952950783791014608924,4,5035961132122707591188,4,13
large_integer,25720,4934504039717305057308,4,4989844271938433712152,4,11
large_integer,25721,4943727411754159833116,4,4999067643975288487960,4,11
large_integer,25722,4943727411754159833118,4,4999067643975288487962,4,11
large_integer,25723,4952950783791014608926,4,5008291016012143263770,4,11
large_integer,25724,4943727411754159833120,4,5026737760085852815384,4,13
large_integer,25725,4952950783791014608928,4,5035961132122707591192,4,13
large_integer,25726,4952950783791014608930,4,5035961132122707591194,4,13
large_integer,25727,4962174155827869384738,4,5045184504159562367002,4,13
large_integer,25728,3689348814741910323222,3,3717018930852474650645,3,9
large_integer,25729,4916057295643595505686,4,4943727411754159833109,4,9
large_integer,25730,4916057295643595505688,4,4943727411754159833111,4,9
large_integer,25731,4925280667680450281496,4,4952950783791014608919,4,9
large_integer,25732,4916057295643595505690,4,4943727411754159833113,4,9
large_integer,25733,4925280667680450281498,4,4952950783791014608921,4,9
large_integer,25734,4925280667680450281500,4,4952950783791014608923,4,9
large_integer,25735,4934504039717305057308,4,4962174155827869384731,4,9
large_integer,25736,4916057295643595505692,4,4943727411754159833115,4,9
large_integer,25737,4925280667680450281500,4,4952950783791014608923,4,9
large_integer,25738,4925280667680450281502,4,4952950783791014608925,4,9
large_integer,25739,4934504039717305057310,4,4962174155827869384733,4,9
large_integer,25740,4925280667680450281504,4,4952950783791014608927,4,9
large_integer,25741,4934504039717305057312,4,4962174155827869384735,4,9
large_integer,25742,4934504039717305057314,4,4962174155827869384737,4,9
large_integer,25743,4943727411754159833122,4,4971397527864724160545,4,9
large_integer,25744,3698572186778765099030,3,3726242302889329426453,3,9
large_integer,25745,4925280667680450281494,4,4952950783791014608917,4,9
large_integer,25746,4925280667680450281496,4,4952950783791014608919,4,9
large_integer,25747,4934504039717305057304,4,4962174155827869384727,4,9
large_integer,25748,4925280667680450281498,4,4952950783791014608921,4,9
large_integer,25749,4934504039717305057306,4,4962174155827869384729,4,9
large_integer,25750,4934504039717305057308,4,4962174155827869384731,4,9
large_integer,25751,4943727411754159833116,4,4971397527864724160539,4,9
large_integer,25752,4925280667680450281500,4,4952950783791014608923,4,9
large_integer,25753,4934504039717305057308,4,4962174155827869384731,4,9
large_integer,25754,4934504039717305057310,4,4962174155827869384733,4,9
large_integer,25755,4943727411754159833118,4,4971397527864724160541,4,9
large_integer,25756,4934504039717305057312,4,4962174155827869384735,4,9
large_integer,25757,4943727411754159833120,4,4971397527864724160543,4,9
large_integer,25758,4943727411754159833122,4,4971397527864724160545,4,9
large_integer,25759,4952950783791014608930,4,4980620899901578936353,4,9
large_integer,25760,3698572186778765099032,3,3726242302889329426455,3,9
large_integer,25761,4925280667680450281496,4,4952950783791014608919,4,9
large_integer,25762,4925280667680450281498,4,4952950783791014608921,4,9
large_integer,25763,4934504039717305057306,4,4962174155827869384729,4,9
large_integer,25764,4925280667680450281500,4,4952950783791014608923,4,9
large_integer,25765,4934504039717305057308,4,4962174155827869384731,4,9
large_integer,25766,4934504039717305057310,4,4962174155827869384733,4,9
large_integer,25767,4943727411754159833118,4,4971397527864724160541,4,9
large_integer,25768,4925280667680450281502,4,4952950783791014608925,4,9
large_integer,25769,4934504039717305057310,4,4962174155827869384733,4,9
large_integer,25770,4934504039717305057312,4,4962174155827869384735,4,9
large_integer,25771,4943727411754159833120,4,4971397527864724160543,4,9
large_integer,25772,4934504039717305057314,4,4962174155827869384737,4,9
large_integer,25773,4943727411754159833122,4,4971397527864724160545,4,9
large_integer,25774,4943727411754159833124,4,4971397527864724160547,4,9
large_integer,25775,4952950783791014608932,4,4980620899901578936355,4,9
large_integer,25776,3707795558815619874840,3,3735465674926184202263,3,9
large_integer,25777,4934504039717305057304,4,4962174155827869384727,4,9
large_integer,25778,4934504039717305057306,4,4962174155827869384729,4,9
large_integer,25779,4943727411754159833114,4,4971397527864724160537,4,9
large_integer,25780,4934504039717305057308,4,4962174155827869384731,4,9
large_integer,25781,4943727411754159833116,4,4971397527864724160539,4,9
large_integer,25782,4943727411754159833118,4,4971397527864724160541,4,9
large_integer,25783,4952950783791014608926,4,4980620899901578936349,4,9
large_integer,25784,4934504039717305057310,4,4962174155827869384733,4,9
large_integer,25785,4943727411754159833118,4,4971397527864724160541,4,9
large_integer,25786,4943727411754159833120,4,4971397527864724160543,4,9
large_integer,25787,4952950783791014608928,4,4980620899901578936351,4,9
large_integer,25788,4943727411754159833122,4,4971397527864724160545,4,9
large_integer,25789,4952950783791014608930,4,4980620899901578936353,4,9
large_integer,25790,4952950783791014608932,4,4980620899901578936355,4,9
large_integer,25791,4962174155827869384740,4,4989844271938433712163,4,9
large_integer,25792,3698572186778765099034,3,3753912418999893753878,3,11
large_integer,25793,4925280667680450281498,4,4980620899901578936342,4,11
large_integer,25794,4925280667680450281500,4,4980620899901578936344,4,11
large_integer,25795,4934504039717305057308,4,4989844271938433712152,4,11
large_integer,25796,3790805907147312857110,3,3790805907147312857110,3,13
large_integer,25797,4934504039717305057310,4,5017514388048998039574,4,13
large_integer,25798,4934504039717305057312,4,5017514388048998039576,4,13
large_integer,25799,4943727411754159833120,4,5026737760085852815384,4,13
large_integer,25800,4925280667680450281504,4,4980620899901578936348,4,11
large_integer,25801,4934504039717305057312,4,4989844271938433712156,4,11
large_integer,25802,4934504039717305057314,4,4989844271938433712158,4,11
large_integer,25803,4943727411754159833122,4,4999067643975288487966,4,11
large_integer,25804,4934504039717305057316,4,5017514388048998039580,4,13
large_integer,25805,4943727411754159833124,4,5026737760085852815388,4,13
large_integer,25806,4943727411754159833126,4,5026737760085852815390,4,13
large_integer,25807,4952950783791014608934,4,5035961132122707591198,4,13
large_integer,25808,3707795558815619874842,3,3763135791036748529686,3,11
large_integer,25809,4934504039717305057306,4,4989844271938433712150,4,11
large_integer,25810,4934504039717305057308,4,4989844271938433712152,4,11
large_integer,25811,4943727411754159833116,4,4999067643975288487960,4,11
large_integer,25812,3800029279184167632918,3,3800029279184167632918,3,13
large_integer,25813,4943727411754159833118,4,5026737760085852815382,4,13
large_integer,25814,4943727411754159833120,4,5026737760085852815384,4,13
large_integer,25815,4952950783791014608928,4,5035961132122707591192,4,13
large_integer,25816,4934504039717305057312,4,4989844271938433712156,4,11
large_integer,25817,4943727411754159833120,4,4999067643975288487964,4,11
large_integer,25818,4943727411754159833122,4,4999067643975288487966,4,11
large_integer,25819,4952950783791014608930,4,5008291016012143263774,4,11
large_integer,25820,4943727411754159833124,4,5026737760085852815388,4,13
large_integer,25821,4952950783791014608932,4,5035961132122707591196,4,13
large_integer,25822,4952950783791014608934,4,5035961132122707591198,4,13
large_integer,25823,4962174155827869384742,4,5045184504159562367006,4,13
large_integer,25824,3707795558815619874844,3,3763135791036748529688,3,11
large_integer,25825,4934504039717305057308,4,4989844271938433712152,4,11
large_integer,25826,4934504039717305057310,4,4989844271938433712154,4,11
large_integer,25827,4943727411754159833118,4,4999067643975288487962,4,11
large_integer,25828,3800029279184167632920,3,3800029279184167632920,3,13
large_integer,25829,4943727411754159833120,4,5026737760085852815384,4,13
large_integer,25830,4943727411754159833122,4,5026737760085852815386,4,13
large_integer,25831,4952950783791014608930,4,5035961132122707591194,4,13
large_integer,25832,4934504039717305057314,4,4989844271938433712158,4,11
large_integer,25833,4943727411754159833122,4,4999067643975288487966,4,11
large_integer,25834,4943727411754159833124,4,4999067643975288487968,4,11
large_integer,25835,4952950783791014608932,4,5008291016012143263776,4,11
large_integer,25836,4943727411754159833126,4,5026737760085852815390,4,13
large_integer,25837,4952950783791014608934,4,5035961132122707591198,4,13
large_integer,25838,4952950783791014608936,4,5035961132122707591200,4,13
large_integer,25839,4962174155827869384744,4,5045184504159562367008,4,13
large_integer,25840,3717018930852474650652,3,3772359163073603305496,3,11
large_integer,25841,4943727411754159833116,4,4999067643975288487960,4,11
large_integer,25842,4943727411754159833118,4,4999067643975288487962,4,11
large_integer,25843,4952950783791014608926,4,5008291016012143263770,4,11
large_integer,25844,3809252651221022408728,3,3809252651221022408728,3,13
large_integer,25845,4952950783791014608928,4,5035961132122707591192,4,13
large_integer,25846,4952950783791014608930,4,5035961132122707591194,4,13
large_integer,25847,4962174155827869384738,4,5045184504159562367002,4,13
large_integer,25848,4943727411754159833122,4,4999067643975288487966,4,11
large_integer,25849,4952950783791014608930,4,5008291016012143263774,4,11
large_integer,25850,4952950783791014608932,4,5008291016012143263776,4,11
large_integer,25851,4962174155827869384740,4,5017514388048998039584,4,11
large_integer,25852,4952950783791014608934,4,5035961132122707591198,4,13
large_integer,25853,4962174155827869384742,4,5045184504159562367006,4,13
large_integer,25854,4962174155827869384744,4,5045184504159562367008,4,13
large_integer,25855,4971397527864724160552,4,5054407876196417142816,4,13
large_integer,25856,2471863705877079916559,2,3717018930852474650640,3,9
large_integer,25857,3698572186778765099023,3,4943727411754159833104,4,9
large_integer,25858,3698572186778765099025,3,4943727411754159833106,4,9
large_integer,25859,3707795558815619874833,3,4952950783791014608914,4,9
large_integer,25860,3698572186778765099027,3,4943727411754159833108,4,9
large_integer,25861,3707795558815619874835,3,4952950783791014608916,4,9
large_integer,25862,3707795558815619874837,3,4952950783791014608918,4,9
large_integer,25863,3717018930852474650645,3,4962174155827869384726,4,9
large_integer,25864,3698572186778765099029,3,4943727411754159833110,4,9
large_integer,25865,3707795558815619874837,3,4952950783791014608918,4,9
large_integer,25866,3707795558815619874839,3,4952950783791014608920,4,9
large_integer,25867,3717018930852474650647,3,4962174155827869384728,4,9
large_integer,25868,3707795558815619874841,3,4952950783791014608922,4,9
large_integer,25869,3717018930852474650649,3,4962174155827869384730,4,9
large_integer,25870,3717018930852474650651,3,4962174155827869384732,4,9
large_integer,25871,3726242302889329426459,3,4971397527864724160540,4,9
large_integer,25872,3698572186778765099024,3,4943727411754159833105,4,9
large_integer,25873,4925280667680450281488,4,6170435892655845015569,5,9
large_integer,25874,4925280667680450281490,4,6170435892655845015571,5,9
large_integer,25875,4934504039717305057298,4,6179659264692699791379,5,9
large_integer,25876,4925280667680450281492,4,6170435892655845015573,5,9
large_integer,25877,4934504039717305057300,4,6179659264692699791381,5,9
large_integer,25878,4934504039717305057302,4,6179659264692699791383,5,9
large_integer,25879,4943727411754159833110,4,6188882636729554567191,5,9
large_integer,25880,4925280667680450281494,4,6170435892655845015575,5,9
large_integer,25881,4934504039717305057302,4,6179659264692699791383,5,9
large_integer,25882,4934504039717305057304,4,6179659264692699791385,5,9
large_integer,25883,4943727411754159833112,4,6188882636729554567193,5,9
large_integer,25884,4934504039717305057306,4,6179659264692699791387,5,9
large_integer,25885,4943727411754159833114,4,6188882636729554567195,5,9
large_integer,25886,4943727411754159833116,4,6188882636729554567197,5,9
large_integer,25887,4952950783791014608924,4,6198106008766409343005,5,9
large_integer,25888,3698572186778765099026,3,4943727411754159833107,4,9
large_integer,25889,4925280667680450281490,4,6170435892655845015571,5,9
large_integer,25890,4925280667680450281492,4,6170435892655845015573,5,9
large_integer,25891,4934504039717305057300,4,6179659264692699791381,5,9
large_integer,25892,4925280667680450281494,4,6170435892655845015575,5,9
large_integer,25893,4934504039717305057302,4,6179659264692699791383,5,9
large_integer,25894,4934504039717305057304,4,6179659264692699791385,5,9
large_integer,25895,4943727411754159833112,4,6188882636729554567193,5,9
large_integer,25896,4925280667680450281496,4,6170435892655845015577,5,9
large_integer,25897,4934504039717305057304,4,6179659264692699791385,5,9
large_integer,25898,4934504039717305057306,4,6179659264692699791387,5,9
large_integer,25899,4943727411754159833114,4,6188882636729554567195,5,9
large_integer,25900,4934504039717305057308,4,6179659264692699791389,5,9
large_integer,25901,4943727411754159833116,4,6188882636729554567197,5,9
large_integer,25902,4943727411754159833118,4,6188882636729554567199,5,9
large_integer,25903,4952950783791014608926,4,6198106008766409343007,5,9
large_integer,25904,3707795558815619874834,3,4952950783791014608915,4,9
large_integer,25905,4934504039717305057298,4,6179659264692699791379,5,9
large_integer,25906,4934504039717305057300,4,6179659264692699791381,5,9
large_integer,25907,4943727411754159833108,4,6188882636729554567189,5,9
large_integer,25908,4934504039717305057302,4,6179659264692699791383,5,9
large_integer,25909,4943727411754159833110,4,6188882636729554567191,5,9
large_integer,25910,4943727411754159833112,4,6188882636729554567193,5,9
large_integer,25911,4952950783791014608920,4,6198106008766409343001,5,9
large_integer,25912,4934504039717305057304,4,6179659264692699791385,5,9
large_integer,25913,4943727411754159833112,4,6188882636729554567193,5,9
large_integer,25914,4943727411754159833114,4,6188882636729554567195,5,9
large_integer,25915,4952950783791014608922,4,6198106008766409343003,5,9
large_integer,25916,4943727411754159833116,4,6188882636729554567197,5,9
large_integer,25917,4952950783791014608924,4,6198106008766409343005,5,9
large_integer,25918,4952950783791014608926,4,6198106008766409343007,5,9
large_integer,25919,4962174155827869384734,4,6207329380803264118815,5,9
large_integer,25920,3698572186778765099028,3,3753912418999893753873,3,11
large_integer,25921,4925280667680450281492,4,4980620899901578936337,4,11
large_integer,25922,4925280667680450281494,4,4980620899901578936339,4,11
large_integer,25923,4934504039717305057302,4,4989844271938433712147,4,11
large_integer,25924,3790805907147312857105,3,3790805907147312857105,3,13
large_integer,25925,4934504039717305057304,4,5017514388048998039569,4,13
large_integer,25926,4934504039717305057306,4,5017514388048998039571,4,13
large_integer,25927,4943727411754159833114,4,5026737760085852815379,4,13
large_integer,25928,4925280667680450281498,4,4980620899901578936343,4,11
large_integer,25929,4934504039717305057306,4,4989844271938433712151,4,11
large_integer,25930,4934504039717305057308,4,4989844271938433712153,4,11
large_integer,25931,4943727411754159833116,4,4999067643975288487961,4,11
large_integer,25932,4934504039717305057310,4,5017514388048998039575,4,13
large_integer,25933,4943727411754159833118,4,5026737760085852815383,4,13
large_integer,25934,4943727411754159833120,4,5026737760085852815385,4,13
large_integer,25935,4952950783791014608928,4,5035961132122707591193,4,13
large_integer,25936,3707795558815619874836,3,4980620899901578936338,4,11
large_integer,25937,4934504039717305057300,4,6207329380803264118802,5,11
large_integer,25938,4934504039717305057302,4,6207329380803264118804,5,11
large_integer,25939,4943727411754159833110,4,6216552752840118894612,5,11
large_integer,25940,4934504039717305057304,4,5017514388048998039570,4,13
large_integer,25941,4943727411754159833112,4,6244222868950683222034,5,13
large_integer,25942,4943727411754159833114,4,6244222868950683222036,5,13
large_integer,25943,4952950783791014608922,4,6253446240987537997844,5,13
large_integer,25944,4934504039717305057306,4,6207329380803264118808,5,11
large_integer,25945,4943727411754159833114,4,6216552752840118894616,5,11
large_integer,25946,4943727411754159833116,4,6216552752840118894618,5,11
large_integer,25947,4952950783791014608924,4,6225776124876973670426,5,11
large_integer,25948,4943727411754159833118,4,6244222868950683222040,5,13
large_integer,25949,4952950783791014608926,4,6253446240987537997848,5,13
large_integer,25950,4952950783791014608928,4,6253446240987537997850,5,13
large_integer,25951,4962174155827869384736,4,6262669613024392773658,5,13
large_integer,25952,3707795558815619874838,3,4980620899901578936340,4,11
large_integer,25953,4934504039717305057302,4,6207329380803264118804,5,11
large_integer,25954,4934504039717305057304,4,6207329380803264118806,5,11
large_integer,25955,4943727411754159833112,4,6216552752840118894614,5,11
large_integer,25956,4934504039717305057306,4,5017514388048998039572,4,13
large_integer,25957,4943727411754159833114,4,6244222868950683222036,5,13
large_integer,25958,4943727411754159833116,4,6244222868950683222038,5,13
large_integer,25959,4952950783791014608924,4,6253446240987537997846,5,13
large_integer,25960,4934504039717305057308,4,6207329380803264118810,5,11
large_integer,25961,4943727411754159833116,4,6216552752840118894618,5,11
large_integer,25962,4943727411754159833118,4,6216552752840118894620,5,11
large_integer,25963,4952950783791014608926,4,6225776124876973670428,5,11
large_integer,25964,4943727411754159833120,4,6244222868950683222042,5,13
large_integer,25965,4952950783791014608928,4,6253446240987537997850,5,13
large_integer,25966,4952950783791014608930,4,6253446240987537997852,5,13
large_integer,25967,4962174155827869384738,4,6262669613024392773660,5,13
large_integer,25968,3717018930852474650646,3,4989844271938433712148,4,11
large_integer,25969,4943727411754159833110,4,6216552752840118894612,5,11
large_integer,25970,4943727411754159833112,4,6216552752840118894614,5,11
large_integer,25971,4952950783791014608920,4,6225776124876973670422,5,11
large_integer,25972,4943727411754159833114,4,5026737760085852815380,4,13
large_integer,25973,4952950783791014608922,4,6253446240987537997844,5,13
large_integer,25974,4952950783791014608924,4,6253446240987537997846,5,13
large_integer,25975,4962174155827869384732,4,6262669613024392773654,5,13
large_integer,25976,4943727411754159833116,4,6216552752840118894618,5,11
large_integer,25977,4952950783791014608924,4,6225776124876973670426,5,11
large_integer,25978,4952950783791014608926,4,6225776124876973670428,5,11
large_integer,25979,4962174155827869384734,4,6234999496913828446236,5,11
large_integer,25980,4952950783791014608928,4,6253446240987537997850,5,13
large_integer,25981,4962174155827869384736,4,6262669613024392773658,5,13
large_integer,25982,4962174155827869384738,4,6262669613024392773660,5,13
large_integer,25983,4971397527864724160546,4,6271892985061247549468,5,13
large_integer,25984,3698572186778765099030,3,4943727411754159833111,4,9
large_integer,25985,4925280667680450281494,4,6170435892655845015575,5,9
large_integer,25986,4925280667680450281496,4,6170435892655845015577,5,9
large_integer,25987,4934504039717305057304,4,6179659264692699791385,5,9
large_integer,25988,4925280667680450281498,4,6170435892655845015579,5,9
large_integer,25989,4934504039717305057306,4,6179659264692699791387,5,9
large_integer,25990,4934504039717305057308,4,6179659264692699791389,5,9
large_integer,25991,4943727411754159833116,4,6188882636729554567197,5,9
large_integer,25992,4925280667680450281500,4,6170435892655845015581,5,9
large_integer,25993,4934504039717305057308,4,6179659264692699791389,5,9
large_integer,25994,4934504039717305057310,4,6179659264692699791391,5,9
large_integer,25995,4943727411754159833118,4,6188882636729554567199,5,9
large_integer,25996,4934504039717305057312,4,6179659264692699791393,5,9
large_integer,25997,4943727411754159833120,4,6188882636729554567201,5,9
large_integer,25998,4943727411754159833122,4,6188882636729554567203,5,9
large_integer,25999,4952950783791014608930,4,6198106008766409343011,5,9
large_integer,26000,3707795558815619874838,3,4952950783791014608919,4,9
large_integer,26001,4934504039717305057302,4,6179659264692699791383,5,9
large_integer,26002,4934504039717305057304,4,6179659264692699791385,5,9
large_integer,26003,4943727411754159833112,4,6188882636729554567193,5,9
large_integer,26004,4934504039717305057306,4,6179659264692699791387,5,9
large_integer,26005,4943727411754159833114,4,6188882636729554567195,5,9
large_integer,26006,4943727411754159833116,4,6188882636729554567197,5,9
large_integer,26007,4952950783791014608924,4,6198106008766409343005,5,9
large_integer,26008,4934504039717305057308,4,6179659264692699791389,5,9
large_integer,26009,4943727411754159833116,4,6188882636729554567197,5,9
large_integer,26010,4943727411754159833118,4,6188882636729554567199,5,9
large_integer,26011,4952950783791014608926,4,6198106008766409343007,5,9
large_integer,26012,4943727411754159833120,4,6188882636729554567201,5,9
large_integer,26013,4952950783791014608928,4,6198106008766409343009,5,9
large_integer,26014,4952950783791014608930,4,6198106008766409343011,5,9
large_integer,26015,4962174155827869384738,4,6207329380803264118819,5,9
large_integer,26016,3707795558815619874840,3,4952950783791014608921,4,9
large_integer,26017,4934504039717305057304,4,6179659264692699791385,5,9
large_integer,26018,4934504039717305057306,4,6179659264692699791387,5,9
large_integer,26019,4943727411754159833114,4,6188882636729554567195,5,9
large_integer,26020,4934504039717305057308,4,6179659264692699791389,5,9
large_integer,26021,4943727411754159833116,4,6188882636729554567197,5,9
large_integer,26022,4943727411754159833118,4,6188882636729554567199,5,9
large_integer,26023,4952950783791014608926,4,6198106008766409343007,5,9
large_integer,26024,4934504039717305057310,4,6179659264692699791391,5,9
large_integer,26025,4943727411754159833118,4,6188882636729554567199,5,9
large_integer,26026,4943727411754159833120,4,6188882636729554567201,5,9
large_integer,26027,4952950783791014608928,4,6198106008766409343009,5,9
large_integer,26028,4943727411754159833122,4,6188882636729554567203,5,9
large_integer,26029,4952950783791014608930,4,6198106008766409343011,5,9
large_integer,26030,4952950783791014608932,4,6198106008766409343013,5,9
large_integer,26031,4962174155827869384740,4,6207329380803264118821,5,9
large_integer,26032,3717018930852474650648,3,4962174155827869384729,4,9
large_integer,26033,4943727411754159833112,4,6188882636729554567193,5,9
large_integer,26034,4943727411754159833114,4,6188882636729554567195,5,9
large_integer,26035,4952950783791014608922,4,6198106008766409343003,5,9
large_integer,26036,4943727411754159833116,4,6188882636729554567197,5,9
large_integer,26037,4952950783791014608924,4,6198106008766409343005,5,9
large_integer,26038,4952950783791014608926,4,6198106008766409343007,5,9
large_integer,26039,4962174155827869384734,4,6207329380803264118815,5,9
large_integer,26040,4943727411754159833118,4,6188882636729554567199,5,9
large_integer,26041,4952950783791014608926,4,6198106008766409343007,5,9
large_integer,26042,4952950783791014608928,4,6198106008766409343009,5,9
large_integer,26043,4962174155827869384736,4,6207329380803264118817,5,9
large_integer,26044,4952950783791014608930,4,6198106008766409343011,5,9
large_integer,26045,4962174155827869384738,4,6207329380803264118819,5,9
large_integer,26046,4962174155827869384740,4,6207329380803264118821,5,9
large_integer,26047,4971397527864724160548,4,6216552752840118894629,5,9
large_integer,26048,3707795558815619874842,3,4980620899901578936344,4,11
large_integer,26049,4934504039717305057306,4,6207329380803264118808,5,11
large_integer,26050,4934504039717305057308,4,6207329380803264118810,5,11
large_integer,26051,4943727411754159833116,4,6216552752840118894618,5,11
large_integer,26052,4934504039717305057310,4,5017514388048998039576,4,13
large_integer,26053,4943727411754159833118,4,6244222868950683222040,5,13
large_integer,26054,4943727411754159833120,4,6244222868950683222042,5,13
large_integer,26055,4952950783791014608928,4,6253446240987537997850,5,13
large_integer,26056,4934504039717305057312,4,6207329380803264118814,5,11
large_integer,26057,4943727411754159833120,4,6216552752840118894622,5,11
large_integer,26058,4943727411754159833122,4,6216552752840118894624,5,11
large_integer,26059,4952950783791014608930,4,6225776124876973670432,5,11
large_integer,26060,4943727411754159833124,4,6244222868950683222046,5,13
large_integer,26061,4952950783791014608932,4,6253446240987537997854,5,13
large_integer,26062,4952950783791014608934,4,6253446240987537997856,5,13
large_integer,26063,4962174155827869384742,4,6262669613024392773664,5,13
large_integer,26064,3717018930852474650650,3,4989844271938433712152,4,11
large_integer,26065,4943727411754159833114,4,6216552752840118894616,5,11
large_integer,26066,4943727411754159833116,4,6216552752840118894618,5,11
large_integer,26067,4952950783791014608924,4,6225776124876973670426,5,11
large_integer,26068,4943727411754159833118,4,5026737760085852815384,4,13
large_integer,26069,4952950783791014608926,4,6253446240987537997848,5,13
large_integer,26070,4952950783791014608928,4,6253446240987537997850,5,13
large_integer,26071,4962174155827869384736,4,6262669613024392773658,5,13
large_integer,26072,4943727411754159833120,4,6216552752840118894622,5,11
large_integer,26073,4952950783791014608928,4,6225776124876973670430,5,11
large_integer,26074,4952950783791014608930,4,6225776124876973670432,5,11
large_integer,26075,4962174155827869384738,4,6234999496913828446240,5,11
large_integer,26076,4952950783791014608932,4,6253446240987537997854,5,13
large_integer,26077,4962174155827869384740,4,6262669613024392773662,5,13
large_integer,26078,4962174155827869384742,4,6262669613024392773664,5,13
large_integer,26079,4971397527864724160550,4,6271892985061247549472,5,13
large_integer,26080,3717018930852474650652,3,4989844271938433712154,4,11
large_integer,26081,4943727411754159833116,4,6216552752840118894618,5,11
large_integer,26082,4943727411754159833118,4,6216552752840118894620,5,11
large_integer,26083,4952950783791014608926,4,6225776124876973670428,5,11
large_integer,26084,4943727411754159833120,4,5026737760085852815386,4,13
large_integer,26085,4952950783791014608928,4,6253446240987537997850,5,13
large_integer,26086,4952950783791014608930,4,6253446240987537997852,5,13
large_integer,26087,4962174155827869384738,4,6262669613024392773660,5,13
large_integer,26088,4943727411754159833122,4,6216552752840118894624,5,11
large_integer,26089,4952950783791014608930,4,6225776124876973670432,5,11
large_integer,26090,4952950783791014608932,4,6225776124876973670434,5,11
large_integer,26091,4962174155827869384740,4,6234999496913828446242,5,11
large_integer,26092,4952950783791014608934,4,6253446240987537997856,5,13
large_integer,26093,4962174155827869384742,4,6262669613024392773664,5,13
large_integer,26094,4962174155827869384744,4,6262669613024392773666,5,13
large_integer,26095,4971397527864724160552,4,6271892985061247549474,5,13
large_integer,26096,3726242302889329426460,3,4999067643975288487962,4,11
large_integer,26097,4952950783791014608924,4,6225776124876973670426,5,11
large_integer,26098,4952950783791014608926,4,6225776124876973670428,5,11
large_integer,26099,4962174155827869384734,4,6234999496913828446236,5,11
large_integer,26100,4952950783791014608928,4,5035961132122707591194,4,13
large_integer,26101,4962174155827869384736,4,6262669613024392773658,5,13
large_integer,26102,4962174155827869384738,4,6262669613024392773660,5,13
large_integer,26103,4971397527864724160546,4,6271892985061247549468,5,13
large_integer,26104,4952950783791014608930,4,6225776124876973670432,5,11
large_integer,26105,4962174155827869384738,4,6234999496913828446240,5,11
large_integer,26106,4962174155827869384740,4,6234999496913828446242,5,11
large_integer,26107,4971397527864724160548,4,6244222868950683222050,5,11
large_integer,26108,4962174155827869384742,4,6262669613024392773664,5,13
large_integer,26109,4971397527864724160550,4,6271892985061247549472,5,13
large_integer,26110,4971397527864724160552,4,6271892985061247549474,5,13
large_integer,26111,4980620899901578936360,4,6281116357098102325282,5,13
large_integer,26112,1272825341085959061515,1,1272825341085959061515,1,9
large_integer,26113,2499533821987644243979,2,2499533821987644243979,2,9
large_integer,26114,2499533821987644243981,2,2499533821987644243981,2,9
large_integer,26115,2508757194024499019789,2,2508757194024499019789,2,9
large_integer,26116,2499533821987644243983,2,2499533821987644243983,2,9
large_integer,26117,2508757194024499019791,2,2508757194024499019791,2,9
large_integer,26118,2508757194024499019793,2,2508757194024499019793,2,9
large_integer,26119,2517980566061353795601,2,2517980566061353795601,2,9
large_integer,26120,2499533821987644243985,2,2499533821987644243985,2,9
large_integer,26121,2508757194024499019793,2,2508757194024499019793,2,9
large_integer,26122,2508757194024499019795,2,2508757194024499019795,2,9
large_integer,26123,2517980566061353795603,2,2517980566061353795603,2,9
large_integer,26124,2508757194024499019797,2,2508757194024499019797,2,9
large_integer,26125,2517980566061353795605,2,2517980566061353795605,2,9
large_integer,26126,2517980566061353795607,2,2517980566061353795607,2,9
large_integer,26127,2527203938098208571415,2,2527203938098208571415,2,9
large_integer,26128,2499533821987644243980,2,2499533821987644243980,2,9
large_integer,26129,3726242302889329426444,3,3726242302889329426444,3,9
large_integer,26130,3726242302889329426446,3,3726242302889329426446,3,9
large_integer,26131,3735465674926184202254,3,3735465674926184202254,3,9
large_integer,26132,3726242302889329426448,3,3726242302889329426448,3,9
large_integer,26133,3735465674926184202256,3,3735465674926184202256,3,9
large_integer,26134,3735465674926184202258,3,3735465674926184202258,3,9
large_integer,26135,3744689046963038978066,3,3744689046963038978066,3,9
large_integer,26136,3726242302889329426450,3,3726242302889329426450,3,9
large_integer,26137,3735465674926184202258,3,3735465674926184202258,3,9
large_integer,26138,3735465674926184202260,3,3735465674926184202260,3,9
large_integer,26139,3744689046963038978068,3,3744689046963038978068,3,9
large_integer,26140,3735465674926184202262,3,3735465674926184202262,3,9
large_integer,26141,3744689046963038978070,3,3744689046963038978070,3,9
large_integer,26142,3744689046963038978072,3,3744689046963038978072,3,9
large_integer,26143,3753912418999893753880,3,3753912418999893753880,3,9
large_integer,26144,2499533821987644243982,2,2564097426245627674641,2,13
large_integer,26145,3726242302889329426446,3,3790805907147312857105,3,13
large_integer,26146,2600990914393046777873,2,2600990914393046777873,2,15
large_integer,26147,3735465674926184202256,3,3827699395294731960337,3,15
large_integer,26148,3726242302889329426450,3,3790805907147312857109,3,13
large_integer,26149,3735465674926184202258,3,3800029279184167632917,3,13
large_integer,26150,3735465674926184202260,3,3827699395294731960341,3,15
large_integer,26151,3744689046963038978068,3,3836922767331586736149,3,15
large_integer,26152,3726242302889329426452,3,3790805907147312857111,3,13
large_integer,26153,3735465674926184202260,3,3800029279184167632919,3,13
large_integer,26154,3735465674926184202262,3,3827699395294731960343,3,15
large_integer,26155,3744689046963038978070,3,3836922767331586736151,3,15
large_integer,26156,3735465674926184202264,3,3800029279184167632923,3,13
large_integer,26157,3744689046963038978072,3,3809252651221022408731,3,13
large_integer,26158,3744689046963038978074,3,3836922767331586736155,3,15
large_integer,26159,3753912418999893753882,3,3846146139368441511963,3,15
large_integer,26160,2508757194024499019790,2,3790805907147312857106,3,13
large_integer,26161,3735465674926184202254,3,5017514388048998039570,4,13
large_integer,26162,3735465674926184202256,3,3827699395294731960338,3,15
large_integer,26163,3744689046963038978064,3,5054407876196417142802,4,15
large_integer,26164,3735465674926184202258,3,5017514388048998039574,4,13
large_integer,26165,3744689046963038978066,3,5026737760085852815382,4,13
large_integer,26166,3744689046963038978068,3,5054407876196417142806,4,15
large_integer,26167,3753912418999893753876,3,5063631248233271918614,4,15
large_integer,26168,3735465674926184202260,3,5017514388048998039576,4,13
large_integer,26169,3744689046963038978068,3,5026737760085852815384,4,13
large_integer,26170,3744689046963038978070,3,5054407876196417142808,4,15
large_integer,26171,3753912418999893753878,3,5063631248233271918616,4,15
large_integer,26172,3744689046963038978072,3,5026737760085852815388,4,13
large_integer,26173,3753912418999893753880,3,5035961132122707591196,4,13
large_integer,26174,3753912418999893753882,3,5063631248233271918620,4,15
large_integer,26175,3763135791036748529690,3,5072854620270126694428,4,15
large_integer,26176,2499533821987644243984,2,2564097426245627674641,2,13
large_integer,26177,3726242302889329426448,3,3790805907147312857105,3,13
large_integer,26178,3726242302889329426450,3,3790805907147312857107,3,13
large_integer,26179,3735465674926184202258,3,3800029279184167632915,3,13
large_integer,26180,2600990914393046777873,2,2600990914393046777873,2,15
large_integer,26181,3735465674926184202260,3,3827699395294731960337,3,15
large_integer,26182,3735465674926184202262,3,3827699395294731960339,3,15
large_integer,26183,3744689046963038978070,3,3836922767331586736147,3,15
large_integer,26184,3726242302889329426454,3,3790805907147312857111,3,13
large_integer,26185,3735465674926184202262,3,3800029279184167632919,3,13
large_integer,26186,3735465674926184202264,3,3800029279184167632921,3,13
large_integer,26187,3744689046963038978072,3,3809252651221022408729,3,13
large_integer,26188,3735465674926184202266,3,3827699395294731960343,3,15
large_integer,26189,3744689046963038978074,3,3836922767331586736151,3,15
large_integer,26190,3744689046963038978076,3,3836922767331586736153,3,15
large_integer,26191,3753912418999893753884,3,3846146139368441511961,3,15
large_integer,26192,2508757194024499019792,2,3790805907147312857106,3,13
large_integer,26193,3735465674926184202256,3,5017514388048998039570,4,13
large_integer,26194,3735465674926184202258,3,5017514388048998039572,4,13
large_integer,26195,3744689046963038978066,3,5026737760085852815380,4,13
large_integer,26196,3735465674926184202260,3,3827699395294731960338,3,15
large_integer,26197,3744689046963038978068,3,5054407876196417142802,4,15
large_integer,26198,3744689046963038978070,3,5054407876196417142804,4,15
large_integer,26199,3753912418999893753878,3,5063631248233271918612,4,15
large_integer,26200,3735465674926184202262,3,5017514388048998039576,4,13
large_integer,26201,3744689046963038978070,3,5026737760085852815384,4,13
large_integer,26202,3744689046963038978072,3,5026737760085852815386,4,13
large_integer,26203,3753912418999893753880,3,5035961132122707591194,4,13
large_integer,26204,3744689046963038978074,3,5054407876196417142808,4,15
large_integer,26205,3753912418999893753882,3,5063631248233271918616,4,15
large_integer,26206,3753912418999893753884,3,5063631248233271918618,4,15
large_integer,26207,3763135791036748529692,3,5072854620270126694426,4,15
large_integer,26208,1309718829233378164748,1,1309718829233378164748,1,11
large_integer,26209,2536427310135063347212,2,2536427310135063347212,2,11
large_integer,26210,2536427310135063347214,2,2637884402540465881106,2,17
large_integer,26211,2545650682171918123022,2,3864592883442151063570,3,17
large_integer,26212,2536427310135063347216,2,2637884402540465881106,2,17
large_integer,26213,2545650682171918123024,2,3864592883442151063570,3,17
large_integer,26214,1346612317380797267980,1,1346612317380797267980,1,13
large_integer,26215,2554874054208772898834,2,2573320798282482450444,2,13
large_integer,26216,2536427310135063347218,2,2536427310135063347218,2,11
large_integer,26217,2545650682171918123026,2,2545650682171918123026,2,11
large_integer,26218,2545650682171918123028,2,3864592883442151063576,3,17
large_integer,26219,2554874054208772898836,2,3873816255479005839384,3,17
large_integer,26220,2545650682171918123030,2,3864592883442151063576,3,17
large_integer,26221,2554874054208772898838,2,3873816255479005839384,3,17
large_integer,26222,2554874054208772898840,2,2573320798282482450450,2,13
large_integer,26223,2564097426245627674648,2,2582544170319337226258,2,13
large_integer,26224,2517980566061353795602,2,2536427310135063347213,2,11
large_integer,26225,3744689046963038978066,3,3763135791036748529677,3,11
large_integer,26226,3744689046963038978068,3,3864592883442151063571,3,17
large_integer,26227,3753912418999893753876,3,5091301364343836246035,4,17
large_integer,26228,3744689046963038978070,3,3864592883442151063571,3,17
large_integer,26229,3753912418999893753878,3,5091301364343836246035,4,17
large_integer,26230,2573320798282482450445,2,2573320798282482450445,2,13
large_integer,26231,3763135791036748529688,3,3800029279184167632909,3,13
large_integer,26232,3744689046963038978072,3,3763135791036748529683,3,11
large_integer,26233,3753912418999893753880,3,3772359163073603305491,3,11
large_integer,26234,3753912418999893753882,3,5091301364343836246041,4,17
large_integer,26235,3763135791036748529690,3,5100524736380691021849,4,17
large_integer,26236,3753912418999893753884,3,5091301364343836246041,4,17
large_integer,26237,3763135791036748529692,3,5100524736380691021849,4,17
large_integer,26238,3763135791036748529694,3,3800029279184167632915,3,13
large_integer,26239,3772359163073603305502,3,3809252651221022408723,3,13
large_integer,26240,2499533821987644243986,2,2499533821987644243986,2,9
large_integer,26241,3726242302889329426450,3,3726242302889329426450,3,9
large_integer,26242,3726242302889329426452,3,3726242302889329426452,3,9
large_integer,26243,3735465674926184202260,3,3735465674926184202260,3,9
large_integer,26244,3726242302889329426454,3,3726242302889329426454,3,9
large_integer,26245,3735465674926184202262,3,3735465674926184202262,3,9
large_integer,26246,3735465674926184202264,3,3735465674926184202264,3,9
large_integer,26247,3744689046963038978072,3,3744689046963038978072,3,9
large_integer,26248,3726242302889329426456,3,3726242302889329426456,3,9
large_integer,26249,3735465674926184202264,3,3735465674926184202264,3,9
large_integer,26250,3735465674926184202266,3,3735465674926184202266,3,9
large_integer,26251,3744689046963038978074,3,3744689046963038978074,3,9
large_integer,26252,3735465674926184202268,3,3735465674926184202268,3,9
large_integer,26253,3744689046963038978076,3,3744689046963038978076,3,9
large_integer,26254,3744689046963038978078,3,3744689046963038978078,3,9
large_integer,26255,3753912418999893753886,3,3753912418999893753886,3,9
large_integer,26256,2508757194024499019794,2,2508757194024499019794,2,9
large_integer,26257,3735465674926184202258,3,3735465674926184202258,3,9
large_integer,26258,3735465674926184202260,3,3735465674926184202260,3,9
large_integer,26259,3744689046963038978068,3,3744689046963038978068,3,9
large_integer,26260,3735465674926184202262,3,3735465674926184202262,3,9
large_integer,26261,3744689046963038978070,3,3744689046963038978070,3,9
large_integer,26262,3744689046963038978072,3,3744689046963038978072,3,9
large_integer,26263,3753912418999893753880,3,3753912418999893753880,3,9
large_integer,26264,3735465674926184202264,3,3735465674926184202264,3,9
large_integer,26265,3744689046963038978072,3,3744689046963038978072,3,9
large_integer,26266,3744689046963038978074,3,3744689046963038978074,3,9
large_integer,26267,3753912418999893753882,3,3753912418999893753882,3,9
large_integer,26268,3744689046963038978076,3,3744689046963038978076,3,9
large_integer,26269,3753912418999893753884,3,3753912418999893753884,3,9
large_integer,26270,3753912418999893753886,3,3753912418999893753886,3,9
large_integer,26271,3763135791036748529694,3,3763135791036748529694,3,9
large_integer,26272,2508757194024499019796,2,3790805907147312857112,3,13
large_integer,26273,3735465674926184202260,3,5017514388048998039576,4,13
large_integer,26274,3735465674926184202262,3,3827699395294731960344,3,15
large_integer,26275,3744689046963038978070,3,5054407876196417142808,4,15
large_integer,26276,3735465674926184202264,3,5017514388048998039580,4,13
large_integer,26277,3744689046963038978072,3,5026737760085852815388,4,13
large_integer,26278,3744689046963038978074,3,5054407876196417142812,4,15
large_integer,26279,3753912418999893753882,3,5063631248233271918620,4,15
large_integer,26280,3735465674926184202266,3,5017514388048998039582,4,13
large_integer,26281,3744689046963038978074,3,5026737760085852815390,4,13
large_integer,26282,3744689046963038978076,3,5054407876196417142814,4,15
large_integer,26283,3753912418999893753884,3,5063631248233271918622,4,15
large_integer,26284,3744689046963038978078,3,5026737760085852815394,4,13
large_integer,26285,3753912418999893753886,3,5035961132122707591202,4,13
large_integer,26286,3753912418999893753888,3,5063631248233271918626,4,15
large_integer,26287,3763135791036748529696,3,5072854620270126694434,4,15
large_integer,26288,2517980566061353795604,2,3800029279184167632920,3,13
large_integer,26289,3744689046963038978068,3,5026737760085852815384,4,13
large_integer,26290,3744689046963038978070,3,3836922767331586736152,3,15
large_integer,26291,3753912418999893753878,3,5063631248233271918616,4,15
large_integer,26292,3744689046963038978072,3,5026737760085852815388,4,13
large_integer,26293,3753912418999893753880,3,5035961132122707591196,4,13
large_integer,26294,3753912418999893753882,3,5063631248233271918620,4,15
large_integer,26295,3763135791036748529690,3,5072854620270126694428,4,15
large_integer,26296,3744689046963038978074,3,5026737760085852815390,4,13
large_integer,26297,3753912418999893753882,3,5035961132122707591198,4,13
large_integer,26298,3753912418999893753884,3,5063631248233271918622,4,15
large_integer,26299,3763135791036748529692,3,5072854620270126694430,4,15
large_integer,26300,3753912418999893753886,3,5035961132122707591202,4,13
large_integer,26301,3763135791036748529694,3,5045184504159562367010,4,13
large_integer,26302,3763135791036748529696,3,5072854620270126694434,4,15
large_integer,26303,3772359163073603305504,3,5082077992306981470242,4,15
large_integer,26304,2508757194024499019798,2,3790805907147312857112,3,13
large_integer,26305,3735465674926184202262,3,5017514388048998039576,4,13
large_integer,26306,3735465674926184202264,3,5017514388048998039578,4,13
large_integer,26307,3744689046963038978072,3,5026737760085852815386,4,13
large_integer,26308,3735465674926184202266,3,3827699395294731960344,3,15
large_integer,26309,3744689046963038978074,3,5054407876196417142808,4,15
large_integer,26310,3744689046963038978076,3,5054407876196417142810,4,15
large_integer,26311,3753912418999893753884,3,5063631248233271918618,4,15
large_integer,26312,3735465674926184202268,3,5017514388048998039582,4,13
large_integer,26313,3744689046963038978076,3,5026737760085852815390,4,13
large_integer,26314,3744689046963038978078,3,5026737760085852815392,4,13
large_integer,26315,3753912418999893753886,3,5035961132122707591200,4,13
large_integer,26316,3744689046963038978080,3,5054407876196417142814,4,15
large_integer,26317,3753912418999893753888,3,5063631248233271918622,4,15
large_integer,26318,3753912418999893753890,3,5063631248233271918624,4,15
large_integer,26319,3763135791036748529698,3,5072854620270126694432,4,15
large_integer,26320,2517980566061353795606,2,3800029279184167632920,3,13
large_integer,26321,3744689046963038978070,3,5026737760085852815384,4,13
large_integer,26322,3744689046963038978072,3,5026737760085852815386,4,13
large_integer,26323,3753912418999893753880,3,5035961132122707591194,4,13
large_integer,26324,3744689046963038978074,3,3836922767331586736152,3,15
large_integer,26325,3753912418999893753882,3,5063631248233271918616,4,15
large_integer,26326,3753912418999893753884,3,5063631248233271918618,4,15
large_integer,26327,3763135791036748529692,3,5072854620270126694426,4,15
large_integer,26328,3744689046963038978076,3,5026737760085852815390,4,13
large_integer,26329,3753912418999893753884,3,5035961132122707591198,4,13
large_integer,26330,3753912418999893753886,3,5035961132122707591200,4,13
large_integer,26331,3763135791036748529694,3,5045184504159562367008,4,13
large_integer,26332,3753912418999893753888,3,5063631248233271918622,4,15
large_integer,26333,3763135791036748529696,3,5072854620270126694430,4,15
large_integer,26334,3763135791036748529698,3,5072854620270126694432,4,15
large_integer,26335,3772359163073603305506,3,5082077992306981470240,4,15
large_integer,26336,2517980566061353795608,2,2536427310135063347219,2,11
large_integer,26337,3744689046963038978072,3,3763135791036748529683,3,11
large_integer,26338,3744689046963038978074,3,3864592883442151063577,3,17
large_integer,26339,3753912418999893753882,3,5091301364343836246041,4,17
large_integer,26340,3744689046963038978076,3,3864592883442151063577,3,17
large_integer,26341,3753912418999893753884,3,5091301364343836246041,4,17
large_integer,26342,2573320798282482450451,2,2573320798282482450451,2,13
large_integer,26343,3763135791036748529694,3,3800029279184167632915,3,13
large_integer,26344,3744689046963038978078,3,3763135791036748529689,3,11
large_integer,26345,3753912418999893753886,3,3772359163073603305497,3,11
large_integer,26346,3753912418999893753888,3,5091301364343836246047,4,17
large_integer,26347,3763135791036748529696,3,5100524736380691021855,4,17
large_integer,26348,3753912418999893753890,3,5091301364343836246047,4,17
large_integer,26349,3763135791036748529698,3,5100524736380691021855,4,17
large_integer,26350,3763135791036748529700,3,3800029279184167632921,3,13
large_integer,26351,3772359163073603305508,3,3809252651221022408729,3,13
large_integer,26352,2527203938098208571416,2,2545650682171918123027,2,11
large_integer,26353,3753912418999893753880,3,3772359163073603305491,3,11
large_integer,26354,3753912418999893753882,3,3873816255479005839385,3,17
large_integer,26355,3763135791036748529690,3,5100524736380691021849,4,17
large_integer,26356,3753912418999893753884,3,3873816255479005839385,3,17
large_integer,26357,3763135791036748529692,3,5100524736380691021849,4,17
large_integer,26358,2582544170319337226259,2,2582544170319337226259,2,13
large_integer,26359,3772359163073603305502,3,3809252651221022408723,3,13
large_integer,26360,3753912418999893753886,3,3772359163073603305497,3,11
large_integer,26361,3763135791036748529694,3,3781582535110458081305,3,11
large_integer,26362,3763135791036748529696,3,5100524736380691021855,4,17
large_integer,26363,3772359163073603305504,3,5109748108417545797663,4,17
large_integer,26364,3763135791036748529698,3,5100524736380691021855,4,17
large_integer,26365,3772359163073603305506,3,5109748108417545797663,4,17
large_integer,26366,3772359163073603305508,3,3809252651221022408729,3,13
large_integer,26367,3781582535110458081316,3,3818476023257877184537,3,13
large_integer,26368,2481087077913934692369,2,2499533821987644243981,2,9
large_integer,26369,3707795558815619874833,3,3726242302889329426445,3,9
large_integer,26370,3707795558815619874835,3,3726242302889329426447,3,9
large_integer,26371,3717018930852474650643,3,3735465674926184202255,3,9
large_integer,26372,3707795558815619874837,3,3726242302889329426449,3,9
large_integer,26373,3717018930852474650645,3,3735465674926184202257,3,9
large_integer,26374,3717018930852474650647,3,3735465674926184202259,3,9
large_integer,26375,3726242302889329426455,3,3744689046963038978067,3,9
large_integer,26376,3707795558815619874839,3,3726242302889329426451,3,9
large_integer,26377,3717018930852474650647,3,3735465674926184202259,3,9
large_integer,26378,3717018930852474650649,3,3735465674926184202261,3,9
large_integer,26379,3726242302889329426457,3,3744689046963038978069,3,9
large_integer,26380,3717018930852474650651,3,3735465674926184202263,3,9
large_integer,26381,3726242302889329426459,3,3744689046963038978071,3,9
large_integer,26382,3726242302889329426461,3,3744689046963038978073,3,9
large_integer,26383,3735465674926184202269,3,3753912418999893753881,3,9
large_integer,26384,3707795558815619874834,3,3726242302889329426446,3,9
large_integer,26385,4934504039717305057298,4,4952950783791014608910,4,9
large_integer,26386,4934504039717305057300,4,4952950783791014608912,4,9
large_integer,26387,4943727411754159833108,4,4962174155827869384720,4,9
large_integer,26388,4934504039717305057302,4,4952950783791014608914,4,9
large_integer,26389,4943727411754159833110,4,4962174155827869384722,4,9
large_integer,26390,4943727411754159833112,4,4962174155827869384724,4,9
large_integer,26391,4952950783791014608920,4,4971397527864724160532,4,9
large_integer,26392,4934504039717305057304,4,4952950783791014608916,4,9
large_integer,26393,4943727411754159833112,4,4962174155827869384724,4,9
large_integer,26394,4943727411754159833114,4,4962174155827869384726,4,9
large_integer,26395,4952950783791014608922,4,4971397527864724160534,4,9
large_integer,26396,4943727411754159833116,4,4962174155827869384728,4,9
large_integer,26397,4952950783791014608924,4,4971397527864724160536,4,9
large_integer,26398,4952950783791014608926,4,4971397527864724160538,4,9
large_integer,26399,4962174155827869384734,4,4980620899901578936346,4,9
large_integer,26400,3707795558815619874836,3,3790805907147312857107,3,13
large_integer,26401,4934504039717305057300,4,5017514388048998039571,4,13
large_integer,26402,3800029279184167632917,3,3827699395294731960339,3,15
large_integer,26403,4943727411754159833110,4,5054407876196417142803,4,15
large_integer,26404,4934504039717305057304,4,5017514388048998039575,4,13
large_integer,26405,4943727411754159833112,4,5026737760085852815383,4,13
large_integer,26406,4943727411754159833114,4,5054407876196417142807,4,15
large_integer,26407,4952950783791014608922,4,5063631248233271918615,4,15
large_integer,26408,4934504039717305057306,4,5017514388048998039577,4,13
large_integer,26409,4943727411754159833114,4,5026737760085852815385,4,13
large_integer,26410,4943727411754159833116,4,5054407876196417142809,4,15
large_integer,26411,4952950783791014608924,4,5063631248233271918617,4,15
large_integer,26412,4943727411754159833118,4,5026737760085852815389,4,13
large_integer,26413,4952950783791014608926,4,5035961132122707591197,4,13
large_integer,26414,4952950783791014608928,4,5063631248233271918621,4,15
large_integer,26415,4962174155827869384736,4,5072854620270126694429,4,15
large_integer,26416,3717018930852474650644,3,5017514388048998039572,4,13
large_integer,26417,4943727411754159833108,4,6244222868950683222036,5,13
large_integer,26418,4943727411754159833110,4,5054407876196417142804,4,15
large_integer,26419,4952950783791014608918,4,6281116357098102325268,5,15
large_integer,26420,4943727411754159833112,4,6244222868950683222040,5,13
large_integer,26421,4952950783791014608920,4,6253446240987537997848,5,13
large_integer,26422,4952950783791014608922,4,6281116357098102325272,5,15
large_integer,26423,4962174155827869384730,4,6290339729134957101080,5,15
large_integer,26424,4943727411754159833114,4,6244222868950683222042,5,13
large_integer,26425,4952950783791014608922,4,6253446240987537997850,5,13
large_integer,26426,4952950783791014608924,4,6281116357098102325274,5,15
large_integer,26427,4962174155827869384732,4,6290339729134957101082,5,15
large_integer,26428,4952950783791014608926,4,6253446240987537997854,5,13
large_integer,26429,4962174155827869384734,4,6262669613024392773662,5,13
large_integer,26430,4962174155827869384736,4,6290339729134957101086,5,15
large_integer,26431,4971397527864724160544,4,6299563101171811876894,5,15
large_integer,26432,3707795558815619874838,3,3790805907147312857107,3,13
large_integer,26433,4934504039717305057302,4,5017514388048998039571,4,13
large_integer,26434,4934504039717305057304,4,5017514388048998039573,4,13
large_integer,26435,4943727411754159833112,4,5026737760085852815381,4,13
large_integer,26436,3800029279184167632915,3,3827699395294731960339,3,15
large_integer,26437,4943727411754159833114,4,5054407876196417142803,4,15
large_integer,26438,4943727411754159833116,4,5054407876196417142805,4,15
large_integer,26439,4952950783791014608924,4,5063631248233271918613,4,15
large_integer,26440,4934504039717305057308,4,5017514388048998039577,4,13
large_integer,26441,4943727411754159833116,4,5026737760085852815385,4,13
large_integer,26442,4943727411754159833118,4,5026737760085852815387,4,13
large_integer,26443,4952950783791014608926,4,5035961132122707591195,4,13
large_integer,26444,4943727411754159833120,4,5054407876196417142809,4,15
large_integer,26445,4952950783791014608928,4,5063631248233271918617,4,15
large_integer,26446,4952950783791014608930,4,5063631248233271918619,4,15
large_integer,26447,4962174155827869384738,4,5072854620270126694427,4,15
large_integer,26448,3717018930852474650646,3,5017514388048998039572,4,13
large_integer,26449,4943727411754159833110,4,6244222868950683222036,5,13
large_integer,26450,4943727411754159833112,4,6244222868950683222038,5,13
large_integer,26451,4952950783791014608920,4,6253446240987537997846,5,13
large_integer,26452,4943727411754159833114,4,5054407876196417142804,4,15
large_integer,26453,4952950783791014608922,4,6281116357098102325268,5,15
large_integer,26454,4952950783791014608924,4,6281116357098102325270,5,15
large_integer,26455,4962174155827869384732,4,6290339729134957101078,5,15
large_integer,26456,4943727411754159833116,4,6244222868950683222042,5,13
large_integer,26457,4952950783791014608924,4,6253446240987537997850,5,13
large_integer,26458,4952950783791014608926,4,6253446240987537997852,5,13
large_integer,26459,4962174155827869384734,4,6262669613024392773660,5,13
large_integer,26460,4952950783791014608928,4,6281116357098102325274,5,15
large_integer,26461,4962174155827869384736,4,6290339729134957101082,5,15
large_integer,26462,4962174155827869384738,4,6290339729134957101084,5,15
large_integer,26463,4971397527864724160546,4,6299563101171811876892,5,15
large_integer,26464,2536427310135063347214,2,2536427310135063347214,2,11
large_integer,26465,3763135791036748529678,3,3763135791036748529678,3,11
large_integer,26466,3763135791036748529680,3,3864592883442151063572,3,17
large_integer,26467,3772359163073603305488,3,5091301364343836246036,4,17
large_integer,26468,3763135791036748529682,3,3864592883442151063572,3,17
large_integer,26469,3772359163073603305490,3,5091301364343836246036,4,17
large_integer,26470,2573320798282482450446,2,2573320798282482450446,2,13
large_integer,26471,3781582535110458081300,3,3800029279184167632910,3,13
large_integer,26472,3763135791036748529684,3,3763135791036748529684,3,11
large_integer,26473,3772359163073603305492,3,3772359163073603305492,3,11
large_integer,26474,3772359163073603305494,3,5091301364343836246042,4,17
large_integer,26475,3781582535110458081302,3,5100524736380691021850,4,17
large_integer,26476,3772359163073603305496,3,5091301364343836246042,4,17
large_integer,26477,3781582535110458081304,3,5100524736380691021850,4,17
large_integer,26478,3781582535110458081306,3,3800029279184167632916,3,13
large_integer,26479,3790805907147312857114,3,3809252651221022408724,3,13
large_integer,26480,3726242302889329426456,3,3763135791036748529679,3,11
large_integer,26481,4952950783791014608920,4,4989844271938433712143,4,11
large_integer,26482,4952950783791014608922,4,5091301364343836246037,4,17
large_integer,26483,4962174155827869384730,4,6318009845245521428501,5,17
large_integer,26484,4952950783791014608924,4,5091301364343836246037,4,17
large_integer,26485,4962174155827869384732,4,6318009845245521428501,5,17
large_integer,26486,3800029279184167632911,3,3800029279184167632911,3,13
large_integer,26487,4971397527864724160542,4,5026737760085852815375,4,13
large_integer,26488,4952950783791014608926,4,4989844271938433712149,4,11
large_integer,26489,4962174155827869384734,4,4999067643975288487957,4,11
large_integer,26490,4962174155827869384736,4,6318009845245521428507,5,17
large_integer,26491,4971397527864724160544,4,6327233217282376204315,5,17
large_integer,26492,4962174155827869384738,4,6318009845245521428507,5,17
large_integer,26493,4971397527864724160546,4,6327233217282376204315,5,17
large_integer,26494,4971397527864724160548,4,5026737760085852815381,4,13
large_integer,26495,4980620899901578936356,4,5035961132122707591189,4,13
large_integer,26496,3707795558815619874840,3,3726242302889329426452,3,9
large_integer,26497,4934504039717305057304,4,4952950783791014608916,4,9
large_integer,26498,4934504039717305057306,4,4952950783791014608918,4,9
large_integer,26499,4943727411754159833114,4,4962174155827869384726,4,9
large_integer,26500,4934504039717305057308,4,4952950783791014608920,4,9
large_integer,26501,4943727411754159833116,4,4962174155827869384728,4,9
large_integer,26502,4943727411754159833118,4,4962174155827869384730,4,9
large_integer,26503,4952950783791014608926,4,4971397527864724160538,4,9
large_integer,26504,4934504039717305057310,4,4952950783791014608922,4,9
large_integer,26505,4943727411754159833118,4,4962174155827869384730,4,9
large_integer,26506,4943727411754159833120,4,4962174155827869384732,4,9
large_integer,26507,4952950783791014608928,4,4971397527864724160540,4,9
large_integer,26508,4943727411754159833122,4,4962174155827869384734,4,9
large_integer,26509,4952950783791014608930,4,4971397527864724160542,4,9
large_integer,26510,4952950783791014608932,4,4971397527864724160544,4,9
large_integer,26511,4962174155827869384740,4,4980620899901578936352,4,9
large_integer,26512,3717018930852474650648,3,3735465674926184202260,3,9
large_integer,26513,4943727411754159833112,4,4962174155827869384724,4,9
large_integer,26514,4943727411754159833114,4,4962174155827869384726,4,9
large_integer,26515,4952950783791014608922,4,4971397527864724160534,4,9
large_integer,26516,4943727411754159833116,4,4962174155827869384728,4,9
large_integer,26517,4952950783791014608924,4,4971397527864724160536,4,9
large_integer,26518,4952950783791014608926,4,4971397527864724160538,4,9
large_integer,26519,4962174155827869384734,4,4980620899901578936346,4,9
large_integer,26520,4943727411754159833118,4,4962174155827869384730,4,9
large_integer,26521,4952950783791014608926,4,4971397527864724160538,4,9
large_integer,26522,4952950783791014608928,4,4971397527864724160540,4,9
large_integer,26523,4962174155827869384736,4,4980620899901578936348,4,9
large_integer,26524,4952950783791014608930,4,4971397527864724160542,4,9
large_integer,26525,4962174155827869384738,4,4980620899901578936350,4,9
large_integer,26526,4962174155827869384740,4,4980620899901578936352,4,9
large_integer,26527,4971397527864724160548,4,4989844271938433712160,4,9
large_integer,26528,3717018930852474650650,3,5017514388048998039578,4,13
large_integer,26529,4943727411754159833114,4,6244222868950683222042,5,13
large_integer,26530,4943727411754159833116,4,5054407876196417142810,4,15
large_integer,26531,4952950783791014608924,4,6281116357098102325274,5,15
large_integer,26532,4943727411754159833118,4,6244222868950683222046,5,13
large_integer,26533,4952950783791014608926,4,6253446240987537997854,5,13
large_integer,26534,4952950783791014608928,4,6281116357098102325278,5,15
large_integer,26535,4962174155827869384736,4,6290339729134957101086,5,15
large_integer,26536,4943727411754159833120,4,6244222868950683222048,5,13
large_integer,26537,4952950783791014608928,4,6253446240987537997856,5,13
large_integer,26538,4952950783791014608930,4,6281116357098102325280,5,15
large_integer,26539,4962174155827869384738,4,6290339729134957101088,5,15
large_integer,26540,4952950783791014608932,4,6253446240987537997860,5,13
large_integer,26541,4962174155827869384740,4,6262669613024392773668,5,13
large_integer,26542,4962174155827869384742,4,6290339729134957101092,5,15
large_integer,26543,4971397527864724160550,4,6299563101171811876900,5,15
large_integer,26544,3726242302889329426458,3,5026737760085852815386,4,13
large_integer,26545,4952950783791014608922,4,6253446240987537997850,5,13
large_integer,26546,4952950783791014608924,4,5063631248233271918618,4,15
large_integer,26547,4962174155827869384732,4,6290339729134957101082,5,15
large_integer,26548,4952950783791014608926,4,6253446240987537997854,5,13
large_integer,26549,4962174155827869384734,4,6262669613024392773662,5,13
large_integer,26550,4962174155827869384736,4,6290339729134957101086,5,15
large_integer,26551,4971397527864724160544,4,6299563101171811876894,5,15
large_integer,26552,4952950783791014608928,4,6253446240987537997856,5,13
large_integer,26553,4962174155827869384736,4,6262669613024392773664,5,13
large_integer,26554,4962174155827869384738,4,6290339729134957101088,5,15
large_integer,26555,4971397527864724160546,4,6299563101171811876896,5,15
large_integer,26556,4962174155827869384740,4,6262669613024392773668,5,13
large_integer,26557,4971397527864724160548,4,6271892985061247549476,5,13
large_integer,26558,4971397527864724160550,4,6299563101171811876900,5,15
large_integer,26559,4980620899901578936358,4,6308786473208666652708,5,15
large_integer,26560,3717018930852474650652,3,5017514388048998039578,4,13
large_integer,26561,4943727411754159833116,4,6244222868950683222042,5,13
large_integer,26562,4943727411754159833118,4,6244222868950683222044,5,13
large_integer,26563,4952950783791014608926,4,6253446240987537997852,5,13
large_integer,26564,4943727411754159833120,4,5054407876196417142810,4,15
large_integer,26565,4952950783791014608928,4,6281116357098102325274,5,15
large_integer,26566,4952950783791014608930,4,6281116357098102325276,5,15
large_integer,26567,4962174155827869384738,4,6290339729134957101084,5,15
large_integer,26568,4943727411754159833122,4,6244222868950683222048,5,13
large_integer,26569,4952950783791014608930,4,6253446240987537997856,5,13
large_integer,26570,4952950783791014608932,4,6253446240987537997858,5,13
large_integer,26571,4962174155827869384740,4,6262669613024392773666,5,13
large_integer,26572,4952950783791014608934,4,6281116357098102325280,5,15
large_integer,26573,4962174155827869384742,4,6290339729134957101088,5,15
large_integer,26574,4962174155827869384744,4,6290339729134957101090,5,15
large_integer,26575,4971397527864724160552,4,6299563101171811876898,5,15
large_integer,26576,3726242302889329426460,3,5026737760085852815386,4,13
large_integer,26577,4952950783791014608924,4,6253446240987537997850,5,13
large_integer,26578,4952950783791014608926,4,6253446240987537997852,5,13
large_integer,26579,4962174155827869384734,4,6262669613024392773660,5,13
large_integer,26580,4952950783791014608928,4,5063631248233271918618,4,15
large_integer,26581,4962174155827869384736,4,6290339729134957101082,5,15
large_integer,26582,4962174155827869384738,4,6290339729134957101084,5,15
large_integer,26583,4971397527864724160546,4,6299563101171811876892,5,15
large_integer,26584,4952950783791014608930,4,6253446240987537997856,5,13
large_integer,26585,4962174155827869384738,4,6262669613024392773664,5,13
large_integer,26586,4962174155827869384740,4,6262669613024392773666,5,13
large_integer,26587,4971397527864724160548,4,6271892985061247549474,5,13
large_integer,26588,4962174155827869384742,4,6290339729134957101088,5,15
large_integer,26589,4971397527864724160550,4,6299563101171811876896,5,15
large_integer,26590,4971397527864724160552,4,6299563101171811876898,5,15
large_integer,26591,4980620899901578936360,4,6308786473208666652706,5,15
large_integer,26592,3726242302889329426462,3,3763135791036748529685,3,11
large_integer,26593,4952950783791014608926,4,4989844271938433712149,4,11
large_integer,26594,4952950783791014608928,4,5091301364343836246043,4,17
large_integer,26595,4962174155827869384736,4,6318009845245521428507,5,17
large_integer,26596,4952950783791014608930,4,5091301364343836246043,4,17
large_integer,26597,4962174155827869384738,4,6318009845245521428507,5,17
large_integer,26598,3800029279184167632917,3,3800029279184167632917,3,13
large_integer,26599,4971397527864724160548,4,5026737760085852815381,4,13
large_integer,26600,4952950783791014608932,4,4989844271938433712155,4,11
large_integer,26601,4962174155827869384740,4,4999067643975288487963,4,11
large_integer,26602,4962174155827869384742,4,6318009845245521428513,5,17
large_integer,26603,4971397527864724160550,4,6327233217282376204321,5,17
large_integer,26604,4962174155827869384744,4,6318009845245521428513,5,17
large_integer,26605,4971397527864724160552,4,6327233217282376204321,5,17
large_integer,26606,4971397527864724160554,4,5026737760085852815387,4,13
large_integer,26607,4980620899901578936362,4,5035961132122707591195,4,13
large_integer,26608,3735465674926184202270,3,3772359163073603305493,3,11
large_integer,26609,4962174155827869384734,4,4999067643975288487957,4,11
large_integer,26610,4962174155827869384736,4,5100524736380691021851,4,17
large_integer,26611,4971397527864724160544,4,6327233217282376204315,5,17
large_integer,26612,4962174155827869384738,4,5100524736380691021851,4,17
large_integer,26613,4971397527864724160546,4,6327233217282376204315,5,17
large_integer,26614,3809252651221022408725,3,3809252651221022408725,3,13
large_integer,26615,4980620899901578936356,4,5035961132122707591189,4,13
large_integer,26616,4962174155827869384740,4,4999067643975288487963,4,11
large_integer,26617,4971397527864724160548,4,5008291016012143263771,4,11
large_integer,26618,4971397527864724160550,4,6327233217282376204321,5,17
large_integer,26619,4980620899901578936358,4,6336456589319230980129,5,17
large_integer,26620,4971397527864724160552,4,6327233217282376204321,5,17
large_integer,26621,4980620899901578936360,4,6336456589319230980129,5,17
large_integer,26622,4980620899901578936362,4,5035961132122707591195,4,13
large_integer,26623,4989844271938433712170,4,5045184504159562367003,4,13
large_integer,26624,2462640333840225140753,2,2462640333840225140753,2,7
large_integer,26625,3689348814741910323217,3,3689348814741910323217,3,7
large_integer,26626,3689348814741910323219,3,3689348814741910323219,3,7
large_integer,26627,3698572186778765099027,3,3698572186778765099027,3,7
large_integer,26628,3689348814741910323221,3,3689348814741910323221,3,7
large_integer,26629,3698572186778765099029,3,3698572186778765099029,3,7
large_integer,26630,3698572186778765099031,3,3698572186778765099031,3,7
large_integer,26631,3707795558815619874839,3,3707795558815619874839,3,7
large_integer,26632,3689348814741910323223,3,3689348814741910323223,3,7
large_integer,26633,3698572186778765099031,3,3698572186778765099031,3,7
large_integer,26634,3698572186778765099033,3,3698572186778765099033,3,7
large_integer,26635,3707795558815619874841,3,3707795558815619874841,3,7
large_integer,26636,3698572186778765099035,3,3698572186778765099035,3,7
large_integer,26637,3707795558815619874843,3,3707795558815619874843,3,7
large_integer,26638,3707795558815619874845,3,3707795558815619874845,3,7
large_integer,26639,3717018930852474650653,3,3717018930852474650653,3,7
large_integer,26640,3689348814741910323218,3,3689348814741910323218,3,7
large_integer,26641,4916057295643595505682,4,4916057295643595505682,4,7
large_integer,26642,4916057295643595505684,4,4916057295643595505684,4,7
large_integer,26643,4925280667680450281492,4,4925280667680450281492,4,7
large_integer,26644,4916057295643595505686,4,4916057295643595505686,4,7
large_integer,26645,4925280667680450281494,4,4925280667680450281494,4,7
large_integer,26646,4925280667680450281496,4,4925280667680450281496,4,7
large_integer,26647,4934504039717305057304,4,4934504039717305057304,4,7
large_integer,26648,4916057295643595505688,4,4916057295643595505688,4,7
large_integer,26649,4925280667680450281496,4,4925280667680450281496,4,7
large_integer,26650,4925280667680450281498,4,4925280667680450281498,4,7
large_integer,26651,4934504039717305057306,4,4934504039717305057306,4,7
large_integer,26652,4925280667680450281500,4,4925280667680450281500,4,7
large_integer,26653,4934504039717305057308,4,4934504039717305057308,4,7
large_integer,26654,4934504039717305057310,4,4934504039717305057310,4,7
large_integer,26655,4943727411754159833118,4,4943727411754159833118,4,7
large_integer,26656,3689348814741910323220,3,3689348814741910323220,3,7
large_integer,26657,4916057295643595505684,4,4916057295643595505684,4,7
large_integer,26658,4916057295643595505686,4,4916057295643595505686,4,7
large_integer,26659,4925280667680450281494,4,4925280667680450281494,4,7
large_integer,26660,4916057295643595505688,4,4916057295643595505688,4,7
large_integer,26661,4925280667680450281496,4,4925280667680450281496,4,7
large_integer,26662,4925280667680450281498,4,4925280667680450281498,4,7
large_integer,26663,4934504039717305057306,4,4934504039717305057306,4,7
large_integer,26664,4916057295643595505690,4,4916057295643595505690,4,7
large_integer,26665,4925280667680450281498,4,4925280667680450281498,4,7
large_integer,26666,4925280667680450281500,4,4925280667680450281500,4,7
large_integer,26667,4934504039717305057308,4,4934504039717305057308,4,7
large_integer,26668,4925280667680450281502,4,4925280667680450281502,4,7
large_integer,26669,4934504039717305057310,4,4934504039717305057310,4,7
large_integer,26670,4934504039717305057312,4,4934504039717305057312,4,7
large_integer,26671,4943727411754159833120,4,4943727411754159833120,4,7
large_integer,26672,3698572186778765099028,3,3698572186778765099028,3,7
large_integer,26673,4925280667680450281492,4,4925280667680450281492,4,7
large_integer,26674,4925280667680450281494,4,4925280667680450281494,4,7
large_integer,26675,4934504039717305057302,4,4934504039717305057302,4,7
large_integer,26676,4925280667680450281496,4,4925280667680450281496,4,7
large_integer,26677,4934504039717305057304,4,4934504039717305057304,4,7
large_integer,26678,4934504039717305057306,4,4934504039717305057306,4,7
large_integer,26679,4943727411754159833114,4,4943727411754159833114,4,7
large_integer,26680,4925280667680450281498,4,4925280667680450281498,4,7
large_integer,26681,4934504039717305057306,4,4934504039717305057306,4,7
large_integer,26682,4934504039717305057308,4,4934504039717305057308,4,7
large_integer,26683,4943727411754159833116,4,4943727411754159833116,4,7
large_integer,26684,4934504039717305057310,4,4934504039717305057310,4,7
large_integer,26685,4943727411754159833118,4,4943727411754159833118,4,7
large_integer,26686,4943727411754159833120,4,4943727411754159833120,4,7
large_integer,26687,4952950783791014608928,4,4952950783791014608928,4,7
large_integer,26688,3689348814741910323222,3,3689348814741910323222,3,7
large_integer,26689,4916057295643595505686,4,4916057295643595505686,4,7
large_integer,26690,4916057295643595505688,4,4916057295643595505688,4,7
large_integer,26691,4925280667680450281496,4,4925280667680450281496,4,7
large_integer,26692,4916057295643595505690,4,4916057295643595505690,4,7
large_integer,26693,4925280667680450281498,4,4925280667680450281498,4,7
large_integer,26694,4925280667680450281500,4,4925280667680450281500,4,7
large_integer,26695,4934504039717305057308,4,4934504039717305057308,4,7
large_integer,26696,4916057295643595505692,4,4916057295643595505692,4,7
large_integer,26697,4925280667680450281500,4,4925280667680450281500,4,7
large_integer,26698,4925280667680450281502,4,4925280667680450281502,4,7
large_integer,26699,4934504039717305057310,4,4934504039717305057310,4,7
large_integer,26700,4925280667680450281504,4,4925280667680450281504,4,7
large_integer,26701,4934504039717305057312,4,4934504039717305057312,4,7
large_integer,26702,4934504039717305057314,4,4934504039717305057314,4,7
large_integer,26703,4943727411754159833122,4,4943727411754159833122,4,7
large_integer,26704,3698572186778765099030,3,3698572186778765099030,3,7
large_integer,26705,4925280667680450281494,4,4925280667680450281494,4,7
large_integer,26706,4925280667680450281496,4,4925280667680450281496,4,7
large_integer,26707,4934504039717305057304,4,4934504039717305057304,4,7
large_integer,26708,4925280667680450281498,4,4925280667680450281498,4,7
large_integer,26709,4934504039717305057306,4,4934504039717305057306,4,7
large_integer,26710,4934504039717305057308,4,4934504039717305057308,4,7
large_integer,26711,4943727411754159833116,4,4943727411754159833116,4,7
large_integer,26712,4925280667680450281500,4,4925280667680450281500,4,7
large_integer,26713,4934504039717305057308,4,4934504039717305057308,4,7
large_integer,26714,4934504039717305057310,4,4934504039717305057310,4,7
large_integer,26715,4943727411754159833118,4,4943727411754159833118,4,7
large_integer,26716,4934504039717305057312,4,4934504039717305057312,4,7
large_integer,26717,4943727411754159833120,4,4943727411754159833120,4,7
large_integer,26718,4943727411754159833122,4,4943727411754159833122,4,7
large_integer,26719,4952950783791014608930,4,4952950783791014608930,4,7
large_integer,26720,3698572186778765099032,3,3698572186778765099032,3,7
large_integer,26721,4925280667680450281496,4,4925280667680450281496,4,7
large_integer,26722,4925280667680450281498,4,4925280667680450281498,4,7
large_integer,26723,4934504039717305057306,4,4934504039717305057306,4,7
large_integer,26724,4925280667680450281500,4,4925280667680450281500,4,7
large_integer,26725,4934504039717305057308,4,4934504039717305057308,4,7
large_integer,26726,4934504039717305057310,4,4934504039717305057310,4,7
large_integer,26727,4943727411754159833118,4,4943727411754159833118,4,7
large_integer,26728,4925280667680450281502,4,4925280667680450281502,4,7
large_integer,26729,4934504039717305057310,4,4934504039717305057310,4,7
large_integer,26730,4934504039717305057312,4,4934504039717305057312,4,7
large_integer,26731,4943727411754159833120,4,4943727411754159833120,4,7
large_integer,26732,4934504039717305057314,4,4934504039717305057314,4,7
large_integer,26733,4943727411754159833122,4,4943727411754159833122,4,7
large_integer,26734,4943727411754159833124,4,4943727411754159833124,4,7
large_integer,26735,4952950783791014608932,4,4952950783791014608932,4,7
large_integer,26736,3707795558815619874840,3,3707795558815619874840,3,7
large_integer,26737,4934504039717305057304,4,4934504039717305057304,4,7
large_integer,26738,4934504039717305057306,4,4934504039717305057306,4,7
large_integer,26739,4943727411754159833114,4,4943727411754159833114,4,7
large_integer,26740,4934504039717305057308,4,4934504039717305057308,4,7
large_integer,26741,4943727411754159833116,4,4943727411754159833116,4,7
large_integer,26742,4943727411754159833118,4,4943727411754159833118,4,7
large_integer,26743,4952950783791014608926,4,4952950783791014608926,4,7
large_integer,26744,4934504039717305057310,4,4934504039717305057310,4,7
large_integer,26745,4943727411754159833118,4,4943727411754159833118,4,7
large_integer,26746,4943727411754159833120,4,4943727411754159833120,4,7
large_integer,26747,4952950783791014608928,4,4952950783791014608928,4,7
large_integer,26748,4943727411754159833122,4,4943727411754159833122,4,7
large_integer,26749,4952950783791014608930,4,4952950783791014608930,4,7
large_integer,26750,4952950783791014608932,4,4952950783791014608932,4,7
large_integer,26751,4962174155827869384740,4,4962174155827869384740,4,7
large_integer,26752,3689348814741910323224,3,3689348814741910323224,3,7
large_integer,26753,4916057295643595505688,4,4916057295643595505688,4,7
large_integer,26754,4916057295643595505690,4,4916057295643595505690,4,7
large_integer,26755,4925280667680450281498,4,4925280667680450281498,4,7
large_integer,26756,4916057295643595505692,4,4916057295643595505692,4,7
large_integer,26757,4925280667680450281500,4,4925280667680450281500,4,7
large_integer,26758,4925280667680450281502,4,4925280667680450281502,4,7
large_integer,26759,4934504039717305057310,4,4934504039717305057310,4,7
large_integer,26760,4916057295643595505694,4,4916057295643595505694,4,7
large_integer,26761,4925280667680450281502,4,4925280667680450281502,4,7
large_integer,26762,4925280667680450281504,4,4925280667680450281504,4,7
large_integer,26763,4934504039717305057312,4,4934504039717305057312,4,7
large_integer,26764,4925280667680450281506,4,4925280667680450281506,4,7
large_integer,26765,4934504039717305057314,4,4934504039717305057314,4,7
large_integer,26766,4934504039717305057316,4,4934504039717305057316,4,7
large_integer,26767,4943727411754159833124,4,4943727411754159833124,4,7
large_integer,26768,3698572186778765099032,3,3698572186778765099032,3,7
large_integer,26769,4925280667680450281496,4,4925280667680450281496,4,7
large_integer,26770,4925280667680450281498,4,4925280667680450281498,4,7
large_integer,26771,4934504039717305057306,4,4934504039717305057306,4,7
large_integer,26772,4925280667680450281500,4,4925280667680450281500,4,7
large_integer,26773,4934504039717305057308,4,4934504039717305057308,4,7
large_integer,26774,4934504039717305057310,4,4934504039717305057310,4,7
large_integer,26775,4943727411754159833118,4,4943727411754159833118,4,7
large_integer,26776,4925280667680450281502,4,4925280667680450281502,4,7
large_integer,26777,4934504039717305057310,4,4934504039717305057310,4,7
large_integer,26778,4934504039717305057312,4,4934504039717305057312,4,7
large_integer,26779,4943727411754159833120,4,4943727411754159833120,4,7
large_integer,26780,4934504039717305057314,4,4934504039717305057314,4,7
large_integer,26781,4943727411754159833122,4,4943727411754159833122,4,7
large_integer,26782,4943727411754159833124,4,4943727411754159833124,4,7
large_integer,26783,4952950783791014608932,4,4952950783791014608932,4,7
large_integer,26784,3698572186778765099034,3,3698572186778765099034,3,7
large_integer,26785,4925280667680450281498,4,4925280667680450281498,4,7
large_integer,26786,4925280667680450281500,4,4925280667680450281500,4,7
large_integer,26787,4934504039717305057308,4,4934504039717305057308,4,7
large_integer,26788,4925280667680450281502,4,4925280667680450281502,4,7
large_integer,26789,4934504039717305057310,4,4934504039717305057310,4,7
large_integer,26790,4934504039717305057312,4,4934504039717305057312,4,7
large_integer,26791,4943727411754159833120,4,4943727411754159833120,4,7
large_integer,26792,4925280667680450281504,4,4925280667680450281504,4,7
large_integer,26793,4934504039717305057312,4,4934504039717305057312,4,7
large_integer,26794,4934504039717305057314,4,4934504039717305057314,4,7
large_integer,26795,4943727411754159833122,4,4943727411754159833122,4,7
large_integer,26796,4934504039717305057316,4,4934504039717305057316,4,7
large_integer,26797,4943727411754159833124,4,4943727411754159833124,4,7
large_integer,26798,4943727411754159833126,4,4943727411754159833126,4,7
large_integer,26799,4952950783791014608934,4,4952950783791014608934,4,7
large_integer,26800,3707795558815619874842,3,3707795558815619874842,3,7
large_integer,26801,4934504039717305057306,4,4934504039717305057306,4,7
large_integer,26802,4934504039717305057308,4,4934504039717305057308,4,7
large_integer,26803,4943727411754159833116,4,4943727411754159833116,4,7
large_integer,26804,4934504039717305057310,4,4934504039717305057310,4,7
large_integer,26805,4943727411754159833118,4,4943727411754159833118,4,7
large_integer,26806,4943727411754159833120,4,4943727411754159833120,4,7
large_integer,26807,4952950783791014608928,4,4952950783791014608928,4,7
large_integer,26808,4934504039717305057312,4,4934504039717305057312,4,7
large_integer,26809,4943727411754159833120,4,4943727411754159833120,4,7
large_integer,26810,4943727411754159833122,4,4943727411754159833122,4,7
large_integer,26811,4952950783791014608930,4,4952950783791014608930,4,7
large_integer,26812,4943727411754159833124,4,4943727411754159833124,4,7
large_integer,26813,4952950783791014608932,4,4952950783791014608932,4,7
large_integer,26814,4952950783791014608934,4,4952950783791014608934,4,7
large_integer,26815,4962174155827869384742,4,4962174155827869384742,4,7
large_integer,26816,3698572186778765099036,3,3698572186778765099036,3,7
large_integer,26817,4925280667680450281500,4,4925280667680450281500,4,7
large_integer,26818,4925280667680450281502,4,4925280667680450281502,4,7
large_integer,26819,4934504039717305057310,4,4934504039717305057310,4,7
large_integer,26820,4925280667680450281504,4,4925280667680450281504,4,7
large_integer,26821,4934504039717305057312,4,4934504039717305057312,4,7
large_integer,26822,4934504039717305057314,4,4934504039717305057314,4,7
large_integer,26823,4943727411754159833122,4,4943727411754159833122,4,7
large_integer,26824,4925280667680450281506,4,4925280667680450281506,4,7
large_integer,26825,4934504039717305057314,4,4934504039717305057314,4,7
large_integer,26826,4934504039717305057316,4,4934504039717305057316,4,7
large_integer,26827,4943727411754159833124,4,4943727411754159833124,4,7
large_integer,26828,4934504039717305057318,4,4934504039717305057318,4,7
large_integer,26829,4943727411754159833126,4,4943727411754159833126,4,7
large_integer,26830,4943727411754159833128,4,4943727411754159833128,4,7
large_integer,26831,4952950783791014608936,4,4952950783791014608936,4,7
large_integer,26832,3707795558815619874844,3,3707795558815619874844,3,7
large_integer,26833,4934504039717305057308,4,4934504039717305057308,4,7
large_integer,26834,4934504039717305057310,4,4934504039717305057310,4,7
large_integer,26835,4943727411754159833118,4,4943727411754159833118,4,7
large_integer,26836,4934504039717305057312,4,4934504039717305057312,4,7
large_integer,26837,4943727411754159833120,4,4943727411754159833120,4,7
large_integer,26838,4943727411754159833122,4,4943727411754159833122,4,7
large_integer,26839,4952950783791014608930,4,4952950783791014608930,4,7
large_integer,26840,4934504039717305057314,4,4934504039717305057314,4,7
large_integer,26841,4943727411754159833122,4,4943727411754159833122,4,7
large_integer,26842,4943727411754159833124,4,4943727411754159833124,4,7
large_integer,26843,4952950783791014608932,4,4952950783791014608932,4,7
large_integer,26844,4943727411754159833126,4,4943727411754159833126,4,7
large_integer,26845,4952950783791014608934,4,4952950783791014608934,4,7
large_integer,26846,4952950783791014608936,4,4952950783791014608936,4,7
large_integer,26847,4962174155827869384744,4,4962174155827869384744,4,7
large_integer,26848,3707795558815619874846,3,3707795558815619874846,3,7
large_integer,26849,4934504039717305057310,4,4934504039717305057310,4,7
large_integer,26850,4934504039717305057312,4,4934504039717305057312,4,7
large_integer,26851,4943727411754159833120,4,4943727411754159833120,4,7
large_integer,26852,4934504039717305057314,4,4934504039717305057314,4,7
large_integer,26853,4943727411754159833122,4,4943727411754159833122,4,7
large_integer,26854,4943727411754159833124,4,4943727411754159833124,4,7
large_integer,26855,4952950783791014608932,4,4952950783791014608932,4,7
large_integer,26856,4934504039717305057316,4,4934504039717305057316,4,7
large_integer,26857,4943727411754159833124,4,4943727411754159833124,4,7
large_integer,26858,4943727411754159833126,4,4943727411754159833126,4,7
large_integer,26859,4952950783791014608934,4,4952950783791014608934,4,7
large_integer,26860,4943727411754159833128,4,4943727411754159833128,4,7
large_integer,26861,4952950783791014608936,4,4952950783791014608936,4,7
large_integer,26862,4952950783791014608938,4,4952950783791014608938,4,7
large_integer,26863,4962174155827869384746,4,4962174155827869384746,4,7
large_integer,26864,3717018930852474650654,3,3717018930852474650654,3,7
large_integer,26865,4943727411754159833118,4,4943727411754159833118,4,7
large_integer,26866,4943727411754159833120,4,4943727411754159833120,4,7
large_integer,26867,4952950783791014608928,4,4952950783791014608928,4,7
large_integer,26868,4943727411754159833122,4,4943727411754159833122,4,7
large_integer,26869,4952950783791014608930,4,4952950783791014608930,4,7
large_integer,26870,4952950783791014608932,4,4952950783791014608932,4,7
large_integer,26871,4962174155827869384740,4,4962174155827869384740,4,7
large_integer,26872,4943727411754159833124,4,4943727411754159833124,4,7
large_integer,26873,4952950783791014608932,4,4952950783791014608932,4,7
large_integer,26874,4952950783791014608934,4,4952950783791014608934,4,7
large_integer,26875,4962174155827869384742,4,4962174155827869384742,4,7
large_integer,26876,4952950783791014608936,4,4952950783791014608936,4,7
large_integer,26877,4962174155827869384744,4,4962174155827869384744,4,7
large_integer,26878,4962174155827869384746,4,4962174155827869384746,4,7
large_integer,26879,4971397527864724160554,4,4971397527864724160554,4,7
large_integer,26880,2471863705877079916561,2,2471863705877079916561,2,7
large_integer,26881,3698572186778765099025,3,3698572186778765099025,3,7
large_integer,26882,3698572186778765099027,3,3698572186778765099027,3,7
large_integer,26883,3707795558815619874835,3,3707795558815619874835,3,7
large_integer,26884,3698572186778765099029,3,3698572186778765099029,3,7
large_integer,26885,3707795558815619874837,3,3707795558815619874837,3,7
large_integer,26886,3707795558815619874839,3,3707795558815619874839,3,7
large_integer,26887,3717018930852474650647,3,3717018930852474650647,3,7
large_integer,26888,3698572186778765099031,3,3698572186778765099031,3,7
large_integer,26889,3707795558815619874839,3,3707795558815619874839,3,7
large_integer,26890,3707795558815619874841,3,3707795558815619874841,3,7
large_integer,26891,3717018930852474650649,3,3717018930852474650649,3,7
large_integer,26892,3707795558815619874843,3,3707795558815619874843,3,7
large_integer,26893,3717018930852474650651,3,3717018930852474650651,3,7
large_integer,26894,3717018930852474650653,3,3717018930852474650653,3,7
large_integer,26895,3726242302889329426461,3,3726242302889329426461,3,7
large_integer,26896,3698572186778765099026,3,3698572186778765099026,3,7
large_integer,26897,4925280667680450281490,4,4925280667680450281490,4,7
large_integer,26898,4925280667680450281492,4,4925280667680450281492,4,7
large_integer,26899,4934504039717305057300,4,4934504039717305057300,4,7
large_integer,26900,4925280667680450281494,4,4925280667680450281494,4,7
large_integer,26901,4934504039717305057302,4,4934504039717305057302,4,7
large_integer,26902,4934504039717305057304,4,4934504039717305057304,4,7
large_integer,26903,4943727411754159833112,4,4943727411754159833112,4,7
large_integer,26904,4925280667680450281496,4,4925280667680450281496,4,7
large_integer,26905,4934504039717305057304,4,4934504039717305057304,4,7
large_integer,26906,4934504039717305057306,4,4934504039717305057306,4,7
large_integer,26907,4943727411754159833114,4,4943727411754159833114,4,7
large_integer,26908,4934504039717305057308,4,4934504039717305057308,4,7
large_integer,26909,4943727411754159833116,4,4943727411754159833116,4,7
large_integer,26910,4943727411754159833118,4,4943727411754159833118,4,7
large_integer,26911,4952950783791014608926,4,4952950783791014608926,4,7
large_integer,26912,3698572186778765099028,3,3698572186778765099028,3,7
large_integer,26913,4925280667680450281492,4,4925280667680450281492,4,7
large_integer,26914,4925280667680450281494,4,4925280667680450281494,4,7
large_integer,26915,4934504039717305057302,4,4934504039717305057302,4,7
large_integer,26916,4925280667680450281496,4,4925280667680450281496,4,7
large_integer,26917,4934504039717305057304,4,4934504039717305057304,4,7
large_integer,26918,4934504039717305057306,4,4934504039717305057306,4,7
large_integer,26919,4943727411754159833114,4,4943727411754159833114,4,7
large_integer,26920,4925280667680450281498,4,4925280667680450281498,4,7
large_integer,26921,4934504039717305057306,4,4934504039717305057306,4,7
large_integer,26922,4934504039717305057308,4,4934504039717305057308,4,7
large_integer,26923,4943727411754159833116,4,4943727411754159833116,4,7
large_integer,26924,4934504039717305057310,4,4934504039717305057310,4,7
large_integer,26925,4943727411754159833118,4,4943727411754159833118,4,7
large_integer,26926,4943727411754159833120,4,4943727411754159833120,4,7
large_integer,26927,4952950783791014608928,4,4952950783791014608928,4,7
large_integer,26928,3707795558815619874836,3,3707795558815619874836,3,7
large_integer,26929,4934504039717305057300,4,4934504039717305057300,4,7
large_integer,26930,4934504039717305057302,4,4934504039717305057302,4,7
large_integer,26931,4943727411754159833110,4,4943727411754159833110,4,7
large_integer,26932,4934504039717305057304,4,4934504039717305057304,4,7
large_integer,26933,4943727411754159833112,4,4943727411754159833112,4,7
large_integer,26934,4943727411754159833114,4,4943727411754159833114,4,7
large_integer,26935,4952950783791014608922,4,4952950783791014608922,4,7
large_integer,26936,4934504039717305057306,4,4934504039717305057306,4,7
large_integer,26937,4943727411754159833114,4,4943727411754159833114,4,7
large_integer,26938,4943727411754159833116,4,4943727411754159833116,4,7
large_integer,26939,4952950783791014608924,4,4952950783791014608924,4,7
large_integer,26940,4943727411754159833118,4,4943727411754159833118,4,7
large_integer,26941,4952950783791014608926,4,4952950783791014608926,4,7
large_integer,26942,4952950783791014608928,4,4952950783791014608928,4,7
large_integer,26943,4962174155827869384736,4,4962174155827869384736,4,7
large_integer,26944,3698572186778765099030,3,3698572186778765099030,3,7
large_integer,26945,4925280667680450281494,4,4925280667680450281494,4,7
large_integer,26946,4925280667680450281496,4,4925280667680450281496,4,7
large_integer,26947,4934504039717305057304,4,4934504039717305057304,4,7
large_integer,26948,4925280667680450281498,4,4925280667680450281498,4,7
large_integer,26949,4934504039717305057306,4,4934504039717305057306,4,7
large_integer,26950,4934504039717305057308,4,4934504039717305057308,4,7
large_integer,26951,4943727411754159833116,4,4943727411754159833116,4,7
large_integer,26952,4925280667680450281500,4,4925280667680450281500,4,7
large_integer,26953,4934504039717305057308,4,4934504039717305057308,4,7
large_integer,26954,4934504039717305057310,4,4934504039717305057310,4,7
large_integer,26955,4943727411754159833118,4,4943727411754159833118,4,7
large_integer,26956,4934504039717305057312,4,4934504039717305057312,4,7
large_integer,26957,4943727411754159833120,4,4943727411754159833120,4,7
large_integer,26958,4943727411754159833122,4,4943727411754159833122,4,7
large_integer,26959,4952950783791014608930,4,4952950783791014608930,4,7
large_integer,26960,3707795558815619874838,3,3707795558815619874838,3,7
large_integer,26961,4934504039717305057302,4,4934504039717305057302,4,7
large_integer,26962,4934504039717305057304,4,4934504039717305057304,4,7
large_integer,26963,4943727411754159833112,4,4943727411754159833112,4,7
large_integer,26964,4934504039717305057306,4,4934504039717305057306,4,7
large_integer,26965,4943727411754159833114,4,4943727411754159833114,4,7
large_integer,26966,4943727411754159833116,4,4943727411754159833116,4,7
large_integer,26967,4952950783791014608924,4,4952950783791014608924,4,7
large_integer,26968,4934504039717305057308,4,4934504039717305057308,4,7
large_integer,26969,4943727411754159833116,4,4943727411754159833116,4,7
large_integer,26970,4943727411754159833118,4,4943727411754159833118,4,7
large_integer,26971,4952950783791014608926,4,4952950783791014608926,4,7
large_integer,26972,4943727411754159833120,4,4943727411754159833120,4,7
large_integer,26973,4952950783791014608928,4,4952950783791014608928,4,7
large_integer,26974,4952950783791014608930,4,4952950783791014608930,4,7
large_integer,26975,4962174155827869384738,4,4962174155827869384738,4,7
large_integer,26976,3707795558815619874840,3,3707795558815619874840,3,7
large_integer,26977,4934504039717305057304,4,4934504039717305057304,4,7
large_integer,26978,4934504039717305057306,4,4934504039717305057306,4,7
large_integer,26979,4943727411754159833114,4,4943727411754159833114,4,7
large_integer,26980,4934504039717305057308,4,4934504039717305057308,4,7
large_integer,26981,4943727411754159833116,4,4943727411754159833116,4,7
large_integer,26982,4943727411754159833118,4,4943727411754159833118,4,7
large_integer,26983,4952950783791014608926,4,4952950783791014608926,4,7
large_integer,26984,4934504039717305057310,4,4934504039717305057310,4,7
large_integer,26985,4943727411754159833118,4,4943727411754159833118,4,7
large_integer,26986,4943727411754159833120,4,4943727411754159833120,4,7
large_integer,26987,4952950783791014608928,4,4952950783791014608928,4,7
large_integer,26988,4943727411754159833122,4,4943727411754159833122,4,7
large_integer,26989,4952950783791014608930,4,4952950783791014608930,4,7
large_integer,26990,4952950783791014608932,4,4952950783791014608932,4,7
large_integer,26991,4962174155827869384740,4,4962174155827869384740,4,7
large_integer,26992,3717018930852474650648,3,3717018930852474650648,3,7
large_integer,26993,4943727411754159833112,4,4943727411754159833112,4,7
large_integer,26994,4943727411754159833114,4,4943727411754159833114,4,7
large_integer,26995,4952950783791014608922,4,4952950783791014608922,4,7
large_integer,26996,4943727411754159833116,4,4943727411754159833116,4,7
large_integer,26997,4952950783791014608924,4,4952950783791014608924,4,7
large_integer,26998,4952950783791014608926,4,4952950783791014608926,4,7
large_integer,26999,4962174155827869384734,4,4962174155827869384734,4,7
large_integer,27000,4943727411754159833118,4,4943727411754159833118,4,7
large_integer,27001,4952950783791014608926,4,4952950783791014608926,4,7
large_integer,27002,4952950783791014608928,4,4952950783791014608928,4,7
large_integer,27003,4962174155827869384736,4,4962174155827869384736,4,7
large_integer,27004,4952950783791014608930,4,4952950783791014608930,4,7
large_integer,27005,4962174155827869384738,4,4962174155827869384738,4,7
large_integer,27006,4962174155827869384740,4,4962174155827869384740,4,7
large_integer,27007,4971397527864724160548,4,4971397527864724160548,4,7
large_integer,27008,3698572186778765099032,3,3698572186778765099032,3,7
large_integer,27009,4925280667680450281496,4,4925280667680450281496,4,7
large_integer,27010,4925280667680450281498,4,4925280667680450281498,4,7
large_integer,27011,4934504039717305057306,4,4934504039717305057306,4,7
large_integer,27012,4925280667680450281500,4,4925280667680450281500,4,7
large_integer,27013,4934504039717305057308,4,4934504039717305057308,4,7
large_integer,27014,4934504039717305057310,4,4934504039717305057310,4,7
large_integer,27015,4943727411754159833118,4,4943727411754159833118,4,7
large_integer,27016,4925280667680450281502,4,4925280667680450281502,4,7
large_integer,27017,4934504039717305057310,4,4934504039717305057310,4,7
large_integer,27018,4934504039717305057312,4,4934504039717305057312,4,7
large_integer,27019,4943727411754159833120,4,4943727411754159833120,4,7
large_integer,27020,4934504039717305057314,4,4934504039717305057314,4,7
large_integer,27021,4943727411754159833122,4,4943727411754159833122,4,7
large_integer,27022,4943727411754159833124,4,4943727411754159833124,4,7
large_integer,27023,4952950783791014608932,4,4952950783791014608932,4,7
large_integer,27024,3707795558815619874840,3,3707795558815619874840,3,7
large_integer,27025,4934504039717305057304,4,4934504039717305057304,4,7
large_integer,27026,4934504039717305057306,4,4934504039717305057306,4,7
large_integer,27027,4943727411754159833114,4,4943727411754159833114,4,7
large_integer,27028,4934504039717305057308,4,4934504039717305057308,4,7
large_integer,27029,4943727411754159833116,4,4943727411754159833116,4,7
large_integer,27030,4943727411754159833118,4,4943727411754159833118,4,7
large_integer,27031,4952950783791014608926,4,4952950783791014608926,4,7
large_integer,27032,4934504039717305057310,4,4934504039717305057310,4,7
large_integer,27033,4943727411754159833118,4,4943727411754159833118,4,7
large_integer,27034,4943727411754159833120,4,4943727411754159833120,4,7
large_integer,27035,4952950783791014608928,4,4952950783791014608928,4,7
large_integer,27036,4943727411754159833122,4,4943727411754159833122,4,7
large_integer,27037,4952950783791014608930,4,4952950783791014608930,4,7
large_integer,27038,4952950783791014608932,4,4952950783791014608932,4,7
large_integer,27039,4962174155827869384740,4,4962174155827869384740,4,7
large_integer,27040,3707795558815619874842,3,3707795558815619874842,3,7
large_integer,27041,4934504039717305057306,4,4934504039717305057306,4,7
large_integer,27042,4934504039717305057308,4,4934504039717305057308,4,7
large_integer,27043,4943727411754159833116,4,4943727411754159833116,4,7
large_integer,27044,4934504039717305057310,4,4934504039717305057310,4,7
large_integer,27045,4943727411754159833118,4,4943727411754159833118,4,7
large_integer,27046,4943727411754159833120,4,4943727411754159833120,4,7
large_integer,27047,4952950783791014608928,4,4952950783791014608928,4,7
large_integer,27048,4934504039717305057312,4,4934504039717305057312,4,7
large_integer,27049,4943727411754159833120,4,4943727411754159833120,4,7
large_integer,27050,4943727411754159833122,4,4943727411754159833122,4,7
large_integer,27051,4952950783791014608930,4,4952950783791014608930,4,7
large_integer,27052,4943727411754159833124,4,4943727411754159833124,4,7
large_integer,27053,4952950783791014608932,4,4952950783791014608932,4,7
large_integer,27054,4952950783791014608934,4,4952950783791014608934,4,7
large_integer,27055,4962174155827869384742,4,4962174155827869384742,4,7
large_integer,27056,3717018930852474650650,3,3717018930852474650650,3,7
large_integer,27057,4943727411754159833114,4,4943727411754159833114,4,7
large_integer,27058,4943727411754159833116,4,4943727411754159833116,4,7
large_integer,27059,4952950783791014608924,4,4952950783791014608924,4,7
large_integer,27060,4943727411754159833118,4,4943727411754159833118,4,7
large_integer,27061,4952950783791014608926,4,4952950783791014608926,4,7
large_integer,27062,4952950783791014608928,4,4952950783791014608928,4,7
large_integer,27063,4962174155827869384736,4,4962174155827869384736,4,7
large_integer,27064,4943727411754159833120,4,4943727411754159833120,4,7
large_integer,27065,4952950783791014608928,4,4952950783791014608928,4,7
large_integer,27066,4952950783791014608930,4,4952950783791014608930,4,7
large_integer,27067,4962174155827869384738,4,4962174155827869384738,4,7
large_integer,27068,4952950783791014608932,4,4952950783791014608932,4,7
large_integer,27069,4962174155827869384740,4,4962174155827869384740,4,7
large_integer,27070,4962174155827869384742,4,4962174155827869384742,4,7
large_integer,27071,4971397527864724160550,4,4971397527864724160550,4,7
large_integer,27072,3707795558815619874844,3,3707795558815619874844,3,7
large_integer,27073,4934504039717305057308,4,4934504039717305057308,4,7
large_integer,27074,4934504039717305057310,4,4934504039717305057310,4,7
large_integer,27075,4943727411754159833118,4,4943727411754159833118,4,7
large_integer,27076,4934504039717305057312,4,4934504039717305057312,4,7
large_integer,27077,4943727411754159833120,4,4943727411754159833120,4,7
large_integer,27078,4943727411754159833122,4,4943727411754159833122,4,7
large_integer,27079,4952950783791014608930,4,4952950783791014608930,4,7
large_integer,27080,4934504039717305057314,4,4934504039717305057314,4,7
large_integer,27081,4943727411754159833122,4,4943727411754159833122,4,7
large_integer,27082,4943727411754159833124,4,4943727411754159833124,4,7
large_integer,27083,4952950783791014608932,4,4952950783791014608932,4,7
large_integer,27084,4943727411754159833126,4,4943727411754159833126,4,7
large_integer,27085,4952950783791014608934,4,4952950783791014608934,4,7
large_integer,27086,4952950783791014608936,4,4952950783791014608936,4,7
large_integer,27087,4962174155827869384744,4,4962174155827869384744,4,7
large_integer,27088,3717018930852474650652,3,3717018930852474650652,3,7
large_integer,27089,4943727411754159833116,4,4943727411754159833116,4,7
large_integer,27090,4943727411754159833118,4,4943727411754159833118,4,7
large_integer,27091,4952950783791014608926,4,4952950783791014608926,4,7
large_integer,27092,4943727411754159833120,4,4943727411754159833120,4,7
large_integer,27093,4952950783791014608928,4,4952950783791014608928,4,7
large_integer,27094,4952950783791014608930,4,4952950783791014608930,4,7
large_integer,27095,4962174155827869384738,4,4962174155827869384738,4,7
large_integer,27096,4943727411754159833122,4,4943727411754159833122,4,7
large_integer,27097,4952950783791014608930,4,4952950783791014608930,4,7
large_integer,27098,4952950783791014608932,4,4952950783791014608932,4,7
large_integer,27099,4962174155827869384740,4,4962174155827869384740,4,7
large_integer,27100,4952950783791014608934,4,4952950783791014608934,4,7
large_integer,27101,4962174155827869384742,4,4962174155827869384742,4,7
large_integer,27102,4962174155827869384744,4,4962174155827869384744,4,7
large_integer,27103,4971397527864724160552,4,4971397527864724160552,4,7
large_integer,27104,3717018930852474650654,3,3717018930852474650654,3,7
large_integer,27105,4943727411754159833118,4,4943727411754159833118,4,7
large_integer,27106,4943727411754159833120,4,4943727411754159833120,4,7
large_integer,27107,4952950783791014608928,4,4952950783791014608928,4,7
large_integer,27108,4943727411754159833122,4,4943727411754159833122,4,7
large_integer,27109,4952950783791014608930,4,4952950783791014608930,4,7
large_integer,27110,4952950783791014608932,4,4952950783791014608932,4,7
large_integer,27111,4962174155827869384740,4,4962174155827869384740,4,7
large_integer,27112,4943727411754159833124,4,4943727411754159833124,4,7
large_integer,27113,4952950783791014608932,4,4952950783791014608932,4,7
large_integer,27114,4952950783791014608934,4,4952950783791014608934,4,7
large_integer,27115,4962174155827869384742,4,4962174155827869384742,4,7
large_integer,27116,4952950783791014608936,4,4952950783791014608936,4,7
large_integer,27117,4962174155827869384744,4,4962174155827869384744,4,7
large_integer,27118,4962174155827869384746,4,4962174155827869384746,4,7
large_integer,27119,4971397527864724160554,4,4971397527864724160554,4,7
large_integer,27120,3726242302889329426462,3,3726242302889329426462,3,7
large_integer,27121,4952950783791014608926,4,4952950783791014608926,4,7
large_integer,27122,4952950783791014608928,4,4952950783791014608928,4,7
large_integer,27123,4962174155827869384736,4,4962174155827869384736,4,7
large_integer,27124,4952950783791014608930,4,4952950783791014608930,4,7
large_integer,27125,4962174155827869384738,4,4962174155827869384738,4,7
large_integer,27126,4962174155827869384740,4,4962174155827869384740,4,7
large_integer,27127,4971397527864724160548,4,4971397527864724160548,4,7
large_integer,27128,4952950783791014608932,4,4952950783791014608932,4,7
large_integer,27129,4962174155827869384740,4,4962174155827869384740,4,7
large_integer,27130,4962174155827869384742,4,4962174155827869384742,4,7
large_integer,27131,4971397527864724160550,4,4971397527864724160550,4,7
large_integer,27132,4962174155827869384744,4,4962174155827869384744,4,7
large_integer,27133,4971397527864724160552,4,4971397527864724160552,4,7
large_integer,27134,4971397527864724160554,4,4971397527864724160554,4,7
large_integer,27135,4980620899901578936362,4,4980620899901578936362,4,7
large_integer,27136,2471863705877079916563,2,3717018930852474650646,3,9
large_integer,27137,3698572186778765099027,3,4943727411754159833110,4,9
large_integer,27138,3698572186778765099029,3,4943727411754159833112,4,9
large_integer,27139,3707795558815619874837,3,4952950783791014608920,4,9
large_integer,27140,3698572186778765099031,3,4943727411754159833114,4,9
large_integer,27141,3707795558815619874839,3,4952950783791014608922,4,9
large_integer,27142,3707795558815619874841,3,4952950783791014608924,4,9
large_integer,27143,3717018930852474650649,3,4962174155827869384732,4,9
large_integer,27144,3698572186778765099033,3,4943727411754159833116,4,9
large_integer,27145,3707795558815619874841,3,4952950783791014608924,4,9
large_integer,27146,3707795558815619874843,3,4952950783791014608926,4,9
large_integer,27147,3717018930852474650651,3,4962174155827869384734,4,9
large_integer,27148,3707795558815619874845,3,4952950783791014608928,4,9
large_integer,27149,3717018930852474650653,3,4962174155827869384736,4,9
large_integer,27150,3717018930852474650655,3,4962174155827869384738,4,9
large_integer,27151,3726242302889329426463,3,4971397527864724160546,4,9
large_integer,27152,3698572186778765099028,3,4943727411754159833111,4,9
large_integer,27153,4925280667680450281492,4,6170435892655845015575,5,9
large_integer,27154,4925280667680450281494,4,6170435892655845015577,5,9
large_integer,27155,4934504039717305057302,4,6179659264692699791385,5,9
large_integer,27156,4925280667680450281496,4,6170435892655845015579,5,9
large_integer,27157,4934504039717305057304,4,6179659264692699791387,5,9
large_integer,27158,4934504039717305057306,4,6179659264692699791389,5,9
large_integer,27159,4943727411754159833114,4,6188882636729554567197,5,9
large_integer,27160,4925280667680450281498,4,6170435892655845015581,5,9
large_integer,27161,4934504039717305057306,4,6179659264692699791389,5,9
large_integer,27162,4934504039717305057308,4,6179659264692699791391,5,9
large_integer,27163,4943727411754159833116,4,6188882636729554567199,5,9
large_integer,27164,4934504039717305057310,4,6179659264692699791393,5,9
large_integer,27165,4943727411754159833118,4,6188882636729554567201,5,9
large_integer,27166,4943727411754159833120,4,6188882636729554567203,5,9
large_integer,27167,4952950783791014608928,4,6198106008766409343011,5,9
large_integer,27168,3698572186778765099030,3,3753912418999893753879,3,11
large_integer,27169,4925280667680450281494,4,4980620899901578936343,4,11
large_integer,27170,3790805907147312857111,3,3790805907147312857111,3,13
large_integer,27171,4934504039717305057304,4,5017514388048998039575,4,13
large_integer,27172,4925280667680450281498,4,4980620899901578936347,4,11
large_integer,27173,4934504039717305057306,4,4989844271938433712155,4,11
large_integer,27174,4934504039717305057308,4,5017514388048998039579,4,13
large_integer,27175,4943727411754159833116,4,5026737760085852815387,4,13
large_integer,27176,4925280667680450281500,4,4980620899901578936349,4,11
large_integer,27177,4934504039717305057308,4,4989844271938433712157,4,11
large_integer,27178,4934504039717305057310,4,5017514388048998039581,4,13
large_integer,27179,4943727411754159833118,4,5026737760085852815389,4,13
large_integer,27180,4934504039717305057312,4,4989844271938433712161,4,11
large_integer,27181,4943727411754159833120,4,4999067643975288487969,4,11
large_integer,27182,4943727411754159833122,4,5026737760085852815393,4,13
large_integer,27183,4952950783791014608930,4,5035961132122707591201,4,13
large_integer,27184,3707795558815619874838,3,4980620899901578936344,4,11
large_integer,27185,4934504039717305057302,4,6207329380803264118808,5,11
large_integer,27186,4934504039717305057304,4,5017514388048998039576,4,13
large_integer,27187,4943727411754159833112,4,6244222868950683222040,5,13
large_integer,27188,4934504039717305057306,4,6207329380803264118812,5,11
large_integer,27189,4943727411754159833114,4,6216552752840118894620,5,11
large_integer,27190,4943727411754159833116,4,6244222868950683222044,5,13
large_integer,27191,4952950783791014608924,4,6253446240987537997852,5,13
large_integer,27192,4934504039717305057308,4,6207329380803264118814,5,11
large_integer,27193,4943727411754159833116,4,6216552752840118894622,5,11
large_integer,27194,4943727411754159833118,4,6244222868950683222046,5,13
large_integer,27195,4952950783791014608926,4,6253446240987537997854,5,13
large_integer,27196,4943727411754159833120,4,6216552752840118894626,5,11
large_integer,27197,4952950783791014608928,4,6225776124876973670434,5,11
large_integer,27198,4952950783791014608930,4,6253446240987537997858,5,13
large_integer,27199,4962174155827869384738,4,6262669613024392773666,5,13
large_integer,27200,3698572186778765099032,3,4943727411754159833115,4,9
large_integer,27201,4925280667680450281496,4,6170435892655845015579,5,9
large_integer,27202,4925280667680450281498,4,6170435892655845015581,5,9
large_integer,27203,4934504039717305057306,4,6179659264692699791389,5,9
large_integer,27204,4925280667680450281500,4,6170435892655845015583,5,9
large_integer,27205,4934504039717305057308,4,6179659264692699791391,5,9
large_integer,27206,4934504039717305057310,4,6179659264692699791393,5,9
large_integer,27207,4943727411754159833118,4,6188882636729554567201,5,9
large_integer,27208,4925280667680450281502,4,6170435892655845015585,5,9
large_integer,27209,4934504039717305057310,4,6179659264692699791393,5,9
large_integer,27210,4934504039717305057312,4,6179659264692699791395,5,9
large_integer,27211,4943727411754159833120,4,6188882636729554567203,5,9
large_integer,27212,4934504039717305057314,4,6179659264692699791397,5,9
large_integer,27213,4943727411754159833122,4,6188882636729554567205,5,9
large_integer,27214,4943727411754159833124,4,6188882636729554567207,5,9
large_integer,27215,4952950783791014608932,4,6198106008766409343015,5,9
large_integer,27216,3707795558815619874840,3,4952950783791014608923,4,9
large_integer,27217,4934504039717305057304,4,6179659264692699791387,5,9
large_integer,27218,4934504039717305057306,4,6179659264692699791389,5,9
large_integer,27219,4943727411754159833114,4,6188882636729554567197,5,9
large_integer,27220,4934504039717305057308,4,6179659264692699791391,5,9
large_integer,27221,4943727411754159833116,4,6188882636729554567199,5,9
large_integer,27222,4943727411754159833118,4,6188882636729554567201,5,9
large_integer,27223,4952950783791014608926,4,6198106008766409343009,5,9
large_integer,27224,4934504039717305057310,4,6179659264692699791393,5,9
large_integer,27225,4943727411754159833118,4,6188882636729554567201,5,9
large_integer,27226,4943727411754159833120,4,6188882636729554567203,5,9
large_integer,27227,4952950783791014608928,4,6198106008766409343011,5,9
large_integer,27228,4943727411754159833122,4,6188882636729554567205,5,9
large_integer,27229,4952950783791014608930,4,6198106008766409343013,5,9
large_integer,27230,4952950783791014608932,4,6198106008766409343015,5,9
large_integer,27231,4962174155827869384740,4,6207329380803264118823,5,9
large_integer,27232,3707795558815619874842,3,4980620899901578936348,4,11
large_integer,27233,4934504039717305057306,4,6207329380803264118812,5,11
large_integer,27234,4934504039717305057308,4,5017514388048998039580,4,13
large_integer,27235,4943727411754159833116,4,6244222868950683222044,5,13
large_integer,27236,4934504039717305057310,4,6207329380803264118816,5,11
large_integer,27237,4943727411754159833118,4,6216552752840118894624,5,11
large_integer,27238,4943727411754159833120,4,6244222868950683222048,5,13
large_integer,27239,4952950783791014608928,4,6253446240987537997856,5,13
large_integer,27240,4934504039717305057312,4,6207329380803264118818,5,11
large_integer,27241,4943727411754159833120,4,6216552752840118894626,5,11
large_integer,27242,4943727411754159833122,4,6244222868950683222050,5,13
large_integer,27243,4952950783791014608930,4,6253446240987537997858,5,13
large_integer,27244,4943727411754159833124,4,6216552752840118894630,5,11
large_integer,27245,4952950783791014608932,4,6225776124876973670438,5,11
large_integer,27246,4952950783791014608934,4,6253446240987537997862,5,13
large_integer,27247,4962174155827869384742,4,6262669613024392773670,5,13
large_integer,27248,3717018930852474650650,3,4989844271938433712156,4,11
large_integer,27249,4943727411754159833114,4,6216552752840118894620,5,11
large_integer,27250,4943727411754159833116,4,5026737760085852815388,4,13
large_integer,27251,4952950783791014608924,4,6253446240987537997852,5,13
large_integer,27252,4943727411754159833118,4,6216552752840118894624,5,11
large_integer,27253,4952950783791014608926,4,6225776124876973670432,5,11
large_integer,27254,4952950783791014608928,4,6253446240987537997856,5,13
large_integer,27255,4962174155827869384736,4,6262669613024392773664,5,13
large_integer,27256,4943727411754159833120,4,6216552752840118894626,5,11
large_integer,27257,4952950783791014608928,4,6225776124876973670434,5,11
large_integer,27258,4952950783791014608930,4,6253446240987537997858,5,13
large_integer,27259,4962174155827869384738,4,6262669613024392773666,5,13
large_integer,27260,4952950783791014608932,4,6225776124876973670438,5,11
large_integer,27261,4962174155827869384740,4,6234999496913828446246,5,11
large_integer,27262,4962174155827869384742,4,6262669613024392773670,5,13
large_integer,27263,4971397527864724160550,4,6271892985061247549478,5,13
large_integer,27264,3698572186778765099034,3,4943727411754159833117,4,9
large_integer,27265,4925280667680450281498,4,6170435892655845015581,5,9
large_integer,27266,4925280667680450281500,4,6170435892655845015583,5,9
large_integer,27267,4934504039717305057308,4,6179659264692699791391,5,9
large_integer,27268,4925280667680450281502,4,6170435892655845015585,5,9
large_integer,27269,4934504039717305057310,4,6179659264692699791393,5,9
large_integer,27270,4934504039717305057312,4,6179659264692699791395,5,9
large_integer,27271,4943727411754159833120,4,6188882636729554567203,5,9
large_integer,27272,4925280667680450281504,4,6170435892655845015587,5,9
large_integer,27273,4934504039717305057312,4,6179659264692699791395,5,9
large_integer,27274,4934504039717305057314,4,6179659264692699791397,5,9
large_integer,27275,4943727411754159833122,4,6188882636729554567205,5,9
large_integer,27276,4934504039717305057316,4,6179659264692699791399,5,9
large_integer,27277,4943727411754159833124,4,6188882636729554567207,5,9
large_integer,27278,4943727411754159833126,4,6188882636729554567209,5,9
large_integer,27279,4952950783791014608934,4,6198106008766409343017,5,9
large_integer,27280,3707795558815619874842,3,4952950783791014608925,4,9
large_integer,27281,4934504039717305057306,4,6179659264692699791389,5,9
large_integer,27282,4934504039717305057308,4,6179659264692699791391,5,9
large_integer,27283,4943727411754159833116,4,6188882636729554567199,5,9
large_integer,27284,4934504039717305057310,4,6179659264692699791393,5,9
large_integer,27285,4943727411754159833118,4,6188882636729554567201,5,9
large_integer,27286,4943727411754159833120,4,6188882636729554567203,5,9
large_integer,27287,4952950783791014608928,4,6198106008766409343011,5,9
large_integer,27288,4934504039717305057312,4,6179659264692699791395,5,9
large_integer,27289,4943727411754159833120,4,6188882636729554567203,5,9
large_integer,27290,4943727411754159833122,4,6188882636729554567205,5,9
large_integer,27291,4952950783791014608930,4,6198106008766409343013,5,9
large_integer,27292,4943727411754159833124,4,6188882636729554567207,5,9
large_integer,27293,4952950783791014608932,4,6198106008766409343015,5,9
large_integer,27294,4952950783791014608934,4,6198106008766409343017,5,9
large_integer,27295,4962174155827869384742,4,6207329380803264118825,5,9
large_integer,27296,3707795558815619874844,3,4980620899901578936350,4,11
large_integer,27297,4934504039717305057308,4,6207329380803264118814,5,11
large_integer,27298,4934504039717305057310,4,5017514388048998039582,4,13
large_integer,27299,4943727411754159833118,4,6244222868950683222046,5,13
large_integer,27300,4934504039717305057312,4,6207329380803264118818,5,11
large_integer,27301,4943727411754159833120,4,6216552752840118894626,5,11
large_integer,27302,4943727411754159833122,4,6244222868950683222050,5,13
large_integer,27303,4952950783791014608930,4,6253446240987537997858,5,13
large_integer,27304,4934504039717305057314,4,6207329380803264118820,5,11
large_integer,27305,4943727411754159833122,4,6216552752840118894628,5,11
large_integer,27306,4943727411754159833124,4,6244222868950683222052,5,13
large_integer,27307,4952950783791014608932,4,6253446240987537997860,5,13
large_integer,27308,4943727411754159833126,4,6216552752840118894632,5,11
large_integer,27309,4952950783791014608934,4,6225776124876973670440,5,11
large_integer,27310,4952950783791014608936,4,6253446240987537997864,5,13
large_integer,27311,4962174155827869384744,4,6262669613024392773672,5,13
large_integer,27312,3717018930852474650652,3,4989844271938433712158,4,11
large_integer,27313,4943727411754159833116,4,6216552752840118894622,5,11
large_integer,27314,4943727411754159833118,4,5026737760085852815390,4,13
large_integer,27315,4952950783791014608926,4,6253446240987537997854,5,13
large_integer,27316,4943727411754159833120,4,6216552752840118894626,5,11
large_integer,27317,4952950783791014608928,4,6225776124876973670434,5,11
large_integer,27318,4952950783791014608930,4,6253446240987537997858,5,13
large_integer,27319,4962174155827869384738,4,6262669613024392773666,5,13
large_integer,27320,4943727411754159833122,4,6216552752840118894628,5,11
large_integer,27321,4952950783791014608930,4,6225776124876973670436,5,11
large_integer,27322,4952950783791014608932,4,6253446240987537997860,5,13
large_integer,27323,4962174155827869384740,4,6262669613024392773668,5,13
large_integer,27324,4952950783791014608934,4,6225776124876973670440,5,11
large_integer,27325,4962174155827869384742,4,6234999496913828446248,5,11
large_integer,27326,4962174155827869384744,4,6262669613024392773672,5,13
large_integer,27327,4971397527864724160552,4,6271892985061247549480,5,13
large_integer,27328,3707795558815619874846,3,4952950783791014608929,4,9
large_integer,27329,4934504039717305057310,4,6179659264692699791393,5,9
large_integer,27330,4934504039717305057312,4,6179659264692699791395,5,9
large_integer,27331,4943727411754159833120,4,6188882636729554567203,5,9
large_integer,27332,4934504039717305057314,4,6179659264692699791397,5,9
large_integer,27333,4943727411754159833122,4,6188882636729554567205,5,9
large_integer,27334,4943727411754159833124,4,6188882636729554567207,5,9
large_integer,27335,4952950783791014608932,4,6198106008766409343015,5,9
large_integer,27336,4934504039717305057316,4,6179659264692699791399,5,9
large_integer,27337,4943727411754159833124,4,6188882636729554567207,5,9
large_integer,27338,4943727411754159833126,4,6188882636729554567209,5,9
large_integer,27339,4952950783791014608934,4,6198106008766409343017,5,9
large_integer,27340,4943727411754159833128,4,6188882636729554567211,5,9
large_integer,27341,4952950783791014608936,4,6198106008766409343019,5,9
large_integer,27342,4952950783791014608938,4,6198106008766409343021,5,9
large_integer,27343,4962174155827869384746,4,6207329380803264118829,5,9
large_integer,27344,3717018930852474650654,3,4962174155827869384737,4,9
large_integer,27345,4943727411754159833118,4,6188882636729554567201,5,9
large_integer,27346,4943727411754159833120,4,6188882636729554567203,5,9
large_integer,27347,4952950783791014608928,4,6198106008766409343011,5,9
large_integer,27348,4943727411754159833122,4,6188882636729554567205,5,9
large_integer,27349,4952950783791014608930,4,6198106008766409343013,5,9
large_integer,27350,4952950783791014608932,4,6198106008766409343015,5,9
large_integer,27351,4962174155827869384740,4,6207329380803264118823,5,9
large_integer,27352,4943727411754159833124,4,6188882636729554567207,5,9
large_integer,27353,4952950783791014608932,4,6198106008766409343015,5,9
large_integer,27354,4952950783791014608934,4,6198106008766409343017,5,9
large_integer,27355,4962174155827869384742,4,6207329380803264118825,5,9
large_integer,27356,4952950783791014608936,4,6198106008766409343019,5,9
large_integer,27357,4962174155827869384744,4,6207329380803264118827,5,9
large_integer,27358,4962174155827869384746,4,6207329380803264118829,5,9
large_integer,27359,4971397527864724160554,4,6216552752840118894637,5,9
large_integer,27360,3717018930852474650656,3,4989844271938433712162,4,11
large_integer,27361,4943727411754159833120,4,6216552752840118894626,5,11
large_integer,27362,4943727411754159833122,4,5026737760085852815394,4,13
large_integer,27363,4952950783791014608930,4,6253446240987537997858,5,13
large_integer,27364,4943727411754159833124,4,6216552752840118894630,5,11
large_integer,27365,4952950783791014608932,4,6225776124876973670438,5,11
large_integer,27366,4952950783791014608934,4,6253446240987537997862,5,13
large_integer,27367,4962174155827869384742,4,6262669613024392773670,5,13
large_integer,27368,4943727411754159833126,4,6216552752840118894632,5,11
large_integer,27369,4952950783791014608934,4,6225776124876973670440,5,11
large_integer,27370,4952950783791014608936,4,6253446240987537997864,5,13
large_integer,27371,4962174155827869384744,4,6262669613024392773672,5,13
large_integer,27372,4952950783791014608938,4,6225776124876973670444,5,11
large_integer,27373,4962174155827869384746,4,6234999496913828446252,5,11
large_integer,27374,4962174155827869384748,4,6262669613024392773676,5,13
large_integer,27375,4971397527864724160556,4,6271892985061247549484,5,13
large_integer,27376,3726242302889329426464,3,4999067643975288487970,4,11
large_integer,27377,4952950783791014608928,4,6225776124876973670434,5,11
large_integer,27378,4952950783791014608930,4,5035961132122707591202,4,13
large_integer,27379,4962174155827869384738,4,6262669613024392773666,5,13
large_integer,27380,4952950783791014608932,4,6225776124876973670438,5,11
large_integer,27381,4962174155827869384740,4,6234999496913828446246,5,11
large_integer,27382,4962174155827869384742,4,6262669613024392773670,5,13
large_integer,27383,4971397527864724160550,4,6271892985061247549478,5,13
large_integer,27384,4952950783791014608934,4,6225776124876973670440,5,11
large_integer,27385,4962174155827869384742,4,6234999496913828446248,5,11
large_integer,27386,4962174155827869384744,4,6262669613024392773672,5,13
large_integer,27387,4971397527864724160552,4,6271892985061247549480,5,13
large_integer,27388,4962174155827869384746,4,6234999496913828446252,5,11
large_integer,27389,4971397527864724160554,4,6244222868950683222060,5,11
large_integer,27390,4971397527864724160556,4,6271892985061247549484,5,13
large_integer,27391,4980620899901578936364,4,6281116357098102325292,5,13
large_integer,27392,2481087077913934692371,2,3726242302889329426454,3,9
large_integer,27393,3707795558815619874835,3,4952950783791014608918,4,9
large_integer,27394,3707795558815619874837,3,4952950783791014608920,4,9
large_integer,27395,3717018930852474650645,3,4962174155827869384728,4,9
large_integer,27396,3707795558815619874839,3,4952950783791014608922,4,9
large_integer,27397,3717018930852474650647,3,4962174155827869384730,4,9
large_integer,27398,3717018930852474650649,3,4962174155827869384732,4,9
large_integer,27399,3726242302889329426457,3,4971397527864724160540,4,9
large_integer,27400,3707795558815619874841,3,4952950783791014608924,4,9
large_integer,27401,3717018930852474650649,3,4962174155827869384732,4,9
large_integer,27402,3717018930852474650651,3,4962174155827869384734,4,9
large_integer,27403,3726242302889329426459,3,4971397527864724160542,4,9
large_integer,27404,3717018930852474650653,3,4962174155827869384736,4,9
large_integer,27405,3726242302889329426461,3,4971397527864724160544,4,9
large_integer,27406,3726242302889329426463,3,4971397527864724160546,4,9
large_integer,27407,3735465674926184202271,3,4980620899901578936354,4,9
large_integer,27408,3707795558815619874836,3,4952950783791014608919,4,9
large_integer,27409,4934504039717305057300,4,6179659264692699791383,5,9
large_integer,27410,4934504039717305057302,4,6179659264692699791385,5,9
large_integer,27411,4943727411754159833110,4,6188882636729554567193,5,9
large_integer,27412,4934504039717305057304,4,6179659264692699791387,5,9
large_integer,27413,4943727411754159833112,4,6188882636729554567195,5,9
large_integer,27414,4943727411754159833114,4,6188882636729554567197,5,9
large_integer,27415,4952950783791014608922,4,6198106008766409343005,5,9
large_integer,27416,4934504039717305057306,4,6179659264692699791389,5,9
large_integer,27417,4943727411754159833114,4,6188882636729554567197,5,9
large_integer,27418,4943727411754159833116,4,6188882636729554567199,5,9
large_integer,27419,4952950783791014608924,4,6198106008766409343007,5,9
large_integer,27420,4943727411754159833118,4,6188882636729554567201,5,9
large_integer,27421,4952950783791014608926,4,6198106008766409343009,5,9
large_integer,27422,4952950783791014608928,4,6198106008766409343011,5,9
large_integer,27423,4962174155827869384736,4,6207329380803264118819,5,9
large_integer,27424,3707795558815619874838,3,3763135791036748529687,3,11
large_integer,27425,4934504039717305057302,4,4989844271938433712151,4,11
large_integer,27426,3800029279184167632919,3,3800029279184167632919,3,13
large_integer,27427,4943727411754159833112,4,5026737760085852815383,4,13
large_integer,27428,4934504039717305057306,4,4989844271938433712155,4,11
large_integer,27429,4943727411754159833114,4,4999067643975288487963,4,11
large_integer,27430,4943727411754159833116,4,5026737760085852815387,4,13
large_integer,27431,4952950783791014608924,4,5035961132122707591195,4,13
large_integer,27432,4934504039717305057308,4,4989844271938433712157,4,11
large_integer,27433,4943727411754159833116,4,4999067643975288487965,4,11
large_integer,27434,4943727411754159833118,4,5026737760085852815389,4,13
large_integer,27435,4952950783791014608926,4,5035961132122707591197,4,13
large_integer,27436,4943727411754159833120,4,4999067643975288487969,4,11
large_integer,27437,4952950783791014608928,4,5008291016012143263777,4,11
large_integer,27438,4952950783791014608930,4,5035961132122707591201,4,13
large_integer,27439,4962174155827869384738,4,5045184504159562367009,4,13
large_integer,27440,3717018930852474650646,3,4989844271938433712152,4,11
large_integer,27441,4943727411754159833110,4,6216552752840118894616,5,11
large_integer,27442,4943727411754159833112,4,5026737760085852815384,4,13
large_integer,27443,4952950783791014608920,4,6253446240987537997848,5,13
large_integer,27444,4943727411754159833114,4,6216552752840118894620,5,11
large_integer,27445,4952950783791014608922,4,6225776124876973670428,5,11
large_integer,27446,4952950783791014608924,4,6253446240987537997852,5,13
large_integer,27447,4962174155827869384732,4,6262669613024392773660,5,13
large_integer,27448,4943727411754159833116,4,6216552752840118894622,5,11
large_integer,27449,4952950783791014608924,4,6225776124876973670430,5,11
large_integer,27450,4952950783791014608926,4,6253446240987537997854,5,13
large_integer,27451,4962174155827869384734,4,6262669613024392773662,5,13
large_integer,27452,4952950783791014608928,4,6225776124876973670434,5,11
large_integer,27453,4962174155827869384736,4,6234999496913828446242,5,11
large_integer,27454,4962174155827869384738,4,6262669613024392773666,5,13
large_integer,27455,4971397527864724160546,4,6271892985061247549474,5,13
large_integer,27456,3707795558815619874840,3,4952950783791014608923,4,9
large_integer,27457,4934504039717305057304,4,6179659264692699791387,5,9
large_integer,27458,4934504039717305057306,4,6179659264692699791389,5,9
large_integer,27459,4943727411754159833114,4,6188882636729554567197,5,9
large_integer,27460,4934504039717305057308,4,6179659264692699791391,5,9
large_integer,27461,4943727411754159833116,4,6188882636729554567199,5,9
large_integer,27462,4943727411754159833118,4,6188882636729554567201,5,9
large_integer,27463,4952950783791014608926,4,6198106008766409343009,5,9
large_integer,27464,4934504039717305057310,4,6179659264692699791393,5,9
large_integer,27465,4943727411754159833118,4,6188882636729554567201,5,9
large_integer,27466,4943727411754159833120,4,6188882636729554567203,5,9
large_integer,27467,4952950783791014608928,4,6198106008766409343011,5,9
large_integer,27468,4943727411754159833122,4,6188882636729554567205,5,9
large_integer,27469,4952950783791014608930,4,6198106008766409343013,5,9
large_integer,27470,4952950783791014608932,4,6198106008766409343015,5,9
large_integer,27471,4962174155827869384740,4,6207329380803264118823,5,9
large_integer,27472,3717018930852474650648,3,4962174155827869384731,4,9
large_integer,27473,4943727411754159833112,4,6188882636729554567195,5,9
large_integer,27474,4943727411754159833114,4,6188882636729554567197,5,9
large_integer,27475,4952950783791014608922,4,6198106008766409343005,5,9
large_integer,27476,4943727411754159833116,4,6188882636729554567199,5,9
large_integer,27477,4952950783791014608924,4,6198106008766409343007,5,9
large_integer,27478,4952950783791014608926,4,6198106008766409343009,5,9
large_integer,27479,4962174155827869384734,4,6207329380803264118817,5,9
large_integer,27480,4943727411754159833118,4,6188882636729554567201,5,9
large_integer,27481,4952950783791014608926,4,6198106008766409343009,5,9
large_integer,27482,4952950783791014608928,4,6198106008766409343011,5,9
large_integer,27483,4962174155827869384736,4,6207329380803264118819,5,9
large_integer,27484,4952950783791014608930,4,6198106008766409343013,5,9
large_integer,27485,4962174155827869384738,4,6207329380803264118821,5,9
large_integer,27486,4962174155827869384740,4,6207329380803264118823,5,9
large_integer,27487,4971397527864724160548,4,6216552752840118894631,5,9
large_integer,27488,3717018930852474650650,3,4989844271938433712156,4,11
large_integer,27489,4943727411754159833114,4,6216552752840118894620,5,11
large_integer,27490,4943727411754159833116,4,5026737760085852815388,4,13
large_integer,27491,4952950783791014608924,4,6253446240987537997852,5,13
large_integer,27492,4943727411754159833118,4,6216552752840118894624,5,11
large_integer,27493,4952950783791014608926,4,6225776124876973670432,5,11
large_integer,27494,4952950783791014608928,4,6253446240987537997856,5,13
large_integer,27495,4962174155827869384736,4,6262669613024392773664,5,13
large_integer,27496,4943727411754159833120,4,6216552752840118894626,5,11
large_integer,27497,4952950783791014608928,4,6225776124876973670434,5,11
large_integer,27498,4952950783791014608930,4,6253446240987537997858,5,13
large_integer,27499,4962174155827869384738,4,6262669613024392773666,5,13
large_integer,27500,4952950783791014608932,4,6225776124876973670438,5,11
large_integer,27501,4962174155827869384740,4,6234999496913828446246,5,11
large_integer,27502,4962174155827869384742,4,6262669613024392773670,5,13
large_integer,27503,4971397527864724160550,4,6271892985061247549478,5,13
large_integer,27504,3726242302889329426458,3,4999067643975288487964,4,11
large_integer,27505,4952950783791014608922,4,6225776124876973670428,5,11
large_integer,27506,4952950783791014608924,4,5035961132122707591196,4,13
large_integer,27507,4962174155827869384732,4,6262669613024392773660,5,13
large_integer,27508,4952950783791014608926,4,6225776124876973670432,5,11
large_integer,27509,4962174155827869384734,4,6234999496913828446240,5,11
large_integer,27510,4962174155827869384736,4,6262669613024392773664,5,13
large_integer,27511,4971397527864724160544,4,6271892985061247549472,5,13
large_integer,27512,4952950783791014608928,4,6225776124876973670434,5,11
large_integer,27513,4962174155827869384736,4,6234999496913828446242,5,11
large_integer,27514,4962174155827869384738,4,6262669613024392773666,5,13
large_integer,27515,4971397527864724160546,4,6271892985061247549474,5,13
large_integer,27516,4962174155827869384740,4,6234999496913828446246,5,11
large_integer,27517,4971397527864724160548,4,6244222868950683222054,5,11
large_integer,27518,4971397527864724160550,4,6271892985061247549478,5,13
large_integer,27519,4980620899901578936358,4,6281116357098102325286,5,13
large_integer,27520,3707795558815619874842,3,4952950783791014608925,4,9
large_integer,27521,4934504039717305057306,4,6179659264692699791389,5,9
large_integer,27522,4934504039717305057308,4,6179659264692699791391,5,9
large_integer,27523,4943727411754159833116,4,6188882636729554567199,5,9
large_integer,27524,4934504039717305057310,4,6179659264692699791393,5,9
large_integer,27525,4943727411754159833118,4,6188882636729554567201,5,9
large_integer,27526,4943727411754159833120,4,6188882636729554567203,5,9
large_integer,27527,4952950783791014608928,4,6198106008766409343011,5,9
large_integer,27528,4934504039717305057312,4,6179659264692699791395,5,9
large_integer,27529,4943727411754159833120,4,6188882636729554567203,5,9
large_integer,27530,4943727411754159833122,4,6188882636729554567205,5,9
large_integer,27531,4952950783791014608930,4,6198106008766409343013,5,9
large_integer,27532,4943727411754159833124,4,6188882636729554567207,5,9
large_integer,27533,4952950783791014608932,4,6198106008766409343015,5,9
large_integer,27534,4952950783791014608934,4,6198106008766409343017,5,9
large_integer,27535,4962174155827869384742,4,6207329380803264118825,5,9
large_integer,27536,3717018930852474650650,3,4962174155827869384733,4,9
large_integer,27537,4943727411754159833114,4,6188882636729554567197,5,9
large_integer,27538,4943727411754159833116,4,6188882636729554567199,5,9
large_integer,27539,4952950783791014608924,4,6198106008766409343007,5,9
large_integer,27540,4943727411754159833118,4,6188882636729554567201,5,9
large_integer,27541,4952950783791014608926,4,6198106008766409343009,5,9
large_integer,27542,4952950783791014608928,4,6198106008766409343011,5,9
large_integer,27543,4962174155827869384736,4,6207329380803264118819,5,9
large_integer,27544,4943727411754159833120,4,6188882636729554567203,5,9
large_integer,27545,4952950783791014608928,4,6198106008766409343011,5,9
large_integer,27546,4952950783791014608930,4,6198106008766409343013,5,9
large_integer,27547,4962174155827869384738,4,6207329380803264118821,5,9
large_integer,27548,4952950783791014608932,4,6198106008766409343015,5,9
large_integer,27549,4962174155827869384740,4,6207329380803264118823,5,9
large_integer,27550,4962174155827869384742,4,6207329380803264118825,5,9
large_integer,27551,4971397527864724160550,4,6216552752840118894633,5,9
large_integer,27552,3717018930852474650652,3,4989844271938433712158,4,11
large_integer,27553,4943727411754159833116,4,6216552752840118894622,5,11
large_integer,27554,4943727411754159833118,4,5026737760085852815390,4,13
large_integer,27555,4952950783791014608926,4,6253446240987537997854,5,13
large_integer,27556,4943727411754159833120,4,6216552752840118894626,5,11
large_integer,27557,4952950783791014608928,4,6225776124876973670434,5,11
large_integer,27558,4952950783791014608930,4,6253446240987537997858,5,13
large_integer,27559,4962174155827869384738,4,6262669613024392773666,5,13
large_integer,27560,4943727411754159833122,4,6216552752840118894628,5,11
large_integer,27561,4952950783791014608930,4,6225776124876973670436,5,11
large_integer,27562,4952950783791014608932,4,6253446240987537997860,5,13
large_integer,27563,4962174155827869384740,4,6262669613024392773668,5,13
large_integer,27564,4952950783791014608934,4,6225776124876973670440,5,11
large_integer,27565,4962174155827869384742,4,6234999496913828446248,5,11
large_integer,27566,4962174155827869384744,4,6262669613024392773672,5,13
large_integer,27567,4971397527864724160552,4,6271892985061247549480,5,13
large_integer,27568,3726242302889329426460,3,4999067643975288487966,4,11
large_integer,27569,4952950783791014608924,4,6225776124876973670430,5,11
large_integer,27570,4952950783791014608926,4,5035961132122707591198,4,13
large_integer,27571,4962174155827869384734,4,6262669613024392773662,5,13
large_integer,27572,4952950783791014608928,4,6225776124876973670434,5,11
large_integer,27573,4962174155827869384736,4,6234999496913828446242,5,11
large_integer,27574,4962174155827869384738,4,6262669613024392773666,5,13
large_integer,27575,4971397527864724160546,4,6271892985061247549474,5,13
large_integer,27576,4952950783791014608930,4,6225776124876973670436,5,11
large_integer,27577,4962174155827869384738,4,6234999496913828446244,5,11
large_integer,27578,4962174155827869384740,4,6262669613024392773668,5,13
large_integer,27579,4971397527864724160548,4,6271892985061247549476,5,13
large_integer,27580,4962174155827869384742,4,6234999496913828446248,5,11
large_integer,27581,4971397527864724160550,4,6244222868950683222056,5,11
large_integer,27582,4971397527864724160552,4,6271892985061247549480,5,13
large_integer,27583,4980620899901578936360,4,6281116357098102325288,5,13
large_integer,27584,3717018930852474650654,3,4962174155827869384737,4,9
large_integer,27585,4943727411754159833118,4,6188882636729554567201,5,9
large_integer,27586,4943727411754159833120,4,6188882636729554567203,5,9
large_integer,27587,4952950783791014608928,4,6198106008766409343011,5,9
large_integer,27588,4943727411754159833122,4,6188882636729554567205,5,9
large_integer,27589,4952950783791014608930,4,6198106008766409343013,5,9
large_integer,27590,4952950783791014608932,4,6198106008766409343015,5,9
large_integer,27591,4962174155827869384740,4,6207329380803264118823,5,9
large_integer,27592,4943727411754159833124,4,6188882636729554567207,5,9
large_integer,27593,4952950783791014608932,4,6198106008766409343015,5,9
large_integer,27594,4952950783791014608934,4,6198106008766409343017,5,9
large_integer,27595,4962174155827869384742,4,6207329380803264118825,5,9
large_integer,27596,4952950783791014608936,4,6198106008766409343019,5,9
large_integer,27597,4962174155827869384744,4,6207329380803264118827,5,9
large_integer,27598,4962174155827869384746,4,6207329380803264118829,5,9
large_integer,27599,4971397527864724160554,4,6216552752840118894637,5,9
large_integer,27600,3726242302889329426462,3,4971397527864724160545,4,9
large_integer,27601,4952950783791014608926,4,6198106008766409343009,5,9
large_integer,27602,4952950783791014608928,4,6198106008766409343011,5,9
large_integer,27603,4962174155827869384736,4,6207329380803264118819,5,9
large_integer,27604,4952950783791014608930,4,6198106008766409343013,5,9
large_integer,27605,4962174155827869384738,4,6207329380803264118821,5,9
large_integer,27606,4962174155827869384740,4,6207329380803264118823,5,9
large_integer,27607,4971397527864724160548,4,6216552752840118894631,5,9
large_integer,27608,4952950783791014608932,4,6198106008766409343015,5,9
large_integer,27609,4962174155827869384740,4,6207329380803264118823,5,9
large_integer,27610,4962174155827869384742,4,6207329380803264118825,5,9
large_integer,27611,4971397527864724160550,4,6216552752840118894633,5,9
large_integer,27612,4962174155827869384744,4,6207329380803264118827,5,9
large_integer,27613,4971397527864724160552,4,6216552752840118894635,5,9
large_integer,27614,4971397527864724160554,4,6216552752840118894637,5,9
large_integer,27615,4980620899901578936362,4,6225776124876973670445,5,9
large_integer,27616,3726242302889329426464,3,4999067643975288487970,4,11
large_integer,27617,4952950783791014608928,4,6225776124876973670434,5,11
large_integer,27618,4952950783791014608930,4,5035961132122707591202,4,13
large_integer,27619,4962174155827869384738,4,6262669613024392773666,5,13
large_integer,27620,4952950783791014608932,4,6225776124876973670438,5,11
large_integer,27621,4962174155827869384740,4,6234999496913828446246,5,11
large_integer,27622,4962174155827869384742,4,6262669613024392773670,5,13
large_integer,27623,4971397527864724160550,4,6271892985061247549478,5,13
large_integer,27624,4952950783791014608934,4,6225776124876973670440,5,11
large_integer,27625,4962174155827869384742,4,6234999496913828446248,5,11
large_integer,27626,4962174155827869384744,4,6262669613024392773672,5,13
large_integer,27627,4971397527864724160552,4,6271892985061247549480,5,13
large_integer,27628,4962174155827869384746,4,6234999496913828446252,5,11
large_integer,27629,4971397527864724160554,4,6244222868950683222060,5,11
large_integer,27630,4971397527864724160556,4,6271892985061247549484,5,13
large_integer,27631,4980620899901578936364,4,6281116357098102325292,5,13
large_integer,27632,3735465674926184202272,3,5008291016012143263778,4,11
large_integer,27633,4962174155827869384736,4,6234999496913828446242,5,11
large_integer,27634,4962174155827869384738,4,5045184504159562367010,4,13
large_integer,27635,4971397527864724160546,4,6271892985061247549474,5,13
large_integer,27636,4962174155827869384740,4,6234999496913828446246,5,11
large_integer,27637,4971397527864724160548,4,6244222868950683222054,5,11
large_integer,27638,4971397527864724160550,4,6271892985061247549478,5,13
large_integer,27639,4980620899901578936358,4,6281116357098102325286,5,13
large_integer,27640,4962174155827869384742,4,6234999496913828446248,5,11
large_integer,27641,4971397527864724160550,4,6244222868950683222056,5,11
large_integer,27642,4971397527864724160552,4,6271892985061247549480,5,13
large_integer,27643,4980620899901578936360,4,6281116357098102325288,5,13
large_integer,27644,4971397527864724160554,4,6244222868950683222060,5,11
large_integer,27645,4980620899901578936362,4,6253446240987537997868,5,11
large_integer,27646,4980620899901578936364,4,6281116357098102325292,5,13
large_integer,27647,4989844271938433712172,4,6290339729134957101100,5,13
large_integer,27648,2471863705877079916565,2,3717018930852474650646,3,9
large_integer,27649,3698572186778765099029,3,4943727411754159833110,4,9
large_integer,27650,3698572186778765099031,3,4943727411754159833112,4,9
large_integer,27651,3707795558815619874839,3,4952950783791014608920,4,9
large_integer,27652,3698572186778765099033,3,4943727411754159833114,4,9
large_integer,27653,3707795558815619874841,3,4952950783791014608922,4,9
large_integer,27654,3707795558815619874843,3,4952950783791014608924,4,9
large_integer,27655,3717018930852474650651,3,4962174155827869384732,4,9
large_integer,27656,3698572186778765099035,3,4943727411754159833116,4,9
large_integer,27657,3707795558815619874843,3,4952950783791014608924,4,9
large_integer,27658,3707795558815619874845,3,4952950783791014608926,4,9
large_integer,27659,3717018930852474650653,3,4962174155827869384734,4,9
large_integer,27660,3707795558815619874847,3,4952950783791014608928,4,9
large_integer,27661,3717018930852474650655,3,4962174155827869384736,4,9
large_integer,27662,3717018930852474650657,3,4962174155827869384738,4,9
large_integer,27663,3726242302889329426465,3,4971397527864724160546,4,9
large_integer,27664,3698572186778765099030,3,4943727411754159833111,4,9
large_integer,27665,4925280667680450281494,4,6170435892655845015575,5,9
large_integer,27666,4925280667680450281496,4,6170435892655845015577,5,9
large_integer,27667,4934504039717305057304,4,6179659264692699791385,5,9
large_integer,27668,4925280667680450281498,4,6170435892655845015579,5,9
large_integer,27669,4934504039717305057306,4,6179659264692699791387,5,9
large_integer,27670,4934504039717305057308,4,6179659264692699791389,5,9
large_integer,27671,4943727411754159833116,4,6188882636729554567197,5,9
large_integer,27672,4925280667680450281500,4,6170435892655845015581,5,9
large_integer,27673,4934504039717305057308,4,6179659264692699791389,5,9
large_integer,27674,4934504039717305057310,4,6179659264692699791391,5,9
large_integer,27675,4943727411754159833118,4,6188882636729554567199,5,9
large_integer,27676,4934504039717305057312,4,6179659264692699791393,5,9
large_integer,27677,4943727411754159833120,4,6188882636729554567201,5,9
large_integer,27678,4943727411754159833122,4,6188882636729554567203,5,9
large_integer,27679,4952950783791014608930,4,6198106008766409343011,5,9
large_integer,27680,3698572186778765099032,3,4943727411754159833113,4,9
large_integer,27681,4925280667680450281496,4,6170435892655845015577,5,9
large_integer,27682,4925280667680450281498,4,6170435892655845015579,5,9
large_integer,27683,4934504039717305057306,4,6179659264692699791387,5,9
large_integer,27684,4925280667680450281500,4,6170435892655845015581,5,9
large_integer,27685,4934504039717305057308,4,6179659264692699791389,5,9
large_integer,27686,4934504039717305057310,4,6179659264692699791391,5,9
large_integer,27687,4943727411754159833118,4,6188882636729554567199,5,9
large_integer,27688,4925280667680450281502,4,6170435892655845015583,5,9
large_integer,27689,4934504039717305057310,4,6179659264692699791391,5,9
large_integer,27690,4934504039717305057312,4,6179659264692699791393,5,9
large_integer,27691,4943727411754159833120,4,6188882636729554567201,5,9
large_integer,27692,4934504039717305057314,4,6179659264692699791395,5,9
large_integer,27693,4943727411754159833122,4,6188882636729554567203,5,9
large_integer,27694,4943727411754159833124,4,6188882636729554567205,5,9
large_integer,27695,4952950783791014608932,4,6198106008766409343013,5,9
large_integer,27696,3707795558815619874840,3,4952950783791014608921,4,9
large_integer,27697,4934504039717305057304,4,6179659264692699791385,5,9
large_integer,27698,4934504039717305057306,4,6179659264692699791387,5,9
large_integer,27699,4943727411754159833114,4,6188882636729554567195,5,9
large_integer,27700,4934504039717305057308,4,6179659264692699791389,5,9
large_integer,27701,4943727411754159833116,4,6188882636729554567197,5,9
large_integer,27702,4943727411754159833118,4,6188882636729554567199,5,9
large_integer,27703,4952950783791014608926,4,6198106008766409343007,5,9
large_integer,27704,4934504039717305057310,4,6179659264692699791391,5,9
large_integer,27705,4943727411754159833118,4,6188882636729554567199,5,9
large_integer,27706,4943727411754159833120,4,6188882636729554567201,5,9
large_integer,27707,4952950783791014608928,4,6198106008766409343009,5,9
large_integer,27708,4943727411754159833122,4,6188882636729554567203,5,9
large_integer,27709,4952950783791014608930,4,6198106008766409343011,5,9
large_integer,27710,4952950783791014608932,4,6198106008766409343013,5,9
large_integer,27711,4962174155827869384740,4,6207329380803264118821,5,9
large_integer,27712,3698572186778765099034,3,3753912418999893753879,3,11
large_integer,27713,4925280667680450281498,4,4980620899901578936343,4,11
large_integer,27714,4925280667680450281500,4,4980620899901578936345,4,11
large_integer,27715,4934504039717305057308,4,4989844271938433712153,4,11
large_integer,27716,3790805907147312857111,3,3790805907147312857111,3,13
large_integer,27717,4934504039717305057310,4,5017514388048998039575,4,13
large_integer,27718,4934504039717305057312,4,5017514388048998039577,4,13
large_integer,27719,4943727411754159833120,4,5026737760085852815385,4,13
large_integer,27720,4925280667680450281504,4,4980620899901578936349,4,11
large_integer,27721,4934504039717305057312,4,4989844271938433712157,4,11
large_integer,27722,4934504039717305057314,4,4989844271938433712159,4,11
large_integer,27723,4943727411754159833122,4,4999067643975288487967,4,11
large_integer,27724,4934504039717305057316,4,5017514388048998039581,4,13
large_integer,27725,4943727411754159833124,4,5026737760085852815389,4,13
large_integer,27726,4943727411754159833126,4,5026737760085852815391,4,13
large_integer,27727,4952950783791014608934,4,5035961132122707591199,4,13
large_integer,27728,3707795558815619874842,3,4980620899901578936344,4,11
large_integer,27729,4934504039717305057306,4,6207329380803264118808,5,11
large_integer,27730,4934504039717305057308,4,6207329380803264118810,5,11
large_integer,27731,4943727411754159833116,4,6216552752840118894618,5,11
large_integer,27732,4934504039717305057310,4,5017514388048998039576,4,13
large_integer,27733,4943727411754159833118,4,6244222868950683222040,5,13
large_integer,27734,4943727411754159833120,4,6244222868950683222042,5,13
large_integer,27735,4952950783791014608928,4,6253446240987537997850,5,13
large_integer,27736,4934504039717305057312,4,6207329380803264118814,5,11
large_integer,27737,4943727411754159833120,4,6216552752840118894622,5,11
large_integer,27738,4943727411754159833122,4,6216552752840118894624,5,11
large_integer,27739,4952950783791014608930,4,6225776124876973670432,5,11
large_integer,27740,4943727411754159833124,4,6244222868950683222046,5,13
large_integer,27741,4952950783791014608932,4,6253446240987537997854,5,13
large_integer,27742,4952950783791014608934,4,6253446240987537997856,5,13
large_integer,27743,4962174155827869384742,4,6262669613024392773664,5,13
large_integer,27744,3707795558815619874844,3,4980620899901578936346,4,11
large_integer,27745,4934504039717305057308,4,6207329380803264118810,5,11
large_integer,27746,4934504039717305057310,4,6207329380803264118812,5,11
large_integer,27747,4943727411754159833118,4,6216552752840118894620,5,11
large_integer,27748,4934504039717305057312,4,5017514388048998039578,4,13
large_integer,27749,4943727411754159833120,4,6244222868950683222042,5,13
large_integer,27750,4943727411754159833122,4,6244222868950683222044,5,13
large_integer,27751,4952950783791014608930,4,6253446240987537997852,5,13
large_integer,27752,4934504039717305057314,4,6207329380803264118816,5,11
large_integer,27753,4943727411754159833122,4,6216552752840118894624,5,11
large_integer,27754,4943727411754159833124,4,6216552752840118894626,5,11
large_integer,27755,4952950783791014608932,4,6225776124876973670434,5,11
large_integer,27756,4943727411754159833126,4,6244222868950683222048,5,13
large_integer,27757,4952950783791014608934,4,6253446240987537997856,5,13
large_integer,27758,4952950783791014608936,4,6253446240987537997858,5,13
large_integer,27759,4962174155827869384744,4,6262669613024392773666,5,13
large_integer,27760,3717018930852474650652,3,4989844271938433712154,4,11
large_integer,27761,4943727411754159833116,4,6216552752840118894618,5,11
large_integer,27762,4943727411754159833118,4,6216552752840118894620,5,11
large_integer,27763,4952950783791014608926,4,6225776124876973670428,5,11
large_integer,27764,4943727411754159833120,4,5026737760085852815386,4,13
large_integer,27765,4952950783791014608928,4,6253446240987537997850,5,13
large_integer,27766,4952950783791014608930,4,6253446240987537997852,5,13
large_integer,27767,4962174155827869384738,4,6262669613024392773660,5,13
large_integer,27768,4943727411754159833122,4,6216552752840118894624,5,11
large_integer,27769,4952950783791014608930,4,6225776124876973670432,5,11
large_integer,27770,4952950783791014608932,4,6225776124876973670434,5,11
large_integer,27771,4962174155827869384740,4,6234999496913828446242,5,11
large_integer,27772,4952950783791014608934,4,6253446240987537997856,5,13
large_integer,27773,4962174155827869384742,4,6262669613024392773664,5,13
large_integer,27774,4962174155827869384744,4,6262669613024392773666,5,13
large_integer,27775,4971397527864724160552,4,6271892985061247549474,5,13
large_integer,27776,3698572186778765099036,3,4943727411754159833117,4,9
large_integer,27777,4925280667680450281500,4,6170435892655845015581,5,9
large_integer,27778,4925280667680450281502,4,6170435892655845015583,5,9
large_integer,27779,4934504039717305057310,4,6179659264692699791391,5,9
large_integer,27780,4925280667680450281504,4,6170435892655845015585,5,9
large_integer,27781,4934504039717305057312,4,6179659264692699791393,5,9
large_integer,27782,4934504039717305057314,4,6179659264692699791395,5,9
large_integer,27783,4943727411754159833122,4,6188882636729554567203,5,9
large_integer,27784,4925280667680450281506,4,6170435892655845015587,5,9
large_integer,27785,4934504039717305057314,4,6179659264692699791395,5,9
large_integer,27786,4934504039717305057316,4,6179659264692699791397,5,9
large_integer,27787,4943727411754159833124,4,6188882636729554567205,5,9
large_integer,27788,4934504039717305057318,4,6179659264692699791399,5,9
large_integer,27789,4943727411754159833126,4,6188882636729554567207,5,9
large_integer,27790,4943727411754159833128,4,6188882636729554567209,5,9
large_integer,27791,4952950783791014608936,4,6198106008766409343017,5,9
large_integer,27792,3707795558815619874844,3,4952950783791014608925,4,9
large_integer,27793,4934504039717305057308,4,6179659264692699791389,5,9
large_integer,27794,4934504039717305057310,4,6179659264692699791391,5,9
large_integer,27795,4943727411754159833118,4,6188882636729554567199,5,9
large_integer,27796,4934504039717305057312,4,6179659264692699791393,5,9
large_integer,27797,4943727411754159833120,4,6188882636729554567201,5,9
large_integer,27798,4943727411754159833122,4,6188882636729554567203,5,9
large_integer,27799,4952950783791014608930,4,6198106008766409343011,5,9
large_integer,27800,4934504039717305057314,4,6179659264692699791395,5,9
large_integer,27801,4943727411754159833122,4,6188882636729554567203,5,9
large_integer,27802,4943727411754159833124,4,6188882636729554567205,5,9
large_integer,27803,4952950783791014608932,4,6198106008766409343013,5,9
large_integer,27804,4943727411754159833126,4,6188882636729554567207,5,9
large_integer,27805,4952950783791014608934,4,6198106008766409343015,5,9
large_integer,27806,4952950783791014608936,4,6198106008766409343017,5,9
large_integer,27807,4962174155827869384744,4,6207329380803264118825,5,9
large_integer,27808,3707795558815619874846,3,4952950783791014608927,4,9
large_integer,27809,4934504039717305057310,4,6179659264692699791391,5,9
large_integer,27810,4934504039717305057312,4,6179659264692699791393,5,9
large_integer,27811,4943727411754159833120,4,6188882636729554567201,5,9
large_integer,27812,4934504039717305057314,4,6179659264692699791395,5,9
large_integer,27813,4943727411754159833122,4,6188882636729554567203,5,9
large_integer,27814,4943727411754159833124,4,6188882636729554567205,5,9
large_integer,27815,4952950783791014608932,4,6198106008766409343013,5,9
large_integer,27816,4934504039717305057316,4,6179659264692699791397,5,9
large_integer,27817,4943727411754159833124,4,6188882636729554567205,5,9
large_integer,27818,4943727411754159833126,4,6188882636729554567207,5,9
large_integer,27819,4952950783791014608934,4,6198106008766409343015,5,9
large_integer,27820,4943727411754159833128,4,6188882636729554567209,5,9
large_integer,27821,4952950783791014608936,4,6198106008766409343017,5,9
large_integer,27822,4952950783791014608938,4,6198106008766409343019,5,9
large_integer,27823,4962174155827869384746,4,6207329380803264118827,5,9
large_integer,27824,3717018930852474650654,3,4962174155827869384735,4,9
large_integer,27825,4943727411754159833118,4,6188882636729554567199,5,9
large_integer,27826,4943727411754159833120,4,6188882636729554567201,5,9
large_integer,27827,4952950783791014608928,4,6198106008766409343009,5,9
large_integer,27828,4943727411754159833122,4,6188882636729554567203,5,9
large_integer,27829,4952950783791014608930,4,6198106008766409343011,5,9
large_integer,27830,4952950783791014608932,4,6198106008766409343013,5,9
large_integer,27831,4962174155827869384740,4,6207329380803264118821,5,9
large_integer,27832,4943727411754159833124,4,6188882636729554567205,5,9
large_integer,27833,4952950783791014608932,4,6198106008766409343013,5,9
large_integer,27834,4952950783791014608934,4,6198106008766409343015,5,9
large_integer,27835,4962174155827869384742,4,6207329380803264118823,5,9
large_integer,27836,4952950783791014608936,4,6198106008766409343017,5,9
large_integer,27837,4962174155827869384744,4,6207329380803264118825,5,9
large_integer,27838,4962174155827869384746,4,6207329380803264118827,5,9
large_integer,27839,4971397527864724160554,4,6216552752840118894635,5,9
large_integer,27840,3707795558815619874848,3,4980620899901578936350,4,11
large_integer,27841,4934504039717305057312,4,6207329380803264118814,5,11
large_integer,27842,4934504039717305057314,4,6207329380803264118816,5,11
large_integer,27843,4943727411754159833122,4,6216552752840118894624,5,11
large_integer,27844,4934504039717305057316,4,5017514388048998039582,4,13
large_integer,27845,4943727411754159833124,4,6244222868950683222046,5,13
large_integer,27846,4943727411754159833126,4,6244222868950683222048,5,13
large_integer,27847,4952950783791014608934,4,6253446240987537997856,5,13
large_integer,27848,4934504039717305057318,4,6207329380803264118820,5,11
large_integer,27849,4943727411754159833126,4,6216552752840118894628,5,11
large_integer,27850,4943727411754159833128,4,6216552752840118894630,5,11
large_integer,27851,4952950783791014608936,4,6225776124876973670438,5,11
large_integer,27852,4943727411754159833130,4,6244222868950683222052,5,13
large_integer,27853,4952950783791014608938,4,6253446240987537997860,5,13
large_integer,27854,4952950783791014608940,4,6253446240987537997862,5,13
large_integer,27855,4962174155827869384748,4,6262669613024392773670,5,13
large_integer,27856,3717018930852474650656,3,4989844271938433712158,4,11
large_integer,27857,4943727411754159833120,4,6216552752840118894622,5,11
large_integer,27858,4943727411754159833122,4,6216552752840118894624,5,11
large_integer,27859,4952950783791014608930,4,6225776124876973670432,5,11
large_integer,27860,4943727411754159833124,4,5026737760085852815390,4,13
large_integer,27861,4952950783791014608932,4,6253446240987537997854,5,13
large_integer,27862,4952950783791014608934,4,6253446240987537997856,5,13
large_integer,27863,4962174155827869384742,4,6262669613024392773664,5,13
large_integer,27864,4943727411754159833126,4,6216552752840118894628,5,11
large_integer,27865,4952950783791014608934,4,6225776124876973670436,5,11
large_integer,27866,4952950783791014608936,4,6225776124876973670438,5,11
large_integer,27867,4962174155827869384744,4,6234999496913828446246,5,11
large_integer,27868,4952950783791014608938,4,6253446240987537997860,5,13
large_integer,27869,4962174155827869384746,4,6262669613024392773668,5,13
large_integer,27870,4962174155827869384748,4,6262669613024392773670,5,13
large_integer,27871,4971397527864724160556,4,6271892985061247549478,5,13
large_integer,27872,3717018930852474650658,3,4989844271938433712160,4,11
large_integer,27873,4943727411754159833122,4,6216552752840118894624,5,11
large_integer,27874,4943727411754159833124,4,6216552752840118894626,5,11
large_integer,27875,4952950783791014608932,4,6225776124876973670434,5,11
large_integer,27876,4943727411754159833126,4,5026737760085852815392,4,13
large_integer,27877,4952950783791014608934,4,6253446240987537997856,5,13
large_integer,27878,4952950783791014608936,4,6253446240987537997858,5,13
large_integer,27879,4962174155827869384744,4,6262669613024392773666,5,13
large_integer,27880,4943727411754159833128,4,6216552752840118894630,5,11
large_integer,27881,4952950783791014608936,4,6225776124876973670438,5,11
large_integer,27882,4952950783791014608938,4,6225776124876973670440,5,11
large_integer,27883,4962174155827869384746,4,6234999496913828446248,5,11
large_integer,27884,4952950783791014608940,4,6253446240987537997862,5,13
large_integer,27885,4962174155827869384748,4,6262669613024392773670,5,13
large_integer,27886,4962174155827869384750,4,6262669613024392773672,5,13
large_integer,27887,4971397527864724160558,4,6271892985061247549480,5,13
large_integer,27888,3726242302889329426466,3,4999067643975288487968,4,11
large_integer,27889,4952950783791014608930,4,6225776124876973670432,5,11
large_integer,27890,4952950783791014608932,4,6225776124876973670434,5,11
large_integer,27891,4962174155827869384740,4,6234999496913828446242,5,11
large_integer,27892,4952950783791014608934,4,5035961132122707591200,4,13
large_integer,27893,4962174155827869384742,4,6262669613024392773664,5,13
large_integer,27894,4962174155827869384744,4,6262669613024392773666,5,13
large_integer,27895,4971397527864724160552,4,6271892985061247549474,5,13
large_integer,27896,4952950783791014608936,4,6225776124876973670438,5,11
large_integer,27897,4962174155827869384744,4,6234999496913828446246,5,11
large_integer,27898,4962174155827869384746,4,6234999496913828446248,5,11
large_integer,27899,4971397527864724160554,4,6244222868950683222056,5,11
large_integer,27900,4962174155827869384748,4,6262669613024392773670,5,13
large_integer,27901,4971397527864724160556,4,6271892985061247549478,5,13
large_integer,27902,4971397527864724160558,4,6271892985061247549480,5,13
large_integer,27903,4980620899901578936366,4,6281116357098102325288,5,13
large_integer,27904,2481087077913934692373,2,3726242302889329426454,3,9
large_integer,27905,3707795558815619874837,3,4952950783791014608918,4,9
large_integer,27906,3707795558815619874839,3,4952950783791014608920,4,9
large_integer,27907,3717018930852474650647,3,4962174155827869384728,4,9
large_integer,27908,3707795558815619874841,3,4952950783791014608922,4,9
large_integer,27909,3717018930852474650649,3,4962174155827869384730,4,9
large_integer,27910,3717018930852474650651,3,4962174155827869384732,4,9
large_integer,27911,3726242302889329426459,3,4971397527864724160540,4,9
large_integer,27912,3707795558815619874843,3,4952950783791014608924,4,9
large_integer,27913,3717018930852474650651,3,4962174155827869384732,4,9
large_integer,27914,3717018930852474650653,3,4962174155827869384734,4,9
large_integer,27915,3726242302889329426461,3,4971397527864724160542,4,9
large_integer,27916,3717018930852474650655,3,4962174155827869384736,4,9
large_integer,27917,3726242302889329426463,3,4971397527864724160544,4,9
large_integer,27918,3726242302889329426465,3,4971397527864724160546,4,9
large_integer,27919,3735465674926184202273,3,4980620899901578936354,4,9
large_integer,27920,3707795558815619874838,3,4952950783791014608919,4,9
large_integer,27921,4934504039717305057302,4,6179659264692699791383,5,9
large_integer,27922,4934504039717305057304,4,6179659264692699791385,5,9
large_integer,27923,4943727411754159833112,4,6188882636729554567193,5,9
large_integer,27924,4934504039717305057306,4,6179659264692699791387,5,9
large_integer,27925,4943727411754159833114,4,6188882636729554567195,5,9
large_integer,27926,4943727411754159833116,4,6188882636729554567197,5,9
large_integer,27927,4952950783791014608924,4,6198106008766409343005,5,9
large_integer,27928,4934504039717305057308,4,6179659264692699791389,5,9
large_integer,27929,4943727411754159833116,4,6188882636729554567197,5,9
large_integer,27930,4943727411754159833118,4,6188882636729554567199,5,9
large_integer,27931,4952950783791014608926,4,6198106008766409343007,5,9
large_integer,27932,4943727411754159833120,4,6188882636729554567201,5,9
large_integer,27933,4952950783791014608928,4,6198106008766409343009,5,9
large_integer,27934,4952950783791014608930,4,6198106008766409343011,5,9
large_integer,27935,4962174155827869384738,4,6207329380803264118819,5,9
large_integer,27936,3707795558815619874840,3,4952950783791014608921,4,9
large_integer,27937,4934504039717305057304,4,6179659264692699791385,5,9
large_integer,27938,4934504039717305057306,4,6179659264692699791387,5,9
large_integer,27939,4943727411754159833114,4,6188882636729554567195,5,9
large_integer,27940,4934504039717305057308,4,6179659264692699791389,5,9
large_integer,27941,4943727411754159833116,4,6188882636729554567197,5,9
large_integer,27942,4943727411754159833118,4,6188882636729554567199,5,9
large_integer,27943,4952950783791014608926,4,6198106008766409343007,5,9
large_integer,27944,4934504039717305057310,4,6179659264692699791391,5,9
large_integer,27945,4943727411754159833118,4,6188882636729554567199,5,9
large_integer,27946,4943727411754159833120,4,6188882636729554567201,5,9
large_integer,27947,4952950783791014608928,4,6198106008766409343009,5,9
large_integer,27948,4943727411754159833122,4,6188882636729554567203,5,9
large_integer,27949,4952950783791014608930,4,6198106008766409343011,5,9
large_integer,27950,4952950783791014608932,4,6198106008766409343013,5,9
large_integer,27951,4962174155827869384740,4,6207329380803264118821,5,9
large_integer,27952,3717018930852474650648,3,4962174155827869384729,4,9
large_integer,27953,4943727411754159833112,4,6188882636729554567193,5,9
large_integer,27954,4943727411754159833114,4,6188882636729554567195,5,9
large_integer,27955,4952950783791014608922,4,6198106008766409343003,5,9
large_integer,27956,4943727411754159833116,4,6188882636729554567197,5,9
large_integer,27957,4952950783791014608924,4,6198106008766409343005,5,9
large_integer,27958,4952950783791014608926,4,6198106008766409343007,5,9
large_integer,27959,4962174155827869384734,4,6207329380803264118815,5,9
large_integer,27960,4943727411754159833118,4,6188882636729554567199,5,9
large_integer,27961,4952950783791014608926,4,6198106008766409343007,5,9
large_integer,27962,4952950783791014608928,4,6198106008766409343009,5,9
large_integer,27963,4962174155827869384736,4,6207329380803264118817,5,9
large_integer,27964,4952950783791014608930,4,6198106008766409343011,5,9
large_integer,27965,4962174155827869384738,4,6207329380803264118819,5,9
large_integer,27966,4962174155827869384740,4,6207329380803264118821,5,9
large_integer,27967,4971397527864724160548,4,6216552752840118894629,5,9
large_integer,27968,3707795558815619874842,3,3763135791036748529687,3,11
large_integer,27969,4934504039717305057306,4,4989844271938433712151,4,11
large_integer,27970,4934504039717305057308,4,4989844271938433712153,4,11
large_integer,27971,4943727411754159833116,4,4999067643975288487961,4,11
large_integer,27972,3800029279184167632919,3,3800029279184167632919,3,13
large_integer,27973,4943727411754159833118,4,5026737760085852815383,4,13
large_integer,27974,4943727411754159833120,4,5026737760085852815385,4,13
large_integer,27975,4952950783791014608928,4,5035961132122707591193,4,13
large_integer,27976,4934504039717305057312,4,4989844271938433712157,4,11
large_integer,27977,4943727411754159833120,4,4999067643975288487965,4,11
large_integer,27978,4943727411754159833122,4,4999067643975288487967,4,11
large_integer,27979,4952950783791014608930,4,5008291016012143263775,4,11
large_integer,27980,4943727411754159833124,4,5026737760085852815389,4,13
large_integer,27981,4952950783791014608932,4,5035961132122707591197,4,13
large_integer,27982,4952950783791014608934,4,5035961132122707591199,4,13
large_integer,27983,4962174155827869384742,4,5045184504159562367007,4,13
large_integer,27984,3717018930852474650650,3,4989844271938433712152,4,11
large_integer,27985,4943727411754159833114,4,6216552752840118894616,5,11
large_integer,27986,4943727411754159833116,4,6216552752840118894618,5,11
large_integer,27987,4952950783791014608924,4,6225776124876973670426,5,11
large_integer,27988,4943727411754159833118,4,5026737760085852815384,4,13
large_integer,27989,4952950783791014608926,4,6253446240987537997848,5,13
large_integer,27990,4952950783791014608928,4,6253446240987537997850,5,13
large_integer,27991,4962174155827869384736,4,6262669613024392773658,5,13
large_integer,27992,4943727411754159833120,4,6216552752840118894622,5,11
large_integer,27993,4952950783791014608928,4,6225776124876973670430,5,11
large_integer,27994,4952950783791014608930,4,6225776124876973670432,5,11
large_integer,27995,4962174155827869384738,4,6234999496913828446240,5,11
large_integer,27996,4952950783791014608932,4,6253446240987537997854,5,13
large_integer,27997,4962174155827869384740,4,6262669613024392773662,5,13
large_integer,27998,4962174155827869384742,4,6262669613024392773664,5,13
large_integer,27999,4971397527864724160550,4,6271892985061247549472,5,13
large_integer,28000,3717018930852474650652,3,4989844271938433712154,4,11
large_integer,28001,4943727411754159833116,4,6216552752840118894618,5,11
large_integer,28002,4943727411754159833118,4,6216552752840118894620,5,11
large_integer,28003,4952950783791014608926,4,6225776124876973670428,5,11
large_integer,28004,4943727411754159833120,4,5026737760085852815386,4,13
large_integer,28005,4952950783791014608928,4,6253446240987537997850,5,13
large_integer,28006,4952950783791014608930,4,6253446240987537997852,5,13
large_integer,28007,4962174155827869384738,4,6262669613024392773660,5,13
large_integer,28008,4943727411754159833122,4,6216552752840118894624,5,11
large_integer,28009,4952950783791014608930,4,6225776124876973670432,5,11
large_integer,28010,4952950783791014608932,4,6225776124876973670434,5,11
large_integer,28011,4962174155827869384740,4,6234999496913828446242,5,11
large_integer,28012,4952950783791014608934,4,6253446240987537997856,5,13
large_integer,28013,4962174155827869384742,4,6262669613024392773664,5,13
large_integer,28014,4962174155827869384744,4,6262669613024392773666,5,13
large_integer,28015,4971397527864724160552,4,6271892985061247549474,5,13
large_integer,28016,3726242302889329426460,3,4999067643975288487962,4,11
large_integer,28017,4952950783791014608924,4,6225776124876973670426,5,11
large_integer,28018,4952950783791014608926,4,6225776124876973670428,5,11
large_integer,28019,4962174155827869384734,4,6234999496913828446236,5,11
large_integer,28020,4952950783791014608928,4,5035961132122707591194,4,13
large_integer,28021,4962174155827869384736,4,6262669613024392773658,5,13
large_integer,28022,4962174155827869384738,4,6262669613024392773660,5,13
large_integer,28023,4971397527864724160546,4,6271892985061247549468,5,13
large_integer,28024,4952950783791014608930,4,6225776124876973670432,5,11
large_integer,28025,4962174155827869384738,4,6234999496913828446240,5,11
large_integer,28026,4962174155827869384740,4,6234999496913828446242,5,11
large_integer,28027,4971397527864724160548,4,6244222868950683222050,5,11
large_integer,28028,4962174155827869384742,4,6262669613024392773664,5,13
large_integer,28029,4971397527864724160550,4,6271892985061247549472,5,13
large_integer,28030,4971397527864724160552,4,6271892985061247549474,5,13
large_integer,28031,4980620899901578936360,4,6281116357098102325282,5,13
large_integer,28032,3707795558815619874844,3,4952950783791014608925,4,9
large_integer,28033,4934504039717305057308,4,6179659264692699791389,5,9
large_integer,28034,4934504039717305057310,4,6179659264692699791391,5,9
large_integer,28035,4943727411754159833118,4,6188882636729554567199,5,9
large_integer,28036,4934504039717305057312,4,6179659264692699791393,5,9
large_integer,28037,4943727411754159833120,4,6188882636729554567201,5,9
large_integer,28038,4943727411754159833122,4,6188882636729554567203,5,9
large_integer,28039,4952950783791014608930,4,6198106008766409343011,5,9
large_integer,28040,4934504039717305057314,4,6179659264692699791395,5,9
large_integer,28041,4943727411754159833122,4,6188882636729554567203,5,9
large_integer,28042,4943727411754159833124,4,6188882636729554567205,5,9
large_integer,28043,4952950783791014608932,4,6198106008766409343013,5,9
large_integer,28044,4943727411754159833126,4,6188882636729554567207,5,9
large_integer,28045,4952950783791014608934,4,6198106008766409343015,5,9
large_integer,28046,4952950783791014608936,4,6198106008766409343017,5,9
large_integer,28047,4962174155827869384744,4,6207329380803264118825,5,9
large_integer,28048,3717018930852474650652,3,4962174155827869384733,4,9
large_integer,28049,4943727411754159833116,4,6188882636729554567197,5,9
large_integer,28050,4943727411754159833118,4,6188882636729554567199,5,9
large_integer,28051,4952950783791014608926,4,6198106008766409343007,5,9
large_integer,28052,4943727411754159833120,4,6188882636729554567201,5,9
large_integer,28053,4952950783791014608928,4,6198106008766409343009,5,9
large_integer,28054,4952950783791014608930,4,6198106008766409343011,5,9
large_integer,28055,4962174155827869384738,4,6207329380803264118819,5,9
large_integer,28056,4943727411754159833122,4,6188882636729554567203,5,9
large_integer,28057,4952950783791014608930,4,6198106008766409343011,5,9
large_integer,28058,4952950783791014608932,4,6198106008766409343013,5,9
large_integer,28059,4962174155827869384740,4,6207329380803264118821,5,9
large_integer,28060,4952950783791014608934,4,6198106008766409343015,5,9
large_integer,28061,4962174155827869384742,4,6207329380803264118823,5,9
large_integer,28062,4962174155827869384744,4,6207329380803264118825,5,9
large_integer,28063,4971397527864724160552,4,6216552752840118894633,5,9
large_integer,28064,3717018930852474650654,3,4962174155827869384735,4,9
large_integer,28065,4943727411754159833118,4,6188882636729554567199,5,9
large_integer,28066,4943727411754159833120,4,6188882636729554567201,5,9
large_integer,28067,4952950783791014608928,4,6198106008766409343009,5,9
large_integer,28068,4943727411754159833122,4,6188882636729554567203,5,9
large_integer,28069,4952950783791014608930,4,6198106008766409343011,5,9
large_integer,28070,4952950783791014608932,4,6198106008766409343013,5,9
large_integer,28071,4962174155827869384740,4,6207329380803264118821,5,9
large_integer,28072,4943727411754159833124,4,6188882636729554567205,5,9
large_integer,28073,4952950783791014608932,4,6198106008766409343013,5,9
large_integer,28074,4952950783791014608934,4,6198106008766409343015,5,9
large_integer,28075,4962174155827869384742,4,6207329380803264118823,5,9
large_integer,28076,4952950783791014608936,4,6198106008766409343017,5,9
large_integer,28077,4962174155827869384744,4,6207329380803264118825,5,9
large_integer,28078,4962174155827869384746,4,6207329380803264118827,5,9
large_integer,28079,4971397527864724160554,4,6216552752840118894635,5,9
large_integer,28080,3726242302889329426462,3,4971397527864724160543,4,9
large_integer,28081,4952950783791014608926,4,6198106008766409343007,5,9
large_integer,28082,4952950783791014608928,4,6198106008766409343009,5,9
large_integer,28083,4962174155827869384736,4,6207329380803264118817,5,9
large_integer,28084,4952950783791014608930,4,6198106008766409343011,5,9
large_integer,28085,4962174155827869384738,4,6207329380803264118819,5,9
large_integer,28086,4962174155827869384740,4,6207329380803264118821,5,9
large_integer,28087,4971397527864724160548,4,6216552752840118894629,5,9
large_integer,28088,4952950783791014608932,4,6198106008766409343013,5,9
large_integer,28089,4962174155827869384740,4,6207329380803264118821,5,9
large_integer,28090,4962174155827869384742,4,6207329380803264118823,5,9
large_integer,28091,4971397527864724160550,4,6216552752840118894631,5,9
large_integer,28092,4962174155827869384744,4,6207329380803264118825,5,9
large_integer,28093,4971397527864724160552,4,6216552752840118894633,5,9
large_integer,28094,4971397527864724160554,4,6216552752840118894635,5,9
large_integer,28095,4980620899901578936362,4,6225776124876973670443,5,9
large_integer,28096,3717018930852474650656,3,4989844271938433712158,4,11
large_integer,28097,4943727411754159833120,4,6216552752840118894622,5,11
large_integer,28098,4943727411754159833122,4,6216552752840118894624,5,11
large_integer,28099,4952950783791014608930,4,6225776124876973670432,5,11
large_integer,28100,4943727411754159833124,4,5026737760085852815390,4,13
large_integer,28101,4952950783791014608932,4,6253446240987537997854,5,13
large_integer,28102,4952950783791014608934,4,6253446240987537997856,5,13
large_integer,28103,4962174155827869384742,4,6262669613024392773664,5,13
large_integer,28104,4943727411754159833126,4,6216552752840118894628,5,11
large_integer,28105,4952950783791014608934,4,6225776124876973670436,5,11
large_integer,28106,4952950783791014608936,4,6225776124876973670438,5,11
large_integer,28107,4962174155827869384744,4,6234999496913828446246,5,11
large_integer,28108,4952950783791014608938,4,6253446240987537997860,5,13
large_integer,28109,4962174155827869384746,4,6262669613024392773668,5,13
large_integer,28110,4962174155827869384748,4,6262669613024392773670,5,13
large_integer,28111,4971397527864724160556,4,6271892985061247549478,5,13
large_integer,28112,3726242302889329426464,3,4999067643975288487966,4,11
large_integer,28113,4952950783791014608928,4,6225776124876973670430,5,11
large_integer,28114,4952950783791014608930,4,6225776124876973670432,5,11
large_integer,28115,4962174155827869384738,4,6234999496913828446240,5,11
large_integer,28116,4952950783791014608932,4,5035961132122707591198,4,13
large_integer,28117,4962174155827869384740,4,6262669613024392773662,5,13
large_integer,28118,4962174155827869384742,4,6262669613024392773664,5,13
large_integer,28119,4971397527864724160550,4,6271892985061247549472,5,13
large_integer,28120,4952950783791014608934,4,6225776124876973670436,5,11
large_integer,28121,4962174155827869384742,4,6234999496913828446244,5,11
large_integer,28122,4962174155827869384744,4,6234999496913828446246,5,11
large_integer,28123,4971397527864724160552,4,6244222868950683222054,5,11
large_integer,28124,4962174155827869384746,4,6262669613024392773668,5,13
large_integer,28125,4971397527864724160554,4,6271892985061247549476,5,13
large_integer,28126,4971397527864724160556,4,6271892985061247549478,5,13
large_integer,28127,4980620899901578936364,4,6281116357098102325286,5,13
large_integer,28128,3726242302889329426466,3,4999067643975288487968,4,11
large_integer,28129,4952950783791014608930,4,6225776124876973670432,5,11
large_integer,28130,4952950783791014608932,4,6225776124876973670434,5,11
large_integer,28131,4962174155827869384740,4,6234999496913828446242,5,11
large_integer,28132,4952950783791014608934,4,5035961132122707591200,4,13
large_integer,28133,4962174155827869384742,4,6262669613024392773664,5,13
large_integer,28134,4962174155827869384744,4,6262669613024392773666,5,13
large_integer,28135,4971397527864724160552,4,6271892985061247549474,5,13
large_integer,28136,4952950783791014608936,4,6225776124876973670438,5,11
large_integer,28137,4962174155827869384744,4,6234999496913828446246,5,11
large_integer,28138,4962174155827869384746,4,6234999496913828446248,5,11
large_integer,28139,4971397527864724160554,4,6244222868950683222056,5,11
large_integer,28140,4962174155827869384748,4,6262669613024392773670,5,13
large_integer,28141,4971397527864724160556,4,6271892985061247549478,5,13
large_integer,28142,4971397527864724160558,4,6271892985061247549480,5,13
large_integer,28143,4980620899901578936366,4,6281116357098102325288,5,13
large_integer,28144,3735465674926184202274,3,5008291016012143263776,4,11
large_integer,28145,4962174155827869384738,4,6234999496913828446240,5,11
large_integer,28146,4962174155827869384740,4,6234999496913828446242,5,11
large_integer,28147,4971397527864724160548,4,6244222868950683222050,5,11
large_integer,28148,4962174155827869384742,4,5045184504159562367008,4,13
large_integer,28149,4971397527864724160550,4,6271892985061247549472,5,13
large_integer,28150,4971397527864724160552,4,6271892985061247549474,5,13
large_integer,28151,4980620899901578936360,4,6281116357098102325282,5,13
large_integer,28152,4962174155827869384744,4,6234999496913828446246,5,11
large_integer,28153,4971397527864724160552,4,6244222868950683222054,5,11
large_integer,28154,4971397527864724160554,4,6244222868950683222056,5,11
large_integer,28155,4980620899901578936362,4,6253446240987537997864,5,11
large_integer,28156,4971397527864724160556,4,6271892985061247549478,5,13
large_integer,28157,4980620899901578936364,4,6281116357098102325286,5,13
large_integer,28158,4980620899901578936366,4,6281116357098102325288,5,13
large_integer,28159,4989844271938433712174,4,6290339729134957101096,5,13
large_integer,28160,2481087077913934692375,2,2499533821987644243987,2,9
large_integer,28161,3707795558815619874839,3,3726242302889329426451,3,9
large_integer,28162,3707795558815619874841,3,3726242302889329426453,3,9
large_integer,28163,3717018930852474650649,3,3735465674926184202261,3,9
large_integer,28164,3707795558815619874843,3,3726242302889329426455,3,9
large_integer,28165,3717018930852474650651,3,3735465674926184202263,3,9
large_integer,28166,3717018930852474650653,3,3735465674926184202265,3,9
large_integer,28167,3726242302889329426461,3,3744689046963038978073,3,9
large_integer,28168,3707795558815619874845,3,3726242302889329426457,3,9
large_integer,28169,3717018930852474650653,3,3735465674926184202265,3,9
large_integer,28170,3717018930852474650655,3,3735465674926184202267,3,9
large_integer,28171,3726242302889329426463,3,3744689046963038978075,3,9
large_integer,28172,3717018930852474650657,3,3735465674926184202269,3,9
large_integer,28173,3726242302889329426465,3,3744689046963038978077,3,9
large_integer,28174,3726242302889329426467,3,3744689046963038978079,3,9
large_integer,28175,3735465674926184202275,3,3753912418999893753887,3,9
large_integer,28176,3707795558815619874840,3,3726242302889329426452,3,9
large_integer,28177,4934504039717305057304,4,4952950783791014608916,4,9
large_integer,28178,4934504039717305057306,4,4952950783791014608918,4,9
large_integer,28179,4943727411754159833114,4,4962174155827869384726,4,9
large_integer,28180,4934504039717305057308,4,4952950783791014608920,4,9
large_integer,28181,4943727411754159833116,4,4962174155827869384728,4,9
large_integer,28182,4943727411754159833118,4,4962174155827869384730,4,9
large_integer,28183,4952950783791014608926,4,4971397527864724160538,4,9
large_integer,28184,4934504039717305057310,4,4952950783791014608922,4,9
large_integer,28185,4943727411754159833118,4,4962174155827869384730,4,9
large_integer,28186,4943727411754159833120,4,4962174155827869384732,4,9
large_integer,28187,4952950783791014608928,4,4971397527864724160540,4,9
large_integer,28188,4943727411754159833122,4,4962174155827869384734,4,9
large_integer,28189,4952950783791014608930,4,4971397527864724160542,4,9
large_integer,28190,4952950783791014608932,4,4971397527864724160544,4,9
large_integer,28191,4962174155827869384740,4,4980620899901578936352,4,9
large_integer,28192,3707795558815619874842,3,3790805907147312857113,3,13
large_integer,28193,4934504039717305057306,4,5017514388048998039577,4,13
large_integer,28194,3800029279184167632923,3,3827699395294731960345,3,15
large_integer,28195,4943727411754159833116,4,5054407876196417142809,4,15
large_integer,28196,4934504039717305057310,4,5017514388048998039581,4,13
large_integer,28197,4943727411754159833118,4,5026737760085852815389,4,13
large_integer,28198,4943727411754159833120,4,5054407876196417142813,4,15
large_integer,28199,4952950783791014608928,4,5063631248233271918621,4,15
large_integer,28200,4934504039717305057312,4,5017514388048998039583,4,13
large_integer,28201,4943727411754159833120,4,5026737760085852815391,4,13
large_integer,28202,4943727411754159833122,4,5054407876196417142815,4,15
large_integer,28203,4952950783791014608930,4,5063631248233271918623,4,15
large_integer,28204,4943727411754159833124,4,5026737760085852815395,4,13
large_integer,28205,4952950783791014608932,4,5035961132122707591203,4,13
large_integer,28206,4952950783791014608934,4,5063631248233271918627,4,15
large_integer,28207,4962174155827869384742,4,5072854620270126694435,4,15
large_integer,28208,3717018930852474650650,3,5017514388048998039578,4,13
large_integer,28209,4943727411754159833114,4,6244222868950683222042,5,13
large_integer,28210,4943727411754159833116,4,5054407876196417142810,4,15
large_integer,28211,4952950783791014608924,4,6281116357098102325274,5,15
large_integer,28212,4943727411754159833118,4,6244222868950683222046,5,13
large_integer,28213,4952950783791014608926,4,6253446240987537997854,5,13
large_integer,28214,4952950783791014608928,4,6281116357098102325278,5,15
large_integer,28215,4962174155827869384736,4,6290339729134957101086,5,15
large_integer,28216,4943727411754159833120,4,6244222868950683222048,5,13
large_integer,28217,4952950783791014608928,4,6253446240987537997856,5,13
large_integer,28218,4952950783791014608930,4,6281116357098102325280,5,15
large_integer,28219,4962174155827869384738,4,6290339729134957101088,5,15
large_integer,28220,4952950783791014608932,4,6253446240987537997860,5,13
large_integer,28221,4962174155827869384740,4,6262669613024392773668,5,13
large_integer,28222,4962174155827869384742,4,6290339729134957101092,5,15
large_integer,28223,4971397527864724160550,4,6299563101171811876900,5,15
large_integer,28224,3707795558815619874844,3,3790805907147312857113,3,13
large_integer,28225,4934504039717305057308,4,5017514388048998039577,4,13
large_integer,28226,4934504039717305057310,4,5017514388048998039579,4,13
large_integer,28227,4943727411754159833118,4,5026737760085852815387,4,13
large_integer,28228,3800029279184167632921,3,3827699395294731960345,3,15
large_integer,28229,4943727411754159833120,4,5054407876196417142809,4,15
large_integer,28230,4943727411754159833122,4,5054407876196417142811,4,15
large_integer,28231,4952950783791014608930,4,5063631248233271918619,4,15
large_integer,28232,4934504039717305057314,4,5017514388048998039583,4,13
large_integer,28233,4943727411754159833122,4,5026737760085852815391,4,13
large_integer,28234,4943727411754159833124,4,5026737760085852815393,4,13
large_integer,28235,4952950783791014608932,4,5035961132122707591201,4,13
large_integer,28236,4943727411754159833126,4,5054407876196417142815,4,15
large_integer,28237,4952950783791014608934,4,5063631248233271918623,4,15
large_integer,28238,4952950783791014608936,4,5063631248233271918625,4,15
large_integer,28239,4962174155827869384744,4,5072854620270126694433,4,15
large_integer,28240,3717018930852474650652,3,5017514388048998039578,4,13
large_integer,28241,4943727411754159833116,4,6244222868950683222042,5,13
large_integer,28242,4943727411754159833118,4,6244222868950683222044,5,13
large_integer,28243,4952950783791014608926,4,6253446240987537997852,5,13
large_integer,28244,4943727411754159833120,4,5054407876196417142810,4,15
large_integer,28245,4952950783791014608928,4,6281116357098102325274,5,15
large_integer,28246,4952950783791014608930,4,6281116357098102325276,5,15
large_integer,28247,4962174155827869384738,4,6290339729134957101084,5,15
large_integer,28248,4943727411754159833122,4,6244222868950683222048,5,13
large_integer,28249,4952950783791014608930,4,6253446240987537997856,5,13
large_integer,28250,4952950783791014608932,4,6253446240987537997858,5,13
large_integer,28251,4962174155827869384740,4,6262669613024392773666,5,13
large_integer,28252,4952950783791014608934,4,6281116357098102325280,5,15
large_integer,28253,4962174155827869384742,4,6290339729134957101088,5,15
large_integer,28254,4962174155827869384744,4,6290339729134957101090,5,15
large_integer,28255,4971397527864724160552,4,6299563101171811876898,5,15
large_integer,28256,2536427310135063347220,2,2536427310135063347220,2,11
large_integer,28257,3763135791036748529684,3,3763135791036748529684,3,11
large_integer,28258,3763135791036748529686,3,3864592883442151063578,3,17
large_integer,28259,3772359163073603305494,3,5091301364343836246042,4,17
large_integer,28260,3763135791036748529688,3,3864592883442151063578,3,17
large_integer,28261,3772359163073603305496,3,5091301364343836246042,4,17
large_integer,28262,2573320798282482450452,2,2573320798282482450452,2,13
large_integer,28263,3781582535110458081306,3,3800029279184167632916,3,13
large_integer,28264,3763135791036748529690,3,3763135791036748529690,3,11
large_integer,28265,3772359163073603305498,3,3772359163073603305498,3,11
large_integer,28266,3772359163073603305500,3,5091301364343836246048,4,17
large_integer,28267,3781582535110458081308,3,5100524736380691021856,4,17
large_integer,28268,3772359163073603305502,3,5091301364343836246048,4,17
large_integer,28269,3781582535110458081310,3,5100524736380691021856,4,17
large_integer,28270,3781582535110458081312,3,3800029279184167632922,3,13
large_integer,28271,3790805907147312857120,3,3809252651221022408730,3,13
large_integer,28272,3726242302889329426462,3,3763135791036748529685,3,11
large_integer,28273,4952950783791014608926,4,4989844271938433712149,4,11
large_integer,28274,4952950783791014608928,4,5091301364343836246043,4,17
large_integer,28275,4962174155827869384736,4,6318009845245521428507,5,17
large_integer,28276,4952950783791014608930,4,5091301364343836246043,4,17
large_integer,28277,4962174155827869384738,4,6318009845245521428507,5,17
large_integer,28278,3800029279184167632917,3,3800029279184167632917,3,13
large_integer,28279,4971397527864724160548,4,5026737760085852815381,4,13
large_integer,28280,4952950783791014608932,4,4989844271938433712155,4,11
large_integer,28281,4962174155827869384740,4,4999067643975288487963,4,11
large_integer,28282,4962174155827869384742,4,6318009845245521428513,5,17
large_integer,28283,4971397527864724160550,4,6327233217282376204321,5,17
large_integer,28284,4962174155827869384744,4,6318009845245521428513,5,17
large_integer,28285,4971397527864724160552,4,6327233217282376204321,5,17
large_integer,28286,4971397527864724160554,4,5026737760085852815387,4,13
large_integer,28287,4980620899901578936362,4,5035961132122707591195,4,13
large_integer,28288,3707795558815619874846,3,3726242302889329426458,3,9
large_integer,28289,4934504039717305057310,4,4952950783791014608922,4,9
large_integer,28290,4934504039717305057312,4,4952950783791014608924,4,9
large_integer,28291,4943727411754159833120,4,4962174155827869384732,4,9
large_integer,28292,4934504039717305057314,4,4952950783791014608926,4,9
large_integer,28293,4943727411754159833122,4,4962174155827869384734,4,9
large_integer,28294,4943727411754159833124,4,4962174155827869384736,4,9
large_integer,28295,4952950783791014608932,4,4971397527864724160544,4,9
large_integer,28296,4934504039717305057316,4,4952950783791014608928,4,9
large_integer,28297,4943727411754159833124,4,4962174155827869384736,4,9
large_integer,28298,4943727411754159833126,4,4962174155827869384738,4,9
large_integer,28299,4952950783791014608934,4,4971397527864724160546,4,9
large_integer,28300,4943727411754159833128,4,4962174155827869384740,4,9
large_integer,28301,4952950783791014608936,4,4971397527864724160548,4,9
large_integer,28302,4952950783791014608938,4,4971397527864724160550,4,9
large_integer,28303,4962174155827869384746,4,4980620899901578936358,4,9
large_integer,28304,3717018930852474650654,3,3735465674926184202266,3,9
large_integer,28305,4943727411754159833118,4,4962174155827869384730,4,9
large_integer,28306,4943727411754159833120,4,4962174155827869384732,4,9
large_integer,28307,4952950783791014608928,4,4971397527864724160540,4,9
large_integer,28308,4943727411754159833122,4,4962174155827869384734,4,9
large_integer,28309,4952950783791014608930,4,4971397527864724160542,4,9
large_integer,28310,4952950783791014608932,4,4971397527864724160544,4,9
large_integer,28311,4962174155827869384740,4,4980620899901578936352,4,9
large_integer,28312,4943727411754159833124,4,4962174155827869384736,4,9
large_integer,28313,4952950783791014608932,4,4971397527864724160544,4,9
large_integer,28314,4952950783791014608934,4,4971397527864724160546,4,9
large_integer,28315,4962174155827869384742,4,4980620899901578936354,4,9
large_integer,28316,4952950783791014608936,4,4971397527864724160548,4,9
large_integer,28317,4962174155827869384744,4,4980620899901578936356,4,9
large_integer,28318,4962174155827869384746,4,4980620899901578936358,4,9
large_integer,28319,4971397527864724160554,4,4989844271938433712166,4,9
large_integer,28320,3717018930852474650656,3,5017514388048998039584,4,13
large_integer,28321,4943727411754159833120,4,6244222868950683222048,5,13
large_integer,28322,4943727411754159833122,4,5054407876196417142816,4,15
large_integer,28323,4952950783791014608930,4,6281116357098102325280,5,15
large_integer,28324,4943727411754159833124,4,6244222868950683222052,5,13
large_integer,28325,4952950783791014608932,4,6253446240987537997860,5,13
large_integer,28326,4952950783791014608934,4,6281116357098102325284,5,15
large_integer,28327,4962174155827869384742,4,6290339729134957101092,5,15
large_integer,28328,4943727411754159833126,4,6244222868950683222054,5,13
large_integer,28329,4952950783791014608934,4,6253446240987537997862,5,13
large_integer,28330,4952950783791014608936,4,6281116357098102325286,5,15
large_integer,28331,4962174155827869384744,4,6290339729134957101094,5,15
large_integer,28332,4952950783791014608938,4,6253446240987537997866,5,13
large_integer,28333,4962174155827869384746,4,6262669613024392773674,5,13
large_integer,28334,4962174155827869384748,4,6290339729134957101098,5,15
large_integer,28335,4971397527864724160556,4,6299563101171811876906,5,15
large_integer,28336,3726242302889329426464,3,5026737760085852815392,4,13
large_integer,28337,4952950783791014608928,4,6253446240987537997856,5,13
large_integer,28338,4952950783791014608930,4,5063631248233271918624,4,15
large_integer,28339,4962174155827869384738,4,6290339729134957101088,5,15
large_integer,28340,4952950783791014608932,4,6253446240987537997860,5,13
large_integer,28341,4962174155827869384740,4,6262669613024392773668,5,13
large_integer,28342,4962174155827869384742,4,6290339729134957101092,5,15
large_integer,28343,4971397527864724160550,4,6299563101171811876900,5,15
large_integer,28344,4952950783791014608934,4,6253446240987537997862,5,13
large_integer,28345,4962174155827869384742,4,6262669613024392773670,5,13
large_integer,28346,4962174155827869384744,4,6290339729134957101094,5,15
large_integer,28347,4971397527864724160552,4,6299563101171811876902,5,15
large_integer,28348,4962174155827869384746,4,6262669613024392773674,5,13
large_integer,28349,4971397527864724160554,4,6271892985061247549482,5,13
large_integer,28350,4971397527864724160556,4,6299563101171811876906,5,15
large_integer,28351,4980620899901578936364,4,6308786473208666652714,5,15
large_integer,28352,3717018930852474650658,3,5017514388048998039584,4,13
large_integer,28353,4943727411754159833122,4,6244222868950683222048,5,13
large_integer,28354,4943727411754159833124,4,6244222868950683222050,5,13
large_integer,28355,4952950783791014608932,4,6253446240987537997858,5,13
large_integer,28356,4943727411754159833126,4,5054407876196417142816,4,15
large_integer,28357,4952950783791014608934,4,6281116357098102325280,5,15
large_integer,28358,4952950783791014608936,4,6281116357098102325282,5,15
large_integer,28359,4962174155827869384744,4,6290339729134957101090,5,15
large_integer,28360,4943727411754159833128,4,6244222868950683222054,5,13
large_integer,28361,4952950783791014608936,4,6253446240987537997862,5,13
large_integer,28362,4952950783791014608938,4,6253446240987537997864,5,13
large_integer,28363,4962174155827869384746,4,6262669613024392773672,5,13
large_integer,28364,4952950783791014608940,4,6281116357098102325286,5,15
large_integer,28365,4962174155827869384748,4,6290339729134957101094,5,15
large_integer,28366,4962174155827869384750,4,6290339729134957101096,5,15
large_integer,28367,4971397527864724160558,4,6299563101171811876904,5,15
large_integer,28368,3726242302889329426466,3,5026737760085852815392,4,13
large_integer,28369,4952950783791014608930,4,6253446240987537997856,5,13
large_integer,28370,4952950783791014608932,4,6253446240987537997858,5,13
large_integer,28371,4962174155827869384740,4,6262669613024392773666,5,13
large_integer,28372,4952950783791014608934,4,5063631248233271918624,4,15
large_integer,28373,4962174155827869384742,4,6290339729134957101088,5,15
large_integer,28374,4962174155827869384744,4,6290339729134957101090,5,15
large_integer,28375,4971397527864724160552,4,6299563101171811876898,5,15
large_integer,28376,4952950783791014608936,4,6253446240987537997862,5,13
large_integer,28377,4962174155827869384744,4,6262669613024392773670,5,13
large_integer,28378,4962174155827869384746,4,6262669613024392773672,5,13
large_integer,28379,4971397527864724160554,4,6271892985061247549480,5,13
large_integer,28380,4962174155827869384748,4,6290339729134957101094,5,15
large_integer,28381,4971397527864724160556,4,6299563101171811876902,5,15
large_integer,28382,4971397527864724160558,4,6299563101171811876904,5,15
large_integer,28383,4980620899901578936366,4,6308786473208666652712,5,15
large_integer,28384,3726242302889329426468,3,3763135791036748529691,3,11
large_integer,28385,4952950783791014608932,4,4989844271938433712155,4,11
large_integer,28386,4952950783791014608934,4,5091301364343836246049,4,17
large_integer,28387,4962174155827869384742,4,6318009845245521428513,5,17
large_integer,28388,4952950783791014608936,4,5091301364343836246049,4,17
large_integer,28389,4962174155827869384744,4,6318009845245521428513,5,17
large_integer,28390,3800029279184167632923,3,3800029279184167632923,3,13
large_integer,28391,4971397527864724160554,4,5026737760085852815387,4,13
large_integer,28392,4952950783791014608938,4,4989844271938433712161,4,11
large_integer,28393,4962174155827869384746,4,4999067643975288487969,4,11
large_integer,28394,4962174155827869384748,4,6318009845245521428519,5,17
large_integer,28395,4971397527864724160556,4,6327233217282376204327,5,17
large_integer,28396,4962174155827869384750,4,6318009845245521428519,5,17
large_integer,28397,4971397527864724160558,4,6327233217282376204327,5,17
large_integer,28398,4971397527864724160560,4,5026737760085852815393,4,13
large_integer,28399,4980620899901578936368,4,5035961132122707591201,4,13
large_integer,28400,3735465674926184202276,3,3772359163073603305499,3,11
large_integer,28401,4962174155827869384740,4,4999067643975288487963,4,11
large_integer,28402,4962174155827869384742,4,5100524736380691021857,4,17
large_integer,28403,4971397527864724160550,4,6327233217282376204321,5,17
large_integer,28404,4962174155827869384744,4,5100524736380691021857,4,17
large_integer,28405,4971397527864724160552,4,6327233217282376204321,5,17
large_integer,28406,3809252651221022408731,3,3809252651221022408731,3,13
large_integer,28407,4980620899901578936362,4,5035961132122707591195,4,13
large_integer,28408,4962174155827869384746,4,4999067643975288487969,4,11
large_integer,28409,4971397527864724160554,4,5008291016012143263777,4,11
large_integer,28410,4971397527864724160556,4,6327233217282376204327,5,17
large_integer,28411,4980620899901578936364,4,6336456589319230980135,5,17
large_integer,28412,4971397527864724160558,4,6327233217282376204327,5,17
large_integer,28413,4980620899901578936366,4,6336456589319230980135,5,17
large_integer,28414,4980620899901578936368,4,5035961132122707591201,4,13
large_integer,28415,4989844271938433712176,4,5045184504159562367009,4,13
large_integer,28416,2490310449950789468183,2,2508757194024499019795,2,9
large_integer,28417,3717018930852474650647,3,3735465674926184202259,3,9
large_integer,28418,3717018930852474650649,3,3735465674926184202261,3,9
large_integer,28419,3726242302889329426457,3,3744689046963038978069,3,9
large_integer,28420,3717018930852474650651,3,3735465674926184202263,3,9
large_integer,28421,3726242302889329426459,3,3744689046963038978071,3,9
large_integer,28422,3726242302889329426461,3,3744689046963038978073,3,9
large_integer,28423,3735465674926184202269,3,3753912418999893753881,3,9
large_integer,28424,3717018930852474650653,3,3735465674926184202265,3,9
large_integer,28425,3726242302889329426461,3,3744689046963038978073,3,9
large_integer,28426,3726242302889329426463,3,3744689046963038978075,3,9
large_integer,28427,3735465674926184202271,3,3753912418999893753883,3,9
large_integer,28428,3726242302889329426465,3,3744689046963038978077,3,9
large_integer,28429,3735465674926184202273,3,3753912418999893753885,3,9
large_integer,28430,3735465674926184202275,3,3753912418999893753887,3,9
large_integer,28431,3744689046963038978083,3,3763135791036748529695,3,9
large_integer,28432,3717018930852474650648,3,3735465674926184202260,3,9
large_integer,28433,4943727411754159833112,4,4962174155827869384724,4,9
large_integer,28434,4943727411754159833114,4,4962174155827869384726,4,9
large_integer,28435,4952950783791014608922,4,4971397527864724160534,4,9
large_integer,28436,4943727411754159833116,4,4962174155827869384728,4,9
large_integer,28437,4952950783791014608924,4,4971397527864724160536,4,9
large_integer,28438,4952950783791014608926,4,4971397527864724160538,4,9
large_integer,28439,4962174155827869384734,4,4980620899901578936346,4,9
large_integer,28440,4943727411754159833118,4,4962174155827869384730,4,9
large_integer,28441,4952950783791014608926,4,4971397527864724160538,4,9
large_integer,28442,4952950783791014608928,4,4971397527864724160540,4,9
large_integer,28443,4962174155827869384736,4,4980620899901578936348,4,9
large_integer,28444,4952950783791014608930,4,4971397527864724160542,4,9
large_integer,28445,4962174155827869384738,4,4980620899901578936350,4,9
large_integer,28446,4962174155827869384740,4,4980620899901578936352,4,9
large_integer,28447,4971397527864724160548,4,4989844271938433712160,4,9
large_integer,28448,3717018930852474650650,3,3800029279184167632921,3,13
large_integer,28449,4943727411754159833114,4,5026737760085852815385,4,13
large_integer,28450,3809252651221022408731,3,3836922767331586736153,3,15
large_integer,28451,4952950783791014608924,4,5063631248233271918617,4,15
large_integer,28452,4943727411754159833118,4,5026737760085852815389,4,13
large_integer,28453,4952950783791014608926,4,5035961132122707591197,4,13
large_integer,28454,4952950783791014608928,4,5063631248233271918621,4,15
large_integer,28455,4962174155827869384736,4,5072854620270126694429,4,15
large_integer,28456,4943727411754159833120,4,5026737760085852815391,4,13
large_integer,28457,4952950783791014608928,4,5035961132122707591199,4,13
large_integer,28458,4952950783791014608930,4,5063631248233271918623,4,15
large_integer,28459,4962174155827869384738,4,5072854620270126694431,4,15
large_integer,28460,4952950783791014608932,4,5035961132122707591203,4,13
large_integer,28461,4962174155827869384740,4,5045184504159562367011,4,13
large_integer,28462,4962174155827869384742,4,5072854620270126694435,4,15
large_integer,28463,4971397527864724160550,4,5082077992306981470243,4,15
large_integer,28464,3726242302889329426458,3,5026737760085852815386,4,13
large_integer,28465,4952950783791014608922,4,6253446240987537997850,5,13
large_integer,28466,4952950783791014608924,4,5063631248233271918618,4,15
large_integer,28467,4962174155827869384732,4,6290339729134957101082,5,15
large_integer,28468,4952950783791014608926,4,6253446240987537997854,5,13
large_integer,28469,4962174155827869384734,4,6262669613024392773662,5,13
large_integer,28470,4962174155827869384736,4,6290339729134957101086,5,15
large_integer,28471,4971397527864724160544,4,6299563101171811876894,5,15
large_integer,28472,4952950783791014608928,4,6253446240987537997856,5,13
large_integer,28473,4962174155827869384736,4,6262669613024392773664,5,13
large_integer,28474,4962174155827869384738,4,6290339729134957101088,5,15
large_integer,28475,4971397527864724160546,4,6299563101171811876896,5,15
large_integer,28476,4962174155827869384740,4,6262669613024392773668,5,13
large_integer,28477,4971397527864724160548,4,6271892985061247549476,5,13
large_integer,28478,4971397527864724160550,4,6299563101171811876900,5,15
large_integer,28479,4980620899901578936358,4,6308786473208666652708,5,15
large_integer,28480,3717018930852474650652,3,3800029279184167632921,3,13
large_integer,28481,4943727411754159833116,4,5026737760085852815385,4,13
large_integer,28482,4943727411754159833118,4,5026737760085852815387,4,13
large_integer,28483,4952950783791014608926,4,5035961132122707591195,4,13
large_integer,28484,3809252651221022408729,3,3836922767331586736153,3,15
large_integer,28485,4952950783791014608928,4,5063631248233271918617,4,15
large_integer,28486,4952950783791014608930,4,5063631248233271918619,4,15
large_integer,28487,4962174155827869384738,4,5072854620270126694427,4,15
large_integer,28488,4943727411754159833122,4,5026737760085852815391,4,13
large_integer,28489,4952950783791014608930,4,5035961132122707591199,4,13
large_integer,28490,4952950783791014608932,4,5035961132122707591201,4,13
large_integer,28491,4962174155827869384740,4,5045184504159562367009,4,13
large_integer,28492,4952950783791014608934,4,5063631248233271918623,4,15
large_integer,28493,4962174155827869384742,4,5072854620270126694431,4,15
large_integer,28494,4962174155827869384744,4,5072854620270126694433,4,15
large_integer,28495,4971397527864724160552,4,5082077992306981470241,4,15
large_integer,28496,3726242302889329426460,3,5026737760085852815386,4,13
large_integer,28497,4952950783791014608924,4,6253446240987537997850,5,13
large_integer,28498,4952950783791014608926,4,6253446240987537997852,5,13
large_integer,28499,4962174155827869384734,4,6262669613024392773660,5,13
large_integer,28500,4952950783791014608928,4,5063631248233271918618,4,15
large_integer,28501,4962174155827869384736,4,6290339729134957101082,5,15
large_integer,28502,4962174155827869384738,4,6290339729134957101084,5,15
large_integer,28503,4971397527864724160546,4,6299563101171811876892,5,15
large_integer,28504,4952950783791014608930,4,6253446240987537997856,5,13
large_integer,28505,4962174155827869384738,4,6262669613024392773664,5,13
large_integer,28506,4962174155827869384740,4,6262669613024392773666,5,13
large_integer,28507,4971397527864724160548,4,6271892985061247549474,5,13
large_integer,28508,4962174155827869384742,4,6290339729134957101088,5,15
large_integer,28509,4971397527864724160550,4,6299563101171811876896,5,15
large_integer,28510,4971397527864724160552,4,6299563101171811876898,5,15
large_integer,28511,4980620899901578936360,4,6308786473208666652706,5,15
large_integer,28512,2545650682171918123028,2,2545650682171918123028,2,11
large_integer,28513,3772359163073603305492,3,3772359163073603305492,3,11
large_integer,28514,3772359163073603305494,3,3873816255479005839386,3,17
large_integer,28515,3781582535110458081302,3,5100524736380691021850,4,17
large_integer,28516,3772359163073603305496,3,3873816255479005839386,3,17
large_integer,28517,3781582535110458081304,3,5100524736380691021850,4,17
large_integer,28518,2582544170319337226260,2,2582544170319337226260,2,13
large_integer,28519,3790805907147312857114,3,3809252651221022408724,3,13
large_integer,28520,3772359163073603305498,3,3772359163073603305498,3,11
large_integer,28521,3781582535110458081306,3,3781582535110458081306,3,11
large_integer,28522,3781582535110458081308,3,5100524736380691021856,4,17
large_integer,28523,3790805907147312857116,3,5109748108417545797664,4,17
large_integer,28524,3781582535110458081310,3,5100524736380691021856,4,17
large_integer,28525,3790805907147312857118,3,5109748108417545797664,4,17
large_integer,28526,3790805907147312857120,3,3809252651221022408730,3,13
large_integer,28527,3800029279184167632928,3,3818476023257877184538,3,13
large_integer,28528,3735465674926184202270,3,3772359163073603305493,3,11
large_integer,28529,4962174155827869384734,4,4999067643975288487957,4,11
large_integer,28530,4962174155827869384736,4,5100524736380691021851,4,17
large_integer,28531,4971397527864724160544,4,6327233217282376204315,5,17
large_integer,28532,4962174155827869384738,4,5100524736380691021851,4,17
large_integer,28533,4971397527864724160546,4,6327233217282376204315,5,17
large_integer,28534,3809252651221022408725,3,3809252651221022408725,3,13
large_integer,28535,4980620899901578936356,4,5035961132122707591189,4,13
large_integer,28536,4962174155827869384740,4,4999067643975288487963,4,11
large_integer,28537,4971397527864724160548,4,5008291016012143263771,4,11
large_integer,28538,4971397527864724160550,4,6327233217282376204321,5,17
large_integer,28539,4980620899901578936358,4,6336456589319230980129,5,17
large_integer,28540,4971397527864724160552,4,6327233217282376204321,5,17
large_integer,28541,4980620899901578936360,4,6336456589319230980129,5,17
large_integer,28542,4980620899901578936362,4,5035961132122707591195,4,13
large_integer,28543,4989844271938433712170,4,5045184504159562367003,4,13
large_integer,28544,3717018930852474650654,3,3735465674926184202266,3,9
large_integer,28545,4943727411754159833118,4,4962174155827869384730,4,9
large_integer,28546,4943727411754159833120,4,4962174155827869384732,4,9
large_integer,28547,4952950783791014608928,4,4971397527864724160540,4,9
large_integer,28548,4943727411754159833122,4,4962174155827869384734,4,9
large_integer,28549,4952950783791014608930,4,4971397527864724160542,4,9
large_integer,28550,4952950783791014608932,4,4971397527864724160544,4,9
large_integer,28551,4962174155827869384740,4,4980620899901578936352,4,9
large_integer,28552,4943727411754159833124,4,4962174155827869384736,4,9
large_integer,28553,4952950783791014608932,4,4971397527864724160544,4,9
large_integer,28554,4952950783791014608934,4,4971397527864724160546,4,9
large_integer,28555,4962174155827869384742,4,4980620899901578936354,4,9
large_integer,28556,4952950783791014608936,4,4971397527864724160548,4,9
large_integer,28557,4962174155827869384744,4,4980620899901578936356,4,9
large_integer,28558,4962174155827869384746,4,4980620899901578936358,4,9
large_integer,28559,4971397527864724160554,4,4989844271938433712166,4,9
large_integer,28560,3726242302889329426462,3,3744689046963038978074,3,9
large_integer,28561,4952950783791014608926,4,4971397527864724160538,4,9
large_integer,28562,4952950783791014608928,4,4971397527864724160540,4,9
large_integer,28563,4962174155827869384736,4,4980620899901578936348,4,9
large_integer,28564,4952950783791014608930,4,4971397527864724160542,4,9
large_integer,28565,4962174155827869384738,4,4980620899901578936350,4,9
large_integer,28566,4962174155827869384740,4,4980620899901578936352,4,9
large_integer,28567,4971397527864724160548,4,4989844271938433712160,4,9
large_integer,28568,4952950783791014608932,4,4971397527864724160544,4,9
large_integer,28569,4962174155827869384740,4,4980620899901578936352,4,9
large_integer,28570,4962174155827869384742,4,4980620899901578936354,4,9
large_integer,28571,4971397527864724160550,4,4989844271938433712162,4,9
large_integer,28572,4962174155827869384744,4,4980620899901578936356,4,9
large_integer,28573,4971397527864724160552,4,4989844271938433712164,4,9
large_integer,28574,4971397527864724160554,4,4989844271938433712166,4,9
large_integer,28575,4980620899901578936362,4,4999067643975288487974,4,9
large_integer,28576,3726242302889329426464,3,5026737760085852815392,4,13
large_integer,28577,4952950783791014608928,4,6253446240987537997856,5,13
large_integer,28578,4952950783791014608930,4,5063631248233271918624,4,15
large_integer,28579,4962174155827869384738,4,6290339729134957101088,5,15
large_integer,28580,4952950783791014608932,4,6253446240987537997860,5,13
large_integer,28581,4962174155827869384740,4,6262669613024392773668,5,13
large_integer,28582,4962174155827869384742,4,6290339729134957101092,5,15
large_integer,28583,4971397527864724160550,4,6299563101171811876900,5,15
large_integer,28584,4952950783791014608934,4,6253446240987537997862,5,13
large_integer,28585,4962174155827869384742,4,6262669613024392773670,5,13
large_integer,28586,4962174155827869384744,4,6290339729134957101094,5,15
large_integer,28587,4971397527864724160552,4,6299563101171811876902,5,15
large_integer,28588,4962174155827869384746,4,6262669613024392773674,5,13
large_integer,28589,4971397527864724160554,4,6271892985061247549482,5,13
large_integer,28590,4971397527864724160556,4,6299563101171811876906,5,15
large_integer,28591,4980620899901578936364,4,6308786473208666652714,5,15
large_integer,28592,3735465674926184202272,3,5035961132122707591200,4,13
large_integer,28593,4962174155827869384736,4,6262669613024392773664,5,13
large_integer,28594,4962174155827869384738,4,5072854620270126694432,4,15
large_integer,28595,4971397527864724160546,4,6299563101171811876896,5,15
large_integer,28596,4962174155827869384740,4,6262669613024392773668,5,13
large_integer,28597,4971397527864724160548,4,6271892985061247549476,5,13
large_integer,28598,4971397527864724160550,4,6299563101171811876900,5,15
large_integer,28599,4980620899901578936358,4,6308786473208666652708,5,15
large_integer,28600,4962174155827869384742,4,6262669613024392773670,5,13
large_integer,28601,4971397527864724160550,4,6271892985061247549478,5,13
large_integer,28602,4971397527864724160552,4,6299563101171811876902,5,15
large_integer,28603,4980620899901578936360,4,6308786473208666652710,5,15
large_integer,28604,4971397527864724160554,4,6271892985061247549482,5,13
large_integer,28605,4980620899901578936362,4,6281116357098102325290,5,13
large_integer,28606,4980620899901578936364,4,6308786473208666652714,5,15
large_integer,28607,4989844271938433712172,4,6318009845245521428522,5,15
large_integer,28608,3726242302889329426466,3,5026737760085852815392,4,13
large_integer,28609,4952950783791014608930,4,6253446240987537997856,5,13
large_integer,28610,4952950783791014608932,4,6253446240987537997858,5,13
large_integer,28611,4962174155827869384740,4,6262669613024392773666,5,13
large_integer,28612,4952950783791014608934,4,5063631248233271918624,4,15
large_integer,28613,4962174155827869384742,4,6290339729134957101088,5,15
large_integer,28614,4962174155827869384744,4,6290339729134957101090,5,15
large_integer,28615,4971397527864724160552,4,6299563101171811876898,5,15
large_integer,28616,4952950783791014608936,4,6253446240987537997862,5,13
large_integer,28617,4962174155827869384744,4,6262669613024392773670,5,13
large_integer,28618,4962174155827869384746,4,6262669613024392773672,5,13
large_integer,28619,4971397527864724160554,4,6271892985061247549480,5,13
large_integer,28620,4962174155827869384748,4,6290339729134957101094,5,15
large_integer,28621,4971397527864724160556,4,6299563101171811876902,5,15
large_integer,28622,4971397527864724160558,4,6299563101171811876904,5,15
large_integer,28623,4980620899901578936366,4,6308786473208666652712,5,15
large_integer,28624,3735465674926184202274,3,5035961132122707591200,4,13
large_integer,28625,4962174155827869384738,4,6262669613024392773664,5,13
large_integer,28626,4962174155827869384740,4,6262669613024392773666,5,13
large_integer,28627,4971397527864724160548,4,6271892985061247549474,5,13
large_integer,28628,4962174155827869384742,4,5072854620270126694432,4,15
large_integer,28629,4971397527864724160550,4,6299563101171811876896,5,15
large_integer,28630,4971397527864724160552,4,6299563101171811876898,5,15
large_integer,28631,4980620899901578936360,4,6308786473208666652706,5,15
large_integer,28632,4962174155827869384744,4,6262669613024392773670,5,13
large_integer,28633,4971397527864724160552,4,6271892985061247549478,5,13
large_integer,28634,4971397527864724160554,4,6271892985061247549480,5,13
large_integer,28635,4980620899901578936362,4,6281116357098102325288,5,13
large_integer,28636,4971397527864724160556,4,6299563101171811876902,5,15
large_integer,28637,4980620899901578936364,4,6308786473208666652710,5,15
large_integer,28638,4980620899901578936366,4,6308786473208666652712,5,15
large_integer,28639,4989844271938433712174,4,6318009845245521428520,5,15
large_integer,28640,3735465674926184202276,3,3772359163073603305499,3,11
large_integer,28641,4962174155827869384740,4,4999067643975288487963,4,11
large_integer,28642,4962174155827869384742,4,5100524736380691021857,4,17
large_integer,28643,4971397527864724160550,4,6327233217282376204321,5,17
large_integer,28644,4962174155827869384744,4,5100524736380691021857,4,17
large_integer,28645,4971397527864724160552,4,6327233217282376204321,5,17
large_integer,28646,3809252651221022408731,3,3809252651221022408731,3,13
large_integer,28647,4980620899901578936362,4,5035961132122707591195,4,13
large_integer,28648,4962174155827869384746,4,4999067643975288487969,4,11
large_integer,28649,4971397527864724160554,4,5008291016012143263777,4,11
large_integer,28650,4971397527864724160556,4,6327233217282376204327,5,17
large_integer,28651,4980620899901578936364,4,6336456589319230980135,5,17
large_integer,28652,4971397527864724160558,4,6327233217282376204327,5,17
large_integer,28653,4980620899901578936366,4,6336456589319230980135,5,17
large_integer,28654,4980620899901578936368,4,5035961132122707591201,4,13
large_integer,28655,4989844271938433712176,4,5045184504159562367009,4,13
large_integer,28656,3744689046963038978084,3,3781582535110458081307,3,11
large_integer,28657,4971397527864724160548,4,5008291016012143263771,4,11
large_integer,28658,4971397527864724160550,4,5109748108417545797665,4,17
large_integer,28659,4980620899901578936358,4,6336456589319230980129,5,17
large_integer,28660,4971397527864724160552,4,5109748108417545797665,4,17
large_integer,28661,4980620899901578936360,4,6336456589319230980129,5,17
large_integer,28662,3818476023257877184539,3,3818476023257877184539,3,13
large_integer,28663,4989844271938433712170,4,5045184504159562367003,4,13
large_integer,28664,4971397527864724160554,4,5008291016012143263777,4,11
large_integer,28665,4980620899901578936362,4,5017514388048998039585,4,11
large_integer,28666,4980620899901578936364,4,6336456589319230980135,5,17
large_integer,28667,4989844271938433712172,4,6345679961356085755943,5,17
large_integer,28668,4980620899901578936366,4,6336456589319230980135,5,17
large_integer,28669,4989844271938433712174,4,6345679961356085755943,5,17
large_integer,28670,4989844271938433712176,4,5045184504159562367009,4,13
large_integer,28671,4999067643975288487984,4,5054407876196417142817,4,13
large_integer,28672,1245155224975394734089,1,1245155224975394734089,1,7
large_integer,28673,2471863705877079916553,2,2471863705877079916553,2,7
large_integer,28674,2471863705877079916555,2,2471863705877079916555,2,7
large_integer,28675,2481087077913934692363,2,2481087077913934692363,2,7
large_integer,28676,2471863705877079916557,2,2471863705877079916557,2,7
large_integer,28677,2481087077913934692365,2,2481087077913934692365,2,7
large_integer,28678,2481087077913934692367,2,2481087077913934692367,2,7
large_integer,28679,2490310449950789468175,2,2490310449950789468175,2,7
large_integer,28680,2471863705877079916559,2,2471863705877079916559,2,7
large_integer,28681,2481087077913934692367,2,2481087077913934692367,2,7
large_integer,28682,2481087077913934692369,2,2481087077913934692369,2,7
large_integer,28683,2490310449950789468177,2,2490310449950789468177,2,7
large_integer,28684,2481087077913934692371,2,2481087077913934692371,2,7
large_integer,28685,2490310449950789468179,2,2490310449950789468179,2,7
large_integer,28686,2490310449950789468181,2,2490310449950789468181,2,7
large_integer,28687,2499533821987644243989,2,2499533821987644243989,2,7
large_integer,28688,2471863705877079916554,2,2471863705877079916554,2,7
large_integer,28689,3698572186778765099018,3,3698572186778765099018,3,7
large_integer,28690,3698572186778765099020,3,3698572186778765099020,3,7
large_integer,28691,3707795558815619874828,3,3707795558815619874828,3,7
large_integer,28692,3698572186778765099022,3,3698572186778765099022,3,7
large_integer,28693,3707795558815619874830,3,3707795558815619874830,3,7
large_integer,28694,3707795558815619874832,3,3707795558815619874832,3,7
large_integer,28695,3717018930852474650640,3,3717018930852474650640,3,7
large_integer,28696,3698572186778765099024,3,3698572186778765099024,3,7
large_integer,28697,3707795558815619874832,3,3707795558815619874832,3,7
large_integer,28698,3707795558815619874834,3,3707795558815619874834,3,7
large_integer,28699,3717018930852474650642,3,3717018930852474650642,3,7
large_integer,28700,3707795558815619874836,3,3707795558815619874836,3,7
large_integer,28701,3717018930852474650644,3,3717018930852474650644,3,7
large_integer,28702,3717018930852474650646,3,3717018930852474650646,3,7
large_integer,28703,3726242302889329426454,3,3726242302889329426454,3,7
large_integer,28704,2471863705877079916556,2,2471863705877079916556,2,7
large_integer,28705,3698572186778765099020,3,3698572186778765099020,3,7
large_integer,28706,3698572186778765099022,3,3698572186778765099022,3,7
large_integer,28707,3707795558815619874830,3,3707795558815619874830,3,7
large_integer,28708,3698572186778765099024,3,3698572186778765099024,3,7
large_integer,28709,3707795558815619874832,3,3707795558815619874832,3,7
large_integer,28710,3707795558815619874834,3,3707795558815619874834,3,7
large_integer,28711,3717018930852474650642,3,3717018930852474650642,3,7
large_integer,28712,3698572186778765099026,3,3698572186778765099026,3,7
large_integer,28713,3707795558815619874834,3,3707795558815619874834,3,7
large_integer,28714,3707795558815619874836,3,3707795558815619874836,3,7
large_integer,28715,3717018930852474650644,3,3717018930852474650644,3,7
large_integer,28716,3707795558815619874838,3,3707795558815619874838,3,7
large_integer,28717,3717018930852474650646,3,3717018930852474650646,3,7
large_integer,28718,3717018930852474650648,3,3717018930852474650648,3,7
large_integer,28719,3726242302889329426456,3,3726242302889329426456,3,7
large_integer,28720,2481087077913934692364,2,2481087077913934692364,2,7
large_integer,28721,3707795558815619874828,3,3707795558815619874828,3,7
large_integer,28722,3707795558815619874830,3,3707795558815619874830,3,7
large_integer,28723,3717018930852474650638,3,3717018930852474650638,3,7
large_integer,28724,3707795558815619874832,3,3707795558815619874832,3,7
large_integer,28725,3717018930852474650640,3,3717018930852474650640,3,7
large_integer,28726,3717018930852474650642,3,3717018930852474650642,3,7
large_integer,28727,3726242302889329426450,3,3726242302889329426450,3,7
large_integer,28728,3707795558815619874834,3,3707795558815619874834,3,7
large_integer,28729,3717018930852474650642,3,3717018930852474650642,3,7
large_integer,28730,3717018930852474650644,3,3717018930852474650644,3,7
large_integer,28731,3726242302889329426452,3,3726242302889329426452,3,7
large_integer,28732,3717018930852474650646,3,3717018930852474650646,3,7
large_integer,28733,3726242302889329426454,3,3726242302889329426454,3,7
large_integer,28734,3726242302889329426456,3,3726242302889329426456,3,7
large_integer,28735,3735465674926184202264,3,3735465674926184202264,3,7
large_integer,28736,2471863705877079916558,2,2471863705877079916558,2,7
large_integer,28737,3698572186778765099022,3,3698572186778765099022,3,7
large_integer,28738,3698572186778765099024,3,3698572186778765099024,3,7
large_integer,28739,3707795558815619874832,3,3707795558815619874832,3,7
large_integer,28740,3698572186778765099026,3,3698572186778765099026,3,7
large_integer,28741,3707795558815619874834,3,3707795558815619874834,3,7
large_integer,28742,3707795558815619874836,3,3707795558815619874836,3,7
large_integer,28743,3717018930852474650644,3,3717018930852474650644,3,7
large_integer,28744,3698572186778765099028,3,3698572186778765099028,3,7
large_integer,28745,3707795558815619874836,3,3707795558815619874836,3,7
large_integer,28746,3707795558815619874838,3,3707795558815619874838,3,7
large_integer,28747,3717018930852474650646,3,3717018930852474650646,3,7
large_integer,28748,3707795558815619874840,3,3707795558815619874840,3,7
large_integer,28749,3717018930852474650648,3,3717018930852474650648,3,7
large_integer,28750,3717018930852474650650,3,3717018930852474650650,3,7
large_integer,28751,3726242302889329426458,3,3726242302889329426458,3,7
large_integer,28752,2481087077913934692366,2,2481087077913934692366,2,7
large_integer,28753,3707795558815619874830,3,3707795558815619874830,3,7
large_integer,28754,3707795558815619874832,3,3707795558815619874832,3,7
large_integer,28755,3717018930852474650640,3,3717018930852474650640,3,7
large_integer,28756,3707795558815619874834,3,3707795558815619874834,3,7
large_integer,28757,3717018930852474650642,3,3717018930852474650642,3,7
large_integer,28758,3717018930852474650644,3,3717018930852474650644,3,7
large_integer,28759,3726242302889329426452,3,3726242302889329426452,3,7
large_integer,28760,3707795558815619874836,3,3707795558815619874836,3,7
large_integer,28761,3717018930852474650644,3,3717018930852474650644,3,7
large_integer,28762,3717018930852474650646,3,3717018930852474650646,3,7
large_integer,28763,3726242302889329426454,3,3726242302889329426454,3,7
large_integer,28764,3717018930852474650648,3,3717018930852474650648,3,7
large_integer,28765,3726242302889329426456,3,3726242302889329426456,3,7
large_integer,28766,3726242302889329426458,3,3726242302889329426458,3,7
large_integer,28767,3735465674926184202266,3,3735465674926184202266,3,7
large_integer,28768,2481087077913934692368,2,2481087077913934692368,2,7
large_integer,28769,3707795558815619874832,3,3707795558815619874832,3,7
large_integer,28770,3707795558815619874834,3,3707795558815619874834,3,7
large_integer,28771,3717018930852474650642,3,3717018930852474650642,3,7
large_integer,28772,3707795558815619874836,3,3707795558815619874836,3,7
large_integer,28773,3717018930852474650644,3,3717018930852474650644,3,7
large_integer,28774,3717018930852474650646,3,3717018930852474650646,3,7
large_integer,28775,3726242302889329426454,3,3726242302889329426454,3,7
large_integer,28776,3707795558815619874838,3,3707795558815619874838,3,7
large_integer,28777,3717018930852474650646,3,3717018930852474650646,3,7
large_integer,28778,3717018930852474650648,3,3717018930852474650648,3,7
large_integer,28779,3726242302889329426456,3,3726242302889329426456,3,7
large_integer,28780,3717018930852474650650,3,3717018930852474650650,3,7
large_integer,28781,3726242302889329426458,3,3726242302889329426458,3,7
large_integer,28782,3726242302889329426460,3,3726242302889329426460,3,7
large_integer,28783,3735465674926184202268,3,3735465674926184202268,3,7
large_integer,28784,2490310449950789468176,2,2490310449950789468176,2,7
large_integer,28785,3717018930852474650640,3,3717018930852474650640,3,7
large_integer,28786,3717018930852474650642,3,3717018930852474650642,3,7
large_integer,28787,3726242302889329426450,3,3726242302889329426450,3,7
large_integer,28788,3717018930852474650644,3,3717018930852474650644,3,7
large_integer,28789,3726242302889329426452,3,3726242302889329426452,3,7
large_integer,28790,3726242302889329426454,3,3726242302889329426454,3,7
large_integer,28791,3735465674926184202262,3,3735465674926184202262,3,7
large_integer,28792,3717018930852474650646,3,3717018930852474650646,3,7
large_integer,28793,3726242302889329426454,3,3726242302889329426454,3,7
large_integer,28794,3726242302889329426456,3,3726242302889329426456,3,7
large_integer,28795,3735465674926184202264,3,3735465674926184202264,3,7
large_integer,28796,3726242302889329426458,3,3726242302889329426458,3,7
large_integer,28797,3735465674926184202266,3,3735465674926184202266,3,7
large_integer,28798,3735465674926184202268,3,3735465674926184202268,3,7
large_integer,28799,3744689046963038978076,3,3744689046963038978076,3,7
large_integer,28800,2471863705877079916560,2,2471863705877079916560,2,7
large_integer,28801,3698572186778765099024,3,3698572186778765099024,3,7
large_integer,28802,3698572186778765099026,3,3698572186778765099026,3,7
large_integer,28803,3707795558815619874834,3,3707795558815619874834,3,7
large_integer,28804,3698572186778765099028,3,3698572186778765099028,3,7
large_integer,28805,3707795558815619874836,3,3707795558815619874836,3,7
large_integer,28806,3707795558815619874838,3,3707795558815619874838,3,7
large_integer,28807,3717018930852474650646,3,3717018930852474650646,3,7
large_integer,28808,3698572186778765099030,3,3698572186778765099030,3,7
large_integer,28809,3707795558815619874838,3,3707795558815619874838,3,7
large_integer,28810,3707795558815619874840,3,3707795558815619874840,3,7
large_integer,28811,3717018930852474650648,3,3717018930852474650648,3,7
large_integer,28812,3707795558815619874842,3,3707795558815619874842,3,7
large_integer,28813,3717018930852474650650,3,3717018930852474650650,3,7
large_integer,28814,3717018930852474650652,3,3717018930852474650652,3,7
large_integer,28815,3726242302889329426460,3,3726242302889329426460,3,7
large_integer,28816,2481087077913934692368,2,2481087077913934692368,2,7
large_integer,28817,3707795558815619874832,3,3707795558815619874832,3,7
large_integer,28818,3707795558815619874834,3,3707795558815619874834,3,7
large_integer,28819,3717018930852474650642,3,3717018930852474650642,3,7
large_integer,28820,3707795558815619874836,3,3707795558815619874836,3,7
large_integer,28821,3717018930852474650644,3,3717018930852474650644,3,7
large_integer,28822,3717018930852474650646,3,3717018930852474650646,3,7
large_integer,28823,3726242302889329426454,3,3726242302889329426454,3,7
large_integer,28824,3707795558815619874838,3,3707795558815619874838,3,7
large_integer,28825,3717018930852474650646,3,3717018930852474650646,3,7
large_integer,28826,3717018930852474650648,3,3717018930852474650648,3,7
large_integer,28827,3726242302889329426456,3,3726242302889329426456,3,7
large_integer,28828,3717018930852474650650,3,3717018930852474650650,3,7
large_integer,28829,3726242302889329426458,3,3726242302889329426458,3,7
large_integer,28830,3726242302889329426460,3,3726242302889329426460,3,7
large_integer,28831,3735465674926184202268,3,3735465674926184202268,3,7
large_integer,28832,2481087077913934692370,2,2481087077913934692370,2,7
large_integer,28833,3707795558815619874834,3,3707795558815619874834,3,7
large_integer,28834,3707795558815619874836,3,3707795558815619874836,3,7
large_integer,28835,3717018930852474650644,3,3717018930852474650644,3,7
large_integer,28836,3707795558815619874838,3,3707795558815619874838,3,7
large_integer,28837,3717018930852474650646,3,3717018930852474650646,3,7
large_integer,28838,3717018930852474650648,3,3717018930852474650648,3,7
large_integer,28839,3726242302889329426456,3,3726242302889329426456,3,7
large_integer,28840,3707795558815619874840,3,3707795558815619874840,3,7
large_integer,28841,3717018930852474650648,3,3717018930852474650648,3,7
large_integer,28842,3717018930852474650650,3,3717018930852474650650,3,7
large_integer,28843,3726242302889329426458,3,3726242302889329426458,3,7
large_integer,28844,3717018930852474650652,3,3717018930852474650652,3,7
large_integer,28845,3726242302889329426460,3,3726242302889329426460,3,7
large_integer,28846,3726242302889329426462,3,3726242302889329426462,3,7
large_integer,28847,3735465674926184202270,3,3735465674926184202270,3,7
large_integer,28848,2490310449950789468178,2,2490310449950789468178,2,7
large_integer,28849,3717018930852474650642,3,3717018930852474650642,3,7
large_integer,28850,3717018930852474650644,3,3717018930852474650644,3,7
large_integer,28851,3726242302889329426452,3,3726242302889329426452,3,7
large_integer,28852,3717018930852474650646,3,3717018930852474650646,3,7
large_integer,28853,3726242302889329426454,3,3726242302889329426454,3,7
large_integer,28854,3726242302889329426456,3,3726242302889329426456,3,7
large_integer,28855,3735465674926184202264,3,3735465674926184202264,3,7
large_integer,28856,3717018930852474650648,3,3717018930852474650648,3,7
large_integer,28857,3726242302889329426456,3,3726242302889329426456,3,7
large_integer,28858,3726242302889329426458,3,3726242302889329426458,3,7
large_integer,28859,3735465674926184202266,3,3735465674926184202266,3,7
large_integer,28860,3726242302889329426460,3,3726242302889329426460,3,7
large_integer,28861,3735465674926184202268,3,3735465674926184202268,3,7
large_integer,28862,3735465674926184202270,3,3735465674926184202270,3,7
large_integer,28863,3744689046963038978078,3,3744689046963038978078,3,7
large_integer,28864,2481087077913934692372,2,2481087077913934692372,2,7
large_integer,28865,3707795558815619874836,3,3707795558815619874836,3,7
large_integer,28866,3707795558815619874838,3,3707795558815619874838,3,7
large_integer,28867,3717018930852474650646,3,3717018930852474650646,3,7
large_integer,28868,3707795558815619874840,3,3707795558815619874840,3,7
large_integer,28869,3717018930852474650648,3,3717018930852474650648,3,7
large_integer,28870,3717018930852474650650,3,3717018930852474650650,3,7
large_integer,28871,3726242302889329426458,3,3726242302889329426458,3,7
large_integer,28872,3707795558815619874842,3,3707795558815619874842,3,7
large_integer,28873,3717018930852474650650,3,3717018930852474650650,3,7
large_integer,28874,3717018930852474650652,3,3717018930852474650652,3,7
large_integer,28875,3726242302889329426460,3,3726242302889329426460,3,7
large_integer,28876,3717018930852474650654,3,3717018930852474650654,3,7
large_integer,28877,3726242302889329426462,3,3726242302889329426462,3,7
large_integer,28878,3726242302889329426464,3,3726242302889329426464,3,7
large_integer,28879,3735465674926184202272,3,3735465674926184202272,3,7
large_integer,28880,2490310449950789468180,2,2490310449950789468180,2,7
large_integer,28881,3717018930852474650644,3,3717018930852474650644,3,7
large_integer,28882,3717018930852474650646,3,3717018930852474650646,3,7
large_integer,28883,3726242302889329426454,3,3726242302889329426454,3,7
large_integer,28884,3717018930852474650648,3,3717018930852474650648,3,7
large_integer,28885,3726242302889329426456,3,3726242302889329426456,3,7
large_integer,28886,3726242302889329426458,3,3726242302889329426458,3,7
large_integer,28887,3735465674926184202266,3,3735465674926184202266,3,7
large_integer,28888,3717018930852474650650,3,3717018930852474650650,3,7
large_integer,28889,3726242302889329426458,3,3726242302889329426458,3,7
large_integer,28890,3726242302889329426460,3,3726242302889329426460,3,7
large_integer,28891,3735465674926184202268,3,3735465674926184202268,3,7
large_integer,28892,3726242302889329426462,3,3726242302889329426462,3,7
large_integer,28893,3735465674926184202270,3,3735465674926184202270,3,7
large_integer,28894,3735465674926184202272,3,3735465674926184202272,3,7
large_integer,28895,3744689046963038978080,3,3744689046963038978080,3,7
large_integer,28896,2490310449950789468182,2,2490310449950789468182,2,7
large_integer,28897,3717018930852474650646,3,3717018930852474650646,3,7
large_integer,28898,3717018930852474650648,3,3717018930852474650648,3,7
large_integer,28899,3726242302889329426456,3,3726242302889329426456,3,7
large_integer,28900,3717018930852474650650,3,3717018930852474650650,3,7
large_integer,28901,3726242302889329426458,3,3726242302889329426458,3,7
large_integer,28902,3726242302889329426460,3,3726242302889329426460,3,7
large_integer,28903,3735465674926184202268,3,3735465674926184202268,3,7
large_integer,28904,3717018930852474650652,3,3717018930852474650652,3,7
large_integer,28905,3726242302889329426460,3,3726242302889329426460,3,7
large_integer,28906,3726242302889329426462,3,3726242302889329426462,3,7
large_integer,28907,3735465674926184202270,3,3735465674926184202270,3,7
large_integer,28908,3726242302889329426464,3,3726242302889329426464,3,7
large_integer,28909,3735465674926184202272,3,3735465674926184202272,3,7
large_integer,28910,3735465674926184202274,3,3735465674926184202274,3,7
large_integer,28911,3744689046963038978082,3,3744689046963038978082,3,7
large_integer,28912,2499533821987644243990,2,2499533821987644243990,2,7
large_integer,28913,3726242302889329426454,3,3726242302889329426454,3,7
large_integer,28914,3726242302889329426456,3,3726242302889329426456,3,7
large_integer,28915,3735465674926184202264,3,3735465674926184202264,3,7
large_integer,28916,3726242302889329426458,3,3726242302889329426458,3,7
large_integer,28917,3735465674926184202266,3,3735465674926184202266,3,7
large_integer,28918,3735465674926184202268,3,3735465674926184202268,3,7
large_integer,28919,3744689046963038978076,3,3744689046963038978076,3,7
large_integer,28920,3726242302889329426460,3,3726242302889329426460,3,7
large_integer,28921,3735465674926184202268,3,3735465674926184202268,3,7
large_integer,28922,3735465674926184202270,3,3735465674926184202270,3,7
large_integer,28923,3744689046963038978078,3,3744689046963038978078,3,7
large_integer,28924,3735465674926184202272,3,3735465674926184202272,3,7
large_integer,28925,3744689046963038978080,3,3744689046963038978080,3,7
large_integer,28926,3744689046963038978082,3,3744689046963038978082,3,7
large_integer,28927,3753912418999893753890,3,3753912418999893753890,3,7
large_integer,28928,2471863705877079916555,2,2499533821987644243982,2,9
large_integer,28929,3698572186778765099019,3,3726242302889329426446,3,9
large_integer,28930,3698572186778765099021,3,3726242302889329426448,3,9
large_integer,28931,3707795558815619874829,3,3735465674926184202256,3,9
large_integer,28932,3698572186778765099023,3,3726242302889329426450,3,9
large_integer,28933,3707795558815619874831,3,3735465674926184202258,3,9
large_integer,28934,3707795558815619874833,3,3735465674926184202260,3,9
large_integer,28935,3717018930852474650641,3,3744689046963038978068,3,9
large_integer,28936,3698572186778765099025,3,3726242302889329426452,3,9
large_integer,28937,3707795558815619874833,3,3735465674926184202260,3,9
large_integer,28938,3707795558815619874835,3,3735465674926184202262,3,9
large_integer,28939,3717018930852474650643,3,3744689046963038978070,3,9
large_integer,28940,3707795558815619874837,3,3735465674926184202264,3,9
large_integer,28941,3717018930852474650645,3,3744689046963038978072,3,9
large_integer,28942,3717018930852474650647,3,3744689046963038978074,3,9
large_integer,28943,3726242302889329426455,3,3753912418999893753882,3,9
large_integer,28944,2536427310135063347215,2,2536427310135063347215,2,11
large_integer,28945,2573320798282482450447,2,2573320798282482450447,2,13
large_integer,28946,3763135791036748529681,3,3763135791036748529681,3,11
large_integer,28947,3772359163073603305489,3,3800029279184167632913,3,13
large_integer,28948,3763135791036748529683,3,3763135791036748529683,3,11
large_integer,28949,3772359163073603305491,3,3800029279184167632915,3,13
large_integer,28950,3772359163073603305493,3,3772359163073603305493,3,11
large_integer,28951,3781582535110458081301,3,3809252651221022408725,3,13
large_integer,28952,3763135791036748529685,3,3763135791036748529685,3,11
large_integer,28953,3772359163073603305493,3,3800029279184167632917,3,13
large_integer,28954,3772359163073603305495,3,3772359163073603305495,3,11
large_integer,28955,3781582535110458081303,3,3809252651221022408727,3,13
large_integer,28956,3772359163073603305497,3,3772359163073603305497,3,11
large_integer,28957,3781582535110458081305,3,3809252651221022408729,3,13
large_integer,28958,3781582535110458081307,3,3781582535110458081307,3,11
large_integer,28959,3790805907147312857115,3,3818476023257877184539,3,13
large_integer,28960,3698572186778765099022,3,3726242302889329426449,3,9
large_integer,28961,4925280667680450281486,4,4952950783791014608913,4,9
large_integer,28962,4925280667680450281488,4,4952950783791014608915,4,9
large_integer,28963,4934504039717305057296,4,4962174155827869384723,4,9
large_integer,28964,4925280667680450281490,4,4952950783791014608917,4,9
large_integer,28965,4934504039717305057298,4,4962174155827869384725,4,9
large_integer,28966,4934504039717305057300,4,4962174155827869384727,4,9
large_integer,28967,4943727411754159833108,4,4971397527864724160535,4,9
large_integer,28968,4925280667680450281492,4,4952950783791014608919,4,9
large_integer,28969,4934504039717305057300,4,4962174155827869384727,4,9
large_integer,28970,4934504039717305057302,4,4962174155827869384729,4,9
large_integer,28971,4943727411754159833110,4,4971397527864724160537,4,9
large_integer,28972,4934504039717305057304,4,4962174155827869384731,4,9
large_integer,28973,4943727411754159833112,4,4971397527864724160539,4,9
large_integer,28974,4943727411754159833114,4,4971397527864724160541,4,9
large_integer,28975,4952950783791014608922,4,4980620899901578936349,4,9
large_integer,28976,3707795558815619874830,3,3763135791036748529682,3,11
large_integer,28977,3800029279184167632914,3,3800029279184167632914,3,13
large_integer,28978,4934504039717305057296,4,4989844271938433712148,4,11
large_integer,28979,4943727411754159833104,4,5026737760085852815380,4,13
large_integer,28980,4934504039717305057298,4,4989844271938433712150,4,11
large_integer,28981,4943727411754159833106,4,5026737760085852815382,4,13
large_integer,28982,4943727411754159833108,4,4999067643975288487960,4,11
large_integer,28983,4952950783791014608916,4,5035961132122707591192,4,13
large_integer,28984,4934504039717305057300,4,4989844271938433712152,4,11
large_integer,28985,4943727411754159833108,4,5026737760085852815384,4,13
large_integer,28986,4943727411754159833110,4,4999067643975288487962,4,11
large_integer,28987,4952950783791014608918,4,5035961132122707591194,4,13
large_integer,28988,4943727411754159833112,4,4999067643975288487964,4,11
large_integer,28989,4952950783791014608920,4,5035961132122707591196,4,13
large_integer,28990,4952950783791014608922,4,5008291016012143263774,4,11
large_integer,28991,4962174155827869384730,4,5045184504159562367006,4,13
large_integer,28992,3698572186778765099024,3,3726242302889329426451,3,9
large_integer,28993,4925280667680450281488,4,4952950783791014608915,4,9
large_integer,28994,4925280667680450281490,4,4952950783791014608917,4,9
large_integer,28995,4934504039717305057298,4,4962174155827869384725,4,9
large_integer,28996,4925280667680450281492,4,4952950783791014608919,4,9
large_integer,28997,4934504039717305057300,4,4962174155827869384727,4,9
large_integer,28998,4934504039717305057302,4,4962174155827869384729,4,9
large_integer,28999,4943727411754159833110,4,4971397527864724160537,4,9
large_integer,29000,4925280667680450281494,4,4952950783791014608921,4,9
large_integer,29001,4934504039717305057302,4,4962174155827869384729,4,9
large_integer,29002,4934504039717305057304,4,4962174155827869384731,4,9
large_integer,29003,4943727411754159833112,4,4971397527864724160539,4,9
large_integer,29004,4934504039717305057306,4,4962174155827869384733,4,9
large_integer,29005,4943727411754159833114,4,4971397527864724160541,4,9
large_integer,29006,4943727411754159833116,4,4971397527864724160543,4,9
large_integer,29007,4952950783791014608924,4,4980620899901578936351,4,9
large_integer,29008,3707795558815619874832,3,3763135791036748529684,3,11
large_integer,29009,3800029279184167632916,3,3800029279184167632916,3,13
large_integer,29010,4934504039717305057298,4,4989844271938433712150,4,11
large_integer,29011,4943727411754159833106,4,5026737760085852815382,4,13
large_integer,29012,4934504039717305057300,4,4989844271938433712152,4,11
large_integer,29013,4943727411754159833108,4,5026737760085852815384,4,13
large_integer,29014,4943727411754159833110,4,4999067643975288487962,4,11
large_integer,29015,4952950783791014608918,4,5035961132122707591194,4,13
large_integer,29016,4934504039717305057302,4,4989844271938433712154,4,11
large_integer,29017,4943727411754159833110,4,5026737760085852815386,4,13
large_integer,29018,4943727411754159833112,4,4999067643975288487964,4,11
large_integer,29019,4952950783791014608920,4,5035961132122707591196,4,13
large_integer,29020,4943727411754159833114,4,4999067643975288487966,4,11
large_integer,29021,4952950783791014608922,4,5035961132122707591198,4,13
large_integer,29022,4952950783791014608924,4,5008291016012143263776,4,11
large_integer,29023,4962174155827869384732,4,5045184504159562367008,4,13
large_integer,29024,3707795558815619874834,3,3735465674926184202261,3,9
large_integer,29025,4934504039717305057298,4,4962174155827869384725,4,9
large_integer,29026,4934504039717305057300,4,4962174155827869384727,4,9
large_integer,29027,4943727411754159833108,4,4971397527864724160535,4,9
large_integer,29028,4934504039717305057302,4,4962174155827869384729,4,9
large_integer,29029,4943727411754159833110,4,4971397527864724160537,4,9
large_integer,29030,4943727411754159833112,4,4971397527864724160539,4,9
large_integer,29031,4952950783791014608920,4,4980620899901578936347,4,9
large_integer,29032,4934504039717305057304,4,4962174155827869384731,4,9
large_integer,29033,4943727411754159833112,4,4971397527864724160539,4,9
large_integer,29034,4943727411754159833114,4,4971397527864724160541,4,9
large_integer,29035,4952950783791014608922,4,4980620899901578936349,4,9
large_integer,29036,4943727411754159833116,4,4971397527864724160543,4,9
large_integer,29037,4952950783791014608924,4,4980620899901578936351,4,9
large_integer,29038,4952950783791014608926,4,4980620899901578936353,4,9
large_integer,29039,4962174155827869384734,4,4989844271938433712161,4,9
large_integer,29040,3717018930852474650642,3,3772359163073603305494,3,11
large_integer,29041,3809252651221022408726,3,3809252651221022408726,3,13
large_integer,29042,4943727411754159833108,4,4999067643975288487960,4,11
large_integer,29043,4952950783791014608916,4,5035961132122707591192,4,13
large_integer,29044,4943727411754159833110,4,4999067643975288487962,4,11
large_integer,29045,4952950783791014608918,4,5035961132122707591194,4,13
large_integer,29046,4952950783791014608920,4,5008291016012143263772,4,11
large_integer,29047,4962174155827869384728,4,5045184504159562367004,4,13
large_integer,29048,4943727411754159833112,4,4999067643975288487964,4,11
large_integer,29049,4952950783791014608920,4,5035961132122707591196,4,13
large_integer,29050,4952950783791014608922,4,5008291016012143263774,4,11
large_integer,29051,4962174155827869384730,4,5045184504159562367006,4,13
large_integer,29052,4952950783791014608924,4,5008291016012143263776,4,11
large_integer,29053,4962174155827869384732,4,5045184504159562367008,4,13
large_integer,29054,4962174155827869384734,4,5017514388048998039586,4,11
large_integer,29055,4971397527864724160542,4,5054407876196417142818,4,13
large_integer,29056,3698572186778765099026,3,3726242302889329426453,3,9
large_integer,29057,4925280667680450281490,4,4952950783791014608917,4,9
large_integer,29058,4925280667680450281492,4,4952950783791014608919,4,9
large_integer,29059,4934504039717305057300,4,4962174155827869384727,4,9
large_integer,29060,4925280667680450281494,4,4952950783791014608921,4,9
large_integer,29061,4934504039717305057302,4,4962174155827869384729,4,9
large_integer,29062,4934504039717305057304,4,4962174155827869384731,4,9
large_integer,29063,4943727411754159833112,4,4971397527864724160539,4,9
large_integer,29064,4925280667680450281496,4,4952950783791014608923,4,9
large_integer,29065,4934504039717305057304,4,4962174155827869384731,4,9
large_integer,29066,4934504039717305057306,4,4962174155827869384733,4,9
large_integer,29067,4943727411754159833114,4,4971397527864724160541,4,9
large_integer,29068,4934504039717305057308,4,4962174155827869384735,4,9
large_integer,29069,4943727411754159833116,4,4971397527864724160543,4,9
large_integer,29070,4943727411754159833118,4,4971397527864724160545,4,9
large_integer,29071,4952950783791014608926,4,4980620899901578936353,4,9
large_integer,29072,3707795558815619874834,3,3763135791036748529686,3,11
large_integer,29073,3800029279184167632918,3,3800029279184167632918,3,13
large_integer,29074,4934504039717305057300,4,4989844271938433712152,4,11
large_integer,29075,4943727411754159833108,4,5026737760085852815384,4,13
large_integer,29076,4934504039717305057302,4,4989844271938433712154,4,11
large_integer,29077,4943727411754159833110,4,5026737760085852815386,4,13
large_integer,29078,4943727411754159833112,4,4999067643975288487964,4,11
large_integer,29079,4952950783791014608920,4,5035961132122707591196,4,13
large_integer,29080,4934504039717305057304,4,4989844271938433712156,4,11
large_integer,29081,4943727411754159833112,4,5026737760085852815388,4,13
large_integer,29082,4943727411754159833114,4,4999067643975288487966,4,11
large_integer,29083,4952950783791014608922,4,5035961132122707591198,4,13
large_integer,29084,4943727411754159833116,4,4999067643975288487968,4,11
large_integer,29085,4952950783791014608924,4,5035961132122707591200,4,13
large_integer,29086,4952950783791014608926,4,5008291016012143263778,4,11
large_integer,29087,4962174155827869384734,4,5045184504159562367010,4,13
large_integer,29088,3707795558815619874836,3,3735465674926184202263,3,9
large_integer,29089,4934504039717305057300,4,4962174155827869384727,4,9
large_integer,29090,4934504039717305057302,4,4962174155827869384729,4,9
large_integer,29091,4943727411754159833110,4,4971397527864724160537,4,9
large_integer,29092,4934504039717305057304,4,4962174155827869384731,4,9
large_integer,29093,4943727411754159833112,4,4971397527864724160539,4,9
large_integer,29094,4943727411754159833114,4,4971397527864724160541,4,9
large_integer,29095,4952950783791014608922,4,4980620899901578936349,4,9
large_integer,29096,4934504039717305057306,4,4962174155827869384733,4,9
large_integer,29097,4943727411754159833114,4,4971397527864724160541,4,9
large_integer,29098,4943727411754159833116,4,4971397527864724160543,4,9
large_integer,29099,4952950783791014608924,4,4980620899901578936351,4,9
large_integer,29100,4943727411754159833118,4,4971397527864724160545,4,9
large_integer,29101,4952950783791014608926,4,4980620899901578936353,4,9
large_integer,29102,4952950783791014608928,4,4980620899901578936355,4,9
large_integer,29103,4962174155827869384736,4,4989844271938433712163,4,9
large_integer,29104,3717018930852474650644,3,3772359163073603305496,3,11
large_integer,29105,3809252651221022408728,3,3809252651221022408728,3,13
large_integer,29106,4943727411754159833110,4,4999067643975288487962,4,11
large_integer,29107,4952950783791014608918,4,5035961132122707591194,4,13
large_integer,29108,4943727411754159833112,4,4999067643975288487964,4,11
large_integer,29109,4952950783791014608920,4,5035961132122707591196,4,13
large_integer,29110,4952950783791014608922,4,5008291016012143263774,4,11
large_integer,29111,4962174155827869384730,4,5045184504159562367006,4,13
large_integer,29112,4943727411754159833114,4,4999067643975288487966,4,11
large_integer,29113,4952950783791014608922,4,5035961132122707591198,4,13
large_integer,29114,4952950783791014608924,4,5008291016012143263776,4,11
large_integer,29115,4962174155827869384732,4,5045184504159562367008,4,13
large_integer,29116,4952950783791014608926,4,5008291016012143263778,4,11
large_integer,29117,4962174155827869384734,4,5045184504159562367010,4,13
large_integer,29118,4962174155827869384736,4,5017514388048998039588,4,11
large_integer,29119,4971397527864724160544,4,5054407876196417142820,4,13
large_integer,29120,3707795558815619874838,3,3735465674926184202265,3,9
large_integer,29121,4934504039717305057302,4,4962174155827869384729,4,9
large_integer,29122,4934504039717305057304,4,4962174155827869384731,4,9
large_integer,29123,4943727411754159833112,4,4971397527864724160539,4,9
large_integer,29124,4934504039717305057306,4,4962174155827869384733,4,9
large_integer,29125,4943727411754159833114,4,4971397527864724160541,4,9
large_integer,29126,4943727411754159833116,4,4971397527864724160543,4,9
large_integer,29127,4952950783791014608924,4,4980620899901578936351,4,9
large_integer,29128,4934504039717305057308,4,4962174155827869384735,4,9
large_integer,29129,4943727411754159833116,4,4971397527864724160543,4,9
large_integer,29130,4943727411754159833118,4,4971397527864724160545,4,9
large_integer,29131,4952950783791014608926,4,4980620899901578936353,4,9
large_integer,29132,4943727411754159833120,4,4971397527864724160547,4,9
large_integer,29133,4952950783791014608928,4,4980620899901578936355,4,9
large_integer,29134,4952950783791014608930,4,4980620899901578936357,4,9
large_integer,29135,4962174155827869384738,4,4989844271938433712165,4,9
large_integer,29136,3717018930852474650646,3,3772359163073603305498,3,11
large_integer,29137,3809252651221022408730,3,3809252651221022408730,3,13
large_integer,29138,4943727411754159833112,4,4999067643975288487964,4,11
large_integer,29139,4952950783791014608920,4,5035961132122707591196,4,13
large_integer,29140,4943727411754159833114,4,4999067643975288487966,4,11
large_integer,29141,4952950783791014608922,4,5035961132122707591198,4,13
large_integer,29142,4952950783791014608924,4,5008291016012143263776,4,11
large_integer,29143,4962174155827869384732,4,5045184504159562367008,4,13
large_integer,29144,4943727411754159833116,4,4999067643975288487968,4,11
large_integer,29145,4952950783791014608924,4,5035961132122707591200,4,13
large_integer,29146,4952950783791014608926,4,5008291016012143263778,4,11
large_integer,29147,4962174155827869384734,4,5045184504159562367010,4,13
large_integer,29148,4952950783791014608928,4,5008291016012143263780,4,11
large_integer,29149,4962174155827869384736,4,5045184504159562367012,4,13
large_integer,29150,4962174155827869384738,4,5017514388048998039590,4,11
large_integer,29151,4971397527864724160546,4,5054407876196417142822,4,13
large_integer,29152,3717018930852474650648,3,3744689046963038978075,3,9
large_integer,29153,4943727411754159833112,4,4971397527864724160539,4,9
large_integer,29154,4943727411754159833114,4,4971397527864724160541,4,9
large_integer,29155,4952950783791014608922,4,4980620899901578936349,4,9
large_integer,29156,4943727411754159833116,4,4971397527864724160543,4,9
large_integer,29157,4952950783791014608924,4,4980620899901578936351,4,9
large_integer,29158,4952950783791014608926,4,4980620899901578936353,4,9
large_integer,29159,4962174155827869384734,4,4989844271938433712161,4,9
large_integer,29160,4943727411754159833118,4,4971397527864724160545,4,9
large_integer,29161,4952950783791014608926,4,4980620899901578936353,4,9
large_integer,29162,4952950783791014608928,4,4980620899901578936355,4,9
large_integer,29163,4962174155827869384736,4,4989844271938433712163,4,9
large_integer,29164,4952950783791014608930,4,4980620899901578936357,4,9
large_integer,29165,4962174155827869384738,4,4989844271938433712165,4,9
large_integer,29166,4962174155827869384740,4,4989844271938433712167,4,9
large_integer,29167,4971397527864724160548,4,4999067643975288487975,4,9
large_integer,29168,3726242302889329426456,3,3781582535110458081308,3,11
large_integer,29169,3818476023257877184540,3,3818476023257877184540,3,13
large_integer,29170,4952950783791014608922,4,5008291016012143263774,4,11
large_integer,29171,4962174155827869384730,4,5045184504159562367006,4,13
large_integer,29172,4952950783791014608924,4,5008291016012143263776,4,11
large_integer,29173,4962174155827869384732,4,5045184504159562367008,4,13
large_integer,29174,4962174155827869384734,4,5017514388048998039586,4,11
large_integer,29175,4971397527864724160542,4,5054407876196417142818,4,13
large_integer,29176,4952950783791014608926,4,5008291016012143263778,4,11
large_integer,29177,4962174155827869384734,4,5045184504159562367010,4,13
large_integer,29178,4962174155827869384736,4,5017514388048998039588,4,11
large_integer,29179,4971397527864724160544,4,5054407876196417142820,4,13
large_integer,29180,4962174155827869384738,4,5017514388048998039590,4,11
large_integer,29181,4971397527864724160546,4,5054407876196417142822,4,13
large_integer,29182,4971397527864724160548,4,5026737760085852815400,4,11
large_integer,29183,4980620899901578936356,4,5063631248233271918632,4,13
large_integer,29184,2471863705877079916557,2,2499533821987644243982,2,9
large_integer,29185,3698572186778765099021,3,3726242302889329426446,3,9
large_integer,29186,3698572186778765099023,3,3726242302889329426448,3,9
large_integer,29187,3707795558815619874831,3,3735465674926184202256,3,9
large_integer,29188,3698572186778765099025,3,3726242302889329426450,3,9
large_integer,29189,3707795558815619874833,3,3735465674926184202258,3,9
large_integer,29190,3707795558815619874835,3,3735465674926184202260,3,9
large_integer,29191,3717018930852474650643,3,3744689046963038978068,3,9
large_integer,29192,3698572186778765099027,3,3726242302889329426452,3,9
large_integer,29193,3707795558815619874835,3,3735465674926184202260,3,9
large_integer,29194,3707795558815619874837,3,3735465674926184202262,3,9
large_integer,29195,3717018930852474650645,3,3744689046963038978070,3,9
large_integer,29196,3707795558815619874839,3,3735465674926184202264,3,9
large_integer,29197,3717018930852474650647,3,3744689046963038978072,3,9
large_integer,29198,3717018930852474650649,3,3744689046963038978074,3,9
large_integer,29199,3726242302889329426457,3,3753912418999893753882,3,9
large_integer,29200,3698572186778765099022,3,3726242302889329426447,3,9
large_integer,29201,4925280667680450281486,4,4952950783791014608911,4,9
large_integer,29202,4925280667680450281488,4,4952950783791014608913,4,9
large_integer,29203,4934504039717305057296,4,4962174155827869384721,4,9
large_integer,29204,4925280667680450281490,4,4952950783791014608915,4,9
large_integer,29205,4934504039717305057298,4,4962174155827869384723,4,9
large_integer,29206,4934504039717305057300,4,4962174155827869384725,4,9
large_integer,29207,4943727411754159833108,4,4971397527864724160533,4,9
large_integer,29208,4925280667680450281492,4,4952950783791014608917,4,9
large_integer,29209,4934504039717305057300,4,4962174155827869384725,4,9
large_integer,29210,4934504039717305057302,4,4962174155827869384727,4,9
large_integer,29211,4943727411754159833110,4,4971397527864724160535,4,9
large_integer,29212,4934504039717305057304,4,4962174155827869384729,4,9
large_integer,29213,4943727411754159833112,4,4971397527864724160537,4,9
large_integer,29214,4943727411754159833114,4,4971397527864724160539,4,9
large_integer,29215,4952950783791014608922,4,4980620899901578936347,4,9
large_integer,29216,2536427310135063347215,2,2536427310135063347215,2,11
large_integer,29217,3763135791036748529679,3,3763135791036748529679,3,11
large_integer,29218,2573320798282482450447,2,2573320798282482450447,2,13
large_integer,29219,3772359163073603305489,3,3800029279184167632911,3,13
large_integer,29220,3763135791036748529683,3,3763135791036748529683,3,11
large_integer,29221,3772359163073603305491,3,3772359163073603305491,3,11
large_integer,29222,3772359163073603305493,3,3800029279184167632915,3,13
large_integer,29223,3781582535110458081301,3,3809252651221022408723,3,13
large_integer,29224,3763135791036748529685,3,3763135791036748529685,3,11
large_integer,29225,3772359163073603305493,3,3772359163073603305493,3,11
large_integer,29226,3772359163073603305495,3,3800029279184167632917,3,13
large_integer,29227,3781582535110458081303,3,3809252651221022408725,3,13
large_integer,29228,3772359163073603305497,3,3772359163073603305497,3,11
large_integer,29229,3781582535110458081305,3,3781582535110458081305,3,11
large_integer,29230,3781582535110458081307,3,3809252651221022408729,3,13
large_integer,29231,3790805907147312857115,3,3818476023257877184537,3,13
large_integer,29232,3707795558815619874832,3,3763135791036748529680,3,11
large_integer,29233,4934504039717305057296,4,4989844271938433712144,4,11
large_integer,29234,3800029279184167632912,3,3800029279184167632912,3,13
large_integer,29235,4943727411754159833106,4,5026737760085852815376,4,13
large_integer,29236,4934504039717305057300,4,4989844271938433712148,4,11
large_integer,29237,4943727411754159833108,4,4999067643975288487956,4,11
large_integer,29238,4943727411754159833110,4,5026737760085852815380,4,13
large_integer,29239,4952950783791014608918,4,5035961132122707591188,4,13
large_integer,29240,4934504039717305057302,4,4989844271938433712150,4,11
large_integer,29241,4943727411754159833110,4,4999067643975288487958,4,11
large_integer,29242,4943727411754159833112,4,5026737760085852815382,4,13
large_integer,29243,4952950783791014608920,4,5035961132122707591190,4,13
large_integer,29244,4943727411754159833114,4,4999067643975288487962,4,11
large_integer,29245,4952950783791014608922,4,5008291016012143263770,4,11
large_integer,29246,4952950783791014608924,4,5035961132122707591194,4,13
large_integer,29247,4962174155827869384732,4,5045184504159562367002,4,13
large_integer,29248,3698572186778765099026,3,3726242302889329426451,3,9
large_integer,29249,4925280667680450281490,4,4952950783791014608915,4,9
large_integer,29250,4925280667680450281492,4,4952950783791014608917,4,9
large_integer,29251,4934504039717305057300,4,4962174155827869384725,4,9
large_integer,29252,4925280667680450281494,4,4952950783791014608919,4,9
large_integer,29253,4934504039717305057302,4,4962174155827869384727,4,9
large_integer,29254,4934504039717305057304,4,4962174155827869384729,4,9
large_integer,29255,4943727411754159833112,4,4971397527864724160537,4,9
large_integer,29256,4925280667680450281496,4,4952950783791014608921,4,9
large_integer,29257,4934504039717305057304,4,4962174155827869384729,4,9
large_integer,29258,4934504039717305057306,4,4962174155827869384731,4,9
large_integer,29259,4943727411754159833114,4,4971397527864724160539,4,9
large_integer,29260,4934504039717305057308,4,4962174155827869384733,4,9
large_integer,29261,4943727411754159833116,4,4971397527864724160541,4,9
large_integer,29262,4943727411754159833118,4,4971397527864724160543,4,9
large_integer,29263,4952950783791014608926,4,4980620899901578936351,4,9
large_integer,29264,3707795558815619874834,3,3735465674926184202259,3,9
large_integer,29265,4934504039717305057298,4,4962174155827869384723,4,9
large_integer,29266,4934504039717305057300,4,4962174155827869384725,4,9
large_integer,29267,4943727411754159833108,4,4971397527864724160533,4,9
large_integer,29268,4934504039717305057302,4,4962174155827869384727,4,9
large_integer,29269,4943727411754159833110,4,4971397527864724160535,4,9
large_integer,29270,4943727411754159833112,4,4971397527864724160537,4,9
large_integer,29271,4952950783791014608920,4,4980620899901578936345,4,9
large_integer,29272,4934504039717305057304,4,4962174155827869384729,4,9
large_integer,29273,4943727411754159833112,4,4971397527864724160537,4,9
large_integer,29274,4943727411754159833114,4,4971397527864724160539,4,9
large_integer,29275,4952950783791014608922,4,4980620899901578936347,4,9
large_integer,29276,4943727411754159833116,4,4971397527864724160541,4,9
large_integer,29277,4952950783791014608924,4,4980620899901578936349,4,9
large_integer,29278,4952950783791014608926,4,4980620899901578936351,4,9
large_integer,29279,4962174155827869384734,4,4989844271938433712159,4,9
large_integer,29280,3707795558815619874836,3,3763135791036748529684,3,11
large_integer,29281,4934504039717305057300,4,4989844271938433712148,4,11
large_integer,29282,3800029279184167632916,3,3800029279184167632916,3,13
large_integer,29283,4943727411754159833110,4,5026737760085852815380,4,13
large_integer,29284,4934504039717305057304,4,4989844271938433712152,4,11
large_integer,29285,4943727411754159833112,4,4999067643975288487960,4,11
large_integer,29286,4943727411754159833114,4,5026737760085852815384,4,13
large_integer,29287,4952950783791014608922,4,5035961132122707591192,4,13
large_integer,29288,4934504039717305057306,4,4989844271938433712154,4,11
large_integer,29289,4943727411754159833114,4,4999067643975288487962,4,11
large_integer,29290,4943727411754159833116,4,5026737760085852815386,4,13
large_integer,29291,4952950783791014608924,4,5035961132122707591194,4,13
large_integer,29292,4943727411754159833118,4,4999067643975288487966,4,11
large_integer,29293,4952950783791014608926,4,5008291016012143263774,4,11
large_integer,29294,4952950783791014608928,4,5035961132122707591198,4,13
large_integer,29295,4962174155827869384736,4,5045184504159562367006,4,13
large_integer,29296,3717018930852474650644,3,3772359163073603305492,3,11
large_integer,29297,4943727411754159833108,4,4999067643975288487956,4,11
large_integer,29298,3809252651221022408724,3,3809252651221022408724,3,13
large_integer,29299,4952950783791014608918,4,5035961132122707591188,4,13
large_integer,29300,4943727411754159833112,4,4999067643975288487960,4,11
large_integer,29301,4952950783791014608920,4,5008291016012143263768,4,11
large_integer,29302,4952950783791014608922,4,5035961132122707591192,4,13
large_integer,29303,4962174155827869384730,4,5045184504159562367000,4,13
large_integer,29304,4943727411754159833114,4,4999067643975288487962,4,11
large_integer,29305,4952950783791014608922,4,5008291016012143263770,4,11
large_integer,29306,4952950783791014608924,4,5035961132122707591194,4,13
large_integer,29307,4962174155827869384732,4,5045184504159562367002,4,13
large_integer,29308,4952950783791014608926,4,5008291016012143263774,4,11
large_integer,29309,4962174155827869384734,4,5017514388048998039582,4,11
large_integer,29310,4962174155827869384736,4,5045184504159562367006,4,13
large_integer,29311,4971397527864724160544,4,5054407876196417142814,4,13
large_integer,29312,3698572186778765099028,3,3726242302889329426453,3,9
large_integer,29313,4925280667680450281492,4,4952950783791014608917,4,9
large_integer,29314,4925280667680450281494,4,4952950783791014608919,4,9
large_integer,29315,4934504039717305057302,4,4962174155827869384727,4,9
large_integer,29316,4925280667680450281496,4,4952950783791014608921,4,9
large_integer,29317,4934504039717305057304,4,4962174155827869384729,4,9
large_integer,29318,4934504039717305057306,4,4962174155827869384731,4,9
large_integer,29319,4943727411754159833114,4,4971397527864724160539,4,9
large_integer,29320,4925280667680450281498,4,4952950783791014608923,4,9
large_integer,29321,4934504039717305057306,4,4962174155827869384731,4,9
large_integer,29322,4934504039717305057308,4,4962174155827869384733,4,9
large_integer,29323,4943727411754159833116,4,4971397527864724160541,4,9
large_integer,29324,4934504039717305057310,4,4962174155827869384735,4,9
large_integer,29325,4943727411754159833118,4,4971397527864724160543,4,9
large_integer,29326,4943727411754159833120,4,4971397527864724160545,4,9
large_integer,29327,4952950783791014608928,4,4980620899901578936353,4,9
large_integer,29328,3707795558815619874836,3,3735465674926184202261,3,9
large_integer,29329,4934504039717305057300,4,4962174155827869384725,4,9
large_integer,29330,4934504039717305057302,4,4962174155827869384727,4,9
large_integer,29331,4943727411754159833110,4,4971397527864724160535,4,9
large_integer,29332,4934504039717305057304,4,4962174155827869384729,4,9
large_integer,29333,4943727411754159833112,4,4971397527864724160537,4,9
large_integer,29334,4943727411754159833114,4,4971397527864724160539,4,9
large_integer,29335,4952950783791014608922,4,4980620899901578936347,4,9
large_integer,29336,4934504039717305057306,4,4962174155827869384731,4,9
large_integer,29337,4943727411754159833114,4,4971397527864724160539,4,9
large_integer,29338,4943727411754159833116,4,4971397527864724160541,4,9
large_integer,29339,4952950783791014608924,4,4980620899901578936349,4,9
large_integer,29340,4943727411754159833118,4,4971397527864724160543,4,9
large_integer,29341,4952950783791014608926,4,4980620899901578936351,4,9
large_integer,29342,4952950783791014608928,4,4980620899901578936353,4,9
large_integer,29343,4962174155827869384736,4,4989844271938433712161,4,9
large_integer,29344,3707795558815619874838,3,3763135791036748529686,3,11
large_integer,29345,4934504039717305057302,4,4989844271938433712150,4,11
large_integer,29346,3800029279184167632918,3,3800029279184167632918,3,13
large_integer,29347,4943727411754159833112,4,5026737760085852815382,4,13
large_integer,29348,4934504039717305057306,4,4989844271938433712154,4,11
large_integer,29349,4943727411754159833114,4,4999067643975288487962,4,11
large_integer,29350,4943727411754159833116,4,5026737760085852815386,4,13
large_integer,29351,4952950783791014608924,4,5035961132122707591194,4,13
large_integer,29352,4934504039717305057308,4,4989844271938433712156,4,11
large_integer,29353,4943727411754159833116,4,4999067643975288487964,4,11
large_integer,29354,4943727411754159833118,4,5026737760085852815388,4,13
large_integer,29355,4952950783791014608926,4,5035961132122707591196,4,13
large_integer,29356,4943727411754159833120,4,4999067643975288487968,4,11
large_integer,29357,4952950783791014608928,4,5008291016012143263776,4,11
large_integer,29358,4952950783791014608930,4,5035961132122707591200,4,13
large_integer,29359,4962174155827869384738,4,5045184504159562367008,4,13
large_integer,29360,3717018930852474650646,3,3772359163073603305494,3,11
large_integer,29361,4943727411754159833110,4,4999067643975288487958,4,11
large_integer,29362,3809252651221022408726,3,3809252651221022408726,3,13
large_integer,29363,4952950783791014608920,4,5035961132122707591190,4,13
large_integer,29364,4943727411754159833114,4,4999067643975288487962,4,11
large_integer,29365,4952950783791014608922,4,5008291016012143263770,4,11
large_integer,29366,4952950783791014608924,4,5035961132122707591194,4,13
large_integer,29367,4962174155827869384732,4,5045184504159562367002,4,13
large_integer,29368,4943727411754159833116,4,4999067643975288487964,4,11
large_integer,29369,4952950783791014608924,4,5008291016012143263772,4,11
large_integer,29370,4952950783791014608926,4,5035961132122707591196,4,13
large_integer,29371,4962174155827869384734,4,5045184504159562367004,4,13
large_integer,29372,4952950783791014608928,4,5008291016012143263776,4,11
large_integer,29373,4962174155827869384736,4,5017514388048998039584,4,11
large_integer,29374,4962174155827869384738,4,5045184504159562367008,4,13
large_integer,29375,4971397527864724160546,4,5054407876196417142816,4,13
large_integer,29376,3707795558815619874840,3,3735465674926184202265,3,9
large_integer,29377,4934504039717305057304,4,4962174155827869384729,4,9
large_integer,29378,4934504039717305057306,4,4962174155827869384731,4,9
large_integer,29379,4943727411754159833114,4,4971397527864724160539,4,9
large_integer,29380,4934504039717305057308,4,4962174155827869384733,4,9
large_integer,29381,4943727411754159833116,4,4971397527864724160541,4,9
large_integer,29382,4943727411754159833118,4,4971397527864724160543,4,9
large_integer,29383,4952950783791014608926,4,4980620899901578936351,4,9
large_integer,29384,4934504039717305057310,4,4962174155827869384735,4,9
large_integer,29385,4943727411754159833118,4,4971397527864724160543,4,9
large_integer,29386,4943727411754159833120,4,4971397527864724160545,4,9
large_integer,29387,4952950783791014608928,4,4980620899901578936353,4,9
large_integer,29388,4943727411754159833122,4,4971397527864724160547,4,9
large_integer,29389,4952950783791014608930,4,4980620899901578936355,4,9
large_integer,29390,4952950783791014608932,4,4980620899901578936357,4,9
large_integer,29391,4962174155827869384740,4,4989844271938433712165,4,9
large_integer,29392,3717018930852474650648,3,3744689046963038978073,3,9
large_integer,29393,4943727411754159833112,4,4971397527864724160537,4,9
large_integer,29394,4943727411754159833114,4,4971397527864724160539,4,9
large_integer,29395,4952950783791014608922,4,4980620899901578936347,4,9
large_integer,29396,4943727411754159833116,4,4971397527864724160541,4,9
large_integer,29397,4952950783791014608924,4,4980620899901578936349,4,9
large_integer,29398,4952950783791014608926,4,4980620899901578936351,4,9
large_integer,29399,4962174155827869384734,4,4989844271938433712159,4,9
large_integer,29400,4943727411754159833118,4,4971397527864724160543,4,9
large_integer,29401,4952950783791014608926,4,4980620899901578936351,4,9
large_integer,29402,4952950783791014608928,4,4980620899901578936353,4,9
large_integer,29403,4962174155827869384736,4,4989844271938433712161,4,9
large_integer,29404,4952950783791014608930,4,4980620899901578936355,4,9
large_integer,29405,4962174155827869384738,4,4989844271938433712163,4,9
large_integer,29406,4962174155827869384740,4,4989844271938433712165,4,9
large_integer,29407,4971397527864724160548,4,4999067643975288487973,4,9
large_integer,29408,3717018930852474650650,3,3772359163073603305498,3,11
large_integer,29409,4943727411754159833114,4,4999067643975288487962,4,11
large_integer,29410,3809252651221022408730,3,3809252651221022408730,3,13
large_integer,29411,4952950783791014608924,4,5035961132122707591194,4,13
large_integer,29412,4943727411754159833118,4,4999067643975288487966,4,11
large_integer,29413,4952950783791014608926,4,5008291016012143263774,4,11
large_integer,29414,4952950783791014608928,4,5035961132122707591198,4,13
large_integer,29415,4962174155827869384736,4,5045184504159562367006,4,13
large_integer,29416,4943727411754159833120,4,4999067643975288487968,4,11
large_integer,29417,4952950783791014608928,4,5008291016012143263776,4,11
large_integer,29418,4952950783791014608930,4,5035961132122707591200,4,13
large_integer,29419,4962174155827869384738,4,5045184504159562367008,4,13
large_integer,29420,4952950783791014608932,4,5008291016012143263780,4,11
large_integer,29421,4962174155827869384740,4,5017514388048998039588,4,11
large_integer,29422,4962174155827869384742,4,5045184504159562367012,4,13
large_integer,29423,4971397527864724160550,4,5054407876196417142820,4,13
large_integer,29424,3726242302889329426458,3,3781582535110458081306,3,11
large_integer,29425,4952950783791014608922,4,5008291016012143263770,4,11
large_integer,29426,3818476023257877184538,3,3818476023257877184538,3,13
large_integer,29427,4962174155827869384732,4,5045184504159562367002,4,13
large_integer,29428,4952950783791014608926,4,5008291016012143263774,4,11
large_integer,29429,4962174155827869384734,4,5017514388048998039582,4,11
large_integer,29430,4962174155827869384736,4,5045184504159562367006,4,13
large_integer,29431,4971397527864724160544,4,5054407876196417142814,4,13
large_integer,29432,4952950783791014608928,4,5008291016012143263776,4,11
large_integer,29433,4962174155827869384736,4,5017514388048998039584,4,11
large_integer,29434,4962174155827869384738,4,5045184504159562367008,4,13
large_integer,29435,4971397527864724160546,4,5054407876196417142816,4,13
large_integer,29436,4962174155827869384740,4,5017514388048998039588,4,11
large_integer,29437,4971397527864724160548,4,5026737760085852815396,4,11
large_integer,29438,4971397527864724160550,4,5054407876196417142820,4,13
large_integer,29439,4980620899901578936358,4,5063631248233271918628,4,13
large_integer,29440,2481087077913934692365,2,2499533821987644243982,2,9
large_integer,29441,3707795558815619874829,3,3726242302889329426446,3,9
large_integer,29442,3707795558815619874831,3,3726242302889329426448,3,9
large_integer,29443,3717018930852474650639,3,3735465674926184202256,3,9
large_integer,29444,3707795558815619874833,3,3726242302889329426450,3,9
large_integer,29445,3717018930852474650641,3,3735465674926184202258,3,9
large_integer,29446,3717018930852474650643,3,3735465674926184202260,3,9
large_integer,29447,3726242302889329426451,3,3744689046963038978068,3,9
large_integer,29448,3707795558815619874835,3,3726242302889329426452,3,9
large_integer,29449,3717018930852474650643,3,3735465674926184202260,3,9
large_integer,29450,3717018930852474650645,3,3735465674926184202262,3,9
large_integer,29451,3726242302889329426453,3,3744689046963038978070,3,9
large_integer,29452,3717018930852474650647,3,3735465674926184202264,3,9
large_integer,29453,3726242302889329426455,3,3744689046963038978072,3,9
large_integer,29454,3726242302889329426457,3,3744689046963038978074,3,9
large_integer,29455,3735465674926184202265,3,3753912418999893753882,3,9
large_integer,29456,3707795558815619874830,3,3790805907147312857108,3,13
large_integer,29457,3800029279184167632915,3,3827699395294731960340,3,15
large_integer,29458,4934504039717305057296,4,5017514388048998039574,4,13
large_integer,29459,4943727411754159833104,4,5054407876196417142806,4,15
large_integer,29460,4934504039717305057298,4,5017514388048998039576,4,13
large_integer,29461,4943727411754159833106,4,5054407876196417142808,4,15
large_integer,29462,4943727411754159833108,4,5026737760085852815386,4,13
large_integer,29463,4952950783791014608916,4,5063631248233271918618,4,15
large_integer,29464,4934504039717305057300,4,5017514388048998039578,4,13
large_integer,29465,4943727411754159833108,4,5054407876196417142810,4,15
large_integer,29466,4943727411754159833110,4,5026737760085852815388,4,13
large_integer,29467,4952950783791014608918,4,5063631248233271918620,4,15
large_integer,29468,4943727411754159833112,4,5026737760085852815390,4,13
large_integer,29469,4952950783791014608920,4,5063631248233271918622,4,15
large_integer,29470,4952950783791014608922,4,5035961132122707591200,4,13
large_integer,29471,4962174155827869384730,4,5072854620270126694432,4,15
large_integer,29472,3707795558815619874832,3,3790805907147312857108,3,13
large_integer,29473,4934504039717305057296,4,5017514388048998039572,4,13
large_integer,29474,3800029279184167632913,3,3827699395294731960340,3,15
large_integer,29475,4943727411754159833106,4,5054407876196417142804,4,15
large_integer,29476,4934504039717305057300,4,5017514388048998039576,4,13
large_integer,29477,4943727411754159833108,4,5026737760085852815384,4,13
large_integer,29478,4943727411754159833110,4,5054407876196417142808,4,15
large_integer,29479,4952950783791014608918,4,5063631248233271918616,4,15
large_integer,29480,4934504039717305057302,4,5017514388048998039578,4,13
large_integer,29481,4943727411754159833110,4,5026737760085852815386,4,13
large_integer,29482,4943727411754159833112,4,5054407876196417142810,4,15
large_integer,29483,4952950783791014608920,4,5063631248233271918618,4,15
large_integer,29484,4943727411754159833114,4,5026737760085852815390,4,13
large_integer,29485,4952950783791014608922,4,5035961132122707591198,4,13
large_integer,29486,4952950783791014608924,4,5063631248233271918622,4,15
large_integer,29487,4962174155827869384732,4,5072854620270126694430,4,15
large_integer,29488,2536427310135063347215,2,2536427310135063347215,2,11
large_integer,29489,3763135791036748529679,3,3864592883442151063573,3,17
large_integer,29490,3763135791036748529681,3,3864592883442151063573,3,17
large_integer,29491,2573320798282482450447,2,2573320798282482450447,2,13
large_integer,29492,3763135791036748529683,3,3763135791036748529683,3,11
large_integer,29493,3772359163073603305491,3,5091301364343836246041,4,17
large_integer,29494,3772359163073603305493,3,5091301364343836246041,4,17
large_integer,29495,3781582535110458081301,3,3800029279184167632915,3,13
large_integer,29496,3763135791036748529685,3,3763135791036748529685,3,11
large_integer,29497,3772359163073603305493,3,5091301364343836246043,4,17
large_integer,29498,3772359163073603305495,3,5091301364343836246043,4,17
large_integer,29499,3781582535110458081303,3,3800029279184167632917,3,13
large_integer,29500,3772359163073603305497,3,3772359163073603305497,3,11
large_integer,29501,3781582535110458081305,3,5100524736380691021855,4,17
large_integer,29502,3781582535110458081307,3,5100524736380691021855,4,17
large_integer,29503,3790805907147312857115,3,3809252651221022408729,3,13
large_integer,29504,3707795558815619874834,3,3726242302889329426451,3,9
large_integer,29505,4934504039717305057298,4,4952950783791014608915,4,9
large_integer,29506,4934504039717305057300,4,4952950783791014608917,4,9
large_integer,29507,4943727411754159833108,4,4962174155827869384725,4,9
large_integer,29508,4934504039717305057302,4,4952950783791014608919,4,9
large_integer,29509,4943727411754159833110,4,4962174155827869384727,4,9
large_integer,29510,4943727411754159833112,4,4962174155827869384729,4,9
large_integer,29511,4952950783791014608920,4,4971397527864724160537,4,9
large_integer,29512,4934504039717305057304,4,4952950783791014608921,4,9
large_integer,29513,4943727411754159833112,4,4962174155827869384729,4,9
large_integer,29514,4943727411754159833114,4,4962174155827869384731,4,9
large_integer,29515,4952950783791014608922,4,4971397527864724160539,4,9
large_integer,29516,4943727411754159833116,4,4962174155827869384733,4,9
large_integer,29517,4952950783791014608924,4,4971397527864724160541,4,9
large_integer,29518,4952950783791014608926,4,4971397527864724160543,4,9
large_integer,29519,4962174155827869384734,4,4980620899901578936351,4,9
large_integer,29520,3717018930852474650642,3,5017514388048998039577,4,13
large_integer,29521,4943727411754159833106,4,5054407876196417142809,4,15
large_integer,29522,4943727411754159833108,4,6244222868950683222043,5,13
large_integer,29523,4952950783791014608916,4,6281116357098102325275,5,15
large_integer,29524,4943727411754159833110,4,6244222868950683222045,5,13
large_integer,29525,4952950783791014608918,4,6281116357098102325277,5,15
large_integer,29526,4952950783791014608920,4,6253446240987537997855,5,13
large_integer,29527,4962174155827869384728,4,6290339729134957101087,5,15
large_integer,29528,4943727411754159833112,4,6244222868950683222047,5,13
large_integer,29529,4952950783791014608920,4,6281116357098102325279,5,15
large_integer,29530,4952950783791014608922,4,6253446240987537997857,5,13
large_integer,29531,4962174155827869384730,4,6290339729134957101089,5,15
large_integer,29532,4952950783791014608924,4,6253446240987537997859,5,13
large_integer,29533,4962174155827869384732,4,6290339729134957101091,5,15
large_integer,29534,4962174155827869384734,4,6262669613024392773669,5,13
large_integer,29535,4971397527864724160542,4,6299563101171811876901,5,15
large_integer,29536,3717018930852474650644,3,5017514388048998039577,4,13
large_integer,29537,4943727411754159833108,4,6244222868950683222041,5,13
large_integer,29538,4943727411754159833110,4,5054407876196417142809,4,15
large_integer,29539,4952950783791014608918,4,6281116357098102325273,5,15
large_integer,29540,4943727411754159833112,4,6244222868950683222045,5,13
large_integer,29541,4952950783791014608920,4,6253446240987537997853,5,13
large_integer,29542,4952950783791014608922,4,6281116357098102325277,5,15
large_integer,29543,4962174155827869384730,4,6290339729134957101085,5,15
large_integer,29544,4943727411754159833114,4,6244222868950683222047,5,13
large_integer,29545,4952950783791014608922,4,6253446240987537997855,5,13
large_integer,29546,4952950783791014608924,4,6281116357098102325279,5,15
large_integer,29547,4962174155827869384732,4,6290339729134957101087,5,15
large_integer,29548,4952950783791014608926,4,6253446240987537997859,5,13
large_integer,29549,4962174155827869384734,4,6262669613024392773667,5,13
large_integer,29550,4962174155827869384736,4,6290339729134957101091,5,15
large_integer,29551,4971397527864724160544,4,6299563101171811876899,5,15
large_integer,29552,3726242302889329426452,3,3763135791036748529684,3,11
large_integer,29553,4952950783791014608916,4,5091301364343836246042,4,17
large_integer,29554,4952950783791014608918,4,5091301364343836246042,4,17
large_integer,29555,3800029279184167632916,3,3800029279184167632916,3,13
large_integer,29556,4952950783791014608920,4,4989844271938433712152,4,11
large_integer,29557,4962174155827869384728,4,6318009845245521428510,5,17
large_integer,29558,4962174155827869384730,4,6318009845245521428510,5,17
large_integer,29559,4971397527864724160538,4,5026737760085852815384,4,13
large_integer,29560,4952950783791014608922,4,4989844271938433712154,4,11
large_integer,29561,4962174155827869384730,4,6318009845245521428512,5,17
large_integer,29562,4962174155827869384732,4,6318009845245521428512,5,17
large_integer,29563,4971397527864724160540,4,5026737760085852815386,4,13
large_integer,29564,4962174155827869384734,4,4999067643975288487966,4,11
large_integer,29565,4971397527864724160542,4,6327233217282376204324,5,17
large_integer,29566,4971397527864724160544,4,6327233217282376204324,5,17
large_integer,29567,4980620899901578936352,4,5035961132122707591198,4,13
large_integer,29568,3707795558815619874836,3,3726242302889329426453,3,9
large_integer,29569,4934504039717305057300,4,4952950783791014608917,4,9
large_integer,29570,4934504039717305057302,4,4952950783791014608919,4,9
large_integer,29571,4943727411754159833110,4,4962174155827869384727,4,9
large_integer,29572,4934504039717305057304,4,4952950783791014608921,4,9
large_integer,29573,4943727411754159833112,4,4962174155827869384729,4,9
large_integer,29574,4943727411754159833114,4,4962174155827869384731,4,9
large_integer,29575,4952950783791014608922,4,4971397527864724160539,4,9
large_integer,29576,4934504039717305057306,4,4952950783791014608923,4,9
large_integer,29577,4943727411754159833114,4,4962174155827869384731,4,9
large_integer,29578,4943727411754159833116,4,4962174155827869384733,4,9
large_integer,29579,4952950783791014608924,4,4971397527864724160541,4,9
large_integer,29580,4943727411754159833118,4,4962174155827869384735,4,9
large_integer,29581,4952950783791014608926,4,4971397527864724160543,4,9
large_integer,29582,4952950783791014608928,4,4971397527864724160545,4,9
large_integer,29583,4962174155827869384736,4,4980620899901578936353,4,9
large_integer,29584,3717018930852474650644,3,5017514388048998039579,4,13
large_integer,29585,4943727411754159833108,4,5054407876196417142811,4,15
large_integer,29586,4943727411754159833110,4,6244222868950683222045,5,13
large_integer,29587,4952950783791014608918,4,6281116357098102325277,5,15
large_integer,29588,4943727411754159833112,4,6244222868950683222047,5,13
large_integer,29589,4952950783791014608920,4,6281116357098102325279,5,15
large_integer,29590,4952950783791014608922,4,6253446240987537997857,5,13
large_integer,29591,4962174155827869384730,4,6290339729134957101089,5,15
large_integer,29592,4943727411754159833114,4,6244222868950683222049,5,13
large_integer,29593,4952950783791014608922,4,6281116357098102325281,5,15
large_integer,29594,4952950783791014608924,4,6253446240987537997859,5,13
large_integer,29595,4962174155827869384732,4,6290339729134957101091,5,15
large_integer,29596,4952950783791014608926,4,6253446240987537997861,5,13
large_integer,29597,4962174155827869384734,4,6290339729134957101093,5,15
large_integer,29598,4962174155827869384736,4,6262669613024392773671,5,13
large_integer,29599,4971397527864724160544,4,6299563101171811876903,5,15
large_integer,29600,3717018930852474650646,3,5017514388048998039579,4,13
large_integer,29601,4943727411754159833110,4,6244222868950683222043,5,13
large_integer,29602,4943727411754159833112,4,5054407876196417142811,4,15
large_integer,29603,4952950783791014608920,4,6281116357098102325275,5,15
large_integer,29604,4943727411754159833114,4,6244222868950683222047,5,13
large_integer,29605,4952950783791014608922,4,6253446240987537997855,5,13
large_integer,29606,4952950783791014608924,4,6281116357098102325279,5,15
large_integer,29607,4962174155827869384732,4,6290339729134957101087,5,15
large_integer,29608,4943727411754159833116,4,6244222868950683222049,5,13
large_integer,29609,4952950783791014608924,4,6253446240987537997857,5,13
large_integer,29610,4952950783791014608926,4,6281116357098102325281,5,15
large_integer,29611,4962174155827869384734,4,6290339729134957101089,5,15
large_integer,29612,4952950783791014608928,4,6253446240987537997861,5,13
large_integer,29613,4962174155827869384736,4,6262669613024392773669,5,13
large_integer,29614,4962174155827869384738,4,6290339729134957101093,5,15
large_integer,29615,4971397527864724160546,4,6299563101171811876901,5,15
large_integer,29616,3726242302889329426454,3,3763135791036748529686,3,11
large_integer,29617,4952950783791014608918,4,5091301364343836246044,4,17
large_integer,29618,4952950783791014608920,4,5091301364343836246044,4,17
large_integer,29619,3800029279184167632918,3,3800029279184167632918,3,13
large_integer,29620,4952950783791014608922,4,4989844271938433712154,4,11
large_integer,29621,4962174155827869384730,4,6318009845245521428512,5,17
large_integer,29622,4962174155827869384732,4,6318009845245521428512,5,17
large_integer,29623,4971397527864724160540,4,5026737760085852815386,4,13
large_integer,29624,4952950783791014608924,4,4989844271938433712156,4,11
large_integer,29625,4962174155827869384732,4,6318009845245521428514,5,17
large_integer,29626,4962174155827869384734,4,6318009845245521428514,5,17
large_integer,29627,4971397527864724160542,4,5026737760085852815388,4,13
large_integer,29628,4962174155827869384736,4,4999067643975288487968,4,11
large_integer,29629,4971397527864724160544,4,6327233217282376204326,5,17
large_integer,29630,4971397527864724160546,4,6327233217282376204326,5,17
large_integer,29631,4980620899901578936354,4,5035961132122707591200,4,13
large_integer,29632,3717018930852474650648,3,3735465674926184202265,3,9
large_integer,29633,4943727411754159833112,4,4962174155827869384729,4,9
large_integer,29634,4943727411754159833114,4,4962174155827869384731,4,9
large_integer,29635,4952950783791014608922,4,4971397527864724160539,4,9
large_integer,29636,4943727411754159833116,4,4962174155827869384733,4,9
large_integer,29637,4952950783791014608924,4,4971397527864724160541,4,9
large_integer,29638,4952950783791014608926,4,4971397527864724160543,4,9
large_integer,29639,4962174155827869384734,4,4980620899901578936351,4,9
large_integer,29640,4943727411754159833118,4,4962174155827869384735,4,9
large_integer,29641,4952950783791014608926,4,4971397527864724160543,4,9
large_integer,29642,4952950783791014608928,4,4971397527864724160545,4,9
large_integer,29643,4962174155827869384736,4,4980620899901578936353,4,9
large_integer,29644,4952950783791014608930,4,4971397527864724160547,4,9
large_integer,29645,4962174155827869384738,4,4980620899901578936355,4,9
large_integer,29646,4962174155827869384740,4,4980620899901578936357,4,9
large_integer,29647,4971397527864724160548,4,4989844271938433712165,4,9
large_integer,29648,3726242302889329426456,3,5026737760085852815391,4,13
large_integer,29649,4952950783791014608920,4,5063631248233271918623,4,15
large_integer,29650,4952950783791014608922,4,6253446240987537997857,5,13
large_integer,29651,4962174155827869384730,4,6290339729134957101089,5,15
large_integer,29652,4952950783791014608924,4,6253446240987537997859,5,13
large_integer,29653,4962174155827869384732,4,6290339729134957101091,5,15
large_integer,29654,4962174155827869384734,4,6262669613024392773669,5,13
large_integer,29655,4971397527864724160542,4,6299563101171811876901,5,15
large_integer,29656,4952950783791014608926,4,6253446240987537997861,5,13
large_integer,29657,4962174155827869384734,4,6290339729134957101093,5,15
large_integer,29658,4962174155827869384736,4,6262669613024392773671,5,13
large_integer,29659,4971397527864724160544,4,6299563101171811876903,5,15
large_integer,29660,4962174155827869384738,4,6262669613024392773673,5,13
large_integer,29661,4971397527864724160546,4,6299563101171811876905,5,15
large_integer,29662,4971397527864724160548,4,6271892985061247549483,5,13
large_integer,29663,4980620899901578936356,4,6308786473208666652715,5,15
large_integer,29664,3726242302889329426458,3,5026737760085852815391,4,13
large_integer,29665,4952950783791014608922,4,6253446240987537997855,5,13
large_integer,29666,4952950783791014608924,4,5063631248233271918623,4,15
large_integer,29667,4962174155827869384732,4,6290339729134957101087,5,15
large_integer,29668,4952950783791014608926,4,6253446240987537997859,5,13
large_integer,29669,4962174155827869384734,4,6262669613024392773667,5,13
large_integer,29670,4962174155827869384736,4,6290339729134957101091,5,15
large_integer,29671,4971397527864724160544,4,6299563101171811876899,5,15
large_integer,29672,4952950783791014608928,4,6253446240987537997861,5,13
large_integer,29673,4962174155827869384736,4,6262669613024392773669,5,13
large_integer,29674,4962174155827869384738,4,6290339729134957101093,5,15
large_integer,29675,4971397527864724160546,4,6299563101171811876901,5,15
large_integer,29676,4962174155827869384740,4,6262669613024392773673,5,13
large_integer,29677,4971397527864724160548,4,6271892985061247549481,5,13
large_integer,29678,4971397527864724160550,4,6299563101171811876905,5,15
large_integer,29679,4980620899901578936358,4,6308786473208666652713,5,15
large_integer,29680,3735465674926184202266,3,3772359163073603305498,3,11
large_integer,29681,4962174155827869384730,4,5100524736380691021856,4,17
large_integer,29682,4962174155827869384732,4,5100524736380691021856,4,17
large_integer,29683,3809252651221022408730,3,3809252651221022408730,3,13
large_integer,29684,4962174155827869384734,4,4999067643975288487966,4,11
large_integer,29685,4971397527864724160542,4,6327233217282376204324,5,17
large_integer,29686,4971397527864724160544,4,6327233217282376204324,5,17
large_integer,29687,4980620899901578936352,4,5035961132122707591198,4,13
large_integer,29688,4962174155827869384736,4,4999067643975288487968,4,11
large_integer,29689,4971397527864724160544,4,6327233217282376204326,5,17
large_integer,29690,4971397527864724160546,4,6327233217282376204326,5,17
large_integer,29691,4980620899901578936354,4,5035961132122707591200,4,13
large_integer,29692,4971397527864724160548,4,5008291016012143263780,4,11
large_integer,29693,4980620899901578936356,4,6336456589319230980138,5,17
large_integer,29694,4980620899901578936358,4,6336456589319230980138,5,17
large_integer,29695,4989844271938433712166,4,5045184504159562367012,4,13
large_integer,29696,2471863705877079916559,2,2499533821987644243982,2,9
large_integer,29697,3698572186778765099023,3,3726242302889329426446,3,9
large_integer,29698,3698572186778765099025,3,3726242302889329426448,3,9
large_integer,29699,3707795558815619874833,3,3735465674926184202256,3,9
large_integer,29700,3698572186778765099027,3,3726242302889329426450,3,9
large_integer,29701,3707795558815619874835,3,3735465674926184202258,3,9
large_integer,29702,3707795558815619874837,3,3735465674926184202260,3,9
large_integer,29703,3717018930852474650645,3,3744689046963038978068,3,9
large_integer,29704,3698572186778765099029,3,3726242302889329426452,3,9
large_integer,29705,3707795558815619874837,3,3735465674926184202260,3,9
large_integer,29706,3707795558815619874839,3,3735465674926184202262,3,9
large_integer,29707,3717018930852474650647,3,3744689046963038978070,3,9
large_integer,29708,3707795558815619874841,3,3735465674926184202264,3,9
large_integer,29709,3717018930852474650649,3,3744689046963038978072,3,9
large_integer,29710,3717018930852474650651,3,3744689046963038978074,3,9
large_integer,29711,3726242302889329426459,3,3753912418999893753882,3,9
large_integer,29712,3698572186778765099024,3,3726242302889329426447,3,9
large_integer,29713,4925280667680450281488,4,4952950783791014608911,4,9
large_integer,29714,4925280667680450281490,4,4952950783791014608913,4,9
large_integer,29715,4934504039717305057298,4,4962174155827869384721,4,9
large_integer,29716,4925280667680450281492,4,4952950783791014608915,4,9
large_integer,29717,4934504039717305057300,4,4962174155827869384723,4,9
large_integer,29718,4934504039717305057302,4,4962174155827869384725,4,9
large_integer,29719,4943727411754159833110,4,4971397527864724160533,4,9
large_integer,29720,4925280667680450281494,4,4952950783791014608917,4,9
large_integer,29721,4934504039717305057302,4,4962174155827869384725,4,9
large_integer,29722,4934504039717305057304,4,4962174155827869384727,4,9
large_integer,29723,4943727411754159833112,4,4971397527864724160535,4,9
large_integer,29724,4934504039717305057306,4,4962174155827869384729,4,9
large_integer,29725,4943727411754159833114,4,4971397527864724160537,4,9
large_integer,29726,4943727411754159833116,4,4971397527864724160539,4,9
large_integer,29727,4952950783791014608924,4,4980620899901578936347,4,9
large_integer,29728,3698572186778765099026,3,3726242302889329426449,3,9
large_integer,29729,4925280667680450281490,4,4952950783791014608913,4,9
large_integer,29730,4925280667680450281492,4,4952950783791014608915,4,9
large_integer,29731,4934504039717305057300,4,4962174155827869384723,4,9
large_integer,29732,4925280667680450281494,4,4952950783791014608917,4,9
large_integer,29733,4934504039717305057302,4,4962174155827869384725,4,9
large_integer,29734,4934504039717305057304,4,4962174155827869384727,4,9
large_integer,29735,4943727411754159833112,4,4971397527864724160535,4,9
large_integer,29736,4925280667680450281496,4,4952950783791014608919,4,9
large_integer,29737,4934504039717305057304,4,4962174155827869384727,4,9
large_integer,29738,4934504039717305057306,4,4962174155827869384729,4,9
large_integer,29739,4943727411754159833114,4,4971397527864724160537,4,9
large_integer,29740,4934504039717305057308,4,4962174155827869384731,4,9
large_integer,29741,4943727411754159833116,4,4971397527864724160539,4,9
large_integer,29742,4943727411754159833118,4,4971397527864724160541,4,9
large_integer,29743,4952950783791014608926,4,4980620899901578936349,4,9
large_integer,29744,3707795558815619874834,3,3735465674926184202257,3,9
large_integer,29745,4934504039717305057298,4,4962174155827869384721,4,9
large_integer,29746,4934504039717305057300,4,4962174155827869384723,4,9
large_integer,29747,4943727411754159833108,4,4971397527864724160531,4,9
large_integer,29748,4934504039717305057302,4,4962174155827869384725,4,9
large_integer,29749,4943727411754159833110,4,4971397527864724160533,4,9
large_integer,29750,4943727411754159833112,4,4971397527864724160535,4,9
large_integer,29751,4952950783791014608920,4,4980620899901578936343,4,9
large_integer,29752,4934504039717305057304,4,4962174155827869384727,4,9
large_integer,29753,4943727411754159833112,4,4971397527864724160535,4,9
large_integer,29754,4943727411754159833114,4,4971397527864724160537,4,9
large_integer,29755,4952950783791014608922,4,4980620899901578936345,4,9
large_integer,29756,4943727411754159833116,4,4971397527864724160539,4,9
large_integer,29757,4952950783791014608924,4,4980620899901578936347,4,9
large_integer,29758,4952950783791014608926,4,4980620899901578936349,4,9
large_integer,29759,4962174155827869384734,4,4989844271938433712157,4,9
large_integer,29760,2536427310135063347215,2,2536427310135063347215,2,11
large_integer,29761,3763135791036748529679,3,3763135791036748529679,3,11
large_integer,29762,3763135791036748529681,3,3763135791036748529681,3,11
large_integer,29763,3772359163073603305489,3,3772359163073603305489,3,11
large_integer,29764,2573320798282482450447,2,2573320798282482450447,2,13
large_integer,29765,3772359163073603305491,3,3800029279184167632911,3,13
large_integer,29766,3772359163073603305493,3,3800029279184167632913,3,13
large_integer,29767,3781582535110458081301,3,3809252651221022408721,3,13
large_integer,29768,3763135791036748529685,3,3763135791036748529685,3,11
large_integer,29769,3772359163073603305493,3,3772359163073603305493,3,11
large_integer,29770,3772359163073603305495,3,3772359163073603305495,3,11
large_integer,29771,3781582535110458081303,3,3781582535110458081303,3,11
large_integer,29772,3772359163073603305497,3,3800029279184167632917,3,13
large_integer,29773,3781582535110458081305,3,3809252651221022408725,3,13
large_integer,29774,3781582535110458081307,3,3809252651221022408727,3,13
large_integer,29775,3790805907147312857115,3,3818476023257877184535,3,13
large_integer,29776,3707795558815619874836,3,3763135791036748529680,3,11
large_integer,29777,4934504039717305057300,4,4989844271938433712144,4,11
large_integer,29778,4934504039717305057302,4,4989844271938433712146,4,11
large_integer,29779,4943727411754159833110,4,4999067643975288487954,4,11
large_integer,29780,3800029279184167632912,3,3800029279184167632912,3,13
large_integer,29781,4943727411754159833112,4,5026737760085852815376,4,13
large_integer,29782,4943727411754159833114,4,5026737760085852815378,4,13
large_integer,29783,4952950783791014608922,4,5035961132122707591186,4,13
large_integer,29784,4934504039717305057306,4,4989844271938433712150,4,11
large_integer,29785,4943727411754159833114,4,4999067643975288487958,4,11
large_integer,29786,4943727411754159833116,4,4999067643975288487960,4,11
large_integer,29787,4952950783791014608924,4,5008291016012143263768,4,11
large_integer,29788,4943727411754159833118,4,5026737760085852815382,4,13
large_integer,29789,4952950783791014608926,4,5035961132122707591190,4,13
large_integer,29790,4952950783791014608928,4,5035961132122707591192,4,13
large_integer,29791,4962174155827869384736,4,5045184504159562367000,4,13
large_integer,29792,3707795558815619874838,3,3763135791036748529682,3,11
large_integer,29793,4934504039717305057302,4,4989844271938433712146,4,11
large_integer,29794,4934504039717305057304,4,4989844271938433712148,4,11
large_integer,29795,4943727411754159833112,4,4999067643975288487956,4,11
large_integer,29796,3800029279184167632914,3,3800029279184167632914,3,13
large_integer,29797,4943727411754159833114,4,5026737760085852815378,4,13
large_integer,29798,4943727411754159833116,4,5026737760085852815380,4,13
large_integer,29799,4952950783791014608924,4,5035961132122707591188,4,13
large_integer,29800,4934504039717305057308,4,4989844271938433712152,4,11
large_integer,29801,4943727411754159833116,4,4999067643975288487960,4,11
large_integer,29802,4943727411754159833118,4,4999067643975288487962,4,11
large_integer,29803,4952950783791014608926,4,5008291016012143263770,4,11
large_integer,29804,4943727411754159833120,4,5026737760085852815384,4,13
large_integer,29805,4952950783791014608928,4,5035961132122707591192,4,13
large_integer,29806,4952950783791014608930,4,5035961132122707591194,4,13
large_integer,29807,4962174155827869384738,4,5045184504159562367002,4,13
large_integer,29808,3717018930852474650646,3,3772359163073603305490,3,11
large_integer,29809,4943727411754159833110,4,4999067643975288487954,4,11
large_integer,29810,4943727411754159833112,4,4999067643975288487956,4,11
large_integer,29811,4952950783791014608920,4,5008291016012143263764,4,11
large_integer,29812,3809252651221022408722,3,3809252651221022408722,3,13
large_integer,29813,4952950783791014608922,4,5035961132122707591186,4,13
large_integer,29814,4952950783791014608924,4,5035961132122707591188,4,13
large_integer,29815,4962174155827869384732,4,5045184504159562366996,4,13
large_integer,29816,4943727411754159833116,4,4999067643975288487960,4,11
large_integer,29817,4952950783791014608924,4,5008291016012143263768,4,11
large_integer,29818,4952950783791014608926,4,5008291016012143263770,4,11
large_integer,29819,4962174155827869384734,4,5017514388048998039578,4,11
large_integer,29820,4952950783791014608928,4,5035961132122707591192,4,13
large_integer,29821,4962174155827869384736,4,5045184504159562367000,4,13
large_integer,29822,4962174155827869384738,4,5045184504159562367002,4,13
large_integer,29823,4971397527864724160546,4,5054407876196417142810,4,13
large_integer,29824,3698572186778765099030,3,3726242302889329426453,3,9
large_integer,29825,4925280667680450281494,4,4952950783791014608917,4,9
large_integer,29826,4925280667680450281496,4,4952950783791014608919,4,9
large_integer,29827,4934504039717305057304,4,4962174155827869384727,4,9
large_integer,29828,4925280667680450281498,4,4952950783791014608921,4,9
large_integer,29829,4934504039717305057306,4,4962174155827869384729,4,9
large_integer,29830,4934504039717305057308,4,4962174155827869384731,4,9
large_integer,29831,4943727411754159833116,4,4971397527864724160539,4,9
large_integer,29832,4925280667680450281500,4,4952950783791014608923,4,9
large_integer,29833,4934504039717305057308,4,4962174155827869384731,4,9
large_integer,29834,4934504039717305057310,4,4962174155827869384733,4,9
large_integer,29835,4943727411754159833118,4,4971397527864724160541,4,9
large_integer,29836,4934504039717305057312,4,4962174155827869384735,4,9
large_integer,29837,4943727411754159833120,4,4971397527864724160543,4,9
large_integer,29838,4943727411754159833122,4,4971397527864724160545,4,9
large_integer,29839,4952950783791014608930,4,4980620899901578936353,4,9
large_integer,29840,3707795558815619874838,3,3735465674926184202261,3,9
large_integer,29841,4934504039717305057302,4,4962174155827869384725,4,9
large_integer,29842,4934504039717305057304,4,4962174155827869384727,4,9
large_integer,29843,4943727411754159833112,4,4971397527864724160535,4,9
large_integer,29844,4934504039717305057306,4,4962174155827869384729,4,9
large_integer,29845,4943727411754159833114,4,4971397527864724160537,4,9
large_integer,29846,4943727411754159833116,4,4971397527864724160539,4,9
large_integer,29847,4952950783791014608924,4,4980620899901578936347,4,9
large_integer,29848,4934504039717305057308,4,4962174155827869384731,4,9
large_integer,29849,4943727411754159833116,4,4971397527864724160539,4,9
large_integer,29850,4943727411754159833118,4,4971397527864724160541,4,9
large_integer,29851,4952950783791014608926,4,4980620899901578936349,4,9
large_integer,29852,4943727411754159833120,4,4971397527864724160543,4,9
large_integer,29853,4952950783791014608928,4,4980620899901578936351,4,9
large_integer,29854,4952950783791014608930,4,4980620899901578936353,4,9
large_integer,29855,4962174155827869384738,4,4989844271938433712161,4,9
large_integer,29856,3707795558815619874840,3,3735465674926184202263,3,9
large_integer,29857,4934504039717305057304,4,4962174155827869384727,4,9
large_integer,29858,4934504039717305057306,4,4962174155827869384729,4,9
large_integer,29859,4943727411754159833114,4,4971397527864724160537,4,9
large_integer,29860,4934504039717305057308,4,4962174155827869384731,4,9
large_integer,29861,4943727411754159833116,4,4971397527864724160539,4,9
large_integer,29862,4943727411754159833118,4,4971397527864724160541,4,9
large_integer,29863,4952950783791014608926,4,4980620899901578936349,4,9
large_integer,29864,4934504039717305057310,4,4962174155827869384733,4,9
large_integer,29865,4943727411754159833118,4,4971397527864724160541,4,9
large_integer,29866,4943727411754159833120,4,4971397527864724160543,4,9
large_integer,29867,4952950783791014608928,4,4980620899901578936351,4,9
large_integer,29868,4943727411754159833122,4,4971397527864724160545,4,9
large_integer,29869,4952950783791014608930,4,4980620899901578936353,4,9
large_integer,29870,4952950783791014608932,4,4980620899901578936355,4,9
large_integer,29871,4962174155827869384740,4,4989844271938433712163,4,9
large_integer,29872,3717018930852474650648,3,3744689046963038978071,3,9
large_integer,29873,4943727411754159833112,4,4971397527864724160535,4,9
large_integer,29874,4943727411754159833114,4,4971397527864724160537,4,9
large_integer,29875,4952950783791014608922,4,4980620899901578936345,4,9
large_integer,29876,4943727411754159833116,4,4971397527864724160539,4,9
large_integer,29877,4952950783791014608924,4,4980620899901578936347,4,9
large_integer,29878,4952950783791014608926,4,4980620899901578936349,4,9
large_integer,29879,4962174155827869384734,4,4989844271938433712157,4,9
large_integer,29880,4943727411754159833118,4,4971397527864724160541,4,9
large_integer,29881,4952950783791014608926,4,4980620899901578936349,4,9
large_integer,29882,4952950783791014608928,4,4980620899901578936351,4,9
large_integer,29883,4962174155827869384736,4,4989844271938433712159,4,9
large_integer,29884,4952950783791014608930,4,4980620899901578936353,4,9
large_integer,29885,4962174155827869384738,4,4989844271938433712161,4,9
large_integer,29886,4962174155827869384740,4,4989844271938433712163,4,9
large_integer,29887,4971397527864724160548,4,4999067643975288487971,4,9
large_integer,29888,3707795558815619874842,3,3763135791036748529686,3,11
large_integer,29889,4934504039717305057306,4,4989844271938433712150,4,11
large_integer,29890,4934504039717305057308,4,4989844271938433712152,4,11
large_integer,29891,4943727411754159833116,4,4999067643975288487960,4,11
large_integer,29892,3800029279184167632918,3,3800029279184167632918,3,13
large_integer,29893,4943727411754159833118,4,5026737760085852815382,4,13
large_integer,29894,4943727411754159833120,4,5026737760085852815384,4,13
large_integer,29895,4952950783791014608928,4,5035961132122707591192,4,13
large_integer,29896,4934504039717305057312,4,4989844271938433712156,4,11
large_integer,29897,4943727411754159833120,4,4999067643975288487964,4,11
large_integer,29898,4943727411754159833122,4,4999067643975288487966,4,11
large_integer,29899,4952950783791014608930,4,5008291016012143263774,4,11
large_integer,29900,4943727411754159833124,4,5026737760085852815388,4,13
large_integer,29901,4952950783791014608932,4,5035961132122707591196,4,13
large_integer,29902,4952950783791014608934,4,5035961132122707591198,4,13
large_integer,29903,4962174155827869384742,4,5045184504159562367006,4,13
large_integer,29904,3717018930852474650650,3,3772359163073603305494,3,11
large_integer,29905,4943727411754159833114,4,4999067643975288487958,4,11
large_integer,29906,4943727411754159833116,4,4999067643975288487960,4,11
large_integer,29907,4952950783791014608924,4,5008291016012143263768,4,11
large_integer,29908,3809252651221022408726,3,3809252651221022408726,3,13
large_integer,29909,4952950783791014608926,4,5035961132122707591190,4,13
large_integer,29910,4952950783791014608928,4,5035961132122707591192,4,13
large_integer,29911,4962174155827869384736,4,5045184504159562367000,4,13
large_integer,29912,4943727411754159833120,4,4999067643975288487964,4,11
large_integer,29913,4952950783791014608928,4,5008291016012143263772,4,11
large_integer,29914,4952950783791014608930,4,5008291016012143263774,4,11
large_integer,29915,4962174155827869384738,4,5017514388048998039582,4,11
large_integer,29916,4952950783791014608932,4,5035961132122707591196,4,13
large_integer,29917,4962174155827869384740,4,5045184504159562367004,4,13
large_integer,29918,4962174155827869384742,4,5045184504159562367006,4,13
large_integer,29919,4971397527864724160550,4,5054407876196417142814,4,13
large_integer,29920,3717018930852474650652,3,3772359163073603305496,3,11
large_integer,29921,4943727411754159833116,4,4999067643975288487960,4,11
large_integer,29922,4943727411754159833118,4,4999067643975288487962,4,11
large_integer,29923,4952950783791014608926,4,5008291016012143263770,4,11
large_integer,29924,3809252651221022408728,3,3809252651221022408728,3,13
large_integer,29925,4952950783791014608928,4,5035961132122707591192,4,13
large_integer,29926,4952950783791014608930,4,5035961132122707591194,4,13
large_integer,29927,4962174155827869384738,4,5045184504159562367002,4,13
large_integer,29928,4943727411754159833122,4,4999067643975288487966,4,11
large_integer,29929,4952950783791014608930,4,5008291016012143263774,4,11
large_integer,29930,4952950783791014608932,4,5008291016012143263776,4,11
large_integer,29931,4962174155827869384740,4,5017514388048998039584,4,11
large_integer,29932,4952950783791014608934,4,5035961132122707591198,4,13
large_integer,29933,4962174155827869384742,4,5045184504159562367006,4,13
large_integer,29934,4962174155827869384744,4,5045184504159562367008,4,13
large_integer,29935,4971397527864724160552,4,5054407876196417142816,4,13
large_integer,29936,3726242302889329426460,3,3781582535110458081304,3,11
large_integer,29937,4952950783791014608924,4,5008291016012143263768,4,11
large_integer,29938,4952950783791014608926,4,5008291016012143263770,4,11
large_integer,29939,4962174155827869384734,4,5017514388048998039578,4,11
large_integer,29940,3818476023257877184536,3,3818476023257877184536,3,13
large_integer,29941,4962174155827869384736,4,5045184504159562367000,4,13
large_integer,29942,4962174155827869384738,4,5045184504159562367002,4,13
large_integer,29943,4971397527864724160546,4,5054407876196417142810,4,13
large_integer,29944,4952950783791014608930,4,5008291016012143263774,4,11
large_integer,29945,4962174155827869384738,4,5017514388048998039582,4,11
large_integer,29946,4962174155827869384740,4,5017514388048998039584,4,11
large_integer,29947,4971397527864724160548,4,5026737760085852815392,4,11
large_integer,29948,4962174155827869384742,4,5045184504159562367006,4,13
large_integer,29949,4971397527864724160550,4,5054407876196417142814,4,13
large_integer,29950,4971397527864724160552,4,5054407876196417142816,4,13
large_integer,29951,4980620899901578936360,4,5063631248233271918624,4,13
large_integer,29952,2481087077913934692367,2,2499533821987644243982,2,9
large_integer,29953,3707795558815619874831,3,3726242302889329426446,3,9
large_integer,29954,3707795558815619874833,3,3726242302889329426448,3,9
large_integer,29955,3717018930852474650641,3,3735465674926184202256,3,9
large_integer,29956,3707795558815619874835,3,3726242302889329426450,3,9
large_integer,29957,3717018930852474650643,3,3735465674926184202258,3,9
large_integer,29958,3717018930852474650645,3,3735465674926184202260,3,9
large_integer,29959,3726242302889329426453,3,3744689046963038978068,3,9
large_integer,29960,3707795558815619874837,3,3726242302889329426452,3,9
large_integer,29961,3717018930852474650645,3,3735465674926184202260,3,9
large_integer,29962,3717018930852474650647,3,3735465674926184202262,3,9
large_integer,29963,3726242302889329426455,3,3744689046963038978070,3,9
large_integer,29964,3717018930852474650649,3,3735465674926184202264,3,9
large_integer,29965,3726242302889329426457,3,3744689046963038978072,3,9
large_integer,29966,3726242302889329426459,3,3744689046963038978074,3,9
large_integer,29967,3735465674926184202267,3,3753912418999893753882,3,9
large_integer,29968,3707795558815619874832,3,3790805907147312857108,3,13
large_integer,29969,3800029279184167632917,3,3827699395294731960340,3,15
large_integer,29970,4934504039717305057298,4,5017514388048998039574,4,13
large_integer,29971,4943727411754159833106,4,5054407876196417142806,4,15
large_integer,29972,4934504039717305057300,4,5017514388048998039576,4,13
large_integer,29973,4943727411754159833108,4,5054407876196417142808,4,15
large_integer,29974,4943727411754159833110,4,5026737760085852815386,4,13
large_integer,29975,4952950783791014608918,4,5063631248233271918618,4,15
large_integer,29976,4934504039717305057302,4,5017514388048998039578,4,13
large_integer,29977,4943727411754159833110,4,5054407876196417142810,4,15
large_integer,29978,4943727411754159833112,4,5026737760085852815388,4,13
large_integer,29979,4952950783791014608920,4,5063631248233271918620,4,15
large_integer,29980,4943727411754159833114,4,5026737760085852815390,4,13
large_integer,29981,4952950783791014608922,4,5063631248233271918622,4,15
large_integer,29982,4952950783791014608924,4,5035961132122707591200,4,13
large_integer,29983,4962174155827869384732,4,5072854620270126694432,4,15
large_integer,29984,3707795558815619874834,3,3726242302889329426449,3,9
large_integer,29985,4934504039717305057298,4,4952950783791014608913,4,9
large_integer,29986,4934504039717305057300,4,4952950783791014608915,4,9
large_integer,29987,4943727411754159833108,4,4962174155827869384723,4,9
large_integer,29988,4934504039717305057302,4,4952950783791014608917,4,9
large_integer,29989,4943727411754159833110,4,4962174155827869384725,4,9
large_integer,29990,4943727411754159833112,4,4962174155827869384727,4,9
large_integer,29991,4952950783791014608920,4,4971397527864724160535,4,9
large_integer,29992,4934504039717305057304,4,4952950783791014608919,4,9
large_integer,29993,4943727411754159833112,4,4962174155827869384727,4,9
large_integer,29994,4943727411754159833114,4,4962174155827869384729,4,9
large_integer,29995,4952950783791014608922,4,4971397527864724160537,4,9
large_integer,29996,4943727411754159833116,4,4962174155827869384731,4,9
large_integer,29997,4952950783791014608924,4,4971397527864724160539,4,9
large_integer,29998,4952950783791014608926,4,4971397527864724160541,4,9
large_integer,29999,4962174155827869384734,4,4980620899901578936349,4,9
large_integer,30000,3717018930852474650642,3,5017514388048998039575,4,13
large_integer,30001,4943727411754159833106,4,5054407876196417142807,4,15
large_integer,30002,4943727411754159833108,4,6244222868950683222041,5,13
large_integer,30003,4952950783791014608916,4,6281116357098102325273,5,15
large_integer,30004,4943727411754159833110,4,6244222868950683222043,5,13
large_integer,30005,4952950783791014608918,4,6281116357098102325275,5,15
large_integer,30006,4952950783791014608920,4,6253446240987537997853,5,13
large_integer,30007,4962174155827869384728,4,6290339729134957101085,5,15
large_integer,30008,4943727411754159833112,4,6244222868950683222045,5,13
large_integer,30009,4952950783791014608920,4,6281116357098102325277,5,15
large_integer,30010,4952950783791014608922,4,6253446240987537997855,5,13
large_integer,30011,4962174155827869384730,4,6290339729134957101087,5,15
large_integer,30012,4952950783791014608924,4,6253446240987537997857,5,13
large_integer,30013,4962174155827869384732,4,6290339729134957101089,5,15
large_integer,30014,4962174155827869384734,4,6262669613024392773667,5,13
large_integer,30015,4971397527864724160542,4,6299563101171811876899,5,15
large_integer,30016,3707795558815619874836,3,3790805907147312857108,3,13
large_integer,30017,4934504039717305057300,4,5017514388048998039572,4,13
large_integer,30018,4934504039717305057302,4,5017514388048998039574,4,13
large_integer,30019,4943727411754159833110,4,5026737760085852815382,4,13
large_integer,30020,3800029279184167632913,3,3827699395294731960340,3,15
large_integer,30021,4943727411754159833112,4,5054407876196417142804,4,15
large_integer,30022,4943727411754159833114,4,5054407876196417142806,4,15
large_integer,30023,4952950783791014608922,4,5063631248233271918614,4,15
large_integer,30024,4934504039717305057306,4,5017514388048998039578,4,13
large_integer,30025,4943727411754159833114,4,5026737760085852815386,4,13
large_integer,30026,4943727411754159833116,4,5026737760085852815388,4,13
large_integer,30027,4952950783791014608924,4,5035961132122707591196,4,13
large_integer,30028,4943727411754159833118,4,5054407876196417142810,4,15
large_integer,30029,4952950783791014608926,4,5063631248233271918618,4,15
large_integer,30030,4952950783791014608928,4,5063631248233271918620,4,15
large_integer,30031,4962174155827869384736,4,5072854620270126694428,4,15
large_integer,30032,2536427310135063347215,2,2536427310135063347215,2,11
large_integer,30033,3763135791036748529679,3,3864592883442151063573,3,17
large_integer,30034,3763135791036748529681,3,3763135791036748529681,3,11
large_integer,30035,3772359163073603305489,3,5091301364343836246039,4,17
large_integer,30036,3763135791036748529683,3,3864592883442151063573,3,17
large_integer,30037,2573320798282482450447,2,2573320798282482450447,2,13
large_integer,30038,3772359163073603305493,3,5091301364343836246039,4,17
large_integer,30039,3781582535110458081301,3,3800029279184167632913,3,13
large_integer,30040,3763135791036748529685,3,3763135791036748529685,3,11
large_integer,30041,3772359163073603305493,3,5091301364343836246043,4,17
large_integer,30042,3772359163073603305495,3,3772359163073603305495,3,11
large_integer,30043,3781582535110458081303,3,5100524736380691021853,4,17
large_integer,30044,3772359163073603305497,3,5091301364343836246043,4,17
large_integer,30045,3781582535110458081305,3,3800029279184167632917,3,13
large_integer,30046,3781582535110458081307,3,5100524736380691021853,4,17
large_integer,30047,3790805907147312857115,3,3809252651221022408727,3,13
large_integer,30048,3717018930852474650646,3,5017514388048998039575,4,13
large_integer,30049,4943727411754159833110,4,6244222868950683222039,5,13
large_integer,30050,4943727411754159833112,4,6244222868950683222041,5,13
large_integer,30051,4952950783791014608920,4,6253446240987537997849,5,13
large_integer,30052,4943727411754159833114,4,5054407876196417142807,4,15
large_integer,30053,4952950783791014608922,4,6281116357098102325271,5,15
large_integer,30054,4952950783791014608924,4,6281116357098102325273,5,15
large_integer,30055,4962174155827869384732,4,6290339729134957101081,5,15
large_integer,30056,4943727411754159833116,4,6244222868950683222045,5,13
large_integer,30057,4952950783791014608924,4,6253446240987537997853,5,13
large_integer,30058,4952950783791014608926,4,6253446240987537997855,5,13
large_integer,30059,4962174155827869384734,4,6262669613024392773663,5,13
large_integer,30060,4952950783791014608928,4,6281116357098102325277,5,15
large_integer,30061,4962174155827869384736,4,6290339729134957101085,5,15
large_integer,30062,4962174155827869384738,4,6290339729134957101087,5,15
large_integer,30063,4971397527864724160546,4,6299563101171811876895,5,15
large_integer,30064,3726242302889329426454,3,3763135791036748529682,3,11
large_integer,30065,4952950783791014608918,4,5091301364343836246040,4,17
large_integer,30066,4952950783791014608920,4,4989844271938433712148,4,11
large_integer,30067,4962174155827869384728,4,6318009845245521428506,5,17
large_integer,30068,4952950783791014608922,4,5091301364343836246040,4,17
large_integer,30069,3800029279184167632914,3,3800029279184167632914,3,13
large_integer,30070,4962174155827869384732,4,6318009845245521428506,5,17
large_integer,30071,4971397527864724160540,4,5026737760085852815380,4,13
large_integer,30072,4952950783791014608924,4,4989844271938433712152,4,11
large_integer,30073,4962174155827869384732,4,6318009845245521428510,5,17
large_integer,30074,4962174155827869384734,4,4999067643975288487962,4,11
large_integer,30075,4971397527864724160542,4,6327233217282376204320,5,17
large_integer,30076,4962174155827869384736,4,6318009845245521428510,5,17
large_integer,30077,4971397527864724160544,4,5026737760085852815384,4,13
large_integer,30078,4971397527864724160546,4,6327233217282376204320,5,17
large_integer,30079,4980620899901578936354,4,5035961132122707591194,4,13
large_integer,30080,3707795558815619874838,3,3726242302889329426453,3,9
large_integer,30081,4934504039717305057302,4,4952950783791014608917,4,9
large_integer,30082,4934504039717305057304,4,4952950783791014608919,4,9
large_integer,30083,4943727411754159833112,4,4962174155827869384727,4,9
large_integer,30084,4934504039717305057306,4,4952950783791014608921,4,9
large_integer,30085,4943727411754159833114,4,4962174155827869384729,4,9
large_integer,30086,4943727411754159833116,4,4962174155827869384731,4,9
large_integer,30087,4952950783791014608924,4,4971397527864724160539,4,9
large_integer,30088,4934504039717305057308,4,4952950783791014608923,4,9
large_integer,30089,4943727411754159833116,4,4962174155827869384731,4,9
large_integer,30090,4943727411754159833118,4,4962174155827869384733,4,9
large_integer,30091,4952950783791014608926,4,4971397527864724160541,4,9
large_integer,30092,4943727411754159833120,4,4962174155827869384735,4,9
large_integer,30093,4952950783791014608928,4,4971397527864724160543,4,9
large_integer,30094,4952950783791014608930,4,4971397527864724160545,4,9
large_integer,30095,4962174155827869384738,4,4980620899901578936353,4,9
large_integer,30096,3717018930852474650646,3,5017514388048998039579,4,13
large_integer,30097,4943727411754159833110,4,5054407876196417142811,4,15
large_integer,30098,4943727411754159833112,4,6244222868950683222045,5,13
large_integer,30099,4952950783791014608920,4,6281116357098102325277,5,15
large_integer,30100,4943727411754159833114,4,6244222868950683222047,5,13
large_integer,30101,4952950783791014608922,4,6281116357098102325279,5,15
large_integer,30102,4952950783791014608924,4,6253446240987537997857,5,13
large_integer,30103,4962174155827869384732,4,6290339729134957101089,5,15
large_integer,30104,4943727411754159833116,4,6244222868950683222049,5,13
large_integer,30105,4952950783791014608924,4,6281116357098102325281,5,15
large_integer,30106,4952950783791014608926,4,6253446240987537997859,5,13
large_integer,30107,4962174155827869384734,4,6290339729134957101091,5,15
large_integer,30108,4952950783791014608928,4,6253446240987537997861,5,13
large_integer,30109,4962174155827869384736,4,6290339729134957101093,5,15
large_integer,30110,4962174155827869384738,4,6262669613024392773671,5,13
large_integer,30111,4971397527864724160546,4,6299563101171811876903,5,15
large_integer,30112,3717018930852474650648,3,3735465674926184202263,3,9
large_integer,30113,4943727411754159833112,4,4962174155827869384727,4,9
large_integer,30114,4943727411754159833114,4,4962174155827869384729,4,9
large_integer,30115,4952950783791014608922,4,4971397527864724160537,4,9
large_integer,30116,4943727411754159833116,4,4962174155827869384731,4,9
large_integer,30117,4952950783791014608924,4,4971397527864724160539,4,9
large_integer,30118,4952950783791014608926,4,4971397527864724160541,4,9
large_integer,30119,4962174155827869384734,4,4980620899901578936349,4,9
large_integer,30120,4943727411754159833118,4,4962174155827869384733,4,9
large_integer,30121,4952950783791014608926,4,4971397527864724160541,4,9
large_integer,30122,4952950783791014608928,4,4971397527864724160543,4,9
large_integer,30123,4962174155827869384736,4,4980620899901578936351,4,9
large_integer,30124,4952950783791014608930,4,4971397527864724160545,4,9
large_integer,30125,4962174155827869384738,4,4980620899901578936353,4,9
large_integer,30126,4962174155827869384740,4,4980620899901578936355,4,9
large_integer,30127,4971397527864724160548,4,4989844271938433712163,4,9
large_integer,30128,3726242302889329426456,3,5026737760085852815389,4,13
large_integer,30129,4952950783791014608920,4,5063631248233271918621,4,15
large_integer,30130,4952950783791014608922,4,6253446240987537997855,5,13
large_integer,30131,4962174155827869384730,4,6290339729134957101087,5,15
large_integer,30132,4952950783791014608924,4,6253446240987537997857,5,13
large_integer,30133,4962174155827869384732,4,6290339729134957101089,5,15
large_integer,30134,4962174155827869384734,4,6262669613024392773667,5,13
large_integer,30135,4971397527864724160542,4,6299563101171811876899,5,15
large_integer,30136,4952950783791014608926,4,6253446240987537997859,5,13
large_integer,30137,4962174155827869384734,4,6290339729134957101091,5,15
large_integer,30138,4962174155827869384736,4,6262669613024392773669,5,13
large_integer,30139,4971397527864724160544,4,6299563101171811876901,5,15
large_integer,30140,4962174155827869384738,4,6262669613024392773671,5,13
large_integer,30141,4971397527864724160546,4,6299563101171811876903,5,15
large_integer,30142,4971397527864724160548,4,6271892985061247549481,5,13
large_integer,30143,4980620899901578936356,4,6308786473208666652713,5,15
large_integer,30144,3717018930852474650650,3,5017514388048998039579,4,13
large_integer,30145,4943727411754159833114,4,6244222868950683222043,5,13
large_integer,30146,4943727411754159833116,4,6244222868950683222045,5,13
large_integer,30147,4952950783791014608924,4,6253446240987537997853,5,13
large_integer,30148,4943727411754159833118,4,5054407876196417142811,4,15
large_integer,30149,4952950783791014608926,4,6281116357098102325275,5,15
large_integer,30150,4952950783791014608928,4,6281116357098102325277,5,15
large_integer,30151,4962174155827869384736,4,6290339729134957101085,5,15
large_integer,30152,4943727411754159833120,4,6244222868950683222049,5,13
large_integer,30153,4952950783791014608928,4,6253446240987537997857,5,13
large_integer,30154,4952950783791014608930,4,6253446240987537997859,5,13
large_integer,30155,4962174155827869384738,4,6262669613024392773667,5,13
large_integer,30156,4952950783791014608932,4,6281116357098102325281,5,15
large_integer,30157,4962174155827869384740,4,6290339729134957101089,5,15
large_integer,30158,4962174155827869384742,4,6290339729134957101091,5,15
large_integer,30159,4971397527864724160550,4,6299563101171811876899,5,15
large_integer,30160,3726242302889329426458,3,3763135791036748529686,3,11
large_integer,30161,4952950783791014608922,4,5091301364343836246044,4,17
large_integer,30162,4952950783791014608924,4,4989844271938433712152,4,11
large_integer,30163,4962174155827869384732,4,6318009845245521428510,5,17
large_integer,30164,4952950783791014608926,4,5091301364343836246044,4,17
large_integer,30165,3800029279184167632918,3,3800029279184167632918,3,13
large_integer,30166,4962174155827869384736,4,6318009845245521428510,5,17
large_integer,30167,4971397527864724160544,4,5026737760085852815384,4,13
large_integer,30168,4952950783791014608928,4,4989844271938433712156,4,11
large_integer,30169,4962174155827869384736,4,6318009845245521428514,5,17
large_integer,30170,4962174155827869384738,4,4999067643975288487966,4,11
large_integer,30171,4971397527864724160546,4,6327233217282376204324,5,17
large_integer,30172,4962174155827869384740,4,6318009845245521428514,5,17
large_integer,30173,4971397527864724160548,4,5026737760085852815388,4,13
large_integer,30174,4971397527864724160550,4,6327233217282376204324,5,17
large_integer,30175,4980620899901578936358,4,5035961132122707591198,4,13
large_integer,30176,3726242302889329426460,3,5026737760085852815389,4,13
large_integer,30177,4952950783791014608924,4,6253446240987537997853,5,13
large_integer,30178,4952950783791014608926,4,6253446240987537997855,5,13
large_integer,30179,4962174155827869384734,4,6262669613024392773663,5,13
large_integer,30180,4952950783791014608928,4,5063631248233271918621,4,15
large_integer,30181,4962174155827869384736,4,6290339729134957101085,5,15
large_integer,30182,4962174155827869384738,4,6290339729134957101087,5,15
large_integer,30183,4971397527864724160546,4,6299563101171811876895,5,15
large_integer,30184,4952950783791014608930,4,6253446240987537997859,5,13
large_integer,30185,4962174155827869384738,4,6262669613024392773667,5,13
large_integer,30186,4962174155827869384740,4,6262669613024392773669,5,13
large_integer,30187,4971397527864724160548,4,6271892985061247549477,5,13
large_integer,30188,4962174155827869384742,4,6290339729134957101091,5,15
large_integer,30189,4971397527864724160550,4,6299563101171811876899,5,15
large_integer,30190,4971397527864724160552,4,6299563101171811876901,5,15
large_integer,30191,4980620899901578936360,4,6308786473208666652709,5,15
large_integer,30192,3735465674926184202268,3,3772359163073603305496,3,11
large_integer,30193,4962174155827869384732,4,5100524736380691021854,4,17
large_integer,30194,4962174155827869384734,4,4999067643975288487962,4,11
large_integer,30195,4971397527864724160542,4,6327233217282376204320,5,17
large_integer,30196,4962174155827869384736,4,5100524736380691021854,4,17
large_integer,30197,3809252651221022408728,3,3809252651221022408728,3,13
large_integer,30198,4971397527864724160546,4,6327233217282376204320,5,17
large_integer,30199,4980620899901578936354,4,5035961132122707591194,4,13
large_integer,30200,4962174155827869384738,4,4999067643975288487966,4,11
large_integer,30201,4971397527864724160546,4,6327233217282376204324,5,17
large_integer,30202,4971397527864724160548,4,5008291016012143263776,4,11
large_integer,30203,4980620899901578936356,4,6336456589319230980134,5,17
large_integer,30204,4971397527864724160550,4,6327233217282376204324,5,17
large_integer,30205,4980620899901578936358,4,5035961132122707591198,4,13
large_integer,30206,4980620899901578936360,4,6336456589319230980134,5,17
large_integer,30207,4989844271938433712168,4,5045184504159562367008,4,13
large_integer,30208,2481087077913934692369,2,2499533821987644243982,2,9
large_integer,30209,3707795558815619874833,3,3726242302889329426446,3,9
large_integer,30210,3707795558815619874835,3,3726242302889329426448,3,9
large_integer,30211,3717018930852474650643,3,3735465674926184202256,3,9
large_integer,30212,3707795558815619874837,3,3726242302889329426450,3,9
large_integer,30213,3717018930852474650645,3,3735465674926184202258,3,9
large_integer,30214,3717018930852474650647,3,3735465674926184202260,3,9
large_integer,30215,3726242302889329426455,3,3744689046963038978068,3,9
large_integer,30216,3707795558815619874839,3,3726242302889329426452,3,9
large_integer,30217,3717018930852474650647,3,3735465674926184202260,3,9
large_integer,30218,3717018930852474650649,3,3735465674926184202262,3,9
large_integer,30219,3726242302889329426457,3,3744689046963038978070,3,9
large_integer,30220,3717018930852474650651,3,3735465674926184202264,3,9
large_integer,30221,3726242302889329426459,3,3744689046963038978072,3,9
large_integer,30222,3726242302889329426461,3,3744689046963038978074,3,9
large_integer,30223,3735465674926184202269,3,3753912418999893753882,3,9
large_integer,30224,3707795558815619874834,3,3726242302889329426447,3,9
large_integer,30225,4934504039717305057298,4,4952950783791014608911,4,9
large_integer,30226,4934504039717305057300,4,4952950783791014608913,4,9
large_integer,30227,4943727411754159833108,4,4962174155827869384721,4,9
large_integer,30228,4934504039717305057302,4,4952950783791014608915,4,9
large_integer,30229,4943727411754159833110,4,4962174155827869384723,4,9
large_integer,30230,4943727411754159833112,4,4962174155827869384725,4,9
large_integer,30231,4952950783791014608920,4,4971397527864724160533,4,9
large_integer,30232,4934504039717305057304,4,4952950783791014608917,4,9
large_integer,30233,4943727411754159833112,4,4962174155827869384725,4,9
large_integer,30234,4943727411754159833114,4,4962174155827869384727,4,9
large_integer,30235,4952950783791014608922,4,4971397527864724160535,4,9
large_integer,30236,4943727411754159833116,4,4962174155827869384729,4,9
large_integer,30237,4952950783791014608924,4,4971397527864724160537,4,9
large_integer,30238,4952950783791014608926,4,4971397527864724160539,4,9
large_integer,30239,4962174155827869384734,4,4980620899901578936347,4,9
large_integer,30240,3707795558815619874836,3,3790805907147312857108,3,13
large_integer,30241,4934504039717305057300,4,5017514388048998039572,4,13
large_integer,30242,3800029279184167632917,3,3827699395294731960340,3,15
large_integer,30243,4943727411754159833110,4,5054407876196417142804,4,15
large_integer,30244,4934504039717305057304,4,5017514388048998039576,4,13
large_integer,30245,4943727411754159833112,4,5026737760085852815384,4,13
large_integer,30246,4943727411754159833114,4,5054407876196417142808,4,15
large_integer,30247,4952950783791014608922,4,5063631248233271918616,4,15
large_integer,30248,4934504039717305057306,4,5017514388048998039578,4,13
large_integer,30249,4943727411754159833114,4,5026737760085852815386,4,13
large_integer,30250,4943727411754159833116,4,5054407876196417142810,4,15
large_integer,30251,4952950783791014608924,4,5063631248233271918618,4,15
large_integer,30252,4943727411754159833118,4,5026737760085852815390,4,13
large_integer,30253,4952950783791014608926,4,5035961132122707591198,4,13
large_integer,30254,4952950783791014608928,4,5063631248233271918622,4,15
large_integer,30255,4962174155827869384736,4,5072854620270126694430,4,15
large_integer,30256,3717018930852474650644,3,5017514388048998039573,4,13
large_integer,30257,4943727411754159833108,4,6244222868950683222037,5,13
large_integer,30258,4943727411754159833110,4,5054407876196417142805,4,15
large_integer,30259,4952950783791014608918,4,6281116357098102325269,5,15
large_integer,30260,4943727411754159833112,4,6244222868950683222041,5,13
large_integer,30261,4952950783791014608920,4,6253446240987537997849,5,13
large_integer,30262,4952950783791014608922,4,6281116357098102325273,5,15
large_integer,30263,4962174155827869384730,4,6290339729134957101081,5,15
large_integer,30264,4943727411754159833114,4,6244222868950683222043,5,13
large_integer,30265,4952950783791014608922,4,6253446240987537997851,5,13
large_integer,30266,4952950783791014608924,4,6281116357098102325275,5,15
large_integer,30267,4962174155827869384732,4,6290339729134957101083,5,15
large_integer,30268,4952950783791014608926,4,6253446240987537997855,5,13
large_integer,30269,4962174155827869384734,4,6262669613024392773663,5,13
large_integer,30270,4962174155827869384736,4,6290339729134957101087,5,15
large_integer,30271,4971397527864724160544,4,6299563101171811876895,5,15
large_integer,30272,3707795558815619874838,3,3790805907147312857108,3,13
large_integer,30273,4934504039717305057302,4,5017514388048998039572,4,13
large_integer,30274,4934504039717305057304,4,5017514388048998039574,4,13
large_integer,30275,4943727411754159833112,4,5026737760085852815382,4,13
large_integer,30276,3800029279184167632915,3,3827699395294731960340,3,15
large_integer,30277,4943727411754159833114,4,5054407876196417142804,4,15
large_integer,30278,4943727411754159833116,4,5054407876196417142806,4,15
large_integer,30279,4952950783791014608924,4,5063631248233271918614,4,15
large_integer,30280,4934504039717305057308,4,5017514388048998039578,4,13
large_integer,30281,4943727411754159833116,4,5026737760085852815386,4,13
large_integer,30282,4943727411754159833118,4,5026737760085852815388,4,13
large_integer,30283,4952950783791014608926,4,5035961132122707591196,4,13
large_integer,30284,4943727411754159833120,4,5054407876196417142810,4,15
large_integer,30285,4952950783791014608928,4,5063631248233271918618,4,15
large_integer,30286,4952950783791014608930,4,5063631248233271918620,4,15
large_integer,30287,4962174155827869384738,4,5072854620270126694428,4,15
large_integer,30288,3717018930852474650646,3,5017514388048998039573,4,13
large_integer,30289,4943727411754159833110,4,6244222868950683222037,5,13
large_integer,30290,4943727411754159833112,4,6244222868950683222039,5,13
large_integer,30291,4952950783791014608920,4,6253446240987537997847,5,13
large_integer,30292,4943727411754159833114,4,5054407876196417142805,4,15
large_integer,30293,4952950783791014608922,4,6281116357098102325269,5,15
large_integer,30294,4952950783791014608924,4,6281116357098102325271,5,15
large_integer,30295,4962174155827869384732,4,6290339729134957101079,5,15
large_integer,30296,4943727411754159833116,4,6244222868950683222043,5,13
large_integer,30297,4952950783791014608924,4,6253446240987537997851,5,13
large_integer,30298,4952950783791014608926,4,6253446240987537997853,5,13
large_integer,30299,4962174155827869384734,4,6262669613024392773661,5,13
large_integer,30300,4952950783791014608928,4,6281116357098102325275,5,15
large_integer,30301,4962174155827869384736,4,6290339729134957101083,5,15
large_integer,30302,4962174155827869384738,4,6290339729134957101085,5,15
large_integer,30303,4971397527864724160546,4,6299563101171811876893,5,15
large_integer,30304,2536427310135063347215,2,2536427310135063347215,2,11
large_integer,30305,3763135791036748529679,3,3763135791036748529679,3,11
large_integer,30306,3763135791036748529681,3,3864592883442151063573,3,17
large_integer,30307,3772359163073603305489,3,5091301364343836246037,4,17
large_integer,30308,3763135791036748529683,3,3864592883442151063573,3,17
large_integer,30309,3772359163073603305491,3,5091301364343836246037,4,17
large_integer,30310,2573320798282482450447,2,2573320798282482450447,2,13
large_integer,30311,3781582535110458081301,3,3800029279184167632911,3,13
large_integer,30312,3763135791036748529685,3,3763135791036748529685,3,11
large_integer,30313,3772359163073603305493,3,3772359163073603305493,3,11
large_integer,30314,3772359163073603305495,3,5091301364343836246043,4,17
large_integer,30315,3781582535110458081303,3,5100524736380691021851,4,17
large_integer,30316,3772359163073603305497,3,5091301364343836246043,4,17
large_integer,30317,3781582535110458081305,3,5100524736380691021851,4,17
large_integer,30318,3781582535110458081307,3,3800029279184167632917,3,13
large_integer,30319,3790805907147312857115,3,3809252651221022408725,3,13
large_integer,30320,3726242302889329426456,3,3763135791036748529680,3,11
large_integer,30321,4952950783791014608920,4,4989844271938433712144,4,11
large_integer,30322,4952950783791014608922,4,5091301364343836246038,4,17
large_integer,30323,4962174155827869384730,4,6318009845245521428502,5,17
large_integer,30324,4952950783791014608924,4,5091301364343836246038,4,17
large_integer,30325,4962174155827869384732,4,6318009845245521428502,5,17
large_integer,30326,3800029279184167632912,3,3800029279184167632912,3,13
large_integer,30327,4971397527864724160542,4,5026737760085852815376,4,13
large_integer,30328,4952950783791014608926,4,4989844271938433712150,4,11
large_integer,30329,4962174155827869384734,4,4999067643975288487958,4,11
large_integer,30330,4962174155827869384736,4,6318009845245521428508,5,17
large_integer,30331,4971397527864724160544,4,6327233217282376204316,5,17
large_integer,30332,4962174155827869384738,4,6318009845245521428508,5,17
large_integer,30333,4971397527864724160546,4,6327233217282376204316,5,17
large_integer,30334,4971397527864724160548,4,5026737760085852815382,4,13
large_integer,30335,4980620899901578936356,4,5035961132122707591190,4,13
large_integer,30336,3707795558815619874840,3,3726242302889329426453,3,9
large_integer,30337,4934504039717305057304,4,4952950783791014608917,4,9
large_integer,30338,4934504039717305057306,4,4952950783791014608919,4,9
large_integer,30339,4943727411754159833114,4,4962174155827869384727,4,9
large_integer,30340,4934504039717305057308,4,4952950783791014608921,4,9
large_integer,30341,4943727411754159833116,4,4962174155827869384729,4,9
large_integer,30342,4943727411754159833118,4,4962174155827869384731,4,9
large_integer,30343,4952950783791014608926,4,4971397527864724160539,4,9
large_integer,30344,4934504039717305057310,4,4952950783791014608923,4,9
large_integer,30345,4943727411754159833118,4,4962174155827869384731,4,9
large_integer,30346,4943727411754159833120,4,4962174155827869384733,4,9
large_integer,30347,4952950783791014608928,4,4971397527864724160541,4,9
large_integer,30348,4943727411754159833122,4,4962174155827869384735,4,9
large_integer,30349,4952950783791014608930,4,4971397527864724160543,4,9
large_integer,30350,4952950783791014608932,4,4971397527864724160545,4,9
large_integer,30351,4962174155827869384740,4,4980620899901578936353,4,9
large_integer,30352,3717018930852474650648,3,3735465674926184202261,3,9
large_integer,30353,4943727411754159833112,4,4962174155827869384725,4,9
large_integer,30354,4943727411754159833114,4,4962174155827869384727,4,9
large_integer,30355,4952950783791014608922,4,4971397527864724160535,4,9
large_integer,30356,4943727411754159833116,4,4962174155827869384729,4,9
large_integer,30357,4952950783791014608924,4,4971397527864724160537,4,9
large_integer,30358,4952950783791014608926,4,4971397527864724160539,4,9
large_integer,30359,4962174155827869384734,4,4980620899901578936347,4,9
large_integer,30360,4943727411754159833118,4,4962174155827869384731,4,9
large_integer,30361,4952950783791014608926,4,4971397527864724160539,4,9
large_integer,30362,4952950783791014608928,4,4971397527864724160541,4,9
large_integer,30363,4962174155827869384736,4,4980620899901578936349,4,9
large_integer,30364,4952950783791014608930,4,4971397527864724160543,4,9
large_integer,30365,4962174155827869384738,4,4980620899901578936351,4,9
large_integer,30366,4962174155827869384740,4,4980620899901578936353,4,9
large_integer,30367,4971397527864724160548,4,4989844271938433712161,4,9
large_integer,30368,3717018930852474650650,3,5017514388048998039579,4,13
large_integer,30369,4943727411754159833114,4,6244222868950683222043,5,13
large_integer,30370,4943727411754159833116,4,5054407876196417142811,4,15
large_integer,30371,4952950783791014608924,4,6281116357098102325275,5,15
large_integer,30372,4943727411754159833118,4,6244222868950683222047,5,13
large_integer,30373,4952950783791014608926,4,6253446240987537997855,5,13
large_integer,30374,4952950783791014608928,4,6281116357098102325279,5,15
large_integer,30375,4962174155827869384736,4,6290339729134957101087,5,15
large_integer,30376,4943727411754159833120,4,6244222868950683222049,5,13
large_integer,30377,4952950783791014608928,4,6253446240987537997857,5,13
large_integer,30378,4952950783791014608930,4,6281116357098102325281,5,15
large_integer,30379,4962174155827869384738,4,6290339729134957101089,5,15
large_integer,30380,4952950783791014608932,4,6253446240987537997861,5,13
large_integer,30381,4962174155827869384740,4,6262669613024392773669,5,13
large_integer,30382,4962174155827869384742,4,6290339729134957101093,5,15
large_integer,30383,4971397527864724160550,4,6299563101171811876901,5,15
large_integer,30384,3726242302889329426458,3,5026737760085852815387,4,13
large_integer,30385,4952950783791014608922,4,6253446240987537997851,5,13
large_integer,30386,4952950783791014608924,4,5063631248233271918619,4,15
large_integer,30387,4962174155827869384732,4,6290339729134957101083,5,15
large_integer,30388,4952950783791014608926,4,6253446240987537997855,5,13
large_integer,30389,4962174155827869384734,4,6262669613024392773663,5,13
large_integer,30390,4962174155827869384736,4,6290339729134957101087,5,15
large_integer,30391,4971397527864724160544,4,6299563101171811876895,5,15
large_integer,30392,4952950783791014608928,4,6253446240987537997857,5,13
large_integer,30393,4962174155827869384736,4,6262669613024392773665,5,13
large_integer,30394,4962174155827869384738,4,6290339729134957101089,5,15
large_integer,30395,4971397527864724160546,4,6299563101171811876897,5,15
large_integer,30396,4962174155827869384740,4,6262669613024392773669,5,13
large_integer,30397,4971397527864724160548,4,6271892985061247549477,5,13
large_integer,30398,4971397527864724160550,4,6299563101171811876901,5,15
large_integer,30399,4980620899901578936358,4,6308786473208666652709,5,15
large_integer,30400,3717018930852474650652,3,5017514388048998039579,4,13
large_integer,30401,4943727411754159833116,4,6244222868950683222043,5,13
large_integer,30402,4943727411754159833118,4,6244222868950683222045,5,13
large_integer,30403,4952950783791014608926,4,6253446240987537997853,5,13
large_integer,30404,4943727411754159833120,4,5054407876196417142811,4,15
large_integer,30405,4952950783791014608928,4,6281116357098102325275,5,15
large_integer,30406,4952950783791014608930,4,6281116357098102325277,5,15
large_integer,30407,4962174155827869384738,4,6290339729134957101085,5,15
large_integer,30408,4943727411754159833122,4,6244222868950683222049,5,13
large_integer,30409,4952950783791014608930,4,6253446240987537997857,5,13
large_integer,30410,4952950783791014608932,4,6253446240987537997859,5,13
large_integer,30411,4962174155827869384740,4,6262669613024392773667,5,13
large_integer,30412,4952950783791014608934,4,6281116357098102325281,5,15
large_integer,30413,4962174155827869384742,4,6290339729134957101089,5,15
large_integer,30414,4962174155827869384744,4,6290339729134957101091,5,15
large_integer,30415,4971397527864724160552,4,6299563101171811876899,5,15
large_integer,30416,3726242302889329426460,3,5026737760085852815387,4,13
large_integer,30417,4952950783791014608924,4,6253446240987537997851,5,13
large_integer,30418,4952950783791014608926,4,6253446240987537997853,5,13
large_integer,30419,4962174155827869384734,4,6262669613024392773661,5,13
large_integer,30420,4952950783791014608928,4,5063631248233271918619,4,15
large_integer,30421,4962174155827869384736,4,6290339729134957101083,5,15
large_integer,30422,4962174155827869384738,4,6290339729134957101085,5,15
large_integer,30423,4971397527864724160546,4,6299563101171811876893,5,15
large_integer,30424,4952950783791014608930,4,6253446240987537997857,5,13
large_integer,30425,4962174155827869384738,4,6262669613024392773665,5,13
large_integer,30426,4962174155827869384740,4,6262669613024392773667,5,13
large_integer,30427,4971397527864724160548,4,6271892985061247549475,5,13
large_integer,30428,4962174155827869384742,4,6290339729134957101089,5,15
large_integer,30429,4971397527864724160550,4,6299563101171811876897,5,15
large_integer,30430,4971397527864724160552,4,6299563101171811876899,5,15
large_integer,30431,4980620899901578936360,4,6308786473208666652707,5,15
large_integer,30432,3726242302889329426462,3,3763135791036748529686,3,11
large_integer,30433,4952950783791014608926,4,4989844271938433712150,4,11
large_integer,30434,4952950783791014608928,4,5091301364343836246044,4,17
large_integer,30435,4962174155827869384736,4,6318009845245521428508,5,17
large_integer,30436,4952950783791014608930,4,5091301364343836246044,4,17
large_integer,30437,4962174155827869384738,4,6318009845245521428508,5,17
large_integer,30438,3800029279184167632918,3,3800029279184167632918,3,13
large_integer,30439,4971397527864724160548,4,5026737760085852815382,4,13
large_integer,30440,4952950783791014608932,4,4989844271938433712156,4,11
large_integer,30441,4962174155827869384740,4,4999067643975288487964,4,11
large_integer,30442,4962174155827869384742,4,6318009845245521428514,5,17
large_integer,30443,4971397527864724160550,4,6327233217282376204322,5,17
large_integer,30444,4962174155827869384744,4,6318009845245521428514,5,17
large_integer,30445,4971397527864724160552,4,6327233217282376204322,5,17
large_integer,30446,4971397527864724160554,4,5026737760085852815388,4,13
large_integer,30447,4980620899901578936362,4,5035961132122707591196,4,13
large_integer,30448,3735465674926184202270,3,3772359163073603305494,3,11
large_integer,30449,4962174155827869384734,4,4999067643975288487958,4,11
large_integer,30450,4962174155827869384736,4,5100524736380691021852,4,17
large_integer,30451,4971397527864724160544,4,6327233217282376204316,5,17
large_integer,30452,4962174155827869384738,4,5100524736380691021852,4,17
large_integer,30453,4971397527864724160546,4,6327233217282376204316,5,17
large_integer,30454,3809252651221022408726,3,3809252651221022408726,3,13
large_integer,30455,4980620899901578936356,4,5035961132122707591190,4,13
large_integer,30456,4962174155827869384740,4,4999067643975288487964,4,11
large_integer,30457,4971397527864724160548,4,5008291016012143263772,4,11
large_integer,30458,4971397527864724160550,4,6327233217282376204322,5,17
large_integer,30459,4980620899901578936358,4,6336456589319230980130,5,17
large_integer,30460,4971397527864724160552,4,6327233217282376204322,5,17
large_integer,30461,4980620899901578936360,4,6336456589319230980130,5,17
large_integer,30462,4980620899901578936362,4,5035961132122707591196,4,13
large_integer,30463,4989844271938433712170,4,5045184504159562367004,4,13
large_integer,30464,1282048713122813837323,1,1282048713122813837323,1,9
large_integer,30465,2508757194024499019787,2,2508757194024499019787,2,9
large_integer,30466,2508757194024499019789,2,2508757194024499019789,2,9
large_integer,30467,2517980566061353795597,2,2517980566061353795597,2,9
large_integer,30468,2508757194024499019791,2,2508757194024499019791,2,9
large_integer,30469,2517980566061353795599,2,2517980566061353795599,2,9
large_integer,30470,2517980566061353795601,2,2517980566061353795601,2,9
large_integer,30471,2527203938098208571409,2,2527203938098208571409,2,9
large_integer,30472,2508757194024499019793,2,2508757194024499019793,2,9
large_integer,30473,2517980566061353795601,2,2517980566061353795601,2,9
large_integer,30474,2517980566061353795603,2,2517980566061353795603,2,9
large_integer,30475,2527203938098208571411,2,2527203938098208571411,2,9
large_integer,30476,2517980566061353795605,2,2517980566061353795605,2,9
large_integer,30477,2527203938098208571413,2,2527203938098208571413,2,9
large_integer,30478,2527203938098208571415,2,2527203938098208571415,2,9
large_integer,30479,2536427310135063347223,2,2536427310135063347223,2,9
large_integer,30480,2508757194024499019788,2,2573320798282482450449,2,13
large_integer,30481,2610214286429901553681,2,2610214286429901553681,2,15
large_integer,30482,3735465674926184202254,3,3800029279184167632915,3,13
large_integer,30483,3744689046963038978062,3,3836922767331586736147,3,15
large_integer,30484,3735465674926184202256,3,3800029279184167632917,3,13
large_integer,30485,3744689046963038978064,3,3836922767331586736149,3,15
large_integer,30486,3744689046963038978066,3,3809252651221022408727,3,13
large_integer,30487,3753912418999893753874,3,3846146139368441511959,3,15
large_integer,30488,3735465674926184202258,3,3800029279184167632919,3,13
large_integer,30489,3744689046963038978066,3,3836922767331586736151,3,15
large_integer,30490,3744689046963038978068,3,3809252651221022408729,3,13
large_integer,30491,3753912418999893753876,3,3846146139368441511961,3,15
large_integer,30492,3744689046963038978070,3,3809252651221022408731,3,13
large_integer,30493,3753912418999893753878,3,3846146139368441511963,3,15
large_integer,30494,3753912418999893753880,3,3818476023257877184541,3,13
large_integer,30495,3763135791036748529688,3,3855369511405296287773,3,15
large_integer,30496,2508757194024499019790,2,2573320798282482450449,2,13
large_integer,30497,3735465674926184202254,3,3800029279184167632913,3,13
large_integer,30498,2610214286429901553681,2,2610214286429901553681,2,15
large_integer,30499,3744689046963038978064,3,3836922767331586736145,3,15
large_integer,30500,3735465674926184202258,3,3800029279184167632917,3,13
large_integer,30501,3744689046963038978066,3,3809252651221022408725,3,13
large_integer,30502,3744689046963038978068,3,3836922767331586736149,3,15
large_integer,30503,3753912418999893753876,3,3846146139368441511957,3,15
large_integer,30504,3735465674926184202260,3,3800029279184167632919,3,13
large_integer,30505,3744689046963038978068,3,3809252651221022408727,3,13
large_integer,30506,3744689046963038978070,3,3836922767331586736151,3,15
large_integer,30507,3753912418999893753878,3,3846146139368441511959,3,15
large_integer,30508,3744689046963038978072,3,3809252651221022408731,3,13
large_integer,30509,3753912418999893753880,3,3818476023257877184539,3,13
large_integer,30510,3753912418999893753882,3,3846146139368441511963,3,15
large_integer,30511,3763135791036748529690,3,3855369511405296287771,3,15
large_integer,30512,2517980566061353795598,2,2573320798282482450449,2,13
large_integer,30513,3744689046963038978062,3,3901486371589570166807,3,19
large_integer,30514,3744689046963038978064,3,3901486371589570166807,3,19
large_integer,30515,2610214286429901553681,2,2610214286429901553681,2,15
large_integer,30516,3744689046963038978066,3,3800029279184167632917,3,13
large_integer,30517,3753912418999893753874,3,5128194852491255349275,4,19
large_integer,30518,3753912418999893753876,3,5128194852491255349275,4,19
large_integer,30519,3763135791036748529684,3,3836922767331586736149,3,15
large_integer,30520,3744689046963038978068,3,3800029279184167632919,3,13
large_integer,30521,3753912418999893753876,3,5128194852491255349277,4,19
large_integer,30522,3753912418999893753878,3,5128194852491255349277,4,19
large_integer,30523,3763135791036748529686,3,3836922767331586736151,3,15
large_integer,30524,3753912418999893753880,3,3809252651221022408731,3,13
large_integer,30525,3763135791036748529688,3,5137418224528110125089,4,19
large_integer,30526,3763135791036748529690,3,5137418224528110125089,4,19
large_integer,30527,3772359163073603305498,3,3846146139368441511963,3,15
large_integer,30528,2508757194024499019792,2,2573320798282482450449,2,13
large_integer,30529,3735465674926184202256,3,3800029279184167632913,3,13
large_integer,30530,3735465674926184202258,3,3800029279184167632915,3,13
large_integer,30531,3744689046963038978066,3,3809252651221022408723,3,13
large_integer,30532,2610214286429901553681,2,2610214286429901553681,2,15
large_integer,30533,3744689046963038978068,3,3836922767331586736145,3,15
large_integer,30534,3744689046963038978070,3,3836922767331586736147,3,15
large_integer,30535,3753912418999893753878,3,3846146139368441511955,3,15
large_integer,30536,3735465674926184202262,3,3800029279184167632919,3,13
large_integer,30537,3744689046963038978070,3,3809252651221022408727,3,13
large_integer,30538,3744689046963038978072,3,3809252651221022408729,3,13
large_integer,30539,3753912418999893753880,3,3818476023257877184537,3,13
large_integer,30540,3744689046963038978074,3,3836922767331586736151,3,15
large_integer,30541,3753912418999893753882,3,3846146139368441511959,3,15
large_integer,30542,3753912418999893753884,3,3846146139368441511961,3,15
large_integer,30543,3763135791036748529692,3,3855369511405296287769,3,15
large_integer,30544,2517980566061353795600,2,2573320798282482450449,2,13
large_integer,30545,3744689046963038978064,3,3901486371589570166807,3,19
large_integer,30546,3744689046963038978066,3,3800029279184167632915,3,13
large_integer,30547,3753912418999893753874,3,5128194852491255349273,4,19
large_integer,30548,3744689046963038978068,3,3901486371589570166807,3,19
large_integer,30549,2610214286429901553681,2,2610214286429901553681,2,15
large_integer,30550,3753912418999893753878,3,5128194852491255349273,4,19
large_integer,30551,3763135791036748529686,3,3836922767331586736147,3,15
large_integer,30552,3744689046963038978070,3,3800029279184167632919,3,13
large_integer,30553,3753912418999893753878,3,5128194852491255349277,4,19
large_integer,30554,3753912418999893753880,3,3809252651221022408729,3,13
large_integer,30555,3763135791036748529688,3,5137418224528110125087,4,19
large_integer,30556,3753912418999893753882,3,5128194852491255349277,4,19
large_integer,30557,3763135791036748529690,3,3836922767331586736151,3,15
large_integer,30558,3763135791036748529692,3,5137418224528110125087,4,19
large_integer,30559,3772359163073603305500,3,3846146139368441511961,3,15
large_integer,30560,2517980566061353795602,2,2573320798282482450449,2,13
large_integer,30561,3744689046963038978066,3,3800029279184167632913,3,13
large_integer,30562,3744689046963038978068,3,3901486371589570166807,3,19
large_integer,30563,3753912418999893753876,3,5128194852491255349271,4,19
large_integer,30564,3744689046963038978070,3,3901486371589570166807,3,19
large_integer,30565,3753912418999893753878,3,5128194852491255349271,4,19
large_integer,30566,2610214286429901553681,2,2610214286429901553681,2,15
large_integer,30567,3763135791036748529688,3,3836922767331586736145,3,15
large_integer,30568,3744689046963038978072,3,3800029279184167632919,3,13
large_integer,30569,3753912418999893753880,3,3809252651221022408727,3,13
large_integer,30570,3753912418999893753882,3,5128194852491255349277,4,19
large_integer,30571,3763135791036748529690,3,5137418224528110125085,4,19
large_integer,30572,3753912418999893753884,3,5128194852491255349277,4,19
large_integer,30573,3763135791036748529692,3,5137418224528110125085,4,19
large_integer,30574,3763135791036748529694,3,3836922767331586736151,3,15
large_integer,30575,3772359163073603305502,3,3846146139368441511959,3,15
large_integer,30576,1318942201270232940556,1,1318942201270232940556,1,11
large_integer,30577,2545650682171918123020,2,2647107774577320656914,2,17
large_integer,30578,2545650682171918123022,2,2647107774577320656914,2,17
large_integer,30579,2554874054208772898830,2,2647107774577320656914,2,17
large_integer,30580,2545650682171918123024,2,2647107774577320656914,2,17
large_integer,30581,2554874054208772898832,2,2647107774577320656914,2,17
large_integer,30582,2554874054208772898834,2,2647107774577320656914,2,17
large_integer,30583,1355835689417652043788,1,1355835689417652043788,1,13
large_integer,30584,2545650682171918123026,2,2545650682171918123026,2,11
large_integer,30585,2554874054208772898834,2,3873816255479005839384,3,17
large_integer,30586,2554874054208772898836,2,3873816255479005839384,3,17
large_integer,30587,2564097426245627674644,2,3873816255479005839384,3,17
large_integer,30588,2554874054208772898838,2,3873816255479005839384,3,17
large_integer,30589,2564097426245627674646,2,3873816255479005839384,3,17
large_integer,30590,2564097426245627674648,2,3873816255479005839384,3,17
large_integer,30591,2573320798282482450456,2,2582544170319337226258,2,13
large_integer,30592,2508757194024499019794,2,2508757194024499019794,2,9
large_integer,30593,3735465674926184202258,3,3735465674926184202258,3,9
large_integer,30594,3735465674926184202260,3,3735465674926184202260,3,9
large_integer,30595,3744689046963038978068,3,3744689046963038978068,3,9
large_integer,30596,3735465674926184202262,3,3735465674926184202262,3,9
large_integer,30597,3744689046963038978070,3,3744689046963038978070,3,9
large_integer,30598,3744689046963038978072,3,3744689046963038978072,3,9
large_integer,30599,3753912418999893753880,3,3753912418999893753880,3,9
large_integer,30600,3735465674926184202264,3,3735465674926184202264,3,9
large_integer,30601,3744689046963038978072,3,3744689046963038978072,3,9
large_integer,30602,3744689046963038978074,3,3744689046963038978074,3,9
large_integer,30603,3753912418999893753882,3,3753912418999893753882,3,9
large_integer,30604,3744689046963038978076,3,3744689046963038978076,3,9
large_integer,30605,3753912418999893753884,3,3753912418999893753884,3,9
large_integer,30606,3753912418999893753886,3,3753912418999893753886,3,9
large_integer,30607,3763135791036748529694,3,3763135791036748529694,3,9
large_integer,30608,2517980566061353795602,2,3800029279184167632920,3,13
large_integer,30609,3744689046963038978066,3,3836922767331586736152,3,15
large_integer,30610,3744689046963038978068,3,5026737760085852815386,4,13
large_integer,30611,3753912418999893753876,3,5063631248233271918618,4,15
large_integer,30612,3744689046963038978070,3,5026737760085852815388,4,13
large_integer,30613,3753912418999893753878,3,5063631248233271918620,4,15
large_integer,30614,3753912418999893753880,3,5035961132122707591198,4,13
large_integer,30615,3763135791036748529688,3,5072854620270126694430,4,15
large_integer,30616,3744689046963038978072,3,5026737760085852815390,4,13
large_integer,30617,3753912418999893753880,3,5063631248233271918622,4,15
large_integer,30618,3753912418999893753882,3,5035961132122707591200,4,13
large_integer,30619,3763135791036748529690,3,5072854620270126694432,4,15
large_integer,30620,3753912418999893753884,3,5035961132122707591202,4,13
large_integer,30621,3763135791036748529692,3,5072854620270126694434,4,15
large_integer,30622,3763135791036748529694,3,5045184504159562367012,4,13
large_integer,30623,3772359163073603305502,3,5082077992306981470244,4,15
large_integer,30624,2517980566061353795604,2,3800029279184167632920,3,13
large_integer,30625,3744689046963038978068,3,5026737760085852815384,4,13
large_integer,30626,3744689046963038978070,3,3836922767331586736152,3,15
large_integer,30627,3753912418999893753878,3,5063631248233271918616,4,15
large_integer,30628,3744689046963038978072,3,5026737760085852815388,4,13
large_integer,30629,3753912418999893753880,3,5035961132122707591196,4,13
large_integer,30630,3753912418999893753882,3,5063631248233271918620,4,15
large_integer,30631,3763135791036748529690,3,5072854620270126694428,4,15
large_integer,30632,3744689046963038978074,3,5026737760085852815390,4,13
large_integer,30633,3753912418999893753882,3,5035961132122707591198,4,13
large_integer,30634,3753912418999893753884,3,5063631248233271918622,4,15
large_integer,30635,3763135791036748529692,3,5072854620270126694430,4,15
large_integer,30636,3753912418999893753886,3,5035961132122707591202,4,13
large_integer,30637,3763135791036748529694,3,5045184504159562367010,4,13
large_integer,30638,3763135791036748529696,3,5072854620270126694434,4,15
large_integer,30639,3772359163073603305504,3,5082077992306981470242,4,15
large_integer,30640,2527203938098208571412,2,3800029279184167632920,3,13
large_integer,30641,3753912418999893753876,3,5128194852491255349278,4,19
large_integer,30642,3753912418999893753878,3,5128194852491255349278,4,19
large_integer,30643,3763135791036748529686,3,3836922767331586736152,3,15
large_integer,30644,3753912418999893753880,3,5026737760085852815388,4,13
large_integer,30645,3763135791036748529688,3,6354903333392940531746,5,19
large_integer,30646,3763135791036748529690,3,6354903333392940531746,5,19
large_integer,30647,3772359163073603305498,3,5063631248233271918620,4,15
large_integer,30648,3753912418999893753882,3,5026737760085852815390,4,13
large_integer,30649,3763135791036748529690,3,6354903333392940531748,5,19
large_integer,30650,3763135791036748529692,3,6354903333392940531748,5,19
large_integer,30651,3772359163073603305500,3,5063631248233271918622,4,15
large_integer,30652,3763135791036748529694,3,5035961132122707591202,4,13
large_integer,30653,3772359163073603305502,3,6364126705429795307560,5,19
large_integer,30654,3772359163073603305504,3,6364126705429795307560,5,19
large_integer,30655,3781582535110458081312,3,5072854620270126694434,4,15
large_integer,30656,2517980566061353795606,2,3800029279184167632920,3,13
large_integer,30657,3744689046963038978070,3,5026737760085852815384,4,13
large_integer,30658,3744689046963038978072,3,5026737760085852815386,4,13
large_integer,30659,3753912418999893753880,3,5035961132122707591194,4,13
large_integer,30660,3744689046963038978074,3,3836922767331586736152,3,15
large_integer,30661,3753912418999893753882,3,5063631248233271918616,4,15
large_integer,30662,3753912418999893753884,3,5063631248233271918618,4,15
large_integer,30663,3763135791036748529692,3,5072854620270126694426,4,15
large_integer,30664,3744689046963038978076,3,5026737760085852815390,4,13
large_integer,30665,3753912418999893753884,3,5035961132122707591198,4,13
large_integer,30666,3753912418999893753886,3,5035961132122707591200,4,13
large_integer,30667,3763135791036748529694,3,5045184504159562367008,4,13
large_integer,30668,3753912418999893753888,3,5063631248233271918622,4,15
large_integer,30669,3763135791036748529696,3,5072854620270126694430,4,15
large_integer,30670,3763135791036748529698,3,5072854620270126694432,4,15
large_integer,30671,3772359163073603305506,3,5082077992306981470240,4,15
large_integer,30672,2527203938098208571414,2,3800029279184167632920,3,13
large_integer,30673,3753912418999893753878,3,5128194852491255349278,4,19
large_integer,30674,3753912418999893753880,3,5026737760085852815386,4,13
large_integer,30675,3763135791036748529688,3,6354903333392940531744,5,19
large_integer,30676,3753912418999893753882,3,5128194852491255349278,4,19
large_integer,30677,3763135791036748529690,3,3836922767331586736152,3,15
large_integer,30678,3763135791036748529692,3,6354903333392940531744,5,19
large_integer,30679,3772359163073603305500,3,5063631248233271918618,4,15
large_integer,30680,3753912418999893753884,3,5026737760085852815390,4,13
large_integer,30681,3763135791036748529692,3,6354903333392940531748,5,19
large_integer,30682,3763135791036748529694,3,5035961132122707591200,4,13
large_integer,30683,3772359163073603305502,3,6364126705429795307558,5,19
large_integer,30684,3763135791036748529696,3,6354903333392940531748,5,19
large_integer,30685,3772359163073603305504,3,5063631248233271918622,4,15
large_integer,30686,3772359163073603305506,3,6364126705429795307558,5,19
large_integer,30687,3781582535110458081314,3,5072854620270126694432,4,15
large_integer,30688,2527203938098208571416,2,3800029279184167632920,3,13
large_integer,30689,3753912418999893753880,3,5026737760085852815384,4,13
large_integer,30690,3753912418999893753882,3,5128194852491255349278,4,19
large_integer,30691,3763135791036748529690,3,6354903333392940531742,5,19
large_integer,30692,3753912418999893753884,3,5128194852491255349278,4,19
large_integer,30693,3763135791036748529692,3,6354903333392940531742,5,19
large_integer,30694,3763135791036748529694,3,3836922767331586736152,3,15
large_integer,30695,3772359163073603305502,3,5063631248233271918616,4,15
large_integer,30696,3753912418999893753886,3,5026737760085852815390,4,13
large_integer,30697,3763135791036748529694,3,5035961132122707591198,4,13
large_integer,30698,3763135791036748529696,3,6354903333392940531748,5,19
large_integer,30699,3772359163073603305504,3,6364126705429795307556,5,19
large_integer,30700,3763135791036748529698,3,6354903333392940531748,5,19
large_integer,30701,3772359163073603305506,3,6364126705429795307556,5,19
large_integer,30702,3772359163073603305508,3,5063631248233271918622,4,15
large_integer,30703,3781582535110458081316,3,5072854620270126694430,4,15
large_integer,30704,2536427310135063347224,2,2545650682171918123027,2,11
large_integer,30705,3763135791036748529688,3,3873816255479005839385,3,17
large_integer,30706,3763135791036748529690,3,3873816255479005839385,3,17
large_integer,30707,3772359163073603305498,3,3873816255479005839385,3,17
large_integer,30708,3763135791036748529692,3,3873816255479005839385,3,17
large_integer,30709,3772359163073603305500,3,3873816255479005839385,3,17
large_integer,30710,3772359163073603305502,3,3873816255479005839385,3,17
large_integer,30711,2582544170319337226259,2,2582544170319337226259,2,13
large_integer,30712,3763135791036748529694,3,3772359163073603305497,3,11
large_integer,30713,3772359163073603305502,3,5100524736380691021855,4,17
large_integer,30714,3772359163073603305504,3,5100524736380691021855,4,17
large_integer,30715,3781582535110458081312,3,5100524736380691021855,4,17
large_integer,30716,3772359163073603305506,3,5100524736380691021855,4,17
large_integer,30717,3781582535110458081314,3,5100524736380691021855,4,17
large_integer,30718,3781582535110458081316,3,5100524736380691021855,4,17
large_integer,30719,3790805907147312857124,3,3809252651221022408729,3,13
large_integer,30720,2471863705877079916561,2,2471863705877079916561,2,7
large_integer,30721,3698572186778765099025,3,3698572186778765099025,3,7
large_integer,30722,3698572186778765099027,3,3698572186778765099027,3,7
large_integer,30723,3707795558815619874835,3,3707795558815619874835,3,7
large_integer,30724,3698572186778765099029,3,3698572186778765099029,3,7
large_integer,30725,3707795558815619874837,3,3707795558815619874837,3,7
large_integer,30726,3707795558815619874839,3,3707795558815619874839,3,7
large_integer,30727,3717018930852474650647,3,3717018930852474650647,3,7
large_integer,30728,3698572186778765099031,3,3698572186778765099031,3,7
large_integer,30729,3707795558815619874839,3,3707795558815619874839,3,7
large_integer,30730,3707795558815619874841,3,3707795558815619874841,3,7
large_integer,30731,3717018930852474650649,3,3717018930852474650649,3,7
large_integer,30732,3707795558815619874843,3,3707795558815619874843,3,7
large_integer,30733,3717018930852474650651,3,3717018930852474650651,3,7
large_integer,30734,3717018930852474650653,3,3717018930852474650653,3,7
large_integer,30735,3726242302889329426461,3,3726242302889329426461,3,7
large_integer,30736,3698572186778765099026,3,3698572186778765099026,3,7
large_integer,30737,4925280667680450281490,4,4925280667680450281490,4,7
large_integer,30738,4925280667680450281492,4,4925280667680450281492,4,7
large_integer,30739,4934504039717305057300,4,4934504039717305057300,4,7
large_integer,30740,4925280667680450281494,4,4925280667680450281494,4,7
large_integer,30741,4934504039717305057302,4,4934504039717305057302,4,7
large_integer,30742,4934504039717305057304,4,4934504039717305057304,4,7
large_integer,30743,4943727411754159833112,4,4943727411754159833112,4,7
large_integer,30744,4925280667680450281496,4,4925280667680450281496,4,7
large_integer,30745,4934504039717305057304,4,4934504039717305057304,4,7
large_integer,30746,4934504039717305057306,4,4934504039717305057306,4,7
large_integer,30747,4943727411754159833114,4,4943727411754159833114,4,7
large_integer,30748,4934504039717305057308,4,4934504039717305057308,4,7
large_integer,30749,4943727411754159833116,4,4943727411754159833116,4,7
large_integer,30750,4943727411754159833118,4,4943727411754159833118,4,7
large_integer,30751,4952950783791014608926,4,4952950783791014608926,4,7
large_integer,30752,3698572186778765099028,3,3698572186778765099028,3,7
large_integer,30753,4925280667680450281492,4,4925280667680450281492,4,7
large_integer,30754,4925280667680450281494,4,4925280667680450281494,4,7
large_integer,30755,4934504039717305057302,4,4934504039717305057302,4,7
large_integer,30756,4925280667680450281496,4,4925280667680450281496,4,7
large_integer,30757,4934504039717305057304,4,4934504039717305057304,4,7
large_integer,30758,4934504039717305057306,4,4934504039717305057306,4,7
large_integer,30759,4943727411754159833114,4,4943727411754159833114,4,7
large_integer,30760,4925280667680450281498,4,4925280667680450281498,4,7
large_integer,30761,4934504039717305057306,4,4934504039717305057306,4,7
large_integer,30762,4934504039717305057308,4,4934504039717305057308,4,7
large_integer,30763,4943727411754159833116,4,4943727411754159833116,4,7
large_integer,30764,4934504039717305057310,4,4934504039717305057310,4,7
large_integer,30765,4943727411754159833118,4,4943727411754159833118,4,7
large_integer,30766,4943727411754159833120,4,4943727411754159833120,4,7
large_integer,30767,4952950783791014608928,4,4952950783791014608928,4,7
large_integer,30768,3707795558815619874836,3,3707795558815619874836,3,7
large_integer,30769,4934504039717305057300,4,4934504039717305057300,4,7
large_integer,30770,4934504039717305057302,4,4934504039717305057302,4,7
large_integer,30771,4943727411754159833110,4,4943727411754159833110,4,7
large_integer,30772,4934504039717305057304,4,4934504039717305057304,4,7
large_integer,30773,4943727411754159833112,4,4943727411754159833112,4,7
large_integer,30774,4943727411754159833114,4,4943727411754159833114,4,7
large_integer,30775,4952950783791014608922,4,4952950783791014608922,4,7
large_integer,30776,4934504039717305057306,4,4934504039717305057306,4,7
large_integer,30777,4943727411754159833114,4,4943727411754159833114,4,7
large_integer,30778,4943727411754159833116,4,4943727411754159833116,4,7
large_integer,30779,4952950783791014608924,4,4952950783791014608924,4,7
large_integer,30780,4943727411754159833118,4,4943727411754159833118,4,7
large_integer,30781,4952950783791014608926,4,4952950783791014608926,4,7
large_integer,30782,4952950783791014608928,4,4952950783791014608928,4,7
large_integer,30783,4962174155827869384736,4,4962174155827869384736,4,7
large_integer,30784,3698572186778765099030,3,3698572186778765099030,3,7
large_integer,30785,4925280667680450281494,4,4925280667680450281494,4,7
large_integer,30786,4925280667680450281496,4,4925280667680450281496,4,7
large_integer,30787,4934504039717305057304,4,4934504039717305057304,4,7
large_integer,30788,4925280667680450281498,4,4925280667680450281498,4,7
large_integer,30789,4934504039717305057306,4,4934504039717305057306,4,7
large_integer,30790,4934504039717305057308,4,4934504039717305057308,4,7
large_integer,30791,4943727411754159833116,4,4943727411754159833116,4,7
large_integer,30792,4925280667680450281500,4,4925280667680450281500,4,7
large_integer,30793,4934504039717305057308,4,4934504039717305057308,4,7
large_integer,30794,4934504039717305057310,4,4934504039717305057310,4,7
large_integer,30795,4943727411754159833118,4,4943727411754159833118,4,7
large_integer,30796,4934504039717305057312,4,4934504039717305057312,4,7
large_integer,30797,4943727411754159833120,4,4943727411754159833120,4,7
large_integer,30798,4943727411754159833122,4,4943727411754159833122,4,7
large_integer,30799,4952950783791014608930,4,4952950783791014608930,4,7
large_integer,30800,3707795558815619874838,3,3707795558815619874838,3,7
large_integer,30801,4934504039717305057302,4,4934504039717305057302,4,7
large_integer,30802,4934504039717305057304,4,4934504039717305057304,4,7
large_integer,30803,4943727411754159833112,4,4943727411754159833112,4,7
large_integer,30804,4934504039717305057306,4,4934504039717305057306,4,7
large_integer,30805,4943727411754159833114,4,4943727411754159833114,4,7
large_integer,30806,4943727411754159833116,4,4943727411754159833116,4,7
large_integer,30807,4952950783791014608924,4,4952950783791014608924,4,7
large_integer,30808,4934504039717305057308,4,4934504039717305057308,4,7
large_integer,30809,4943727411754159833116,4,4943727411754159833116,4,7
large_integer,30810,4943727411754159833118,4,4943727411754159833118,4,7
large_integer,30811,4952950783791014608926,4,4952950783791014608926,4,7
large_integer,30812,4943727411754159833120,4,4943727411754159833120,4,7
large_integer,30813,4952950783791014608928,4,4952950783791014608928,4,7
large_integer,30814,4952950783791014608930,4,4952950783791014608930,4,7
large_integer,30815,4962174155827869384738,4,4962174155827869384738,4,7
large_integer,30816,3707795558815619874840,3,3707795558815619874840,3,7
large_integer,30817,4934504039717305057304,4,4934504039717305057304,4,7
large_integer,30818,4934504039717305057306,4,4934504039717305057306,4,7
large_integer,30819,4943727411754159833114,4,4943727411754159833114,4,7
large_integer,30820,4934504039717305057308,4,4934504039717305057308,4,7
large_integer,30821,4943727411754159833116,4,4943727411754159833116,4,7
large_integer,30822,4943727411754159833118,4,4943727411754159833118,4,7
large_integer,30823,4952950783791014608926,4,4952950783791014608926,4,7
large_integer,30824,4934504039717305057310,4,4934504039717305057310,4,7
large_integer,30825,4943727411754159833118,4,4943727411754159833118,4,7
large_integer,30826,4943727411754159833120,4,4943727411754159833120,4,7
large_integer,30827,4952950783791014608928,4,4952950783791014608928,4,7
large_integer,30828,4943727411754159833122,4,4943727411754159833122,4,7
large_integer,30829,4952950783791014608930,4,4952950783791014608930,4,7
large_integer,30830,4952950783791014608932,4,4952950783791014608932,4,7
large_integer,30831,4962174155827869384740,4,4962174155827869384740,4,7
large_integer,30832,3717018930852474650648,3,3717018930852474650648,3,7
large_integer,30833,4943727411754159833112,4,4943727411754159833112,4,7
large_integer,30834,4943727411754159833114,4,4943727411754159833114,4,7
large_integer,30835,4952950783791014608922,4,4952950783791014608922,4,7
large_integer,30836,4943727411754159833116,4,4943727411754159833116,4,7
large_integer,30837,4952950783791014608924,4,4952950783791014608924,4,7
large_integer,30838,4952950783791014608926,4,4952950783791014608926,4,7
large_integer,30839,4962174155827869384734,4,4962174155827869384734,4,7
large_integer,30840,4943727411754159833118,4,4943727411754159833118,4,7
large_integer,30841,4952950783791014608926,4,4952950783791014608926,4,7
large_integer,30842,4952950783791014608928,4,4952950783791014608928,4,7
large_integer,30843,4962174155827869384736,4,4962174155827869384736,4,7
large_integer,30844,4952950783791014608930,4,4952950783791014608930,4,7
large_integer,30845,4962174155827869384738,4,4962174155827869384738,4,7
large_integer,30846,4962174155827869384740,4,4962174155827869384740,4,7
large_integer,30847,4971397527864724160548,4,4971397527864724160548,4,7
large_integer,30848,3698572186778765099032,3,3698572186778765099032,3,7
large_integer,30849,4925280667680450281496,4,4925280667680450281496,4,7
large_integer,30850,4925280667680450281498,4,4925280667680450281498,4,7
large_integer,30851,4934504039717305057306,4,4934504039717305057306,4,7
large_integer,30852,4925280667680450281500,4,4925280667680450281500,4,7
large_integer,30853,4934504039717305057308,4,4934504039717305057308,4,7
large_integer,30854,4934504039717305057310,4,4934504039717305057310,4,7
large_integer,30855,4943727411754159833118,4,4943727411754159833118,4,7
large_integer,30856,4925280667680450281502,4,4925280667680450281502,4,7
large_integer,30857,4934504039717305057310,4,4934504039717305057310,4,7
large_integer,30858,4934504039717305057312,4,4934504039717305057312,4,7
large_integer,30859,4943727411754159833120,4,4943727411754159833120,4,7
large_integer,30860,4934504039717305057314,4,4934504039717305057314,4,7
large_integer,30861,4943727411754159833122,4,4943727411754159833122,4,7
large_integer,30862,4943727411754159833124,4,4943727411754159833124,4,7
large_integer,30863,4952950783791014608932,4,4952950783791014608932,4,7
large_integer,30864,3707795558815619874840,3,3707795558815619874840,3,7
large_integer,30865,4934504039717305057304,4,4934504039717305057304,4,7
large_integer,30866,4934504039717305057306,4,4934504039717305057306,4,7
large_integer,30867,4943727411754159833114,4,4943727411754159833114,4,7
large_integer,30868,4934504039717305057308,4,4934504039717305057308,4,7
large_integer,30869,4943727411754159833116,4,4943727411754159833116,4,7
large_integer,30870,4943727411754159833118,4,4943727411754159833118,4,7
large_integer,30871,4952950783791014608926,4,4952950783791014608926,4,7
large_integer,30872,4934504039717305057310,4,4934504039717305057310,4,7
large_integer,30873,4943727411754159833118,4,4943727411754159833118,4,7
large_integer,30874,4943727411754159833120,4,4943727411754159833120,4,7
large_integer,30875,4952950783791014608928,4,4952950783791014608928,4,7
large_integer,30876,4943727411754159833122,4,4943727411754159833122,4,7
large_integer,30877,4952950783791014608930,4,4952950783791014608930,4,7
large_integer,30878,4952950783791014608932,4,4952950783791014608932,4,7
large_integer,30879,4962174155827869384740,4,4962174155827869384740,4,7
large_integer,30880,3707795558815619874842,3,3707795558815619874842,3,7
large_integer,30881,4934504039717305057306,4,4934504039717305057306,4,7
large_integer,30882,4934504039717305057308,4,4934504039717305057308,4,7
large_integer,30883,4943727411754159833116,4,4943727411754159833116,4,7
large_integer,30884,4934504039717305057310,4,4934504039717305057310,4,7
large_integer,30885,4943727411754159833118,4,4943727411754159833118,4,7
large_integer,30886,4943727411754159833120,4,4943727411754159833120,4,7
large_integer,30887,4952950783791014608928,4,4952950783791014608928,4,7
large_integer,30888,4934504039717305057312,4,4934504039717305057312,4,7
large_integer,30889,4943727411754159833120,4,4943727411754159833120,4,7
large_integer,30890,4943727411754159833122,4,4943727411754159833122,4,7
large_integer,30891,4952950783791014608930,4,4952950783791014608930,4,7
large_integer,30892,4943727411754159833124,4,4943727411754159833124,4,7
large_integer,30893,4952950783791014608932,4,4952950783791014608932,4,7
large_integer,30894,4952950783791014608934,4,4952950783791014608934,4,7
large_integer,30895,4962174155827869384742,4,4962174155827869384742,4,7
large_integer,30896,3717018930852474650650,3,3717018930852474650650,3,7
large_integer,30897,4943727411754159833114,4,4943727411754159833114,4,7
large_integer,30898,4943727411754159833116,4,4943727411754159833116,4,7
large_integer,30899,4952950783791014608924,4,4952950783791014608924,4,7
large_integer,30900,4943727411754159833118,4,4943727411754159833118,4,7
large_integer,30901,4952950783791014608926,4,4952950783791014608926,4,7
large_integer,30902,4952950783791014608928,4,4952950783791014608928,4,7
large_integer,30903,4962174155827869384736,4,4962174155827869384736,4,7
large_integer,30904,4943727411754159833120,4,4943727411754159833120,4,7
large_integer,30905,4952950783791014608928,4,4952950783791014608928,4,7
large_integer,30906,4952950783791014608930,4,4952950783791014608930,4,7
large_integer,30907,4962174155827869384738,4,4962174155827869384738,4,7
large_integer,30908,4952950783791014608932,4,4952950783791014608932,4,7
large_integer,30909,4962174155827869384740,4,4962174155827869384740,4,7
large_integer,30910,4962174155827869384742,4,4962174155827869384742,4,7
large_integer,30911,4971397527864724160550,4,4971397527864724160550,4,7
large_integer,30912,3707795558815619874844,3,3707795558815619874844,3,7
large_integer,30913,4934504039717305057308,4,4934504039717305057308,4,7
large_integer,30914,4934504039717305057310,4,4934504039717305057310,4,7
large_integer,30915,4943727411754159833118,4,4943727411754159833118,4,7
large_integer,30916,4934504039717305057312,4,4934504039717305057312,4,7
large_integer,30917,4943727411754159833120,4,4943727411754159833120,4,7
large_integer,30918,4943727411754159833122,4,4943727411754159833122,4,7
large_integer,30919,4952950783791014608930,4,4952950783791014608930,4,7
large_integer,30920,4934504039717305057314,4,4934504039717305057314,4,7
large_integer,30921,4943727411754159833122,4,4943727411754159833122,4,7
large_integer,30922,4943727411754159833124,4,4943727411754159833124,4,7
large_integer,30923,4952950783791014608932,4,4952950783791014608932,4,7
large_integer,30924,4943727411754159833126,4,4943727411754159833126,4,7
large_integer,30925,4952950783791014608934,4,4952950783791014608934,4,7
large_integer,30926,4952950783791014608936,4,4952950783791014608936,4,7
large_integer,30927,4962174155827869384744,4,4962174155827869384744,4,7
large_integer,30928,3717018930852474650652,3,3717018930852474650652,3,7
large_integer,30929,4943727411754159833116,4,4943727411754159833116,4,7
large_integer,30930,4943727411754159833118,4,4943727411754159833118,4,7
large_integer,30931,4952950783791014608926,4,4952950783791014608926,4,7
large_integer,30932,4943727411754159833120,4,4943727411754159833120,4,7
large_integer,30933,4952950783791014608928,4,4952950783791014608928,4,7
large_integer,30934,4952950783791014608930,4,4952950783791014608930,4,7
large_integer,30935,4962174155827869384738,4,4962174155827869384738,4,7
large_integer,30936,4943727411754159833122,4,4943727411754159833122,4,7
large_integer,30937,4952950783791014608930,4,4952950783791014608930,4,7
large_integer,30938,4952950783791014608932,4,4952950783791014608932,4,7
large_integer,30939,4962174155827869384740,4,4962174155827869384740,4,7
large_integer,30940,4952950783791014608934,4,4952950783791014608934,4,7
large_integer,30941,4962174155827869384742,4,4962174155827869384742,4,7
large_integer,30942,4962174155827869384744,4,4962174155827869384744,4,7
large_integer,30943,4971397527864724160552,4,4971397527864724160552,4,7
large_integer,30944,3717018930852474650654,3,3717018930852474650654,3,7
large_integer,30945,4943727411754159833118,4,4943727411754159833118,4,7
large_integer,30946,4943727411754159833120,4,4943727411754159833120,4,7
large_integer,30947,4952950783791014608928,4,4952950783791014608928,4,7
large_integer,30948,4943727411754159833122,4,4943727411754159833122,4,7
large_integer,30949,4952950783791014608930,4,4952950783791014608930,4,7
large_integer,30950,4952950783791014608932,4,4952950783791014608932,4,7
large_integer,30951,4962174155827869384740,4,4962174155827869384740,4,7
large_integer,30952,4943727411754159833124,4,4943727411754159833124,4,7
large_integer,30953,4952950783791014608932,4,4952950783791014608932,4,7
large_integer,30954,4952950783791014608934,4,4952950783791014608934,4,7
large_integer,30955,4962174155827869384742,4,4962174155827869384742,4,7
large_integer,30956,4952950783791014608936,4,4952950783791014608936,4,7
large_integer,30957,4962174155827869384744,4,4962174155827869384744,4,7
large_integer,30958,4962174155827869384746,4,4962174155827869384746,4,7
large_integer,30959,4971397527864724160554,4,4971397527864724160554,4,7
large_integer,30960,3726242302889329426462,3,3726242302889329426462,3,7
large_integer,30961,4952950783791014608926,4,4952950783791014608926,4,7
large_integer,30962,4952950783791014608928,4,4952950783791014608928,4,7
large_integer,30963,4962174155827869384736,4,4962174155827869384736,4,7
large_integer,30964,4952950783791014608930,4,4952950783791014608930,4,7
large_integer,30965,4962174155827869384738,4,4962174155827869384738,4,7
large_integer,30966,4962174155827869384740,4,4962174155827869384740,4,7
large_integer,30967,4971397527864724160548,4,4971397527864724160548,4,7
large_integer,30968,4952950783791014608932,4,4952950783791014608932,4,7
large_integer,30969,4962174155827869384740,4,4962174155827869384740,4,7
large_integer,30970,4962174155827869384742,4,4962174155827869384742,4,7
large_integer,30971,4971397527864724160550,4,4971397527864724160550,4,7
large_integer,30972,4962174155827869384744,4,4962174155827869384744,4,7
large_integer,30973,4971397527864724160552,4,4971397527864724160552,4,7
large_integer,30974,4971397527864724160554,4,4971397527864724160554,4,7
large_integer,30975,4980620899901578936362,4,4980620899901578936362,4,7
large_integer,30976,2481087077913934692369,2,3726242302889329426454,3,9
large_integer,30977,3707795558815619874833,3,4952950783791014608918,4,9
large_integer,30978,3707795558815619874835,3,4952950783791014608920,4,9
large_integer,30979,3717018930852474650643,3,4962174155827869384728,4,9
large_integer,30980,3707795558815619874837,3,4952950783791014608922,4,9
large_integer,30981,3717018930852474650645,3,4962174155827869384730,4,9
large_integer,30982,3717018930852474650647,3,4962174155827869384732,4,9
large_integer,30983,3726242302889329426455,3,4971397527864724160540,4,9
large_integer,30984,3707795558815619874839,3,4952950783791014608924,4,9
large_integer,30985,3717018930852474650647,3,4962174155827869384732,4,9
large_integer,30986,3717018930852474650649,3,4962174155827869384734,4,9
large_integer,30987,3726242302889329426457,3,4971397527864724160542,4,9
large_integer,30988,3717018930852474650651,3,4962174155827869384736,4,9
large_integer,30989,3726242302889329426459,3,4971397527864724160544,4,9
large_integer,30990,3726242302889329426461,3,4971397527864724160546,4,9
large_integer,30991,3735465674926184202269,3,4980620899901578936354,4,9
large_integer,30992,3707795558815619874834,3,3763135791036748529687,3,11
large_integer,30993,3800029279184167632919,3,3800029279184167632919,3,13
large_integer,30994,4934504039717305057300,4,4989844271938433712153,4,11
large_integer,30995,4943727411754159833108,4,5026737760085852815385,4,13
large_integer,30996,4934504039717305057302,4,4989844271938433712155,4,11
large_integer,30997,4943727411754159833110,4,5026737760085852815387,4,13
large_integer,30998,4943727411754159833112,4,4999067643975288487965,4,11
large_integer,30999,4952950783791014608920,4,5035961132122707591197,4,13
large_integer,31000,4934504039717305057304,4,4989844271938433712157,4,11
large_integer,31001,4943727411754159833112,4,5026737760085852815389,4,13
large_integer,31002,4943727411754159833114,4,4999067643975288487967,4,11
large_integer,31003,4952950783791014608922,4,5035961132122707591199,4,13
large_integer,31004,4943727411754159833116,4,4999067643975288487969,4,11
large_integer,31005,4952950783791014608924,4,5035961132122707591201,4,13
large_integer,31006,4952950783791014608926,4,5008291016012143263779,4,11
large_integer,31007,4962174155827869384734,4,5045184504159562367011,4,13
large_integer,31008,3707795558815619874836,3,4952950783791014608921,4,9
large_integer,31009,4934504039717305057300,4,6179659264692699791385,5,9
large_integer,31010,4934504039717305057302,4,6179659264692699791387,5,9
large_integer,31011,4943727411754159833110,4,6188882636729554567195,5,9
large_integer,31012,4934504039717305057304,4,6179659264692699791389,5,9
large_integer,31013,4943727411754159833112,4,6188882636729554567197,5,9
large_integer,31014,4943727411754159833114,4,6188882636729554567199,5,9
large_integer,31015,4952950783791014608922,4,6198106008766409343007,5,9
large_integer,31016,4934504039717305057306,4,6179659264692699791391,5,9
large_integer,31017,4943727411754159833114,4,6188882636729554567199,5,9
large_integer,31018,4943727411754159833116,4,6188882636729554567201,5,9
large_integer,31019,4952950783791014608924,4,6198106008766409343009,5,9
large_integer,31020,4943727411754159833118,4,6188882636729554567203,5,9
large_integer,31021,4952950783791014608926,4,6198106008766409343011,5,9
large_integer,31022,4952950783791014608928,4,6198106008766409343013,5,9
large_integer,31023,4962174155827869384736,4,6207329380803264118821,5,9
large_integer,31024,3717018930852474650644,3,4989844271938433712154,4,11
large_integer,31025,4943727411754159833108,4,5026737760085852815386,4,13
large_integer,31026,4943727411754159833110,4,6216552752840118894620,5,11
large_integer,31027,4952950783791014608918,4,6253446240987537997852,5,13
large_integer,31028,4943727411754159833112,4,6216552752840118894622,5,11
large_integer,31029,4952950783791014608920,4,6253446240987537997854,5,13
large_integer,31030,4952950783791014608922,4,6225776124876973670432,5,11
large_integer,31031,4962174155827869384730,4,6262669613024392773664,5,13
large_integer,31032,4943727411754159833114,4,6216552752840118894624,5,11
large_integer,31033,4952950783791014608922,4,6253446240987537997856,5,13
large_integer,31034,4952950783791014608924,4,6225776124876973670434,5,11
large_integer,31035,4962174155827869384732,4,6262669613024392773666,5,13
large_integer,31036,4952950783791014608926,4,6225776124876973670436,5,11
large_integer,31037,4962174155827869384734,4,6262669613024392773668,5,13
large_integer,31038,4962174155827869384736,4,6234999496913828446246,5,11
large_integer,31039,4971397527864724160544,4,6271892985061247549478,5,13
large_integer,31040,3707795558815619874838,3,4952950783791014608923,4,9
large_integer,31041,4934504039717305057302,4,6179659264692699791387,5,9
large_integer,31042,4934504039717305057304,4,6179659264692699791389,5,9
large_integer,31043,4943727411754159833112,4,6188882636729554567197,5,9
large_integer,31044,4934504039717305057306,4,6179659264692699791391,5,9
large_integer,31045,4943727411754159833114,4,6188882636729554567199,5,9
large_integer,31046,4943727411754159833116,4,6188882636729554567201,5,9
large_integer,31047,4952950783791014608924,4,6198106008766409343009,5,9
large_integer,31048,4934504039717305057308,4,6179659264692699791393,5,9
large_integer,31049,4943727411754159833116,4,6188882636729554567201,5,9
large_integer,31050,4943727411754159833118,4,6188882636729554567203,5,9
large_integer,31051,4952950783791014608926,4,6198106008766409343011,5,9
large_integer,31052,4943727411754159833120,4,6188882636729554567205,5,9
large_integer,31053,4952950783791014608928,4,6198106008766409343013,5,9
large_integer,31054,4952950783791014608930,4,6198106008766409343015,5,9
large_integer,31055,4962174155827869384738,4,6207329380803264118823,5,9
large_integer,31056,3717018930852474650646,3,4989844271938433712156,4,11
large_integer,31057,4943727411754159833110,4,5026737760085852815388,4,13
large_integer,31058,4943727411754159833112,4,6216552752840118894622,5,11
large_integer,31059,4952950783791014608920,4,6253446240987537997854,5,13
large_integer,31060,4943727411754159833114,4,6216552752840118894624,5,11
large_integer,31061,4952950783791014608922,4,6253446240987537997856,5,13
large_integer,31062,4952950783791014608924,4,6225776124876973670434,5,11
large_integer,31063,4962174155827869384732,4,6262669613024392773666,5,13
large_integer,31064,4943727411754159833116,4,6216552752840118894626,5,11
large_integer,31065,4952950783791014608924,4,6253446240987537997858,5,13
large_integer,31066,4952950783791014608926,4,6225776124876973670436,5,11
large_integer,31067,4962174155827869384734,4,6262669613024392773668,5,13
large_integer,31068,4952950783791014608928,4,6225776124876973670438,5,11
large_integer,31069,4962174155827869384736,4,6262669613024392773670,5,13
large_integer,31070,4962174155827869384738,4,6234999496913828446248,5,11
large_integer,31071,4971397527864724160546,4,6271892985061247549480,5,13
large_integer,31072,3717018930852474650648,3,4962174155827869384733,4,9
large_integer,31073,4943727411754159833112,4,6188882636729554567197,5,9
large_integer,31074,4943727411754159833114,4,6188882636729554567199,5,9
large_integer,31075,4952950783791014608922,4,6198106008766409343007,5,9
large_integer,31076,4943727411754159833116,4,6188882636729554567201,5,9
large_integer,31077,4952950783791014608924,4,6198106008766409343009,5,9
large_integer,31078,4952950783791014608926,4,6198106008766409343011,5,9
large_integer,31079,4962174155827869384734,4,6207329380803264118819,5,9
large_integer,31080,4943727411754159833118,4,6188882636729554567203,5,9
large_integer,31081,4952950783791014608926,4,6198106008766409343011,5,9
large_integer,31082,4952950783791014608928,4,6198106008766409343013,5,9
large_integer,31083,4962174155827869384736,4,6207329380803264118821,5,9
large_integer,31084,4952950783791014608930,4,6198106008766409343015,5,9
large_integer,31085,4962174155827869384738,4,6207329380803264118823,5,9
large_integer,31086,4962174155827869384740,4,6207329380803264118825,5,9
large_integer,31087,4971397527864724160548,4,6216552752840118894633,5,9
large_integer,31088,3726242302889329426456,3,4999067643975288487966,4,11
large_integer,31089,4952950783791014608920,4,5035961132122707591198,4,13
large_integer,31090,4952950783791014608922,4,6225776124876973670432,5,11
large_integer,31091,4962174155827869384730,4,6262669613024392773664,5,13
large_integer,31092,4952950783791014608924,4,6225776124876973670434,5,11
large_integer,31093,4962174155827869384732,4,6262669613024392773666,5,13
large_integer,31094,4962174155827869384734,4,6234999496913828446244,5,11
large_integer,31095,4971397527864724160542,4,6271892985061247549476,5,13
large_integer,31096,4952950783791014608926,4,6225776124876973670436,5,11
large_integer,31097,4962174155827869384734,4,6262669613024392773668,5,13
large_integer,31098,4962174155827869384736,4,6234999496913828446246,5,11
large_integer,31099,4971397527864724160544,4,6271892985061247549478,5,13
large_integer,31100,4962174155827869384738,4,6234999496913828446248,5,11
large_integer,31101,4971397527864724160546,4,6271892985061247549480,5,13
large_integer,31102,4971397527864724160548,4,6244222868950683222058,5,11
large_integer,31103,4980620899901578936356,4,6281116357098102325290,5,13
large_integer,31104,3707795558815619874840,3,4952950783791014608925,4,9
large_integer,31105,4934504039717305057304,4,6179659264692699791389,5,9
large_integer,31106,4934504039717305057306,4,6179659264692699791391,5,9
large_integer,31107,4943727411754159833114,4,6188882636729554567199,5,9
large_integer,31108,4934504039717305057308,4,6179659264692699791393,5,9
large_integer,31109,4943727411754159833116,4,6188882636729554567201,5,9
large_integer,31110,4943727411754159833118,4,6188882636729554567203,5,9
large_integer,31111,4952950783791014608926,4,6198106008766409343011,5,9
large_integer,31112,4934504039717305057310,4,6179659264692699791395,5,9
large_integer,31113,4943727411754159833118,4,6188882636729554567203,5,9
large_integer,31114,4943727411754159833120,4,6188882636729554567205,5,9
large_integer,31115,4952950783791014608928,4,6198106008766409343013,5,9
large_integer,31116,4943727411754159833122,4,6188882636729554567207,5,9
large_integer,31117,4952950783791014608930,4,6198106008766409343015,5,9
large_integer,31118,4952950783791014608932,4,6198106008766409343017,5,9
large_integer,31119,4962174155827869384740,4,6207329380803264118825,5,9
large_integer,31120,3717018930852474650648,3,4989844271938433712158,4,11
large_integer,31121,4943727411754159833112,4,5026737760085852815390,4,13
large_integer,31122,4943727411754159833114,4,6216552752840118894624,5,11
large_integer,31123,4952950783791014608922,4,6253446240987537997856,5,13
large_integer,31124,4943727411754159833116,4,6216552752840118894626,5,11
large_integer,31125,4952950783791014608924,4,6253446240987537997858,5,13
large_integer,31126,4952950783791014608926,4,6225776124876973670436,5,11
large_integer,31127,4962174155827869384734,4,6262669613024392773668,5,13
large_integer,31128,4943727411754159833118,4,6216552752840118894628,5,11
large_integer,31129,4952950783791014608926,4,6253446240987537997860,5,13
large_integer,31130,4952950783791014608928,4,6225776124876973670438,5,11
large_integer,31131,4962174155827869384736,4,6262669613024392773670,5,13
large_integer,31132,4952950783791014608930,4,6225776124876973670440,5,11
large_integer,31133,4962174155827869384738,4,6262669613024392773672,5,13
large_integer,31134,4962174155827869384740,4,6234999496913828446250,5,11
large_integer,31135,4971397527864724160548,4,6271892985061247549482,5,13
large_integer,31136,3717018930852474650650,3,4962174155827869384735,4,9
large_integer,31137,4943727411754159833114,4,6188882636729554567199,5,9
large_integer,31138,4943727411754159833116,4,6188882636729554567201,5,9
large_integer,31139,4952950783791014608924,4,6198106008766409343009,5,9
large_integer,31140,4943727411754159833118,4,6188882636729554567203,5,9
large_integer,31141,4952950783791014608926,4,6198106008766409343011,5,9
large_integer,31142,4952950783791014608928,4,6198106008766409343013,5,9
large_integer,31143,4962174155827869384736,4,6207329380803264118821,5,9
large_integer,31144,4943727411754159833120,4,6188882636729554567205,5,9
large_integer,31145,4952950783791014608928,4,6198106008766409343013,5,9
large_integer,31146,4952950783791014608930,4,6198106008766409343015,5,9
large_integer,31147,4962174155827869384738,4,6207329380803264118823,5,9
large_integer,31148,4952950783791014608932,4,6198106008766409343017,5,9
large_integer,31149,4962174155827869384740,4,6207329380803264118825,5,9
large_integer,31150,4962174155827869384742,4,6207329380803264118827,5,9
large_integer,31151,4971397527864724160550,4,6216552752840118894635,5,9
large_integer,31152,3726242302889329426458,3,4999067643975288487968,4,11
large_integer,31153,4952950783791014608922,4,5035961132122707591200,4,13
large_integer,31154,4952950783791014608924,4,6225776124876973670434,5,11
large_integer,31155,4962174155827869384732,4,6262669613024392773666,5,13
large_integer,31156,4952950783791014608926,4,6225776124876973670436,5,11
large_integer,31157,4962174155827869384734,4,6262669613024392773668,5,13
large_integer,31158,4962174155827869384736,4,6234999496913828446246,5,11
large_integer,31159,4971397527864724160544,4,6271892985061247549478,5,13
large_integer,31160,4952950783791014608928,4,6225776124876973670438,5,11
large_integer,31161,4962174155827869384736,4,6262669613024392773670,5,13
large_integer,31162,4962174155827869384738,4,6234999496913828446248,5,11
large_integer,31163,4971397527864724160546,4,6271892985061247549480,5,13
large_integer,31164,4962174155827869384740,4,6234999496913828446250,5,11
large_integer,31165,4971397527864724160548,4,6271892985061247549482,5,13
large_integer,31166,4971397527864724160550,4,6244222868950683222060,5,11
large_integer,31167,4980620899901578936358,4,6281116357098102325292,5,13
large_integer,31168,3717018930852474650652,3,4962174155827869384737,4,9
large_integer,31169,4943727411754159833116,4,6188882636729554567201,5,9
large_integer,31170,4943727411754159833118,4,6188882636729554567203,5,9
large_integer,31171,4952950783791014608926,4,6198106008766409343011,5,9
large_integer,31172,4943727411754159833120,4,6188882636729554567205,5,9
large_integer,31173,4952950783791014608928,4,6198106008766409343013,5,9
large_integer,31174,4952950783791014608930,4,6198106008766409343015,5,9
large_integer,31175,4962174155827869384738,4,6207329380803264118823,5,9
large_integer,31176,4943727411754159833122,4,6188882636729554567207,5,9
large_integer,31177,4952950783791014608930,4,6198106008766409343015,5,9
large_integer,31178,4952950783791014608932,4,6198106008766409343017,5,9
large_integer,31179,4962174155827869384740,4,6207329380803264118825,5,9
large_integer,31180,4952950783791014608934,4,6198106008766409343019,5,9
large_integer,31181,4962174155827869384742,4,6207329380803264118827,5,9
large_integer,31182,4962174155827869384744,4,6207329380803264118829,5,9
large_integer,31183,4971397527864724160552,4,6216552752840118894637,5,9
large_integer,31184,3726242302889329426460,3,4999067643975288487970,4,11
large_integer,31185,4952950783791014608924,4,5035961132122707591202,4,13
large_integer,31186,4952950783791014608926,4,6225776124876973670436,5,11
large_integer,31187,4962174155827869384734,4,6262669613024392773668,5,13
large_integer,31188,4952950783791014608928,4,6225776124876973670438,5,11
large_integer,31189,4962174155827869384736,4,6262669613024392773670,5,13
large_integer,31190,4962174155827869384738,4,6234999496913828446248,5,11
large_integer,31191,4971397527864724160546,4,6271892985061247549480,5,13
large_integer,31192,4952950783791014608930,4,6225776124876973670440,5,11
large_integer,31193,4962174155827869384738,4,6262669613024392773672,5,13
large_integer,31194,4962174155827869384740,4,6234999496913828446250,5,11
large_integer,31195,4971397527864724160548,4,6271892985061247549482,5,13
large_integer,31196,4962174155827869384742,4,6234999496913828446252,5,11
large_integer,31197,4971397527864724160550,4,6271892985061247549484,5,13
large_integer,31198,4971397527864724160552,4,6244222868950683222062,5,11
large_integer,31199,4980620899901578936360,4,6281116357098102325294,5,13
large_integer,31200,3726242302889329426462,3,4971397527864724160547,4,9
large_integer,31201,4952950783791014608926,4,6198106008766409343011,5,9
large_integer,31202,4952950783791014608928,4,6198106008766409343013,5,9
large_integer,31203,4962174155827869384736,4,6207329380803264118821,5,9
large_integer,31204,4952950783791014608930,4,6198106008766409343015,5,9
large_integer,31205,4962174155827869384738,4,6207329380803264118823,5,9
large_integer,31206,4962174155827869384740,4,6207329380803264118825,5,9
large_integer,31207,4971397527864724160548,4,6216552752840118894633,5,9
large_integer,31208,4952950783791014608932,4,6198106008766409343017,5,9
large_integer,31209,4962174155827869384740,4,6207329380803264118825,5,9
large_integer,31210,4962174155827869384742,4,6207329380803264118827,5,9
large_integer,31211,4971397527864724160550,4,6216552752840118894635,5,9
large_integer,31212,4962174155827869384744,4,6207329380803264118829,5,9
large_integer,31213,4971397527864724160552,4,6216552752840118894637,5,9
large_integer,31214,4971397527864724160554,4,6216552752840118894639,5,9
large_integer,31215,4980620899901578936362,4,6225776124876973670447,5,9
large_integer,31216,3735465674926184202270,3,5008291016012143263780,4,11
large_integer,31217,4962174155827869384734,4,5045184504159562367012,4,13
large_integer,31218,4962174155827869384736,4,6234999496913828446246,5,11
large_integer,31219,4971397527864724160544,4,6271892985061247549478,5,13
large_integer,31220,4962174155827869384738,4,6234999496913828446248,5,11
large_integer,31221,4971397527864724160546,4,6271892985061247549480,5,13
large_integer,31222,4971397527864724160548,4,6244222868950683222058,5,11
large_integer,31223,4980620899901578936356,4,6281116357098102325290,5,13
large_integer,31224,4962174155827869384740,4,6234999496913828446250,5,11
large_integer,31225,4971397527864724160548,4,6271892985061247549482,5,13
large_integer,31226,4971397527864724160550,4,6244222868950683222060,5,11
large_integer,31227,4980620899901578936358,4,6281116357098102325292,5,13
large_integer,31228,4971397527864724160552,4,6244222868950683222062,5,11
large_integer,31229,4980620899901578936360,4,6281116357098102325294,5,13
large_integer,31230,4980620899901578936362,4,6253446240987537997872,5,11
large_integer,31231,4989844271938433712170,4,6290339729134957101104,5,13
large_integer,31232,2481087077913934692371,2,3726242302889329426454,3,9
large_integer,31233,3707795558815619874835,3,4952950783791014608918,4,9
large_integer,31234,3707795558815619874837,3,4952950783791014608920,4,9
large_integer,31235,3717018930852474650645,3,4962174155827869384728,4,9
large_integer,31236,3707795558815619874839,3,4952950783791014608922,4,9
large_integer,31237,3717018930852474650647,3,4962174155827869384730,4,9
large_integer,31238,3717018930852474650649,3,4962174155827869384732,4,9
large_integer,31239,3726242302889329426457,3,4971397527864724160540,4,9
large_integer,31240,3707795558815619874841,3,4952950783791014608924,4,9
large_integer,31241,3717018930852474650649,3,4962174155827869384732,4,9
large_integer,31242,3717018930852474650651,3,4962174155827869384734,4,9
large_integer,31243,3726242302889329426459,3,4971397527864724160542,4,9
large_integer,31244,3717018930852474650653,3,4962174155827869384736,4,9
large_integer,31245,3726242302889329426461,3,4971397527864724160544,4,9
large_integer,31246,3726242302889329426463,3,4971397527864724160546,4,9
large_integer,31247,3735465674926184202271,3,4980620899901578936354,4,9
large_integer,31248,3707795558815619874836,3,4952950783791014608919,4,9
large_integer,31249,4934504039717305057300,4,6179659264692699791383,5,9
large_integer,31250,4934504039717305057302,4,6179659264692699791385,5,9
large_integer,31251,4943727411754159833110,4,6188882636729554567193,5,9
large_integer,31252,4934504039717305057304,4,6179659264692699791387,5,9
large_integer,31253,4943727411754159833112,4,6188882636729554567195,5,9
large_integer,31254,4943727411754159833114,4,6188882636729554567197,5,9
large_integer,31255,4952950783791014608922,4,6198106008766409343005,5,9
large_integer,31256,4934504039717305057306,4,6179659264692699791389,5,9
large_integer,31257,4943727411754159833114,4,6188882636729554567197,5,9
large_integer,31258,4943727411754159833116,4,6188882636729554567199,5,9
large_integer,31259,4952950783791014608924,4,6198106008766409343007,5,9
large_integer,31260,4943727411754159833118,4,6188882636729554567201,5,9
large_integer,31261,4952950783791014608926,4,6198106008766409343009,5,9
large_integer,31262,4952950783791014608928,4,6198106008766409343011,5,9
large_integer,31263,4962174155827869384736,4,6207329380803264118819,5,9
large_integer,31264,3707795558815619874838,3,3763135791036748529687,3,11
large_integer,31265,4934504039717305057302,4,4989844271938433712151,4,11
large_integer,31266,3800029279184167632919,3,3800029279184167632919,3,13
large_integer,31267,4943727411754159833112,4,5026737760085852815383,4,13
large_integer,31268,4934504039717305057306,4,4989844271938433712155,4,11
large_integer,31269,4943727411754159833114,4,4999067643975288487963,4,11
large_integer,31270,4943727411754159833116,4,5026737760085852815387,4,13
large_integer,31271,4952950783791014608924,4,5035961132122707591195,4,13
large_integer,31272,4934504039717305057308,4,4989844271938433712157,4,11
large_integer,31273,4943727411754159833116,4,4999067643975288487965,4,11
large_integer,31274,4943727411754159833118,4,5026737760085852815389,4,13
large_integer,31275,4952950783791014608926,4,5035961132122707591197,4,13
large_integer,31276,4943727411754159833120,4,4999067643975288487969,4,11
large_integer,31277,4952950783791014608928,4,5008291016012143263777,4,11
large_integer,31278,4952950783791014608930,4,5035961132122707591201,4,13
large_integer,31279,4962174155827869384738,4,5045184504159562367009,4,13
large_integer,31280,3717018930852474650646,3,4989844271938433712152,4,11
large_integer,31281,4943727411754159833110,4,6216552752840118894616,5,11
large_integer,31282,4943727411754159833112,4,5026737760085852815384,4,13
large_integer,31283,4952950783791014608920,4,6253446240987537997848,5,13
large_integer,31284,4943727411754159833114,4,6216552752840118894620,5,11
large_integer,31285,4952950783791014608922,4,6225776124876973670428,5,11
large_integer,31286,4952950783791014608924,4,6253446240987537997852,5,13
large_integer,31287,4962174155827869384732,4,6262669613024392773660,5,13
large_integer,31288,4943727411754159833116,4,6216552752840118894622,5,11
large_integer,31289,4952950783791014608924,4,6225776124876973670430,5,11
large_integer,31290,4952950783791014608926,4,6253446240987537997854,5,13
large_integer,31291,4962174155827869384734,4,6262669613024392773662,5,13
large_integer,31292,4952950783791014608928,4,6225776124876973670434,5,11
large_integer,31293,4962174155827869384736,4,6234999496913828446242,5,11
large_integer,31294,4962174155827869384738,4,6262669613024392773666,5,13
large_integer,31295,4971397527864724160546,4,6271892985061247549474,5,13
large_integer,31296,3707795558815619874840,3,4952950783791014608923,4,9
large_integer,31297,4934504039717305057304,4,6179659264692699791387,5,9
large_integer,31298,4934504039717305057306,4,6179659264692699791389,5,9
large_integer,31299,4943727411754159833114,4,6188882636729554567197,5,9
large_integer,31300,4934504039717305057308,4,6179659264692699791391,5,9
large_integer,31301,4943727411754159833116,4,6188882636729554567199,5,9
large_integer,31302,4943727411754159833118,4,6188882636729554567201,5,9
large_integer,31303,4952950783791014608926,4,6198106008766409343009,5,9
large_integer,31304,4934504039717305057310,4,6179659264692699791393,5,9
large_integer,31305,4943727411754159833118,4,6188882636729554567201,5,9
large_integer,31306,4943727411754159833120,4,6188882636729554567203,5,9
large_integer,31307,4952950783791014608928,4,6198106008766409343011,5,9
large_integer,31308,4943727411754159833122,4,6188882636729554567205,5,9
large_integer,31309,4952950783791014608930,4,6198106008766409343013,5,9
large_integer,31310,4952950783791014608932,4,6198106008766409343015,5,9
large_integer,31311,4962174155827869384740,4,6207329380803264118823,5,9
large_integer,31312,3717018930852474650648,3,4962174155827869384731,4,9
large_integer,31313,4943727411754159833112,4,6188882636729554567195,5,9
large_integer,31314,4943727411754159833114,4,6188882636729554567197,5,9
large_integer,31315,4952950783791014608922,4,6198106008766409343005,5,9
large_integer,31316,4943727411754159833116,4,6188882636729554567199,5,9
large_integer,31317,4952950783791014608924,4,6198106008766409343007,5,9
large_integer,31318,4952950783791014608926,4,6198106008766409343009,5,9
large_integer,31319,4962174155827869384734,4,6207329380803264118817,5,9
large_integer,31320,4943727411754159833118,4,6188882636729554567201,5,9
large_integer,31321,4952950783791014608926,4,6198106008766409343009,5,9
large_integer,31322,4952950783791014608928,4,6198106008766409343011,5,9
large_integer,31323,4962174155827869384736,4,6207329380803264118819,5,9
large_integer,31324,4952950783791014608930,4,6198106008766409343013,5,9
large_integer,31325,4962174155827869384738,4,6207329380803264118821,5,9
large_integer,31326,4962174155827869384740,4,6207329380803264118823,5,9
large_integer,31327,4971397527864724160548,4,6216552752840118894631,5,9
large_integer,31328,3717018930852474650650,3,4989844271938433712156,4,11
large_integer,31329,4943727411754159833114,4,6216552752840118894620,5,11
large_integer,31330,4943727411754159833116,4,5026737760085852815388,4,13
large_integer,31331,4952950783791014608924,4,6253446240987537997852,5,13
large_integer,31332,4943727411754159833118,4,6216552752840118894624,5,11
large_integer,31333,4952950783791014608926,4,6225776124876973670432,5,11
large_integer,31334,4952950783791014608928,4,6253446240987537997856,5,13
large_integer,31335,4962174155827869384736,4,6262669613024392773664,5,13
large_integer,31336,4943727411754159833120,4,6216552752840118894626,5,11
large_integer,31337,4952950783791014608928,4,6225776124876973670434,5,11
large_integer,31338,4952950783791014608930,4,6253446240987537997858,5,13
large_integer,31339,4962174155827869384738,4,6262669613024392773666,5,13
large_integer,31340,4952950783791014608932,4,6225776124876973670438,5,11
large_integer,31341,4962174155827869384740,4,6234999496913828446246,5,11
large_integer,31342,4962174155827869384742,4,6262669613024392773670,5,13
large_integer,31343,4971397527864724160550,4,6271892985061247549478,5,13
large_integer,31344,3726242302889329426458,3,4999067643975288487964,4,11
large_integer,31345,4952950783791014608922,4,6225776124876973670428,5,11
large_integer,31346,4952950783791014608924,4,5035961132122707591196,4,13
large_integer,31347,4962174155827869384732,4,6262669613024392773660,5,13
large_integer,31348,4952950783791014608926,4,6225776124876973670432,5,11
large_integer,31349,4962174155827869384734,4,6234999496913828446240,5,11
large_integer,31350,4962174155827869384736,4,6262669613024392773664,5,13
large_integer,31351,4971397527864724160544,4,6271892985061247549472,5,13
large_integer,31352,4952950783791014608928,4,6225776124876973670434,5,11
large_integer,31353,4962174155827869384736,4,6234999496913828446242,5,11
large_integer,31354,4962174155827869384738,4,6262669613024392773666,5,13
large_integer,31355,4971397527864724160546,4,6271892985061247549474,5,13
large_integer,31356,4962174155827869384740,4,6234999496913828446246,5,11
large_integer,31357,4971397527864724160548,4,6244222868950683222054,5,11
large_integer,31358,4971397527864724160550,4,6271892985061247549478,5,13
large_integer,31359,4980620899901578936358,4,6281116357098102325286,5,13
large_integer,31360,3707795558815619874842,3,4952950783791014608925,4,9
large_integer,31361,4934504039717305057306,4,6179659264692699791389,5,9
large_integer,31362,4934504039717305057308,4,6179659264692699791391,5,9
large_integer,31363,4943727411754159833116,4,6188882636729554567199,5,9
large_integer,31364,4934504039717305057310,4,6179659264692699791393,5,9
large_integer,31365,4943727411754159833118,4,6188882636729554567201,5,9
large_integer,31366,4943727411754159833120,4,6188882636729554567203,5,9
large_integer,31367,4952950783791014608928,4,6198106008766409343011,5,9
large_integer,31368,4934504039717305057312,4,6179659264692699791395,5,9
large_integer,31369,4943727411754159833120,4,6188882636729554567203,5,9
large_integer,31370,4943727411754159833122,4,6188882636729554567205,5,9
large_integer,31371,4952950783791014608930,4,6198106008766409343013,5,9
large_integer,31372,4943727411754159833124,4,6188882636729554567207,5,9
large_integer,31373,4952950783791014608932,4,6198106008766409343015,5,9
large_integer,31374,4952950783791014608934,4,6198106008766409343017,5,9
large_integer,31375,4962174155827869384742,4,6207329380803264118825,5,9
large_integer,31376,3717018930852474650650,3,4962174155827869384733,4,9
large_integer,31377,4943727411754159833114,4,6188882636729554567197,5,9
large_integer,31378,4943727411754159833116,4,6188882636729554567199,5,9
large_integer,31379,4952950783791014608924,4,6198106008766409343007,5,9
large_integer,31380,4943727411754159833118,4,6188882636729554567201,5,9
large_integer,31381,4952950783791014608926,4,6198106008766409343009,5,9
large_integer,31382,4952950783791014608928,4,6198106008766409343011,5,9
large_integer,31383,4962174155827869384736,4,6207329380803264118819,5,9
large_integer,31384,4943727411754159833120,4,6188882636729554567203,5,9
large_integer,31385,4952950783791014608928,4,6198106008766409343011,5,9
large_integer,31386,4952950783791014608930,4,6198106008766409343013,5,9
large_integer,31387,4962174155827869384738,4,6207329380803264118821,5,9
large_integer,31388,4952950783791014608932,4,6198106008766409343015,5,9
large_integer,31389,4962174155827869384740,4,6207329380803264118823,5,9
large_integer,31390,4962174155827869384742,4,6207329380803264118825,5,9
large_integer,31391,4971397527864724160550,4,6216552752840118894633,5,9
large_integer,31392,3717018930852474650652,3,4989844271938433712158,4,11
large_integer,31393,4943727411754159833116,4,6216552752840118894622,5,11
large_integer,31394,4943727411754159833118,4,5026737760085852815390,4,13
large_integer,31395,4952950783791014608926,4,6253446240987537997854,5,13
large_integer,31396,4943727411754159833120,4,6216552752840118894626,5,11
large_integer,31397,4952950783791014608928,4,6225776124876973670434,5,11
large_integer,31398,4952950783791014608930,4,6253446240987537997858,5,13
large_integer,31399,4962174155827869384738,4,6262669613024392773666,5,13
large_integer,31400,4943727411754159833122,4,6216552752840118894628,5,11
large_integer,31401,4952950783791014608930,4,6225776124876973670436,5,11
large_integer,31402,4952950783791014608932,4,6253446240987537997860,5,13
large_integer,31403,4962174155827869384740,4,6262669613024392773668,5,13
large_integer,31404,4952950783791014608934,4,6225776124876973670440,5,11
large_integer,31405,4962174155827869384742,4,6234999496913828446248,5,11
large_integer,31406,4962174155827869384744,4,6262669613024392773672,5,13
large_integer,31407,4971397527864724160552,4,6271892985061247549480,5,13
large_integer,31408,3726242302889329426460,3,4999067643975288487966,4,11
large_integer,31409,4952950783791014608924,4,6225776124876973670430,5,11
large_integer,31410,4952950783791014608926,4,5035961132122707591198,4,13
large_integer,31411,4962174155827869384734,4,6262669613024392773662,5,13
large_integer,31412,4952950783791014608928,4,6225776124876973670434,5,11
large_integer,31413,4962174155827869384736,4,6234999496913828446242,5,11
large_integer,31414,4962174155827869384738,4,6262669613024392773666,5,13
large_integer,31415,4971397527864724160546,4,6271892985061247549474,5,13
large_integer,31416,4952950783791014608930,4,6225776124876973670436,5,11
large_integer,31417,4962174155827869384738,4,6234999496913828446244,5,11
large_integer,31418,4962174155827869384740,4,6262669613024392773668,5,13
large_integer,31419,4971397527864724160548,4,6271892985061247549476,5,13
large_integer,31420,4962174155827869384742,4,6234999496913828446248,5,11
large_integer,31421,4971397527864724160550,4,6244222868950683222056,5,11
large_integer,31422,4971397527864724160552,4,6271892985061247549480,5,13
large_integer,31423,4980620899901578936360,4,6281116357098102325288,5,13
large_integer,31424,3717018930852474650654,3,4962174155827869384737,4,9
large_integer,31425,4943727411754159833118,4,6188882636729554567201,5,9
large_integer,31426,4943727411754159833120,4,6188882636729554567203,5,9
large_integer,31427,4952950783791014608928,4,6198106008766409343011,5,9
large_integer,31428,4943727411754159833122,4,6188882636729554567205,5,9
large_integer,31429,4952950783791014608930,4,6198106008766409343013,5,9
large_integer,31430,4952950783791014608932,4,6198106008766409343015,5,9
large_integer,31431,4962174155827869384740,4,6207329380803264118823,5,9
large_integer,31432,4943727411754159833124,4,6188882636729554567207,5,9
large_integer,31433,4952950783791014608932,4,6198106008766409343015,5,9
large_integer,31434,4952950783791014608934,4,6198106008766409343017,5,9
large_integer,31435,4962174155827869384742,4,6207329380803264118825,5,9
large_integer,31436,4952950783791014608936,4,6198106008766409343019,5,9
large_integer,31437,4962174155827869384744,4,6207329380803264118827,5,9
large_integer,31438,4962174155827869384746,4,6207329380803264118829,5,9
large_integer,31439,4971397527864724160554,4,6216552752840118894637,5,9
large_integer,31440,3726242302889329426462,3,4971397527864724160545,4,9
large_integer,31441,4952950783791014608926,4,6198106008766409343009,5,9
large_integer,31442,4952950783791014608928,4,6198106008766409343011,5,9
large_integer,31443,4962174155827869384736,4,6207329380803264118819,5,9
large_integer,31444,4952950783791014608930,4,6198106008766409343013,5,9
large_integer,31445,4962174155827869384738,4,6207329380803264118821,5,9
large_integer,31446,4962174155827869384740,4,6207329380803264118823,5,9
large_integer,31447,4971397527864724160548,4,6216552752840118894631,5,9
large_integer,31448,4952950783791014608932,4,6198106008766409343015,5,9
large_integer,31449,4962174155827869384740,4,6207329380803264118823,5,9
large_integer,31450,4962174155827869384742,4,6207329380803264118825,5,9
large_integer,31451,4971397527864724160550,4,6216552752840118894633,5,9
large_integer,31452,4962174155827869384744,4,6207329380803264118827,5,9
large_integer,31453,4971397527864724160552,4,6216552752840118894635,5,9
large_integer,31454,4971397527864724160554,4,6216552752840118894637,5,9
large_integer,31455,4980620899901578936362,4,6225776124876973670445,5,9
large_integer,31456,3726242302889329426464,3,4999067643975288487970,4,11
large_integer,31457,4952950783791014608928,4,6225776124876973670434,5,11
large_integer,31458,4952950783791014608930,4,5035961132122707591202,4,13
large_integer,31459,4962174155827869384738,4,6262669613024392773666,5,13
large_integer,31460,4952950783791014608932,4,6225776124876973670438,5,11
large_integer,31461,4962174155827869384740,4,6234999496913828446246,5,11
large_integer,31462,4962174155827869384742,4,6262669613024392773670,5,13
large_integer,31463,4971397527864724160550,4,6271892985061247549478,5,13
large_integer,31464,4952950783791014608934,4,6225776124876973670440,5,11
large_integer,31465,4962174155827869384742,4,6234999496913828446248,5,11
large_integer,31466,4962174155827869384744,4,6262669613024392773672,5,13
large_integer,31467,4971397527864724160552,4,6271892985061247549480,5,13
large_integer,31468,4962174155827869384746,4,6234999496913828446252,5,11
large_integer,31469,4971397527864724160554,4,6244222868950683222060,5,11
large_integer,31470,4971397527864724160556,4,6271892985061247549484,5,13
large_integer,31471,4980620899901578936364,4,6281116357098102325292,5,13
large_integer,31472,3735465674926184202272,3,5008291016012143263778,4,11
large_integer,31473,4962174155827869384736,4,6234999496913828446242,5,11
large_integer,31474,4962174155827869384738,4,5045184504159562367010,4,13
large_integer,31475,4971397527864724160546,4,6271892985061247549474,5,13
large_integer,31476,4962174155827869384740,4,6234999496913828446246,5,11
large_integer,31477,4971397527864724160548,4,6244222868950683222054,5,11
large_integer,31478,4971397527864724160550,4,6271892985061247549478,5,13
large_integer,31479,4980620899901578936358,4,6281116357098102325286,5,13
large_integer,31480,4962174155827869384742,4,6234999496913828446248,5,11
large_integer,31481,4971397527864724160550,4,6244222868950683222056,5,11
large_integer,31482,4971397527864724160552,4,6271892985061247549480,5,13
large_integer,31483,4980620899901578936360,4,6281116357098102325288,5,13
large_integer,31484,4971397527864724160554,4,6244222868950683222060,5,11
large_integer,31485,4980620899901578936362,4,6253446240987537997868,5,11
large_integer,31486,4980620899901578936364,4,6281116357098102325292,5,13
large_integer,31487,4989844271938433712172,4,6290339729134957101100,5,13
large_integer,31488,2490310449950789468179,2,3726242302889329426454,3,9
large_integer,31489,3717018930852474650643,3,4952950783791014608918,4,9
large_integer,31490,3717018930852474650645,3,4952950783791014608920,4,9
large_integer,31491,3726242302889329426453,3,4962174155827869384728,4,9
large_integer,31492,3717018930852474650647,3,4952950783791014608922,4,9
large_integer,31493,3726242302889329426455,3,4962174155827869384730,4,9
large_integer,31494,3726242302889329426457,3,4962174155827869384732,4,9
large_integer,31495,3735465674926184202265,3,4971397527864724160540,4,9
large_integer,31496,3717018930852474650649,3,4952950783791014608924,4,9
large_integer,31497,3726242302889329426457,3,4962174155827869384732,4,9
large_integer,31498,3726242302889329426459,3,4962174155827869384734,4,9
large_integer,31499,3735465674926184202267,3,4971397527864724160542,4,9
large_integer,31500,3726242302889329426461,3,4962174155827869384736,4,9
large_integer,31501,3735465674926184202269,3,4971397527864724160544,4,9
large_integer,31502,3735465674926184202271,3,4971397527864724160546,4,9
large_integer,31503,3744689046963038978079,3,4980620899901578936354,4,9
large_integer,31504,3717018930852474650644,3,5017514388048998039580,4,13
large_integer,31505,3809252651221022408729,3,5054407876196417142812,4,15
large_integer,31506,4943727411754159833110,4,6244222868950683222046,5,13
large_integer,31507,4952950783791014608918,4,6281116357098102325278,5,15
large_integer,31508,4943727411754159833112,4,6244222868950683222048,5,13
large_integer,31509,4952950783791014608920,4,6281116357098102325280,5,15
large_integer,31510,4952950783791014608922,4,6253446240987537997858,5,13
large_integer,31511,4962174155827869384730,4,6290339729134957101090,5,15
large_integer,31512,4943727411754159833114,4,6244222868950683222050,5,13
large_integer,31513,4952950783791014608922,4,6281116357098102325282,5,15
large_integer,31514,4952950783791014608924,4,6253446240987537997860,5,13
large_integer,31515,4962174155827869384732,4,6290339729134957101092,5,15
large_integer,31516,4952950783791014608926,4,6253446240987537997862,5,13
large_integer,31517,4962174155827869384734,4,6290339729134957101094,5,15
large_integer,31518,4962174155827869384736,4,6262669613024392773672,5,13
large_integer,31519,4971397527864724160544,4,6299563101171811876904,5,15
large_integer,31520,3717018930852474650646,3,5017514388048998039580,4,13
large_integer,31521,4943727411754159833110,4,6244222868950683222044,5,13
large_integer,31522,3809252651221022408727,3,5054407876196417142812,4,15
large_integer,31523,4952950783791014608920,4,6281116357098102325276,5,15
large_integer,31524,4943727411754159833114,4,6244222868950683222048,5,13
large_integer,31525,4952950783791014608922,4,6253446240987537997856,5,13
large_integer,31526,4952950783791014608924,4,6281116357098102325280,5,15
large_integer,31527,4962174155827869384732,4,6290339729134957101088,5,15
large_integer,31528,4943727411754159833116,4,6244222868950683222050,5,13
large_integer,31529,4952950783791014608924,4,6253446240987537997858,5,13
large_integer,31530,4952950783791014608926,4,6281116357098102325282,5,15
large_integer,31531,4962174155827869384734,4,6290339729134957101090,5,15
large_integer,31532,4952950783791014608928,4,6253446240987537997862,5,13
large_integer,31533,4962174155827869384736,4,6262669613024392773670,5,13
large_integer,31534,4962174155827869384738,4,6290339729134957101094,5,15
large_integer,31535,4971397527864724160546,4,6299563101171811876902,5,15
large_integer,31536,3726242302889329426454,3,3763135791036748529687,3,11
large_integer,31537,4952950783791014608918,4,5091301364343836246045,4,17
large_integer,31538,4952950783791014608920,4,5091301364343836246045,4,17
large_integer,31539,3800029279184167632919,3,3800029279184167632919,3,13
large_integer,31540,4952950783791014608922,4,4989844271938433712155,4,11
large_integer,31541,4962174155827869384730,4,6318009845245521428513,5,17
large_integer,31542,4962174155827869384732,4,6318009845245521428513,5,17
large_integer,31543,4971397527864724160540,4,5026737760085852815387,4,13
large_integer,31544,4952950783791014608924,4,4989844271938433712157,4,11
large_integer,31545,4962174155827869384732,4,6318009845245521428515,5,17
large_integer,31546,4962174155827869384734,4,6318009845245521428515,5,17
large_integer,31547,4971397527864724160542,4,5026737760085852815389,4,13
large_integer,31548,4962174155827869384736,4,4999067643975288487969,4,11
large_integer,31549,4971397527864724160544,4,6327233217282376204327,5,17
large_integer,31550,4971397527864724160546,4,6327233217282376204327,5,17
large_integer,31551,4980620899901578936354,4,5035961132122707591201,4,13
large_integer,31552,3717018930852474650648,3,4952950783791014608923,4,9
large_integer,31553,4943727411754159833112,4,6179659264692699791387,5,9
large_integer,31554,4943727411754159833114,4,6179659264692699791389,5,9
large_integer,31555,4952950783791014608922,4,6188882636729554567197,5,9
large_integer,31556,4943727411754159833116,4,6179659264692699791391,5,9
large_integer,31557,4952950783791014608924,4,6188882636729554567199,5,9
large_integer,31558,4952950783791014608926,4,6188882636729554567201,5,9
large_integer,31559,4962174155827869384734,4,6198106008766409343009,5,9
large_integer,31560,4943727411754159833118,4,6179659264692699791393,5,9
large_integer,31561,4952950783791014608926,4,6188882636729554567201,5,9
large_integer,31562,4952950783791014608928,4,6188882636729554567203,5,9
large_integer,31563,4962174155827869384736,4,6198106008766409343011,5,9
large_integer,31564,4952950783791014608930,4,6188882636729554567205,5,9
large_integer,31565,4962174155827869384738,4,6198106008766409343013,5,9
large_integer,31566,4962174155827869384740,4,6198106008766409343015,5,9
large_integer,31567,4971397527864724160548,4,6207329380803264118823,5,9
large_integer,31568,3726242302889329426456,3,6244222868950683222049,5,13
large_integer,31569,4952950783791014608920,4,6281116357098102325281,5,15
large_integer,31570,4952950783791014608922,4,7470931349852368404515,6,13
large_integer,31571,4962174155827869384730,4,7507824837999787507747,6,15
large_integer,31572,4952950783791014608924,4,7470931349852368404517,6,13
large_integer,31573,4962174155827869384732,4,7507824837999787507749,6,15
large_integer,31574,4962174155827869384734,4,7480154721889223180327,6,13
large_integer,31575,4971397527864724160542,4,7517048210036642283559,6,15
large_integer,31576,4952950783791014608926,4,7470931349852368404519,6,13
large_integer,31577,4962174155827869384734,4,7507824837999787507751,6,15
large_integer,31578,4962174155827869384736,4,7480154721889223180329,6,13
large_integer,31579,4971397527864724160544,4,7517048210036642283561,6,15
large_integer,31580,4962174155827869384738,4,7480154721889223180331,6,13
large_integer,31581,4971397527864724160546,4,7517048210036642283563,6,15
large_integer,31582,4971397527864724160548,4,7489378093926077956141,6,13
large_integer,31583,4980620899901578936356,4,7526271582073497059373,6,15
large_integer,31584,3726242302889329426458,3,6244222868950683222049,5,13
large_integer,31585,4952950783791014608922,4,7470931349852368404513,6,13
large_integer,31586,4952950783791014608924,4,6281116357098102325281,5,15
large_integer,31587,4962174155827869384732,4,7507824837999787507745,6,15
large_integer,31588,4952950783791014608926,4,7470931349852368404517,6,13
large_integer,31589,4962174155827869384734,4,7480154721889223180325,6,13
large_integer,31590,4962174155827869384736,4,7507824837999787507749,6,15
large_integer,31591,4971397527864724160544,4,7517048210036642283557,6,15
large_integer,31592,4952950783791014608928,4,7470931349852368404519,6,13
large_integer,31593,4962174155827869384736,4,7480154721889223180327,6,13
large_integer,31594,4962174155827869384738,4,7507824837999787507751,6,15
large_integer,31595,4971397527864724160546,4,7517048210036642283559,6,15
large_integer,31596,4962174155827869384740,4,7480154721889223180331,6,13
large_integer,31597,4971397527864724160548,4,7489378093926077956139,6,13
large_integer,31598,4971397527864724160550,4,7517048210036642283563,6,15
large_integer,31599,4980620899901578936358,4,7526271582073497059371,6,15
large_integer,31600,3735465674926184202266,3,4989844271938433712156,4,11
large_integer,31601,4962174155827869384730,4,6318009845245521428514,5,17
large_integer,31602,4962174155827869384732,4,6318009845245521428514,5,17
large_integer,31603,4971397527864724160540,4,5026737760085852815388,4,13
large_integer,31604,4962174155827869384734,4,6216552752840118894624,5,11
large_integer,31605,4971397527864724160542,4,7544718326147206610982,6,17
large_integer,31606,4971397527864724160544,4,7544718326147206610982,6,17
large_integer,31607,4980620899901578936352,4,6253446240987537997856,5,13
large_integer,31608,4962174155827869384736,4,6216552752840118894626,5,11
large_integer,31609,4971397527864724160544,4,7544718326147206610984,6,17
large_integer,31610,4971397527864724160546,4,7544718326147206610984,6,17
large_integer,31611,4980620899901578936354,4,6253446240987537997858,5,13
large_integer,31612,4971397527864724160548,4,6225776124876973670438,5,11
large_integer,31613,4980620899901578936356,4,7553941698184061386796,6,17
large_integer,31614,4980620899901578936358,4,7553941698184061386796,6,17
large_integer,31615,4989844271938433712166,4,6262669613024392773670,5,13
large_integer,31616,3717018930852474650650,3,4952950783791014608925,4,9
large_integer,31617,4943727411754159833114,4,6179659264692699791389,5,9
large_integer,31618,4943727411754159833116,4,6179659264692699791391,5,9
large_integer,31619,4952950783791014608924,4,6188882636729554567199,5,9
large_integer,31620,4943727411754159833118,4,6179659264692699791393,5,9
large_integer,31621,4952950783791014608926,4,6188882636729554567201,5,9
large_integer,31622,4952950783791014608928,4,6188882636729554567203,5,9
large_integer,31623,4962174155827869384736,4,6198106008766409343011,5,9
large_integer,31624,4943727411754159833120,4,6179659264692699791395,5,9
large_integer,31625,4952950783791014608928,4,6188882636729554567203,5,9
large_integer,31626,4952950783791014608930,4,6188882636729554567205,5,9
large_integer,31627,4962174155827869384738,4,6198106008766409343013,5,9
large_integer,31628,4952950783791014608932,4,6188882636729554567207,5,9
large_integer,31629,4962174155827869384740,4,6198106008766409343015,5,9
large_integer,31630,4962174155827869384742,4,6198106008766409343017,5,9
large_integer,31631,4971397527864724160550,4,6207329380803264118825,5,9
large_integer,31632,3726242302889329426458,3,6244222868950683222051,5,13
large_integer,31633,4952950783791014608922,4,6281116357098102325283,5,15
large_integer,31634,4952950783791014608924,4,7470931349852368404517,6,13
large_integer,31635,4962174155827869384732,4,7507824837999787507749,6,15
large_integer,31636,4952950783791014608926,4,7470931349852368404519,6,13
large_integer,31637,4962174155827869384734,4,7507824837999787507751,6,15
large_integer,31638,4962174155827869384736,4,7480154721889223180329,6,13
large_integer,31639,4971397527864724160544,4,7517048210036642283561,6,15
large_integer,31640,4952950783791014608928,4,7470931349852368404521,6,13
large_integer,31641,4962174155827869384736,4,7507824837999787507753,6,15
large_integer,31642,4962174155827869384738,4,7480154721889223180331,6,13
large_integer,31643,4971397527864724160546,4,7517048210036642283563,6,15
large_integer,31644,4962174155827869384740,4,7480154721889223180333,6,13
large_integer,31645,4971397527864724160548,4,7517048210036642283565,6,15
large_integer,31646,4971397527864724160550,4,7489378093926077956143,6,13
large_integer,31647,4980620899901578936358,4,7526271582073497059375,6,15
large_integer,31648,3726242302889329426460,3,6244222868950683222051,5,13
large_integer,31649,4952950783791014608924,4,7470931349852368404515,6,13
large_integer,31650,4952950783791014608926,4,6281116357098102325283,5,15
large_integer,31651,4962174155827869384734,4,7507824837999787507747,6,15
large_integer,31652,4952950783791014608928,4,7470931349852368404519,6,13
large_integer,31653,4962174155827869384736,4,7480154721889223180327,6,13
large_integer,31654,4962174155827869384738,4,7507824837999787507751,6,15
large_integer,31655,4971397527864724160546,4,7517048210036642283559,6,15
large_integer,31656,4952950783791014608930,4,7470931349852368404521,6,13
large_integer,31657,4962174155827869384738,4,7480154721889223180329,6,13
large_integer,31658,4962174155827869384740,4,7507824837999787507753,6,15
large_integer,31659,4971397527864724160548,4,7517048210036642283561,6,15
large_integer,31660,4962174155827869384742,4,7480154721889223180333,6,13
large_integer,31661,4971397527864724160550,4,7489378093926077956141,6,13
large_integer,31662,4971397527864724160552,4,7517048210036642283565,6,15
large_integer,31663,4980620899901578936360,4,7526271582073497059373,6,15
large_integer,31664,3735465674926184202268,3,4989844271938433712158,4,11
large_integer,31665,4962174155827869384732,4,6318009845245521428516,5,17
large_integer,31666,4962174155827869384734,4,6318009845245521428516,5,17
large_integer,31667,4971397527864724160542,4,5026737760085852815390,4,13
large_integer,31668,4962174155827869384736,4,6216552752840118894626,5,11
large_integer,31669,4971397527864724160544,4,7544718326147206610984,6,17
large_integer,31670,4971397527864724160546,4,7544718326147206610984,6,17
large_integer,31671,4980620899901578936354,4,6253446240987537997858,5,13
large_integer,31672,4962174155827869384738,4,6216552752840118894628,5,11
large_integer,31673,4971397527864724160546,4,7544718326147206610986,6,17
large_integer,31674,4971397527864724160548,4,7544718326147206610986,6,17
large_integer,31675,4980620899901578936356,4,6253446240987537997860,5,13
large_integer,31676,4971397527864724160550,4,6225776124876973670440,5,11
large_integer,31677,4980620899901578936358,4,7553941698184061386798,6,17
large_integer,31678,4980620899901578936360,4,7553941698184061386798,6,17
large_integer,31679,4989844271938433712168,4,6262669613024392773672,5,13
large_integer,31680,3726242302889329426462,3,4962174155827869384737,4,9
large_integer,31681,4952950783791014608926,4,6188882636729554567201,5,9
large_integer,31682,4952950783791014608928,4,6188882636729554567203,5,9
large_integer,31683,4962174155827869384736,4,6198106008766409343011,5,9
large_integer,31684,4952950783791014608930,4,6188882636729554567205,5,9
large_integer,31685,4962174155827869384738,4,6198106008766409343013,5,9
large_integer,31686,4962174155827869384740,4,6198106008766409343015,5,9
large_integer,31687,4971397527864724160548,4,6207329380803264118823,5,9
large_integer,31688,4952950783791014608932,4,6188882636729554567207,5,9
large_integer,31689,4962174155827869384740,4,6198106008766409343015,5,9
large_integer,31690,4962174155827869384742,4,6198106008766409343017,5,9
large_integer,31691,4971397527864724160550,4,6207329380803264118825,5,9
large_integer,31692,4962174155827869384744,4,6198106008766409343019,5,9
large_integer,31693,4971397527864724160552,4,6207329380803264118827,5,9
large_integer,31694,4971397527864724160554,4,6207329380803264118829,5,9
large_integer,31695,4980620899901578936362,4,6216552752840118894637,5,9
large_integer,31696,3735465674926184202270,3,6253446240987537997863,5,13
large_integer,31697,4962174155827869384734,4,6290339729134957101095,5,15
large_integer,31698,4962174155827869384736,4,7480154721889223180329,6,13
large_integer,31699,4971397527864724160544,4,7517048210036642283561,6,15
large_integer,31700,4962174155827869384738,4,7480154721889223180331,6,13
large_integer,31701,4971397527864724160546,4,7517048210036642283563,6,15
large_integer,31702,4971397527864724160548,4,7489378093926077956141,6,13
large_integer,31703,4980620899901578936356,4,7526271582073497059373,6,15
large_integer,31704,4962174155827869384740,4,7480154721889223180333,6,13
large_integer,31705,4971397527864724160548,4,7517048210036642283565,6,15
large_integer,31706,4971397527864724160550,4,7489378093926077956143,6,13
large_integer,31707,4980620899901578936358,4,7526271582073497059375,6,15
large_integer,31708,4971397527864724160552,4,7489378093926077956145,6,13
large_integer,31709,4980620899901578936360,4,7526271582073497059377,6,15
large_integer,31710,4980620899901578936362,4,7498601465962932731955,6,13
large_integer,31711,4989844271938433712170,4,7535494954110351835187,6,15
large_integer,31712,3735465674926184202272,3,6253446240987537997863,5,13
large_integer,31713,4962174155827869384736,4,7480154721889223180327,6,13
large_integer,31714,4962174155827869384738,4,6290339729134957101095,5,15
large_integer,31715,4971397527864724160546,4,7517048210036642283559,6,15
large_integer,31716,4962174155827869384740,4,7480154721889223180331,6,13
large_integer,31717,4971397527864724160548,4,7489378093926077956139,6,13
large_integer,31718,4971397527864724160550,4,7517048210036642283563,6,15
large_integer,31719,4980620899901578936358,4,7526271582073497059371,6,15
large_integer,31720,4962174155827869384742,4,7480154721889223180333,6,13
large_integer,31721,4971397527864724160550,4,7489378093926077956141,6,13
large_integer,31722,4971397527864724160552,4,7517048210036642283565,6,15
large_integer,31723,4980620899901578936360,4,7526271582073497059373,6,15
large_integer,31724,4971397527864724160554,4,7489378093926077956145,6,13
large_integer,31725,4980620899901578936362,4,7498601465962932731953,6,13
large_integer,31726,4980620899901578936364,4,7526271582073497059377,6,15
large_integer,31727,4989844271938433712172,4,7535494954110351835185,6,15
large_integer,31728,3744689046963038978080,3,4999067643975288487970,4,11
large_integer,31729,4971397527864724160544,4,6327233217282376204328,5,17
large_integer,31730,4971397527864724160546,4,6327233217282376204328,5,17
large_integer,31731,4980620899901578936354,4,5035961132122707591202,4,13
large_integer,31732,4971397527864724160548,4,6225776124876973670438,5,11
large_integer,31733,4980620899901578936356,4,7553941698184061386796,6,17
large_integer,31734,4980620899901578936358,4,7553941698184061386796,6,17
large_integer,31735,4989844271938433712166,4,6262669613024392773670,5,13
large_integer,31736,4971397527864724160550,4,6225776124876973670440,5,11
large_integer,31737,4980620899901578936358,4,7553941698184061386798,6,17
large_integer,31738,4980620899901578936360,4,7553941698184061386798,6,17
large_integer,31739,4989844271938433712168,4,6262669613024392773672,5,13
large_integer,31740,4980620899901578936362,4,6234999496913828446252,5,11
large_integer,31741,4989844271938433712170,4,7563165070220916162610,6,17
large_integer,31742,4989844271938433712172,4,7563165070220916162610,6,17
large_integer,31743,4999067643975288487980,4,6271892985061247549484,5,13
large_integer,31744,2481087077913934692373,2,3726242302889329426454,3,9
large_integer,31745,3707795558815619874837,3,4952950783791014608918,4,9
large_integer,31746,3707795558815619874839,3,4952950783791014608920,4,9
large_integer,31747,3717018930852474650647,3,4962174155827869384728,4,9
large_integer,31748,3707795558815619874841,3,4952950783791014608922,4,9
large_integer,31749,3717018930852474650649,3,4962174155827869384730,4,9
large_integer,31750,3717018930852474650651,3,4962174155827869384732,4,9
large_integer,31751,3726242302889329426459,3,4971397527864724160540,4,9
large_integer,31752,3707795558815619874843,3,4952950783791014608924,4,9
large_integer,31753,3717018930852474650651,3,4962174155827869384732,4,9
large_integer,31754,3717018930852474650653,3,4962174155827869384734,4,9
large_integer,31755,3726242302889329426461,3,4971397527864724160542,4,9
large_integer,31756,3717018930852474650655,3,4962174155827869384736,4,9
large_integer,31757,3726242302889329426463,3,4971397527864724160544,4,9
large_integer,31758,3726242302889329426465,3,4971397527864724160546,4,9
large_integer,31759,3735465674926184202273,3,4980620899901578936354,4,9
large_integer,31760,3707795558815619874838,3,4952950783791014608919,4,9
large_integer,31761,4934504039717305057302,4,6179659264692699791383,5,9
large_integer,31762,4934504039717305057304,4,6179659264692699791385,5,9
large_integer,31763,4943727411754159833112,4,6188882636729554567193,5,9
large_integer,31764,4934504039717305057306,4,6179659264692699791387,5,9
large_integer,31765,4943727411754159833114,4,6188882636729554567195,5,9
large_integer,31766,4943727411754159833116,4,6188882636729554567197,5,9
large_integer,31767,4952950783791014608924,4,6198106008766409343005,5,9
large_integer,31768,4934504039717305057308,4,6179659264692699791389,5,9
large_integer,31769,4943727411754159833116,4,6188882636729554567197,5,9
large_integer,31770,4943727411754159833118,4,6188882636729554567199,5,9
large_integer,31771,4952950783791014608926,4,6198106008766409343007,5,9
large_integer,31772,4943727411754159833120,4,6188882636729554567201,5,9
large_integer,31773,4952950783791014608928,4,6198106008766409343009,5,9
large_integer,31774,4952950783791014608930,4,6198106008766409343011,5,9
large_integer,31775,4962174155827869384738,4,6207329380803264118819,5,9
large_integer,31776,3707795558815619874840,3,4952950783791014608921,4,9
large_integer,31777,4934504039717305057304,4,6179659264692699791385,5,9
large_integer,31778,4934504039717305057306,4,6179659264692699791387,5,9
large_integer,31779,4943727411754159833114,4,6188882636729554567195,5,9
large_integer,31780,4934504039717305057308,4,6179659264692699791389,5,9
large_integer,31781,4943727411754159833116,4,6188882636729554567197,5,9
large_integer,31782,4943727411754159833118,4,6188882636729554567199,5,9
large_integer,31783,4952950783791014608926,4,6198106008766409343007,5,9
large_integer,31784,4934504039717305057310,4,6179659264692699791391,5,9
large_integer,31785,4943727411754159833118,4,6188882636729554567199,5,9
large_integer,31786,4943727411754159833120,4,6188882636729554567201,5,9
large_integer,31787,4952950783791014608928,4,6198106008766409343009,5,9
large_integer,31788,4943727411754159833122,4,6188882636729554567203,5,9
large_integer,31789,4952950783791014608930,4,6198106008766409343011,5,9
large_integer,31790,4952950783791014608932,4,6198106008766409343013,5,9
large_integer,31791,4962174155827869384740,4,6207329380803264118821,5,9
large_integer,31792,3717018930852474650648,3,4962174155827869384729,4,9
large_integer,31793,4943727411754159833112,4,6188882636729554567193,5,9
large_integer,31794,4943727411754159833114,4,6188882636729554567195,5,9
large_integer,31795,4952950783791014608922,4,6198106008766409343003,5,9
large_integer,31796,4943727411754159833116,4,6188882636729554567197,5,9
large_integer,31797,4952950783791014608924,4,6198106008766409343005,5,9
large_integer,31798,4952950783791014608926,4,6198106008766409343007,5,9
large_integer,31799,4962174155827869384734,4,6207329380803264118815,5,9
large_integer,31800,4943727411754159833118,4,6188882636729554567199,5,9
large_integer,31801,4952950783791014608926,4,6198106008766409343007,5,9
large_integer,31802,4952950783791014608928,4,6198106008766409343009,5,9
large_integer,31803,4962174155827869384736,4,6207329380803264118817,5,9
large_integer,31804,4952950783791014608930,4,6198106008766409343011,5,9
large_integer,31805,4962174155827869384738,4,6207329380803264118819,5,9
large_integer,31806,4962174155827869384740,4,6207329380803264118821,5,9
large_integer,31807,4971397527864724160548,4,6216552752840118894629,5,9
large_integer,31808,3707795558815619874842,3,3763135791036748529687,3,11
large_integer,31809,4934504039717305057306,4,4989844271938433712151,4,11
large_integer,31810,4934504039717305057308,4,4989844271938433712153,4,11
large_integer,31811,4943727411754159833116,4,4999067643975288487961,4,11
large_integer,31812,3800029279184167632919,3,3800029279184167632919,3,13
large_integer,31813,4943727411754159833118,4,5026737760085852815383,4,13
large_integer,31814,4943727411754159833120,4,5026737760085852815385,4,13
large_integer,31815,4952950783791014608928,4,5035961132122707591193,4,13
large_integer,31816,4934504039717305057312,4,4989844271938433712157,4,11
large_integer,31817,4943727411754159833120,4,4999067643975288487965,4,11
large_integer,31818,4943727411754159833122,4,4999067643975288487967,4,11
large_integer,31819,4952950783791014608930,4,5008291016012143263775,4,11
large_integer,31820,4943727411754159833124,4,5026737760085852815389,4,13
large_integer,31821,4952950783791014608932,4,5035961132122707591197,4,13
large_integer,31822,4952950783791014608934,4,5035961132122707591199,4,13
large_integer,31823,4962174155827869384742,4,5045184504159562367007,4,13
large_integer,31824,3717018930852474650650,3,4989844271938433712152,4,11
large_integer,31825,4943727411754159833114,4,6216552752840118894616,5,11
large_integer,31826,4943727411754159833116,4,6216552752840118894618,5,11
large_integer,31827,4952950783791014608924,4,6225776124876973670426,5,11
large_integer,31828,4943727411754159833118,4,5026737760085852815384,4,13
large_integer,31829,4952950783791014608926,4,6253446240987537997848,5,13
large_integer,31830,4952950783791014608928,4,6253446240987537997850,5,13
large_integer,31831,4962174155827869384736,4,6262669613024392773658,5,13
large_integer,31832,4943727411754159833120,4,6216552752840118894622,5,11
large_integer,31833,4952950783791014608928,4,6225776124876973670430,5,11
large_integer,31834,4952950783791014608930,4,6225776124876973670432,5,11
large_integer,31835,4962174155827869384738,4,6234999496913828446240,5,11
large_integer,31836,4952950783791014608932,4,6253446240987537997854,5,13
large_integer,31837,4962174155827869384740,4,6262669613024392773662,5,13
large_integer,31838,4962174155827869384742,4,6262669613024392773664,5,13
large_integer,31839,4971397527864724160550,4,6271892985061247549472,5,13
large_integer,31840,3717018930852474650652,3,4989844271938433712154,4,11
large_integer,31841,4943727411754159833116,4,6216552752840118894618,5,11
large_integer,31842,4943727411754159833118,4,6216552752840118894620,5,11
large_integer,31843,4952950783791014608926,4,6225776124876973670428,5,11
large_integer,31844,4943727411754159833120,4,5026737760085852815386,4,13
large_integer,31845,4952950783791014608928,4,6253446240987537997850,5,13
large_integer,31846,4952950783791014608930,4,6253446240987537997852,5,13
large_integer,31847,4962174155827869384738,4,6262669613024392773660,5,13
large_integer,31848,4943727411754159833122,4,6216552752840118894624,5,11
large_integer,31849,4952950783791014608930,4,6225776124876973670432,5,11
large_integer,31850,4952950783791014608932,4,6225776124876973670434,5,11
large_integer,31851,4962174155827869384740,4,6234999496913828446242,5,11
large_integer,31852,4952950783791014608934,4,6253446240987537997856,5,13
large_integer,31853,4962174155827869384742,4,6262669613024392773664,5,13
large_integer,31854,4962174155827869384744,4,6262669613024392773666,5,13
large_integer,31855,4971397527864724160552,4,6271892985061247549474,5,13
large_integer,31856,3726242302889329426460,3,4999067643975288487962,4,11
large_integer,31857,4952950783791014608924,4,6225776124876973670426,5,11
large_integer,31858,4952950783791014608926,4,6225776124876973670428,5,11
large_integer,31859,4962174155827869384734,4,6234999496913828446236,5,11
large_integer,31860,4952950783791014608928,4,5035961132122707591194,4,13
large_integer,31861,4962174155827869384736,4,6262669613024392773658,5,13
large_integer,31862,4962174155827869384738,4,6262669613024392773660,5,13
large_integer,31863,4971397527864724160546,4,6271892985061247549468,5,13
large_integer,31864,4952950783791014608930,4,6225776124876973670432,5,11
large_integer,31865,4962174155827869384738,4,6234999496913828446240,5,11
large_integer,31866,4962174155827869384740,4,6234999496913828446242,5,11
large_integer,31867,4971397527864724160548,4,6244222868950683222050,5,11
large_integer,31868,4962174155827869384742,4,6262669613024392773664,5,13
large_integer,31869,4971397527864724160550,4,6271892985061247549472,5,13
large_integer,31870,4971397527864724160552,4,6271892985061247549474,5,13
large_integer,31871,4980620899901578936360,4,6281116357098102325282,5,13
large_integer,31872,3707795558815619874844,3,4952950783791014608925,4,9
large_integer,31873,4934504039717305057308,4,6179659264692699791389,5,9
large_integer,31874,4934504039717305057310,4,6179659264692699791391,5,9
large_integer,31875,4943727411754159833118,4,6188882636729554567199,5,9
large_integer,31876,4934504039717305057312,4,6179659264692699791393,5,9
large_integer,31877,4943727411754159833120,4,6188882636729554567201,5,9
large_integer,31878,4943727411754159833122,4,6188882636729554567203,5,9
large_integer,31879,4952950783791014608930,4,6198106008766409343011,5,9
large_integer,31880,4934504039717305057314,4,6179659264692699791395,5,9
large_integer,31881,4943727411754159833122,4,6188882636729554567203,5,9
large_integer,31882,4943727411754159833124,4,6188882636729554567205,5,9
large_integer,31883,4952950783791014608932,4,6198106008766409343013,5,9
large_integer,31884,4943727411754159833126,4,6188882636729554567207,5,9
large_integer,31885,4952950783791014608934,4,6198106008766409343015,5,9
large_integer,31886,4952950783791014608936,4,6198106008766409343017,5,9
large_integer,31887,4962174155827869384744,4,6207329380803264118825,5,9
large_integer,31888,3717018930852474650652,3,4962174155827869384733,4,9
large_integer,31889,4943727411754159833116,4,6188882636729554567197,5,9
large_integer,31890,4943727411754159833118,4,6188882636729554567199,5,9
large_integer,31891,4952950783791014608926,4,6198106008766409343007,5,9
large_integer,31892,4943727411754159833120,4,6188882636729554567201,5,9
large_integer,31893,4952950783791014608928,4,6198106008766409343009,5,9
large_integer,31894,4952950783791014608930,4,6198106008766409343011,5,9
large_integer,31895,4962174155827869384738,4,6207329380803264118819,5,9
large_integer,31896,4943727411754159833122,4,6188882636729554567203,5,9
large_integer,31897,4952950783791014608930,4,6198106008766409343011,5,9
large_integer,31898,4952950783791014608932,4,6198106008766409343013,5,9
large_integer,31899,4962174155827869384740,4,6207329380803264118821,5,9
large_integer,31900,4952950783791014608934,4,6198106008766409343015,5,9
large_integer,31901,4962174155827869384742,4,6207329380803264118823,5,9
large_integer,31902,4962174155827869384744,4,6207329380803264118825,5,9
large_integer,31903,4971397527864724160552,4,6216552752840118894633,5,9
large_integer,31904,3717018930852474650654,3,4962174155827869384735,4,9
large_integer,31905,4943727411754159833118,4,6188882636729554567199,5,9
large_integer,31906,4943727411754159833120,4,6188882636729554567201,5,9
large_integer,31907,4952950783791014608928,4,6198106008766409343009,5,9
large_integer,31908,4943727411754159833122,4,6188882636729554567203,5,9
large_integer,31909,4952950783791014608930,4,6198106008766409343011,5,9
large_integer,31910,4952950783791014608932,4,6198106008766409343013,5,9
large_integer,31911,4962174155827869384740,4,6207329380803264118821,5,9
large_integer,31912,4943727411754159833124,4,6188882636729554567205,5,9
large_integer,31913,4952950783791014608932,4,6198106008766409343013,5,9
large_integer,31914,4952950783791014608934,4,6198106008766409343015,5,9
large_integer,31915,4962174155827869384742,4,6207329380803264118823,5,9
large_integer,31916,4952950783791014608936,4,6198106008766409343017,5,9
large_integer,31917,4962174155827869384744,4,6207329380803264118825,5,9
large_integer,31918,4962174155827869384746,4,6207329380803264118827,5,9
large_integer,31919,4971397527864724160554,4,6216552752840118894635,5,9
large_integer,31920,3726242302889329426462,3,4971397527864724160543,4,9
large_integer,31921,4952950783791014608926,4,6198106008766409343007,5,9
large_integer,31922,4952950783791014608928,4,6198106008766409343009,5,9
large_integer,31923,4962174155827869384736,4,6207329380803264118817,5,9
large_integer,31924,4952950783791014608930,4,6198106008766409343011,5,9
large_integer,31925,4962174155827869384738,4,6207329380803264118819,5,9
large_integer,31926,4962174155827869384740,4,6207329380803264118821,5,9
large_integer,31927,4971397527864724160548,4,6216552752840118894629,5,9
large_integer,31928,4952950783791014608932,4,6198106008766409343013,5,9
large_integer,31929,4962174155827869384740,4,6207329380803264118821,5,9
large_integer,31930,4962174155827869384742,4,6207329380803264118823,5,9
large_integer,31931,4971397527864724160550,4,6216552752840118894631,5,9
large_integer,31932,4962174155827869384744,4,6207329380803264118825,5,9
large_integer,31933,4971397527864724160552,4,6216552752840118894633,5,9
large_integer,31934,4971397527864724160554,4,6216552752840118894635,5,9
large_integer,31935,4980620899901578936362,4,6225776124876973670443,5,9
large_integer,31936,3717018930852474650656,3,4989844271938433712158,4,11
large_integer,31937,4943727411754159833120,4,6216552752840118894622,5,11
large_integer,31938,4943727411754159833122,4,6216552752840118894624,5,11
large_integer,31939,4952950783791014608930,4,6225776124876973670432,5,11
large_integer,31940,4943727411754159833124,4,5026737760085852815390,4,13
large_integer,31941,4952950783791014608932,4,6253446240987537997854,5,13
large_integer,31942,4952950783791014608934,4,6253446240987537997856,5,13
large_integer,31943,4962174155827869384742,4,6262669613024392773664,5,13
large_integer,31944,4943727411754159833126,4,6216552752840118894628,5,11
large_integer,31945,4952950783791014608934,4,6225776124876973670436,5,11
large_integer,31946,4952950783791014608936,4,6225776124876973670438,5,11
large_integer,31947,4962174155827869384744,4,6234999496913828446246,5,11
large_integer,31948,4952950783791014608938,4,6253446240987537997860,5,13
large_integer,31949,4962174155827869384746,4,6262669613024392773668,5,13
large_integer,31950,4962174155827869384748,4,6262669613024392773670,5,13
large_integer,31951,4971397527864724160556,4,6271892985061247549478,5,13
large_integer,31952,3726242302889329426464,3,4999067643975288487966,4,11
large_integer,31953,4952950783791014608928,4,6225776124876973670430,5,11
large_integer,31954,4952950783791014608930,4,6225776124876973670432,5,11
large_integer,31955,4962174155827869384738,4,6234999496913828446240,5,11
large_integer,31956,4952950783791014608932,4,5035961132122707591198,4,13
large_integer,31957,4962174155827869384740,4,6262669613024392773662,5,13
large_integer,31958,4962174155827869384742,4,6262669613024392773664,5,13
large_integer,31959,4971397527864724160550,4,6271892985061247549472,5,13
large_integer,31960,4952950783791014608934,4,6225776124876973670436,5,11
large_integer,31961,4962174155827869384742,4,6234999496913828446244,5,11
large_integer,31962,4962174155827869384744,4,6234999496913828446246,5,11
large_integer,31963,4971397527864724160552,4,6244222868950683222054,5,11
large_integer,31964,4962174155827869384746,4,6262669613024392773668,5,13
large_integer,31965,4971397527864724160554,4,6271892985061247549476,5,13
large_integer,31966,4971397527864724160556,4,6271892985061247549478,5,13
large_integer,31967,4980620899901578936364,4,6281116357098102325286,5,13
large_integer,31968,3726242302889329426466,3,4999067643975288487968,4,11
large_integer,31969,4952950783791014608930,4,6225776124876973670432,5,11
large_integer,31970,4952950783791014608932,4,6225776124876973670434,5,11
large_integer,31971,4962174155827869384740,4,6234999496913828446242,5,11
large_integer,31972,4952950783791014608934,4,5035961132122707591200,4,13
large_integer,31973,4962174155827869384742,4,6262669613024392773664,5,13
large_integer,31974,4962174155827869384744,4,6262669613024392773666,5,13
large_integer,31975,4971397527864724160552,4,6271892985061247549474,5,13
large_integer,31976,4952950783791014608936,4,6225776124876973670438,5,11
large_integer,31977,4962174155827869384744,4,6234999496913828446246,5,11
large_integer,31978,4962174155827869384746,4,6234999496913828446248,5,11
large_integer,31979,4971397527864724160554,4,6244222868950683222056,5,11
large_integer,31980,4962174155827869384748,4,6262669613024392773670,5,13
large_integer,31981,4971397527864724160556,4,6271892985061247549478,5,13
large_integer,31982,4971397527864724160558,4,6271892985061247549480,5,13
large_integer,31983,4980620899901578936366,4,6281116357098102325288,5,13
large_integer,31984,3735465674926184202274,3,5008291016012143263776,4,11
large_integer,31985,4962174155827869384738,4,6234999496913828446240,5,11
large_integer,31986,4962174155827869384740,4,6234999496913828446242,5,11
large_integer,31987,4971397527864724160548,4,6244222868950683222050,5,11
large_integer,31988,4962174155827869384742,4,5045184504159562367008,4,13
large_integer,31989,4971397527864724160550,4,6271892985061247549472,5,13
large_integer,31990,4971397527864724160552,4,6271892985061247549474,5,13
large_integer,31991,4980620899901578936360,4,6281116357098102325282,5,13
large_integer,31992,4962174155827869384744,4,6234999496913828446246,5,11
large_integer,31993,4971397527864724160552,4,6244222868950683222054,5,11
large_integer,31994,4971397527864724160554,4,6244222868950683222056,5,11
large_integer,31995,4980620899901578936362,4,6253446240987537997864,5,11
large_integer,31996,4971397527864724160556,4,6271892985061247549478,5,13
large_integer,31997,4980620899901578936364,4,6281116357098102325286,5,13
large_integer,31998,4980620899901578936366,4,6281116357098102325288,5,13
large_integer,31999,4989844271938433712174,4,6290339729134957101096,5,13
large_integer,32000,2490310449950789468181,2,3726242302889329426454,3,9
large_integer,32001,3717018930852474650645,3,4952950783791014608918,4,9
large_integer,32002,3717018930852474650647,3,4952950783791014608920,4,9
large_integer,32003,3726242302889329426455,3,4962174155827869384728,4,9
large_integer,32004,3717018930852474650649,3,4952950783791014608922,4,9
large_integer,32005,3726242302889329426457,3,4962174155827869384730,4,9
large_integer,32006,3726242302889329426459,3,4962174155827869384732,4,9
large_integer,32007,3735465674926184202267,3,4971397527864724160540,4,9
large_integer,32008,3717018930852474650651,3,4952950783791014608924,4,9
large_integer,32009,3726242302889329426459,3,4962174155827869384732,4,9
large_integer,32010,3726242302889329426461,3,4962174155827869384734,4,9
large_integer,32011,3735465674926184202269,3,4971397527864724160542,4,9
large_integer,32012,3726242302889329426463,3,4962174155827869384736,4,9
large_integer,32013,3735465674926184202271,3,4971397527864724160544,4,9
large_integer,32014,3735465674926184202273,3,4971397527864724160546,4,9
large_integer,32015,3744689046963038978081,3,4980620899901578936354,4,9
large_integer,32016,3717018930852474650646,3,5017514388048998039580,4,13
large_integer,32017,3809252651221022408731,3,5054407876196417142812,4,15
large_integer,32018,4943727411754159833112,4,6244222868950683222046,5,13
large_integer,32019,4952950783791014608920,4,6281116357098102325278,5,15
large_integer,32020,4943727411754159833114,4,6244222868950683222048,5,13
large_integer,32021,4952950783791014608922,4,6281116357098102325280,5,15
large_integer,32022,4952950783791014608924,4,6253446240987537997858,5,13
large_integer,32023,4962174155827869384732,4,6290339729134957101090,5,15
large_integer,32024,4943727411754159833116,4,6244222868950683222050,5,13
large_integer,32025,4952950783791014608924,4,6281116357098102325282,5,15
large_integer,32026,4952950783791014608926,4,6253446240987537997860,5,13
large_integer,32027,4962174155827869384734,4,6290339729134957101092,5,15
large_integer,32028,4952950783791014608928,4,6253446240987537997862,5,13
large_integer,32029,4962174155827869384736,4,6290339729134957101094,5,15
large_integer,32030,4962174155827869384738,4,6262669613024392773672,5,13
large_integer,32031,4971397527864724160546,4,6299563101171811876904,5,15
large_integer,32032,3717018930852474650648,3,4952950783791014608921,4,9
large_integer,32033,4943727411754159833112,4,6179659264692699791385,5,9
large_integer,32034,4943727411754159833114,4,6179659264692699791387,5,9
large_integer,32035,4952950783791014608922,4,6188882636729554567195,5,9
large_integer,32036,4943727411754159833116,4,6179659264692699791389,5,9
large_integer,32037,4952950783791014608924,4,6188882636729554567197,5,9
large_integer,32038,4952950783791014608926,4,6188882636729554567199,5,9
large_integer,32039,4962174155827869384734,4,6198106008766409343007,5,9
large_integer,32040,4943727411754159833118,4,6179659264692699791391,5,9
large_integer,32041,4952950783791014608926,4,6188882636729554567199,5,9
large_integer,32042,4952950783791014608928,4,6188882636729554567201,5,9
large_integer,32043,4962174155827869384736,4,6198106008766409343009,5,9
large_integer,32044,4952950783791014608930,4,6188882636729554567203,5,9
large_integer,32045,4962174155827869384738,4,6198106008766409343011,5,9
large_integer,32046,4962174155827869384740,4,6198106008766409343013,5,9
large_integer,32047,4971397527864724160548,4,6207329380803264118821,5,9
large_integer,32048,3726242302889329426456,3,6244222868950683222047,5,13
large_integer,32049,4952950783791014608920,4,6281116357098102325279,5,15
large_integer,32050,4952950783791014608922,4,7470931349852368404513,6,13
large_integer,32051,4962174155827869384730,4,7507824837999787507745,6,15
large_integer,32052,4952950783791014608924,4,7470931349852368404515,6,13
large_integer,32053,4962174155827869384732,4,7507824837999787507747,6,15
large_integer,32054,4962174155827869384734,4,7480154721889223180325,6,13
large_integer,32055,4971397527864724160542,4,7517048210036642283557,6,15
large_integer,32056,4952950783791014608926,4,7470931349852368404517,6,13
large_integer,32057,4962174155827869384734,4,7507824837999787507749,6,15
large_integer,32058,4962174155827869384736,4,7480154721889223180327,6,13
large_integer,32059,4971397527864724160544,4,7517048210036642283559,6,15
large_integer,32060,4962174155827869384738,4,7480154721889223180329,6,13
large_integer,32061,4971397527864724160546,4,7517048210036642283561,6,15
large_integer,32062,4971397527864724160548,4,7489378093926077956139,6,13
large_integer,32063,4980620899901578936356,4,7526271582073497059371,6,15
large_integer,32064,3717018930852474650650,3,5017514388048998039580,4,13
large_integer,32065,4943727411754159833114,4,6244222868950683222044,5,13
large_integer,32066,4943727411754159833116,4,6244222868950683222046,5,13
large_integer,32067,4952950783791014608924,4,6253446240987537997854,5,13
large_integer,32068,3809252651221022408727,3,5054407876196417142812,4,15
large_integer,32069,4952950783791014608926,4,6281116357098102325276,5,15
large_integer,32070,4952950783791014608928,4,6281116357098102325278,5,15
large_integer,32071,4962174155827869384736,4,6290339729134957101086,5,15
large_integer,32072,4943727411754159833120,4,6244222868950683222050,5,13
large_integer,32073,4952950783791014608928,4,6253446240987537997858,5,13
large_integer,32074,4952950783791014608930,4,6253446240987537997860,5,13
large_integer,32075,4962174155827869384738,4,6262669613024392773668,5,13
large_integer,32076,4952950783791014608932,4,6281116357098102325282,5,15
large_integer,32077,4962174155827869384740,4,6290339729134957101090,5,15
large_integer,32078,4962174155827869384742,4,6290339729134957101092,5,15
large_integer,32079,4971397527864724160550,4,6299563101171811876900,5,15
large_integer,32080,3726242302889329426458,3,3763135791036748529687,3,11
large_integer,32081,4952950783791014608922,4,5091301364343836246045,4,17
large_integer,32082,4952950783791014608924,4,4989844271938433712153,4,11
large_integer,32083,4962174155827869384732,4,6318009845245521428511,5,17
large_integer,32084,4952950783791014608926,4,5091301364343836246045,4,17
large_integer,32085,3800029279184167632919,3,3800029279184167632919,3,13
large_integer,32086,4962174155827869384736,4,6318009845245521428511,5,17
large_integer,32087,4971397527864724160544,4,5026737760085852815385,4,13
large_integer,32088,4952950783791014608928,4,4989844271938433712157,4,11
large_integer,32089,4962174155827869384736,4,6318009845245521428515,5,17
large_integer,32090,4962174155827869384738,4,4999067643975288487967,4,11
large_integer,32091,4971397527864724160546,4,6327233217282376204325,5,17
large_integer,32092,4962174155827869384740,4,6318009845245521428515,5,17
large_integer,32093,4971397527864724160548,4,5026737760085852815389,4,13
large_integer,32094,4971397527864724160550,4,6327233217282376204325,5,17
large_integer,32095,4980620899901578936358,4,5035961132122707591199,4,13
large_integer,32096,3726242302889329426460,3,6244222868950683222047,5,13
large_integer,32097,4952950783791014608924,4,7470931349852368404511,6,13
large_integer,32098,4952950783791014608926,4,7470931349852368404513,6,13
large_integer,32099,4962174155827869384734,4,7480154721889223180321,6,13
large_integer,32100,4952950783791014608928,4,6281116357098102325279,5,15
large_integer,32101,4962174155827869384736,4,7507824837999787507743,6,15
large_integer,32102,4962174155827869384738,4,7507824837999787507745,6,15
large_integer,32103,4971397527864724160546,4,7517048210036642283553,6,15
large_integer,32104,4952950783791014608930,4,7470931349852368404517,6,13
large_integer,32105,4962174155827869384738,4,7480154721889223180325,6,13
large_integer,32106,4962174155827869384740,4,7480154721889223180327,6,13
large_integer,32107,4971397527864724160548,4,7489378093926077956135,6,13
large_integer,32108,4962174155827869384742,4,7507824837999787507749,6,15
large_integer,32109,4971397527864724160550,4,7517048210036642283557,6,15
large_integer,32110,4971397527864724160552,4,7517048210036642283559,6,15
large_integer,32111,4980620899901578936360,4,7526271582073497059367,6,15
large_integer,32112,3735465674926184202268,3,4989844271938433712154,4,11
large_integer,32113,4962174155827869384732,4,6318009845245521428512,5,17
large_integer,32114,4962174155827869384734,4,6216552752840118894620,5,11
large_integer,32115,4971397527864724160542,4,7544718326147206610978,6,17
large_integer,32116,4962174155827869384736,4,6318009845245521428512,5,17
large_integer,32117,4971397527864724160544,4,5026737760085852815386,4,13
large_integer,32118,4971397527864724160546,4,7544718326147206610978,6,17
large_integer,32119,4980620899901578936354,4,6253446240987537997852,5,13
large_integer,32120,4962174155827869384738,4,6216552752840118894624,5,11
large_integer,32121,4971397527864724160546,4,7544718326147206610982,6,17
large_integer,32122,4971397527864724160548,4,6225776124876973670434,5,11
large_integer,32123,4980620899901578936356,4,7553941698184061386792,6,17
large_integer,32124,4971397527864724160550,4,7544718326147206610982,6,17
large_integer,32125,4980620899901578936358,4,6253446240987537997856,5,13
large_integer,32126,4980620899901578936360,4,7553941698184061386792,6,17
large_integer,32127,4989844271938433712168,4,6262669613024392773666,5,13
large_integer,32128,3717018930852474650652,3,4952950783791014608925,4,9
large_integer,32129,4943727411754159833116,4,6179659264692699791389,5,9
large_integer,32130,4943727411754159833118,4,6179659264692699791391,5,9
large_integer,32131,4952950783791014608926,4,6188882636729554567199,5,9
large_integer,32132,4943727411754159833120,4,6179659264692699791393,5,9
large_integer,32133,4952950783791014608928,4,6188882636729554567201,5,9
large_integer,32134,4952950783791014608930,4,6188882636729554567203,5,9
large_integer,32135,4962174155827869384738,4,6198106008766409343011,5,9
large_integer,32136,4943727411754159833122,4,6179659264692699791395,5,9
large_integer,32137,4952950783791014608930,4,6188882636729554567203,5,9
large_integer,32138,4952950783791014608932,4,6188882636729554567205,5,9
large_integer,32139,4962174155827869384740,4,6198106008766409343013,5,9
large_integer,32140,4952950783791014608934,4,6188882636729554567207,5,9
large_integer,32141,4962174155827869384742,4,6198106008766409343015,5,9
large_integer,32142,4962174155827869384744,4,6198106008766409343017,5,9
large_integer,32143,4971397527864724160552,4,6207329380803264118825,5,9
large_integer,32144,3726242302889329426460,3,6244222868950683222051,5,13
large_integer,32145,4952950783791014608924,4,6281116357098102325283,5,15
large_integer,32146,4952950783791014608926,4,7470931349852368404517,6,13
large_integer,32147,4962174155827869384734,4,7507824837999787507749,6,15
large_integer,32148,4952950783791014608928,4,7470931349852368404519,6,13
large_integer,32149,4962174155827869384736,4,7507824837999787507751,6,15
large_integer,32150,4962174155827869384738,4,7480154721889223180329,6,13
large_integer,32151,4971397527864724160546,4,7517048210036642283561,6,15
large_integer,32152,4952950783791014608930,4,7470931349852368404521,6,13
large_integer,32153,4962174155827869384738,4,7507824837999787507753,6,15
large_integer,32154,4962174155827869384740,4,7480154721889223180331,6,13
large_integer,32155,4971397527864724160548,4,7517048210036642283563,6,15
large_integer,32156,4962174155827869384742,4,7480154721889223180333,6,13
large_integer,32157,4971397527864724160550,4,7517048210036642283565,6,15
large_integer,32158,4971397527864724160552,4,7489378093926077956143,6,13
large_integer,32159,4980620899901578936360,4,7526271582073497059375,6,15
large_integer,32160,3726242302889329426462,3,4962174155827869384735,4,9
large_integer,32161,4952950783791014608926,4,6188882636729554567199,5,9
large_integer,32162,4952950783791014608928,4,6188882636729554567201,5,9
large_integer,32163,4962174155827869384736,4,6198106008766409343009,5,9
large_integer,32164,4952950783791014608930,4,6188882636729554567203,5,9
large_integer,32165,4962174155827869384738,4,6198106008766409343011,5,9
large_integer,32166,4962174155827869384740,4,6198106008766409343013,5,9
large_integer,32167,4971397527864724160548,4,6207329380803264118821,5,9
large_integer,32168,4952950783791014608932,4,6188882636729554567205,5,9
large_integer,32169,4962174155827869384740,4,6198106008766409343013,5,9
large_integer,32170,4962174155827869384742,4,6198106008766409343015,5,9
large_integer,32171,4971397527864724160550,4,6207329380803264118823,5,9
large_integer,32172,4962174155827869384744,4,6198106008766409343017,5,9
large_integer,32173,4971397527864724160552,4,6207329380803264118825,5,9
large_integer,32174,4971397527864724160554,4,6207329380803264118827,5,9
large_integer,32175,4980620899901578936362,4,6216552752840118894635,5,9
large_integer,32176,3735465674926184202270,3,6253446240987537997861,5,13
large_integer,32177,4962174155827869384734,4,6290339729134957101093,5,15
large_integer,32178,4962174155827869384736,4,7480154721889223180327,6,13
large_integer,32179,4971397527864724160544,4,7517048210036642283559,6,15
large_integer,32180,4962174155827869384738,4,7480154721889223180329,6,13
large_integer,32181,4971397527864724160546,4,7517048210036642283561,6,15
large_integer,32182,4971397527864724160548,4,7489378093926077956139,6,13
large_integer,32183,4980620899901578936356,4,7526271582073497059371,6,15
large_integer,32184,4962174155827869384740,4,7480154721889223180331,6,13
large_integer,32185,4971397527864724160548,4,7517048210036642283563,6,15
large_integer,32186,4971397527864724160550,4,7489378093926077956141,6,13
large_integer,32187,4980620899901578936358,4,7526271582073497059373,6,15
large_integer,32188,4971397527864724160552,4,7489378093926077956143,6,13
large_integer,32189,4980620899901578936360,4,7526271582073497059375,6,15
large_integer,32190,4980620899901578936362,4,7498601465962932731953,6,13
large_integer,32191,4989844271938433712170,4,7535494954110351835185,6,15
large_integer,32192,3726242302889329426464,3,6244222868950683222051,5,13
large_integer,32193,4952950783791014608928,4,7470931349852368404515,6,13
large_integer,32194,4952950783791014608930,4,7470931349852368404517,6,13
large_integer,32195,4962174155827869384738,4,7480154721889223180325,6,13
large_integer,32196,4952950783791014608932,4,6281116357098102325283,5,15
large_integer,32197,4962174155827869384740,4,7507824837999787507747,6,15
large_integer,32198,4962174155827869384742,4,7507824837999787507749,6,15
large_integer,32199,4971397527864724160550,4,7517048210036642283557,6,15
large_integer,32200,4952950783791014608934,4,7470931349852368404521,6,13
large_integer,32201,4962174155827869384742,4,7480154721889223180329,6,13
large_integer,32202,4962174155827869384744,4,7480154721889223180331,6,13
large_integer,32203,4971397527864724160552,4,7489378093926077956139,6,13
large_integer,32204,4962174155827869384746,4,7507824837999787507753,6,15
large_integer,32205,4971397527864724160554,4,7517048210036642283561,6,15
large_integer,32206,4971397527864724160556,4,7517048210036642283563,6,15
large_integer,32207,4980620899901578936364,4,7526271582073497059371,6,15
large_integer,32208,3735465674926184202272,3,4989844271938433712158,4,11
large_integer,32209,4962174155827869384736,4,6318009845245521428516,5,17
large_integer,32210,4962174155827869384738,4,6216552752840118894624,5,11
large_integer,32211,4971397527864724160546,4,7544718326147206610982,6,17
large_integer,32212,4962174155827869384740,4,6318009845245521428516,5,17
large_integer,32213,4971397527864724160548,4,5026737760085852815390,4,13
large_integer,32214,4971397527864724160550,4,7544718326147206610982,6,17
large_integer,32215,4980620899901578936358,4,6253446240987537997856,5,13
large_integer,32216,4962174155827869384742,4,6216552752840118894628,5,11
large_integer,32217,4971397527864724160550,4,7544718326147206610986,6,17
large_integer,32218,4971397527864724160552,4,6225776124876973670438,5,11
large_integer,32219,4980620899901578936360,4,7553941698184061386796,6,17
large_integer,32220,4971397527864724160554,4,7544718326147206610986,6,17
large_integer,32221,4980620899901578936362,4,6253446240987537997860,5,13
large_integer,32222,4980620899901578936364,4,7553941698184061386796,6,17
large_integer,32223,4989844271938433712172,4,6262669613024392773670,5,13
large_integer,32224,3735465674926184202274,3,6253446240987537997861,5,13
large_integer,32225,4962174155827869384738,4,7480154721889223180325,6,13
large_integer,32226,4962174155827869384740,4,7480154721889223180327,6,13
large_integer,32227,4971397527864724160548,4,7489378093926077956135,6,13
large_integer,32228,4962174155827869384742,4,6290339729134957101093,5,15
large_integer,32229,4971397527864724160550,4,7517048210036642283557,6,15
large_integer,32230,4971397527864724160552,4,7517048210036642283559,6,15
large_integer,32231,4980620899901578936360,4,7526271582073497059367,6,15
large_integer,32232,4962174155827869384744,4,7480154721889223180331,6,13
large_integer,32233,4971397527864724160552,4,7489378093926077956139,6,13
large_integer,32234,4971397527864724160554,4,7489378093926077956141,6,13
large_integer,32235,4980620899901578936362,4,7498601465962932731949,6,13
large_integer,32236,4971397527864724160556,4,7517048210036642283563,6,15
large_integer,32237,4980620899901578936364,4,7526271582073497059371,6,15
large_integer,32238,4980620899901578936366,4,7526271582073497059373,6,15
large_integer,32239,4989844271938433712174,4,7535494954110351835181,6,15
large_integer,32240,3744689046963038978082,3,4999067643975288487968,4,11
large_integer,32241,4971397527864724160546,4,6327233217282376204326,5,17
large_integer,32242,4971397527864724160548,4,6225776124876973670434,5,11
large_integer,32243,4980620899901578936356,4,7553941698184061386792,6,17
large_integer,32244,4971397527864724160550,4,6327233217282376204326,5,17
large_integer,32245,4980620899901578936358,4,5035961132122707591200,4,13
large_integer,32246,4980620899901578936360,4,7553941698184061386792,6,17
large_integer,32247,4989844271938433712168,4,6262669613024392773666,5,13
large_integer,32248,4971397527864724160552,4,6225776124876973670438,5,11
large_integer,32249,4980620899901578936360,4,7553941698184061386796,6,17
large_integer,32250,4980620899901578936362,4,6234999496913828446248,5,11
large_integer,32251,4989844271938433712170,4,7563165070220916162606,6,17
large_integer,32252,4980620899901578936364,4,7553941698184061386796,6,17
large_integer,32253,4989844271938433712172,4,6262669613024392773670,5,13
large_integer,32254,4989844271938433712174,4,7563165070220916162606,6,17
large_integer,32255,4999067643975288487982,4,6271892985061247549480,5,13
large_integer,32256,2490310449950789468183,2,3726242302889329426454,3,9
large_integer,32257,3717018930852474650647,3,4952950783791014608918,4,9
large_integer,32258,3717018930852474650649,3,4952950783791014608920,4,9
large_integer,32259,3726242302889329426457,3,4962174155827869384728,4,9
large_integer,32260,3717018930852474650651,3,4952950783791014608922,4,9
large_integer,32261,3726242302889329426459,3,4962174155827869384730,4,9
large_integer,32262,3726242302889329426461,3,4962174155827869384732,4,9
large_integer,32263,3735465674926184202269,3,4971397527864724160540,4,9
large_integer,32264,3717018930852474650653,3,4952950783791014608924,4,9
large_integer,32265,3726242302889329426461,3,4962174155827869384732,4,9
large_integer,32266,3726242302889329426463,3,4962174155827869384734,4,9
large_integer,32267,3735465674926184202271,3,4971397527864724160542,4,9
large_integer,32268,3726242302889329426465,3,4962174155827869384736,4,9
large_integer,32269,3735465674926184202273,3,4971397527864724160544,4,9
large_integer,32270,3735465674926184202275,3,4971397527864724160546,4,9
large_integer,32271,3744689046963038978083,3,4980620899901578936354,4,9
large_integer,32272,3717018930852474650648,3,4952950783791014608919,4,9
large_integer,32273,4943727411754159833112,4,6179659264692699791383,5,9
large_integer,32274,4943727411754159833114,4,6179659264692699791385,5,9
large_integer,32275,4952950783791014608922,4,6188882636729554567193,5,9
large_integer,32276,4943727411754159833116,4,6179659264692699791387,5,9
large_integer,32277,4952950783791014608924,4,6188882636729554567195,5,9
large_integer,32278,4952950783791014608926,4,6188882636729554567197,5,9
large_integer,32279,4962174155827869384734,4,6198106008766409343005,5,9
large_integer,32280,4943727411754159833118,4,6179659264692699791389,5,9
large_integer,32281,4952950783791014608926,4,6188882636729554567197,5,9
large_integer,32282,4952950783791014608928,4,6188882636729554567199,5,9
large_integer,32283,4962174155827869384736,4,6198106008766409343007,5,9
large_integer,32284,4952950783791014608930,4,6188882636729554567201,5,9
large_integer,32285,4962174155827869384738,4,6198106008766409343009,5,9
large_integer,32286,4962174155827869384740,4,6198106008766409343011,5,9
large_integer,32287,4971397527864724160548,4,6207329380803264118819,5,9
large_integer,32288,3717018930852474650650,3,5017514388048998039580,4,13
large_integer,32289,4943727411754159833114,4,6244222868950683222044,5,13
large_integer,32290,3809252651221022408731,3,5054407876196417142812,4,15
large_integer,32291,4952950783791014608924,4,6281116357098102325276,5,15
large_integer,32292,4943727411754159833118,4,6244222868950683222048,5,13
large_integer,32293,4952950783791014608926,4,6253446240987537997856,5,13
large_integer,32294,4952950783791014608928,4,6281116357098102325280,5,15
large_integer,32295,4962174155827869384736,4,6290339729134957101088,5,15
large_integer,32296,4943727411754159833120,4,6244222868950683222050,5,13
large_integer,32297,4952950783791014608928,4,6253446240987537997858,5,13
large_integer,32298,4952950783791014608930,4,6281116357098102325282,5,15
large_integer,32299,4962174155827869384738,4,6290339729134957101090,5,15
large_integer,32300,4952950783791014608932,4,6253446240987537997862,5,13
large_integer,32301,4962174155827869384740,4,6262669613024392773670,5,13
large_integer,32302,4962174155827869384742,4,6290339729134957101094,5,15
large_integer,32303,4971397527864724160550,4,6299563101171811876902,5,15
large_integer,32304,3726242302889329426458,3,6244222868950683222045,5,13
large_integer,32305,4952950783791014608922,4,7470931349852368404509,6,13
large_integer,32306,4952950783791014608924,4,6281116357098102325277,5,15
large_integer,32307,4962174155827869384732,4,7507824837999787507741,6,15
large_integer,32308,4952950783791014608926,4,7470931349852368404513,6,13
large_integer,32309,4962174155827869384734,4,7480154721889223180321,6,13
large_integer,32310,4962174155827869384736,4,7507824837999787507745,6,15
large_integer,32311,4971397527864724160544,4,7517048210036642283553,6,15
large_integer,32312,4952950783791014608928,4,7470931349852368404515,6,13
large_integer,32313,4962174155827869384736,4,7480154721889223180323,6,13
large_integer,32314,4962174155827869384738,4,7507824837999787507747,6,15
large_integer,32315,4971397527864724160546,4,7517048210036642283555,6,15
large_integer,32316,4962174155827869384740,4,7480154721889223180327,6,13
large_integer,32317,4971397527864724160548,4,7489378093926077956135,6,13
large_integer,32318,4971397527864724160550,4,7517048210036642283559,6,15
large_integer,32319,4980620899901578936358,4,7526271582073497059367,6,15
large_integer,32320,3717018930852474650652,3,5017514388048998039580,4,13
large_integer,32321,4943727411754159833116,4,6244222868950683222044,5,13
large_integer,32322,4943727411754159833118,4,6244222868950683222046,5,13
large_integer,32323,4952950783791014608926,4,6253446240987537997854,5,13
large_integer,32324,3809252651221022408729,3,5054407876196417142812,4,15
large_integer,32325,4952950783791014608928,4,6281116357098102325276,5,15
large_integer,32326,4952950783791014608930,4,6281116357098102325278,5,15
large_integer,32327,4962174155827869384738,4,6290339729134957101086,5,15
large_integer,32328,4943727411754159833122,4,6244222868950683222050,5,13
large_integer,32329,4952950783791014608930,4,6253446240987537997858,5,13
large_integer,32330,4952950783791014608932,4,6253446240987537997860,5,13
large_integer,32331,4962174155827869384740,4,6262669613024392773668,5,13
large_integer,32332,4952950783791014608934,4,6281116357098102325282,5,15
large_integer,32333,4962174155827869384742,4,6290339729134957101090,5,15
large_integer,32334,4962174155827869384744,4,6290339729134957101092,5,15
large_integer,32335,4971397527864724160552,4,6299563101171811876900,5,15
large_integer,32336,3726242302889329426460,3,6244222868950683222045,5,13
large_integer,32337,4952950783791014608924,4,7470931349852368404509,6,13
large_integer,32338,4952950783791014608926,4,7470931349852368404511,6,13
large_integer,32339,4962174155827869384734,4,7480154721889223180319,6,13
large_integer,32340,4952950783791014608928,4,6281116357098102325277,5,15
large_integer,32341,4962174155827869384736,4,7507824837999787507741,6,15
large_integer,32342,4962174155827869384738,4,7507824837999787507743,6,15
large_integer,32343,4971397527864724160546,4,7517048210036642283551,6,15
large_integer,32344,4952950783791014608930,4,7470931349852368404515,6,13
large_integer,32345,4962174155827869384738,4,7480154721889223180323,6,13
large_integer,32346,4962174155827869384740,4,7480154721889223180325,6,13
large_integer,32347,4971397527864724160548,4,7489378093926077956133,6,13
large_integer,32348,4962174155827869384742,4,7507824837999787507747,6,15
large_integer,32349,4971397527864724160550,4,7517048210036642283555,6,15
large_integer,32350,4971397527864724160552,4,7517048210036642283557,6,15
large_integer,32351,4980620899901578936360,4,7526271582073497059365,6,15
large_integer,32352,3726242302889329426462,3,3763135791036748529687,3,11
large_integer,32353,4952950783791014608926,4,4989844271938433712151,4,11
large_integer,32354,4952950783791014608928,4,5091301364343836246045,4,17
large_integer,32355,4962174155827869384736,4,6318009845245521428509,5,17
large_integer,32356,4952950783791014608930,4,5091301364343836246045,4,17
large_integer,32357,4962174155827869384738,4,6318009845245521428509,5,17
large_integer,32358,3800029279184167632919,3,3800029279184167632919,3,13
large_integer,32359,4971397527864724160548,4,5026737760085852815383,4,13
large_integer,32360,4952950783791014608932,4,4989844271938433712157,4,11
large_integer,32361,4962174155827869384740,4,4999067643975288487965,4,11
large_integer,32362,4962174155827869384742,4,6318009845245521428515,5,17
large_integer,32363,4971397527864724160550,4,6327233217282376204323,5,17
large_integer,32364,4962174155827869384744,4,6318009845245521428515,5,17
large_integer,32365,4971397527864724160552,4,6327233217282376204323,5,17
large_integer,32366,4971397527864724160554,4,5026737760085852815389,4,13
large_integer,32367,4980620899901578936362,4,5035961132122707591197,4,13
large_integer,32368,3735465674926184202270,3,4989844271938433712152,4,11
large_integer,32369,4962174155827869384734,4,6216552752840118894616,5,11
large_integer,32370,4962174155827869384736,4,6318009845245521428510,5,17
large_integer,32371,4971397527864724160544,4,7544718326147206610974,6,17
large_integer,32372,4962174155827869384738,4,6318009845245521428510,5,17
large_integer,32373,4971397527864724160546,4,7544718326147206610974,6,17
large_integer,32374,4971397527864724160548,4,5026737760085852815384,4,13
large_integer,32375,4980620899901578936356,4,6253446240987537997848,5,13
large_integer,32376,4962174155827869384740,4,6216552752840118894622,5,11
large_integer,32377,4971397527864724160548,4,6225776124876973670430,5,11
large_integer,32378,4971397527864724160550,4,7544718326147206610980,6,17
large_integer,32379,4980620899901578936358,4,7553941698184061386788,6,17
large_integer,32380,4971397527864724160552,4,7544718326147206610980,6,17
large_integer,32381,4980620899901578936360,4,7553941698184061386788,6,17
large_integer,32382,4980620899901578936362,4,6253446240987537997854,5,13
large_integer,32383,4989844271938433712170,4,6262669613024392773662,5,13
large_integer,32384,3717018930852474650654,3,4952950783791014608925,4,9
large_integer,32385,4943727411754159833118,4,6179659264692699791389,5,9
large_integer,32386,4943727411754159833120,4,6179659264692699791391,5,9
large_integer,32387,4952950783791014608928,4,6188882636729554567199,5,9
large_integer,32388,4943727411754159833122,4,6179659264692699791393,5,9
large_integer,32389,4952950783791014608930,4,6188882636729554567201,5,9
large_integer,32390,4952950783791014608932,4,6188882636729554567203,5,9
large_integer,32391,4962174155827869384740,4,6198106008766409343011,5,9
large_integer,32392,4943727411754159833124,4,6179659264692699791395,5,9
large_integer,32393,4952950783791014608932,4,6188882636729554567203,5,9
large_integer,32394,4952950783791014608934,4,6188882636729554567205,5,9
large_integer,32395,4962174155827869384742,4,6198106008766409343013,5,9
large_integer,32396,4952950783791014608936,4,6188882636729554567207,5,9
large_integer,32397,4962174155827869384744,4,6198106008766409343015,5,9
large_integer,32398,4962174155827869384746,4,6198106008766409343017,5,9
large_integer,32399,4971397527864724160554,4,6207329380803264118825,5,9
large_integer,32400,3726242302889329426462,3,4962174155827869384733,4,9
large_integer,32401,4952950783791014608926,4,6188882636729554567197,5,9
large_integer,32402,4952950783791014608928,4,6188882636729554567199,5,9
large_integer,32403,4962174155827869384736,4,6198106008766409343007,5,9
large_integer,32404,4952950783791014608930,4,6188882636729554567201,5,9
large_integer,32405,4962174155827869384738,4,6198106008766409343009,5,9
large_integer,32406,4962174155827869384740,4,6198106008766409343011,5,9
large_integer,32407,4971397527864724160548,4,6207329380803264118819,5,9
large_integer,32408,4952950783791014608932,4,6188882636729554567203,5,9
large_integer,32409,4962174155827869384740,4,6198106008766409343011,5,9
large_integer,32410,4962174155827869384742,4,6198106008766409343013,5,9
large_integer,32411,4971397527864724160550,4,6207329380803264118821,5,9
large_integer,32412,4962174155827869384744,4,6198106008766409343015,5,9
large_integer,32413,4971397527864724160552,4,6207329380803264118823,5,9
large_integer,32414,4971397527864724160554,4,6207329380803264118825,5,9
large_integer,32415,4980620899901578936362,4,6216552752840118894633,5,9
large_integer,32416,3726242302889329426464,3,6244222868950683222051,5,13
large_integer,32417,4952950783791014608928,4,7470931349852368404515,6,13
large_integer,32418,4952950783791014608930,4,6281116357098102325283,5,15
large_integer,32419,4962174155827869384738,4,7507824837999787507747,6,15
large_integer,32420,4952950783791014608932,4,7470931349852368404519,6,13
large_integer,32421,4962174155827869384740,4,7480154721889223180327,6,13
large_integer,32422,4962174155827869384742,4,7507824837999787507751,6,15
large_integer,32423,4971397527864724160550,4,7517048210036642283559,6,15
large_integer,32424,4952950783791014608934,4,7470931349852368404521,6,13
large_integer,32425,4962174155827869384742,4,7480154721889223180329,6,13
large_integer,32426,4962174155827869384744,4,7507824837999787507753,6,15
large_integer,32427,4971397527864724160552,4,7517048210036642283561,6,15
large_integer,32428,4962174155827869384746,4,7480154721889223180333,6,13
large_integer,32429,4971397527864724160554,4,7489378093926077956141,6,13
large_integer,32430,4971397527864724160556,4,7517048210036642283565,6,15
large_integer,32431,4980620899901578936364,4,7526271582073497059373,6,15
large_integer,32432,3735465674926184202272,3,6253446240987537997859,5,13
large_integer,32433,4962174155827869384736,4,7480154721889223180323,6,13
large_integer,32434,4962174155827869384738,4,6290339729134957101091,5,15
large_integer,32435,4971397527864724160546,4,7517048210036642283555,6,15
large_integer,32436,4962174155827869384740,4,7480154721889223180327,6,13
large_integer,32437,4971397527864724160548,4,7489378093926077956135,6,13
large_integer,32438,4971397527864724160550,4,7517048210036642283559,6,15
large_integer,32439,4980620899901578936358,4,7526271582073497059367,6,15
large_integer,32440,4962174155827869384742,4,7480154721889223180329,6,13
large_integer,32441,4971397527864724160550,4,7489378093926077956137,6,13
large_integer,32442,4971397527864724160552,4,7517048210036642283561,6,15
large_integer,32443,4980620899901578936360,4,7526271582073497059369,6,15
large_integer,32444,4971397527864724160554,4,7489378093926077956141,6,13
large_integer,32445,4980620899901578936362,4,7498601465962932731949,6,13
large_integer,32446,4980620899901578936364,4,7526271582073497059373,6,15
large_integer,32447,4989844271938433712172,4,7535494954110351835181,6,15
large_integer,32448,3726242302889329426466,3,6244222868950683222051,5,13
large_integer,32449,4952950783791014608930,4,7470931349852368404515,6,13
large_integer,32450,4952950783791014608932,4,7470931349852368404517,6,13
large_integer,32451,4962174155827869384740,4,7480154721889223180325,6,13
large_integer,32452,4952950783791014608934,4,6281116357098102325283,5,15
large_integer,32453,4962174155827869384742,4,7507824837999787507747,6,15
large_integer,32454,4962174155827869384744,4,7507824837999787507749,6,15
large_integer,32455,4971397527864724160552,4,7517048210036642283557,6,15
large_integer,32456,4952950783791014608936,4,7470931349852368404521,6,13
large_integer,32457,4962174155827869384744,4,7480154721889223180329,6,13
large_integer,32458,4962174155827869384746,4,7480154721889223180331,6,13
large_integer,32459,4971397527864724160554,4,7489378093926077956139,6,13
large_integer,32460,4962174155827869384748,4,7507824837999787507753,6,15
large_integer,32461,4971397527864724160556,4,7517048210036642283561,6,15
large_integer,32462,4971397527864724160558,4,7517048210036642283563,6,15
large_integer,32463,4980620899901578936366,4,7526271582073497059371,6,15
large_integer,32464,3735465674926184202274,3,6253446240987537997859,5,13
large_integer,32465,4962174155827869384738,4,7480154721889223180323,6,13
large_integer,32466,4962174155827869384740,4,7480154721889223180325,6,13
large_integer,32467,4971397527864724160548,4,7489378093926077956133,6,13
large_integer,32468,4962174155827869384742,4,6290339729134957101091,5,15
large_integer,32469,4971397527864724160550,4,7517048210036642283555,6,15
large_integer,32470,4971397527864724160552,4,7517048210036642283557,6,15
large_integer,32471,4980620899901578936360,4,7526271582073497059365,6,15
large_integer,32472,4962174155827869384744,4,7480154721889223180329,6,13
large_integer,32473,4971397527864724160552,4,7489378093926077956137,6,13
large_integer,32474,4971397527864724160554,4,7489378093926077956139,6,13
large_integer,32475,4980620899901578936362,4,7498601465962932731947,6,13
large_integer,32476,4971397527864724160556,4,7517048210036642283561,6,15
large_integer,32477,4980620899901578936364,4,7526271582073497059369,6,15
large_integer,32478,4980620899901578936366,4,7526271582073497059371,6,15
large_integer,32479,4989844271938433712174,4,7535494954110351835179,6,15
large_integer,32480,3735465674926184202276,3,4989844271938433712158,4,11
large_integer,32481,4962174155827869384740,4,6216552752840118894622,5,11
large_integer,32482,4962174155827869384742,4,6318009845245521428516,5,17
large_integer,32483,4971397527864724160550,4,7544718326147206610980,6,17
large_integer,32484,4962174155827869384744,4,6318009845245521428516,5,17
large_integer,32485,4971397527864724160552,4,7544718326147206610980,6,17
large_integer,32486,4971397527864724160554,4,5026737760085852815390,4,13
large_integer,32487,4980620899901578936362,4,6253446240987537997854,5,13
large_integer,32488,4962174155827869384746,4,6216552752840118894628,5,11
large_integer,32489,4971397527864724160554,4,6225776124876973670436,5,11
large_integer,32490,4971397527864724160556,4,7544718326147206610986,6,17
large_integer,32491,4980620899901578936364,4,7553941698184061386794,6,17
large_integer,32492,4971397527864724160558,4,7544718326147206610986,6,17
large_integer,32493,4980620899901578936366,4,7553941698184061386794,6,17
large_integer,32494,4980620899901578936368,4,6253446240987537997860,5,13
large_integer,32495,4989844271938433712176,4,6262669613024392773668,5,13
large_integer,32496,3744689046963038978084,3,4999067643975288487966,4,11
large_integer,32497,4971397527864724160548,4,6225776124876973670430,5,11
large_integer,32498,4971397527864724160550,4,6327233217282376204324,5,17
large_integer,32499,4980620899901578936358,4,7553941698184061386788,6,17
large_integer,32500,4971397527864724160552,4,6327233217282376204324,5,17
large_integer,32501,4980620899901578936360,4,7553941698184061386788,6,17
large_integer,32502,4980620899901578936362,4,5035961132122707591198,4,13
large_integer,32503,4989844271938433712170,4,6262669613024392773662,5,13
large_integer,32504,4971397527864724160554,4,6225776124876973670436,5,11
large_integer,32505,4980620899901578936362,4,6234999496913828446244,5,11
large_integer,32506,4980620899901578936364,4,7553941698184061386794,6,17
large_integer,32507,4989844271938433712172,4,7563165070220916162602,6,17
large_integer,32508,4980620899901578936366,4,7553941698184061386794,6,17
large_integer,32509,4989844271938433712174,4,7563165070220916162602,6,17
large_integer,32510,4989844271938433712176,4,6262669613024392773668,5,13
large_integer,32511,4999067643975288487984,4,6271892985061247549476,5,13
large_integer,32512,2499533821987644243991,2,2508757194024499019795,2,9
large_integer,32513,3726242302889329426455,3,3735465674926184202259,3,9
large_integer,32514,3726242302889329426457,3,3735465674926184202261,3,9
large_integer,32515,3735465674926184202265,3,3744689046963038978069,3,9
large_integer,32516,3726242302889329426459,3,3735465674926184202263,3,9
large_integer,32517,3735465674926184202267,3,3744689046963038978071,3,9
large_integer,32518,3735465674926184202269,3,3744689046963038978073,3,9
large_integer,32519,3744689046963038978077,3,3753912418999893753881,3,9
large_integer,32520,3726242302889329426461,3,3735465674926184202265,3,9
large_integer,32521,3735465674926184202269,3,3744689046963038978073,3,9
large_integer,32522,3735465674926184202271,3,3744689046963038978075,3,9
large_integer,32523,3744689046963038978079,3,3753912418999893753883,3,9
large_integer,32524,3735465674926184202273,3,3744689046963038978077,3,9
large_integer,32525,3744689046963038978081,3,3753912418999893753885,3,9
large_integer,32526,3744689046963038978083,3,3753912418999893753887,3,9
large_integer,32527,3753912418999893753891,3,3763135791036748529695,3,9
large_integer,32528,3726242302889329426456,3,3800029279184167632921,3,13
large_integer,32529,3818476023257877184541,3,3836922767331586736153,3,15
large_integer,32530,4952950783791014608922,4,5026737760085852815387,4,13
large_integer,32531,4962174155827869384730,4,5063631248233271918619,4,15
large_integer,32532,4952950783791014608924,4,5026737760085852815389,4,13
large_integer,32533,4962174155827869384732,4,5063631248233271918621,4,15
large_integer,32534,4962174155827869384734,4,5035961132122707591199,4,13
large_integer,32535,4971397527864724160542,4,5072854620270126694431,4,15
large_integer,32536,4952950783791014608926,4,5026737760085852815391,4,13
large_integer,32537,4962174155827869384734,4,5063631248233271918623,4,15
large_integer,32538,4962174155827869384736,4,5035961132122707591201,4,13
large_integer,32539,4971397527864724160544,4,5072854620270126694433,4,15
large_integer,32540,4962174155827869384738,4,5035961132122707591203,4,13
large_integer,32541,4971397527864724160546,4,5072854620270126694435,4,15
large_integer,32542,4971397527864724160548,4,5045184504159562367013,4,13
large_integer,32543,4980620899901578936356,4,5082077992306981470245,4,15
large_integer,32544,3726242302889329426458,3,3800029279184167632921,3,13
large_integer,32545,4952950783791014608922,4,5026737760085852815385,4,13
large_integer,32546,3818476023257877184539,3,3836922767331586736153,3,15
large_integer,32547,4962174155827869384732,4,5063631248233271918617,4,15
large_integer,32548,4952950783791014608926,4,5026737760085852815389,4,13
large_integer,32549,4962174155827869384734,4,5035961132122707591197,4,13
large_integer,32550,4962174155827869384736,4,5063631248233271918621,4,15
large_integer,32551,4971397527864724160544,4,5072854620270126694429,4,15
large_integer,32552,4952950783791014608928,4,5026737760085852815391,4,13
large_integer,32553,4962174155827869384736,4,5035961132122707591199,4,13
large_integer,32554,4962174155827869384738,4,5063631248233271918623,4,15
large_integer,32555,4971397527864724160546,4,5072854620270126694431,4,15
large_integer,32556,4962174155827869384740,4,5035961132122707591203,4,13
large_integer,32557,4971397527864724160548,4,5045184504159562367011,4,13
large_integer,32558,4971397527864724160550,4,5072854620270126694435,4,15
large_integer,32559,4980620899901578936358,4,5082077992306981470243,4,15
large_integer,32560,3735465674926184202266,3,3800029279184167632921,3,13
large_integer,32561,4962174155827869384730,4,5128194852491255349279,4,19
large_integer,32562,4962174155827869384732,4,5128194852491255349279,4,19
large_integer,32563,3809252651221022408731,3,3836922767331586736153,3,15
large_integer,32564,4962174155827869384734,4,5026737760085852815389,4,13
large_integer,32565,4971397527864724160542,4,6354903333392940531747,5,19
large_integer,32566,4971397527864724160544,4,6354903333392940531747,5,19
large_integer,32567,4980620899901578936352,4,5063631248233271918621,4,15
large_integer,32568,4962174155827869384736,4,5026737760085852815391,4,13
large_integer,32569,4971397527864724160544,4,6354903333392940531749,5,19
large_integer,32570,4971397527864724160546,4,6354903333392940531749,5,19
large_integer,32571,4980620899901578936354,4,5063631248233271918623,4,15
large_integer,32572,4971397527864724160548,4,5035961132122707591203,4,13
large_integer,32573,4980620899901578936356,4,6364126705429795307561,5,19
large_integer,32574,4980620899901578936358,4,6364126705429795307561,5,19
large_integer,32575,4989844271938433712166,4,5072854620270126694435,4,15
large_integer,32576,3726242302889329426460,3,3800029279184167632921,3,13
large_integer,32577,4952950783791014608924,4,5026737760085852815385,4,13
large_integer,32578,4952950783791014608926,4,5026737760085852815387,4,13
large_integer,32579,4962174155827869384734,4,5035961132122707591195,4,13
large_integer,32580,3818476023257877184537,3,3836922767331586736153,3,15
large_integer,32581,4962174155827869384736,4,5063631248233271918617,4,15
large_integer,32582,4962174155827869384738,4,5063631248233271918619,4,15
large_integer,32583,4971397527864724160546,4,5072854620270126694427,4,15
large_integer,32584,4952950783791014608930,4,5026737760085852815391,4,13
large_integer,32585,4962174155827869384738,4,5035961132122707591199,4,13
large_integer,32586,4962174155827869384740,4,5035961132122707591201,4,13
large_integer,32587,4971397527864724160548,4,5045184504159562367009,4,13
large_integer,32588,4962174155827869384742,4,5063631248233271918623,4,15
large_integer,32589,4971397527864724160550,4,5072854620270126694431,4,15
large_integer,32590,4971397527864724160552,4,5072854620270126694433,4,15
large_integer,32591,4980620899901578936360,4,5082077992306981470241,4,15
large_integer,32592,3735465674926184202268,3,3800029279184167632921,3,13
large_integer,32593,4962174155827869384732,4,5128194852491255349279,4,19
large_integer,32594,4962174155827869384734,4,5026737760085852815387,4,13
large_integer,32595,4971397527864724160542,4,6354903333392940531745,5,19
large_integer,32596,4962174155827869384736,4,5128194852491255349279,4,19
large_integer,32597,3809252651221022408729,3,3836922767331586736153,3,15
large_integer,32598,4971397527864724160546,4,6354903333392940531745,5,19
large_integer,32599,4980620899901578936354,4,5063631248233271918619,4,15
large_integer,32600,4962174155827869384738,4,5026737760085852815391,4,13
large_integer,32601,4971397527864724160546,4,6354903333392940531749,5,19
large_integer,32602,4971397527864724160548,4,5035961132122707591201,4,13
large_integer,32603,4980620899901578936356,4,6364126705429795307559,5,19
large_integer,32604,4971397527864724160550,4,6354903333392940531749,5,19
large_integer,32605,4980620899901578936358,4,5063631248233271918623,4,15
large_integer,32606,4980620899901578936360,4,6364126705429795307559,5,19
large_integer,32607,4989844271938433712168,4,5072854620270126694433,4,15
large_integer,32608,3735465674926184202270,3,3800029279184167632921,3,13
large_integer,32609,4962174155827869384734,4,5026737760085852815385,4,13
large_integer,32610,4962174155827869384736,4,5128194852491255349279,4,19
large_integer,32611,4971397527864724160544,4,6354903333392940531743,5,19
large_integer,32612,4962174155827869384738,4,5128194852491255349279,4,19
large_integer,32613,4971397527864724160546,4,6354903333392940531743,5,19
large_integer,32614,3809252651221022408727,3,3836922767331586736153,3,15
large_integer,32615,4980620899901578936356,4,5063631248233271918617,4,15
large_integer,32616,4962174155827869384740,4,5026737760085852815391,4,13
large_integer,32617,4971397527864724160548,4,5035961132122707591199,4,13
large_integer,32618,4971397527864724160550,4,6354903333392940531749,5,19
large_integer,32619,4980620899901578936358,4,6364126705429795307557,5,19
large_integer,32620,4971397527864724160552,4,6354903333392940531749,5,19
large_integer,32621,4980620899901578936360,4,6364126705429795307557,5,19
large_integer,32622,4980620899901578936362,4,5063631248233271918623,4,15
large_integer,32623,4989844271938433712170,4,5072854620270126694431,4,15
large_integer,32624,2545650682171918123028,2,2545650682171918123028,2,11
large_integer,32625,3772359163073603305492,3,3873816255479005839386,3,17
large_integer,32626,3772359163073603305494,3,3873816255479005839386,3,17
large_integer,32627,3781582535110458081302,3,3873816255479005839386,3,17
large_integer,32628,3772359163073603305496,3,3873816255479005839386,3,17
large_integer,32629,3781582535110458081304,3,3873816255479005839386,3,17
large_integer,32630,3781582535110458081306,3,3873816255479005839386,3,17
large_integer,32631,2582544170319337226260,2,2582544170319337226260,2,13
large_integer,32632,3772359163073603305498,3,3772359163073603305498,3,11
large_integer,32633,3781582535110458081306,3,5100524736380691021856,4,17
large_integer,32634,3781582535110458081308,3,5100524736380691021856,4,17
large_integer,32635,3790805907147312857116,3,5100524736380691021856,4,17
large_integer,32636,3781582535110458081310,3,5100524736380691021856,4,17
large_integer,32637,3790805907147312857118,3,5100524736380691021856,4,17
large_integer,32638,3790805907147312857120,3,5100524736380691021856,4,17
large_integer,32639,3800029279184167632928,3,3809252651221022408730,3,13
large_integer,32640,3726242302889329426462,3,3735465674926184202266,3,9
large_integer,32641,4952950783791014608926,4,4962174155827869384730,4,9
large_integer,32642,4952950783791014608928,4,4962174155827869384732,4,9
large_integer,32643,4962174155827869384736,4,4971397527864724160540,4,9
large_integer,32644,4952950783791014608930,4,4962174155827869384734,4,9
large_integer,32645,4962174155827869384738,4,4971397527864724160542,4,9
large_integer,32646,4962174155827869384740,4,4971397527864724160544,4,9
large_integer,32647,4971397527864724160548,4,4980620899901578936352,4,9
large_integer,32648,4952950783791014608932,4,4962174155827869384736,4,9
large_integer,32649,4962174155827869384740,4,4971397527864724160544,4,9
large_integer,32650,4962174155827869384742,4,4971397527864724160546,4,9
large_integer,32651,4971397527864724160550,4,4980620899901578936354,4,9
large_integer,32652,4962174155827869384744,4,4971397527864724160548,4,9
large_integer,32653,4971397527864724160552,4,4980620899901578936356,4,9
large_integer,32654,4971397527864724160554,4,4980620899901578936358,4,9
large_integer,32655,4980620899901578936362,4,4989844271938433712166,4,9
large_integer,32656,3735465674926184202270,3,5026737760085852815392,4,13
large_integer,32657,4962174155827869384734,4,5063631248233271918624,4,15
large_integer,32658,4962174155827869384736,4,6253446240987537997858,5,13
large_integer,32659,4971397527864724160544,4,6290339729134957101090,5,15
large_integer,32660,4962174155827869384738,4,6253446240987537997860,5,13
large_integer,32661,4971397527864724160546,4,6290339729134957101092,5,15
large_integer,32662,4971397527864724160548,4,6262669613024392773670,5,13
large_integer,32663,4980620899901578936356,4,6299563101171811876902,5,15
large_integer,32664,4962174155827869384740,4,6253446240987537997862,5,13
large_integer,32665,4971397527864724160548,4,6290339729134957101094,5,15
large_integer,32666,4971397527864724160550,4,6262669613024392773672,5,13
large_integer,32667,4980620899901578936358,4,6299563101171811876904,5,15
large_integer,32668,4971397527864724160552,4,6262669613024392773674,5,13
large_integer,32669,4980620899901578936360,4,6299563101171811876906,5,15
large_integer,32670,4980620899901578936362,4,6271892985061247549484,5,13
large_integer,32671,4989844271938433712170,4,6308786473208666652716,5,15
large_integer,32672,3735465674926184202272,3,5026737760085852815392,4,13
large_integer,32673,4962174155827869384736,4,6253446240987537997856,5,13
large_integer,32674,4962174155827869384738,4,5063631248233271918624,4,15
large_integer,32675,4971397527864724160546,4,6290339729134957101088,5,15
large_integer,32676,4962174155827869384740,4,6253446240987537997860,5,13
large_integer,32677,4971397527864724160548,4,6262669613024392773668,5,13
large_integer,32678,4971397527864724160550,4,6290339729134957101092,5,15
large_integer,32679,4980620899901578936358,4,6299563101171811876900,5,15
large_integer,32680,4962174155827869384742,4,6253446240987537997862,5,13
large_integer,32681,4971397527864724160550,4,6262669613024392773670,5,13
large_integer,32682,4971397527864724160552,4,6290339729134957101094,5,15
large_integer,32683,4980620899901578936360,4,6299563101171811876902,5,15
large_integer,32684,4971397527864724160554,4,6262669613024392773674,5,13
large_integer,32685,4980620899901578936362,4,6271892985061247549482,5,13
large_integer,32686,4980620899901578936364,4,6299563101171811876906,5,15
large_integer,32687,4989844271938433712172,4,6308786473208666652714,5,15
large_integer,32688,3744689046963038978080,3,5026737760085852815392,4,13
large_integer,32689,4971397527864724160544,4,6354903333392940531750,5,19
large_integer,32690,4971397527864724160546,4,6354903333392940531750,5,19
large_integer,32691,4980620899901578936354,4,5063631248233271918624,4,15
large_integer,32692,4971397527864724160548,4,6253446240987537997860,5,13
large_integer,32693,4980620899901578936356,4,7581611814294625714218,6,19
large_integer,32694,4980620899901578936358,4,7581611814294625714218,6,19
large_integer,32695,4989844271938433712166,4,6290339729134957101092,5,15
large_integer,32696,4971397527864724160550,4,6253446240987537997862,5,13
large_integer,32697,4980620899901578936358,4,7581611814294625714220,6,19
large_integer,32698,4980620899901578936360,4,7581611814294625714220,6,19
large_integer,32699,4989844271938433712168,4,6290339729134957101094,5,15
large_integer,32700,4980620899901578936362,4,6262669613024392773674,5,13
large_integer,32701,4989844271938433712170,4,7590835186331480490032,6,19
large_integer,32702,4989844271938433712172,4,7590835186331480490032,6,19
large_integer,32703,4999067643975288487980,4,6299563101171811876906,5,15
large_integer,32704,3735465674926184202274,3,5026737760085852815392,4,13
large_integer,32705,4962174155827869384738,4,6253446240987537997856,5,13
large_integer,32706,4962174155827869384740,4,6253446240987537997858,5,13
large_integer,32707,4971397527864724160548,4,6262669613024392773666,5,13
large_integer,32708,4962174155827869384742,4,5063631248233271918624,4,15
large_integer,32709,4971397527864724160550,4,6290339729134957101088,5,15
large_integer,32710,4971397527864724160552,4,6290339729134957101090,5,15
large_integer,32711,4980620899901578936360,4,6299563101171811876898,5,15
large_integer,32712,4962174155827869384744,4,6253446240987537997862,5,13
large_integer,32713,4971397527864724160552,4,6262669613024392773670,5,13
large_integer,32714,4971397527864724160554,4,6262669613024392773672,5,13
large_integer,32715,4980620899901578936362,4,6271892985061247549480,5,13
large_integer,32716,4971397527864724160556,4,6290339729134957101094,5,15
large_integer,32717,4980620899901578936364,4,6299563101171811876902,5,15
large_integer,32718,4980620899901578936366,4,6299563101171811876904,5,15
large_integer,32719,4989844271938433712174,4,6308786473208666652712,5,15
large_integer,32720,3744689046963038978082,3,5026737760085852815392,4,13
large_integer,32721,4971397527864724160546,4,6354903333392940531750,5,19
large_integer,32722,4971397527864724160548,4,6253446240987537997858,5,13
large_integer,32723,4980620899901578936356,4,7581611814294625714216,6,19
large_integer,32724,4971397527864724160550,4,6354903333392940531750,5,19
large_integer,32725,4980620899901578936358,4,5063631248233271918624,4,15
large_integer,32726,4980620899901578936360,4,7581611814294625714216,6,19
large_integer,32727,4989844271938433712168,4,6290339729134957101090,5,15
large_integer,32728,4971397527864724160552,4,6253446240987537997862,5,13
large_integer,32729,4980620899901578936360,4,7581611814294625714220,6,19
large_integer,32730,4980620899901578936362,4,6262669613024392773672,5,13
large_integer,32731,4989844271938433712170,4,7590835186331480490030,6,19
large_integer,32732,4980620899901578936364,4,7581611814294625714220,6,19
large_integer,32733,4989844271938433712172,4,6290339729134957101094,5,15
large_integer,32734,4989844271938433712174,4,7590835186331480490030,6,19
large_integer,32735,4999067643975288487982,4,6299563101171811876904,5,15
large_integer,32736,3744689046963038978084,3,5026737760085852815392,4,13
large_integer,32737,4971397527864724160548,4,6253446240987537997856,5,13
large_integer,32738,4971397527864724160550,4,6354903333392940531750,5,19
large_integer,32739,4980620899901578936358,4,7581611814294625714214,6,19
large_integer,32740,4971397527864724160552,4,6354903333392940531750,5,19
large_integer,32741,4980620899901578936360,4,7581611814294625714214,6,19
large_integer,32742,4980620899901578936362,4,5063631248233271918624,4,15
large_integer,32743,4989844271938433712170,4,6290339729134957101088,5,15
large_integer,32744,4971397527864724160554,4,6253446240987537997862,5,13
large_integer,32745,4980620899901578936362,4,6262669613024392773670,5,13
large_integer,32746,4980620899901578936364,4,7581611814294625714220,6,19
large_integer,32747,4989844271938433712172,4,7590835186331480490028,6,19
large_integer,32748,4980620899901578936366,4,7581611814294625714220,6,19
large_integer,32749,4989844271938433712174,4,7590835186331480490028,6,19
large_integer,32750,4989844271938433712176,4,6290339729134957101094,5,15
large_integer,32751,4999067643975288487984,4,6299563101171811876902,5,15
large_integer,32752,3753912418999893753892,3,3772359163073603305499,3,11
large_integer,32753,4980620899901578936356,4,5100524736380691021857,4,17
large_integer,32754,4980620899901578936358,4,5100524736380691021857,4,17
large_integer,32755,4989844271938433712166,4,5100524736380691021857,4,17
large_integer,32756,4980620899901578936360,4,5100524736380691021857,4,17
large_integer,32757,4989844271938433712168,4,5100524736380691021857,4,17
large_integer,32758,4989844271938433712170,4,5100524736380691021857,4,17
large_integer,32759,3809252651221022408731,3,3809252651221022408731,3,13
large_integer,32760,4980620899901578936362,4,4999067643975288487969,4,11
large_integer,32761,4989844271938433712170,4,6327233217282376204327,5,17
large_integer,32762,4989844271938433712172,4,6327233217282376204327,5,17
large_integer,32763,4999067643975288487980,4,6327233217282376204327,5,17
large_integer,32764,4989844271938433712174,4,6327233217282376204327,5,17
large_integer,32765,4999067643975288487982,4,6327233217282376204327,5,17
large_integer,32766,4999067643975288487984,4,6327233217282376204327,5,17
large_integer,32767,5008291016012143263792,4,5035961132122707591201,4,13
