regime,mask,cost,blocks,greedy_cost,greedy_blocks,states
unit,32768,2,1,2,1,7
unit,32769,4,2,4,2,7
unit,32770,4,2,4,2,7
unit,32771,5,2,5,2,7
unit,32772,4,2,4,2,7
unit,32773,5,2,5,2,7
unit,32774,5,2,5,2,7
unit,32775,6,2,6,2,7
unit,32776,4,2,4,2,7
unit,32777,5,2,5,2,7
unit,32778,5,2,5,2,7
unit,32779,6,2,6,2,7
unit,32780,5,2,5,2,7
unit,32781,6,2,6,2,7
unit,32782,6,2,6,2,7
unit,32783,7,2,7,2,7
unit,32784,4,2,4,2,7
unit,32785,6,3,6,3,7
unit,32786,6,3,6,3,7
unit,32787,7,3,7,3,7
unit,32788,6,3,6,3,7
unit,32789,7,3,7,3,7
unit,32790,7,3,7,3,7
unit,32791,8,3,8,3,7
unit,32792,6,3,6,3,7
unit,32793,7,3,7,3,7
unit,32794,7,3,7,3,7
unit,32795,8,3,8,3,7
unit,32796,7,3,7,3,7
unit,32797,8,3,8,3,7
unit,32798,8,3,8,3,7
unit,32799,9,3,9,3,7
unit,32800,4,2,4,2,7
unit,32801,6,3,6,3,7
unit,32802,6,3,6,3,7
unit,32803,7,3,7,3,7
unit,32804,6,3,6,3,7
unit,32805,7,3,7,3,7
unit,32806,7,3,7,3,7
unit,32807,8,3,8,3,7
unit,32808,6,3,6,3,7
unit,32809,7,3,7,3,7
unit,32810,7,3,7,3,7
unit,32811,8,3,8,3,7
unit,32812,7,3,7,3,7
unit,32813,8,3,8,3,7
unit,32814,8,3,8,3,7
unit,32815,9,3,9,3,7
unit,32816,5,2,5,2,7
unit,32817,7,3,7,3,7
unit,32818,7,3,7,3,7
unit,32819,8,3,8,3,7
unit,32820,7,3,7,3,7
unit,32821,8,3,8,3,7
unit,32822,8,3,8,3,7
unit,32823,9,3,9,3,7
unit,32824,7,3,7,3,7
unit,32825,8,3,8,3,7
unit,32826,8,3,8,3,7
unit,32827,9,3,9,3,7
unit,32828,8,3,8,3,7
unit,32829,9,3,9,3,7
unit,32830,9,3,9,3,7
unit,32831,10,3,10,3,7
unit,32832,4,2,4,2,7
unit,32833,6,3,6,3,7
unit,32834,6,3,6,3,7
unit,32835,7,3,7,3,7
unit,32836,6,3,6,3,7
unit,32837,7,3,7,3,7
unit,32838,7,3,7,3,7
unit,32839,8,3,8,3,7
unit,32840,6,3,6,3,7
unit,32841,7,3,7,3,7
unit,32842,7,3,7,3,7
unit,32843,8,3,8,3,7
unit,32844,7,3,7,3,7
unit,32845,8,3,8,3,7
unit,32846,8,3,8,3,7
unit,32847,9,3,9,3,7
unit,32848,5,2,5,2,7
unit,32849,7,3,7,3,7
unit,32850,7,3,7,3,7
unit,32851,8,3,8,3,7
unit,32852,7,3,7,3,7
unit,32853,8,3,8,3,7
unit,32854,8,3,8,3,7
unit,32855,9,3,9,3,7
unit,32856,7,3,7,3,7
unit,32857,8,3,8,3,7
unit,32858,8,3,8,3,7
unit,32859,9,3,9,3,7
unit,32860,8,3,8,3,7
unit,32861,9,3,9,3,7
unit,32862,9,3,9,3,7
unit,32863,10,3,10,3,7
unit,32864,5,2,5,2,7
unit,32865,7,3,7,3,7
unit,32866,7,3,7,3,7
unit,32867,8,3,8,3,7
unit,32868,7,3,7,3,7
unit,32869,8,3,8,3,7
unit,32870,8,3,8,3,7
unit,32871,9,3,9,3,7
unit,32872,7,3,7,3,7
unit,32873,8,3,8,3,7
unit,32874,8,3,8,3,7
unit,32875,9,3,9,3,7
unit,32876,8,3,8,3,7
unit,32877,9,3,9,3,7
unit,32878,9,3,9,3,7
unit,32879,10,3,10,3,7
unit,32880,6,2,6,2,7
unit,32881,8,3,8,3,7
unit,32882,8,3,8,3,7
unit,32883,9,3,9,3,7
unit,32884,8,3,8,3,7
unit,32885,9,3,9,3,7
unit,32886,9,3,9,3,7
unit,32887,10,3,10,3,7
unit,32888,8,3,8,3,7
unit,32889,9,3,9,3,7
unit,32890,9,3,9,3,7
unit,32891,10,3,10,3,7
unit,32892,9,3,9,3,7
unit,32893,10,3,10,3,7
unit,32894,10,3,10,3,7
unit,32895,11,3,11,3,7
unit,32896,4,2,4,2,7
unit,32897,6,3,6,3,7
unit,32898,6,3,6,3,7
unit,32899,7,3,7,3,7
unit,32900,6,3,6,3,7
unit,32901,7,3,7,3,7
unit,32902,7,3,7,3,7
unit,32903,8,3,8,3,7
unit,32904,6,3,6,3,7
unit,32905,7,3,7,3,7
unit,32906,7,3,7,3,7
unit,32907,8,3,8,3,7
unit,32908,7,3,7,3,7
unit,32909,8,3,8,3,7
unit,32910,8,3,8,3,7
unit,32911,9,3,9,3,7
unit,32912,5,2,5,2,7
unit,32913,7,3,7,3,7
unit,32914,7,3,7,3,7
unit,32915,8,3,8,3,7
unit,32916,7,3,7,3,7
unit,32917,8,3,8,3,7
unit,32918,8,3,8,3,7
unit,32919,9,3,9,3,7
unit,32920,7,3,7,3,7
unit,32921,8,3,8,3,7
unit,32922,8,3,8,3,7
unit,32923,9,3,9,3,7
unit,32924,8,3,8,3,7
unit,32925,9,3,9,3,7
unit,32926,9,3,9,3,7
unit,32927,10,3,10,3,7
unit,32928,5,2,5,2,7
unit,32929,7,3,7,3,7
unit,32930,7,3,7,3,7
unit,32931,8,3,8,3,7
unit,32932,7,3,7,3,7
unit,32933,8,3,8,3,7
unit,32934,8,3,8,3,7
unit,32935,9,3,9,3,7
unit,32936,7,3,7,3,7
unit,32937,8,3,8,3,7
unit,32938,8,3,8,3,7
unit,32939,9,3,9,3,7
unit,32940,8,3,8,3,7
unit,32941,9,3,9,3,7
unit,32942,9,3,9,3,7
unit,32943,10,3,10,3,7
unit,32944,6,2,6,2,7
unit,32945,8,3,8,3,7
unit,32946,8,3,8,3,7
unit,32947,9,3,9,3,7
unit,32948,8,3,8,3,7
unit,32949,9,3,9,3,7
unit,32950,9,3,9,3,7
unit,32951,10,3,10,3,7
unit,32952,8,3,8,3,7
unit,32953,9,3,9,3,7
unit,32954,9,3,9,3,7
unit,32955,10,3,10,3,7
unit,32956,9,3,9,3,7
unit,32957,10,3,10,3,7
unit,32958,10,3,10,3,7
unit,32959,11,3,11,3,7
unit,32960,5,2,5,2,7
unit,32961,7,3,7,3,7
unit,32962,7,3,7,3,7
unit,32963,8,3,8,3,7
unit,32964,7,3,7,3,7
unit,32965,8,3,8,3,7
unit,32966,8,3,8,3,7
unit,32967,9,3,9,3,7
unit,32968,7,3,7,3,7
unit,32969,8,3,8,3,7
unit,32970,8,3,8,3,7
unit,32971,9,3,9,3,7
unit,32972,8,3,8,3,7
unit,32973,9,3,9,3,7
unit,32974,9,3,9,3,7
unit,32975,10,3,10,3,7
unit,32976,6,2,6,2,7
unit,32977,8,3,8,3,7
unit,32978,8,3,8,3,7
unit,32979,9,3,9,3,7
unit,32980,8,3,8,3,7
unit,32981,9,3,9,3,7
unit,32982,9,3,9,3,7
unit,32983,10,3,10,3,7
unit,32984,8,3,8,3,7
unit,32985,9,3,9,3,7
unit,32986,9,3,9,3,7
unit,32987,10,3,10,3,7
unit,32988,9,3,9,3,7
unit,32989,10,3,10,3,7
unit,32990,10,3,10,3,7
unit,32991,11,3,11,3,7
unit,32992,6,2,6,2,7
unit,32993,8,3,8,3,7
unit,32994,8,3,8,3,7
unit,32995,9,3,9,3,7
unit,32996,8,3,8,3,7
unit,32997,9,3,9,3,7
unit,32998,9,3,9,3,7
unit,32999,10,3,10,3,7
unit,33000,8,3,8,3,7
unit,33001,9,3,9,3,7
unit,33002,9,3,9,3,7
unit,33003,10,3,10,3,7
unit,33004,9,3,9,3,7
unit,33005,10,3,10,3,7
unit,33006,10,3,10,3,7
unit,33007,11,3,11,3,7
unit,33008,7,2,7,2,7
unit,33009,9,3,9,3,7
unit,33010,9,3,9,3,7
unit,33011,10,3,10,3,7
unit,33012,9,3,9,3,7
unit,33013,10,3,10,3,7
unit,33014,10,3,10,3,7
unit,33015,11,3,11,3,7
unit,33016,9,3,9,3,7
unit,33017,10,3,10,3,7
unit,33018,10,3,10,3,7
unit,33019,11,3,11,3,7
unit,33020,10,3,10,3,7
unit,33021,11,3,11,3,7
unit,33022,11,3,11,3,7
unit,33023,12,3,12,3,7
unit,33024,4,2,4,2,7
unit,33025,6,3,6,3,7
unit,33026,6,3,6,3,7
unit,33027,7,3,7,3,7
unit,33028,6,3,6,3,7
unit,33029,7,3,7,3,7
unit,33030,7,3,7,3,7
unit,33031,8,3,8,3,7
unit,33032,6,3,6,3,7
unit,33033,7,3,7,3,7
unit,33034,7,3,7,3,7
unit,33035,8,3,8,3,7
unit,33036,7,3,7,3,7
unit,33037,8,3,8,3,7
unit,33038,8,3,8,3,7
unit,33039,9,3,9,3,7
unit,33040,6,3,6,3,7
unit,33041,8,4,8,4,7
unit,33042,8,4,8,4,7
unit,33043,9,4,9,4,7
unit,33044,8,4,8,4,7
unit,33045,9,4,9,4,7
unit,33046,9,4,9,4,7
unit,33047,10,4,10,4,7
unit,33048,8,4,8,4,7
unit,33049,9,4,9,4,7
unit,33050,9,4,9,4,7
unit,33051,10,4,10,4,7
unit,33052,9,4,9,4,7
unit,33053,10,4,10,4,7
unit,33054,10,4,10,4,7
unit,33055,11,4,11,4,7
unit,33056,6,3,6,3,7
unit,33057,8,4,8,4,7
unit,33058,8,4,8,4,7
unit,33059,9,4,9,4,7
unit,33060,8,4,8,4,7
unit,33061,9,4,9,4,7
unit,33062,9,4,9,4,7
unit,33063,10,4,10,4,7
unit,33064,8,4,8,4,7
unit,33065,9,4,9,4,7
unit,33066,9,4,9,4,7
unit,33067,10,4,10,4,7
unit,33068,9,4,9,4,7
unit,33069,10,4,10,4,7
unit,33070,10,4,10,4,7
unit,33071,11,4,11,4,7
unit,33072,7,3,7,3,7
unit,33073,9,4,9,4,7
unit,33074,9,4,9,4,7
unit,33075,10,4,10,4,7
unit,33076,9,4,9,4,7
unit,33077,10,4,10,4,7
unit,33078,10,4,10,4,7
unit,33079,11,4,11,4,7
unit,33080,9,4,9,4,7
unit,33081,10,4,10,4,7
unit,33082,10,4,10,4,7
unit,33083,11,4,11,4,7
unit,33084,10,4,10,4,7
unit,33085,11,4,11,4,7
unit,33086,11,4,11,4,7
unit,33087,12,4,12,4,7
unit,33088,6,3,6,3,7
unit,33089,8,4,8,4,7
unit,33090,8,4,8,4,7
unit,33091,9,4,9,4,7
unit,33092,8,4,8,4,7
unit,33093,9,4,9,4,7
unit,33094,9,4,9,4,7
unit,33095,10,4,10,4,7
unit,33096,8,4,8,4,7
unit,33097,9,4,9,4,7
unit,33098,9,4,9,4,7
unit,33099,10,4,10,4,7
unit,33100,9,4,9,4,7
unit,33101,10,4,10,4,7
unit,33102,10,4,10,4,7
unit,33103,11,4,11,4,7
unit,33104,7,3,7,3,7
unit,33105,9,4,9,4,7
unit,33106,9,4,9,4,7
unit,33107,10,4,10,4,7
unit,33108,9,4,9,4,7
unit,33109,10,4,10,4,7
unit,33110,10,4,10,4,7
unit,33111,11,4,11,4,7
unit,33112,9,4,9,4,7
unit,33113,10,4,10,4,7
unit,33114,10,4,10,4,7
unit,33115,11,4,11,4,7
unit,33116,10,4,10,4,7
unit,33117,11,4,11,4,7
unit,33118,11,4,11,4,7
unit,33119,12,4,12,4,7
unit,33120,7,3,7,3,7
unit,33121,9,4,9,4,7
unit,33122,9,4,9,4,7
unit,33123,10,4,10,4,7
unit,33124,9,4,9,4,7
unit,33125,10,4,10,4,7
unit,33126,10,4,10,4,7
unit,33127,11,4,11,4,7
unit,33128,9,4,9,4,7
unit,33129,10,4,10,4,7
unit,33130,10,4,10,4,7
unit,33131,11,4,11,4,7
unit,33132,10,4,10,4,7
unit,33133,11,4,11,4,7
unit,33134,11,4,11,4,7
unit,33135,12,4,12,4,7
unit,33136,8,3,8,3,7
unit,33137,10,4,10,4,7
unit,33138,10,4,10,4,7
unit,33139,11,4,11,4,7
unit,33140,10,4,10,4,7
unit,33141,11,4,11,4,7
unit,33142,11,4,11,4,7
unit,33143,12,4,12,4,7
unit,33144,10,4,10,4,7
unit,33145,11,4,11,4,7
unit,33146,11,4,11,4,7
unit,33147,12,4,12,4,7
unit,33148,11,4,11,4,7
unit,33149,12,4,12,4,7
unit,33150,12,4,12,4,7
unit,33151,13,4,13,4,7
unit,33152,6,3,6,3,7
unit,33153,8,4,8,4,7
unit,33154,8,4,8,4,7
unit,33155,9,4,9,4,7
unit,33156,8,4,8,4,7
unit,33157,9,4,9,4,7
unit,33158,9,4,9,4,7
unit,33159,10,4,10,4,7
unit,33160,8,4,8,4,7
unit,33161,9,4,9,4,7
unit,33162,9,4,9,4,7
unit,33163,10,4,10,4,7
unit,33164,9,4,9,4,7
unit,33165,10,4,10,4,7
unit,33166,10,4,10,4,7
unit,33167,11,4,11,4,7
unit,33168,7,3,7,3,7
unit,33169,9,4,9,4,7
unit,33170,9,4,9,4,7
unit,33171,10,4,10,4,7
unit,33172,9,4,9,4,7
unit,33173,10,4,10,4,7
unit,33174,10,4,10,4,7
unit,33175,11,4,11,4,7
unit,33176,9,4,9,4,7
unit,33177,10,4,10,4,7
unit,33178,10,4,10,4,7
unit,33179,11,4,11,4,7
unit,33180,10,4,10,4,7
unit,33181,11,4,11,4,7
unit,33182,11,4,11,4,7
unit,33183,12,4,12,4,7
unit,33184,7,3,7,3,7
unit,33185,9,4,9,4,7
unit,33186,9,4,9,4,7
unit,33187,10,4,10,4,7
unit,33188,9,4,9,4,7
unit,33189,10,4,10,4,7
unit,33190,10,4,10,4,7
unit,33191,11,4,11,4,7
unit,33192,9,4,9,4,7
unit,33193,10,4,10,4,7
unit,33194,10,4,10,4,7
unit,33195,11,4,11,4,7
unit,33196,10,4,10,4,7
unit,33197,11,4,11,4,7
unit,33198,11,4,11,4,7
unit,33199,12,4,12,4,7
unit,33200,8,3,8,3,7
unit,33201,10,4,10,4,7
unit,33202,10,4,10,4,7
unit,33203,11,4,11,4,7
unit,33204,10,4,10,4,7
unit,33205,11,4,11,4,7
unit,33206,11,4,11,4,7
unit,33207,12,4,12,4,7
unit,33208,10,4,10,4,7
unit,33209,11,4,11,4,7
unit,33210,11,4,11,4,7
unit,33211,12,4,12,4,7
unit,33212,11,4,11,4,7
unit,33213,12,4,12,4,7
unit,33214,12,4,12,4,7
unit,33215,13,4,13,4,7
unit,33216,7,3,7,3,7
unit,33217,9,4,9,4,7
unit,33218,9,4,9,4,7
unit,33219,10,4,10,4,7
unit,33220,9,4,9,4,7
unit,33221,10,4,10,4,7
unit,33222,10,4,10,4,7
unit,33223,11,4,11,4,7
unit,33224,9,4,9,4,7
unit,33225,10,4,10,4,7
unit,33226,10,4,10,4,7
unit,33227,11,4,11,4,7
unit,33228,10,4,10,4,7
unit,33229,11,4,11,4,7
unit,33230,11,4,11,4,7
unit,33231,12,4,12,4,7
unit,33232,8,3,8,3,7
unit,33233,10,4,10,4,7
unit,33234,10,4,10,4,7
unit,33235,11,4,11,4,7
unit,33236,10,4,10,4,7
unit,33237,11,4,11,4,7
unit,33238,11,4,11,4,7
unit,33239,12,4,12,4,7
unit,33240,10,4,10,4,7
unit,33241,11,4,11,4,7
unit,33242,11,4,11,4,7
unit,33243,12,4,12,4,7
unit,33244,11,4,11,4,7
unit,33245,12,4,12,4,7
unit,33246,12,4,12,4,7
unit,33247,13,4,13,4,7
unit,33248,8,3,8,3,7
unit,33249,10,4,10,4,7
unit,33250,10,4,10,4,7
unit,33251,11,4,11,4,7
unit,33252,10,4,10,4,7
unit,33253,11,4,11,4,7
unit,33254,11,4,11,4,7
unit,33255,12,4,12,4,7
unit,33256,10,4,10,4,7
unit,33257,11,4,11,4,7
unit,33258,11,4,11,4,7
unit,33259,12,4,12,4,7
unit,33260,11,4,11,4,7
unit,33261,12,4,12,4,7
unit,33262,12,4,12,4,7
unit,33263,13,4,13,4,7
unit,33264,9,3,9,3,7
unit,33265,11,4,11,4,7
unit,33266,11,4,11,4,7
unit,33267,12,4,12,4,7
unit,33268,11,4,11,4,7
unit,33269,12,4,12,4,7
unit,33270,12,4,12,4,7
unit,33271,13,4,13,4,7
unit,33272,11,4,11,4,7
unit,33273,12,4,12,4,7
unit,33274,12,4,12,4,7
unit,33275,13,4,13,4,7
unit,33276,12,4,12,4,7
unit,33277,13,4,13,4,7
unit,33278,13,4,13,4,7
unit,33279,14,4,14,4,7
unit,33280,4,2,4,2,7
unit,33281,6,3,6,3,7
unit,33282,6,3,6,3,7
unit,33283,7,3,7,3,7
unit,33284,6,3,6,3,7
unit,33285,7,3,7,3,7
unit,33286,7,3,7,3,7
unit,33287,8,3,8,3,7
unit,33288,6,3,6,3,7
unit,33289,7,3,7,3,7
unit,33290,7,3,7,3,7
unit,33291,8,3,8,3,7
unit,33292,7,3,7,3,7
unit,33293,8,3,8,3,7
unit,33294,8,3,8,3,7
unit,33295,9,3,9,3,7
unit,33296,6,3,6,3,7
unit,33297,8,4,8,4,7
unit,33298,8,4,8,4,7
unit,33299,9,4,9,4,7
unit,33300,8,4,8,4,7
unit,33301,9,4,9,4,7
unit,33302,9,4,9,4,7
unit,33303,10,4,10,4,7
unit,33304,8,4,8,4,7
unit,33305,9,4,9,4,7
unit,33306,9,4,9,4,7
unit,33307,10,4,10,4,7
unit,33308,9,4,9,4,7
unit,33309,10,4,10,4,7
unit,33310,10,4,10,4,7
unit,33311,11,4,11,4,7
unit,33312,6,3,6,3,7
unit,33313,8,4,8,4,7
unit,33314,8,4,8,4,7
unit,33315,9,4,9,4,7
unit,33316,8,4,8,4,7
unit,33317,9,4,9,4,7
unit,33318,9,4,9,4,7
unit,33319,10,4,10,4,7
unit,33320,8,4,8,4,7
unit,33321,9,4,9,4,7
unit,33322,9,4,9,4,7
unit,33323,10,4,10,4,7
unit,33324,9,4,9,4,7
unit,33325,10,4,10,4,7
unit,33326,10,4,10,4,7
unit,33327,11,4,11,4,7
unit,33328,7,3,7,3,7
unit,33329,9,4,9,4,7
unit,33330,9,4,9,4,7
unit,33331,10,4,10,4,7
unit,33332,9,4,9,4,7
unit,33333,10,4,10,4,7
unit,33334,10,4,10,4,7
unit,33335,11,4,11,4,7
unit,33336,9,4,9,4,7
unit,33337,10,4,10,4,7
unit,33338,10,4,10,4,7
unit,33339,11,4,11,4,7
unit,33340,10,4,10,4,7
unit,33341,11,4,11,4,7
unit,33342,11,4,11,4,7
unit,33343,12,4,12,4,7
unit,33344,6,3,6,3,7
unit,33345,8,4,8,4,7
unit,33346,8,4,8,4,7
unit,33347,9,4,9,4,7
unit,33348,8,4,8,4,7
unit,33349,9,4,9,4,7
unit,33350,9,4,9,4,7
unit,33351,10,4,10,4,7
unit,33352,8,4,8,4,7
unit,33353,9,4,9,4,7
unit,33354,9,4,9,4,7
unit,33355,10,4,10,4,7
unit,33356,9,4,9,4,7
unit,33357,10,4,10,4,7
unit,33358,10,4,10,4,7
unit,33359,11,4,11,4,7
unit,33360,7,3,7,3,7
unit,33361,9,4,9,4,7
unit,33362,9,4,9,4,7
unit,33363,10,4,10,4,7
unit,33364,9,4,9,4,7
unit,33365,10,4,10,4,7
unit,33366,10,4,10,4,7
unit,33367,11,4,11,4,7
unit,33368,9,4,9,4,7
unit,33369,10,4,10,4,7
unit,33370,10,4,10,4,7
unit,33371,11,4,11,4,7
unit,33372,10,4,10,4,7
unit,33373,11,4,11,4,7
unit,33374,11,4,11,4,7
unit,33375,12,4,12,4,7
unit,33376,7,3,7,3,7
unit,33377,9,4,9,4,7
unit,33378,9,4,9,4,7
unit,33379,10,4,10,4,7
unit,33380,9,4,9,4,7
unit,33381,10,4,10,4,7
unit,33382,10,4,10,4,7
unit,33383,11,4,11,4,7
unit,33384,9,4,9,4,7
unit,33385,10,4,10,4,7
unit,33386,10,4,10,4,7
unit,33387,11,4,11,4,7
unit,33388,10,4,10,4,7
unit,33389,11,4,11,4,7
unit,33390,11,4,11,4,7
unit,33391,12,4,12,4,7
unit,33392,8,3,8,3,7
unit,33393,10,4,10,4,7
unit,33394,10,4,10,4,7
unit,33395,11,4,11,4,7
unit,33396,10,4,10,4,7
unit,33397,11,4,11,4,7
unit,33398,11,4,11,4,7
unit,33399,12,4,12,4,7
unit,33400,10,4,10,4,7
unit,33401,11,4,11,4,7
unit,33402,11,4,11,4,7
unit,33403,12,4,12,4,7
unit,33404,11,4,11,4,7
unit,33405,12,4,12,4,7
unit,33406,12,4,12,4,7
unit,33407,13,4,13,4,7
unit,33408,6,3,6,3,7
unit,33409,8,4,8,4,7
unit,33410,8,4,8,4,7
unit,33411,9,4,9,4,7
unit,33412,8,4,8,4,7
unit,33413,9,4,9,4,7
unit,33414,9,4,9,4,7
unit,33415,10,4,10,4,7
unit,33416,8,4,8,4,7
unit,33417,9,4,9,4,7
unit,33418,9,4,9,4,7
unit,33419,10,4,10,4,7
unit,33420,9,4,9,4,7
unit,33421,10,4,10,4,7
unit,33422,10,4,10,4,7
unit,33423,11,4,11,4,7
unit,33424,7,3,7,3,7
unit,33425,9,4,9,4,7
unit,33426,9,4,9,4,7
unit,33427,10,4,10,4,7
unit,33428,9,4,9,4,7
unit,33429,10,4,10,4,7
unit,33430,10,4,10,4,7
unit,33431,11,4,11,4,7
unit,33432,9,4,9,4,7
unit,33433,10,4,10,4,7
unit,33434,10,4,10,4,7
unit,33435,11,4,11,4,7
unit,33436,10,4,10,4,7
unit,33437,11,4,11,4,7
unit,33438,11,4,11,4,7
unit,33439,12,4,12,4,7
unit,33440,7,3,7,3,7
unit,33441,9,4,9,4,7
unit,33442,9,4,9,4,7
unit,33443,10,4,10,4,7
unit,33444,9,4,9,4,7
unit,33445,10,4,10,4,7
unit,33446,10,4,10,4,7
unit,33447,11,4,11,4,7
unit,33448,9,4,9,4,7
unit,33449,10,4,10,4,7
unit,33450,10,4,10,4,7
unit,33451,11,4,11,4,7
unit,33452,10,4,10,4,7
unit,33453,11,4,11,4,7
unit,33454,11,4,11,4,7
unit,33455,12,4,12,4,7
unit,33456,8,3,8,3,7
unit,33457,10,4,10,4,7
unit,33458,10,4,10,4,7
unit,33459,11,4,11,4,7
unit,33460,10,4,10,4,7
unit,33461,11,4,11,4,7
unit,33462,11,4,11,4,7
unit,33463,12,4,12,4,7
unit,33464,10,4,10,4,7
unit,33465,11,4,11,4,7
unit,33466,11,4,11,4,7
unit,33467,12,4,12,4,7
unit,33468,11,4,11,4,7
unit,33469,12,4,12,4,7
unit,33470,12,4,12,4,7
unit,33471,13,4,13,4,7
unit,33472,7,3,7,3,7
unit,33473,9,4,9,4,7
unit,33474,9,4,9,4,7
unit,33475,10,4,10,4,7
unit,33476,9,4,9,4,7
unit,33477,10,4,10,4,7
unit,33478,10,4,10,4,7
unit,33479,11,4,11,4,7
unit,33480,9,4,9,4,7
unit,33481,10,4,10,4,7
unit,33482,10,4,10,4,7
unit,33483,11,4,11,4,7
unit,33484,10,4,10,4,7
unit,33485,11,4,11,4,7
unit,33486,11,4,11,4,7
unit,33487,12,4,12,4,7
unit,33488,8,3,8,3,7
unit,33489,10,4,10,4,7
unit,33490,10,4,10,4,7
unit,33491,11,4,11,4,7
unit,33492,10,4,10,4,7
unit,33493,11,4,11,4,7
unit,33494,11,4,11,4,7
unit,33495,12,4,12,4,7
unit,33496,10,4,10,4,7
unit,33497,11,4,11,4,7
unit,33498,11,4,11,4,7
unit,33499,12,4,12,4,7
unit,33500,11,4,11,4,7
unit,33501,12,4,12,4,7
unit,33502,12,4,12,4,7
unit,33503,13,4,13,4,7
unit,33504,8,3,8,3,7
unit,33505,10,4,10,4,7
unit,33506,10,4,10,4,7
unit,33507,11,4,11,4,7
unit,33508,10,4,10,4,7
unit,33509,11,4,11,4,7
unit,33510,11,4,11,4,7
unit,33511,12,4,12,4,7
unit,33512,10,4,10,4,7
unit,33513,11,4,11,4,7
unit,33514,11,4,11,4,7
unit,33515,12,4,12,4,7
unit,33516,11,4,11,4,7
unit,33517,12,4,12,4,7
unit,33518,12,4,12,4,7
unit,33519,13,4,13,4,7
unit,33520,9,3,9,3,7
unit,33521,11,4,11,4,7
unit,33522,11,4,11,4,7
unit,33523,12,4,12,4,7
unit,33524,11,4,11,4,7
unit,33525,12,4,12,4,7
unit,33526,12,4,12,4,7
unit,33527,13,4,13,4,7
unit,33528,11,4,11,4,7
unit,33529,12,4,12,4,7
unit,33530,12,4,12,4,7
unit,33531,13,4,13,4,7
unit,33532,12,4,12,4,7
unit,33533,13,4,13,4,7
unit,33534,13,4,13,4,7
unit,33535,14,4,14,4,7
unit,33536,5,2,5,2,7
unit,33537,7,3,7,3,7
unit,33538,7,3,7,3,7
unit,33539,8,3,8,3,7
unit,33540,7,3,7,3,7
unit,33541,8,3,8,3,7
unit,33542,8,3,8,3,7
unit,33543,9,3,9,3,7
unit,33544,7,3,7,3,7
unit,33545,8,3,8,3,7
unit,33546,8,3,8,3,7
unit,33547,9,3,9,3,7
unit,33548,8,3,8,3,7
unit,33549,9,3,9,3,7
unit,33550,9,3,9,3,7
unit,33551,10,3,10,3,7
unit,33552,7,3,7,3,7
unit,33553,9,4,9,4,7
unit,33554,9,4,9,4,7
unit,33555,10,4,10,4,7
unit,33556,9,4,9,4,7
unit,33557,10,4,10,4,7
unit,33558,10,4,10,4,7
unit,33559,11,4,11,4,7
unit,33560,9,4,9,4,7
unit,33561,10,4,10,4,7
unit,33562,10,4,10,4,7
unit,33563,11,4,11,4,7
unit,33564,10,4,10,4,7
unit,33565,11,4,11,4,7
unit,33566,11,4,11,4,7
unit,33567,12,4,12,4,7
unit,33568,7,3,7,3,7
unit,33569,9,4,9,4,7
unit,33570,9,4,9,4,7
unit,33571,10,4,10,4,7
unit,33572,9,4,9,4,7
unit,33573,10,4,10,4,7
unit,33574,10,4,10,4,7
unit,33575,11,4,11,4,7
unit,33576,9,4,9,4,7
unit,33577,10,4,10,4,7
unit,33578,10,4,10,4,7
unit,33579,11,4,11,4,7
unit,33580,10,4,10,4,7
unit,33581,11,4,11,4,7
unit,33582,11,4,11,4,7
unit,33583,12,4,12,4,7
unit,33584,8,3,8,3,7
unit,33585,10,4,10,4,7
unit,33586,10,4,10,4,7
unit,33587,11,4,11,4,7
unit,33588,10,4,10,4,7
unit,33589,11,4,11,4,7
unit,33590,11,4,11,4,7
unit,33591,12,4,12,4,7
unit,33592,10,4,10,4,7
unit,33593,11,4,11,4,7
unit,33594,11,4,11,4,7
unit,33595,12,4,12,4,7
unit,33596,11,4,11,4,7
unit,33597,12,4,12,4,7
unit,33598,12,4,12,4,7
unit,33599,13,4,13,4,7
unit,33600,7,3,7,3,7
unit,33601,9,4,9,4,7
unit,33602,9,4,9,4,7
unit,33603,10,4,10,4,7
unit,33604,9,4,9,4,7
unit,33605,10,4,10,4,7
unit,33606,10,4,10,4,7
unit,33607,11,4,11,4,7
unit,33608,9,4,9,4,7
unit,33609,10,4,10,4,7
unit,33610,10,4,10,4,7
unit,33611,11,4,11,4,7
unit,33612,10,4,10,4,7
unit,33613,11,4,11,4,7
unit,33614,11,4,11,4,7
unit,33615,12,4,12,4,7
unit,33616,8,3,8,3,7
unit,33617,10,4,10,4,7
unit,33618,10,4,10,4,7
unit,33619,11,4,11,4,7
unit,33620,10,4,10,4,7
unit,33621,11,4,11,4,7
unit,33622,11,4,11,4,7
unit,33623,12,4,12,4,7
unit,33624,10,4,10,4,7
unit,33625,11,4,11,4,7
unit,33626,11,4,11,4,7
unit,33627,12,4,12,4,7
unit,33628,11,4,11,4,7
unit,33629,12,4,12,4,7
unit,33630,12,4,12,4,7
unit,33631,13,4,13,4,7
unit,33632,8,3,8,3,7
unit,33633,10,4,10,4,7
unit,33634,10,4,10,4,7
unit,33635,11,4,11,4,7
unit,33636,10,4,10,4,7
unit,33637,11,4,11,4,7
unit,33638,11,4,11,4,7
unit,33639,12,4,12,4,7
unit,33640,10,4,10,4,7
unit,33641,11,4,11,4,7
unit,33642,11,4,11,4,7
unit,33643,12,4,12,4,7
unit,33644,11,4,11,4,7
unit,33645,12,4,12,4,7
unit,33646,12,4,12,4,7
unit,33647,13,4,13,4,7
unit,33648,9,3,9,3,7
unit,33649,11,4,11,4,7
unit,33650,11,4,11,4,7
unit,33651,12,4,12,4,7
unit,33652,11,4,11,4,7
unit,33653,12,4,12,4,7
unit,33654,12,4,12,4,7
unit,33655,13,4,13,4,7
unit,33656,11,4,11,4,7
unit,33657,12,4,12,4,7
unit,33658,12,4,12,4,7
unit,33659,13,4,13,4,7
unit,33660,12,4,12,4,7
unit,33661,13,4,13,4,7
unit,33662,13,4,13,4,7
unit,33663,14,4,14,4,7
unit,33664,7,3,7,3,7
unit,33665,9,4,9,4,7
unit,33666,9,4,9,4,7
unit,33667,10,4,10,4,7
unit,33668,9,4,9,4,7
unit,33669,10,4,10,4,7
unit,33670,10,4,10,4,7
unit,33671,11,4,11,4,7
unit,33672,9,4,9,4,7
unit,33673,10,4,10,4,7
unit,33674,10,4,10,4,7
unit,33675,11,4,11,4,7
unit,33676,10,4,10,4,7
unit,33677,11,4,11,4,7
unit,33678,11,4,11,4,7
unit,33679,12,4,12,4,7
unit,33680,8,3,8,3,7
unit,33681,10,4,10,4,7
unit,33682,10,4,10,4,7
unit,33683,11,4,11,4,7
unit,33684,10,4,10,4,7
unit,33685,11,4,11,4,7
unit,33686,11,4,11,4,7
unit,33687,12,4,12,4,7
unit,33688,10,4,10,4,7
unit,33689,11,4,11,4,7
unit,33690,11,4,11,4,7
unit,33691,12,4,12,4,7
unit,33692,11,4,11,4,7
unit,33693,12,4,12,4,7
unit,33694,12,4,12,4,7
unit,33695,13,4,13,4,7
unit,33696,8,3,8,3,7
unit,33697,10,4,10,4,7
unit,33698,10,4,10,4,7
unit,33699,11,4,11,4,7
unit,33700,10,4,10,4,7
unit,33701,11,4,11,4,7
unit,33702,11,4,11,4,7
unit,33703,12,4,12,4,7
unit,33704,10,4,10,4,7
unit,33705,11,4,11,4,7
unit,33706,11,4,11,4,7
unit,33707,12,4,12,4,7
unit,33708,11,4,11,4,7
unit,33709,12,4,12,4,7
unit,33710,12,4,12,4,7
unit,33711,13,4,13,4,7
unit,33712,9,3,9,3,7
unit,33713,11,4,11,4,7
unit,33714,11,4,11,4,7
unit,33715,12,4,12,4,7
unit,33716,11,4,11,4,7
unit,33717,12,4,12,4,7
unit,33718,12,4,12,4,7
unit,33719,13,4,13,4,7
unit,33720,11,4,11,4,7
unit,33721,12,4,12,4,7
unit,33722,12,4,12,4,7
unit,33723,13,4,13,4,7
unit,33724,12,4,12,4,7
unit,33725,13,4,13,4,7
unit,33726,13,4,13,4,7
unit,33727,14,4,14,4,7
unit,33728,8,3,8,3,7
unit,33729,10,4,10,4,7
unit,33730,10,4,10,4,7
unit,33731,11,4,11,4,7
unit,33732,10,4,10,4,7
unit,33733,11,4,11,4,7
unit,33734,11,4,11,4,7
unit,33735,12,4,12,4,7
unit,33736,10,4,10,4,7
unit,33737,11,4,11,4,7
unit,33738,11,4,11,4,7
unit,33739,12,4,12,4,7
unit,33740,11,4,11,4,7
unit,33741,12,4,12,4,7
unit,33742,12,4,12,4,7
unit,33743,13,4,13,4,7
unit,33744,9,3,9,3,7
unit,33745,11,4,11,4,7
unit,33746,11,4,11,4,7
unit,33747,12,4,12,4,7
unit,33748,11,4,11,4,7
unit,33749,12,4,12,4,7
unit,33750,12,4,12,4,7
unit,33751,13,4,13,4,7
unit,33752,11,4,11,4,7
unit,33753,12,4,12,4,7
unit,33754,12,4,12,4,7
unit,33755,13,4,13,4,7
unit,33756,12,4,12,4,7
unit,33757,13,4,13,4,7
unit,33758,13,4,13,4,7
unit,33759,14,4,14,4,7
unit,33760,9,3,9,3,7
unit,33761,11,4,11,4,7
unit,33762,11,4,11,4,7
unit,33763,12,4,12,4,7
unit,33764,11,4,11,4,7
unit,33765,12,4,12,4,7
unit,33766,12,4,12,4,7
unit,33767,13,4,13,4,7
unit,33768,11,4,11,4,7
unit,33769,12,4,12,4,7
unit,33770,12,4,12,4,7
unit,33771,13,4,13,4,7
unit,33772,12,4,12,4,7
unit,33773,13,4,13,4,7
unit,33774,13,4,13,4,7
unit,33775,14,4,14,4,7
unit,33776,10,3,10,3,7
unit,33777,12,4,12,4,7
unit,33778,12,4,12,4,7
unit,33779,13,4,13,4,7
unit,33780,12,4,12,4,7
unit,33781,13,4,13,4,7
unit,33782,13,4,13,4,7
unit,33783,14,4,14,4,7
unit,33784,12,4,12,4,7
unit,33785,13,4,13,4,7
unit,33786,13,4,13,4,7
unit,33787,14,4,14,4,7
unit,33788,13,4,13,4,7
unit,33789,14,4,14,4,7
unit,33790,14,4,14,4,7
unit,33791,15,4,15,4,7
unit,33792,4,2,4,2,7
unit,33793,6,3,6,3,7
unit,33794,6,3,6,3,7
unit,33795,7,3,7,3,7
unit,33796,6,3,6,3,7
unit,33797,7,3,7,3,7
unit,33798,7,3,7,3,7
unit,33799,8,3,8,3,7
unit,33800,6,3,6,3,7
unit,33801,7,3,7,3,7
unit,33802,7,3,7,3,7
unit,33803,8,3,8,3,7
unit,33804,7,3,7,3,7
unit,33805,8,3,8,3,7
unit,33806,8,3,8,3,7
unit,33807,9,3,9,3,7
unit,33808,6,3,6,3,7
unit,33809,8,4,8,4,7
unit,33810,8,4,8,4,7
unit,33811,9,4,9,4,7
unit,33812,8,4,8,4,7
unit,33813,9,4,9,4,7
unit,33814,9,4,9,4,7
unit,33815,10,4,10,4,7
unit,33816,8,4,8,4,7
unit,33817,9,4,9,4,7
unit,33818,9,4,9,4,7
unit,33819,10,4,10,4,7
unit,33820,9,4,9,4,7
unit,33821,10,4,10,4,7
unit,33822,10,4,10,4,7
unit,33823,11,4,11,4,7
unit,33824,6,3,6,3,7
unit,33825,8,4,8,4,7
unit,33826,8,4,8,4,7
unit,33827,9,4,9,4,7
unit,33828,8,4,8,4,7
unit,33829,9,4,9,4,7
unit,33830,9,4,9,4,7
unit,33831,10,4,10,4,7
unit,33832,8,4,8,4,7
unit,33833,9,4,9,4,7
unit,33834,9,4,9,4,7
unit,33835,10,4,10,4,7
unit,33836,9,4,9,4,7
unit,33837,10,4,10,4,7
unit,33838,10,4,10,4,7
unit,33839,11,4,11,4,7
unit,33840,7,3,7,3,7
unit,33841,9,4,9,4,7
unit,33842,9,4,9,4,7
unit,33843,10,4,10,4,7
unit,33844,9,4,9,4,7
unit,33845,10,4,10,4,7
unit,33846,10,4,10,4,7
unit,33847,11,4,11,4,7
unit,33848,9,4,9,4,7
unit,33849,10,4,10,4,7
unit,33850,10,4,10,4,7
unit,33851,11,4,11,4,7
unit,33852,10,4,10,4,7
unit,33853,11,4,11,4,7
unit,33854,11,4,11,4,7
unit,33855,12,4,12,4,7
unit,33856,6,3,6,3,7
unit,33857,8,4,8,4,7
unit,33858,8,4,8,4,7
unit,33859,9,4,9,4,7
unit,33860,8,4,8,4,7
unit,33861,9,4,9,4,7
unit,33862,9,4,9,4,7
unit,33863,10,4,10,4,7
unit,33864,8,4,8,4,7
unit,33865,9,4,9,4,7
unit,33866,9,4,9,4,7
unit,33867,10,4,10,4,7
unit,33868,9,4,9,4,7
unit,33869,10,4,10,4,7
unit,33870,10,4,10,4,7
unit,33871,11,4,11,4,7
unit,33872,7,3,7,3,7
unit,33873,9,4,9,4,7
unit,33874,9,4,9,4,7
unit,33875,10,4,10,4,7
unit,33876,9,4,9,4,7
unit,33877,10,4,10,4,7
unit,33878,10,4,10,4,7
unit,33879,11,4,11,4,7
unit,33880,9,4,9,4,7
unit,33881,10,4,10,4,7
unit,33882,10,4,10,4,7
unit,33883,11,4,11,4,7
unit,33884,10,4,10,4,7
unit,33885,11,4,11,4,7
unit,33886,11,4,11,4,7
unit,33887,12,4,12,4,7
unit,33888,7,3,7,3,7
unit,33889,9,4,9,4,7
unit,33890,9,4,9,4,7
unit,33891,10,4,10,4,7
unit,33892,9,4,9,4,7
unit,33893,10,4,10,4,7
unit,33894,10,4,10,4,7
unit,33895,11,4,11,4,7
unit,33896,9,4,9,4,7
unit,33897,10,4,10,4,7
unit,33898,10,4,10,4,7
unit,33899,11,4,11,4,7
unit,33900,10,4,10,4,7
unit,33901,11,4,11,4,7
unit,33902,11,4,11,4,7
unit,33903,12,4,12,4,7
unit,33904,8,3,8,3,7
unit,33905,10,4,10,4,7
unit,33906,10,4,10,4,7
unit,33907,11,4,11,4,7
unit,33908,10,4,10,4,7
unit,33909,11,4,11,4,7
unit,33910,11,4,11,4,7
unit,33911,12,4,12,4,7
unit,33912,10,4,10,4,7
unit,33913,11,4,11,4,7
unit,33914,11,4,11,4,7
unit,33915,12,4,12,4,7
unit,33916,11,4,11,4,7
unit,33917,12,4,12,4,7
unit,33918,12,4,12,4,7
unit,33919,13,4,13,4,7
unit,33920,6,3,6,3,7
unit,33921,8,4,8,4,7
unit,33922,8,4,8,4,7
unit,33923,9,4,9,4,7
unit,33924,8,4,8,4,7
unit,33925,9,4,9,4,7
unit,33926,9,4,9,4,7
unit,33927,10,4,10,4,7
unit,33928,8,4,8,4,7
unit,33929,9,4,9,4,7
unit,33930,9,4,9,4,7
unit,33931,10,4,10,4,7
unit,33932,9,4,9,4,7
unit,33933,10,4,10,4,7
unit,33934,10,4,10,4,7
unit,33935,11,4,11,4,7
unit,33936,7,3,7,3,7
unit,33937,9,4,9,4,7
unit,33938,9,4,9,4,7
unit,33939,10,4,10,4,7
unit,33940,9,4,9,4,7
unit,33941,10,4,10,4,7
unit,33942,10,4,10,4,7
unit,33943,11,4,11,4,7
unit,33944,9,4,9,4,7
unit,33945,10,4,10,4,7
unit,33946,10,4,10,4,7
unit,33947,11,4,11,4,7
unit,33948,10,4,10,4,7
unit,33949,11,4,11,4,7
unit,33950,11,4,11,4,7
unit,33951,12,4,12,4,7
unit,33952,7,3,7,3,7
unit,33953,9,4,9,4,7
unit,33954,9,4,9,4,7
unit,33955,10,4,10,4,7
unit,33956,9,4,9,4,7
unit,33957,10,4,10,4,7
unit,33958,10,4,10,4,7
unit,33959,11,4,11,4,7
unit,33960,9,4,9,4,7
unit,33961,10,4,10,4,7
unit,33962,10,4,10,4,7
unit,33963,11,4,11,4,7
unit,33964,10,4,10,4,7
unit,33965,11,4,11,4,7
unit,33966,11,4,11,4,7
unit,33967,12,4,12,4,7
unit,33968,8,3,8,3,7
unit,33969,10,4,10,4,7
unit,33970,10,4,10,4,7
unit,33971,11,4,11,4,7
unit,33972,10,4,10,4,7
unit,33973,11,4,11,4,7
unit,33974,11,4,11,4,7
unit,33975,12,4,12,4,7
unit,33976,10,4,10,4,7
unit,33977,11,4,11,4,7
unit,33978,11,4,11,4,7
unit,33979,12,4,12,4,7
unit,33980,11,4,11,4,7
unit,33981,12,4,12,4,7
unit,33982,12,4,12,4,7
unit,33983,13,4,13,4,7
unit,33984,7,3,7,3,7
unit,33985,9,4,9,4,7
unit,33986,9,4,9,4,7
unit,33987,10,4,10,4,7
unit,33988,9,4,9,4,7
unit,33989,10,4,10,4,7
unit,33990,10,4,10,4,7
unit,33991,11,4,11,4,7
unit,33992,9,4,9,4,7
unit,33993,10,4,10,4,7
unit,33994,10,4,10,4,7
unit,33995,11,4,11,4,7
unit,33996,10,4,10,4,7
unit,33997,11,4,11,4,7
unit,33998,11,4,11,4,7
unit,33999,12,4,12,4,7
unit,34000,8,3,8,3,7
unit,34001,10,4,10,4,7
unit,34002,10,4,10,4,7
unit,34003,11,4,11,4,7
unit,34004,10,4,10,4,7
unit,34005,11,4,11,4,7
unit,34006,11,4,11,4,7
unit,34007,12,4,12,4,7
unit,34008,10,4,10,4,7
unit,34009,11,4,11,4,7
unit,34010,11,4,11,4,7
unit,34011,12,4,12,4,7
unit,34012,11,4,11,4,7
unit,34013,12,4,12,4,7
unit,34014,12,4,12,4,7
unit,34015,13,4,13,4,7
unit,34016,8,3,8,3,7
unit,34017,10,4,10,4,7
unit,34018,10,4,10,4,7
unit,34019,11,4,11,4,7
unit,34020,10,4,10,4,7
unit,34021,11,4,11,4,7
unit,34022,11,4,11,4,7
unit,34023,12,4,12,4,7
unit,34024,10,4,10,4,7
unit,34025,11,4,11,4,7
unit,34026,11,4,11,4,7
unit,34027,12,4,12,4,7
unit,34028,11,4,11,4,7
unit,34029,12,4,12,4,7
unit,34030,12,4,12,4,7
unit,34031,13,4,13,4,7
unit,34032,9,3,9,3,7
unit,34033,11,4,11,4,7
unit,34034,11,4,11,4,7
unit,34035,12,4,12,4,7
unit,34036,11,4,11,4,7
unit,34037,12,4,12,4,7
unit,34038,12,4,12,4,7
unit,34039,13,4,13,4,7
unit,34040,11,4,11,4,7
unit,34041,12,4,12,4,7
unit,34042,12,4,12,4,7
unit,34043,13,4,13,4,7
unit,34044,12,4,12,4,7
unit,34045,13,4,13,4,7
unit,34046,13,4,13,4,7
unit,34047,14,4,14,4,7
unit,34048,5,2,5,2,7
unit,34049,7,3,7,3,7
unit,34050,7,3,7,3,7
unit,34051,8,3,8,3,7
unit,34052,7,3,7,3,7
unit,34053,8,3,8,3,7
unit,34054,8,3,8,3,7
unit,34055,9,3,9,3,7
unit,34056,7,3,7,3,7
unit,34057,8,3,8,3,7
unit,34058,8,3,8,3,7
unit,34059,9,3,9,3,7
unit,34060,8,3,8,3,7
unit,34061,9,3,9,3,7
unit,34062,9,3,9,3,7
unit,34063,10,3,10,3,7
unit,34064,7,3,7,3,7
unit,34065,9,4,9,4,7
unit,34066,9,4,9,4,7
unit,34067,10,4,10,4,7
unit,34068,9,4,9,4,7
unit,34069,10,4,10,4,7
unit,34070,10,4,10,4,7
unit,34071,11,4,11,4,7
unit,34072,9,4,9,4,7
unit,34073,10,4,10,4,7
unit,34074,10,4,10,4,7
unit,34075,11,4,11,4,7
unit,34076,10,4,10,4,7
unit,34077,11,4,11,4,7
unit,34078,11,4,11,4,7
unit,34079,12,4,12,4,7
unit,34080,7,3,7,3,7
unit,34081,9,4,9,4,7
unit,34082,9,4,9,4,7
unit,34083,10,4,10,4,7
unit,34084,9,4,9,4,7
unit,34085,10,4,10,4,7
unit,34086,10,4,10,4,7
unit,34087,11,4,11,4,7
unit,34088,9,4,9,4,7
unit,34089,10,4,10,4,7
unit,34090,10,4,10,4,7
unit,34091,11,4,11,4,7
unit,34092,10,4,10,4,7
unit,34093,11,4,11,4,7
unit,34094,11,4,11,4,7
unit,34095,12,4,12,4,7
unit,34096,8,3,8,3,7
unit,34097,10,4,10,4,7
unit,34098,10,4,10,4,7
unit,34099,11,4,11,4,7
unit,34100,10,4,10,4,7
unit,34101,11,4,11,4,7
unit,34102,11,4,11,4,7
unit,34103,12,4,12,4,7
unit,34104,10,4,10,4,7
unit,34105,11,4,11,4,7
unit,34106,11,4,11,4,7
unit,34107,12,4,12,4,7
unit,34108,11,4,11,4,7
unit,34109,12,4,12,4,7
unit,34110,12,4,12,4,7
unit,34111,13,4,13,4,7
unit,34112,7,3,7,3,7
unit,34113,9,4,9,4,7
unit,34114,9,4,9,4,7
unit,34115,10,4,10,4,7
unit,34116,9,4,9,4,7
unit,34117,10,4,10,4,7
unit,34118,10,4,10,4,7
unit,34119,11,4,11,4,7
unit,34120,9,4,9,4,7
unit,34121,10,4,10,4,7
unit,34122,10,4,10,4,7
unit,34123,11,4,11,4,7
unit,34124,10,4,10,4,7
unit,34125,11,4,11,4,7
unit,34126,11,4,11,4,7
unit,34127,12,4,12,4,7
unit,34128,8,3,8,3,7
unit,34129,10,4,10,4,7
unit,34130,10,4,10,4,7
unit,34131,11,4,11,4,7
unit,34132,10,4,10,4,7
unit,34133,11,4,11,4,7
unit,34134,11,4,11,4,7
unit,34135,12,4,12,4,7
unit,34136,10,4,10,4,7
unit,34137,11,4,11,4,7
unit,34138,11,4,11,4,7
unit,34139,12,4,12,4,7
unit,34140,11,4,11,4,7
unit,34141,12,4,12,4,7
unit,34142,12,4,12,4,7
unit,34143,13,4,13,4,7
unit,34144,8,3,8,3,7
unit,34145,10,4,10,4,7
unit,34146,10,4,10,4,7
unit,34147,11,4,11,4,7
unit,34148,10,4,10,4,7
unit,34149,11,4,11,4,7
unit,34150,11,4,11,4,7
unit,34151,12,4,12,4,7
unit,34152,10,4,10,4,7
unit,34153,11,4,11,4,7
unit,34154,11,4,11,4,7
unit,34155,12,4,12,4,7
unit,34156,11,4,11,4,7
unit,34157,12,4,12,4,7
unit,34158,12,4,12,4,7
unit,34159,13,4,13,4,7
unit,34160,9,3,9,3,7
unit,34161,11,4,11,4,7
unit,34162,11,4,11,4,7
unit,34163,12,4,12,4,7
unit,34164,11,4,11,4,7
unit,34165,12,4,12,4,7
unit,34166,12,4,12,4,7
unit,34167,13,4,13,4,7
unit,34168,11,4,11,4,7
unit,34169,12,4,12,4,7
unit,34170,12,4,12,4,7
unit,34171,13,4,13,4,7
unit,34172,12,4,12,4,7
unit,34173,13,4,13,4,7
unit,34174,13,4,13,4,7
unit,34175,14,4,14,4,7
unit,34176,7,3,7,3,7
unit,34177,9,4,9,4,7
unit,34178,9,4,9,4,7
unit,34179,10,4,10,4,7
unit,34180,9,4,9,4,7
unit,34181,10,4,10,4,7
unit,34182,10,4,10,4,7
unit,34183,11,4,11,4,7
unit,34184,9,4,9,4,7
unit,34185,10,4,10,4,7
unit,34186,10,4,10,4,7
unit,34187,11,4,11,4,7
unit,34188,10,4,10,4,7
unit,34189,11,4,11,4,7
unit,34190,11,4,11,4,7
unit,34191,12,4,12,4,7
unit,34192,8,3,8,3,7
unit,34193,10,4,10,4,7
unit,34194,10,4,10,4,7
unit,34195,11,4,11,4,7
unit,34196,10,4,10,4,7
unit,34197,11,4,11,4,7
unit,34198,11,4,11,4,7
unit,34199,12,4,12,4,7
unit,34200,10,4,10,4,7
unit,34201,11,4,11,4,7
unit,34202,11,4,11,4,7
unit,34203,12,4,12,4,7
unit,34204,11,4,11,4,7
unit,34205,12,4,12,4,7
unit,34206,12,4,12,4,7
unit,34207,13,4,13,4,7
unit,34208,8,3,8,3,7
unit,34209,10,4,10,4,7
unit,34210,10,4,10,4,7
unit,34211,11,4,11,4,7
unit,34212,10,4,10,4,7
unit,34213,11,4,11,4,7
unit,34214,11,4,11,4,7
unit,34215,12,4,12,4,7
unit,34216,10,4,10,4,7
unit,34217,11,4,11,4,7
unit,34218,11,4,11,4,7
unit,34219,12,4,12,4,7
unit,34220,11,4,11,4,7
unit,34221,12,4,12,4,7
unit,34222,12,4,12,4,7
unit,34223,13,4,13,4,7
unit,34224,9,3,9,3,7
unit,34225,11,4,11,4,7
unit,34226,11,4,11,4,7
unit,34227,12,4,12,4,7
unit,34228,11,4,11,4,7
unit,34229,12,4,12,4,7
unit,34230,12,4,12,4,7
unit,34231,13,4,13,4,7
unit,34232,11,4,11,4,7
unit,34233,12,4,12,4,7
unit,34234,12,4,12,4,7
unit,34235,13,4,13,4,7
unit,34236,12,4,12,4,7
unit,34237,13,4,13,4,7
unit,34238,13,4,13,4,7
unit,34239,14,4,14,4,7
unit,34240,8,3,8,3,7
unit,34241,10,4,10,4,7
unit,34242,10,4,10,4,7
unit,34243,11,4,11,4,7
unit,34244,10,4,10,4,7
unit,34245,11,4,11,4,7
unit,34246,11,4,11,4,7
unit,34247,12,4,12,4,7
unit,34248,10,4,10,4,7
unit,34249,11,4,11,4,7
unit,34250,11,4,11,4,7
unit,34251,12,4,12,4,7
unit,34252,11,4,11,4,7
unit,34253,12,4,12,4,7
unit,34254,12,4,12,4,7
unit,34255,13,4,13,4,7
unit,34256,9,3,9,3,7
unit,34257,11,4,11,4,7
unit,34258,11,4,11,4,7
unit,34259,12,4,12,4,7
unit,34260,11,4,11,4,7
unit,34261,12,4,12,4,7
unit,34262,12,4,12,4,7
unit,34263,13,4,13,4,7
unit,34264,11,4,11,4,7
unit,34265,12,4,12,4,7
unit,34266,12,4,12,4,7
unit,34267,13,4,13,4,7
unit,34268,12,4,12,4,7
unit,34269,13,4,13,4,7
unit,34270,13,4,13,4,7
unit,34271,14,4,14,4,7
unit,34272,9,3,9,3,7
unit,34273,11,4,11,4,7
unit,34274,11,4,11,4,7
unit,34275,12,4,12,4,7
unit,34276,11,4,11,4,7
unit,34277,12,4,12,4,7
unit,34278,12,4,12,4,7
unit,34279,13,4,13,4,7
unit,34280,11,4,11,4,7
unit,34281,12,4,12,4,7
unit,34282,12,4,12,4,7
unit,34283,13,4,13,4,7
unit,34284,12,4,12,4,7
unit,34285,13,4,13,4,7
unit,34286,13,4,13,4,7
unit,34287,14,4,14,4,7
unit,34288,10,3,10,3,7
unit,34289,12,4,12,4,7
unit,34290,12,4,12,4,7
unit,34291,13,4,13,4,7
unit,34292,12,4,12,4,7
unit,34293,13,4,13,4,7
unit,34294,13,4,13,4,7
unit,34295,14,4,14,4,7
unit,34296,12,4,12,4,7
unit,34297,13,4,13,4,7
unit,34298,13,4,13,4,7
unit,34299,14,4,14,4,7
unit,34300,13,4,13,4,7
unit,34301,14,4,14,4,7
unit,34302,14,4,14,4,7
unit,34303,15,4,15,4,7
unit,34304,5,2,5,2,7
unit,34305,7,3,7,3,7
unit,34306,7,3,7,3,7
unit,34307,8,3,8,3,7
unit,34308,7,3,7,3,7
unit,34309,8,3,8,3,7
unit,34310,8,3,8,3,7
unit,34311,9,3,9,3,7
unit,34312,7,3,7,3,7
unit,34313,8,3,8,3,7
unit,34314,8,3,8,3,7
unit,34315,9,3,9,3,7
unit,34316,8,3,8,3,7
unit,34317,9,3,9,3,7
unit,34318,9,3,9,3,7
unit,34319,10,3,10,3,7
unit,34320,7,3,7,3,7
unit,34321,9,4,9,4,7
unit,34322,9,4,9,4,7
unit,34323,10,4,10,4,7
unit,34324,9,4,9,4,7
unit,34325,10,4,10,4,7
unit,34326,10,4,10,4,7
unit,34327,11,4,11,4,7
unit,34328,9,4,9,4,7
unit,34329,10,4,10,4,7
unit,34330,10,4,10,4,7
unit,34331,11,4,11,4,7
unit,34332,10,4,10,4,7
unit,34333,11,4,11,4,7
unit,34334,11,4,11,4,7
unit,34335,12,4,12,4,7
unit,34336,7,3,7,3,7
unit,34337,9,4,9,4,7
unit,34338,9,4,9,4,7
unit,34339,10,4,10,4,7
unit,34340,9,4,9,4,7
unit,34341,10,4,10,4,7
unit,34342,10,4,10,4,7
unit,34343,11,4,11,4,7
unit,34344,9,4,9,4,7
unit,34345,10,4,10,4,7
unit,34346,10,4,10,4,7
unit,34347,11,4,11,4,7
unit,34348,10,4,10,4,7
unit,34349,11,4,11,4,7
unit,34350,11,4,11,4,7
unit,34351,12,4,12,4,7
unit,34352,8,3,8,3,7
unit,34353,10,4,10,4,7
unit,34354,10,4,10,4,7
unit,34355,11,4,11,4,7
unit,34356,10,4,10,4,7
unit,34357,11,4,11,4,7
unit,34358,11,4,11,4,7
unit,34359,12,4,12,4,7
unit,34360,10,4,10,4,7
unit,34361,11,4,11,4,7
unit,34362,11,4,11,4,7
unit,34363,12,4,12,4,7
unit,34364,11,4,11,4,7
unit,34365,12,4,12,4,7
unit,34366,12,4,12,4,7
unit,34367,13,4,13,4,7
unit,34368,7,3,7,3,7
unit,34369,9,4,9,4,7
unit,34370,9,4,9,4,7
unit,34371,10,4,10,4,7
unit,34372,9,4,9,4,7
unit,34373,10,4,10,4,7
unit,34374,10,4,10,4,7
unit,34375,11,4,11,4,7
unit,34376,9,4,9,4,7
unit,34377,10,4,10,4,7
unit,34378,10,4,10,4,7
unit,34379,11,4,11,4,7
unit,34380,10,4,10,4,7
unit,34381,11,4,11,4,7
unit,34382,11,4,11,4,7
unit,34383,12,4,12,4,7
unit,34384,8,3,8,3,7
unit,34385,10,4,10,4,7
unit,34386,10,4,10,4,7
unit,34387,11,4,11,4,7
unit,34388,10,4,10,4,7
unit,34389,11,4,11,4,7
unit,34390,11,4,11,4,7
unit,34391,12,4,12,4,7
unit,34392,10,4,10,4,7
unit,34393,11,4,11,4,7
unit,34394,11,4,11,4,7
unit,34395,12,4,12,4,7
unit,34396,11,4,11,4,7
unit,34397,12,4,12,4,7
unit,34398,12,4,12,4,7
unit,34399,13,4,13,4,7
unit,34400,8,3,8,3,7
unit,34401,10,4,10,4,7
unit,34402,10,4,10,4,7
unit,34403,11,4,11,4,7
unit,34404,10,4,10,4,7
unit,34405,11,4,11,4,7
unit,34406,11,4,11,4,7
unit,34407,12,4,12,4,7
unit,34408,10,4,10,4,7
unit,34409,11,4,11,4,7
unit,34410,11,4,11,4,7
unit,34411,12,4,12,4,7
unit,34412,11,4,11,4,7
unit,34413,12,4,12,4,7
unit,34414,12,4,12,4,7
unit,34415,13,4,13,4,7
unit,34416,9,3,9,3,7
unit,34417,11,4,11,4,7
unit,34418,11,4,11,4,7
unit,34419,12,4,12,4,7
unit,34420,11,4,11,4,7
unit,34421,12,4,12,4,7
unit,34422,12,4,12,4,7
unit,34423,13,4,13,4,7
unit,34424,11,4,11,4,7
unit,34425,12,4,12,4,7
unit,34426,12,4,12,4,7
unit,34427,13,4,13,4,7
unit,34428,12,4,12,4,7
unit,34429,13,4,13,4,7
unit,34430,13,4,13,4,7
unit,34431,14,4,14,4,7
unit,34432,7,3,7,3,7
unit,34433,9,4,9,4,7
unit,34434,9,4,9,4,7
unit,34435,10,4,10,4,7
unit,34436,9,4,9,4,7
unit,34437,10,4,10,4,7
unit,34438,10,4,10,4,7
unit,34439,11,4,11,4,7
unit,34440,9,4,9,4,7
unit,34441,10,4,10,4,7
unit,34442,10,4,10,4,7
unit,34443,11,4,11,4,7
unit,34444,10,4,10,4,7
unit,34445,11,4,11,4,7
unit,34446,11,4,11,4,7
unit,34447,12,4,12,4,7
unit,34448,8,3,8,3,7
unit,34449,10,4,10,4,7
unit,34450,10,4,10,4,7
unit,34451,11,4,11,4,7
unit,34452,10,4,10,4,7
unit,34453,11,4,11,4,7
unit,34454,11,4,11,4,7
unit,34455,12,4,12,4,7
unit,34456,10,4,10,4,7
unit,34457,11,4,11,4,7
unit,34458,11,4,11,4,7
unit,34459,12,4,12,4,7
unit,34460,11,4,11,4,7
unit,34461,12,4,12,4,7
unit,34462,12,4,12,4,7
unit,34463,13,4,13,4,7
unit,34464,8,3,8,3,7
unit,34465,10,4,10,4,7
unit,34466,10,4,10,4,7
unit,34467,11,4,11,4,7
unit,34468,10,4,10,4,7
unit,34469,11,4,11,4,7
unit,34470,11,4,11,4,7
unit,34471,12,4,12,4,7
unit,34472,10,4,10,4,7
unit,34473,11,4,11,4,7
unit,34474,11,4,11,4,7
unit,34475,12,4,12,4,7
unit,34476,11,4,11,4,7
unit,34477,12,4,12,4,7
unit,34478,12,4,12,4,7
unit,34479,13,4,13,4,7
unit,34480,9,3,9,3,7
unit,34481,11,4,11,4,7
unit,34482,11,4,11,4,7
unit,34483,12,4,12,4,7
unit,34484,11,4,11,4,7
unit,34485,12,4,12,4,7
unit,34486,12,4,12,4,7
unit,34487,13,4,13,4,7
unit,34488,11,4,11,4,7
unit,34489,12,4,12,4,7
unit,34490,12,4,12,4,7
unit,34491,13,4,13,4,7
unit,34492,12,4,12,4,7
unit,34493,13,4,13,4,7
unit,34494,13,4,13,4,7
unit,34495,14,4,14,4,7
unit,34496,8,3,8,3,7
unit,34497,10,4,10,4,7
unit,34498,10,4,10,4,7
unit,34499,11,4,11,4,7
unit,34500,10,4,10,4,7
unit,34501,11,4,11,4,7
unit,34502,11,4,11,4,7
unit,34503,12,4,12,4,7
unit,34504,10,4,10,4,7
unit,34505,11,4,11,4,7
unit,34506,11,4,11,4,7
unit,34507,12,4,12,4,7
unit,34508,11,4,11,4,7
unit,34509,12,4,12,4,7
unit,34510,12,4,12,4,7
unit,34511,13,4,13,4,7
unit,34512,9,3,9,3,7
unit,34513,11,4,11,4,7
unit,34514,11,4,11,4,7
unit,34515,12,4,12,4,7
unit,34516,11,4,11,4,7
unit,34517,12,4,12,4,7
unit,34518,12,4,12,4,7
unit,34519,13,4,13,4,7
unit,34520,11,4,11,4,7
unit,34521,12,4,12,4,7
unit,34522,12,4,12,4,7
unit,34523,13,4,13,4,7
unit,34524,12,4,12,4,7
unit,34525,13,4,13,4,7
unit,34526,13,4,13,4,7
unit,34527,14,4,14,4,7
unit,34528,9,3,9,3,7
unit,34529,11,4,11,4,7
unit,34530,11,4,11,4,7
unit,34531,12,4,12,4,7
unit,34532,11,4,11,4,7
unit,34533,12,4,12,4,7
unit,34534,12,4,12,4,7
unit,34535,13,4,13,4,7
unit,34536,11,4,11,4,7
unit,34537,12,4,12,4,7
unit,34538,12,4,12,4,7
unit,34539,13,4,13,4,7
unit,34540,12,4,12,4,7
unit,34541,13,4,13,4,7
unit,34542,13,4,13,4,7
unit,34543,14,4,14,4,7
unit,34544,10,3,10,3,7
unit,34545,12,4,12,4,7
unit,34546,12,4,12,4,7
unit,34547,13,4,13,4,7
unit,34548,12,4,12,4,7
unit,34549,13,4,13,4,7
unit,34550,13,4,13,4,7
unit,34551,14,4,14,4,7
unit,34552,12,4,12,4,7
unit,34553,13,4,13,4,7
unit,34554,13,4,13,4,7
unit,34555,14,4,14,4,7
unit,34556,13,4,13,4,7
unit,34557,14,4,14,4,7
unit,34558,14,4,14,4,7
unit,34559,15,4,15,4,7
unit,34560,6,2,6,2,7
unit,34561,8,3,8,3,7
unit,34562,8,3,8,3,7
unit,34563,9,3,9,3,7
unit,34564,8,3,8,3,7
unit,34565,9,3,9,3,7
unit,34566,9,3,9,3,7
unit,34567,10,3,10,3,7
unit,34568,8,3,8,3,7
unit,34569,9,3,9,3,7
unit,34570,9,3,9,3,7
unit,34571,10,3,10,3,7
unit,34572,9,3,9,3,7
unit,34573,10,3,10,3,7
unit,34574,10,3,10,3,7
unit,34575,11,3,11,3,7
unit,34576,8,3,8,3,7
unit,34577,10,4,10,4,7
unit,34578,10,4,10,4,7
unit,34579,11,4,11,4,7
unit,34580,10,4,10,4,7
unit,34581,11,4,11,4,7
unit,34582,11,4,11,4,7
unit,34583,12,4,12,4,7
unit,34584,10,4,10,4,7
unit,34585,11,4,11,4,7
unit,34586,11,4,11,4,7
unit,34587,12,4,12,4,7
unit,34588,11,4,11,4,7
unit,34589,12,4,12,4,7
unit,34590,12,4,12,4,7
unit,34591,13,4,13,4,7
unit,34592,8,3,8,3,7
unit,34593,10,4,10,4,7
unit,34594,10,4,10,4,7
unit,34595,11,4,11,4,7
unit,34596,10,4,10,4,7
unit,34597,11,4,11,4,7
unit,34598,11,4,11,4,7
unit,34599,12,4,12,4,7
unit,34600,10,4,10,4,7
unit,34601,11,4,11,4,7
unit,34602,11,4,11,4,7
unit,34603,12,4,12,4,7
unit,34604,11,4,11,4,7
unit,34605,12,4,12,4,7
unit,34606,12,4,12,4,7
unit,34607,13,4,13,4,7
unit,34608,9,3,9,3,7
unit,34609,11,4,11,4,7
unit,34610,11,4,11,4,7
unit,34611,12,4,12,4,7
unit,34612,11,4,11,4,7
unit,34613,12,4,12,4,7
unit,34614,12,4,12,4,7
unit,34615,13,4,13,4,7
unit,34616,11,4,11,4,7
unit,34617,12,4,12,4,7
unit,34618,12,4,12,4,7
unit,34619,13,4,13,4,7
unit,34620,12,4,12,4,7
unit,34621,13,4,13,4,7
unit,34622,13,4,13,4,7
unit,34623,14,4,14,4,7
unit,34624,8,3,8,3,7
unit,34625,10,4,10,4,7
unit,34626,10,4,10,4,7
unit,34627,11,4,11,4,7
unit,34628,10,4,10,4,7
unit,34629,11,4,11,4,7
unit,34630,11,4,11,4,7
unit,34631,12,4,12,4,7
unit,34632,10,4,10,4,7
unit,34633,11,4,11,4,7
unit,34634,11,4,11,4,7
unit,34635,12,4,12,4,7
unit,34636,11,4,11,4,7
unit,34637,12,4,12,4,7
unit,34638,12,4,12,4,7
unit,34639,13,4,13,4,7
unit,34640,9,3,9,3,7
unit,34641,11,4,11,4,7
unit,34642,11,4,11,4,7
unit,34643,12,4,12,4,7
unit,34644,11,4,11,4,7
unit,34645,12,4,12,4,7
unit,34646,12,4,12,4,7
unit,34647,13,4,13,4,7
unit,34648,11,4,11,4,7
unit,34649,12,4,12,4,7
unit,34650,12,4,12,4,7
unit,34651,13,4,13,4,7
unit,34652,12,4,12,4,7
unit,34653,13,4,13,4,7
unit,34654,13,4,13,4,7
unit,34655,14,4,14,4,7
unit,34656,9,3,9,3,7
unit,34657,11,4,11,4,7
unit,34658,11,4,11,4,7
unit,34659,12,4,12,4,7
unit,34660,11,4,11,4,7
unit,34661,12,4,12,4,7
unit,34662,12,4,12,4,7
unit,34663,13,4,13,4,7
unit,34664,11,4,11,4,7
unit,34665,12,4,12,4,7
unit,34666,12,4,12,4,7
unit,34667,13,4,13,4,7
unit,34668,12,4,12,4,7
unit,34669,13,4,13,4,7
unit,34670,13,4,13,4,7
unit,34671,14,4,14,4,7
unit,34672,10,3,10,3,7
unit,34673,12,4,12,4,7
unit,34674,12,4,12,4,7
unit,34675,13,4,13,4,7
unit,34676,12,4,12,4,7
unit,34677,13,4,13,4,7
unit,34678,13,4,13,4,7
unit,34679,14,4,14,4,7
unit,34680,12,4,12,4,7
unit,34681,13,4,13,4,7
unit,34682,13,4,13,4,7
unit,34683,14,4,14,4,7
unit,34684,13,4,13,4,7
unit,34685,14,4,14,4,7
unit,34686,14,4,14,4,7
unit,34687,15,4,15,4,7
unit,34688,8,3,8,3,7
unit,34689,10,4,10,4,7
unit,34690,10,4,10,4,7
unit,34691,11,4,11,4,7
unit,34692,10,4,10,4,7
unit,34693,11,4,11,4,7
unit,34694,11,4,11,4,7
unit,34695,12,4,12,4,7
unit,34696,10,4,10,4,7
unit,34697,11,4,11,4,7
unit,34698,11,4,11,4,7
unit,34699,12,4,12,4,7
unit,34700,11,4,11,4,7
unit,34701,12,4,12,4,7
unit,34702,12,4,12,4,7
unit,34703,13,4,13,4,7
unit,34704,9,3,9,3,7
unit,34705,11,4,11,4,7
unit,34706,11,4,11,4,7
unit,34707,12,4,12,4,7
unit,34708,11,4,11,4,7
unit,34709,12,4,12,4,7
unit,34710,12,4,12,4,7
unit,34711,13,4,13,4,7
unit,34712,11,4,11,4,7
unit,34713,12,4,12,4,7
unit,34714,12,4,12,4,7
unit,34715,13,4,13,4,7
unit,34716,12,4,12,4,7
unit,34717,13,4,13,4,7
unit,34718,13,4,13,4,7
unit,34719,14,4,14,4,7
unit,34720,9,3,9,3,7
unit,34721,11,4,11,4,7
unit,34722,11,4,11,4,7
unit,34723,12,4,12,4,7
unit,34724,11,4,11,4,7
unit,34725,12,4,12,4,7
unit,34726,12,4,12,4,7
unit,34727,13,4,13,4,7
unit,34728,11,4,11,4,7
unit,34729,12,4,12,4,7
unit,34730,12,4,12,4,7
unit,34731,13,4,13,4,7
unit,34732,12,4,12,4,7
unit,34733,13,4,13,4,7
unit,34734,13,4,13,4,7
unit,34735,14,4,14,4,7
unit,34736,10,3,10,3,7
unit,34737,12,4,12,4,7
unit,34738,12,4,12,4,7
unit,34739,13,4,13,4,7
unit,34740,12,4,12,4,7
unit,34741,13,4,13,4,7
unit,34742,13,4,13,4,7
unit,34743,14,4,14,4,7
unit,34744,12,4,12,4,7
unit,34745,13,4,13,4,7
unit,34746,13,4,13,4,7
unit,34747,14,4,14,4,7
unit,34748,13,4,13,4,7
unit,34749,14,4,14,4,7
unit,34750,14,4,14,4,7
unit,34751,15,4,15,4,7
unit,34752,9,3,9,3,7
unit,34753,11,4,11,4,7
unit,34754,11,4,11,4,7
unit,34755,12,4,12,4,7
unit,34756,11,4,11,4,7
unit,34757,12,4,12,4,7
unit,34758,12,4,12,4,7
unit,34759,13,4,13,4,7
unit,34760,11,4,11,4,7
unit,34761,12,4,12,4,7
unit,34762,12,4,12,4,7
unit,34763,13,4,13,4,7
unit,34764,12,4,12,4,7
unit,34765,13,4,13,4,7
unit,34766,13,4,13,4,7
unit,34767,14,4,14,4,7
unit,34768,10,3,10,3,7
unit,34769,12,4,12,4,7
unit,34770,12,4,12,4,7
unit,34771,13,4,13,4,7
unit,34772,12,4,12,4,7
unit,34773,13,4,13,4,7
unit,34774,13,4,13,4,7
unit,34775,14,4,14,4,7
unit,34776,12,4,12,4,7
unit,34777,13,4,13,4,7
unit,34778,13,4,13,4,7
unit,34779,14,4,14,4,7
unit,34780,13,4,13,4,7
unit,34781,14,4,14,4,7
unit,34782,14,4,14,4,7
unit,34783,15,4,15,4,7
unit,34784,10,3,10,3,7
unit,34785,12,4,12,4,7
unit,34786,12,4,12,4,7
unit,34787,13,4,13,4,7
unit,34788,12,4,12,4,7
unit,34789,13,4,13,4,7
unit,34790,13,4,13,4,7
unit,34791,14,4,14,4,7
unit,34792,12,4,12,4,7
unit,34793,13,4,13,4,7
unit,34794,13,4,13,4,7
unit,34795,14,4,14,4,7
unit,34796,13,4,13,4,7
unit,34797,14,4,14,4,7
unit,34798,14,4,14,4,7
unit,34799,15,4,15,4,7
unit,34800,11,3,11,3,7
unit,34801,13,4,13,4,7
unit,34802,13,4,13,4,7
unit,34803,14,4,14,4,7
unit,34804,13,4,13,4,7
unit,34805,14,4,14,4,7
unit,34806,14,4,14,4,7
unit,34807,15,4,15,4,7
unit,34808,13,4,13,4,7
unit,34809,14,4,14,4,7
unit,34810,14,4,14,4,7
unit,34811,15,4,15,4,7
unit,34812,14,4,14,4,7
unit,34813,15,4,15,4,7
unit,34814,15,4,15,4,7
unit,34815,16,4,16,4,7
unit,34816,3,1,3,1,9
unit,34817,5,2,5,2,9
unit,34818,5,2,5,2,9
unit,34819,6,2,6,2,9
unit,34820,5,2,5,2,9
unit,34821,6,2,6,2,9
unit,34822,6,2,6,2,9
unit,34823,7,2,7,2,9
unit,34824,5,2,5,2,9
unit,34825,6,2,6,2,9
unit,34826,6,2,6,2,9
unit,34827,7,2,7,2,9
unit,34828,6,2,6,2,9
unit,34829,7,2,7,2,9
unit,34830,7,2,7,2,9
unit,34831,8,2,8,2,9
unit,34832,5,2,5,2,9
unit,34833,7,3,7,3,9
unit,34834,7,3,7,3,9
unit,34835,8,3,8,3,9
unit,34836,7,3,7,3,9
unit,34837,8,3,8,3,9
unit,34838,8,3,8,3,9
unit,34839,9,3,9,3,9
unit,34840,7,3,7,3,9
unit,34841,8,3,8,3,9
unit,34842,8,3,8,3,9
unit,34843,9,3,9,3,9
unit,34844,8,3,8,3,9
unit,34845,9,3,9,3,9
unit,34846,9,3,9,3,9
unit,34847,10,3,10,3,9
unit,34848,5,2,5,2,9
unit,34849,7,3,7,3,9
unit,34850,7,3,7,3,9
unit,34851,8,3,8,3,9
unit,34852,7,3,7,3,9
unit,34853,8,3,8,3,9
unit,34854,8,3,8,3,9
unit,34855,9,3,9,3,9
unit,34856,7,3,7,3,9
unit,34857,8,3,8,3,9
unit,34858,8,3,8,3,9
unit,34859,9,3,9,3,9
unit,34860,8,3,8,3,9
unit,34861,9,3,9,3,9
unit,34862,9,3,9,3,9
unit,34863,10,3,10,3,9
unit,34864,6,2,6,2,9
unit,34865,8,3,8,3,9
unit,34866,8,3,8,3,9
unit,34867,9,3,9,3,9
unit,34868,8,3,8,3,9
unit,34869,9,3,9,3,9
unit,34870,9,3,9,3,9
unit,34871,10,3,10,3,9
unit,34872,8,3,8,3,9
unit,34873,9,3,9,3,9
unit,34874,9,3,9,3,9
unit,34875,10,3,10,3,9
unit,34876,9,3,9,3,9
unit,34877,10,3,10,3,9
unit,34878,10,3,10,3,9
unit,34879,11,3,11,3,9
unit,34880,5,2,5,2,9
unit,34881,7,3,7,3,9
unit,34882,7,3,7,3,9
unit,34883,8,3,8,3,9
unit,34884,7,3,7,3,9
unit,34885,8,3,8,3,9
unit,34886,8,3,8,3,9
unit,34887,9,3,9,3,9
unit,34888,7,3,7,3,9
unit,34889,8,3,8,3,9
unit,34890,8,3,8,3,9
unit,34891,9,3,9,3,9
unit,34892,8,3,8,3,9
unit,34893,9,3,9,3,9
unit,34894,9,3,9,3,9
unit,34895,10,3,10,3,9
unit,34896,6,2,6,2,9
unit,34897,8,3,8,3,9
unit,34898,8,3,8,3,9
unit,34899,9,3,9,3,9
unit,34900,8,3,8,3,9
unit,34901,9,3,9,3,9
unit,34902,9,3,9,3,9
unit,34903,10,3,10,3,9
unit,34904,8,3,8,3,9
unit,34905,9,3,9,3,9
unit,34906,9,3,9,3,9
unit,34907,10,3,10,3,9
unit,34908,9,3,9,3,9
unit,34909,10,3,10,3,9
unit,34910,10,3,10,3,9
unit,34911,11,3,11,3,9
unit,34912,6,2,6,2,9
unit,34913,8,3,8,3,9
unit,34914,8,3,8,3,9
unit,34915,9,3,9,3,9
unit,34916,8,3,8,3,9
unit,34917,9,3,9,3,9
unit,34918,9,3,9,3,9
unit,34919,10,3,10,3,9
unit,34920,8,3,8,3,9
unit,34921,9,3,9,3,9
unit,34922,9,3,9,3,9
unit,34923,10,3,10,3,9
unit,34924,9,3,9,3,9
unit,34925,10,3,10,3,9
unit,34926,10,3,10,3,9
unit,34927,11,3,11,3,9
unit,34928,7,2,7,2,9
unit,34929,9,3,9,3,9
unit,34930,9,3,9,3,9
unit,34931,10,3,10,3,9
unit,34932,9,3,9,3,9
unit,34933,10,3,10,3,9
unit,34934,10,3,10,3,9
unit,34935,11,3,11,3,9
unit,34936,9,3,9,3,9
unit,34937,10,3,10,3,9
unit,34938,10,3,10,3,9
unit,34939,11,3,11,3,9
unit,34940,10,3,10,3,9
unit,34941,11,3,11,3,9
unit,34942,11,3,11,3,9
unit,34943,12,3,12,3,9
unit,34944,4,1,4,1,11
unit,34945,6,2,6,2,11
unit,34946,6,2,6,2,11
unit,34947,7,2,7,2,11
unit,34948,6,2,6,2,11
unit,34949,7,2,7,2,11
unit,34950,7,2,7,2,11
unit,34951,8,2,8,2,11
unit,34952,5,1,5,1,13
unit,34953,7,2,7,2,13
unit,34954,7,2,7,2,13
unit,34955,8,2,8,2,13
unit,34956,7,2,7,2,13
unit,34957,8,2,8,2,13
unit,34958,8,2,8,2,13
unit,34959,9,2,9,2,13
unit,34960,6,2,6,2,11
unit,34961,8,3,8,3,11
unit,34962,8,3,8,3,11
unit,34963,9,3,9,3,11
unit,34964,8,3,8,3,11
unit,34965,9,3,9,3,11
unit,34966,9,3,9,3,11
unit,34967,10,3,10,3,11
unit,34968,7,2,7,2,13
unit,34969,9,3,9,3,13
unit,34970,9,3,9,3,13
unit,34971,10,3,10,3,13
unit,34972,9,3,9,3,13
unit,34973,10,3,10,3,13
unit,34974,10,3,10,3,13
unit,34975,11,3,11,3,13
unit,34976,6,2,6,2,11
unit,34977,8,3,8,3,11
unit,34978,8,3,8,3,11
unit,34979,9,3,9,3,11
unit,34980,8,3,8,3,11
unit,34981,9,3,9,3,11
unit,34982,9,3,9,3,11
unit,34983,10,3,10,3,11
unit,34984,7,2,7,2,13
unit,34985,9,3,9,3,13
unit,34986,9,3,9,3,13
unit,34987,10,3,10,3,13
unit,34988,9,3,9,3,13
unit,34989,10,3,10,3,13
unit,34990,10,3,10,3,13
unit,34991,11,3,11,3,13
unit,34992,7,2,7,2,11
unit,34993,9,3,9,3,11
unit,34994,9,3,9,3,11
unit,34995,10,3,10,3,11
unit,34996,9,3,9,3,11
unit,34997,10,3,10,3,11
unit,34998,10,3,10,3,11
unit,34999,11,3,11,3,11
unit,35000,8,2,8,2,13
unit,35001,10,3,10,3,13
unit,35002,10,3,10,3,13
unit,35003,11,3,11,3,13
unit,35004,10,3,10,3,13
unit,35005,11,3,11,3,13
unit,35006,11,3,11,3,13
unit,35007,12,3,12,3,13
unit,35008,6,2,6,2,11
unit,35009,8,3,8,3,11
unit,35010,8,3,8,3,11
unit,35011,9,3,9,3,11
unit,35012,8,3,8,3,11
unit,35013,9,3,9,3,11
unit,35014,9,3,9,3,11
unit,35015,10,3,10,3,11
unit,35016,7,2,7,2,13
unit,35017,9,3,9,3,13
unit,35018,9,3,9,3,13
unit,35019,10,3,10,3,13
unit,35020,9,3,9,3,13
unit,35021,10,3,10,3,13
unit,35022,10,3,10,3,13
unit,35023,11,3,11,3,13
unit,35024,7,2,7,2,11
unit,35025,9,3,9,3,11
unit,35026,9,3,9,3,11
unit,35027,10,3,10,3,11
unit,35028,9,3,9,3,11
unit,35029,10,3,10,3,11
unit,35030,10,3,10,3,11
unit,35031,11,3,11,3,11
unit,35032,8,2,8,2,13
unit,35033,10,3,10,3,13
unit,35034,10,3,10,3,13
unit,35035,11,3,11,3,13
unit,35036,10,3,10,3,13
unit,35037,11,3,11,3,13
unit,35038,11,3,11,3,13
unit,35039,12,3,12,3,13
unit,35040,7,2,7,2,11
unit,35041,9,3,9,3,11
unit,35042,9,3,9,3,11
unit,35043,10,3,10,3,11
unit,35044,9,3,9,3,11
unit,35045,10,3,10,3,11
unit,35046,10,3,10,3,11
unit,35047,11,3,11,3,11
unit,35048,8,2,8,2,13
unit,35049,10,3,10,3,13
unit,35050,10,3,10,3,13
unit,35051,11,3,11,3,13
unit,35052,10,3,10,3,13
unit,35053,11,3,11,3,13
unit,35054,11,3,11,3,13
unit,35055,12,3,12,3,13
unit,35056,8,2,8,2,11
unit,35057,10,3,10,3,11
unit,35058,10,3,10,3,11
unit,35059,11,3,11,3,11
unit,35060,10,3,10,3,11
unit,35061,11,3,11,3,11
unit,35062,11,3,11,3,11
unit,35063,12,3,12,3,11
unit,35064,9,2,9,2,13
unit,35065,11,3,11,3,13
unit,35066,11,3,11,3,13
unit,35067,12,3,12,3,13
unit,35068,11,3,11,3,13
unit,35069,12,3,12,3,13
unit,35070,12,3,12,3,13
unit,35071,13,3,13,3,13
unit,35072,5,2,5,2,9
unit,35073,7,3,7,3,9
unit,35074,7,3,7,3,9
unit,35075,8,3,8,3,9
unit,35076,7,3,7,3,9
unit,35077,8,3,8,3,9
unit,35078,8,3,8,3,9
unit,35079,9,3,9,3,9
unit,35080,7,3,7,3,9
unit,35081,8,3,8,3,9
unit,35082,8,3,8,3,9
unit,35083,9,3,9,3,9
unit,35084,8,3,8,3,9
unit,35085,9,3,9,3,9
unit,35086,9,3,9,3,9
unit,35087,10,3,10,3,9
unit,35088,7,3,7,3,9
unit,35089,9,4,9,4,9
unit,35090,9,4,9,4,9
unit,35091,10,4,10,4,9
unit,35092,9,4,9,4,9
unit,35093,10,4,10,4,9
unit,35094,10,4,10,4,9
unit,35095,11,4,11,4,9
unit,35096,9,4,9,4,9
unit,35097,10,4,10,4,9
unit,35098,10,4,10,4,9
unit,35099,11,4,11,4,9
unit,35100,10,4,10,4,9
unit,35101,11,4,11,4,9
unit,35102,11,4,11,4,9
unit,35103,12,4,12,4,9
unit,35104,7,3,7,3,9
unit,35105,9,4,9,4,9
unit,35106,9,4,9,4,9
unit,35107,10,4,10,4,9
unit,35108,9,4,9,4,9
unit,35109,10,4,10,4,9
unit,35110,10,4,10,4,9
unit,35111,11,4,11,4,9
unit,35112,9,4,9,4,9
unit,35113,10,4,10,4,9
unit,35114,10,4,10,4,9
unit,35115,11,4,11,4,9
unit,35116,10,4,10,4,9
unit,35117,11,4,11,4,9
unit,35118,11,4,11,4,9
unit,35119,12,4,12,4,9
unit,35120,8,3,8,3,9
unit,35121,10,4,10,4,9
unit,35122,10,4,10,4,9
unit,35123,11,4,11,4,9
unit,35124,10,4,10,4,9
unit,35125,11,4,11,4,9
unit,35126,11,4,11,4,9
unit,35127,12,4,12,4,9
unit,35128,10,4,10,4,9
unit,35129,11,4,11,4,9
unit,35130,11,4,11,4,9
unit,35131,12,4,12,4,9
unit,35132,11,4,11,4,9
unit,35133,12,4,12,4,9
unit,35134,12,4,12,4,9
unit,35135,13,4,13,4,9
unit,35136,7,3,7,3,9
unit,35137,9,4,9,4,9
unit,35138,9,4,9,4,9
unit,35139,10,4,10,4,9
unit,35140,9,4,9,4,9
unit,35141,10,4,10,4,9
unit,35142,10,4,10,4,9
unit,35143,11,4,11,4,9
unit,35144,9,4,9,4,9
unit,35145,10,4,10,4,9
unit,35146,10,4,10,4,9
unit,35147,11,4,11,4,9
unit,35148,10,4,10,4,9
unit,35149,11,4,11,4,9
unit,35150,11,4,11,4,9
unit,35151,12,4,12,4,9
unit,35152,8,3,8,3,9
unit,35153,10,4,10,4,9
unit,35154,10,4,10,4,9
unit,35155,11,4,11,4,9
unit,35156,10,4,10,4,9
unit,35157,11,4,11,4,9
unit,35158,11,4,11,4,9
unit,35159,12,4,12,4,9
unit,35160,10,4,10,4,9
unit,35161,11,4,11,4,9
unit,35162,11,4,11,4,9
unit,35163,12,4,12,4,9
unit,35164,11,4,11,4,9
unit,35165,12,4,12,4,9
unit,35166,12,4,12,4,9
unit,35167,13,4,13,4,9
unit,35168,8,3,8,3,9
unit,35169,10,4,10,4,9
unit,35170,10,4,10,4,9
unit,35171,11,4,11,4,9
unit,35172,10,4,10,4,9
unit,35173,11,4,11,4,9
unit,35174,11,4,11,4,9
unit,35175,12,4,12,4,9
unit,35176,10,4,10,4,9
unit,35177,11,4,11,4,9
unit,35178,11,4,11,4,9
unit,35179,12,4,12,4,9
unit,35180,11,4,11,4,9
unit,35181,12,4,12,4,9
unit,35182,12,4,12,4,9
unit,35183,13,4,13,4,9
unit,35184,9,3,9,3,9
unit,35185,11,4,11,4,9
unit,35186,11,4,11,4,9
unit,35187,12,4,12,4,9
unit,35188,11,4,11,4,9
unit,35189,12,4,12,4,9
unit,35190,12,4,12,4,9
unit,35191,13,4,13,4,9
unit,35192,11,4,11,4,9
unit,35193,12,4,12,4,9
unit,35194,12,4,12,4,9
unit,35195,13,4,13,4,9
unit,35196,12,4,12,4,9
unit,35197,13,4,13,4,9
unit,35198,13,4,13,4,9
unit,35199,14,4,14,4,9
unit,35200,6,2,6,2,11
unit,35201,8,3,8,3,11
unit,35202,8,3,8,3,11
unit,35203,9,3,9,3,11
unit,35204,8,3,8,3,11
unit,35205,9,3,9,3,11
unit,35206,9,3,9,3,11
unit,35207,10,3,10,3,11
unit,35208,7,2,7,2,13
unit,35209,9,3,9,3,13
unit,35210,9,3,9,3,13
unit,35211,10,3,10,3,13
unit,35212,9,3,9,3,13
unit,35213,10,3,10,3,13
unit,35214,10,3,10,3,13
unit,35215,11,3,11,3,13
unit,35216,8,3,8,3,11
unit,35217,10,4,10,4,11
unit,35218,10,4,10,4,11
unit,35219,11,4,11,4,11
unit,35220,10,4,10,4,11
unit,35221,11,4,11,4,11
unit,35222,11,4,11,4,11
unit,35223,12,4,12,4,11
unit,35224,9,3,9,3,13
unit,35225,11,4,11,4,13
unit,35226,11,4,11,4,13
unit,35227,12,4,12,4,13
unit,35228,11,4,11,4,13
unit,35229,12,4,12,4,13
unit,35230,12,4,12,4,13
unit,35231,13,4,13,4,13
unit,35232,8,3,8,3,11
unit,35233,10,4,10,4,11
unit,35234,10,4,10,4,11
unit,35235,11,4,11,4,11
unit,35236,10,4,10,4,11
unit,35237,11,4,11,4,11
unit,35238,11,4,11,4,11
unit,35239,12,4,12,4,11
unit,35240,9,3,9,3,13
unit,35241,11,4,11,4,13
unit,35242,11,4,11,4,13
unit,35243,12,4,12,4,13
unit,35244,11,4,11,4,13
unit,35245,12,4,12,4,13
unit,35246,12,4,12,4,13
unit,35247,13,4,13,4,13
unit,35248,9,3,9,3,11
unit,35249,11,4,11,4,11
unit,35250,11,4,11,4,11
unit,35251,12,4,12,4,11
unit,35252,11,4,11,4,11
unit,35253,12,4,12,4,11
unit,35254,12,4,12,4,11
unit,35255,13,4,13,4,11
unit,35256,10,3,10,3,13
unit,35257,12,4,12,4,13
unit,35258,12,4,12,4,13
unit,35259,13,4,13,4,13
unit,35260,12,4,12,4,13
unit,35261,13,4,13,4,13
unit,35262,13,4,13,4,13
unit,35263,14,4,14,4,13
unit,35264,8,3,8,3,11
unit,35265,10,4,10,4,11
unit,35266,10,4,10,4,11
unit,35267,11,4,11,4,11
unit,35268,10,4,10,4,11
unit,35269,11,4,11,4,11
unit,35270,11,4,11,4,11
unit,35271,12,4,12,4,11
unit,35272,9,3,9,3,13
unit,35273,11,4,11,4,13
unit,35274,11,4,11,4,13
unit,35275,12,4,12,4,13
unit,35276,11,4,11,4,13
unit,35277,12,4,12,4,13
unit,35278,12,4,12,4,13
unit,35279,13,4,13,4,13
unit,35280,9,3,9,3,11
unit,35281,11,4,11,4,11
unit,35282,11,4,11,4,11
unit,35283,12,4,12,4,11
unit,35284,11,4,11,4,11
unit,35285,12,4,12,4,11
unit,35286,12,4,12,4,11
unit,35287,13,4,13,4,11
unit,35288,10,3,10,3,13
unit,35289,12,4,12,4,13
unit,35290,12,4,12,4,13
unit,35291,13,4,13,4,13
unit,35292,12,4,12,4,13
unit,35293,13,4,13,4,13
unit,35294,13,4,13,4,13
unit,35295,14,4,14,4,13
unit,35296,9,3,9,3,11
unit,35297,11,4,11,4,11
unit,35298,11,4,11,4,11
unit,35299,12,4,12,4,11
unit,35300,11,4,11,4,11
unit,35301,12,4,12,4,11
unit,35302,12,4,12,4,11
unit,35303,13,4,13,4,11
unit,35304,10,3,10,3,13
unit,35305,12,4,12,4,13
unit,35306,12,4,12,4,13
unit,35307,13,4,13,4,13
unit,35308,12,4,12,4,13
unit,35309,13,4,13,4,13
unit,35310,13,4,13,4,13
unit,35311,14,4,14,4,13
unit,35312,10,3,10,3,11
unit,35313,12,4,12,4,11
unit,35314,12,4,12,4,11
unit,35315,13,4,13,4,11
unit,35316,12,4,12,4,11
unit,35317,13,4,13,4,11
unit,35318,13,4,13,4,11
unit,35319,14,4,14,4,11
unit,35320,11,3,11,3,13
unit,35321,13,4,13,4,13
unit,35322,13,4,13,4,13
unit,35323,14,4,14,4,13
unit,35324,13,4,13,4,13
unit,35325,14,4,14,4,13
unit,35326,14,4,14,4,13
unit,35327,15,4,15,4,13
unit,35328,5,2,5,2,9
unit,35329,7,3,7,3,9
unit,35330,7,3,7,3,9
unit,35331,8,3,8,3,9
unit,35332,7,3,7,3,9
unit,35333,8,3,8,3,9
unit,35334,8,3,8,3,9
unit,35335,9,3,9,3,9
unit,35336,7,3,7,3,9
unit,35337,8,3,8,3,9
unit,35338,8,3,8,3,9
unit,35339,9,3,9,3,9
unit,35340,8,3,8,3,9
unit,35341,9,3,9,3,9
unit,35342,9,3,9,3,9
unit,35343,10,3,10,3,9
unit,35344,7,3,7,3,9
unit,35345,9,4,9,4,9
unit,35346,9,4,9,4,9
unit,35347,10,4,10,4,9
unit,35348,9,4,9,4,9
unit,35349,10,4,10,4,9
unit,35350,10,4,10,4,9
unit,35351,11,4,11,4,9
unit,35352,9,4,9,4,9
unit,35353,10,4,10,4,9
unit,35354,10,4,10,4,9
unit,35355,11,4,11,4,9
unit,35356,10,4,10,4,9
unit,35357,11,4,11,4,9
unit,35358,11,4,11,4,9
unit,35359,12,4,12,4,9
unit,35360,7,3,7,3,9
unit,35361,9,4,9,4,9
unit,35362,9,4,9,4,9
unit,35363,10,4,10,4,9
unit,35364,9,4,9,4,9
unit,35365,10,4,10,4,9
unit,35366,10,4,10,4,9
unit,35367,11,4,11,4,9
unit,35368,9,4,9,4,9
unit,35369,10,4,10,4,9
unit,35370,10,4,10,4,9
unit,35371,11,4,11,4,9
unit,35372,10,4,10,4,9
unit,35373,11,4,11,4,9
unit,35374,11,4,11,4,9
unit,35375,12,4,12,4,9
unit,35376,8,3,8,3,9
unit,35377,10,4,10,4,9
unit,35378,10,4,10,4,9
unit,35379,11,4,11,4,9
unit,35380,10,4,10,4,9
unit,35381,11,4,11,4,9
unit,35382,11,4,11,4,9
unit,35383,12,4,12,4,9
unit,35384,10,4,10,4,9
unit,35385,11,4,11,4,9
unit,35386,11,4,11,4,9
unit,35387,12,4,12,4,9
unit,35388,11,4,11,4,9
unit,35389,12,4,12,4,9
unit,35390,12,4,12,4,9
unit,35391,13,4,13,4,9
unit,35392,7,3,7,3,9
unit,35393,9,4,9,4,9
unit,35394,9,4,9,4,9
unit,35395,10,4,10,4,9
unit,35396,9,4,9,4,9
unit,35397,10,4,10,4,9
unit,35398,10,4,10,4,9
unit,35399,11,4,11,4,9
unit,35400,9,4,9,4,9
unit,35401,10,4,10,4,9
unit,35402,10,4,10,4,9
unit,35403,11,4,11,4,9
unit,35404,10,4,10,4,9
unit,35405,11,4,11,4,9
unit,35406,11,4,11,4,9
unit,35407,12,4,12,4,9
unit,35408,8,3,8,3,9
unit,35409,10,4,10,4,9
unit,35410,10,4,10,4,9
unit,35411,11,4,11,4,9
unit,35412,10,4,10,4,9
unit,35413,11,4,11,4,9
unit,35414,11,4,11,4,9
unit,35415,12,4,12,4,9
unit,35416,10,4,10,4,9
unit,35417,11,4,11,4,9
unit,35418,11,4,11,4,9
unit,35419,12,4,12,4,9
unit,35420,11,4,11,4,9
unit,35421,12,4,12,4,9
unit,35422,12,4,12,4,9
unit,35423,13,4,13,4,9
unit,35424,8,3,8,3,9
unit,35425,10,4,10,4,9
unit,35426,10,4,10,4,9
unit,35427,11,4,11,4,9
unit,35428,10,4,10,4,9
unit,35429,11,4,11,4,9
unit,35430,11,4,11,4,9
unit,35431,12,4,12,4,9
unit,35432,10,4,10,4,9
unit,35433,11,4,11,4,9
unit,35434,11,4,11,4,9
unit,35435,12,4,12,4,9
unit,35436,11,4,11,4,9
unit,35437,12,4,12,4,9
unit,35438,12,4,12,4,9
unit,35439,13,4,13,4,9
unit,35440,9,3,9,3,9
unit,35441,11,4,11,4,9
unit,35442,11,4,11,4,9
unit,35443,12,4,12,4,9
unit,35444,11,4,11,4,9
unit,35445,12,4,12,4,9
unit,35446,12,4,12,4,9
unit,35447,13,4,13,4,9
unit,35448,11,4,11,4,9
unit,35449,12,4,12,4,9
unit,35450,12,4,12,4,9
unit,35451,13,4,13,4,9
unit,35452,12,4,12,4,9
unit,35453,13,4,13,4,9
unit,35454,13,4,13,4,9
unit,35455,14,4,14,4,9
unit,35456,6,2,6,2,11
unit,35457,8,3,8,3,11
unit,35458,8,3,8,3,11
unit,35459,9,3,9,3,11
unit,35460,8,3,8,3,11
unit,35461,9,3,9,3,11
unit,35462,9,3,9,3,11
unit,35463,10,3,10,3,11
unit,35464,7,2,7,2,13
unit,35465,9,3,9,3,13
unit,35466,9,3,9,3,13
unit,35467,10,3,10,3,13
unit,35468,9,3,9,3,13
unit,35469,10,3,10,3,13
unit,35470,10,3,10,3,13
unit,35471,11,3,11,3,13
unit,35472,8,3,8,3,11
unit,35473,10,4,10,4,11
unit,35474,10,4,10,4,11
unit,35475,11,4,11,4,11
unit,35476,10,4,10,4,11
unit,35477,11,4,11,4,11
unit,35478,11,4,11,4,11
unit,35479,12,4,12,4,11
unit,35480,9,3,9,3,13
unit,35481,11,4,11,4,13
unit,35482,11,4,11,4,13
unit,35483,12,4,12,4,13
unit,35484,11,4,11,4,13
unit,35485,12,4,12,4,13
unit,35486,12,4,12,4,13
unit,35487,13,4,13,4,13
unit,35488,8,3,8,3,11
unit,35489,10,4,10,4,11
unit,35490,10,4,10,4,11
unit,35491,11,4,11,4,11
unit,35492,10,4,10,4,11
unit,35493,11,4,11,4,11
unit,35494,11,4,11,4,11
unit,35495,12,4,12,4,11
unit,35496,9,3,9,3,13
unit,35497,11,4,11,4,13
unit,35498,11,4,11,4,13
unit,35499,12,4,12,4,13
unit,35500,11,4,11,4,13
unit,35501,12,4,12,4,13
unit,35502,12,4,12,4,13
unit,35503,13,4,13,4,13
unit,35504,9,3,9,3,11
unit,35505,11,4,11,4,11
unit,35506,11,4,11,4,11
unit,35507,12,4,12,4,11
unit,35508,11,4,11,4,11
unit,35509,12,4,12,4,11
unit,35510,12,4,12,4,11
unit,35511,13,4,13,4,11
unit,35512,10,3,10,3,13
unit,35513,12,4,12,4,13
unit,35514,12,4,12,4,13
unit,35515,13,4,13,4,13
unit,35516,12,4,12,4,13
unit,35517,13,4,13,4,13
unit,35518,13,4,13,4,13
unit,35519,14,4,14,4,13
unit,35520,8,3,8,3,11
unit,35521,10,4,10,4,11
unit,35522,10,4,10,4,11
unit,35523,11,4,11,4,11
unit,35524,10,4,10,4,11
unit,35525,11,4,11,4,11
unit,35526,11,4,11,4,11
unit,35527,12,4,12,4,11
unit,35528,9,3,9,3,13
unit,35529,11,4,11,4,13
unit,35530,11,4,11,4,13
unit,35531,12,4,12,4,13
unit,35532,11,4,11,4,13
unit,35533,12,4,12,4,13
unit,35534,12,4,12,4,13
unit,35535,13,4,13,4,13
unit,35536,9,3,9,3,11
unit,35537,11,4,11,4,11
unit,35538,11,4,11,4,11
unit,35539,12,4,12,4,11
unit,35540,11,4,11,4,11
unit,35541,12,4,12,4,11
unit,35542,12,4,12,4,11
unit,35543,13,4,13,4,11
unit,35544,10,3,10,3,13
unit,35545,12,4,12,4,13
unit,35546,12,4,12,4,13
unit,35547,13,4,13,4,13
unit,35548,12,4,12,4,13
unit,35549,13,4,13,4,13
unit,35550,13,4,13,4,13
unit,35551,14,4,14,4,13
unit,35552,9,3,9,3,11
unit,35553,11,4,11,4,11
unit,35554,11,4,11,4,11
unit,35555,12,4,12,4,11
unit,35556,11,4,11,4,11
unit,35557,12,4,12,4,11
unit,35558,12,4,12,4,11
unit,35559,13,4,13,4,11
unit,35560,10,3,10,3,13
unit,35561,12,4,12,4,13
unit,35562,12,4,12,4,13
unit,35563,13,4,13,4,13
unit,35564,12,4,12,4,13
unit,35565,13,4,13,4,13
unit,35566,13,4,13,4,13
unit,35567,14,4,14,4,13
unit,35568,10,3,10,3,11
unit,35569,12,4,12,4,11
unit,35570,12,4,12,4,11
unit,35571,13,4,13,4,11
unit,35572,12,4,12,4,11
unit,35573,13,4,13,4,11
unit,35574,13,4,13,4,11
unit,35575,14,4,14,4,11
unit,35576,11,3,11,3,13
unit,35577,13,4,13,4,13
unit,35578,13,4,13,4,13
unit,35579,14,4,14,4,13
unit,35580,13,4,13,4,13
unit,35581,14,4,14,4,13
unit,35582,14,4,14,4,13
unit,35583,15,4,15,4,13
unit,35584,6,2,6,2,9
unit,35585,8,3,8,3,9
unit,35586,8,3,8,3,9
unit,35587,9,3,9,3,9
unit,35588,8,3,8,3,9
unit,35589,9,3,9,3,9
unit,35590,9,3,9,3,9
unit,35591,10,3,10,3,9
unit,35592,8,3,8,3,9
unit,35593,9,3,9,3,9
unit,35594,9,3,9,3,9
unit,35595,10,3,10,3,9
unit,35596,9,3,9,3,9
unit,35597,10,3,10,3,9
unit,35598,10,3,10,3,9
unit,35599,11,3,11,3,9
unit,35600,8,3,8,3,9
unit,35601,10,4,10,4,9
unit,35602,10,4,10,4,9
unit,35603,11,4,11,4,9
unit,35604,10,4,10,4,9
unit,35605,11,4,11,4,9
unit,35606,11,4,11,4,9
unit,35607,12,4,12,4,9
unit,35608,10,4,10,4,9
unit,35609,11,4,11,4,9
unit,35610,11,4,11,4,9
unit,35611,12,4,12,4,9
unit,35612,11,4,11,4,9
unit,35613,12,4,12,4,9
unit,35614,12,4,12,4,9
unit,35615,13,4,13,4,9
unit,35616,8,3,8,3,9
unit,35617,10,4,10,4,9
unit,35618,10,4,10,4,9
unit,35619,11,4,11,4,9
unit,35620,10,4,10,4,9
unit,35621,11,4,11,4,9
unit,35622,11,4,11,4,9
unit,35623,12,4,12,4,9
unit,35624,10,4,10,4,9
unit,35625,11,4,11,4,9
unit,35626,11,4,11,4,9
unit,35627,12,4,12,4,9
unit,35628,11,4,11,4,9
unit,35629,12,4,12,4,9
unit,35630,12,4,12,4,9
unit,35631,13,4,13,4,9
unit,35632,9,3,9,3,9
unit,35633,11,4,11,4,9
unit,35634,11,4,11,4,9
unit,35635,12,4,12,4,9
unit,35636,11,4,11,4,9
unit,35637,12,4,12,4,9
unit,35638,12,4,12,4,9
unit,35639,13,4,13,4,9
unit,35640,11,4,11,4,9
unit,35641,12,4,12,4,9
unit,35642,12,4,12,4,9
unit,35643,13,4,13,4,9
unit,35644,12,4,12,4,9
unit,35645,13,4,13,4,9
unit,35646,13,4,13,4,9
unit,35647,14,4,14,4,9
unit,35648,8,3,8,3,9
unit,35649,10,4,10,4,9
unit,35650,10,4,10,4,9
unit,35651,11,4,11,4,9
unit,35652,10,4,10,4,9
unit,35653,11,4,11,4,9
unit,35654,11,4,11,4,9
unit,35655,12,4,12,4,9
unit,35656,10,4,10,4,9
unit,35657,11,4,11,4,9
unit,35658,11,4,11,4,9
unit,35659,12,4,12,4,9
unit,35660,11,4,11,4,9
unit,35661,12,4,12,4,9
unit,35662,12,4,12,4,9
unit,35663,13,4,13,4,9
unit,35664,9,3,9,3,9
unit,35665,11,4,11,4,9
unit,35666,11,4,11,4,9
unit,35667,12,4,12,4,9
unit,35668,11,4,11,4,9
unit,35669,12,4,12,4,9
unit,35670,12,4,12,4,9
unit,35671,13,4,13,4,9
unit,35672,11,4,11,4,9
unit,35673,12,4,12,4,9
unit,35674,12,4,12,4,9
unit,35675,13,4,13,4,9
unit,35676,12,4,12,4,9
unit,35677,13,4,13,4,9
unit,35678,13,4,13,4,9
unit,35679,14,4,14,4,9
unit,35680,9,3,9,3,9
unit,35681,11,4,11,4,9
unit,35682,11,4,11,4,9
unit,35683,12,4,12,4,9
unit,35684,11,4,11,4,9
unit,35685,12,4,12,4,9
unit,35686,12,4,12,4,9
unit,35687,13,4,13,4,9
unit,35688,11,4,11,4,9
unit,35689,12,4,12,4,9
unit,35690,12,4,12,4,9
unit,35691,13,4,13,4,9
unit,35692,12,4,12,4,9
unit,35693,13,4,13,4,9
unit,35694,13,4,13,4,9
unit,35695,14,4,14,4,9
unit,35696,10,3,10,3,9
unit,35697,12,4,12,4,9
unit,35698,12,4,12,4,9
unit,35699,13,4,13,4,9
unit,35700,12,4,12,4,9
unit,35701,13,4,13,4,9
unit,35702,13,4,13,4,9
unit,35703,14,4,14,4,9
unit,35704,12,4,12,4,9
unit,35705,13,4,13,4,9
unit,35706,13,4,13,4,9
unit,35707,14,4,14,4,9
unit,35708,13,4,13,4,9
unit,35709,14,4,14,4,9
unit,35710,14,4,14,4,9
unit,35711,15,4,15,4,9
unit,35712,7,2,7,2,11
unit,35713,9,3,9,3,11
unit,35714,9,3,9,3,11
unit,35715,10,3,10,3,11
unit,35716,9,3,9,3,11
unit,35717,10,3,10,3,11
unit,35718,10,3,10,3,11
unit,35719,11,3,11,3,11
unit,35720,8,2,8,2,13
unit,35721,10,3,10,3,13
unit,35722,10,3,10,3,13
unit,35723,11,3,11,3,13
unit,35724,10,3,10,3,13
unit,35725,11,3,11,3,13
unit,35726,11,3,11,3,13
unit,35727,12,3,12,3,13
unit,35728,9,3,9,3,11
unit,35729,11,4,11,4,11
unit,35730,11,4,11,4,11
unit,35731,12,4,12,4,11
unit,35732,11,4,11,4,11
unit,35733,12,4,12,4,11
unit,35734,12,4,12,4,11
unit,35735,13,4,13,4,11
unit,35736,10,3,10,3,13
unit,35737,12,4,12,4,13
unit,35738,12,4,12,4,13
unit,35739,13,4,13,4,13
unit,35740,12,4,12,4,13
unit,35741,13,4,13,4,13
unit,35742,13,4,13,4,13
unit,35743,14,4,14,4,13
unit,35744,9,3,9,3,11
unit,35745,11,4,11,4,11
unit,35746,11,4,11,4,11
unit,35747,12,4,12,4,11
unit,35748,11,4,11,4,11
unit,35749,12,4,12,4,11
unit,35750,12,4,12,4,11
unit,35751,13,4,13,4,11
unit,35752,10,3,10,3,13
unit,35753,12,4,12,4,13
unit,35754,12,4,12,4,13
unit,35755,13,4,13,4,13
unit,35756,12,4,12,4,13
unit,35757,13,4,13,4,13
unit,35758,13,4,13,4,13
unit,35759,14,4,14,4,13
unit,35760,10,3,10,3,11
unit,35761,12,4,12,4,11
unit,35762,12,4,12,4,11
unit,35763,13,4,13,4,11
unit,35764,12,4,12,4,11
unit,35765,13,4,13,4,11
unit,35766,13,4,13,4,11
unit,35767,14,4,14,4,11
unit,35768,11,3,11,3,13
unit,35769,13,4,13,4,13
unit,35770,13,4,13,4,13
unit,35771,14,4,14,4,13
unit,35772,13,4,13,4,13
unit,35773,14,4,14,4,13
unit,35774,14,4,14,4,13
unit,35775,15,4,15,4,13
unit,35776,9,3,9,3,11
unit,35777,11,4,11,4,11
unit,35778,11,4,11,4,11
unit,35779,12,4,12,4,11
unit,35780,11,4,11,4,11
unit,35781,12,4,12,4,11
unit,35782,12,4,12,4,11
unit,35783,13,4,13,4,11
unit,35784,10,3,10,3,13
unit,35785,12,4,12,4,13
unit,35786,12,4,12,4,13
unit,35787,13,4,13,4,13
unit,35788,12,4,12,4,13
unit,35789,13,4,13,4,13
unit,35790,13,4,13,4,13
unit,35791,14,4,14,4,13
unit,35792,10,3,10,3,11
unit,35793,12,4,12,4,11
unit,35794,12,4,12,4,11
unit,35795,13,4,13,4,11
unit,35796,12,4,12,4,11
unit,35797,13,4,13,4,11
unit,35798,13,4,13,4,11
unit,35799,14,4,14,4,11
unit,35800,11,3,11,3,13
unit,35801,13,4,13,4,13
unit,35802,13,4,13,4,13
unit,35803,14,4,14,4,13
unit,35804,13,4,13,4,13
unit,35805,14,4,14,4,13
unit,35806,14,4,14,4,13
unit,35807,15,4,15,4,13
unit,35808,10,3,10,3,11
unit,35809,12,4,12,4,11
unit,35810,12,4,12,4,11
unit,35811,13,4,13,4,11
unit,35812,12,4,12,4,11
unit,35813,13,4,13,4,11
unit,35814,13,4,13,4,11
unit,35815,14,4,14,4,11
unit,35816,11,3,11,3,13
unit,35817,13,4,13,4,13
unit,35818,13,4,13,4,13
unit,35819,14,4,14,4,13
unit,35820,13,4,13,4,13
unit,35821,14,4,14,4,13
unit,35822,14,4,14,4,13
unit,35823,15,4,15,4,13
unit,35824,11,3,11,3,11
unit,35825,13,4,13,4,11
unit,35826,13,4,13,4,11
unit,35827,14,4,14,4,11
unit,35828,13,4,13,4,11
unit,35829,14,4,14,4,11
unit,35830,14,4,14,4,11
unit,35831,15,4,15,4,11
unit,35832,12,3,12,3,13
unit,35833,14,4,14,4,13
unit,35834,14,4,14,4,13
unit,35835,15,4,15,4,13
unit,35836,14,4,14,4,13
unit,35837,15,4,15,4,13
unit,35838,15,4,15,4,13
unit,35839,16,4,16,4,13
unit,35840,5,2,5,2,9
unit,35841,7,3,7,3,9
unit,35842,7,3,7,3,9
unit,35843,8,3,8,3,9
unit,35844,7,3,7,3,9
unit,35845,8,3,8,3,9
unit,35846,8,3,8,3,9
unit,35847,9,3,9,3,9
unit,35848,7,3,7,3,9
unit,35849,8,3,8,3,9
unit,35850,8,3,8,3,9
unit,35851,9,3,9,3,9
unit,35852,8,3,8,3,9
unit,35853,9,3,9,3,9
unit,35854,9,3,9,3,9
unit,35855,10,3,10,3,9
unit,35856,7,3,7,3,9
unit,35857,9,4,9,4,9
unit,35858,9,4,9,4,9
unit,35859,10,4,10,4,9
unit,35860,9,4,9,4,9
unit,35861,10,4,10,4,9
unit,35862,10,4,10,4,9
unit,35863,11,4,11,4,9
unit,35864,9,4,9,4,9
unit,35865,10,4,10,4,9
unit,35866,10,4,10,4,9
unit,35867,11,4,11,4,9
unit,35868,10,4,10,4,9
unit,35869,11,4,11,4,9
unit,35870,11,4,11,4,9
unit,35871,12,4,12,4,9
unit,35872,7,3,7,3,9
unit,35873,9,4,9,4,9
unit,35874,9,4,9,4,9
unit,35875,10,4,10,4,9
unit,35876,9,4,9,4,9
unit,35877,10,4,10,4,9
unit,35878,10,4,10,4,9
unit,35879,11,4,11,4,9
unit,35880,9,4,9,4,9
unit,35881,10,4,10,4,9
unit,35882,10,4,10,4,9
unit,35883,11,4,11,4,9
unit,35884,10,4,10,4,9
unit,35885,11,4,11,4,9
unit,35886,11,4,11,4,9
unit,35887,12,4,12,4,9
unit,35888,8,3,8,3,9
unit,35889,10,4,10,4,9
unit,35890,10,4,10,4,9
unit,35891,11,4,11,4,9
unit,35892,10,4,10,4,9
unit,35893,11,4,11,4,9
unit,35894,11,4,11,4,9
unit,35895,12,4,12,4,9
unit,35896,10,4,10,4,9
unit,35897,11,4,11,4,9
unit,35898,11,4,11,4,9
unit,35899,12,4,12,4,9
unit,35900,11,4,11,4,9
unit,35901,12,4,12,4,9
unit,35902,12,4,12,4,9
unit,35903,13,4,13,4,9
unit,35904,7,3,7,3,9
unit,35905,9,4,9,4,9
unit,35906,9,4,9,4,9
unit,35907,10,4,10,4,9
unit,35908,9,4,9,4,9
unit,35909,10,4,10,4,9
unit,35910,10,4,10,4,9
unit,35911,11,4,11,4,9
unit,35912,9,4,9,4,9
unit,35913,10,4,10,4,9
unit,35914,10,4,10,4,9
unit,35915,11,4,11,4,9
unit,35916,10,4,10,4,9
unit,35917,11,4,11,4,9
unit,35918,11,4,11,4,9
unit,35919,12,4,12,4,9
unit,35920,8,3,8,3,9
unit,35921,10,4,10,4,9
unit,35922,10,4,10,4,9
unit,35923,11,4,11,4,9
unit,35924,10,4,10,4,9
unit,35925,11,4,11,4,9
unit,35926,11,4,11,4,9
unit,35927,12,4,12,4,9
unit,35928,10,4,10,4,9
unit,35929,11,4,11,4,9
unit,35930,11,4,11,4,9
unit,35931,12,4,12,4,9
unit,35932,11,4,11,4,9
unit,35933,12,4,12,4,9
unit,35934,12,4,12,4,9
unit,35935,13,4,13,4,9
unit,35936,8,3,8,3,9
unit,35937,10,4,10,4,9
unit,35938,10,4,10,4,9
unit,35939,11,4,11,4,9
unit,35940,10,4,10,4,9
unit,35941,11,4,11,4,9
unit,35942,11,4,11,4,9
unit,35943,12,4,12,4,9
unit,35944,10,4,10,4,9
unit,35945,11,4,11,4,9
unit,35946,11,4,11,4,9
unit,35947,12,4,12,4,9
unit,35948,11,4,11,4,9
unit,35949,12,4,12,4,9
unit,35950,12,4,12,4,9
unit,35951,13,4,13,4,9
unit,35952,9,3,9,3,9
unit,35953,11,4,11,4,9
unit,35954,11,4,11,4,9
unit,35955,12,4,12,4,9
unit,35956,11,4,11,4,9
unit,35957,12,4,12,4,9
unit,35958,12,4,12,4,9
unit,35959,13,4,13,4,9
unit,35960,11,4,11,4,9
unit,35961,12,4,12,4,9
unit,35962,12,4,12,4,9
unit,35963,13,4,13,4,9
unit,35964,12,4,12,4,9
unit,35965,13,4,13,4,9
unit,35966,13,4,13,4,9
unit,35967,14,4,14,4,9
unit,35968,6,2,6,2,11
unit,35969,8,3,8,3,11
unit,35970,8,3,8,3,11
unit,35971,9,3,9,3,11
unit,35972,8,3,8,3,11
unit,35973,9,3,9,3,11
unit,35974,9,3,9,3,11
unit,35975,10,3,10,3,11
unit,35976,7,2,7,2,13
unit,35977,9,3,9,3,13
unit,35978,9,3,9,3,13
unit,35979,10,3,10,3,13
unit,35980,9,3,9,3,13
unit,35981,10,3,10,3,13
unit,35982,10,3,10,3,13
unit,35983,11,3,11,3,13
unit,35984,8,3,8,3,11
unit,35985,10,4,10,4,11
unit,35986,10,4,10,4,11
unit,35987,11,4,11,4,11
unit,35988,10,4,10,4,11
unit,35989,11,4,11,4,11
unit,35990,11,4,11,4,11
unit,35991,12,4,12,4,11
unit,35992,9,3,9,3,13
unit,35993,11,4,11,4,13
unit,35994,11,4,11,4,13
unit,35995,12,4,12,4,13
unit,35996,11,4,11,4,13
unit,35997,12,4,12,4,13
unit,35998,12,4,12,4,13
unit,35999,13,4,13,4,13
unit,36000,8,3,8,3,11
unit,36001,10,4,10,4,11
unit,36002,10,4,10,4,11
unit,36003,11,4,11,4,11
unit,36004,10,4,10,4,11
unit,36005,11,4,11,4,11
unit,36006,11,4,11,4,11
unit,36007,12,4,12,4,11
unit,36008,9,3,9,3,13
unit,36009,11,4,11,4,13
unit,36010,11,4,11,4,13
unit,36011,12,4,12,4,13
unit,36012,11,4,11,4,13
unit,36013,12,4,12,4,13
unit,36014,12,4,12,4,13
unit,36015,13,4,13,4,13
unit,36016,9,3,9,3,11
unit,36017,11,4,11,4,11
unit,36018,11,4,11,4,11
unit,36019,12,4,12,4,11
unit,36020,11,4,11,4,11
unit,36021,12,4,12,4,11
unit,36022,12,4,12,4,11
unit,36023,13,4,13,4,11
unit,36024,10,3,10,3,13
unit,36025,12,4,12,4,13
unit,36026,12,4,12,4,13
unit,36027,13,4,13,4,13
unit,36028,12,4,12,4,13
unit,36029,13,4,13,4,13
unit,36030,13,4,13,4,13
unit,36031,14,4,14,4,13
unit,36032,8,3,8,3,11
unit,36033,10,4,10,4,11
unit,36034,10,4,10,4,11
unit,36035,11,4,11,4,11
unit,36036,10,4,10,4,11
unit,36037,11,4,11,4,11
unit,36038,11,4,11,4,11
unit,36039,12,4,12,4,11
unit,36040,9,3,9,3,13
unit,36041,11,4,11,4,13
unit,36042,11,4,11,4,13
unit,36043,12,4,12,4,13
unit,36044,11,4,11,4,13
unit,36045,12,4,12,4,13
unit,36046,12,4,12,4,13
unit,36047,13,4,13,4,13
unit,36048,9,3,9,3,11
unit,36049,11,4,11,4,11
unit,36050,11,4,11,4,11
unit,36051,12,4,12,4,11
unit,36052,11,4,11,4,11
unit,36053,12,4,12,4,11
unit,36054,12,4,12,4,11
unit,36055,13,4,13,4,11
unit,36056,10,3,10,3,13
unit,36057,12,4,12,4,13
unit,36058,12,4,12,4,13
unit,36059,13,4,13,4,13
unit,36060,12,4,12,4,13
unit,36061,13,4,13,4,13
unit,36062,13,4,13,4,13
unit,36063,14,4,14,4,13
unit,36064,9,3,9,3,11
unit,36065,11,4,11,4,11
unit,36066,11,4,11,4,11
unit,36067,12,4,12,4,11
unit,36068,11,4,11,4,11
unit,36069,12,4,12,4,11
unit,36070,12,4,12,4,11
unit,36071,13,4,13,4,11
unit,36072,10,3,10,3,13
unit,36073,12,4,12,4,13
unit,36074,12,4,12,4,13
unit,36075,13,4,13,4,13
unit,36076,12,4,12,4,13
unit,36077,13,4,13,4,13
unit,36078,13,4,13,4,13
unit,36079,14,4,14,4,13
unit,36080,10,3,10,3,11
unit,36081,12,4,12,4,11
unit,36082,12,4,12,4,11
unit,36083,13,4,13,4,11
unit,36084,12,4,12,4,11
unit,36085,13,4,13,4,11
unit,36086,13,4,13,4,11
unit,36087,14,4,14,4,11
unit,36088,11,3,11,3,13
unit,36089,13,4,13,4,13
unit,36090,13,4,13,4,13
unit,36091,14,4,14,4,13
unit,36092,13,4,13,4,13
unit,36093,14,4,14,4,13
unit,36094,14,4,14,4,13
unit,36095,15,4,15,4,13
unit,36096,6,2,6,2,9
unit,36097,8,3,8,3,9
unit,36098,8,3,8,3,9
unit,36099,9,3,9,3,9
unit,36100,8,3,8,3,9
unit,36101,9,3,9,3,9
unit,36102,9,3,9,3,9
unit,36103,10,3,10,3,9
unit,36104,8,3,8,3,9
unit,36105,9,3,9,3,9
unit,36106,9,3,9,3,9
unit,36107,10,3,10,3,9
unit,36108,9,3,9,3,9
unit,36109,10,3,10,3,9
unit,36110,10,3,10,3,9
unit,36111,11,3,11,3,9
unit,36112,8,3,8,3,9
unit,36113,10,4,10,4,9
unit,36114,10,4,10,4,9
unit,36115,11,4,11,4,9
unit,36116,10,4,10,4,9
unit,36117,11,4,11,4,9
unit,36118,11,4,11,4,9
unit,36119,12,4,12,4,9
unit,36120,10,4,10,4,9
unit,36121,11,4,11,4,9
unit,36122,11,4,11,4,9
unit,36123,12,4,12,4,9
unit,36124,11,4,11,4,9
unit,36125,12,4,12,4,9
unit,36126,12,4,12,4,9
unit,36127,13,4,13,4,9
unit,36128,8,3,8,3,9
unit,36129,10,4,10,4,9
unit,36130,10,4,10,4,9
unit,36131,11,4,11,4,9
unit,36132,10,4,10,4,9
unit,36133,11,4,11,4,9
unit,36134,11,4,11,4,9
unit,36135,12,4,12,4,9
unit,36136,10,4,10,4,9
unit,36137,11,4,11,4,9
unit,36138,11,4,11,4,9
unit,36139,12,4,12,4,9
unit,36140,11,4,11,4,9
unit,36141,12,4,12,4,9
unit,36142,12,4,12,4,9
unit,36143,13,4,13,4,9
unit,36144,9,3,9,3,9
unit,36145,11,4,11,4,9
unit,36146,11,4,11,4,9
unit,36147,12,4,12,4,9
unit,36148,11,4,11,4,9
unit,36149,12,4,12,4,9
unit,36150,12,4,12,4,9
unit,36151,13,4,13,4,9
unit,36152,11,4,11,4,9
unit,36153,12,4,12,4,9
unit,36154,12,4,12,4,9
unit,36155,13,4,13,4,9
unit,36156,12,4,12,4,9
unit,36157,13,4,13,4,9
unit,36158,13,4,13,4,9
unit,36159,14,4,14,4,9
unit,36160,8,3,8,3,9
unit,36161,10,4,10,4,9
unit,36162,10,4,10,4,9
unit,36163,11,4,11,4,9
unit,36164,10,4,10,4,9
unit,36165,11,4,11,4,9
unit,36166,11,4,11,4,9
unit,36167,12,4,12,4,9
unit,36168,10,4,10,4,9
unit,36169,11,4,11,4,9
unit,36170,11,4,11,4,9
unit,36171,12,4,12,4,9
unit,36172,11,4,11,4,9
unit,36173,12,4,12,4,9
unit,36174,12,4,12,4,9
unit,36175,13,4,13,4,9
unit,36176,9,3,9,3,9
unit,36177,11,4,11,4,9
unit,36178,11,4,11,4,9
unit,36179,12,4,12,4,9
unit,36180,11,4,11,4,9
unit,36181,12,4,12,4,9
unit,36182,12,4,12,4,9
unit,36183,13,4,13,4,9
unit,36184,11,4,11,4,9
unit,36185,12,4,12,4,9
unit,36186,12,4,12,4,9
unit,36187,13,4,13,4,9
unit,36188,12,4,12,4,9
unit,36189,13,4,13,4,9
unit,36190,13,4,13,4,9
unit,36191,14,4,14,4,9
unit,36192,9,3,9,3,9
unit,36193,11,4,11,4,9
unit,36194,11,4,11,4,9
unit,36195,12,4,12,4,9
unit,36196,11,4,11,4,9
unit,36197,12,4,12,4,9
unit,36198,12,4,12,4,9
unit,36199,13,4,13,4,9
unit,36200,11,4,11,4,9
unit,36201,12,4,12,4,9
unit,36202,12,4,12,4,9
unit,36203,13,4,13,4,9
unit,36204,12,4,12,4,9
unit,36205,13,4,13,4,9
unit,36206,13,4,13,4,9
unit,36207,14,4,14,4,9
unit,36208,10,3,10,3,9
unit,36209,12,4,12,4,9
unit,36210,12,4,12,4,9
unit,36211,13,4,13,4,9
unit,36212,12,4,12,4,9
unit,36213,13,4,13,4,9
unit,36214,13,4,13,4,9
unit,36215,14,4,14,4,9
unit,36216,12,4,12,4,9
unit,36217,13,4,13,4,9
unit,36218,13,4,13,4,9
unit,36219,14,4,14,4,9
unit,36220,13,4,13,4,9
unit,36221,14,4,14,4,9
unit,36222,14,4,14,4,9
unit,36223,15,4,15,4,9
unit,36224,7,2,7,2,11
unit,36225,9,3,9,3,11
unit,36226,9,3,9,3,11
unit,36227,10,3,10,3,11
unit,36228,9,3,9,3,11
unit,36229,10,3,10,3,11
unit,36230,10,3,10,3,11
unit,36231,11,3,11,3,11
unit,36232,8,2,8,2,13
unit,36233,10,3,10,3,13
unit,36234,10,3,10,3,13
unit,36235,11,3,11,3,13
unit,36236,10,3,10,3,13
unit,36237,11,3,11,3,13
unit,36238,11,3,11,3,13
unit,36239,12,3,12,3,13
unit,36240,9,3,9,3,11
unit,36241,11,4,11,4,11
unit,36242,11,4,11,4,11
unit,36243,12,4,12,4,11
unit,36244,11,4,11,4,11
unit,36245,12,4,12,4,11
unit,36246,12,4,12,4,11
unit,36247,13,4,13,4,11
unit,36248,10,3,10,3,13
unit,36249,12,4,12,4,13
unit,36250,12,4,12,4,13
unit,36251,13,4,13,4,13
unit,36252,12,4,12,4,13
unit,36253,13,4,13,4,13
unit,36254,13,4,13,4,13
unit,36255,14,4,14,4,13
unit,36256,9,3,9,3,11
unit,36257,11,4,11,4,11
unit,36258,11,4,11,4,11
unit,36259,12,4,12,4,11
unit,36260,11,4,11,4,11
unit,36261,12,4,12,4,11
unit,36262,12,4,12,4,11
unit,36263,13,4,13,4,11
unit,36264,10,3,10,3,13
unit,36265,12,4,12,4,13
unit,36266,12,4,12,4,13
unit,36267,13,4,13,4,13
unit,36268,12,4,12,4,13
unit,36269,13,4,13,4,13
unit,36270,13,4,13,4,13
unit,36271,14,4,14,4,13
unit,36272,10,3,10,3,11
unit,36273,12,4,12,4,11
unit,36274,12,4,12,4,11
unit,36275,13,4,13,4,11
unit,36276,12,4,12,4,11
unit,36277,13,4,13,4,11
unit,36278,13,4,13,4,11
unit,36279,14,4,14,4,11
unit,36280,11,3,11,3,13
unit,36281,13,4,13,4,13
unit,36282,13,4,13,4,13
unit,36283,14,4,14,4,13
unit,36284,13,4,13,4,13
unit,36285,14,4,14,4,13
unit,36286,14,4,14,4,13
unit,36287,15,4,15,4,13
unit,36288,9,3,9,3,11
unit,36289,11,4,11,4,11
unit,36290,11,4,11,4,11
unit,36291,12,4,12,4,11
unit,36292,11,4,11,4,11
unit,36293,12,4,12,4,11
unit,36294,12,4,12,4,11
unit,36295,13,4,13,4,11
unit,36296,10,3,10,3,13
unit,36297,12,4,12,4,13
unit,36298,12,4,12,4,13
unit,36299,13,4,13,4,13
unit,36300,12,4,12,4,13
unit,36301,13,4,13,4,13
unit,36302,13,4,13,4,13
unit,36303,14,4,14,4,13
unit,36304,10,3,10,3,11
unit,36305,12,4,12,4,11
unit,36306,12,4,12,4,11
unit,36307,13,4,13,4,11
unit,36308,12,4,12,4,11
unit,36309,13,4,13,4,11
unit,36310,13,4,13,4,11
unit,36311,14,4,14,4,11
unit,36312,11,3,11,3,13
unit,36313,13,4,13,4,13
unit,36314,13,4,13,4,13
unit,36315,14,4,14,4,13
unit,36316,13,4,13,4,13
unit,36317,14,4,14,4,13
unit,36318,14,4,14,4,13
unit,36319,15,4,15,4,13
unit,36320,10,3,10,3,11
unit,36321,12,4,12,4,11
unit,36322,12,4,12,4,11
unit,36323,13,4,13,4,11
unit,36324,12,4,12,4,11
unit,36325,13,4,13,4,11
unit,36326,13,4,13,4,11
unit,36327,14,4,14,4,11
unit,36328,11,3,11,3,13
unit,36329,13,4,13,4,13
unit,36330,13,4,13,4,13
unit,36331,14,4,14,4,13
unit,36332,13,4,13,4,13
unit,36333,14,4,14,4,13
unit,36334,14,4,14,4,13
unit,36335,15,4,15,4,13
unit,36336,11,3,11,3,11
unit,36337,13,4,13,4,11
unit,36338,13,4,13,4,11
unit,36339,14,4,14,4,11
unit,36340,13,4,13,4,11
unit,36341,14,4,14,4,11
unit,36342,14,4,14,4,11
unit,36343,15,4,15,4,11
unit,36344,12,3,12,3,13
unit,36345,14,4,14,4,13
unit,36346,14,4,14,4,13
unit,36347,15,4,15,4,13
unit,36348,14,4,14,4,13
unit,36349,15,4,15,4,13
unit,36350,15,4,15,4,13
unit,36351,16,4,16,4,13
unit,36352,6,2,6,2,9
unit,36353,8,3,8,3,9
unit,36354,8,3,8,3,9
unit,36355,9,3,9,3,9
unit,36356,8,3,8,3,9
unit,36357,9,3,9,3,9
unit,36358,9,3,9,3,9
unit,36359,10,3,10,3,9
unit,36360,8,3,8,3,9
unit,36361,9,3,9,3,9
unit,36362,9,3,9,3,9
unit,36363,10,3,10,3,9
unit,36364,9,3,9,3,9
unit,36365,10,3,10,3,9
unit,36366,10,3,10,3,9
unit,36367,11,3,11,3,9
unit,36368,8,3,8,3,9
unit,36369,10,4,10,4,9
unit,36370,10,4,10,4,9
unit,36371,11,4,11,4,9
unit,36372,10,4,10,4,9
unit,36373,11,4,11,4,9
unit,36374,11,4,11,4,9
unit,36375,12,4,12,4,9
unit,36376,10,4,10,4,9
unit,36377,11,4,11,4,9
unit,36378,11,4,11,4,9
unit,36379,12,4,12,4,9
unit,36380,11,4,11,4,9
unit,36381,12,4,12,4,9
unit,36382,12,4,12,4,9
unit,36383,13,4,13,4,9
unit,36384,8,3,8,3,9
unit,36385,10,4,10,4,9
unit,36386,10,4,10,4,9
unit,36387,11,4,11,4,9
unit,36388,10,4,10,4,9
unit,36389,11,4,11,4,9
unit,36390,11,4,11,4,9
unit,36391,12,4,12,4,9
unit,36392,10,4,10,4,9
unit,36393,11,4,11,4,9
unit,36394,11,4,11,4,9
unit,36395,12,4,12,4,9
unit,36396,11,4,11,4,9
unit,36397,12,4,12,4,9
unit,36398,12,4,12,4,9
unit,36399,13,4,13,4,9
unit,36400,9,3,9,3,9
unit,36401,11,4,11,4,9
unit,36402,11,4,11,4,9
unit,36403,12,4,12,4,9
unit,36404,11,4,11,4,9
unit,36405,12,4,12,4,9
unit,36406,12,4,12,4,9
unit,36407,13,4,13,4,9
unit,36408,11,4,11,4,9
unit,36409,12,4,12,4,9
unit,36410,12,4,12,4,9
unit,36411,13,4,13,4,9
unit,36412,12,4,12,4,9
unit,36413,13,4,13,4,9
unit,36414,13,4,13,4,9
unit,36415,14,4,14,4,9
unit,36416,8,3,8,3,9
unit,36417,10,4,10,4,9
unit,36418,10,4,10,4,9
unit,36419,11,4,11,4,9
unit,36420,10,4,10,4,9
unit,36421,11,4,11,4,9
unit,36422,11,4,11,4,9
unit,36423,12,4,12,4,9
unit,36424,10,4,10,4,9
unit,36425,11,4,11,4,9
unit,36426,11,4,11,4,9
unit,36427,12,4,12,4,9
unit,36428,11,4,11,4,9
unit,36429,12,4,12,4,9
unit,36430,12,4,12,4,9
unit,36431,13,4,13,4,9
unit,36432,9,3,9,3,9
unit,36433,11,4,11,4,9
unit,36434,11,4,11,4,9
unit,36435,12,4,12,4,9
unit,36436,11,4,11,4,9
unit,36437,12,4,12,4,9
unit,36438,12,4,12,4,9
unit,36439,13,4,13,4,9
unit,36440,11,4,11,4,9
unit,36441,12,4,12,4,9
unit,36442,12,4,12,4,9
unit,36443,13,4,13,4,9
unit,36444,12,4,12,4,9
unit,36445,13,4,13,4,9
unit,36446,13,4,13,4,9
unit,36447,14,4,14,4,9
unit,36448,9,3,9,3,9
unit,36449,11,4,11,4,9
unit,36450,11,4,11,4,9
unit,36451,12,4,12,4,9
unit,36452,11,4,11,4,9
unit,36453,12,4,12,4,9
unit,36454,12,4,12,4,9
unit,36455,13,4,13,4,9
unit,36456,11,4,11,4,9
unit,36457,12,4,12,4,9
unit,36458,12,4,12,4,9
unit,36459,13,4,13,4,9
unit,36460,12,4,12,4,9
unit,36461,13,4,13,4,9
unit,36462,13,4,13,4,9
unit,36463,14,4,14,4,9
unit,36464,10,3,10,3,9
unit,36465,12,4,12,4,9
unit,36466,12,4,12,4,9
unit,36467,13,4,13,4,9
unit,36468,12,4,12,4,9
unit,36469,13,4,13,4,9
unit,36470,13,4,13,4,9
unit,36471,14,4,14,4,9
unit,36472,12,4,12,4,9
unit,36473,13,4,13,4,9
unit,36474,13,4,13,4,9
unit,36475,14,4,14,4,9
unit,36476,13,4,13,4,9
unit,36477,14,4,14,4,9
unit,36478,14,4,14,4,9
unit,36479,15,4,15,4,9
unit,36480,7,2,7,2,11
unit,36481,9,3,9,3,11
unit,36482,9,3,9,3,11
unit,36483,10,3,10,3,11
unit,36484,9,3,9,3,11
unit,36485,10,3,10,3,11
unit,36486,10,3,10,3,11
unit,36487,11,3,11,3,11
unit,36488,8,2,8,2,13
unit,36489,10,3,10,3,13
unit,36490,10,3,10,3,13
unit,36491,11,3,11,3,13
unit,36492,10,3,10,3,13
unit,36493,11,3,11,3,13
unit,36494,11,3,11,3,13
unit,36495,12,3,12,3,13
unit,36496,9,3,9,3,11
unit,36497,11,4,11,4,11
unit,36498,11,4,11,4,11
unit,36499,12,4,12,4,11
unit,36500,11,4,11,4,11
unit,36501,12,4,12,4,11
unit,36502,12,4,12,4,11
unit,36503,13,4,13,4,11
unit,36504,10,3,10,3,13
unit,36505,12,4,12,4,13
unit,36506,12,4,12,4,13
unit,36507,13,4,13,4,13
unit,36508,12,4,12,4,13
unit,36509,13,4,13,4,13
unit,36510,13,4,13,4,13
unit,36511,14,4,14,4,13
unit,36512,9,3,9,3,11
unit,36513,11,4,11,4,11
unit,36514,11,4,11,4,11
unit,36515,12,4,12,4,11
unit,36516,11,4,11,4,11
unit,36517,12,4,12,4,11
unit,36518,12,4,12,4,11
unit,36519,13,4,13,4,11
unit,36520,10,3,10,3,13
unit,36521,12,4,12,4,13
unit,36522,12,4,12,4,13
unit,36523,13,4,13,4,13
unit,36524,12,4,12,4,13
unit,36525,13,4,13,4,13
unit,36526,13,4,13,4,13
unit,36527,14,4,14,4,13
unit,36528,10,3,10,3,11
unit,36529,12,4,12,4,11
unit,36530,12,4,12,4,11
unit,36531,13,4,13,4,11
unit,36532,12,4,12,4,11
unit,36533,13,4,13,4,11
unit,36534,13,4,13,4,11
unit,36535,14,4,14,4,11
unit,36536,11,3,11,3,13
unit,36537,13,4,13,4,13
unit,36538,13,4,13,4,13
unit,36539,14,4,14,4,13
unit,36540,13,4,13,4,13
unit,36541,14,4,14,4,13
unit,36542,14,4,14,4,13
unit,36543,15,4,15,4,13
unit,36544,9,3,9,3,11
unit,36545,11,4,11,4,11
unit,36546,11,4,11,4,11
unit,36547,12,4,12,4,11
unit,36548,11,4,11,4,11
unit,36549,12,4,12,4,11
unit,36550,12,4,12,4,11
unit,36551,13,4,13,4,11
unit,36552,10,3,10,3,13
unit,36553,12,4,12,4,13
unit,36554,12,4,12,4,13
unit,36555,13,4,13,4,13
unit,36556,12,4,12,4,13
unit,36557,13,4,13,4,13
unit,36558,13,4,13,4,13
unit,36559,14,4,14,4,13
unit,36560,10,3,10,3,11
unit,36561,12,4,12,4,11
unit,36562,12,4,12,4,11
unit,36563,13,4,13,4,11
unit,36564,12,4,12,4,11
unit,36565,13,4,13,4,11
unit,36566,13,4,13,4,11
unit,36567,14,4,14,4,11
unit,36568,11,3,11,3,13
unit,36569,13,4,13,4,13
unit,36570,13,4,13,4,13
unit,36571,14,4,14,4,13
unit,36572,13,4,13,4,13
unit,36573,14,4,14,4,13
unit,36574,14,4,14,4,13
unit,36575,15,4,15,4,13
unit,36576,10,3,10,3,11
unit,36577,12,4,12,4,11
unit,36578,12,4,12,4,11
unit,36579,13,4,13,4,11
unit,36580,12,4,12,4,11
unit,36581,13,4,13,4,11
unit,36582,13,4,13,4,11
unit,36583,14,4,14,4,11
unit,36584,11,3,11,3,13
unit,36585,13,4,13,4,13
unit,36586,13,4,13,4,13
unit,36587,14,4,14,4,13
unit,36588,13,4,13,4,13
unit,36589,14,4,14,4,13
unit,36590,14,4,14,4,13
unit,36591,15,4,15,4,13
unit,36592,11,3,11,3,11
unit,36593,13,4,13,4,11
unit,36594,13,4,13,4,11
unit,36595,14,4,14,4,11
unit,36596,13,4,13,4,11
unit,36597,14,4,14,4,11
unit,36598,14,4,14,4,11
unit,36599,15,4,15,4,11
unit,36600,12,3,12,3,13
unit,36601,14,4,14,4,13
unit,36602,14,4,14,4,13
unit,36603,15,4,15,4,13
unit,36604,14,4,14,4,13
unit,36605,15,4,15,4,13
unit,36606,15,4,15,4,13
unit,36607,16,4,16,4,13
unit,36608,7,2,7,2,9
unit,36609,9,3,9,3,9
unit,36610,9,3,9,3,9
unit,36611,10,3,10,3,9
unit,36612,9,3,9,3,9
unit,36613,10,3,10,3,9
unit,36614,10,3,10,3,9
unit,36615,11,3,11,3,9
unit,36616,9,3,9,3,9
unit,36617,10,3,10,3,9
unit,36618,10,3,10,3,9
unit,36619,11,3,11,3,9
unit,36620,10,3,10,3,9
unit,36621,11,3,11,3,9
unit,36622,11,3,11,3,9
unit,36623,12,3,12,3,9
unit,36624,9,3,9,3,9
unit,36625,11,4,11,4,9
unit,36626,11,4,11,4,9
unit,36627,12,4,12,4,9
unit,36628,11,4,11,4,9
unit,36629,12,4,12,4,9
unit,36630,12,4,12,4,9
unit,36631,13,4,13,4,9
unit,36632,11,4,11,4,9
unit,36633,12,4,12,4,9
unit,36634,12,4,12,4,9
unit,36635,13,4,13,4,9
unit,36636,12,4,12,4,9
unit,36637,13,4,13,4,9
unit,36638,13,4,13,4,9
unit,36639,14,4,14,4,9
unit,36640,9,3,9,3,9
unit,36641,11,4,11,4,9
unit,36642,11,4,11,4,9
unit,36643,12,4,12,4,9
unit,36644,11,4,11,4,9
unit,36645,12,4,12,4,9
unit,36646,12,4,12,4,9
unit,36647,13,4,13,4,9
unit,36648,11,4,11,4,9
unit,36649,12,4,12,4,9
unit,36650,12,4,12,4,9
unit,36651,13,4,13,4,9
unit,36652,12,4,12,4,9
unit,36653,13,4,13,4,9
unit,36654,13,4,13,4,9
unit,36655,14,4,14,4,9
unit,36656,10,3,10,3,9
unit,36657,12,4,12,4,9
unit,36658,12,4,12,4,9
unit,36659,13,4,13,4,9
unit,36660,12,4,12,4,9
unit,36661,13,4,13,4,9
unit,36662,13,4,13,4,9
unit,36663,14,4,14,4,9
unit,36664,12,4,12,4,9
unit,36665,13,4,13,4,9
unit,36666,13,4,13,4,9
unit,36667,14,4,14,4,9
unit,36668,13,4,13,4,9
unit,36669,14,4,14,4,9
unit,36670,14,4,14,4,9
unit,36671,15,4,15,4,9
unit,36672,9,3,9,3,9
unit,36673,11,4,11,4,9
unit,36674,11,4,11,4,9
unit,36675,12,4,12,4,9
unit,36676,11,4,11,4,9
unit,36677,12,4,12,4,9
unit,36678,12,4,12,4,9
unit,36679,13,4,13,4,9
unit,36680,11,4,11,4,9
unit,36681,12,4,12,4,9
unit,36682,12,4,12,4,9
unit,36683,13,4,13,4,9
unit,36684,12,4,12,4,9
unit,36685,13,4,13,4,9
unit,36686,13,4,13,4,9
unit,36687,14,4,14,4,9
unit,36688,10,3,10,3,9
unit,36689,12,4,12,4,9
unit,36690,12,4,12,4,9
unit,36691,13,4,13,4,9
unit,36692,12,4,12,4,9
unit,36693,13,4,13,4,9
unit,36694,13,4,13,4,9
unit,36695,14,4,14,4,9
unit,36696,12,4,12,4,9
unit,36697,13,4,13,4,9
unit,36698,13,4,13,4,9
unit,36699,14,4,14,4,9
unit,36700,13,4,13,4,9
unit,36701,14,4,14,4,9
unit,36702,14,4,14,4,9
unit,36703,15,4,15,4,9
unit,36704,10,3,10,3,9
unit,36705,12,4,12,4,9
unit,36706,12,4,12,4,9
unit,36707,13,4,13,4,9
unit,36708,12,4,12,4,9
unit,36709,13,4,13,4,9
unit,36710,13,4,13,4,9
unit,36711,14,4,14,4,9
unit,36712,12,4,12,4,9
unit,36713,13,4,13,4,9
unit,36714,13,4,13,4,9
unit,36715,14,4,14,4,9
unit,36716,13,4,13,4,9
unit,36717,14,4,14,4,9
unit,36718,14,4,14,4,9
unit,36719,15,4,15,4,9
unit,36720,11,3,11,3,9
unit,36721,13,4,13,4,9
unit,36722,13,4,13,4,9
unit,36723,14,4,14,4,9
unit,36724,13,4,13,4,9
unit,36725,14,4,14,4,9
unit,36726,14,4,14,4,9
unit,36727,15,4,15,4,9
unit,36728,13,4,13,4,9
unit,36729,14,4,14,4,9
unit,36730,14,4,14,4,9
unit,36731,15,4,15,4,9
unit,36732,14,4,14,4,9
unit,36733,15,4,15,4,9
unit,36734,15,4,15,4,9
unit,36735,16,4,16,4,9
unit,36736,8,2,8,2,11
unit,36737,10,3,10,3,11
unit,36738,10,3,10,3,11
unit,36739,11,3,11,3,11
unit,36740,10,3,10,3,11
unit,36741,11,3,11,3,11
unit,36742,11,3,11,3,11
unit,36743,12,3,12,3,11
unit,36744,9,2,9,2,13
unit,36745,11,3,11,3,13
unit,36746,11,3,11,3,13
unit,36747,12,3,12,3,13
unit,36748,11,3,11,3,13
unit,36749,12,3,12,3,13
unit,36750,12,3,12,3,13
unit,36751,13,3,13,3,13
unit,36752,10,3,10,3,11
unit,36753,12,4,12,4,11
unit,36754,12,4,12,4,11
unit,36755,13,4,13,4,11
unit,36756,12,4,12,4,11
unit,36757,13,4,13,4,11
unit,36758,13,4,13,4,11
unit,36759,14,4,14,4,11
unit,36760,11,3,11,3,13
unit,36761,13,4,13,4,13
unit,36762,13,4,13,4,13
unit,36763,14,4,14,4,13
unit,36764,13,4,13,4,13
unit,36765,14,4,14,4,13
unit,36766,14,4,14,4,13
unit,36767,15,4,15,4,13
unit,36768,10,3,10,3,11
unit,36769,12,4,12,4,11
unit,36770,12,4,12,4,11
unit,36771,13,4,13,4,11
unit,36772,12,4,12,4,11
unit,36773,13,4,13,4,11
unit,36774,13,4,13,4,11
unit,36775,14,4,14,4,11
unit,36776,11,3,11,3,13
unit,36777,13,4,13,4,13
unit,36778,13,4,13,4,13
unit,36779,14,4,14,4,13
unit,36780,13,4,13,4,13
unit,36781,14,4,14,4,13
unit,36782,14,4,14,4,13
unit,36783,15,4,15,4,13
unit,36784,11,3,11,3,11
unit,36785,13,4,13,4,11
unit,36786,13,4,13,4,11
unit,36787,14,4,14,4,11
unit,36788,13,4,13,4,11
unit,36789,14,4,14,4,11
unit,36790,14,4,14,4,11
unit,36791,15,4,15,4,11
unit,36792,12,3,12,3,13
unit,36793,14,4,14,4,13
unit,36794,14,4,14,4,13
unit,36795,15,4,15,4,13
unit,36796,14,4,14,4,13
unit,36797,15,4,15,4,13
unit,36798,15,4,15,4,13
unit,36799,16,4,16,4,13
unit,36800,10,3,10,3,11
unit,36801,12,4,12,4,11
unit,36802,12,4,12,4,11
unit,36803,13,4,13,4,11
unit,36804,12,4,12,4,11
unit,36805,13,4,13,4,11
unit,36806,13,4,13,4,11
unit,36807,14,4,14,4,11
unit,36808,11,3,11,3,13
unit,36809,13,4,13,4,13
unit,36810,13,4,13,4,13
unit,36811,14,4,14,4,13
unit,36812,13,4,13,4,13
unit,36813,14,4,14,4,13
unit,36814,14,4,14,4,13
unit,36815,15,4,15,4,13
unit,36816,11,3,11,3,11
unit,36817,13,4,13,4,11
unit,36818,13,4,13,4,11
unit,36819,14,4,14,4,11
unit,36820,13,4,13,4,11
unit,36821,14,4,14,4,11
unit,36822,14,4,14,4,11
unit,36823,15,4,15,4,11
unit,36824,12,3,12,3,13
unit,36825,14,4,14,4,13
unit,36826,14,4,14,4,13
unit,36827,15,4,15,4,13
unit,36828,14,4,14,4,13
unit,36829,15,4,15,4,13
unit,36830,15,4,15,4,13
unit,36831,16,4,16,4,13
unit,36832,11,3,11,3,11
unit,36833,13,4,13,4,11
unit,36834,13,4,13,4,11
unit,36835,14,4,14,4,11
unit,36836,13,4,13,4,11
unit,36837,14,4,14,4,11
unit,36838,14,4,14,4,11
unit,36839,15,4,15,4,11
unit,36840,12,3,12,3,13
unit,36841,14,4,14,4,13
unit,36842,14,4,14,4,13
unit,36843,15,4,15,4,13
unit,36844,14,4,14,4,13
unit,36845,15,4,15,4,13
unit,36846,15,4,15,4,13
unit,36847,16,4,16,4,13
unit,36848,12,3,12,3,11
unit,36849,14,4,14,4,11
unit,36850,14,4,14,4,11
unit,36851,15,4,15,4,11
unit,36852,14,4,14,4,11
unit,36853,15,4,15,4,11
unit,36854,15,4,15,4,11
unit,36855,16,4,16,4,11
unit,36856,13,3,13,3,13
unit,36857,15,4,15,4,13
unit,36858,15,4,15,4,13
unit,36859,16,4,16,4,13
unit,36860,15,4,15,4,13
unit,36861,16,4,16,4,13
unit,36862,16,4,16,4,13
unit,36863,17,4,17,4,13
unit,36864,3,1,3,1,7
unit,36865,5,2,5,2,7
unit,36866,5,2,5,2,7
unit,36867,6,2,6,2,7
unit,36868,5,2,5,2,7
unit,36869,6,2,6,2,7
unit,36870,6,2,6,2,7
unit,36871,7,2,7,2,7
unit,36872,5,2,5,2,7
unit,36873,6,2,6,2,7
unit,36874,6,2,6,2,7
unit,36875,7,2,7,2,7
unit,36876,6,2,6,2,7
unit,36877,7,2,7,2,7
unit,36878,7,2,7,2,7
unit,36879,8,2,8,2,7
unit,36880,5,2,5,2,7
unit,36881,7,3,7,3,7
unit,36882,7,3,7,3,7
unit,36883,8,3,8,3,7
unit,36884,7,3,7,3,7
unit,36885,8,3,8,3,7
unit,36886,8,3,8,3,7
unit,36887,9,3,9,3,7
unit,36888,7,3,7,3,7
unit,36889,8,3,8,3,7
unit,36890,8,3,8,3,7
unit,36891,9,3,9,3,7
unit,36892,8,3,8,3,7
unit,36893,9,3,9,3,7
unit,36894,9,3,9,3,7
unit,36895,10,3,10,3,7
unit,36896,5,2,5,2,7
unit,36897,7,3,7,3,7
unit,36898,7,3,7,3,7
unit,36899,8,3,8,3,7
unit,36900,7,3,7,3,7
unit,36901,8,3,8,3,7
unit,36902,8,3,8,3,7
unit,36903,9,3,9,3,7
unit,36904,7,3,7,3,7
unit,36905,8,3,8,3,7
unit,36906,8,3,8,3,7
unit,36907,9,3,9,3,7
unit,36908,8,3,8,3,7
unit,36909,9,3,9,3,7
unit,36910,9,3,9,3,7
unit,36911,10,3,10,3,7
unit,36912,6,2,6,2,7
unit,36913,8,3,8,3,7
unit,36914,8,3,8,3,7
unit,36915,9,3,9,3,7
unit,36916,8,3,8,3,7
unit,36917,9,3,9,3,7
unit,36918,9,3,9,3,7
unit,36919,10,3,10,3,7
unit,36920,8,3,8,3,7
unit,36921,9,3,9,3,7
unit,36922,9,3,9,3,7
unit,36923,10,3,10,3,7
unit,36924,9,3,9,3,7
unit,36925,10,3,10,3,7
unit,36926,10,3,10,3,7
unit,36927,11,3,11,3,7
unit,36928,5,2,5,2,7
unit,36929,7,3,7,3,7
unit,36930,7,3,7,3,7
unit,36931,8,3,8,3,7
unit,36932,7,3,7,3,7
unit,36933,8,3,8,3,7
unit,36934,8,3,8,3,7
unit,36935,9,3,9,3,7
unit,36936,7,3,7,3,7
unit,36937,8,3,8,3,7
unit,36938,8,3,8,3,7
unit,36939,9,3,9,3,7
unit,36940,8,3,8,3,7
unit,36941,9,3,9,3,7
unit,36942,9,3,9,3,7
unit,36943,10,3,10,3,7
unit,36944,6,2,6,2,7
unit,36945,8,3,8,3,7
unit,36946,8,3,8,3,7
unit,36947,9,3,9,3,7
unit,36948,8,3,8,3,7
unit,36949,9,3,9,3,7
unit,36950,9,3,9,3,7
unit,36951,10,3,10,3,7
unit,36952,8,3,8,3,7
unit,36953,9,3,9,3,7
unit,36954,9,3,9,3,7
unit,36955,10,3,10,3,7
unit,36956,9,3,9,3,7
unit,36957,10,3,10,3,7
unit,36958,10,3,10,3,7
unit,36959,11,3,11,3,7
unit,36960,6,2,6,2,7
unit,36961,8,3,8,3,7
unit,36962,8,3,8,3,7
unit,36963,9,3,9,3,7
unit,36964,8,3,8,3,7
unit,36965,9,3,9,3,7
unit,36966,9,3,9,3,7
unit,36967,10,3,10,3,7
unit,36968,8,3,8,3,7
unit,36969,9,3,9,3,7
unit,36970,9,3,9,3,7
unit,36971,10,3,10,3,7
unit,36972,9,3,9,3,7
unit,36973,10,3,10,3,7
unit,36974,10,3,10,3,7
unit,36975,11,3,11,3,7
unit,36976,7,2,7,2,7
unit,36977,9,3,9,3,7
unit,36978,9,3,9,3,7
unit,36979,10,3,10,3,7
unit,36980,9,3,9,3,7
unit,36981,10,3,10,3,7
unit,36982,10,3,10,3,7
unit,36983,11,3,11,3,7
unit,36984,9,3,9,3,7
unit,36985,10,3,10,3,7
unit,36986,10,3,10,3,7
unit,36987,11,3,11,3,7
unit,36988,10,3,10,3,7
unit,36989,11,3,11,3,7
unit,36990,11,3,11,3,7
unit,36991,12,3,12,3,7
unit,36992,5,2,5,2,7
unit,36993,7,3,7,3,7
unit,36994,7,3,7,3,7
unit,36995,8,3,8,3,7
unit,36996,7,3,7,3,7
unit,36997,8,3,8,3,7
unit,36998,8,3,8,3,7
unit,36999,9,3,9,3,7
unit,37000,7,3,7,3,7
unit,37001,8,3,8,3,7
unit,37002,8,3,8,3,7
unit,37003,9,3,9,3,7
unit,37004,8,3,8,3,7
unit,37005,9,3,9,3,7
unit,37006,9,3,9,3,7
unit,37007,10,3,10,3,7
unit,37008,6,2,6,2,7
unit,37009,8,3,8,3,7
unit,37010,8,3,8,3,7
unit,37011,9,3,9,3,7
unit,37012,8,3,8,3,7
unit,37013,9,3,9,3,7
unit,37014,9,3,9,3,7
unit,37015,10,3,10,3,7
unit,37016,8,3,8,3,7
unit,37017,9,3,9,3,7
unit,37018,9,3,9,3,7
unit,37019,10,3,10,3,7
unit,37020,9,3,9,3,7
unit,37021,10,3,10,3,7
unit,37022,10,3,10,3,7
unit,37023,11,3,11,3,7
unit,37024,6,2,6,2,7
unit,37025,8,3,8,3,7
unit,37026,8,3,8,3,7
unit,37027,9,3,9,3,7
unit,37028,8,3,8,3,7
unit,37029,9,3,9,3,7
unit,37030,9,3,9,3,7
unit,37031,10,3,10,3,7
unit,37032,8,3,8,3,7
unit,37033,9,3,9,3,7
unit,37034,9,3,9,3,7
unit,37035,10,3,10,3,7
unit,37036,9,3,9,3,7
unit,37037,10,3,10,3,7
unit,37038,10,3,10,3,7
unit,37039,11,3,11,3,7
unit,37040,7,2,7,2,7
unit,37041,9,3,9,3,7
unit,37042,9,3,9,3,7
unit,37043,10,3,10,3,7
unit,37044,9,3,9,3,7
unit,37045,10,3,10,3,7
unit,37046,10,3,10,3,7
unit,37047,11,3,11,3,7
unit,37048,9,3,9,3,7
unit,37049,10,3,10,3,7
unit,37050,10,3,10,3,7
unit,37051,11,3,11,3,7
unit,37052,10,3,10,3,7
unit,37053,11,3,11,3,7
unit,37054,11,3,11,3,7
unit,37055,12,3,12,3,7
unit,37056,6,2,6,2,7
unit,37057,8,3,8,3,7
unit,37058,8,3,8,3,7
unit,37059,9,3,9,3,7
unit,37060,8,3,8,3,7
unit,37061,9,3,9,3,7
unit,37062,9,3,9,3,7
unit,37063,10,3,10,3,7
unit,37064,8,3,8,3,7
unit,37065,9,3,9,3,7
unit,37066,9,3,9,3,7
unit,37067,10,3,10,3,7
unit,37068,9,3,9,3,7
unit,37069,10,3,10,3,7
unit,37070,10,3,10,3,7
unit,37071,11,3,11,3,7
unit,37072,7,2,7,2,7
unit,37073,9,3,9,3,7
unit,37074,9,3,9,3,7
unit,37075,10,3,10,3,7
unit,37076,9,3,9,3,7
unit,37077,10,3,10,3,7
unit,37078,10,3,10,3,7
unit,37079,11,3,11,3,7
unit,37080,9,3,9,3,7
unit,37081,10,3,10,3,7
unit,37082,10,3,10,3,7
unit,37083,11,3,11,3,7
unit,37084,10,3,10,3,7
unit,37085,11,3,11,3,7
unit,37086,11,3,11,3,7
unit,37087,12,3,12,3,7
unit,37088,7,2,7,2,7
unit,37089,9,3,9,3,7
unit,37090,9,3,9,3,7
unit,37091,10,3,10,3,7
unit,37092,9,3,9,3,7
unit,37093,10,3,10,3,7
unit,37094,10,3,10,3,7
unit,37095,11,3,11,3,7
unit,37096,9,3,9,3,7
unit,37097,10,3,10,3,7
unit,37098,10,3,10,3,7
unit,37099,11,3,11,3,7
unit,37100,10,3,10,3,7
unit,37101,11,3,11,3,7
unit,37102,11,3,11,3,7
unit,37103,12,3,12,3,7
unit,37104,8,2,8,2,7
unit,37105,10,3,10,3,7
unit,37106,10,3,10,3,7
unit,37107,11,3,11,3,7
unit,37108,10,3,10,3,7
unit,37109,11,3,11,3,7
unit,37110,11,3,11,3,7
unit,37111,12,3,12,3,7
unit,37112,10,3,10,3,7
unit,37113,11,3,11,3,7
unit,37114,11,3,11,3,7
unit,37115,12,3,12,3,7
unit,37116,11,3,11,3,7
unit,37117,12,3,12,3,7
unit,37118,12,3,12,3,7
unit,37119,13,3,13,3,7
unit,37120,5,2,5,2,9
unit,37121,7,3,7,3,9
unit,37122,7,3,7,3,9
unit,37123,8,3,8,3,9
unit,37124,7,3,7,3,9
unit,37125,8,3,8,3,9
unit,37126,8,3,8,3,9
unit,37127,9,3,9,3,9
unit,37128,7,3,7,3,9
unit,37129,8,3,8,3,9
unit,37130,8,3,8,3,9
unit,37131,9,3,9,3,9
unit,37132,8,3,8,3,9
unit,37133,9,3,9,3,9
unit,37134,9,3,9,3,9
unit,37135,10,3,10,3,9
unit,37136,6,2,6,2,11
unit,37137,7,2,7,2,13
unit,37138,8,3,8,3,11
unit,37139,9,3,9,3,13
unit,37140,8,3,8,3,11
unit,37141,9,3,9,3,13
unit,37142,9,3,9,3,11
unit,37143,10,3,10,3,13
unit,37144,8,3,8,3,11
unit,37145,9,3,9,3,13
unit,37146,9,3,9,3,11
unit,37147,10,3,10,3,13
unit,37148,9,3,9,3,11
unit,37149,10,3,10,3,13
unit,37150,10,3,10,3,11
unit,37151,11,3,11,3,13
unit,37152,7,3,7,3,9
unit,37153,9,4,9,4,9
unit,37154,9,4,9,4,9
unit,37155,10,4,10,4,9
unit,37156,9,4,9,4,9
unit,37157,10,4,10,4,9
unit,37158,10,4,10,4,9
unit,37159,11,4,11,4,9
unit,37160,9,4,9,4,9
unit,37161,10,4,10,4,9
unit,37162,10,4,10,4,9
unit,37163,11,4,11,4,9
unit,37164,10,4,10,4,9
unit,37165,11,4,11,4,9
unit,37166,11,4,11,4,9
unit,37167,12,4,12,4,9
unit,37168,8,3,8,3,11
unit,37169,9,3,9,3,13
unit,37170,10,4,10,4,11
unit,37171,11,4,11,4,13
unit,37172,10,4,10,4,11
unit,37173,11,4,11,4,13
unit,37174,11,4,11,4,11
unit,37175,12,4,12,4,13
unit,37176,10,4,10,4,11
unit,37177,11,4,11,4,13
unit,37178,11,4,11,4,11
unit,37179,12,4,12,4,13
unit,37180,11,4,11,4,11
unit,37181,12,4,12,4,13
unit,37182,12,4,12,4,11
unit,37183,13,4,13,4,13
unit,37184,7,3,7,3,9
unit,37185,9,4,9,4,9
unit,37186,9,4,9,4,9
unit,37187,10,4,10,4,9
unit,37188,9,4,9,4,9
unit,37189,10,4,10,4,9
unit,37190,10,4,10,4,9
unit,37191,11,4,11,4,9
unit,37192,9,4,9,4,9
unit,37193,10,4,10,4,9
unit,37194,10,4,10,4,9
unit,37195,11,4,11,4,9
unit,37196,10,4,10,4,9
unit,37197,11,4,11,4,9
unit,37198,11,4,11,4,9
unit,37199,12,4,12,4,9
unit,37200,8,3,8,3,11
unit,37201,9,3,9,3,13
unit,37202,10,4,10,4,11
unit,37203,11,4,11,4,13
unit,37204,10,4,10,4,11
unit,37205,11,4,11,4,13
unit,37206,11,4,11,4,11
unit,37207,12,4,12,4,13
unit,37208,10,4,10,4,11
unit,37209,11,4,11,4,13
unit,37210,11,4,11,4,11
unit,37211,12,4,12,4,13
unit,37212,11,4,11,4,11
unit,37213,12,4,12,4,13
unit,37214,12,4,12,4,11
unit,37215,13,4,13,4,13
unit,37216,8,3,8,3,9
unit,37217,10,4,10,4,9
unit,37218,10,4,10,4,9
unit,37219,11,4,11,4,9
unit,37220,10,4,10,4,9
unit,37221,11,4,11,4,9
unit,37222,11,4,11,4,9
unit,37223,12,4,12,4,9
unit,37224,10,4,10,4,9
unit,37225,11,4,11,4,9
unit,37226,11,4,11,4,9
unit,37227,12,4,12,4,9
unit,37228,11,4,11,4,9
unit,37229,12,4,12,4,9
unit,37230,12,4,12,4,9
unit,37231,13,4,13,4,9
unit,37232,9,3,9,3,11
unit,37233,10,3,10,3,13
unit,37234,11,4,11,4,11
unit,37235,12,4,12,4,13
unit,37236,11,4,11,4,11
unit,37237,12,4,12,4,13
unit,37238,12,4,12,4,11
unit,37239,13,4,13,4,13
unit,37240,11,4,11,4,11
unit,37241,12,4,12,4,13
unit,37242,12,4,12,4,11
unit,37243,13,4,13,4,13
unit,37244,12,4,12,4,11
unit,37245,13,4,13,4,13
unit,37246,13,4,13,4,11
unit,37247,14,4,14,4,13
unit,37248,7,3,7,3,9
unit,37249,9,4,9,4,9
unit,37250,9,4,9,4,9
unit,37251,10,4,10,4,9
unit,37252,9,4,9,4,9
unit,37253,10,4,10,4,9
unit,37254,10,4,10,4,9
unit,37255,11,4,11,4,9
unit,37256,9,4,9,4,9
unit,37257,10,4,10,4,9
unit,37258,10,4,10,4,9
unit,37259,11,4,11,4,9
unit,37260,10,4,10,4,9
unit,37261,11,4,11,4,9
unit,37262,11,4,11,4,9
unit,37263,12,4,12,4,9
unit,37264,8,3,8,3,11
unit,37265,9,3,9,3,13
unit,37266,10,4,10,4,11
unit,37267,11,4,11,4,13
unit,37268,10,4,10,4,11
unit,37269,11,4,11,4,13
unit,37270,11,4,11,4,11
unit,37271,12,4,12,4,13
unit,37272,10,4,10,4,11
unit,37273,11,4,11,4,13
unit,37274,11,4,11,4,11
unit,37275,12,4,12,4,13
unit,37276,11,4,11,4,11
unit,37277,12,4,12,4,13
unit,37278,12,4,12,4,11
unit,37279,13,4,13,4,13
unit,37280,8,3,8,3,9
unit,37281,10,4,10,4,9
unit,37282,10,4,10,4,9
unit,37283,11,4,11,4,9
unit,37284,10,4,10,4,9
unit,37285,11,4,11,4,9
unit,37286,11,4,11,4,9
unit,37287,12,4,12,4,9
unit,37288,10,4,10,4,9
unit,37289,11,4,11,4,9
unit,37290,11,4,11,4,9
unit,37291,12,4,12,4,9
unit,37292,11,4,11,4,9
unit,37293,12,4,12,4,9
unit,37294,12,4,12,4,9
unit,37295,13,4,13,4,9
unit,37296,9,3,9,3,11
unit,37297,10,3,10,3,13
unit,37298,11,4,11,4,11
unit,37299,12,4,12,4,13
unit,37300,11,4,11,4,11
unit,37301,12,4,12,4,13
unit,37302,12,4,12,4,11
unit,37303,13,4,13,4,13
unit,37304,11,4,11,4,11
unit,37305,12,4,12,4,13
unit,37306,12,4,12,4,11
unit,37307,13,4,13,4,13
unit,37308,12,4,12,4,11
unit,37309,13,4,13,4,13
unit,37310,13,4,13,4,11
unit,37311,14,4,14,4,13
unit,37312,8,3,8,3,9
unit,37313,10,4,10,4,9
unit,37314,10,4,10,4,9
unit,37315,11,4,11,4,9
unit,37316,10,4,10,4,9
unit,37317,11,4,11,4,9
unit,37318,11,4,11,4,9
unit,37319,12,4,12,4,9
unit,37320,10,4,10,4,9
unit,37321,11,4,11,4,9
unit,37322,11,4,11,4,9
unit,37323,12,4,12,4,9
unit,37324,11,4,11,4,9
unit,37325,12,4,12,4,9
unit,37326,12,4,12,4,9
unit,37327,13,4,13,4,9
unit,37328,9,3,9,3,11
unit,37329,10,3,10,3,13
unit,37330,11,4,11,4,11
unit,37331,12,4,12,4,13
unit,37332,11,4,11,4,11
unit,37333,12,4,12,4,13
unit,37334,12,4,12,4,11
unit,37335,13,4,13,4,13
unit,37336,11,4,11,4,11
unit,37337,12,4,12,4,13
unit,37338,12,4,12,4,11
unit,37339,13,4,13,4,13
unit,37340,12,4,12,4,11
unit,37341,13,4,13,4,13
unit,37342,13,4,13,4,11
unit,37343,14,4,14,4,13
unit,37344,9,3,9,3,9
unit,37345,11,4,11,4,9
unit,37346,11,4,11,4,9
unit,37347,12,4,12,4,9
unit,37348,11,4,11,4,9
unit,37349,12,4,12,4,9
unit,37350,12,4,12,4,9
unit,37351,13,4,13,4,9
unit,37352,11,4,11,4,9
unit,37353,12,4,12,4,9
unit,37354,12,4,12,4,9
unit,37355,13,4,13,4,9
unit,37356,12,4,12,4,9
unit,37357,13,4,13,4,9
unit,37358,13,4,13,4,9
unit,37359,14,4,14,4,9
unit,37360,10,3,10,3,11
unit,37361,11,3,11,3,13
unit,37362,12,4,12,4,11
unit,37363,13,4,13,4,13
unit,37364,12,4,12,4,11
unit,37365,13,4,13,4,13
unit,37366,13,4,13,4,11
unit,37367,14,4,14,4,13
unit,37368,12,4,12,4,11
unit,37369,13,4,13,4,13
unit,37370,13,4,13,4,11
unit,37371,14,4,14,4,13
unit,37372,13,4,13,4,11
unit,37373,14,4,14,4,13
unit,37374,14,4,14,4,11
unit,37375,15,4,15,4,13
unit,37376,5,2,5,2,7
unit,37377,7,3,7,3,7
unit,37378,7,3,7,3,7
unit,37379,8,3,8,3,7
unit,37380,7,3,7,3,7
unit,37381,8,3,8,3,7
unit,37382,8,3,8,3,7
unit,37383,9,3,9,3,7
unit,37384,7,3,7,3,7
unit,37385,8,3,8,3,7
unit,37386,8,3,8,3,7
unit,37387,9,3,9,3,7
unit,37388,8,3,8,3,7
unit,37389,9,3,9,3,7
unit,37390,9,3,9,3,7
unit,37391,10,3,10,3,7
unit,37392,7,3,7,3,7
unit,37393,9,4,9,4,7
unit,37394,9,4,9,4,7
unit,37395,10,4,10,4,7
unit,37396,9,4,9,4,7
unit,37397,10,4,10,4,7
unit,37398,10,4,10,4,7
unit,37399,11,4,11,4,7
unit,37400,9,4,9,4,7
unit,37401,10,4,10,4,7
unit,37402,10,4,10,4,7
unit,37403,11,4,11,4,7
unit,37404,10,4,10,4,7
unit,37405,11,4,11,4,7
unit,37406,11,4,11,4,7
unit,37407,12,4,12,4,7
unit,37408,7,3,7,3,7
unit,37409,9,4,9,4,7
unit,37410,9,4,9,4,7
unit,37411,10,4,10,4,7
unit,37412,9,4,9,4,7
unit,37413,10,4,10,4,7
unit,37414,10,4,10,4,7
unit,37415,11,4,11,4,7
unit,37416,9,4,9,4,7
unit,37417,10,4,10,4,7
unit,37418,10,4,10,4,7
unit,37419,11,4,11,4,7
unit,37420,10,4,10,4,7
unit,37421,11,4,11,4,7
unit,37422,11,4,11,4,7
unit,37423,12,4,12,4,7
unit,37424,8,3,8,3,7
unit,37425,10,4,10,4,7
unit,37426,10,4,10,4,7
unit,37427,11,4,11,4,7
unit,37428,10,4,10,4,7
unit,37429,11,4,11,4,7
unit,37430,11,4,11,4,7
unit,37431,12,4,12,4,7
unit,37432,10,4,10,4,7
unit,37433,11,4,11,4,7
unit,37434,11,4,11,4,7
unit,37435,12,4,12,4,7
unit,37436,11,4,11,4,7
unit,37437,12,4,12,4,7
unit,37438,12,4,12,4,7
unit,37439,13,4,13,4,7
unit,37440,7,3,7,3,7
unit,37441,9,4,9,4,7
unit,37442,9,4,9,4,7
unit,37443,10,4,10,4,7
unit,37444,9,4,9,4,7
unit,37445,10,4,10,4,7
unit,37446,10,4,10,4,7
unit,37447,11,4,11,4,7
unit,37448,9,4,9,4,7
unit,37449,10,4,10,4,7
unit,37450,10,4,10,4,7
unit,37451,11,4,11,4,7
unit,37452,10,4,10,4,7
unit,37453,11,4,11,4,7
unit,37454,11,4,11,4,7
unit,37455,12,4,12,4,7
unit,37456,8,3,8,3,7
unit,37457,10,4,10,4,7
unit,37458,10,4,10,4,7
unit,37459,11,4,11,4,7
unit,37460,10,4,10,4,7
unit,37461,11,4,11,4,7
unit,37462,11,4,11,4,7
unit,37463,12,4,12,4,7
unit,37464,10,4,10,4,7
unit,37465,11,4,11,4,7
unit,37466,11,4,11,4,7
unit,37467,12,4,12,4,7
unit,37468,11,4,11,4,7
unit,37469,12,4,12,4,7
unit,37470,12,4,12,4,7
unit,37471,13,4,13,4,7
unit,37472,8,3,8,3,7
unit,37473,10,4,10,4,7
unit,37474,10,4,10,4,7
unit,37475,11,4,11,4,7
unit,37476,10,4,10,4,7
unit,37477,11,4,11,4,7
unit,37478,11,4,11,4,7
unit,37479,12,4,12,4,7
unit,37480,10,4,10,4,7
unit,37481,11,4,11,4,7
unit,37482,11,4,11,4,7
unit,37483,12,4,12,4,7
unit,37484,11,4,11,4,7
unit,37485,12,4,12,4,7
unit,37486,12,4,12,4,7
unit,37487,13,4,13,4,7
unit,37488,9,3,9,3,7
unit,37489,11,4,11,4,7
unit,37490,11,4,11,4,7
unit,37491,12,4,12,4,7
unit,37492,11,4,11,4,7
unit,37493,12,4,12,4,7
unit,37494,12,4,12,4,7
unit,37495,13,4,13,4,7
unit,37496,11,4,11,4,7
unit,37497,12,4,12,4,7
unit,37498,12,4,12,4,7
unit,37499,13,4,13,4,7
unit,37500,12,4,12,4,7
unit,37501,13,4,13,4,7
unit,37502,13,4,13,4,7
unit,37503,14,4,14,4,7
unit,37504,7,3,7,3,7
unit,37505,9,4,9,4,7
unit,37506,9,4,9,4,7
unit,37507,10,4,10,4,7
unit,37508,9,4,9,4,7
unit,37509,10,4,10,4,7
unit,37510,10,4,10,4,7
unit,37511,11,4,11,4,7
unit,37512,9,4,9,4,7
unit,37513,10,4,10,4,7
unit,37514,10,4,10,4,7
unit,37515,11,4,11,4,7
unit,37516,10,4,10,4,7
unit,37517,11,4,11,4,7
unit,37518,11,4,11,4,7
unit,37519,12,4,12,4,7
unit,37520,8,3,8,3,7
unit,37521,10,4,10,4,7
unit,37522,10,4,10,4,7
unit,37523,11,4,11,4,7
unit,37524,10,4,10,4,7
unit,37525,11,4,11,4,7
unit,37526,11,4,11,4,7
unit,37527,12,4,12,4,7
unit,37528,10,4,10,4,7
unit,37529,11,4,11,4,7
unit,37530,11,4,11,4,7
unit,37531,12,4,12,4,7
unit,37532,11,4,11,4,7
unit,37533,12,4,12,4,7
unit,37534,12,4,12,4,7
unit,37535,13,4,13,4,7
unit,37536,8,3,8,3,7
unit,37537,10,4,10,4,7
unit,37538,10,4,10,4,7
unit,37539,11,4,11,4,7
unit,37540,10,4,10,4,7
unit,37541,11,4,11,4,7
unit,37542,11,4,11,4,7
unit,37543,12,4,12,4,7
unit,37544,10,4,10,4,7
unit,37545,11,4,11,4,7
unit,37546,11,4,11,4,7
unit,37547,12,4,12,4,7
unit,37548,11,4,11,4,7
unit,37549,12,4,12,4,7
unit,37550,12,4,12,4,7
unit,37551,13,4,13,4,7
unit,37552,9,3,9,3,7
unit,37553,11,4,11,4,7
unit,37554,11,4,11,4,7
unit,37555,12,4,12,4,7
unit,37556,11,4,11,4,7
unit,37557,12,4,12,4,7
unit,37558,12,4,12,4,7
unit,37559,13,4,13,4,7
unit,37560,11,4,11,4,7
unit,37561,12,4,12,4,7
unit,37562,12,4,12,4,7
unit,37563,13,4,13,4,7
unit,37564,12,4,12,4,7
unit,37565,13,4,13,4,7
unit,37566,13,4,13,4,7
unit,37567,14,4,14,4,7
unit,37568,8,3,8,3,7
unit,37569,10,4,10,4,7
unit,37570,10,4,10,4,7
unit,37571,11,4,11,4,7
unit,37572,10,4,10,4,7
unit,37573,11,4,11,4,7
unit,37574,11,4,11,4,7
unit,37575,12,4,12,4,7
unit,37576,10,4,10,4,7
unit,37577,11,4,11,4,7
unit,37578,11,4,11,4,7
unit,37579,12,4,12,4,7
unit,37580,11,4,11,4,7
unit,37581,12,4,12,4,7
unit,37582,12,4,12,4,7
unit,37583,13,4,13,4,7
unit,37584,9,3,9,3,7
unit,37585,11,4,11,4,7
unit,37586,11,4,11,4,7
unit,37587,12,4,12,4,7
unit,37588,11,4,11,4,7
unit,37589,12,4,12,4,7
unit,37590,12,4,12,4,7
unit,37591,13,4,13,4,7
unit,37592,11,4,11,4,7
unit,37593,12,4,12,4,7
unit,37594,12,4,12,4,7
unit,37595,13,4,13,4,7
unit,37596,12,4,12,4,7
unit,37597,13,4,13,4,7
unit,37598,13,4,13,4,7
unit,37599,14,4,14,4,7
unit,37600,9,3,9,3,7
unit,37601,11,4,11,4,7
unit,37602,11,4,11,4,7
unit,37603,12,4,12,4,7
unit,37604,11,4,11,4,7
unit,37605,12,4,12,4,7
unit,37606,12,4,12,4,7
unit,37607,13,4,13,4,7
unit,37608,11,4,11,4,7
unit,37609,12,4,12,4,7
unit,37610,12,4,12,4,7
unit,37611,13,4,13,4,7
unit,37612,12,4,12,4,7
unit,37613,13,4,13,4,7
unit,37614,13,4,13,4,7
unit,37615,14,4,14,4,7
unit,37616,10,3,10,3,7
unit,37617,12,4,12,4,7
unit,37618,12,4,12,4,7
unit,37619,13,4,13,4,7
unit,37620,12,4,12,4,7
unit,37621,13,4,13,4,7
unit,37622,13,4,13,4,7
unit,37623,14,4,14,4,7
unit,37624,12,4,12,4,7
unit,37625,13,4,13,4,7
unit,37626,13,4,13,4,7
unit,37627,14,4,14,4,7
unit,37628,13,4,13,4,7
unit,37629,14,4,14,4,7
unit,37630,14,4,14,4,7
unit,37631,15,4,15,4,7
unit,37632,6,2,7,3,9
unit,37633,8,3,9,4,9
unit,37634,8,3,9,4,9
unit,37635,9,3,10,4,9
unit,37636,8,3,9,4,9
unit,37637,9,3,10,4,9
unit,37638,9,3,10,4,9
unit,37639,10,3,11,4,9
unit,37640,8,3,9,4,9
unit,37641,9,3,10,4,9
unit,37642,9,3,10,4,9
unit,37643,10,3,11,4,9
unit,37644,9,3,10,4,9
unit,37645,10,3,11,4,9
unit,37646,10,3,11,4,9
unit,37647,11,3,12,4,9
unit,37648,8,3,8,3,11
unit,37649,9,3,9,3,13
unit,37650,10,4,10,4,11
unit,37651,11,4,11,4,13
unit,37652,10,4,10,4,11
unit,37653,11,4,11,4,13
unit,37654,11,4,11,4,11
unit,37655,12,4,12,4,13
unit,37656,10,4,10,4,11
unit,37657,11,4,11,4,13
unit,37658,11,4,11,4,11
unit,37659,12,4,12,4,13
unit,37660,11,4,11,4,11
unit,37661,12,4,12,4,13
unit,37662,12,4,12,4,11
unit,37663,13,4,13,4,13
unit,37664,8,3,9,4,9
unit,37665,10,4,11,5,9
unit,37666,10,4,11,5,9
unit,37667,11,4,12,5,9
unit,37668,10,4,11,5,9
unit,37669,11,4,12,5,9
unit,37670,11,4,12,5,9
unit,37671,12,4,13,5,9
unit,37672,10,4,11,5,9
unit,37673,11,4,12,5,9
unit,37674,11,4,12,5,9
unit,37675,12,4,13,5,9
unit,37676,11,4,12,5,9
unit,37677,12,4,13,5,9
unit,37678,12,4,13,5,9
unit,37679,13,4,14,5,9
unit,37680,9,3,10,4,11
unit,37681,11,4,11,4,13
unit,37682,11,4,12,5,11
unit,37683,12,4,13,5,13
unit,37684,11,4,12,5,11
unit,37685,12,4,13,5,13
unit,37686,12,4,13,5,11
unit,37687,13,4,14,5,13
unit,37688,11,4,12,5,11
unit,37689,12,4,13,5,13
unit,37690,12,4,13,5,11
unit,37691,13,4,14,5,13
unit,37692,12,4,13,5,11
unit,37693,13,4,14,5,13
unit,37694,13,4,14,5,11
unit,37695,14,4,15,5,13
unit,37696,8,3,9,4,9
unit,37697,10,4,11,5,9
unit,37698,10,4,11,5,9
unit,37699,11,4,12,5,9
unit,37700,10,4,11,5,9
unit,37701,11,4,12,5,9
unit,37702,11,4,12,5,9
unit,37703,12,4,13,5,9
unit,37704,10,4,11,5,9
unit,37705,11,4,12,5,9
unit,37706,11,4,12,5,9
unit,37707,12,4,13,5,9
unit,37708,11,4,12,5,9
unit,37709,12,4,13,5,9
unit,37710,12,4,13,5,9
unit,37711,13,4,14,5,9
unit,37712,9,3,10,4,11
unit,37713,11,4,11,4,13
unit,37714,11,4,12,5,11
unit,37715,12,4,13,5,13
unit,37716,11,4,12,5,11
unit,37717,12,4,13,5,13
unit,37718,12,4,13,5,11
unit,37719,13,4,14,5,13
unit,37720,11,4,12,5,11
unit,37721,12,4,13,5,13
unit,37722,12,4,13,5,11
unit,37723,13,4,14,5,13
unit,37724,12,4,13,5,11
unit,37725,13,4,14,5,13
unit,37726,13,4,14,5,11
unit,37727,14,4,15,5,13
unit,37728,9,3,10,4,9
unit,37729,11,4,12,5,9
unit,37730,11,4,12,5,9
unit,37731,12,4,13,5,9
unit,37732,11,4,12,5,9
unit,37733,12,4,13,5,9
unit,37734,12,4,13,5,9
unit,37735,13,4,14,5,9
unit,37736,11,4,12,5,9
unit,37737,12,4,13,5,9
unit,37738,12,4,13,5,9
unit,37739,13,4,14,5,9
unit,37740,12,4,13,5,9
unit,37741,13,4,14,5,9
unit,37742,13,4,14,5,9
unit,37743,14,4,15,5,9
unit,37744,10,3,11,4,11
unit,37745,12,4,12,4,13
unit,37746,12,4,13,5,11
unit,37747,13,4,14,5,13
unit,37748,12,4,13,5,11
unit,37749,13,4,14,5,13
unit,37750,13,4,14,5,11
unit,37751,14,4,15,5,13
unit,37752,12,4,13,5,11
unit,37753,13,4,14,5,13
unit,37754,13,4,14,5,11
unit,37755,14,4,15,5,13
unit,37756,13,4,14,5,11
unit,37757,14,4,15,5,13
unit,37758,14,4,15,5,11
unit,37759,15,4,16,5,13
unit,37760,8,3,9,4,9
unit,37761,10,4,11,5,9
unit,37762,10,4,11,5,9
unit,37763,11,4,12,5,9
unit,37764,10,4,11,5,9
unit,37765,11,4,12,5,9
unit,37766,11,4,12,5,9
unit,37767,12,4,13,5,9
unit,37768,10,4,11,5,9
unit,37769,11,4,12,5,9
unit,37770,11,4,12,5,9
unit,37771,12,4,13,5,9
unit,37772,11,4,12,5,9
unit,37773,12,4,13,5,9
unit,37774,12,4,13,5,9
unit,37775,13,4,14,5,9
unit,37776,9,3,10,4,11
unit,37777,11,4,11,4,13
unit,37778,11,4,12,5,11
unit,37779,12,4,13,5,13
unit,37780,11,4,12,5,11
unit,37781,12,4,13,5,13
unit,37782,12,4,13,5,11
unit,37783,13,4,14,5,13
unit,37784,11,4,12,5,11
unit,37785,12,4,13,5,13
unit,37786,12,4,13,5,11
unit,37787,13,4,14,5,13
unit,37788,12,4,13,5,11
unit,37789,13,4,14,5,13
unit,37790,13,4,14,5,11
unit,37791,14,4,15,5,13
unit,37792,9,3,10,4,9
unit,37793,11,4,12,5,9
unit,37794,11,4,12,5,9
unit,37795,12,4,13,5,9
unit,37796,11,4,12,5,9
unit,37797,12,4,13,5,9
unit,37798,12,4,13,5,9
unit,37799,13,4,14,5,9
unit,37800,11,4,12,5,9
unit,37801,12,4,13,5,9
unit,37802,12,4,13,5,9
unit,37803,13,4,14,5,9
unit,37804,12,4,13,5,9
unit,37805,13,4,14,5,9
unit,37806,13,4,14,5,9
unit,37807,14,4,15,5,9
unit,37808,10,3,11,4,11
unit,37809,12,4,12,4,13
unit,37810,12,4,13,5,11
unit,37811,13,4,14,5,13
unit,37812,12,4,13,5,11
unit,37813,13,4,14,5,13
unit,37814,13,4,14,5,11
unit,37815,14,4,15,5,13
unit,37816,12,4,13,5,11
unit,37817,13,4,14,5,13
unit,37818,13,4,14,5,11
unit,37819,14,4,15,5,13
unit,37820,13,4,14,5,11
unit,37821,14,4,15,5,13
unit,37822,14,4,15,5,11
unit,37823,15,4,16,5,13
unit,37824,9,3,10,4,9
unit,37825,11,4,12,5,9
unit,37826,11,4,12,5,9
unit,37827,12,4,13,5,9
unit,37828,11,4,12,5,9
unit,37829,12,4,13,5,9
unit,37830,12,4,13,5,9
unit,37831,13,4,14,5,9
unit,37832,11,4,12,5,9
unit,37833,12,4,13,5,9
unit,37834,12,4,13,5,9
unit,37835,13,4,14,5,9
unit,37836,12,4,13,5,9
unit,37837,13,4,14,5,9
unit,37838,13,4,14,5,9
unit,37839,14,4,15,5,9
unit,37840,10,3,11,4,11
unit,37841,12,4,12,4,13
unit,37842,12,4,13,5,11
unit,37843,13,4,14,5,13
unit,37844,12,4,13,5,11
unit,37845,13,4,14,5,13
unit,37846,13,4,14,5,11
unit,37847,14,4,15,5,13
unit,37848,12,4,13,5,11
unit,37849,13,4,14,5,13
unit,37850,13,4,14,5,11
unit,37851,14,4,15,5,13
unit,37852,13,4,14,5,11
unit,37853,14,4,15,5,13
unit,37854,14,4,15,5,11
unit,37855,15,4,16,5,13
unit,37856,10,3,11,4,9
unit,37857,12,4,13,5,9
unit,37858,12,4,13,5,9
unit,37859,13,4,14,5,9
unit,37860,12,4,13,5,9
unit,37861,13,4,14,5,9
unit,37862,13,4,14,5,9
unit,37863,14,4,15,5,9
unit,37864,12,4,13,5,9
unit,37865,13,4,14,5,9
unit,37866,13,4,14,5,9
unit,37867,14,4,15,5,9
unit,37868,13,4,14,5,9
unit,37869,14,4,15,5,9
unit,37870,14,4,15,5,9
unit,37871,15,4,16,5,9
unit,37872,11,3,12,4,11
unit,37873,13,4,13,4,13
unit,37874,13,4,14,5,11
unit,37875,14,4,15,5,13
unit,37876,13,4,14,5,11
unit,37877,14,4,15,5,13
unit,37878,14,4,15,5,11
unit,37879,15,4,16,5,13
unit,37880,13,4,14,5,11
unit,37881,14,4,15,5,13
unit,37882,14,4,15,5,11
unit,37883,15,4,16,5,13
unit,37884,14,4,15,5,11
unit,37885,15,4,16,5,13
unit,37886,15,4,16,5,11
unit,37887,16,4,17,5,13
unit,37888,5,2,5,2,7
unit,37889,7,3,7,3,7
unit,37890,7,3,7,3,7
unit,37891,8,3,8,3,7
unit,37892,7,3,7,3,7
unit,37893,8,3,8,3,7
unit,37894,8,3,8,3,7
unit,37895,9,3,9,3,7
unit,37896,7,3,7,3,7
unit,37897,8,3,8,3,7
unit,37898,8,3,8,3,7
unit,37899,9,3,9,3,7
unit,37900,8,3,8,3,7
unit,37901,9,3,9,3,7
unit,37902,9,3,9,3,7
unit,37903,10,3,10,3,7
unit,37904,7,3,7,3,7
unit,37905,9,4,9,4,7
unit,37906,9,4,9,4,7
unit,37907,10,4,10,4,7
unit,37908,9,4,9,4,7
unit,37909,10,4,10,4,7
unit,37910,10,4,10,4,7
unit,37911,11,4,11,4,7
unit,37912,9,4,9,4,7
unit,37913,10,4,10,4,7
unit,37914,10,4,10,4,7
unit,37915,11,4,11,4,7
unit,37916,10,4,10,4,7
unit,37917,11,4,11,4,7
unit,37918,11,4,11,4,7
unit,37919,12,4,12,4,7
unit,37920,7,3,7,3,7
unit,37921,9,4,9,4,7
unit,37922,9,4,9,4,7
unit,37923,10,4,10,4,7
unit,37924,9,4,9,4,7
unit,37925,10,4,10,4,7
unit,37926,10,4,10,4,7
unit,37927,11,4,11,4,7
unit,37928,9,4,9,4,7
unit,37929,10,4,10,4,7
unit,37930,10,4,10,4,7
unit,37931,11,4,11,4,7
unit,37932,10,4,10,4,7
unit,37933,11,4,11,4,7
unit,37934,11,4,11,4,7
unit,37935,12,4,12,4,7
unit,37936,8,3,8,3,7
unit,37937,10,4,10,4,7
unit,37938,10,4,10,4,7
unit,37939,11,4,11,4,7
unit,37940,10,4,10,4,7
unit,37941,11,4,11,4,7
unit,37942,11,4,11,4,7
unit,37943,12,4,12,4,7
unit,37944,10,4,10,4,7
unit,37945,11,4,11,4,7
unit,37946,11,4,11,4,7
unit,37947,12,4,12,4,7
unit,37948,11,4,11,4,7
unit,37949,12,4,12,4,7
unit,37950,12,4,12,4,7
unit,37951,13,4,13,4,7
unit,37952,7,3,7,3,7
unit,37953,9,4,9,4,7
unit,37954,9,4,9,4,7
unit,37955,10,4,10,4,7
unit,37956,9,4,9,4,7
unit,37957,10,4,10,4,7
unit,37958,10,4,10,4,7
unit,37959,11,4,11,4,7
unit,37960,9,4,9,4,7
unit,37961,10,4,10,4,7
unit,37962,10,4,10,4,7
unit,37963,11,4,11,4,7
unit,37964,10,4,10,4,7
unit,37965,11,4,11,4,7
unit,37966,11,4,11,4,7
unit,37967,12,4,12,4,7
unit,37968,8,3,8,3,7
unit,37969,10,4,10,4,7
unit,37970,10,4,10,4,7
unit,37971,11,4,11,4,7
unit,37972,10,4,10,4,7
unit,37973,11,4,11,4,7
unit,37974,11,4,11,4,7
unit,37975,12,4,12,4,7
unit,37976,10,4,10,4,7
unit,37977,11,4,11,4,7
unit,37978,11,4,11,4,7
unit,37979,12,4,12,4,7
unit,37980,11,4,11,4,7
unit,37981,12,4,12,4,7
unit,37982,12,4,12,4,7
unit,37983,13,4,13,4,7
unit,37984,8,3,8,3,7
unit,37985,10,4,10,4,7
unit,37986,10,4,10,4,7
unit,37987,11,4,11,4,7
unit,37988,10,4,10,4,7
unit,37989,11,4,11,4,7
unit,37990,11,4,11,4,7
unit,37991,12,4,12,4,7
unit,37992,10,4,10,4,7
unit,37993,11,4,11,4,7
unit,37994,11,4,11,4,7
unit,37995,12,4,12,4,7
unit,37996,11,4,11,4,7
unit,37997,12,4,12,4,7
unit,37998,12,4,12,4,7
unit,37999,13,4,13,4,7
unit,38000,9,3,9,3,7
unit,38001,11,4,11,4,7
unit,38002,11,4,11,4,7
unit,38003,12,4,12,4,7
unit,38004,11,4,11,4,7
unit,38005,12,4,12,4,7
unit,38006,12,4,12,4,7
unit,38007,13,4,13,4,7
unit,38008,11,4,11,4,7
unit,38009,12,4,12,4,7
unit,38010,12,4,12,4,7
unit,38011,13,4,13,4,7
unit,38012,12,4,12,4,7
unit,38013,13,4,13,4,7
unit,38014,13,4,13,4,7
unit,38015,14,4,14,4,7
unit,38016,7,3,7,3,7
unit,38017,9,4,9,4,7
unit,38018,9,4,9,4,7
unit,38019,10,4,10,4,7
unit,38020,9,4,9,4,7
unit,38021,10,4,10,4,7
unit,38022,10,4,10,4,7
unit,38023,11,4,11,4,7
unit,38024,9,4,9,4,7
unit,38025,10,4,10,4,7
unit,38026,10,4,10,4,7
unit,38027,11,4,11,4,7
unit,38028,10,4,10,4,7
unit,38029,11,4,11,4,7
unit,38030,11,4,11,4,7
unit,38031,12,4,12,4,7
unit,38032,8,3,8,3,7
unit,38033,10,4,10,4,7
unit,38034,10,4,10,4,7
unit,38035,11,4,11,4,7
unit,38036,10,4,10,4,7
unit,38037,11,4,11,4,7
unit,38038,11,4,11,4,7
unit,38039,12,4,12,4,7
unit,38040,10,4,10,4,7
unit,38041,11,4,11,4,7
unit,38042,11,4,11,4,7
unit,38043,12,4,12,4,7
unit,38044,11,4,11,4,7
unit,38045,12,4,12,4,7
unit,38046,12,4,12,4,7
unit,38047,13,4,13,4,7
unit,38048,8,3,8,3,7
unit,38049,10,4,10,4,7
unit,38050,10,4,10,4,7
unit,38051,11,4,11,4,7
unit,38052,10,4,10,4,7
unit,38053,11,4,11,4,7
unit,38054,11,4,11,4,7
unit,38055,12,4,12,4,7
unit,38056,10,4,10,4,7
unit,38057,11,4,11,4,7
unit,38058,11,4,11,4,7
unit,38059,12,4,12,4,7
unit,38060,11,4,11,4,7
unit,38061,12,4,12,4,7
unit,38062,12,4,12,4,7
unit,38063,13,4,13,4,7
unit,38064,9,3,9,3,7
unit,38065,11,4,11,4,7
unit,38066,11,4,11,4,7
unit,38067,12,4,12,4,7
unit,38068,11,4,11,4,7
unit,38069,12,4,12,4,7
unit,38070,12,4,12,4,7
unit,38071,13,4,13,4,7
unit,38072,11,4,11,4,7
unit,38073,12,4,12,4,7
unit,38074,12,4,12,4,7
unit,38075,13,4,13,4,7
unit,38076,12,4,12,4,7
unit,38077,13,4,13,4,7
unit,38078,13,4,13,4,7
unit,38079,14,4,14,4,7
unit,38080,8,3,8,3,7
unit,38081,10,4,10,4,7
unit,38082,10,4,10,4,7
unit,38083,11,4,11,4,7
unit,38084,10,4,10,4,7
unit,38085,11,4,11,4,7
unit,38086,11,4,11,4,7
unit,38087,12,4,12,4,7
unit,38088,10,4,10,4,7
unit,38089,11,4,11,4,7
unit,38090,11,4,11,4,7
unit,38091,12,4,12,4,7
unit,38092,11,4,11,4,7
unit,38093,12,4,12,4,7
unit,38094,12,4,12,4,7
unit,38095,13,4,13,4,7
unit,38096,9,3,9,3,7
unit,38097,11,4,11,4,7
unit,38098,11,4,11,4,7
unit,38099,12,4,12,4,7
unit,38100,11,4,11,4,7
unit,38101,12,4,12,4,7
unit,38102,12,4,12,4,7
unit,38103,13,4,13,4,7
unit,38104,11,4,11,4,7
unit,38105,12,4,12,4,7
unit,38106,12,4,12,4,7
unit,38107,13,4,13,4,7
unit,38108,12,4,12,4,7
unit,38109,13,4,13,4,7
unit,38110,13,4,13,4,7
unit,38111,14,4,14,4,7
unit,38112,9,3,9,3,7
unit,38113,11,4,11,4,7
unit,38114,11,4,11,4,7
unit,38115,12,4,12,4,7
unit,38116,11,4,11,4,7
unit,38117,12,4,12,4,7
unit,38118,12,4,12,4,7
unit,38119,13,4,13,4,7
unit,38120,11,4,11,4,7
unit,38121,12,4,12,4,7
unit,38122,12,4,12,4,7
unit,38123,13,4,13,4,7
unit,38124,12,4,12,4,7
unit,38125,13,4,13,4,7
unit,38126,13,4,13,4,7
unit,38127,14,4,14,4,7
unit,38128,10,3,10,3,7
unit,38129,12,4,12,4,7
unit,38130,12,4,12,4,7
unit,38131,13,4,13,4,7
unit,38132,12,4,12,4,7
unit,38133,13,4,13,4,7
unit,38134,13,4,13,4,7
unit,38135,14,4,14,4,7
unit,38136,12,4,12,4,7
unit,38137,13,4,13,4,7
unit,38138,13,4,13,4,7
unit,38139,14,4,14,4,7
unit,38140,13,4,13,4,7
unit,38141,14,4,14,4,7
unit,38142,14,4,14,4,7
unit,38143,15,4,15,4,7
unit,38144,6,2,7,3,9
unit,38145,8,3,9,4,9
unit,38146,8,3,9,4,9
unit,38147,9,3,10,4,9
unit,38148,8,3,9,4,9
unit,38149,9,3,10,4,9
unit,38150,9,3,10,4,9
unit,38151,10,3,11,4,9
unit,38152,8,3,9,4,9
unit,38153,9,3,10,4,9
unit,38154,9,3,10,4,9
unit,38155,10,3,11,4,9
unit,38156,9,3,10,4,9
unit,38157,10,3,11,4,9
unit,38158,10,3,11,4,9
unit,38159,11,3,12,4,9
unit,38160,8,3,8,3,11
unit,38161,9,3,9,3,13
unit,38162,10,4,10,4,11
unit,38163,11,4,11,4,13
unit,38164,10,4,10,4,11
unit,38165,11,4,11,4,13
unit,38166,11,4,11,4,11
unit,38167,12,4,12,4,13
unit,38168,10,4,10,4,11
unit,38169,11,4,11,4,13
unit,38170,11,4,11,4,11
unit,38171,12,4,12,4,13
unit,38172,11,4,11,4,11
unit,38173,12,4,12,4,13
unit,38174,12,4,12,4,11
unit,38175,13,4,13,4,13
unit,38176,8,3,9,4,9
unit,38177,10,4,11,5,9
unit,38178,10,4,11,5,9
unit,38179,11,4,12,5,9
unit,38180,10,4,11,5,9
unit,38181,11,4,12,5,9
unit,38182,11,4,12,5,9
unit,38183,12,4,13,5,9
unit,38184,10,4,11,5,9
unit,38185,11,4,12,5,9
unit,38186,11,4,12,5,9
unit,38187,12,4,13,5,9
unit,38188,11,4,12,5,9
unit,38189,12,4,13,5,9
unit,38190,12,4,13,5,9
unit,38191,13,4,14,5,9
unit,38192,9,3,10,4,11
unit,38193,11,4,11,4,13
unit,38194,11,4,12,5,11
unit,38195,12,4,13,5,13
unit,38196,11,4,12,5,11
unit,38197,12,4,13,5,13
unit,38198,12,4,13,5,11
unit,38199,13,4,14,5,13
unit,38200,11,4,12,5,11
unit,38201,12,4,13,5,13
unit,38202,12,4,13,5,11
unit,38203,13,4,14,5,13
unit,38204,12,4,13,5,11
unit,38205,13,4,14,5,13
unit,38206,13,4,14,5,11
unit,38207,14,4,15,5,13
unit,38208,8,3,9,4,9
unit,38209,10,4,11,5,9
unit,38210,10,4,11,5,9
unit,38211,11,4,12,5,9
unit,38212,10,4,11,5,9
unit,38213,11,4,12,5,9
unit,38214,11,4,12,5,9
unit,38215,12,4,13,5,9
unit,38216,10,4,11,5,9
unit,38217,11,4,12,5,9
unit,38218,11,4,12,5,9
unit,38219,12,4,13,5,9
unit,38220,11,4,12,5,9
unit,38221,12,4,13,5,9
unit,38222,12,4,13,5,9
unit,38223,13,4,14,5,9
unit,38224,9,3,10,4,11
unit,38225,11,4,11,4,13
unit,38226,11,4,12,5,11
unit,38227,12,4,13,5,13
unit,38228,11,4,12,5,11
unit,38229,12,4,13,5,13
unit,38230,12,4,13,5,11
unit,38231,13,4,14,5,13
unit,38232,11,4,12,5,11
unit,38233,12,4,13,5,13
unit,38234,12,4,13,5,11
unit,38235,13,4,14,5,13
unit,38236,12,4,13,5,11
unit,38237,13,4,14,5,13
unit,38238,13,4,14,5,11
unit,38239,14,4,15,5,13
unit,38240,9,3,10,4,9
unit,38241,11,4,12,5,9
unit,38242,11,4,12,5,9
unit,38243,12,4,13,5,9
unit,38244,11,4,12,5,9
unit,38245,12,4,13,5,9
unit,38246,12,4,13,5,9
unit,38247,13,4,14,5,9
unit,38248,11,4,12,5,9
unit,38249,12,4,13,5,9
unit,38250,12,4,13,5,9
unit,38251,13,4,14,5,9
unit,38252,12,4,13,5,9
unit,38253,13,4,14,5,9
unit,38254,13,4,14,5,9
unit,38255,14,4,15,5,9
unit,38256,10,3,11,4,11
unit,38257,12,4,12,4,13
unit,38258,12,4,13,5,11
unit,38259,13,4,14,5,13
unit,38260,12,4,13,5,11
unit,38261,13,4,14,5,13
unit,38262,13,4,14,5,11
unit,38263,14,4,15,5,13
unit,38264,12,4,13,5,11
unit,38265,13,4,14,5,13
unit,38266,13,4,14,5,11
unit,38267,14,4,15,5,13
unit,38268,13,4,14,5,11
unit,38269,14,4,15,5,13
unit,38270,14,4,15,5,11
unit,38271,15,4,16,5,13
unit,38272,8,3,9,4,9
unit,38273,10,4,11,5,9
unit,38274,10,4,11,5,9
unit,38275,11,4,12,5,9
unit,38276,10,4,11,5,9
unit,38277,11,4,12,5,9
unit,38278,11,4,12,5,9
unit,38279,12,4,13,5,9
unit,38280,10,4,11,5,9
unit,38281,11,4,12,5,9
unit,38282,11,4,12,5,9
unit,38283,12,4,13,5,9
unit,38284,11,4,12,5,9
unit,38285,12,4,13,5,9
unit,38286,12,4,13,5,9
unit,38287,13,4,14,5,9
unit,38288,9,3,10,4,11
unit,38289,11,4,11,4,13
unit,38290,11,4,12,5,11
unit,38291,12,4,13,5,13
unit,38292,11,4,12,5,11
unit,38293,12,4,13,5,13
unit,38294,12,4,13,5,11
unit,38295,13,4,14,5,13
unit,38296,11,4,12,5,11
unit,38297,12,4,13,5,13
unit,38298,12,4,13,5,11
unit,38299,13,4,14,5,13
unit,38300,12,4,13,5,11
unit,38301,13,4,14,5,13
unit,38302,13,4,14,5,11
unit,38303,14,4,15,5,13
unit,38304,9,3,10,4,9
unit,38305,11,4,12,5,9
unit,38306,11,4,12,5,9
unit,38307,12,4,13,5,9
unit,38308,11,4,12,5,9
unit,38309,12,4,13,5,9
unit,38310,12,4,13,5,9
unit,38311,13,4,14,5,9
unit,38312,11,4,12,5,9
unit,38313,12,4,13,5,9
unit,38314,12,4,13,5,9
unit,38315,13,4,14,5,9
unit,38316,12,4,13,5,9
unit,38317,13,4,14,5,9
unit,38318,13,4,14,5,9
unit,38319,14,4,15,5,9
unit,38320,10,3,11,4,11
unit,38321,12,4,12,4,13
unit,38322,12,4,13,5,11
unit,38323,13,4,14,5,13
unit,38324,12,4,13,5,11
unit,38325,13,4,14,5,13
unit,38326,13,4,14,5,11
unit,38327,14,4,15,5,13
unit,38328,12,4,13,5,11
unit,38329,13,4,14,5,13
unit,38330,13,4,14,5,11
unit,38331,14,4,15,5,13
unit,38332,13,4,14,5,11
unit,38333,14,4,15,5,13
unit,38334,14,4,15,5,11
unit,38335,15,4,16,5,13
unit,38336,9,3,10,4,9
unit,38337,11,4,12,5,9
unit,38338,11,4,12,5,9
unit,38339,12,4,13,5,9
unit,38340,11,4,12,5,9
unit,38341,12,4,13,5,9
unit,38342,12,4,13,5,9
unit,38343,13,4,14,5,9
unit,38344,11,4,12,5,9
unit,38345,12,4,13,5,9
unit,38346,12,4,13,5,9
unit,38347,13,4,14,5,9
unit,38348,12,4,13,5,9
unit,38349,13,4,14,5,9
unit,38350,13,4,14,5,9
unit,38351,14,4,15,5,9
unit,38352,10,3,11,4,11
unit,38353,12,4,12,4,13
unit,38354,12,4,13,5,11
unit,38355,13,4,14,5,13
unit,38356,12,4,13,5,11
unit,38357,13,4,14,5,13
unit,38358,13,4,14,5,11
unit,38359,14,4,15,5,13
unit,38360,12,4,13,5,11
unit,38361,13,4,14,5,13
unit,38362,13,4,14,5,11
unit,38363,14,4,15,5,13
unit,38364,13,4,14,5,11
unit,38365,14,4,15,5,13
unit,38366,14,4,15,5,11
unit,38367,15,4,16,5,13
unit,38368,10,3,11,4,9
unit,38369,12,4,13,5,9
unit,38370,12,4,13,5,9
unit,38371,13,4,14,5,9
unit,38372,12,4,13,5,9
unit,38373,13,4,14,5,9
unit,38374,13,4,14,5,9
unit,38375,14,4,15,5,9
unit,38376,12,4,13,5,9
unit,38377,13,4,14,5,9
unit,38378,13,4,14,5,9
unit,38379,14,4,15,5,9
unit,38380,13,4,14,5,9
unit,38381,14,4,15,5,9
unit,38382,14,4,15,5,9
unit,38383,15,4,16,5,9
unit,38384,11,3,12,4,11
unit,38385,13,4,13,4,13
unit,38386,13,4,14,5,11
unit,38387,14,4,15,5,13
unit,38388,13,4,14,5,11
unit,38389,14,4,15,5,13
unit,38390,14,4,15,5,11
unit,38391,15,4,16,5,13
unit,38392,13,4,14,5,11
unit,38393,14,4,15,5,13
unit,38394,14,4,15,5,11
unit,38395,15,4,16,5,13
unit,38396,14,4,15,5,11
unit,38397,15,4,16,5,13
unit,38398,15,4,16,5,11
unit,38399,16,4,17,5,13
unit,38400,6,2,6,2,7
unit,38401,8,3,8,3,7
unit,38402,8,3,8,3,7
unit,38403,9,3,9,3,7
unit,38404,8,3,8,3,7
unit,38405,9,3,9,3,7
unit,38406,9,3,9,3,7
unit,38407,10,3,10,3,7
unit,38408,8,3,8,3,7
unit,38409,9,3,9,3,7
unit,38410,9,3,9,3,7
unit,38411,10,3,10,3,7
unit,38412,9,3,9,3,7
unit,38413,10,3,10,3,7
unit,38414,10,3,10,3,7
unit,38415,11,3,11,3,7
unit,38416,8,3,8,3,7
unit,38417,10,4,10,4,7
unit,38418,10,4,10,4,7
unit,38419,11,4,11,4,7
unit,38420,10,4,10,4,7
unit,38421,11,4,11,4,7
unit,38422,11,4,11,4,7
unit,38423,12,4,12,4,7
unit,38424,10,4,10,4,7
unit,38425,11,4,11,4,7
unit,38426,11,4,11,4,7
unit,38427,12,4,12,4,7
unit,38428,11,4,11,4,7
unit,38429,12,4,12,4,7
unit,38430,12,4,12,4,7
unit,38431,13,4,13,4,7
unit,38432,8,3,8,3,7
unit,38433,10,4,10,4,7
unit,38434,10,4,10,4,7
unit,38435,11,4,11,4,7
unit,38436,10,4,10,4,7
unit,38437,11,4,11,4,7
unit,38438,11,4,11,4,7
unit,38439,12,4,12,4,7
unit,38440,10,4,10,4,7
unit,38441,11,4,11,4,7
unit,38442,11,4,11,4,7
unit,38443,12,4,12,4,7
unit,38444,11,4,11,4,7
unit,38445,12,4,12,4,7
unit,38446,12,4,12,4,7
unit,38447,13,4,13,4,7
unit,38448,9,3,9,3,7
unit,38449,11,4,11,4,7
unit,38450,11,4,11,4,7
unit,38451,12,4,12,4,7
unit,38452,11,4,11,4,7
unit,38453,12,4,12,4,7
unit,38454,12,4,12,4,7
unit,38455,13,4,13,4,7
unit,38456,11,4,11,4,7
unit,38457,12,4,12,4,7
unit,38458,12,4,12,4,7
unit,38459,13,4,13,4,7
unit,38460,12,4,12,4,7
unit,38461,13,4,13,4,7
unit,38462,13,4,13,4,7
unit,38463,14,4,14,4,7
unit,38464,8,3,8,3,7
unit,38465,10,4,10,4,7
unit,38466,10,4,10,4,7
unit,38467,11,4,11,4,7
unit,38468,10,4,10,4,7
unit,38469,11,4,11,4,7
unit,38470,11,4,11,4,7
unit,38471,12,4,12,4,7
unit,38472,10,4,10,4,7
unit,38473,11,4,11,4,7
unit,38474,11,4,11,4,7
unit,38475,12,4,12,4,7
unit,38476,11,4,11,4,7
unit,38477,12,4,12,4,7
unit,38478,12,4,12,4,7
unit,38479,13,4,13,4,7
unit,38480,9,3,9,3,7
unit,38481,11,4,11,4,7
unit,38482,11,4,11,4,7
unit,38483,12,4,12,4,7
unit,38484,11,4,11,4,7
unit,38485,12,4,12,4,7
unit,38486,12,4,12,4,7
unit,38487,13,4,13,4,7
unit,38488,11,4,11,4,7
unit,38489,12,4,12,4,7
unit,38490,12,4,12,4,7
unit,38491,13,4,13,4,7
unit,38492,12,4,12,4,7
unit,38493,13,4,13,4,7
unit,38494,13,4,13,4,7
unit,38495,14,4,14,4,7
unit,38496,9,3,9,3,7
unit,38497,11,4,11,4,7
unit,38498,11,4,11,4,7
unit,38499,12,4,12,4,7
unit,38500,11,4,11,4,7
unit,38501,12,4,12,4,7
unit,38502,12,4,12,4,7
unit,38503,13,4,13,4,7
unit,38504,11,4,11,4,7
unit,38505,12,4,12,4,7
unit,38506,12,4,12,4,7
unit,38507,13,4,13,4,7
unit,38508,12,4,12,4,7
unit,38509,13,4,13,4,7
unit,38510,13,4,13,4,7
unit,38511,14,4,14,4,7
unit,38512,10,3,10,3,7
unit,38513,12,4,12,4,7
unit,38514,12,4,12,4,7
unit,38515,13,4,13,4,7
unit,38516,12,4,12,4,7
unit,38517,13,4,13,4,7
unit,38518,13,4,13,4,7
unit,38519,14,4,14,4,7
unit,38520,12,4,12,4,7
unit,38521,13,4,13,4,7
unit,38522,13,4,13,4,7
unit,38523,14,4,14,4,7
unit,38524,13,4,13,4,7
unit,38525,14,4,14,4,7
unit,38526,14,4,14,4,7
unit,38527,15,4,15,4,7
unit,38528,8,3,8,3,7
unit,38529,10,4,10,4,7
unit,38530,10,4,10,4,7
unit,38531,11,4,11,4,7
unit,38532,10,4,10,4,7
unit,38533,11,4,11,4,7
unit,38534,11,4,11,4,7
unit,38535,12,4,12,4,7
unit,38536,10,4,10,4,7
unit,38537,11,4,11,4,7
unit,38538,11,4,11,4,7
unit,38539,12,4,12,4,7
unit,38540,11,4,11,4,7
unit,38541,12,4,12,4,7
unit,38542,12,4,12,4,7
unit,38543,13,4,13,4,7
unit,38544,9,3,9,3,7
unit,38545,11,4,11,4,7
unit,38546,11,4,11,4,7
unit,38547,12,4,12,4,7
unit,38548,11,4,11,4,7
unit,38549,12,4,12,4,7
unit,38550,12,4,12,4,7
unit,38551,13,4,13,4,7
unit,38552,11,4,11,4,7
unit,38553,12,4,12,4,7
unit,38554,12,4,12,4,7
unit,38555,13,4,13,4,7
unit,38556,12,4,12,4,7
unit,38557,13,4,13,4,7
unit,38558,13,4,13,4,7
unit,38559,14,4,14,4,7
unit,38560,9,3,9,3,7
unit,38561,11,4,11,4,7
unit,38562,11,4,11,4,7
unit,38563,12,4,12,4,7
unit,38564,11,4,11,4,7
unit,38565,12,4,12,4,7
unit,38566,12,4,12,4,7
unit,38567,13,4,13,4,7
unit,38568,11,4,11,4,7
unit,38569,12,4,12,4,7
unit,38570,12,4,12,4,7
unit,38571,13,4,13,4,7
unit,38572,12,4,12,4,7
unit,38573,13,4,13,4,7
unit,38574,13,4,13,4,7
unit,38575,14,4,14,4,7
unit,38576,10,3,10,3,7
unit,38577,12,4,12,4,7
unit,38578,12,4,12,4,7
unit,38579,13,4,13,4,7
unit,38580,12,4,12,4,7
unit,38581,13,4,13,4,7
unit,38582,13,4,13,4,7
unit,38583,14,4,14,4,7
unit,38584,12,4,12,4,7
unit,38585,13,4,13,4,7
unit,38586,13,4,13,4,7
unit,38587,14,4,14,4,7
unit,38588,13,4,13,4,7
unit,38589,14,4,14,4,7
unit,38590,14,4,14,4,7
unit,38591,15,4,15,4,7
unit,38592,9,3,9,3,7
unit,38593,11,4,11,4,7
unit,38594,11,4,11,4,7
unit,38595,12,4,12,4,7
unit,38596,11,4,11,4,7
unit,38597,12,4,12,4,7
unit,38598,12,4,12,4,7
unit,38599,13,4,13,4,7
unit,38600,11,4,11,4,7
unit,38601,12,4,12,4,7
unit,38602,12,4,12,4,7
unit,38603,13,4,13,4,7
unit,38604,12,4,12,4,7
unit,38605,13,4,13,4,7
unit,38606,13,4,13,4,7
unit,38607,14,4,14,4,7
unit,38608,10,3,10,3,7
unit,38609,12,4,12,4,7
unit,38610,12,4,12,4,7
unit,38611,13,4,13,4,7
unit,38612,12,4,12,4,7
unit,38613,13,4,13,4,7
unit,38614,13,4,13,4,7
unit,38615,14,4,14,4,7
unit,38616,12,4,12,4,7
unit,38617,13,4,13,4,7
unit,38618,13,4,13,4,7
unit,38619,14,4,14,4,7
unit,38620,13,4,13,4,7
unit,38621,14,4,14,4,7
unit,38622,14,4,14,4,7
unit,38623,15,4,15,4,7
unit,38624,10,3,10,3,7
unit,38625,12,4,12,4,7
unit,38626,12,4,12,4,7
unit,38627,13,4,13,4,7
unit,38628,12,4,12,4,7
unit,38629,13,4,13,4,7
unit,38630,13,4,13,4,7
unit,38631,14,4,14,4,7
unit,38632,12,4,12,4,7
unit,38633,13,4,13,4,7
unit,38634,13,4,13,4,7
unit,38635,14,4,14,4,7
unit,38636,13,4,13,4,7
unit,38637,14,4,14,4,7
unit,38638,14,4,14,4,7
unit,38639,15,4,15,4,7
unit,38640,11,3,11,3,7
unit,38641,13,4,13,4,7
unit,38642,13,4,13,4,7
unit,38643,14,4,14,4,7
unit,38644,13,4,13,4,7
unit,38645,14,4,14,4,7
unit,38646,14,4,14,4,7
unit,38647,15,4,15,4,7
unit,38648,13,4,13,4,7
unit,38649,14,4,14,4,7
unit,38650,14,4,14,4,7
unit,38651,15,4,15,4,7
unit,38652,14,4,14,4,7
unit,38653,15,4,15,4,7
unit,38654,15,4,15,4,7
unit,38655,16,4,16,4,7
unit,38656,7,2,8,3,9
unit,38657,9,3,10,4,9
unit,38658,9,3,10,4,9
unit,38659,10,3,11,4,9
unit,38660,9,3,10,4,9
unit,38661,10,3,11,4,9
unit,38662,10,3,11,4,9
unit,38663,11,3,12,4,9
unit,38664,9,3,10,4,9
unit,38665,10,3,11,4,9
unit,38666,10,3,11,4,9
unit,38667,11,3,12,4,9
unit,38668,10,3,11,4,9
unit,38669,11,3,12,4,9
unit,38670,11,3,12,4,9
unit,38671,12,3,13,4,9
unit,38672,9,3,9,3,11
unit,38673,10,3,10,3,13
unit,38674,11,4,11,4,11
unit,38675,12,4,12,4,13
unit,38676,11,4,11,4,11
unit,38677,12,4,12,4,13
unit,38678,12,4,12,4,11
unit,38679,13,4,13,4,13
unit,38680,11,4,11,4,11
unit,38681,12,4,12,4,13
unit,38682,12,4,12,4,11
unit,38683,13,4,13,4,13
unit,38684,12,4,12,4,11
unit,38685,13,4,13,4,13
unit,38686,13,4,13,4,11
unit,38687,14,4,14,4,13
unit,38688,9,3,10,4,9
unit,38689,11,4,12,5,9
unit,38690,11,4,12,5,9
unit,38691,12,4,13,5,9
unit,38692,11,4,12,5,9
unit,38693,12,4,13,5,9
unit,38694,12,4,13,5,9
unit,38695,13,4,14,5,9
unit,38696,11,4,12,5,9
unit,38697,12,4,13,5,9
unit,38698,12,4,13,5,9
unit,38699,13,4,14,5,9
unit,38700,12,4,13,5,9
unit,38701,13,4,14,5,9
unit,38702,13,4,14,5,9
unit,38703,14,4,15,5,9
unit,38704,10,3,11,4,11
unit,38705,12,4,12,4,13
unit,38706,12,4,13,5,11
unit,38707,13,4,14,5,13
unit,38708,12,4,13,5,11
unit,38709,13,4,14,5,13
unit,38710,13,4,14,5,11
unit,38711,14,4,15,5,13
unit,38712,12,4,13,5,11
unit,38713,13,4,14,5,13
unit,38714,13,4,14,5,11
unit,38715,14,4,15,5,13
unit,38716,13,4,14,5,11
unit,38717,14,4,15,5,13
unit,38718,14,4,15,5,11
unit,38719,15,4,16,5,13
unit,38720,9,3,10,4,9
unit,38721,11,4,12,5,9
unit,38722,11,4,12,5,9
unit,38723,12,4,13,5,9
unit,38724,11,4,12,5,9
unit,38725,12,4,13,5,9
unit,38726,12,4,13,5,9
unit,38727,13,4,14,5,9
unit,38728,11,4,12,5,9
unit,38729,12,4,13,5,9
unit,38730,12,4,13,5,9
unit,38731,13,4,14,5,9
unit,38732,12,4,13,5,9
unit,38733,13,4,14,5,9
unit,38734,13,4,14,5,9
unit,38735,14,4,15,5,9
unit,38736,10,3,11,4,11
unit,38737,12,4,12,4,13
unit,38738,12,4,13,5,11
unit,38739,13,4,14,5,13
unit,38740,12,4,13,5,11
unit,38741,13,4,14,5,13
unit,38742,13,4,14,5,11
unit,38743,14,4,15,5,13
unit,38744,12,4,13,5,11
unit,38745,13,4,14,5,13
unit,38746,13,4,14,5,11
unit,38747,14,4,15,5,13
unit,38748,13,4,14,5,11
unit,38749,14,4,15,5,13
unit,38750,14,4,15,5,11
unit,38751,15,4,16,5,13
unit,38752,10,3,11,4,9
unit,38753,12,4,13,5,9
unit,38754,12,4,13,5,9
unit,38755,13,4,14,5,9
unit,38756,12,4,13,5,9
unit,38757,13,4,14,5,9
unit,38758,13,4,14,5,9
unit,38759,14,4,15,5,9
unit,38760,12,4,13,5,9
unit,38761,13,4,14,5,9
unit,38762,13,4,14,5,9
unit,38763,14,4,15,5,9
unit,38764,13,4,14,5,9
unit,38765,14,4,15,5,9
unit,38766,14,4,15,5,9
unit,38767,15,4,16,5,9
unit,38768,11,3,12,4,11
unit,38769,13,4,13,4,13
unit,38770,13,4,14,5,11
unit,38771,14,4,15,5,13
unit,38772,13,4,14,5,11
unit,38773,14,4,15,5,13
unit,38774,14,4,15,5,11
unit,38775,15,4,16,5,13
unit,38776,13,4,14,5,11
unit,38777,14,4,15,5,13
unit,38778,14,4,15,5,11
unit,38779,15,4,16,5,13
unit,38780,14,4,15,5,11
unit,38781,15,4,16,5,13
unit,38782,15,4,16,5,11
unit,38783,16,4,17,5,13
unit,38784,9,3,10,4,9
unit,38785,11,4,12,5,9
unit,38786,11,4,12,5,9
unit,38787,12,4,13,5,9
unit,38788,11,4,12,5,9
unit,38789,12,4,13,5,9
unit,38790,12,4,13,5,9
unit,38791,13,4,14,5,9
unit,38792,11,4,12,5,9
unit,38793,12,4,13,5,9
unit,38794,12,4,13,5,9
unit,38795,13,4,14,5,9
unit,38796,12,4,13,5,9
unit,38797,13,4,14,5,9
unit,38798,13,4,14,5,9
unit,38799,14,4,15,5,9
unit,38800,10,3,11,4,11
unit,38801,12,4,12,4,13
unit,38802,12,4,13,5,11
unit,38803,13,4,14,5,13
unit,38804,12,4,13,5,11
unit,38805,13,4,14,5,13
unit,38806,13,4,14,5,11
unit,38807,14,4,15,5,13
unit,38808,12,4,13,5,11
unit,38809,13,4,14,5,13
unit,38810,13,4,14,5,11
unit,38811,14,4,15,5,13
unit,38812,13,4,14,5,11
unit,38813,14,4,15,5,13
unit,38814,14,4,15,5,11
unit,38815,15,4,16,5,13
unit,38816,10,3,11,4,9
unit,38817,12,4,13,5,9
unit,38818,12,4,13,5,9
unit,38819,13,4,14,5,9
unit,38820,12,4,13,5,9
unit,38821,13,4,14,5,9
unit,38822,13,4,14,5,9
unit,38823,14,4,15,5,9
unit,38824,12,4,13,5,9
unit,38825,13,4,14,5,9
unit,38826,13,4,14,5,9
unit,38827,14,4,15,5,9
unit,38828,13,4,14,5,9
unit,38829,14,4,15,5,9
unit,38830,14,4,15,5,9
unit,38831,15,4,16,5,9
unit,38832,11,3,12,4,11
unit,38833,13,4,13,4,13
unit,38834,13,4,14,5,11
unit,38835,14,4,15,5,13
unit,38836,13,4,14,5,11
unit,38837,14,4,15,5,13
unit,38838,14,4,15,5,11
unit,38839,15,4,16,5,13
unit,38840,13,4,14,5,11
unit,38841,14,4,15,5,13
unit,38842,14,4,15,5,11
unit,38843,15,4,16,5,13
unit,38844,14,4,15,5,11
unit,38845,15,4,16,5,13
unit,38846,15,4,16,5,11
unit,38847,16,4,17,5,13
unit,38848,10,3,11,4,9
unit,38849,12,4,13,5,9
unit,38850,12,4,13,5,9
unit,38851,13,4,14,5,9
unit,38852,12,4,13,5,9
unit,38853,13,4,14,5,9
unit,38854,13,4,14,5,9
unit,38855,14,4,15,5,9
unit,38856,12,4,13,5,9
unit,38857,13,4,14,5,9
unit,38858,13,4,14,5,9
unit,38859,14,4,15,5,9
unit,38860,13,4,14,5,9
unit,38861,14,4,15,5,9
unit,38862,14,4,15,5,9
unit,38863,15,4,16,5,9
unit,38864,11,3,12,4,11
unit,38865,13,4,13,4,13
unit,38866,13,4,14,5,11
unit,38867,14,4,15,5,13
unit,38868,13,4,14,5,11
unit,38869,14,4,15,5,13
unit,38870,14,4,15,5,11
unit,38871,15,4,16,5,13
unit,38872,13,4,14,5,11
unit,38873,14,4,15,5,13
unit,38874,14,4,15,5,11
unit,38875,15,4,16,5,13
unit,38876,14,4,15,5,11
unit,38877,15,4,16,5,13
unit,38878,15,4,16,5,11
unit,38879,16,4,17,5,13
unit,38880,11,3,12,4,9
unit,38881,13,4,14,5,9
unit,38882,13,4,14,5,9
unit,38883,14,4,15,5,9
unit,38884,13,4,14,5,9
unit,38885,14,4,15,5,9
unit,38886,14,4,15,5,9
unit,38887,15,4,16,5,9
unit,38888,13,4,14,5,9
unit,38889,14,4,15,5,9
unit,38890,14,4,15,5,9
unit,38891,15,4,16,5,9
unit,38892,14,4,15,5,9
unit,38893,15,4,16,5,9
unit,38894,15,4,16,5,9
unit,38895,16,4,17,5,9
unit,38896,12,3,13,4,11
unit,38897,14,4,14,4,13
unit,38898,14,4,15,5,11
unit,38899,15,4,16,5,13
unit,38900,14,4,15,5,11
unit,38901,15,4,16,5,13
unit,38902,15,4,16,5,11
unit,38903,16,4,17,5,13
unit,38904,14,4,15,5,11
unit,38905,15,4,16,5,13
unit,38906,15,4,16,5,11
unit,38907,16,4,17,5,13
unit,38908,15,4,16,5,11
unit,38909,16,4,17,5,13
unit,38910,16,4,17,5,11
unit,38911,17,4,18,5,13
unit,38912,5,2,5,2,9
unit,38913,7,3,7,3,9
unit,38914,7,3,7,3,9
unit,38915,8,3,8,3,9
unit,38916,7,3,7,3,9
unit,38917,8,3,8,3,9
unit,38918,8,3,8,3,9
unit,38919,9,3,9,3,9
unit,38920,7,3,7,3,9
unit,38921,8,3,8,3,9
unit,38922,8,3,8,3,9
unit,38923,9,3,9,3,9
unit,38924,8,3,8,3,9
unit,38925,9,3,9,3,9
unit,38926,9,3,9,3,9
unit,38927,10,3,10,3,9
unit,38928,7,3,7,3,9
unit,38929,9,4,9,4,9
unit,38930,9,4,9,4,9
unit,38931,10,4,10,4,9
unit,38932,9,4,9,4,9
unit,38933,10,4,10,4,9
unit,38934,10,4,10,4,9
unit,38935,11,4,11,4,9
unit,38936,9,4,9,4,9
unit,38937,10,4,10,4,9
unit,38938,10,4,10,4,9
unit,38939,11,4,11,4,9
unit,38940,10,4,10,4,9
unit,38941,11,4,11,4,9
unit,38942,11,4,11,4,9
unit,38943,12,4,12,4,9
unit,38944,7,3,7,3,9
unit,38945,9,4,9,4,9
unit,38946,9,4,9,4,9
unit,38947,10,4,10,4,9
unit,38948,9,4,9,4,9
unit,38949,10,4,10,4,9
unit,38950,10,4,10,4,9
unit,38951,11,4,11,4,9
unit,38952,9,4,9,4,9
unit,38953,10,4,10,4,9
unit,38954,10,4,10,4,9
unit,38955,11,4,11,4,9
unit,38956,10,4,10,4,9
unit,38957,11,4,11,4,9
unit,38958,11,4,11,4,9
unit,38959,12,4,12,4,9
unit,38960,8,3,8,3,9
unit,38961,10,4,10,4,9
unit,38962,10,4,10,4,9
unit,38963,11,4,11,4,9
unit,38964,10,4,10,4,9
unit,38965,11,4,11,4,9
unit,38966,11,4,11,4,9
unit,38967,12,4,12,4,9
unit,38968,10,4,10,4,9
unit,38969,11,4,11,4,9
unit,38970,11,4,11,4,9
unit,38971,12,4,12,4,9
unit,38972,11,4,11,4,9
unit,38973,12,4,12,4,9
unit,38974,12,4,12,4,9
unit,38975,13,4,13,4,9
unit,38976,7,3,7,3,9
unit,38977,9,4,9,4,9
unit,38978,9,4,9,4,9
unit,38979,10,4,10,4,9
unit,38980,9,4,9,4,9
unit,38981,10,4,10,4,9
unit,38982,10,4,10,4,9
unit,38983,11,4,11,4,9
unit,38984,9,4,9,4,9
unit,38985,10,4,10,4,9
unit,38986,10,4,10,4,9
unit,38987,11,4,11,4,9
unit,38988,10,4,10,4,9
unit,38989,11,4,11,4,9
unit,38990,11,4,11,4,9
unit,38991,12,4,12,4,9
unit,38992,8,3,8,3,9
unit,38993,10,4,10,4,9
unit,38994,10,4,10,4,9
unit,38995,11,4,11,4,9
unit,38996,10,4,10,4,9
unit,38997,11,4,11,4,9
unit,38998,11,4,11,4,9
unit,38999,12,4,12,4,9
unit,39000,10,4,10,4,9
unit,39001,11,4,11,4,9
unit,39002,11,4,11,4,9
unit,39003,12,4,12,4,9
unit,39004,11,4,11,4,9
unit,39005,12,4,12,4,9
unit,39006,12,4,12,4,9
unit,39007,13,4,13,4,9
unit,39008,8,3,8,3,9
unit,39009,10,4,10,4,9
unit,39010,10,4,10,4,9
unit,39011,11,4,11,4,9
unit,39012,10,4,10,4,9
unit,39013,11,4,11,4,9
unit,39014,11,4,11,4,9
unit,39015,12,4,12,4,9
unit,39016,10,4,10,4,9
unit,39017,11,4,11,4,9
unit,39018,11,4,11,4,9
unit,39019,12,4,12,4,9
unit,39020,11,4,11,4,9
unit,39021,12,4,12,4,9
unit,39022,12,4,12,4,9
unit,39023,13,4,13,4,9
unit,39024,9,3,9,3,9
unit,39025,11,4,11,4,9
unit,39026,11,4,11,4,9
unit,39027,12,4,12,4,9
unit,39028,11,4,11,4,9
unit,39029,12,4,12,4,9
unit,39030,12,4,12,4,9
unit,39031,13,4,13,4,9
unit,39032,11,4,11,4,9
unit,39033,12,4,12,4,9
unit,39034,12,4,12,4,9
unit,39035,13,4,13,4,9
unit,39036,12,4,12,4,9
unit,39037,13,4,13,4,9
unit,39038,13,4,13,4,9
unit,39039,14,4,14,4,9
unit,39040,6,2,6,2,11
unit,39041,8,3,8,3,11
unit,39042,8,3,8,3,11
unit,39043,9,3,9,3,11
unit,39044,8,3,8,3,11
unit,39045,9,3,9,3,11
unit,39046,9,3,9,3,11
unit,39047,10,3,10,3,11
unit,39048,7,2,7,2,13
unit,39049,9,3,9,3,13
unit,39050,9,3,9,3,13
unit,39051,10,3,10,3,13
unit,39052,9,3,9,3,13
unit,39053,10,3,10,3,13
unit,39054,10,3,10,3,13
unit,39055,11,3,11,3,13
unit,39056,8,3,8,3,11
unit,39057,10,4,10,4,11
unit,39058,10,4,10,4,11
unit,39059,11,4,11,4,11
unit,39060,10,4,10,4,11
unit,39061,11,4,11,4,11
unit,39062,11,4,11,4,11
unit,39063,12,4,12,4,11
unit,39064,9,3,9,3,13
unit,39065,11,4,11,4,13
unit,39066,11,4,11,4,13
unit,39067,12,4,12,4,13
unit,39068,11,4,11,4,13
unit,39069,12,4,12,4,13
unit,39070,12,4,12,4,13
unit,39071,13,4,13,4,13
unit,39072,8,3,8,3,11
unit,39073,10,4,10,4,11
unit,39074,10,4,10,4,11
unit,39075,11,4,11,4,11
unit,39076,10,4,10,4,11
unit,39077,11,4,11,4,11
unit,39078,11,4,11,4,11
unit,39079,12,4,12,4,11
unit,39080,9,3,9,3,13
unit,39081,11,4,11,4,13
unit,39082,11,4,11,4,13
unit,39083,12,4,12,4,13
unit,39084,11,4,11,4,13
unit,39085,12,4,12,4,13
unit,39086,12,4,12,4,13
unit,39087,13,4,13,4,13
unit,39088,9,3,9,3,11
unit,39089,11,4,11,4,11
unit,39090,11,4,11,4,11
unit,39091,12,4,12,4,11
unit,39092,11,4,11,4,11
unit,39093,12,4,12,4,11
unit,39094,12,4,12,4,11
unit,39095,13,4,13,4,11
unit,39096,10,3,10,3,13
unit,39097,12,4,12,4,13
unit,39098,12,4,12,4,13
unit,39099,13,4,13,4,13
unit,39100,12,4,12,4,13
unit,39101,13,4,13,4,13
unit,39102,13,4,13,4,13
unit,39103,14,4,14,4,13
unit,39104,8,3,8,3,11
unit,39105,10,4,10,4,11
unit,39106,10,4,10,4,11
unit,39107,11,4,11,4,11
unit,39108,10,4,10,4,11
unit,39109,11,4,11,4,11
unit,39110,11,4,11,4,11
unit,39111,12,4,12,4,11
unit,39112,9,3,9,3,13
unit,39113,11,4,11,4,13
unit,39114,11,4,11,4,13
unit,39115,12,4,12,4,13
unit,39116,11,4,11,4,13
unit,39117,12,4,12,4,13
unit,39118,12,4,12,4,13
unit,39119,13,4,13,4,13
unit,39120,9,3,9,3,11
unit,39121,11,4,11,4,11
unit,39122,11,4,11,4,11
unit,39123,12,4,12,4,11
unit,39124,11,4,11,4,11
unit,39125,12,4,12,4,11
unit,39126,12,4,12,4,11
unit,39127,13,4,13,4,11
unit,39128,10,3,10,3,13
unit,39129,12,4,12,4,13
unit,39130,12,4,12,4,13
unit,39131,13,4,13,4,13
unit,39132,12,4,12,4,13
unit,39133,13,4,13,4,13
unit,39134,13,4,13,4,13
unit,39135,14,4,14,4,13
unit,39136,9,3,9,3,11
unit,39137,11,4,11,4,11
unit,39138,11,4,11,4,11
unit,39139,12,4,12,4,11
unit,39140,11,4,11,4,11
unit,39141,12,4,12,4,11
unit,39142,12,4,12,4,11
unit,39143,13,4,13,4,11
unit,39144,10,3,10,3,13
unit,39145,12,4,12,4,13
unit,39146,12,4,12,4,13
unit,39147,13,4,13,4,13
unit,39148,12,4,12,4,13
unit,39149,13,4,13,4,13
unit,39150,13,4,13,4,13
unit,39151,14,4,14,4,13
unit,39152,10,3,10,3,11
unit,39153,12,4,12,4,11
unit,39154,12,4,12,4,11
unit,39155,13,4,13,4,11
unit,39156,12,4,12,4,11
unit,39157,13,4,13,4,11
unit,39158,13,4,13,4,11
unit,39159,14,4,14,4,11
unit,39160,11,3,11,3,13
unit,39161,13,4,13,4,13
unit,39162,13,4,13,4,13
unit,39163,14,4,14,4,13
unit,39164,13,4,13,4,13
unit,39165,14,4,14,4,13
unit,39166,14,4,14,4,13
unit,39167,15,4,15,4,13
unit,39168,4,1,4,1,9
unit,39169,6,2,6,2,9
unit,39170,6,2,6,2,9
unit,39171,7,2,7,2,9
unit,39172,6,2,6,2,9
unit,39173,7,2,7,2,9
unit,39174,7,2,7,2,9
unit,39175,8,2,8,2,9
unit,39176,6,2,6,2,9
unit,39177,7,2,7,2,9
unit,39178,7,2,7,2,9
unit,39179,8,2,8,2,9
unit,39180,7,2,7,2,9
unit,39181,8,2,8,2,9
unit,39182,8,2,8,2,9
unit,39183,9,2,9,2,9
unit,39184,6,2,7,2,13
unit,39185,8,2,8,2,15
unit,39186,8,3,9,3,13
unit,39187,9,3,10,3,15
unit,39188,8,3,9,3,13
unit,39189,9,3,10,3,15
unit,39190,9,3,10,3,13
unit,39191,10,3,11,3,15
unit,39192,8,3,9,3,13
unit,39193,9,3,10,3,15
unit,39194,9,3,10,3,13
unit,39195,10,3,11,3,15
unit,39196,9,3,10,3,13
unit,39197,10,3,11,3,15
unit,39198,10,3,11,3,13
unit,39199,11,3,12,3,15
unit,39200,6,2,6,2,9
unit,39201,8,3,8,3,9
unit,39202,8,3,8,3,9
unit,39203,9,3,9,3,9
unit,39204,8,3,8,3,9
unit,39205,9,3,9,3,9
unit,39206,9,3,9,3,9
unit,39207,10,3,10,3,9
unit,39208,8,3,8,3,9
unit,39209,9,3,9,3,9
unit,39210,9,3,9,3,9
unit,39211,10,3,10,3,9
unit,39212,9,3,9,3,9
unit,39213,10,3,10,3,9
unit,39214,10,3,10,3,9
unit,39215,11,3,11,3,9
unit,39216,7,2,9,3,13
unit,39217,9,3,10,3,15
unit,39218,9,3,11,4,13
unit,39219,10,3,12,4,15
unit,39220,9,3,11,4,13
unit,39221,10,3,12,4,15
unit,39222,10,3,12,4,13
unit,39223,11,3,13,4,15
unit,39224,9,3,11,4,13
unit,39225,10,3,12,4,15
unit,39226,10,3,12,4,13
unit,39227,11,3,13,4,15
unit,39228,10,3,12,4,13
unit,39229,11,3,13,4,15
unit,39230,11,3,13,4,13
unit,39231,12,3,14,4,15
unit,39232,6,2,6,2,9
unit,39233,8,3,8,3,9
unit,39234,8,3,8,3,9
unit,39235,9,3,9,3,9
unit,39236,8,3,8,3,9
unit,39237,9,3,9,3,9
unit,39238,9,3,9,3,9
unit,39239,10,3,10,3,9
unit,39240,8,3,8,3,9
unit,39241,9,3,9,3,9
unit,39242,9,3,9,3,9
unit,39243,10,3,10,3,9
unit,39244,9,3,9,3,9
unit,39245,10,3,10,3,9
unit,39246,10,3,10,3,9
unit,39247,11,3,11,3,9
unit,39248,7,2,9,3,13
unit,39249,9,3,10,3,15
unit,39250,9,3,11,4,13
unit,39251,10,3,12,4,15
unit,39252,9,3,11,4,13
unit,39253,10,3,12,4,15
unit,39254,10,3,12,4,13
unit,39255,11,3,13,4,15
unit,39256,9,3,11,4,13
unit,39257,10,3,12,4,15
unit,39258,10,3,12,4,13
unit,39259,11,3,13,4,15
unit,39260,10,3,12,4,13
unit,39261,11,3,13,4,15
unit,39262,11,3,13,4,13
unit,39263,12,3,14,4,15
unit,39264,7,2,7,2,9
unit,39265,9,3,9,3,9
unit,39266,9,3,9,3,9
unit,39267,10,3,10,3,9
unit,39268,9,3,9,3,9
unit,39269,10,3,10,3,9
unit,39270,10,3,10,3,9
unit,39271,11,3,11,3,9
unit,39272,9,3,9,3,9
unit,39273,10,3,10,3,9
unit,39274,10,3,10,3,9
unit,39275,11,3,11,3,9
unit,39276,10,3,10,3,9
unit,39277,11,3,11,3,9
unit,39278,11,3,11,3,9
unit,39279,12,3,12,3,9
unit,39280,8,2,10,3,13
unit,39281,10,3,11,3,15
unit,39282,10,3,12,4,13
unit,39283,11,3,13,4,15
unit,39284,10,3,12,4,13
unit,39285,11,3,13,4,15
unit,39286,11,3,13,4,13
unit,39287,12,3,14,4,15
unit,39288,10,3,12,4,13
unit,39289,11,3,13,4,15
unit,39290,11,3,13,4,13
unit,39291,12,3,14,4,15
unit,39292,11,3,13,4,13
unit,39293,12,3,14,4,15
unit,39294,12,3,14,4,13
unit,39295,13,3,15,4,15
unit,39296,6,2,7,2,13
unit,39297,8,3,9,3,13
unit,39298,8,3,9,3,13
unit,39299,9,3,10,3,13
unit,39300,8,3,9,3,13
unit,39301,9,3,10,3,13
unit,39302,9,3,10,3,13
unit,39303,10,3,11,3,13
unit,39304,8,2,8,2,15
unit,39305,9,3,10,3,15
unit,39306,9,3,10,3,15
unit,39307,10,3,11,3,15
unit,39308,9,3,10,3,15
unit,39309,10,3,11,3,15
unit,39310,10,3,11,3,15
unit,39311,11,3,12,3,15
unit,39312,5,1,5,1,11
unit,39313,7,2,9,2,17
unit,39314,7,2,7,2,11
unit,39315,8,2,11,3,17
unit,39316,7,2,7,2,11
unit,39317,8,2,11,3,17
unit,39318,8,2,8,2,11
unit,39319,9,2,12,3,17
unit,39320,7,2,9,2,17
unit,39321,6,1,6,1,13
unit,39322,8,2,11,3,17
unit,39323,8,2,8,2,13
unit,39324,8,2,11,3,17
unit,39325,8,2,8,2,13
unit,39326,9,2,12,3,17
unit,39327,9,2,9,2,13
unit,39328,7,2,9,3,13
unit,39329,9,3,11,4,13
unit,39330,9,3,11,4,13
unit,39331,10,3,12,4,13
unit,39332,9,3,11,4,13
unit,39333,10,3,12,4,13
unit,39334,10,3,12,4,13
unit,39335,11,3,13,4,13
unit,39336,9,3,10,3,15
unit,39337,10,3,12,4,15
unit,39338,10,3,12,4,15
unit,39339,11,3,13,4,15
unit,39340,10,3,12,4,15
unit,39341,11,3,13,4,15
unit,39342,11,3,13,4,15
unit,39343,12,3,14,4,15
unit,39344,7,2,7,2,11
unit,39345,9,3,11,3,17
unit,39346,9,3,9,3,11
unit,39347,10,3,13,4,17
unit,39348,9,3,9,3,11
unit,39349,10,3,13,4,17
unit,39350,10,3,10,3,11
unit,39351,11,3,14,4,17
unit,39352,9,3,11,3,17
unit,39353,8,2,8,2,13
unit,39354,10,3,13,4,17
unit,39355,10,3,10,3,13
unit,39356,10,3,13,4,17
unit,39357,10,3,10,3,13
unit,39358,11,3,14,4,17
unit,39359,11,3,11,3,13
unit,39360,7,2,9,3,13
unit,39361,9,3,11,4,13
unit,39362,9,3,11,4,13
unit,39363,10,3,12,4,13
unit,39364,9,3,11,4,13
unit,39365,10,3,12,4,13
unit,39366,10,3,12,4,13
unit,39367,11,3,13,4,13
unit,39368,9,3,10,3,15
unit,39369,10,3,12,4,15
unit,39370,10,3,12,4,15
unit,39371,11,3,13,4,15
unit,39372,10,3,12,4,15
unit,39373,11,3,13,4,15
unit,39374,11,3,13,4,15
unit,39375,12,3,14,4,15
unit,39376,7,2,7,2,11
unit,39377,9,3,11,3,17
unit,39378,9,3,9,3,11
unit,39379,10,3,13,4,17
unit,39380,9,3,9,3,11
unit,39381,10,3,13,4,17
unit,39382,10,3,10,3,11
unit,39383,11,3,14,4,17
unit,39384,9,3,11,3,17
unit,39385,8,2,8,2,13
unit,39386,10,3,13,4,17
unit,39387,10,3,10,3,13
unit,39388,10,3,13,4,17
unit,39389,10,3,10,3,13
unit,39390,11,3,14,4,17
unit,39391,11,3,11,3,13
unit,39392,8,2,10,3,13
unit,39393,10,3,12,4,13
unit,39394,10,3,12,4,13
unit,39395,11,3,13,4,13
unit,39396,10,3,12,4,13
unit,39397,11,3,13,4,13
unit,39398,11,3,13,4,13
unit,39399,12,3,14,4,13
unit,39400,10,3,11,3,15
unit,39401,11,3,13,4,15
unit,39402,11,3,13,4,15
unit,39403,12,3,14,4,15
unit,39404,11,3,13,4,15
unit,39405,12,3,14,4,15
unit,39406,12,3,14,4,15
unit,39407,13,3,15,4,15
unit,39408,8,2,8,2,11
unit,39409,10,3,12,3,17
unit,39410,10,3,10,3,11
unit,39411,11,3,14,4,17
unit,39412,10,3,10,3,11
unit,39413,11,3,14,4,17
unit,39414,11,3,11,3,11
unit,39415,12,3,15,4,17
unit,39416,10,3,12,3,17
unit,39417,9,2,9,2,13
unit,39418,11,3,14,4,17
unit,39419,11,3,11,3,13
unit,39420,11,3,14,4,17
unit,39421,11,3,11,3,13
unit,39422,12,3,15,4,17
unit,39423,12,3,12,3,13
unit,39424,6,2,7,3,9
unit,39425,8,3,9,4,9
unit,39426,8,3,9,4,9
unit,39427,9,3,10,4,9
unit,39428,8,3,9,4,9
unit,39429,9,3,10,4,9
unit,39430,9,3,10,4,9
unit,39431,10,3,11,4,9
unit,39432,8,3,9,4,9
unit,39433,9,3,10,4,9
unit,39434,9,3,10,4,9
unit,39435,10,3,11,4,9
unit,39436,9,3,10,4,9
unit,39437,10,3,11,4,9
unit,39438,10,3,11,4,9
unit,39439,11,3,12,4,9
unit,39440,8,3,9,4,9
unit,39441,10,4,11,5,9
unit,39442,10,4,11,5,9
unit,39443,11,4,12,5,9
unit,39444,10,4,11,5,9
unit,39445,11,4,12,5,9
unit,39446,11,4,12,5,9
unit,39447,12,4,13,5,9
unit,39448,10,4,11,5,9
unit,39449,11,4,12,5,9
unit,39450,11,4,12,5,9
unit,39451,12,4,13,5,9
unit,39452,11,4,12,5,9
unit,39453,12,4,13,5,9
unit,39454,12,4,13,5,9
unit,39455,13,4,14,5,9
unit,39456,8,3,9,4,9
unit,39457,10,4,11,5,9
unit,39458,10,4,11,5,9
unit,39459,11,4,12,5,9
unit,39460,10,4,11,5,9
unit,39461,11,4,12,5,9
unit,39462,11,4,12,5,9
unit,39463,12,4,13,5,9
unit,39464,10,4,11,5,9
unit,39465,11,4,12,5,9
unit,39466,11,4,12,5,9
unit,39467,12,4,13,5,9
unit,39468,11,4,12,5,9
unit,39469,12,4,13,5,9
unit,39470,12,4,13,5,9
unit,39471,13,4,14,5,9
unit,39472,9,3,10,4,9
unit,39473,11,4,12,5,9
unit,39474,11,4,12,5,9
unit,39475,12,4,13,5,9
unit,39476,11,4,12,5,9
unit,39477,12,4,13,5,9
unit,39478,12,4,13,5,9
unit,39479,13,4,14,5,9
unit,39480,11,4,12,5,9
unit,39481,12,4,13,5,9
unit,39482,12,4,13,5,9
unit,39483,13,4,14,5,9
unit,39484,12,4,13,5,9
unit,39485,13,4,14,5,9
unit,39486,13,4,14,5,9
unit,39487,14,4,15,5,9
unit,39488,8,3,9,4,9
unit,39489,10,4,11,5,9
unit,39490,10,4,11,5,9
unit,39491,11,4,12,5,9
unit,39492,10,4,11,5,9
unit,39493,11,4,12,5,9
unit,39494,11,4,12,5,9
unit,39495,12,4,13,5,9
unit,39496,10,4,11,5,9
unit,39497,11,4,12,5,9
unit,39498,11,4,12,5,9
unit,39499,12,4,13,5,9
unit,39500,11,4,12,5,9
unit,39501,12,4,13,5,9
unit,39502,12,4,13,5,9
unit,39503,13,4,14,5,9
unit,39504,9,3,10,4,9
unit,39505,11,4,12,5,9
unit,39506,11,4,12,5,9
unit,39507,12,4,13,5,9
unit,39508,11,4,12,5,9
unit,39509,12,4,13,5,9
unit,39510,12,4,13,5,9
unit,39511,13,4,14,5,9
unit,39512,11,4,12,5,9
unit,39513,12,4,13,5,9
unit,39514,12,4,13,5,9
unit,39515,13,4,14,5,9
unit,39516,12,4,13,5,9
unit,39517,13,4,14,5,9
unit,39518,13,4,14,5,9
unit,39519,14,4,15,5,9
unit,39520,9,3,10,4,9
unit,39521,11,4,12,5,9
unit,39522,11,4,12,5,9
unit,39523,12,4,13,5,9
unit,39524,11,4,12,5,9
unit,39525,12,4,13,5,9
unit,39526,12,4,13,5,9
unit,39527,13,4,14,5,9
unit,39528,11,4,12,5,9
unit,39529,12,4,13,5,9
unit,39530,12,4,13,5,9
unit,39531,13,4,14,5,9
unit,39532,12,4,13,5,9
unit,39533,13,4,14,5,9
unit,39534,13,4,14,5,9
unit,39535,14,4,15,5,9
unit,39536,10,3,11,4,9
unit,39537,12,4,13,5,9
unit,39538,12,4,13,5,9
unit,39539,13,4,14,5,9
unit,39540,12,4,13,5,9
unit,39541,13,4,14,5,9
unit,39542,13,4,14,5,9
unit,39543,14,4,15,5,9
unit,39544,12,4,13,5,9
unit,39545,13,4,14,5,9
unit,39546,13,4,14,5,9
unit,39547,14,4,15,5,9
unit,39548,13,4,14,5,9
unit,39549,14,4,15,5,9
unit,39550,14,4,15,5,9
unit,39551,15,4,16,5,9
unit,39552,8,3,8,3,11
unit,39553,10,4,10,4,11
unit,39554,10,4,10,4,11
unit,39555,11,4,11,4,11
unit,39556,10,4,10,4,11
unit,39557,11,4,11,4,11
unit,39558,11,4,11,4,11
unit,39559,12,4,12,4,11
unit,39560,9,3,9,3,13
unit,39561,11,4,11,4,13
unit,39562,11,4,11,4,13
unit,39563,12,4,12,4,13
unit,39564,11,4,11,4,13
unit,39565,12,4,12,4,13
unit,39566,12,4,12,4,13
unit,39567,13,4,13,4,13
unit,39568,9,3,10,4,11
unit,39569,11,4,12,5,11
unit,39570,11,4,12,5,11
unit,39571,12,4,13,5,11
unit,39572,11,4,12,5,11
unit,39573,12,4,13,5,11
unit,39574,12,4,13,5,11
unit,39575,13,4,14,5,11
unit,39576,11,4,11,4,13
unit,39577,12,4,13,5,13
unit,39578,12,4,13,5,13
unit,39579,13,4,14,5,13
unit,39580,12,4,13,5,13
unit,39581,13,4,14,5,13
unit,39582,13,4,14,5,13
unit,39583,14,4,15,5,13
unit,39584,9,3,10,4,11
unit,39585,11,4,12,5,11
unit,39586,11,4,12,5,11
unit,39587,12,4,13,5,11
unit,39588,11,4,12,5,11
unit,39589,12,4,13,5,11
unit,39590,12,4,13,5,11
unit,39591,13,4,14,5,11
unit,39592,11,4,11,4,13
unit,39593,12,4,13,5,13
unit,39594,12,4,13,5,13
unit,39595,13,4,14,5,13
unit,39596,12,4,13,5,13
unit,39597,13,4,14,5,13
unit,39598,13,4,14,5,13
unit,39599,14,4,15,5,13
unit,39600,10,3,11,4,11
unit,39601,12,4,13,5,11
unit,39602,12,4,13,5,11
unit,39603,13,4,14,5,11
unit,39604,12,4,13,5,11
unit,39605,13,4,14,5,11
unit,39606,13,4,14,5,11
unit,39607,14,4,15,5,11
unit,39608,12,4,12,4,13
unit,39609,13,4,14,5,13
unit,39610,13,4,14,5,13
unit,39611,14,4,15,5,13
unit,39612,13,4,14,5,13
unit,39613,14,4,15,5,13
unit,39614,14,4,15,5,13
unit,39615,15,4,16,5,13
unit,39616,9,3,10,4,11
unit,39617,11,4,12,5,11
unit,39618,11,4,12,5,11
unit,39619,12,4,13,5,11
unit,39620,11,4,12,5,11
unit,39621,12,4,13,5,11
unit,39622,12,4,13,5,11
unit,39623,13,4,14,5,11
unit,39624,11,4,11,4,13
unit,39625,12,4,13,5,13
unit,39626,12,4,13,5,13
unit,39627,13,4,14,5,13
unit,39628,12,4,13,5,13
unit,39629,13,4,14,5,13
unit,39630,13,4,14,5,13
unit,39631,14,4,15,5,13
unit,39632,10,3,11,4,11
unit,39633,12,4,13,5,11
unit,39634,12,4,13,5,11
unit,39635,13,4,14,5,11
unit,39636,12,4,13,5,11
unit,39637,13,4,14,5,11
unit,39638,13,4,14,5,11
unit,39639,14,4,15,5,11
unit,39640,12,4,12,4,13
unit,39641,13,4,14,5,13
unit,39642,13,4,14,5,13
unit,39643,14,4,15,5,13
unit,39644,13,4,14,5,13
unit,39645,14,4,15,5,13
unit,39646,14,4,15,5,13
unit,39647,15,4,16,5,13
unit,39648,10,3,11,4,11
unit,39649,12,4,13,5,11
unit,39650,12,4,13,5,11
unit,39651,13,4,14,5,11
unit,39652,12,4,13,5,11
unit,39653,13,4,14,5,11
unit,39654,13,4,14,5,11
unit,39655,14,4,15,5,11
unit,39656,12,4,12,4,13
unit,39657,13,4,14,5,13
unit,39658,13,4,14,5,13
unit,39659,14,4,15,5,13
unit,39660,13,4,14,5,13
unit,39661,14,4,15,5,13
unit,39662,14,4,15,5,13
unit,39663,15,4,16,5,13
unit,39664,11,3,12,4,11
unit,39665,13,4,14,5,11
unit,39666,13,4,14,5,11
unit,39667,14,4,15,5,11
unit,39668,13,4,14,5,11
unit,39669,14,4,15,5,11
unit,39670,14,4,15,5,11
unit,39671,15,4,16,5,11
unit,39672,13,4,13,4,13
unit,39673,14,4,15,5,13
unit,39674,14,4,15,5,13
unit,39675,15,4,16,5,13
unit,39676,14,4,15,5,13
unit,39677,15,4,16,5,13
unit,39678,15,4,16,5,13
unit,39679,16,4,17,5,13
unit,39680,6,2,6,2,9
unit,39681,8,3,8,3,9
unit,39682,8,3,8,3,9
unit,39683,9,3,9,3,9
unit,39684,8,3,8,3,9
unit,39685,9,3,9,3,9
unit,39686,9,3,9,3,9
unit,39687,10,3,10,3,9
unit,39688,8,3,8,3,9
unit,39689,9,3,9,3,9
unit,39690,9,3,9,3,9
unit,39691,10,3,10,3,9
unit,39692,9,3,9,3,9
unit,39693,10,3,10,3,9
unit,39694,10,3,10,3,9
unit,39695,11,3,11,3,9
unit,39696,8,3,9,3,13
unit,39697,10,3,10,3,15
unit,39698,10,4,11,4,13
unit,39699,11,4,12,4,15
unit,39700,10,4,11,4,13
unit,39701,11,4,12,4,15
unit,39702,11,4,12,4,13
unit,39703,12,4,13,4,15
unit,39704,10,4,11,4,13
unit,39705,11,4,12,4,15
unit,39706,11,4,12,4,13
unit,39707,12,4,13,4,15
unit,39708,11,4,12,4,13
unit,39709,12,4,13,4,15
unit,39710,12,4,13,4,13
unit,39711,13,4,14,4,15
unit,39712,8,3,8,3,9
unit,39713,10,4,10,4,9
unit,39714,10,4,10,4,9
unit,39715,11,4,11,4,9
unit,39716,10,4,10,4,9
unit,39717,11,4,11,4,9
unit,39718,11,4,11,4,9
unit,39719,12,4,12,4,9
unit,39720,10,4,10,4,9
unit,39721,11,4,11,4,9
unit,39722,11,4,11,4,9
unit,39723,12,4,12,4,9
unit,39724,11,4,11,4,9
unit,39725,12,4,12,4,9
unit,39726,12,4,12,4,9
unit,39727,13,4,13,4,9
unit,39728,9,3,11,4,13
unit,39729,11,4,12,4,15
unit,39730,11,4,13,5,13
unit,39731,12,4,14,5,15
unit,39732,11,4,13,5,13
unit,39733,12,4,14,5,15
unit,39734,12,4,14,5,13
unit,39735,13,4,15,5,15
unit,39736,11,4,13,5,13
unit,39737,12,4,14,5,15
unit,39738,12,4,14,5,13
unit,39739,13,4,15,5,15
unit,39740,12,4,14,5,13
unit,39741,13,4,15,5,15
unit,39742,13,4,15,5,13
unit,39743,14,4,16,5,15
unit,39744,8,3,8,3,9
unit,39745,10,4,10,4,9
unit,39746,10,4,10,4,9
unit,39747,11,4,11,4,9
unit,39748,10,4,10,4,9
unit,39749,11,4,11,4,9
unit,39750,11,4,11,4,9
unit,39751,12,4,12,4,9
unit,39752,10,4,10,4,9
unit,39753,11,4,11,4,9
unit,39754,11,4,11,4,9
unit,39755,12,4,12,4,9
unit,39756,11,4,11,4,9
unit,39757,12,4,12,4,9
unit,39758,12,4,12,4,9
unit,39759,13,4,13,4,9
unit,39760,9,3,11,4,13
unit,39761,11,4,12,4,15
unit,39762,11,4,13,5,13
unit,39763,12,4,14,5,15
unit,39764,11,4,13,5,13
unit,39765,12,4,14,5,15
unit,39766,12,4,14,5,13
unit,39767,13,4,15,5,15
unit,39768,11,4,13,5,13
unit,39769,12,4,14,5,15
unit,39770,12,4,14,5,13
unit,39771,13,4,15,5,15
unit,39772,12,4,14,5,13
unit,39773,13,4,15,5,15
unit,39774,13,4,15,5,13
unit,39775,14,4,16,5,15
unit,39776,9,3,9,3,9
unit,39777,11,4,11,4,9
unit,39778,11,4,11,4,9
unit,39779,12,4,12,4,9
unit,39780,11,4,11,4,9
unit,39781,12,4,12,4,9
unit,39782,12,4,12,4,9
unit,39783,13,4,13,4,9
unit,39784,11,4,11,4,9
unit,39785,12,4,12,4,9
unit,39786,12,4,12,4,9
unit,39787,13,4,13,4,9
unit,39788,12,4,12,4,9
unit,39789,13,4,13,4,9
unit,39790,13,4,13,4,9
unit,39791,14,4,14,4,9
unit,39792,10,3,12,4,13
unit,39793,12,4,13,4,15
unit,39794,12,4,14,5,13
unit,39795,13,4,15,5,15
unit,39796,12,4,14,5,13
unit,39797,13,4,15,5,15
unit,39798,13,4,15,5,13
unit,39799,14,4,16,5,15
unit,39800,12,4,14,5,13
unit,39801,13,4,15,5,15
unit,39802,13,4,15,5,13
unit,39803,14,4,16,5,15
unit,39804,13,4,15,5,13
unit,39805,14,4,16,5,15
unit,39806,14,4,16,5,13
unit,39807,15,4,17,5,15
unit,39808,8,3,9,3,13
unit,39809,10,4,11,4,13
unit,39810,10,4,11,4,13
unit,39811,11,4,12,4,13
unit,39812,10,4,11,4,13
unit,39813,11,4,12,4,13
unit,39814,11,4,12,4,13
unit,39815,12,4,13,4,13
unit,39816,10,3,10,3,15
unit,39817,11,4,12,4,15
unit,39818,11,4,12,4,15
unit,39819,12,4,13,4,15
unit,39820,11,4,12,4,15
unit,39821,12,4,13,4,15
unit,39822,12,4,13,4,15
unit,39823,13,4,14,4,15
unit,39824,7,2,7,2,11
unit,39825,9,3,11,3,17
unit,39826,9,3,9,3,11
unit,39827,10,3,13,4,17
unit,39828,9,3,9,3,11
unit,39829,10,3,13,4,17
unit,39830,10,3,10,3,11
unit,39831,11,3,14,4,17
unit,39832,9,3,11,3,17
unit,39833,8,2,8,2,13
unit,39834,10,3,13,4,17
unit,39835,10,3,10,3,13
unit,39836,10,3,13,4,17
unit,39837,10,3,10,3,13
unit,39838,11,3,14,4,17
unit,39839,11,3,11,3,13
unit,39840,9,3,11,4,13
unit,39841,11,4,13,5,13
unit,39842,11,4,13,5,13
unit,39843,12,4,14,5,13
unit,39844,11,4,13,5,13
unit,39845,12,4,14,5,13
unit,39846,12,4,14,5,13
unit,39847,13,4,15,5,13
unit,39848,11,4,12,4,15
unit,39849,12,4,14,5,15
unit,39850,12,4,14,5,15
unit,39851,13,4,15,5,15
unit,39852,12,4,14,5,15
unit,39853,13,4,15,5,15
unit,39854,13,4,15,5,15
unit,39855,14,4,16,5,15
unit,39856,9,3,9,3,11
unit,39857,11,4,13,4,17
unit,39858,11,4,11,4,11
unit,39859,12,4,15,5,17
unit,39860,11,4,11,4,11
unit,39861,12,4,15,5,17
unit,39862,12,4,12,4,11
unit,39863,13,4,16,5,17
unit,39864,11,4,13,4,17
unit,39865,10,3,10,3,13
unit,39866,12,4,15,5,17
unit,39867,12,4,12,4,13
unit,39868,12,4,15,5,17
unit,39869,12,4,12,4,13
unit,39870,13,4,16,5,17
unit,39871,13,4,13,4,13
unit,39872,9,3,11,4,13
unit,39873,11,4,13,5,13
unit,39874,11,4,13,5,13
unit,39875,12,4,14,5,13
unit,39876,11,4,13,5,13
unit,39877,12,4,14,5,13
unit,39878,12,4,14,5,13
unit,39879,13,4,15,5,13
unit,39880,11,4,12,4,15
unit,39881,12,4,14,5,15
unit,39882,12,4,14,5,15
unit,39883,13,4,15,5,15
unit,39884,12,4,14,5,15
unit,39885,13,4,15,5,15
unit,39886,13,4,15,5,15
unit,39887,14,4,16,5,15
unit,39888,9,3,9,3,11
unit,39889,11,4,13,4,17
unit,39890,11,4,11,4,11
unit,39891,12,4,15,5,17
unit,39892,11,4,11,4,11
unit,39893,12,4,15,5,17
unit,39894,12,4,12,4,11
unit,39895,13,4,16,5,17
unit,39896,11,4,13,4,17
unit,39897,10,3,10,3,13
unit,39898,12,4,15,5,17
unit,39899,12,4,12,4,13
unit,39900,12,4,15,5,17
unit,39901,12,4,12,4,13
unit,39902,13,4,16,5,17
unit,39903,13,4,13,4,13
unit,39904,10,3,12,4,13
unit,39905,12,4,14,5,13
unit,39906,12,4,14,5,13
unit,39907,13,4,15,5,13
unit,39908,12,4,14,5,13
unit,39909,13,4,15,5,13
unit,39910,13,4,15,5,13
unit,39911,14,4,16,5,13
unit,39912,12,4,13,4,15
unit,39913,13,4,15,5,15
unit,39914,13,4,15,5,15
unit,39915,14,4,16,5,15
unit,39916,13,4,15,5,15
unit,39917,14,4,16,5,15
unit,39918,14,4,16,5,15
unit,39919,15,4,17,5,15
unit,39920,10,3,10,3,11
unit,39921,12,4,14,4,17
unit,39922,12,4,12,4,11
unit,39923,13,4,16,5,17
unit,39924,12,4,12,4,11
unit,39925,13,4,16,5,17
unit,39926,13,4,13,4,11
unit,39927,14,4,17,5,17
unit,39928,12,4,14,4,17
unit,39929,11,3,11,3,13
unit,39930,13,4,16,5,17
unit,39931,13,4,13,4,13
unit,39932,13,4,16,5,17
unit,39933,13,4,13,4,13
unit,39934,14,4,17,5,17
unit,39935,14,4,14,4,13
unit,39936,6,2,7,3,9
unit,39937,8,3,9,4,9
unit,39938,8,3,9,4,9
unit,39939,9,3,10,4,9
unit,39940,8,3,9,4,9
unit,39941,9,3,10,4,9
unit,39942,9,3,10,4,9
unit,39943,10,3,11,4,9
unit,39944,8,3,9,4,9
unit,39945,9,3,10,4,9
unit,39946,9,3,10,4,9
unit,39947,10,3,11,4,9
unit,39948,9,3,10,4,9
unit,39949,10,3,11,4,9
unit,39950,10,3,11,4,9
unit,39951,11,3,12,4,9
unit,39952,8,3,9,4,9
unit,39953,10,4,11,5,9
unit,39954,10,4,11,5,9
unit,39955,11,4,12,5,9
unit,39956,10,4,11,5,9
unit,39957,11,4,12,5,9
unit,39958,11,4,12,5,9
unit,39959,12,4,13,5,9
unit,39960,10,4,11,5,9
unit,39961,11,4,12,5,9
unit,39962,11,4,12,5,9
unit,39963,12,4,13,5,9
unit,39964,11,4,12,5,9
unit,39965,12,4,13,5,9
unit,39966,12,4,13,5,9
unit,39967,13,4,14,5,9
unit,39968,8,3,9,4,9
unit,39969,10,4,11,5,9
unit,39970,10,4,11,5,9
unit,39971,11,4,12,5,9
unit,39972,10,4,11,5,9
unit,39973,11,4,12,5,9
unit,39974,11,4,12,5,9
unit,39975,12,4,13,5,9
unit,39976,10,4,11,5,9
unit,39977,11,4,12,5,9
unit,39978,11,4,12,5,9
unit,39979,12,4,13,5,9
unit,39980,11,4,12,5,9
unit,39981,12,4,13,5,9
unit,39982,12,4,13,5,9
unit,39983,13,4,14,5,9
unit,39984,9,3,10,4,9
unit,39985,11,4,12,5,9
unit,39986,11,4,12,5,9
unit,39987,12,4,13,5,9
unit,39988,11,4,12,5,9
unit,39989,12,4,13,5,9
unit,39990,12,4,13,5,9
unit,39991,13,4,14,5,9
unit,39992,11,4,12,5,9
unit,39993,12,4,13,5,9
unit,39994,12,4,13,5,9
unit,39995,13,4,14,5,9
unit,39996,12,4,13,5,9
unit,39997,13,4,14,5,9
unit,39998,13,4,14,5,9
unit,39999,14,4,15,5,9
unit,40000,8,3,9,4,9
unit,40001,10,4,11,5,9
unit,40002,10,4,11,5,9
unit,40003,11,4,12,5,9
unit,40004,10,4,11,5,9
unit,40005,11,4,12,5,9
unit,40006,11,4,12,5,9
unit,40007,12,4,13,5,9
unit,40008,10,4,11,5,9
unit,40009,11,4,12,5,9
unit,40010,11,4,12,5,9
unit,40011,12,4,13,5,9
unit,40012,11,4,12,5,9
unit,40013,12,4,13,5,9
unit,40014,12,4,13,5,9
unit,40015,13,4,14,5,9
unit,40016,9,3,10,4,9
unit,40017,11,4,12,5,9
unit,40018,11,4,12,5,9
unit,40019,12,4,13,5,9
unit,40020,11,4,12,5,9
unit,40021,12,4,13,5,9
unit,40022,12,4,13,5,9
unit,40023,13,4,14,5,9
unit,40024,11,4,12,5,9
unit,40025,12,4,13,5,9
unit,40026,12,4,13,5,9
unit,40027,13,4,14,5,9
unit,40028,12,4,13,5,9
unit,40029,13,4,14,5,9
unit,40030,13,4,14,5,9
unit,40031,14,4,15,5,9
unit,40032,9,3,10,4,9
unit,40033,11,4,12,5,9
unit,40034,11,4,12,5,9
unit,40035,12,4,13,5,9
unit,40036,11,4,12,5,9
unit,40037,12,4,13,5,9
unit,40038,12,4,13,5,9
unit,40039,13,4,14,5,9
unit,40040,11,4,12,5,9
unit,40041,12,4,13,5,9
unit,40042,12,4,13,5,9
unit,40043,13,4,14,5,9
unit,40044,12,4,13,5,9
unit,40045,13,4,14,5,9
unit,40046,13,4,14,5,9
unit,40047,14,4,15,5,9
unit,40048,10,3,11,4,9
unit,40049,12,4,13,5,9
unit,40050,12,4,13,5,9
unit,40051,13,4,14,5,9
unit,40052,12,4,13,5,9
unit,40053,13,4,14,5,9
unit,40054,13,4,14,5,9
unit,40055,14,4,15,5,9
unit,40056,12,4,13,5,9
unit,40057,13,4,14,5,9
unit,40058,13,4,14,5,9
unit,40059,14,4,15,5,9
unit,40060,13,4,14,5,9
unit,40061,14,4,15,5,9
unit,40062,14,4,15,5,9
unit,40063,15,4,16,5,9
unit,40064,8,3,8,3,11
unit,40065,10,4,10,4,11
unit,40066,10,4,10,4,11
unit,40067,11,4,11,4,11
unit,40068,10,4,10,4,11
unit,40069,11,4,11,4,11
unit,40070,11,4,11,4,11
unit,40071,12,4,12,4,11
unit,40072,9,3,9,3,13
unit,40073,11,4,11,4,13
unit,40074,11,4,11,4,13
unit,40075,12,4,12,4,13
unit,40076,11,4,11,4,13
unit,40077,12,4,12,4,13
unit,40078,12,4,12,4,13
unit,40079,13,4,13,4,13
unit,40080,9,3,10,4,11
unit,40081,11,4,12,5,11
unit,40082,11,4,12,5,11
unit,40083,12,4,13,5,11
unit,40084,11,4,12,5,11
unit,40085,12,4,13,5,11
unit,40086,12,4,13,5,11
unit,40087,13,4,14,5,11
unit,40088,11,4,11,4,13
unit,40089,12,4,13,5,13
unit,40090,12,4,13,5,13
unit,40091,13,4,14,5,13
unit,40092,12,4,13,5,13
unit,40093,13,4,14,5,13
unit,40094,13,4,14,5,13
unit,40095,14,4,15,5,13
unit,40096,9,3,10,4,11
unit,40097,11,4,12,5,11
unit,40098,11,4,12,5,11
unit,40099,12,4,13,5,11
unit,40100,11,4,12,5,11
unit,40101,12,4,13,5,11
unit,40102,12,4,13,5,11
unit,40103,13,4,14,5,11
unit,40104,11,4,11,4,13
unit,40105,12,4,13,5,13
unit,40106,12,4,13,5,13
unit,40107,13,4,14,5,13
unit,40108,12,4,13,5,13
unit,40109,13,4,14,5,13
unit,40110,13,4,14,5,13
unit,40111,14,4,15,5,13
unit,40112,10,3,11,4,11
unit,40113,12,4,13,5,11
unit,40114,12,4,13,5,11
unit,40115,13,4,14,5,11
unit,40116,12,4,13,5,11
unit,40117,13,4,14,5,11
unit,40118,13,4,14,5,11
unit,40119,14,4,15,5,11
unit,40120,12,4,12,4,13
unit,40121,13,4,14,5,13
unit,40122,13,4,14,5,13
unit,40123,14,4,15,5,13
unit,40124,13,4,14,5,13
unit,40125,14,4,15,5,13
unit,40126,14,4,15,5,13
unit,40127,15,4,16,5,13
unit,40128,9,3,10,4,11
unit,40129,11,4,12,5,11
unit,40130,11,4,12,5,11
unit,40131,12,4,13,5,11
unit,40132,11,4,12,5,11
unit,40133,12,4,13,5,11
unit,40134,12,4,13,5,11
unit,40135,13,4,14,5,11
unit,40136,11,4,11,4,13
unit,40137,12,4,13,5,13
unit,40138,12,4,13,5,13
unit,40139,13,4,14,5,13
unit,40140,12,4,13,5,13
unit,40141,13,4,14,5,13
unit,40142,13,4,14,5,13
unit,40143,14,4,15,5,13
unit,40144,10,3,11,4,11
unit,40145,12,4,13,5,11
unit,40146,12,4,13,5,11
unit,40147,13,4,14,5,11
unit,40148,12,4,13,5,11
unit,40149,13,4,14,5,11
unit,40150,13,4,14,5,11
unit,40151,14,4,15,5,11
unit,40152,12,4,12,4,13
unit,40153,13,4,14,5,13
unit,40154,13,4,14,5,13
unit,40155,14,4,15,5,13
unit,40156,13,4,14,5,13
unit,40157,14,4,15,5,13
unit,40158,14,4,15,5,13
unit,40159,15,4,16,5,13
unit,40160,10,3,11,4,11
unit,40161,12,4,13,5,11
unit,40162,12,4,13,5,11
unit,40163,13,4,14,5,11
unit,40164,12,4,13,5,11
unit,40165,13,4,14,5,11
unit,40166,13,4,14,5,11
unit,40167,14,4,15,5,11
unit,40168,12,4,12,4,13
unit,40169,13,4,14,5,13
unit,40170,13,4,14,5,13
unit,40171,14,4,15,5,13
unit,40172,13,4,14,5,13
unit,40173,14,4,15,5,13
unit,40174,14,4,15,5,13
unit,40175,15,4,16,5,13
unit,40176,11,3,12,4,11
unit,40177,13,4,14,5,11
unit,40178,13,4,14,5,11
unit,40179,14,4,15,5,11
unit,40180,13,4,14,5,11
unit,40181,14,4,15,5,11
unit,40182,14,4,15,5,11
unit,40183,15,4,16,5,11
unit,40184,13,4,13,4,13
unit,40185,14,4,15,5,13
unit,40186,14,4,15,5,13
unit,40187,15,4,16,5,13
unit,40188,14,4,15,5,13
unit,40189,15,4,16,5,13
unit,40190,15,4,16,5,13
unit,40191,16,4,17,5,13
unit,40192,6,2,6,2,9
unit,40193,8,3,8,3,9
unit,40194,8,3,8,3,9
unit,40195,9,3,9,3,9
unit,40196,8,3,8,3,9
unit,40197,9,3,9,3,9
unit,40198,9,3,9,3,9
unit,40199,10,3,10,3,9
unit,40200,8,3,8,3,9
unit,40201,9,3,9,3,9
unit,40202,9,3,9,3,9
unit,40203,10,3,10,3,9
unit,40204,9,3,9,3,9
unit,40205,10,3,10,3,9
unit,40206,10,3,10,3,9
unit,40207,11,3,11,3,9
unit,40208,8,3,9,3,13
unit,40209,10,3,10,3,15
unit,40210,10,4,11,4,13
unit,40211,11,4,12,4,15
unit,40212,10,4,11,4,13
unit,40213,11,4,12,4,15
unit,40214,11,4,12,4,13
unit,40215,12,4,13,4,15
unit,40216,10,4,11,4,13
unit,40217,11,4,12,4,15
unit,40218,11,4,12,4,13
unit,40219,12,4,13,4,15
unit,40220,11,4,12,4,13
unit,40221,12,4,13,4,15
unit,40222,12,4,13,4,13
unit,40223,13,4,14,4,15
unit,40224,8,3,8,3,9
unit,40225,10,4,10,4,9
unit,40226,10,4,10,4,9
unit,40227,11,4,11,4,9
unit,40228,10,4,10,4,9
unit,40229,11,4,11,4,9
unit,40230,11,4,11,4,9
unit,40231,12,4,12,4,9
unit,40232,10,4,10,4,9
unit,40233,11,4,11,4,9
unit,40234,11,4,11,4,9
unit,40235,12,4,12,4,9
unit,40236,11,4,11,4,9
unit,40237,12,4,12,4,9
unit,40238,12,4,12,4,9
unit,40239,13,4,13,4,9
unit,40240,9,3,11,4,13
unit,40241,11,4,12,4,15
unit,40242,11,4,13,5,13
unit,40243,12,4,14,5,15
unit,40244,11,4,13,5,13
unit,40245,12,4,14,5,15
unit,40246,12,4,14,5,13
unit,40247,13,4,15,5,15
unit,40248,11,4,13,5,13
unit,40249,12,4,14,5,15
unit,40250,12,4,14,5,13
unit,40251,13,4,15,5,15
unit,40252,12,4,14,5,13
unit,40253,13,4,15,5,15
unit,40254,13,4,15,5,13
unit,40255,14,4,16,5,15
unit,40256,8,3,8,3,9
unit,40257,10,4,10,4,9
unit,40258,10,4,10,4,9
unit,40259,11,4,11,4,9
unit,40260,10,4,10,4,9
unit,40261,11,4,11,4,9
unit,40262,11,4,11,4,9
unit,40263,12,4,12,4,9
unit,40264,10,4,10,4,9
unit,40265,11,4,11,4,9
unit,40266,11,4,11,4,9
unit,40267,12,4,12,4,9
unit,40268,11,4,11,4,9
unit,40269,12,4,12,4,9
unit,40270,12,4,12,4,9
unit,40271,13,4,13,4,9
unit,40272,9,3,11,4,13
unit,40273,11,4,12,4,15
unit,40274,11,4,13,5,13
unit,40275,12,4,14,5,15
unit,40276,11,4,13,5,13
unit,40277,12,4,14,5,15
unit,40278,12,4,14,5,13
unit,40279,13,4,15,5,15
unit,40280,11,4,13,5,13
unit,40281,12,4,14,5,15
unit,40282,12,4,14,5,13
unit,40283,13,4,15,5,15
unit,40284,12,4,14,5,13
unit,40285,13,4,15,5,15
unit,40286,13,4,15,5,13
unit,40287,14,4,16,5,15
unit,40288,9,3,9,3,9
unit,40289,11,4,11,4,9
unit,40290,11,4,11,4,9
unit,40291,12,4,12,4,9
unit,40292,11,4,11,4,9
unit,40293,12,4,12,4,9
unit,40294,12,4,12,4,9
unit,40295,13,4,13,4,9
unit,40296,11,4,11,4,9
unit,40297,12,4,12,4,9
unit,40298,12,4,12,4,9
unit,40299,13,4,13,4,9
unit,40300,12,4,12,4,9
unit,40301,13,4,13,4,9
unit,40302,13,4,13,4,9
unit,40303,14,4,14,4,9
unit,40304,10,3,12,4,13
unit,40305,12,4,13,4,15
unit,40306,12,4,14,5,13
unit,40307,13,4,15,5,15
unit,40308,12,4,14,5,13
unit,40309,13,4,15,5,15
unit,40310,13,4,15,5,13
unit,40311,14,4,16,5,15
unit,40312,12,4,14,5,13
unit,40313,13,4,15,5,15
unit,40314,13,4,15,5,13
unit,40315,14,4,16,5,15
unit,40316,13,4,15,5,13
unit,40317,14,4,16,5,15
unit,40318,14,4,16,5,13
unit,40319,15,4,17,5,15
unit,40320,8,3,9,3,13
unit,40321,10,4,11,4,13
unit,40322,10,4,11,4,13
unit,40323,11,4,12,4,13
unit,40324,10,4,11,4,13
unit,40325,11,4,12,4,13
unit,40326,11,4,12,4,13
unit,40327,12,4,13,4,13
unit,40328,10,3,10,3,15
unit,40329,11,4,12,4,15
unit,40330,11,4,12,4,15
unit,40331,12,4,13,4,15
unit,40332,11,4,12,4,15
unit,40333,12,4,13,4,15
unit,40334,12,4,13,4,15
unit,40335,13,4,14,4,15
unit,40336,7,2,7,2,11
unit,40337,9,3,11,3,17
unit,40338,9,3,9,3,11
unit,40339,10,3,13,4,17
unit,40340,9,3,9,3,11
unit,40341,10,3,13,4,17
unit,40342,10,3,10,3,11
unit,40343,11,3,14,4,17
unit,40344,9,3,11,3,17
unit,40345,8,2,8,2,13
unit,40346,10,3,13,4,17
unit,40347,10,3,10,3,13
unit,40348,10,3,13,4,17
unit,40349,10,3,10,3,13
unit,40350,11,3,14,4,17
unit,40351,11,3,11,3,13
unit,40352,9,3,11,4,13
unit,40353,11,4,13,5,13
unit,40354,11,4,13,5,13
unit,40355,12,4,14,5,13
unit,40356,11,4,13,5,13
unit,40357,12,4,14,5,13
unit,40358,12,4,14,5,13
unit,40359,13,4,15,5,13
unit,40360,11,4,12,4,15
unit,40361,12,4,14,5,15
unit,40362,12,4,14,5,15
unit,40363,13,4,15,5,15
unit,40364,12,4,14,5,15
unit,40365,13,4,15,5,15
unit,40366,13,4,15,5,15
unit,40367,14,4,16,5,15
unit,40368,9,3,9,3,11
unit,40369,11,4,13,4,17
unit,40370,11,4,11,4,11
unit,40371,12,4,15,5,17
unit,40372,11,4,11,4,11
unit,40373,12,4,15,5,17
unit,40374,12,4,12,4,11
unit,40375,13,4,16,5,17
unit,40376,11,4,13,4,17
unit,40377,10,3,10,3,13
unit,40378,12,4,15,5,17
unit,40379,12,4,12,4,13
unit,40380,12,4,15,5,17
unit,40381,12,4,12,4,13
unit,40382,13,4,16,5,17
unit,40383,13,4,13,4,13
unit,40384,9,3,11,4,13
unit,40385,11,4,13,5,13
unit,40386,11,4,13,5,13
unit,40387,12,4,14,5,13
unit,40388,11,4,13,5,13
unit,40389,12,4,14,5,13
unit,40390,12,4,14,5,13
unit,40391,13,4,15,5,13
unit,40392,11,4,12,4,15
unit,40393,12,4,14,5,15
unit,40394,12,4,14,5,15
unit,40395,13,4,15,5,15
unit,40396,12,4,14,5,15
unit,40397,13,4,15,5,15
unit,40398,13,4,15,5,15
unit,40399,14,4,16,5,15
unit,40400,9,3,9,3,11
unit,40401,11,4,13,4,17
unit,40402,11,4,11,4,11
unit,40403,12,4,15,5,17
unit,40404,11,4,11,4,11
unit,40405,12,4,15,5,17
unit,40406,12,4,12,4,11
unit,40407,13,4,16,5,17
unit,40408,11,4,13,4,17
unit,40409,10,3,10,3,13
unit,40410,12,4,15,5,17
unit,40411,12,4,12,4,13
unit,40412,12,4,15,5,17
unit,40413,12,4,12,4,13
unit,40414,13,4,16,5,17
unit,40415,13,4,13,4,13
unit,40416,10,3,12,4,13
unit,40417,12,4,14,5,13
unit,40418,12,4,14,5,13
unit,40419,13,4,15,5,13
unit,40420,12,4,14,5,13
unit,40421,13,4,15,5,13
unit,40422,13,4,15,5,13
unit,40423,14,4,16,5,13
unit,40424,12,4,13,4,15
unit,40425,13,4,15,5,15
unit,40426,13,4,15,5,15
unit,40427,14,4,16,5,15
unit,40428,13,4,15,5,15
unit,40429,14,4,16,5,15
unit,40430,14,4,16,5,15
unit,40431,15,4,17,5,15
unit,40432,10,3,10,3,11
unit,40433,12,4,14,4,17
unit,40434,12,4,12,4,11
unit,40435,13,4,16,5,17
unit,40436,12,4,12,4,11
unit,40437,13,4,16,5,17
unit,40438,13,4,13,4,11
unit,40439,14,4,17,5,17
unit,40440,12,4,14,4,17
unit,40441,11,3,11,3,13
unit,40442,13,4,16,5,17
unit,40443,13,4,13,4,13
unit,40444,13,4,16,5,17
unit,40445,13,4,13,4,13
unit,40446,14,4,17,5,17
unit,40447,14,4,14,4,13
unit,40448,7,2,8,3,9
unit,40449,9,3,10,4,9
unit,40450,9,3,10,4,9
unit,40451,10,3,11,4,9
unit,40452,9,3,10,4,9
unit,40453,10,3,11,4,9
unit,40454,10,3,11,4,9
unit,40455,11,3,12,4,9
unit,40456,9,3,10,4,9
unit,40457,10,3,11,4,9
unit,40458,10,3,11,4,9
unit,40459,11,3,12,4,9
unit,40460,10,3,11,4,9
unit,40461,11,3,12,4,9
unit,40462,11,3,12,4,9
unit,40463,12,3,13,4,9
unit,40464,9,3,10,4,9
unit,40465,11,4,12,5,9
unit,40466,11,4,12,5,9
unit,40467,12,4,13,5,9
unit,40468,11,4,12,5,9
unit,40469,12,4,13,5,9
unit,40470,12,4,13,5,9
unit,40471,13,4,14,5,9
unit,40472,11,4,12,5,9
unit,40473,12,4,13,5,9
unit,40474,12,4,13,5,9
unit,40475,13,4,14,5,9
unit,40476,12,4,13,5,9
unit,40477,13,4,14,5,9
unit,40478,13,4,14,5,9
unit,40479,14,4,15,5,9
unit,40480,9,3,10,4,9
unit,40481,11,4,12,5,9
unit,40482,11,4,12,5,9
unit,40483,12,4,13,5,9
unit,40484,11,4,12,5,9
unit,40485,12,4,13,5,9
unit,40486,12,4,13,5,9
unit,40487,13,4,14,5,9
unit,40488,11,4,12,5,9
unit,40489,12,4,13,5,9
unit,40490,12,4,13,5,9
unit,40491,13,4,14,5,9
unit,40492,12,4,13,5,9
unit,40493,13,4,14,5,9
unit,40494,13,4,14,5,9
unit,40495,14,4,15,5,9
unit,40496,10,3,11,4,9
unit,40497,12,4,13,5,9
unit,40498,12,4,13,5,9
unit,40499,13,4,14,5,9
unit,40500,12,4,13,5,9
unit,40501,13,4,14,5,9
unit,40502,13,4,14,5,9
unit,40503,14,4,15,5,9
unit,40504,12,4,13,5,9
unit,40505,13,4,14,5,9
unit,40506,13,4,14,5,9
unit,40507,14,4,15,5,9
unit,40508,13,4,14,5,9
unit,40509,14,4,15,5,9
unit,40510,14,4,15,5,9
unit,40511,15,4,16,5,9
unit,40512,9,3,10,4,9
unit,40513,11,4,12,5,9
unit,40514,11,4,12,5,9
unit,40515,12,4,13,5,9
unit,40516,11,4,12,5,9
unit,40517,12,4,13,5,9
unit,40518,12,4,13,5,9
unit,40519,13,4,14,5,9
unit,40520,11,4,12,5,9
unit,40521,12,4,13,5,9
unit,40522,12,4,13,5,9
unit,40523,13,4,14,5,9
unit,40524,12,4,13,5,9
unit,40525,13,4,14,5,9
unit,40526,13,4,14,5,9
unit,40527,14,4,15,5,9
unit,40528,10,3,11,4,9
unit,40529,12,4,13,5,9
unit,40530,12,4,13,5,9
unit,40531,13,4,14,5,9
unit,40532,12,4,13,5,9
unit,40533,13,4,14,5,9
unit,40534,13,4,14,5,9
unit,40535,14,4,15,5,9
unit,40536,12,4,13,5,9
unit,40537,13,4,14,5,9
unit,40538,13,4,14,5,9
unit,40539,14,4,15,5,9
unit,40540,13,4,14,5,9
unit,40541,14,4,15,5,9
unit,40542,14,4,15,5,9
unit,40543,15,4,16,5,9
unit,40544,10,3,11,4,9
unit,40545,12,4,13,5,9
unit,40546,12,4,13,5,9
unit,40547,13,4,14,5,9
unit,40548,12,4,13,5,9
unit,40549,13,4,14,5,9
unit,40550,13,4,14,5,9
unit,40551,14,4,15,5,9
unit,40552,12,4,13,5,9
unit,40553,13,4,14,5,9
unit,40554,13,4,14,5,9
unit,40555,14,4,15,5,9
unit,40556,13,4,14,5,9
unit,40557,14,4,15,5,9
unit,40558,14,4,15,5,9
unit,40559,15,4,16,5,9
unit,40560,11,3,12,4,9
unit,40561,13,4,14,5,9
unit,40562,13,4,14,5,9
unit,40563,14,4,15,5,9
unit,40564,13,4,14,5,9
unit,40565,14,4,15,5,9
unit,40566,14,4,15,5,9
unit,40567,15,4,16,5,9
unit,40568,13,4,14,5,9
unit,40569,14,4,15,5,9
unit,40570,14,4,15,5,9
unit,40571,15,4,16,5,9
unit,40572,14,4,15,5,9
unit,40573,15,4,16,5,9
unit,40574,15,4,16,5,9
unit,40575,16,4,17,5,9
unit,40576,9,3,9,3,11
unit,40577,11,4,11,4,11
unit,40578,11,4,11,4,11
unit,40579,12,4,12,4,11
unit,40580,11,4,11,4,11
unit,40581,12,4,12,4,11
unit,40582,12,4,12,4,11
unit,40583,13,4,13,4,11
unit,40584,10,3,10,3,13
unit,40585,12,4,12,4,13
unit,40586,12,4,12,4,13
unit,40587,13,4,13,4,13
unit,40588,12,4,12,4,13
unit,40589,13,4,13,4,13
unit,40590,13,4,13,4,13
unit,40591,14,4,14,4,13
unit,40592,10,3,11,4,11
unit,40593,12,4,13,5,11
unit,40594,12,4,13,5,11
unit,40595,13,4,14,5,11
unit,40596,12,4,13,5,11
unit,40597,13,4,14,5,11
unit,40598,13,4,14,5,11
unit,40599,14,4,15,5,11
unit,40600,12,4,12,4,13
unit,40601,13,4,14,5,13
unit,40602,13,4,14,5,13
unit,40603,14,4,15,5,13
unit,40604,13,4,14,5,13
unit,40605,14,4,15,5,13
unit,40606,14,4,15,5,13
unit,40607,15,4,16,5,13
unit,40608,10,3,11,4,11
unit,40609,12,4,13,5,11
unit,40610,12,4,13,5,11
unit,40611,13,4,14,5,11
unit,40612,12,4,13,5,11
unit,40613,13,4,14,5,11
unit,40614,13,4,14,5,11
unit,40615,14,4,15,5,11
unit,40616,12,4,12,4,13
unit,40617,13,4,14,5,13
unit,40618,13,4,14,5,13
unit,40619,14,4,15,5,13
unit,40620,13,4,14,5,13
unit,40621,14,4,15,5,13
unit,40622,14,4,15,5,13
unit,40623,15,4,16,5,13
unit,40624,11,3,12,4,11
unit,40625,13,4,14,5,11
unit,40626,13,4,14,5,11
unit,40627,14,4,15,5,11
unit,40628,13,4,14,5,11
unit,40629,14,4,15,5,11
unit,40630,14,4,15,5,11
unit,40631,15,4,16,5,11
unit,40632,13,4,13,4,13
unit,40633,14,4,15,5,13
unit,40634,14,4,15,5,13
unit,40635,15,4,16,5,13
unit,40636,14,4,15,5,13
unit,40637,15,4,16,5,13
unit,40638,15,4,16,5,13
unit,40639,16,4,17,5,13
unit,40640,10,3,11,4,11
unit,40641,12,4,13,5,11
unit,40642,12,4,13,5,11
unit,40643,13,4,14,5,11
unit,40644,12,4,13,5,11
unit,40645,13,4,14,5,11
unit,40646,13,4,14,5,11
unit,40647,14,4,15,5,11
unit,40648,12,4,12,4,13
unit,40649,13,4,14,5,13
unit,40650,13,4,14,5,13
unit,40651,14,4,15,5,13
unit,40652,13,4,14,5,13
unit,40653,14,4,15,5,13
unit,40654,14,4,15,5,13
unit,40655,15,4,16,5,13
unit,40656,11,3,12,4,11
unit,40657,13,4,14,5,11
unit,40658,13,4,14,5,11
unit,40659,14,4,15,5,11
unit,40660,13,4,14,5,11
unit,40661,14,4,15,5,11
unit,40662,14,4,15,5,11
unit,40663,15,4,16,5,11
unit,40664,13,4,13,4,13
unit,40665,14,4,15,5,13
unit,40666,14,4,15,5,13
unit,40667,15,4,16,5,13
unit,40668,14,4,15,5,13
unit,40669,15,4,16,5,13
unit,40670,15,4,16,5,13
unit,40671,16,4,17,5,13
unit,40672,11,3,12,4,11
unit,40673,13,4,14,5,11
unit,40674,13,4,14,5,11
unit,40675,14,4,15,5,11
unit,40676,13,4,14,5,11
unit,40677,14,4,15,5,11
unit,40678,14,4,15,5,11
unit,40679,15,4,16,5,11
unit,40680,13,4,13,4,13
unit,40681,14,4,15,5,13
unit,40682,14,4,15,5,13
unit,40683,15,4,16,5,13
unit,40684,14,4,15,5,13
unit,40685,15,4,16,5,13
unit,40686,15,4,16,5,13
unit,40687,16,4,17,5,13
unit,40688,12,3,13,4,11
unit,40689,14,4,15,5,11
unit,40690,14,4,15,5,11
unit,40691,15,4,16,5,11
unit,40692,14,4,15,5,11
unit,40693,15,4,16,5,11
unit,40694,15,4,16,5,11
unit,40695,16,4,17,5,11
unit,40696,14,4,14,4,13
unit,40697,15,4,16,5,13
unit,40698,15,4,16,5,13
unit,40699,16,4,17,5,13
unit,40700,15,4,16,5,13
unit,40701,16,4,17,5,13
unit,40702,16,4,17,5,13
unit,40703,17,4,18,5,13
unit,40704,7,2,7,2,9
unit,40705,9,3,9,3,9
unit,40706,9,3,9,3,9
unit,40707,10,3,10,3,9
unit,40708,9,3,9,3,9
unit,40709,10,3,10,3,9
unit,40710,10,3,10,3,9
unit,40711,11,3,11,3,9
unit,40712,9,3,9,3,9
unit,40713,10,3,10,3,9
unit,40714,10,3,10,3,9
unit,40715,11,3,11,3,9
unit,40716,10,3,10,3,9
unit,40717,11,3,11,3,9
unit,40718,11,3,11,3,9
unit,40719,12,3,12,3,9
unit,40720,9,3,10,3,13
unit,40721,11,3,11,3,15
unit,40722,11,4,12,4,13
unit,40723,12,4,13,4,15
unit,40724,11,4,12,4,13
unit,40725,12,4,13,4,15
unit,40726,12,4,13,4,13
unit,40727,13,4,14,4,15
unit,40728,11,4,12,4,13
unit,40729,12,4,13,4,15
unit,40730,12,4,13,4,13
unit,40731,13,4,14,4,15
unit,40732,12,4,13,4,13
unit,40733,13,4,14,4,15
unit,40734,13,4,14,4,13
unit,40735,14,4,15,4,15
unit,40736,9,3,9,3,9
unit,40737,11,4,11,4,9
unit,40738,11,4,11,4,9
unit,40739,12,4,12,4,9
unit,40740,11,4,11,4,9
unit,40741,12,4,12,4,9
unit,40742,12,4,12,4,9
unit,40743,13,4,13,4,9
unit,40744,11,4,11,4,9
unit,40745,12,4,12,4,9
unit,40746,12,4,12,4,9
unit,40747,13,4,13,4,9
unit,40748,12,4,12,4,9
unit,40749,13,4,13,4,9
unit,40750,13,4,13,4,9
unit,40751,14,4,14,4,9
unit,40752,10,3,12,4,13
unit,40753,12,4,13,4,15
unit,40754,12,4,14,5,13
unit,40755,13,4,15,5,15
unit,40756,12,4,14,5,13
unit,40757,13,4,15,5,15
unit,40758,13,4,15,5,13
unit,40759,14,4,16,5,15
unit,40760,12,4,14,5,13
unit,40761,13,4,15,5,15
unit,40762,13,4,15,5,13
unit,40763,14,4,16,5,15
unit,40764,13,4,15,5,13
unit,40765,14,4,16,5,15
unit,40766,14,4,16,5,13
unit,40767,15,4,17,5,15
unit,40768,9,3,9,3,9
unit,40769,11,4,11,4,9
unit,40770,11,4,11,4,9
unit,40771,12,4,12,4,9
unit,40772,11,4,11,4,9
unit,40773,12,4,12,4,9
unit,40774,12,4,12,4,9
unit,40775,13,4,13,4,9
unit,40776,11,4,11,4,9
unit,40777,12,4,12,4,9
unit,40778,12,4,12,4,9
unit,40779,13,4,13,4,9
unit,40780,12,4,12,4,9
unit,40781,13,4,13,4,9
unit,40782,13,4,13,4,9
unit,40783,14,4,14,4,9
unit,40784,10,3,12,4,13
unit,40785,12,4,13,4,15
unit,40786,12,4,14,5,13
unit,40787,13,4,15,5,15
unit,40788,12,4,14,5,13
unit,40789,13,4,15,5,15
unit,40790,13,4,15,5,13
unit,40791,14,4,16,5,15
unit,40792,12,4,14,5,13
unit,40793,13,4,15,5,15
unit,40794,13,4,15,5,13
unit,40795,14,4,16,5,15
unit,40796,13,4,15,5,13
unit,40797,14,4,16,5,15
unit,40798,14,4,16,5,13
unit,40799,15,4,17,5,15
unit,40800,10,3,10,3,9
unit,40801,12,4,12,4,9
unit,40802,12,4,12,4,9
unit,40803,13,4,13,4,9
unit,40804,12,4,12,4,9
unit,40805,13,4,13,4,9
unit,40806,13,4,13,4,9
unit,40807,14,4,14,4,9
unit,40808,12,4,12,4,9
unit,40809,13,4,13,4,9
unit,40810,13,4,13,4,9
unit,40811,14,4,14,4,9
unit,40812,13,4,13,4,9
unit,40813,14,4,14,4,9
unit,40814,14,4,14,4,9
unit,40815,15,4,15,4,9
unit,40816,11,3,13,4,13
unit,40817,13,4,14,4,15
unit,40818,13,4,15,5,13
unit,40819,14,4,16,5,15
unit,40820,13,4,15,5,13
unit,40821,14,4,16,5,15
unit,40822,14,4,16,5,13
unit,40823,15,4,17,5,15
unit,40824,13,4,15,5,13
unit,40825,14,4,16,5,15
unit,40826,14,4,16,5,13
unit,40827,15,4,17,5,15
unit,40828,14,4,16,5,13
unit,40829,15,4,17,5,15
unit,40830,15,4,17,5,13
unit,40831,16,4,18,5,15
unit,40832,9,3,10,3,13
unit,40833,11,4,12,4,13
unit,40834,11,4,12,4,13
unit,40835,12,4,13,4,13
unit,40836,11,4,12,4,13
unit,40837,12,4,13,4,13
unit,40838,12,4,13,4,13
unit,40839,13,4,14,4,13
unit,40840,11,3,11,3,15
unit,40841,12,4,13,4,15
unit,40842,12,4,13,4,15
unit,40843,13,4,14,4,15
unit,40844,12,4,13,4,15
unit,40845,13,4,14,4,15
unit,40846,13,4,14,4,15
unit,40847,14,4,15,4,15
unit,40848,8,2,8,2,11
unit,40849,10,3,12,3,17
unit,40850,10,3,10,3,11
unit,40851,11,3,14,4,17
unit,40852,10,3,10,3,11
unit,40853,11,3,14,4,17
unit,40854,11,3,11,3,11
unit,40855,12,3,15,4,17
unit,40856,10,3,12,3,17
unit,40857,9,2,9,2,13
unit,40858,11,3,14,4,17
unit,40859,11,3,11,3,13
unit,40860,11,3,14,4,17
unit,40861,11,3,11,3,13
unit,40862,12,3,15,4,17
unit,40863,12,3,12,3,13
unit,40864,10,3,12,4,13
unit,40865,12,4,14,5,13
unit,40866,12,4,14,5,13
unit,40867,13,4,15,5,13
unit,40868,12,4,14,5,13
unit,40869,13,4,15,5,13
unit,40870,13,4,15,5,13
unit,40871,14,4,16,5,13
unit,40872,12,4,13,4,15
unit,40873,13,4,15,5,15
unit,40874,13,4,15,5,15
unit,40875,14,4,16,5,15
unit,40876,13,4,15,5,15
unit,40877,14,4,16,5,15
unit,40878,14,4,16,5,15
unit,40879,15,4,17,5,15
unit,40880,10,3,10,3,11
unit,40881,12,4,14,4,17
unit,40882,12,4,12,4,11
unit,40883,13,4,16,5,17
unit,40884,12,4,12,4,11
unit,40885,13,4,16,5,17
unit,40886,13,4,13,4,11
unit,40887,14,4,17,5,17
unit,40888,12,4,14,4,17
unit,40889,11,3,11,3,13
unit,40890,13,4,16,5,17
unit,40891,13,4,13,4,13
unit,40892,13,4,16,5,17
unit,40893,13,4,13,4,13
unit,40894,14,4,17,5,17
unit,40895,14,4,14,4,13
unit,40896,10,3,12,4,13
unit,40897,12,4,14,5,13
unit,40898,12,4,14,5,13
unit,40899,13,4,15,5,13
unit,40900,12,4,14,5,13
unit,40901,13,4,15,5,13
unit,40902,13,4,15,5,13
unit,40903,14,4,16,5,13
unit,40904,12,4,13,4,15
unit,40905,13,4,15,5,15
unit,40906,13,4,15,5,15
unit,40907,14,4,16,5,15
unit,40908,13,4,15,5,15
unit,40909,14,4,16,5,15
unit,40910,14,4,16,5,15
unit,40911,15,4,17,5,15
unit,40912,10,3,10,3,11
unit,40913,12,4,14,4,17
unit,40914,12,4,12,4,11
unit,40915,13,4,16,5,17
unit,40916,12,4,12,4,11
unit,40917,13,4,16,5,17
unit,40918,13,4,13,4,11
unit,40919,14,4,17,5,17
unit,40920,12,4,14,4,17
unit,40921,11,3,11,3,13
unit,40922,13,4,16,5,17
unit,40923,13,4,13,4,13
unit,40924,13,4,16,5,17
unit,40925,13,4,13,4,13
unit,40926,14,4,17,5,17
unit,40927,14,4,14,4,13
unit,40928,11,3,13,4,13
unit,40929,13,4,15,5,13
unit,40930,13,4,15,5,13
unit,40931,14,4,16,5,13
unit,40932,13,4,15,5,13
unit,40933,14,4,16,5,13
unit,40934,14,4,16,5,13
unit,40935,15,4,17,5,13
unit,40936,13,4,14,4,15
unit,40937,14,4,16,5,15
unit,40938,14,4,16,5,15
unit,40939,15,4,17,5,15
unit,40940,14,4,16,5,15
unit,40941,15,4,17,5,15
unit,40942,15,4,17,5,15
unit,40943,16,4,18,5,15
unit,40944,11,3,11,3,11
unit,40945,13,4,15,4,17
unit,40946,13,4,13,4,11
unit,40947,14,4,17,5,17
unit,40948,13,4,13,4,11
unit,40949,14,4,17,5,17
unit,40950,14,4,14,4,11
unit,40951,15,4,18,5,17
unit,40952,13,4,15,4,17
unit,40953,12,3,12,3,13
unit,40954,14,4,17,5,17
unit,40955,14,4,14,4,13
unit,40956,14,4,17,5,17
unit,40957,14,4,14,4,13
unit,40958,15,4,18,5,17
unit,40959,15,4,15,4,13
skew,32768,34,1,34,1,7
skew,32769,44,2,44,2,7
skew,32770,49,2,49,2,7
skew,32771,50,2,50,2,7
skew,32772,54,2,54,2,7
skew,32773,55,2,55,2,7
skew,32774,60,2,60,2,7
skew,32775,61,2,61,2,7
skew,32776,59,2,59,2,7
skew,32777,60,2,60,2,7
skew,32778,65,2,65,2,7
skew,32779,66,2,66,2,7
skew,32780,70,2,70,2,7
skew,32781,71,2,71,2,7
skew,32782,76,2,76,2,7
skew,32783,77,2,77,2,7
skew,32784,47,2,47,2,7
skew,32785,57,3,57,3,7
skew,32786,62,3,62,3,7
skew,32787,63,3,63,3,7
skew,32788,67,3,67,3,7
skew,32789,68,3,68,3,7
skew,32790,73,3,73,3,7
skew,32791,74,3,74,3,7
skew,32792,72,3,72,3,7
skew,32793,73,3,73,3,7
skew,32794,78,3,78,3,7
skew,32795,79,3,79,3,7
skew,32796,83,3,83,3,7
skew,32797,84,3,84,3,7
skew,32798,89,3,89,3,7
skew,32799,90,3,90,3,7
skew,32800,52,2,52,2,7
skew,32801,62,3,62,3,7
skew,32802,67,3,67,3,7
skew,32803,68,3,68,3,7
skew,32804,72,3,72,3,7
skew,32805,73,3,73,3,7
skew,32806,78,3,78,3,7
skew,32807,79,3,79,3,7
skew,32808,77,3,77,3,7
skew,32809,78,3,78,3,7
skew,32810,83,3,83,3,7
skew,32811,84,3,84,3,7
skew,32812,88,3,88,3,7
skew,32813,89,3,89,3,7
skew,32814,94,3,94,3,7
skew,32815,95,3,95,3,7
skew,32816,53,2,53,2,7
skew,32817,63,3,63,3,7
skew,32818,68,3,68,3,7
skew,32819,69,3,69,3,7
skew,32820,73,3,73,3,7
skew,32821,74,3,74,3,7
skew,32822,79,3,79,3,7
skew,32823,80,3,80,3,7
skew,32824,78,3,78,3,7
skew,32825,79,3,79,3,7
skew,32826,84,3,84,3,7
skew,32827,85,3,85,3,7
skew,32828,89,3,89,3,7
skew,32829,90,3,90,3,7
skew,32830,95,3,95,3,7
skew,32831,96,3,96,3,7
skew,32832,57,2,57,2,7
skew,32833,67,3,67,3,7
skew,32834,72,3,72,3,7
skew,32835,73,3,73,3,7
skew,32836,77,3,77,3,7
skew,32837,78,3,78,3,7
skew,32838,83,3,83,3,7
skew,32839,84,3,84,3,7
skew,32840,82,3,82,3,7
skew,32841,83,3,83,3,7
skew,32842,88,3,88,3,7
skew,32843,89,3,89,3,7
skew,32844,93,3,93,3,7
skew,32845,94,3,94,3,7
skew,32846,99,3,99,3,7
skew,32847,100,3,100,3,7
skew,32848,58,2,58,2,7
skew,32849,68,3,68,3,7
skew,32850,73,3,73,3,7
skew,32851,74,3,74,3,7
skew,32852,78,3,78,3,7
skew,32853,79,3,79,3,7
skew,32854,84,3,84,3,7
skew,32855,85,3,85,3,7
skew,32856,83,3,83,3,7
skew,32857,84,3,84,3,7
skew,32858,89,3,89,3,7
skew,32859,90,3,90,3,7
skew,32860,94,3,94,3,7
skew,32861,95,3,95,3,7
skew,32862,100,3,100,3,7
skew,32863,101,3,101,3,7
skew,32864,63,2,63,2,7
skew,32865,73,3,73,3,7
skew,32866,78,3,78,3,7
skew,32867,79,3,79,3,7
skew,32868,83,3,83,3,7
skew,32869,84,3,84,3,7
skew,32870,89,3,89,3,7
skew,32871,90,3,90,3,7
skew,32872,88,3,88,3,7
skew,32873,89,3,89,3,7
skew,32874,94,3,94,3,7
skew,32875,95,3,95,3,7
skew,32876,99,3,99,3,7
skew,32877,100,3,100,3,7
skew,32878,105,3,105,3,7
skew,32879,106,3,106,3,7
skew,32880,64,2,64,2,7
skew,32881,74,3,74,3,7
skew,32882,79,3,79,3,7
skew,32883,80,3,80,3,7
skew,32884,84,3,84,3,7
skew,32885,85,3,85,3,7
skew,32886,90,3,90,3,7
skew,32887,91,3,91,3,7
skew,32888,89,3,89,3,7
skew,32889,90,3,90,3,7
skew,32890,95,3,95,3,7
skew,32891,96,3,96,3,7
skew,32892,100,3,100,3,7
skew,32893,101,3,101,3,7
skew,32894,106,3,106,3,7
skew,32895,107,3,107,3,7
skew,32896,62,2,62,2,7
skew,32897,72,3,72,3,7
skew,32898,77,3,77,3,7
skew,32899,78,3,78,3,7
skew,32900,82,3,82,3,7
skew,32901,83,3,83,3,7
skew,32902,88,3,88,3,7
skew,32903,89,3,89,3,7
skew,32904,87,3,87,3,7
skew,32905,88,3,88,3,7
skew,32906,93,3,93,3,7
skew,32907,94,3,94,3,7
skew,32908,98,3,98,3,7
skew,32909,99,3,99,3,7
skew,32910,104,3,104,3,7
skew,32911,105,3,105,3,7
skew,32912,63,2,63,2,7
skew,32913,73,3,73,3,7
skew,32914,78,3,78,3,7
skew,32915,79,3,79,3,7
skew,32916,83,3,83,3,7
skew,32917,84,3,84,3,7
skew,32918,89,3,89,3,7
skew,32919,90,3,90,3,7
skew,32920,88,3,88,3,7
skew,32921,89,3,89,3,7
skew,32922,94,3,94,3,7
skew,32923,95,3,95,3,7
skew,32924,99,3,99,3,7
skew,32925,100,3,100,3,7
skew,32926,105,3,105,3,7
skew,32927,106,3,106,3,7
skew,32928,68,2,68,2,7
skew,32929,78,3,78,3,7
skew,32930,83,3,83,3,7
skew,32931,84,3,84,3,7
skew,32932,88,3,88,3,7
skew,32933,89,3,89,3,7
skew,32934,94,3,94,3,7
skew,32935,95,3,95,3,7
skew,32936,93,3,93,3,7
skew,32937,94,3,94,3,7
skew,32938,99,3,99,3,7
skew,32939,100,3,100,3,7
skew,32940,104,3,104,3,7
skew,32941,105,3,105,3,7
skew,32942,110,3,110,3,7
skew,32943,111,3,111,3,7
skew,32944,69,2,69,2,7
skew,32945,79,3,79,3,7
skew,32946,84,3,84,3,7
skew,32947,85,3,85,3,7
skew,32948,89,3,89,3,7
skew,32949,90,3,90,3,7
skew,32950,95,3,95,3,7
skew,32951,96,3,96,3,7
skew,32952,94,3,94,3,7
skew,32953,95,3,95,3,7
skew,32954,100,3,100,3,7
skew,32955,101,3,101,3,7
skew,32956,105,3,105,3,7
skew,32957,106,3,106,3,7
skew,32958,111,3,111,3,7
skew,32959,112,3,112,3,7
skew,32960,73,2,73,2,7
skew,32961,83,3,83,3,7
skew,32962,88,3,88,3,7
skew,32963,89,3,89,3,7
skew,32964,93,3,93,3,7
skew,32965,94,3,94,3,7
skew,32966,99,3,99,3,7
skew,32967,100,3,100,3,7
skew,32968,98,3,98,3,7
skew,32969,99,3,99,3,7
skew,32970,104,3,104,3,7
skew,32971,105,3,105,3,7
skew,32972,109,3,109,3,7
skew,32973,110,3,110,3,7
skew,32974,115,3,115,3,7
skew,32975,116,3,116,3,7
skew,32976,74,2,74,2,7
skew,32977,84,3,84,3,7
skew,32978,89,3,89,3,7
skew,32979,90,3,90,3,7
skew,32980,94,3,94,3,7
skew,32981,95,3,95,3,7
skew,32982,100,3,100,3,7
skew,32983,101,3,101,3,7
skew,32984,99,3,99,3,7
skew,32985,100,3,100,3,7
skew,32986,105,3,105,3,7
skew,32987,106,3,106,3,7
skew,32988,110,3,110,3,7
skew,32989,111,3,111,3,7
skew,32990,116,3,116,3,7
skew,32991,117,3,117,3,7
skew,32992,79,2,79,2,7
skew,32993,89,3,89,3,7
skew,32994,94,3,94,3,7
skew,32995,95,3,95,3,7
skew,32996,99,3,99,3,7
skew,32997,100,3,100,3,7
skew,32998,105,3,105,3,7
skew,32999,106,3,106,3,7
skew,33000,104,3,104,3,7
skew,33001,105,3,105,3,7
skew,33002,110,3,110,3,7
skew,33003,111,3,111,3,7
skew,33004,115,3,115,3,7
skew,33005,116,3,116,3,7
skew,33006,121,3,121,3,7
skew,33007,122,3,122,3,7
skew,33008,80,2,80,2,7
skew,33009,90,3,90,3,7
skew,33010,95,3,95,3,7
skew,33011,96,3,96,3,7
skew,33012,100,3,100,3,7
skew,33013,101,3,101,3,7
skew,33014,106,3,106,3,7
skew,33015,107,3,107,3,7
skew,33016,105,3,105,3,7
skew,33017,106,3,106,3,7
skew,33018,111,3,111,3,7
skew,33019,112,3,112,3,7
skew,33020,116,3,116,3,7
skew,33021,117,3,117,3,7
skew,33022,122,3,122,3,7
skew,33023,123,3,123,3,7
skew,33024,50,2,50,2,7
skew,33025,60,3,60,3,7
skew,33026,65,3,65,3,7
skew,33027,66,3,66,3,7
skew,33028,70,3,70,3,7
skew,33029,71,3,71,3,7
skew,33030,76,3,76,3,7
skew,33031,77,3,77,3,7
skew,33032,75,3,75,3,7
skew,33033,76,3,76,3,7
skew,33034,81,3,81,3,7
skew,33035,82,3,82,3,7
skew,33036,86,3,86,3,7
skew,33037,87,3,87,3,7
skew,33038,92,3,92,3,7
skew,33039,93,3,93,3,7
skew,33040,63,3,63,3,7
skew,33041,73,4,73,4,7
skew,33042,78,4,78,4,7
skew,33043,79,4,79,4,7
skew,33044,83,4,83,4,7
skew,33045,84,4,84,4,7
skew,33046,89,4,89,4,7
skew,33047,90,4,90,4,7
skew,33048,88,4,88,4,7
skew,33049,89,4,89,4,7
skew,33050,94,4,94,4,7
skew,33051,95,4,95,4,7
skew,33052,99,4,99,4,7
skew,33053,100,4,100,4,7
skew,33054,105,4,105,4,7
skew,33055,106,4,106,4,7
skew,33056,68,3,68,3,7
skew,33057,78,4,78,4,7
skew,33058,83,4,83,4,7
skew,33059,84,4,84,4,7
skew,33060,88,4,88,4,7
skew,33061,89,4,89,4,7
skew,33062,94,4,94,4,7
skew,33063,95,4,95,4,7
skew,33064,93,4,93,4,7
skew,33065,94,4,94,4,7
skew,33066,99,4,99,4,7
skew,33067,100,4,100,4,7
skew,33068,104,4,104,4,7
skew,33069,105,4,105,4,7
skew,33070,110,4,110,4,7
skew,33071,111,4,111,4,7
skew,33072,69,3,69,3,7
skew,33073,79,4,79,4,7
skew,33074,84,4,84,4,7
skew,33075,85,4,85,4,7
skew,33076,89,4,89,4,7
skew,33077,90,4,90,4,7
skew,33078,95,4,95,4,7
skew,33079,96,4,96,4,7
skew,33080,94,4,94,4,7
skew,33081,95,4,95,4,7
skew,33082,100,4,100,4,7
skew,33083,101,4,101,4,7
skew,33084,105,4,105,4,7
skew,33085,106,4,106,4,7
skew,33086,111,4,111,4,7
skew,33087,112,4,112,4,7
skew,33088,73,3,73,3,7
skew,33089,83,4,83,4,7
skew,33090,88,4,88,4,7
skew,33091,89,4,89,4,7
skew,33092,93,4,93,4,7
skew,33093,94,4,94,4,7
skew,33094,99,4,99,4,7
skew,33095,100,4,100,4,7
skew,33096,98,4,98,4,7
skew,33097,99,4,99,4,7
skew,33098,104,4,104,4,7
skew,33099,105,4,105,4,7
skew,33100,109,4,109,4,7
skew,33101,110,4,110,4,7
skew,33102,115,4,115,4,7
skew,33103,116,4,116,4,7
skew,33104,74,3,74,3,7
skew,33105,84,4,84,4,7
skew,33106,89,4,89,4,7
skew,33107,90,4,90,4,7
skew,33108,94,4,94,4,7
skew,33109,95,4,95,4,7
skew,33110,100,4,100,4,7
skew,33111,101,4,101,4,7
skew,33112,99,4,99,4,7
skew,33113,100,4,100,4,7
skew,33114,105,4,105,4,7
skew,33115,106,4,106,4,7
skew,33116,110,4,110,4,7
skew,33117,111,4,111,4,7
skew,33118,116,4,116,4,7
skew,33119,117,4,117,4,7
skew,33120,79,3,79,3,7
skew,33121,89,4,89,4,7
skew,33122,94,4,94,4,7
skew,33123,95,4,95,4,7
skew,33124,99,4,99,4,7
skew,33125,100,4,100,4,7
skew,33126,105,4,105,4,7
skew,33127,106,4,106,4,7
skew,33128,104,4,104,4,7
skew,33129,105,4,105,4,7
skew,33130,110,4,110,4,7
skew,33131,111,4,111,4,7
skew,33132,115,4,115,4,7
skew,33133,116,4,116,4,7
skew,33134,121,4,121,4,7
skew,33135,122,4,122,4,7
skew,33136,80,3,80,3,7
skew,33137,90,4,90,4,7
skew,33138,95,4,95,4,7
skew,33139,96,4,96,4,7
skew,33140,100,4,100,4,7
skew,33141,101,4,101,4,7
skew,33142,106,4,106,4,7
skew,33143,107,4,107,4,7
skew,33144,105,4,105,4,7
skew,33145,106,4,106,4,7
skew,33146,111,4,111,4,7
skew,33147,112,4,112,4,7
skew,33148,116,4,116,4,7
skew,33149,117,4,117,4,7
skew,33150,122,4,122,4,7
skew,33151,123,4,123,4,7
skew,33152,78,3,78,3,7
skew,33153,88,4,88,4,7
skew,33154,93,4,93,4,7
skew,33155,94,4,94,4,7
skew,33156,98,4,98,4,7
skew,33157,99,4,99,4,7
skew,33158,104,4,104,4,7
skew,33159,105,4,105,4,7
skew,33160,103,4,103,4,7
skew,33161,104,4,104,4,7
skew,33162,109,4,109,4,7
skew,33163,110,4,110,4,7
skew,33164,114,4,114,4,7
skew,33165,115,4,115,4,7
skew,33166,120,4,120,4,7
skew,33167,121,4,121,4,7
skew,33168,79,3,79,3,7
skew,33169,89,4,89,4,7
skew,33170,94,4,94,4,7
skew,33171,95,4,95,4,7
skew,33172,99,4,99,4,7
skew,33173,100,4,100,4,7
skew,33174,105,4,105,4,7
skew,33175,106,4,106,4,7
skew,33176,104,4,104,4,7
skew,33177,105,4,105,4,7
skew,33178,110,4,110,4,7
skew,33179,111,4,111,4,7
skew,33180,115,4,115,4,7
skew,33181,116,4,116,4,7
skew,33182,121,4,121,4,7
skew,33183,122,4,122,4,7
skew,33184,84,3,84,3,7
skew,33185,94,4,94,4,7
skew,33186,99,4,99,4,7
skew,33187,100,4,100,4,7
skew,33188,104,4,104,4,7
skew,33189,105,4,105,4,7
skew,33190,110,4,110,4,7
skew,33191,111,4,111,4,7
skew,33192,109,4,109,4,7
skew,33193,110,4,110,4,7
skew,33194,115,4,115,4,7
skew,33195,116,4,116,4,7
skew,33196,120,4,120,4,7
skew,33197,121,4,121,4,7
skew,33198,126,4,126,4,7
skew,33199,127,4,127,4,7
skew,33200,85,3,85,3,7
skew,33201,95,4,95,4,7
skew,33202,100,4,100,4,7
skew,33203,101,4,101,4,7
skew,33204,105,4,105,4,7
skew,33205,106,4,106,4,7
skew,33206,111,4,111,4,7
skew,33207,112,4,112,4,7
skew,33208,110,4,110,4,7
skew,33209,111,4,111,4,7
skew,33210,116,4,116,4,7
skew,33211,117,4,117,4,7
skew,33212,121,4,121,4,7
skew,33213,122,4,122,4,7
skew,33214,127,4,127,4,7
skew,33215,128,4,128,4,7
skew,33216,89,3,89,3,7
skew,33217,99,4,99,4,7
skew,33218,104,4,104,4,7
skew,33219,105,4,105,4,7
skew,33220,109,4,109,4,7
skew,33221,110,4,110,4,7
skew,33222,115,4,115,4,7
skew,33223,116,4,116,4,7
skew,33224,114,4,114,4,7
skew,33225,115,4,115,4,7
skew,33226,120,4,120,4,7
skew,33227,121,4,121,4,7
skew,33228,125,4,125,4,7
skew,33229,126,4,126,4,7
skew,33230,131,4,131,4,7
skew,33231,132,4,132,4,7
skew,33232,90,3,90,3,7
skew,33233,100,4,100,4,7
skew,33234,105,4,105,4,7
skew,33235,106,4,106,4,7
skew,33236,110,4,110,4,7
skew,33237,111,4,111,4,7
skew,33238,116,4,116,4,7
skew,33239,117,4,117,4,7
skew,33240,115,4,115,4,7
skew,33241,116,4,116,4,7
skew,33242,121,4,121,4,7
skew,33243,122,4,122,4,7
skew,33244,126,4,126,4,7
skew,33245,127,4,127,4,7
skew,33246,132,4,132,4,7
skew,33247,133,4,133,4,7
skew,33248,95,3,95,3,7
skew,33249,105,4,105,4,7
skew,33250,110,4,110,4,7
skew,33251,111,4,111,4,7
skew,33252,115,4,115,4,7
skew,33253,116,4,116,4,7
skew,33254,121,4,121,4,7
skew,33255,122,4,122,4,7
skew,33256,120,4,120,4,7
skew,33257,121,4,121,4,7
skew,33258,126,4,126,4,7
skew,33259,127,4,127,4,7
skew,33260,131,4,131,4,7
skew,33261,132,4,132,4,7
skew,33262,137,4,137,4,7
skew,33263,138,4,138,4,7
skew,33264,96,3,96,3,7
skew,33265,106,4,106,4,7
skew,33266,111,4,111,4,7
skew,33267,112,4,112,4,7
skew,33268,116,4,116,4,7
skew,33269,117,4,117,4,7
skew,33270,122,4,122,4,7
skew,33271,123,4,123,4,7
skew,33272,121,4,121,4,7
skew,33273,122,4,122,4,7
skew,33274,127,4,127,4,7
skew,33275,128,4,128,4,7
skew,33276,132,4,132,4,7
skew,33277,133,4,133,4,7
skew,33278,138,4,138,4,7
skew,33279,139,4,139,4,7
skew,33280,55,2,55,2,7
skew,33281,65,3,65,3,7
skew,33282,70,3,70,3,7
skew,33283,71,3,71,3,7
skew,33284,75,3,75,3,7
skew,33285,76,3,76,3,7
skew,33286,81,3,81,3,7
skew,33287,82,3,82,3,7
skew,33288,80,3,80,3,7
skew,33289,81,3,81,3,7
skew,33290,86,3,86,3,7
skew,33291,87,3,87,3,7
skew,33292,91,3,91,3,7
skew,33293,92,3,92,3,7
skew,33294,97,3,97,3,7
skew,33295,98,3,98,3,7
skew,33296,68,3,68,3,7
skew,33297,78,4,78,4,7
skew,33298,83,4,83,4,7
skew,33299,84,4,84,4,7
skew,33300,88,4,88,4,7
skew,33301,89,4,89,4,7
skew,33302,94,4,94,4,7
skew,33303,95,4,95,4,7
skew,33304,93,4,93,4,7
skew,33305,94,4,94,4,7
skew,33306,99,4,99,4,7
skew,33307,100,4,100,4,7
skew,33308,104,4,104,4,7
skew,33309,105,4,105,4,7
skew,33310,110,4,110,4,7
skew,33311,111,4,111,4,7
skew,33312,73,3,73,3,7
skew,33313,83,4,83,4,7
skew,33314,88,4,88,4,7
skew,33315,89,4,89,4,7
skew,33316,93,4,93,4,7
skew,33317,94,4,94,4,7
skew,33318,99,4,99,4,7
skew,33319,100,4,100,4,7
skew,33320,98,4,98,4,7
skew,33321,99,4,99,4,7
skew,33322,104,4,104,4,7
skew,33323,105,4,105,4,7
skew,33324,109,4,109,4,7
skew,33325,110,4,110,4,7
skew,33326,115,4,115,4,7
skew,33327,116,4,116,4,7
skew,33328,74,3,74,3,7
skew,33329,84,4,84,4,7
skew,33330,89,4,89,4,7
skew,33331,90,4,90,4,7
skew,33332,94,4,94,4,7
skew,33333,95,4,95,4,7
skew,33334,100,4,100,4,7
skew,33335,101,4,101,4,7
skew,33336,99,4,99,4,7
skew,33337,100,4,100,4,7
skew,33338,105,4,105,4,7
skew,33339,106,4,106,4,7
skew,33340,110,4,110,4,7
skew,33341,111,4,111,4,7
skew,33342,116,4,116,4,7
skew,33343,117,4,117,4,7
skew,33344,78,3,78,3,7
skew,33345,88,4,88,4,7
skew,33346,93,4,93,4,7
skew,33347,94,4,94,4,7
skew,33348,98,4,98,4,7
skew,33349,99,4,99,4,7
skew,33350,104,4,104,4,7
skew,33351,105,4,105,4,7
skew,33352,103,4,103,4,7
skew,33353,104,4,104,4,7
skew,33354,109,4,109,4,7
skew,33355,110,4,110,4,7
skew,33356,114,4,114,4,7
skew,33357,115,4,115,4,7
skew,33358,120,4,120,4,7
skew,33359,121,4,121,4,7
skew,33360,79,3,79,3,7
skew,33361,89,4,89,4,7
skew,33362,94,4,94,4,7
skew,33363,95,4,95,4,7
skew,33364,99,4,99,4,7
skew,33365,100,4,100,4,7
skew,33366,105,4,105,4,7
skew,33367,106,4,106,4,7
skew,33368,104,4,104,4,7
skew,33369,105,4,105,4,7
skew,33370,110,4,110,4,7
skew,33371,111,4,111,4,7
skew,33372,115,4,115,4,7
skew,33373,116,4,116,4,7
skew,33374,121,4,121,4,7
skew,33375,122,4,122,4,7
skew,33376,84,3,84,3,7
skew,33377,94,4,94,4,7
skew,33378,99,4,99,4,7
skew,33379,100,4,100,4,7
skew,33380,104,4,104,4,7
skew,33381,105,4,105,4,7
skew,33382,110,4,110,4,7
skew,33383,111,4,111,4,7
skew,33384,109,4,109,4,7
skew,33385,110,4,110,4,7
skew,33386,115,4,115,4,7
skew,33387,116,4,116,4,7
skew,33388,120,4,120,4,7
skew,33389,121,4,121,4,7
skew,33390,126,4,126,4,7
skew,33391,127,4,127,4,7
skew,33392,85,3,85,3,7
skew,33393,95,4,95,4,7
skew,33394,100,4,100,4,7
skew,33395,101,4,101,4,7
skew,33396,105,4,105,4,7
skew,33397,106,4,106,4,7
skew,33398,111,4,111,4,7
skew,33399,112,4,112,4,7
skew,33400,110,4,110,4,7
skew,33401,111,4,111,4,7
skew,33402,116,4,116,4,7
skew,33403,117,4,117,4,7
skew,33404,121,4,121,4,7
skew,33405,122,4,122,4,7
skew,33406,127,4,127,4,7
skew,33407,128,4,128,4,7
skew,33408,83,3,83,3,7
skew,33409,93,4,93,4,7
skew,33410,98,4,98,4,7
skew,33411,99,4,99,4,7
skew,33412,103,4,103,4,7
skew,33413,104,4,104,4,7
skew,33414,109,4,109,4,7
skew,33415,110,4,110,4,7
skew,33416,108,4,108,4,7
skew,33417,109,4,109,4,7
skew,33418,114,4,114,4,7
skew,33419,115,4,115,4,7
skew,33420,119,4,119,4,7
skew,33421,120,4,120,4,7
skew,33422,125,4,125,4,7
skew,33423,126,4,126,4,7
skew,33424,84,3,84,3,7
skew,33425,94,4,94,4,7
skew,33426,99,4,99,4,7
skew,33427,100,4,100,4,7
skew,33428,104,4,104,4,7
skew,33429,105,4,105,4,7
skew,33430,110,4,110,4,7
skew,33431,111,4,111,4,7
skew,33432,109,4,109,4,7
skew,33433,110,4,110,4,7
skew,33434,115,4,115,4,7
skew,33435,116,4,116,4,7
skew,33436,120,4,120,4,7
skew,33437,121,4,121,4,7
skew,33438,126,4,126,4,7
skew,33439,127,4,127,4,7
skew,33440,89,3,89,3,7
skew,33441,99,4,99,4,7
skew,33442,104,4,104,4,7
skew,33443,105,4,105,4,7
skew,33444,109,4,109,4,7
skew,33445,110,4,110,4,7
skew,33446,115,4,115,4,7
skew,33447,116,4,116,4,7
skew,33448,114,4,114,4,7
skew,33449,115,4,115,4,7
skew,33450,120,4,120,4,7
skew,33451,121,4,121,4,7
skew,33452,125,4,125,4,7
skew,33453,126,4,126,4,7
skew,33454,131,4,131,4,7
skew,33455,132,4,132,4,7
skew,33456,90,3,90,3,7
skew,33457,100,4,100,4,7
skew,33458,105,4,105,4,7
skew,33459,106,4,106,4,7
skew,33460,110,4,110,4,7
skew,33461,111,4,111,4,7
skew,33462,116,4,116,4,7
skew,33463,117,4,117,4,7
skew,33464,115,4,115,4,7
skew,33465,116,4,116,4,7
skew,33466,121,4,121,4,7
skew,33467,122,4,122,4,7
skew,33468,126,4,126,4,7
skew,33469,127,4,127,4,7
skew,33470,132,4,132,4,7
skew,33471,133,4,133,4,7
skew,33472,94,3,94,3,7
skew,33473,104,4,104,4,7
skew,33474,109,4,109,4,7
skew,33475,110,4,110,4,7
skew,33476,114,4,114,4,7
skew,33477,115,4,115,4,7
skew,33478,120,4,120,4,7
skew,33479,121,4,121,4,7
skew,33480,119,4,119,4,7
skew,33481,120,4,120,4,7
skew,33482,125,4,125,4,7
skew,33483,126,4,126,4,7
skew,33484,130,4,130,4,7
skew,33485,131,4,131,4,7
skew,33486,136,4,136,4,7
skew,33487,137,4,137,4,7
skew,33488,95,3,95,3,7
skew,33489,105,4,105,4,7
skew,33490,110,4,110,4,7
skew,33491,111,4,111,4,7
skew,33492,115,4,115,4,7
skew,33493,116,4,116,4,7
skew,33494,121,4,121,4,7
skew,33495,122,4,122,4,7
skew,33496,120,4,120,4,7
skew,33497,121,4,121,4,7
skew,33498,126,4,126,4,7
skew,33499,127,4,127,4,7
skew,33500,131,4,131,4,7
skew,33501,132,4,132,4,7
skew,33502,137,4,137,4,7
skew,33503,138,4,138,4,7
skew,33504,100,3,100,3,7
skew,33505,110,4,110,4,7
skew,33506,115,4,115,4,7
skew,33507,116,4,116,4,7
skew,33508,120,4,120,4,7
skew,33509,121,4,121,4,7
skew,33510,126,4,126,4,7
skew,33511,127,4,127,4,7
skew,33512,125,4,125,4,7
skew,33513,126,4,126,4,7
skew,33514,131,4,131,4,7
skew,33515,132,4,132,4,7
skew,33516,136,4,136,4,7
skew,33517,137,4,137,4,7
skew,33518,142,4,142,4,7
skew,33519,143,4,143,4,7
skew,33520,101,3,101,3,7
skew,33521,111,4,111,4,7
skew,33522,116,4,116,4,7
skew,33523,117,4,117,4,7
skew,33524,121,4,121,4,7
skew,33525,122,4,122,4,7
skew,33526,127,4,127,4,7
skew,33527,128,4,128,4,7
skew,33528,126,4,126,4,7
skew,33529,127,4,127,4,7
skew,33530,132,4,132,4,7
skew,33531,133,4,133,4,7
skew,33532,137,4,137,4,7
skew,33533,138,4,138,4,7
skew,33534,143,4,143,4,7
skew,33535,144,4,144,4,7
skew,33536,56,2,56,2,7
skew,33537,66,3,66,3,7
skew,33538,71,3,71,3,7
skew,33539,72,3,72,3,7
skew,33540,76,3,76,3,7
skew,33541,77,3,77,3,7
skew,33542,82,3,82,3,7
skew,33543,83,3,83,3,7
skew,33544,81,3,81,3,7
skew,33545,82,3,82,3,7
skew,33546,87,3,87,3,7
skew,33547,88,3,88,3,7
skew,33548,92,3,92,3,7
skew,33549,93,3,93,3,7
skew,33550,98,3,98,3,7
skew,33551,99,3,99,3,7
skew,33552,69,3,69,3,7
skew,33553,79,4,79,4,7
skew,33554,84,4,84,4,7
skew,33555,85,4,85,4,7
skew,33556,89,4,89,4,7
skew,33557,90,4,90,4,7
skew,33558,95,4,95,4,7
skew,33559,96,4,96,4,7
skew,33560,94,4,94,4,7
skew,33561,95,4,95,4,7
skew,33562,100,4,100,4,7
skew,33563,101,4,101,4,7
skew,33564,105,4,105,4,7
skew,33565,106,4,106,4,7
skew,33566,111,4,111,4,7
skew,33567,112,4,112,4,7
skew,33568,74,3,74,3,7
skew,33569,84,4,84,4,7
skew,33570,89,4,89,4,7
skew,33571,90,4,90,4,7
skew,33572,94,4,94,4,7
skew,33573,95,4,95,4,7
skew,33574,100,4,100,4,7
skew,33575,101,4,101,4,7
skew,33576,99,4,99,4,7
skew,33577,100,4,100,4,7
skew,33578,105,4,105,4,7
skew,33579,106,4,106,4,7
skew,33580,110,4,110,4,7
skew,33581,111,4,111,4,7
skew,33582,116,4,116,4,7
skew,33583,117,4,117,4,7
skew,33584,75,3,75,3,7
skew,33585,85,4,85,4,7
skew,33586,90,4,90,4,7
skew,33587,91,4,91,4,7
skew,33588,95,4,95,4,7
skew,33589,96,4,96,4,7
skew,33590,101,4,101,4,7
skew,33591,102,4,102,4,7
skew,33592,100,4,100,4,7
skew,33593,101,4,101,4,7
skew,33594,106,4,106,4,7
skew,33595,107,4,107,4,7
skew,33596,111,4,111,4,7
skew,33597,112,4,112,4,7
skew,33598,117,4,117,4,7
skew,33599,118,4,118,4,7
skew,33600,79,3,79,3,7
skew,33601,89,4,89,4,7
skew,33602,94,4,94,4,7
skew,33603,95,4,95,4,7
skew,33604,99,4,99,4,7
skew,33605,100,4,100,4,7
skew,33606,105,4,105,4,7
skew,33607,106,4,106,4,7
skew,33608,104,4,104,4,7
skew,33609,105,4,105,4,7
skew,33610,110,4,110,4,7
skew,33611,111,4,111,4,7
skew,33612,115,4,115,4,7
skew,33613,116,4,116,4,7
skew,33614,121,4,121,4,7
skew,33615,122,4,122,4,7
skew,33616,80,3,80,3,7
skew,33617,90,4,90,4,7
skew,33618,95,4,95,4,7
skew,33619,96,4,96,4,7
skew,33620,100,4,100,4,7
skew,33621,101,4,101,4,7
skew,33622,106,4,106,4,7
skew,33623,107,4,107,4,7
skew,33624,105,4,105,4,7
skew,33625,106,4,106,4,7
skew,33626,111,4,111,4,7
skew,33627,112,4,112,4,7
skew,33628,116,4,116,4,7
skew,33629,117,4,117,4,7
skew,33630,122,4,122,4,7
skew,33631,123,4,123,4,7
skew,33632,85,3,85,3,7
skew,33633,95,4,95,4,7
skew,33634,100,4,100,4,7
skew,33635,101,4,101,4,7
skew,33636,105,4,105,4,7
skew,33637,106,4,106,4,7
skew,33638,111,4,111,4,7
skew,33639,112,4,112,4,7
skew,33640,110,4,110,4,7
skew,33641,111,4,111,4,7
skew,33642,116,4,116,4,7
skew,33643,117,4,117,4,7
skew,33644,121,4,121,4,7
skew,33645,122,4,122,4,7
skew,33646,127,4,127,4,7
skew,33647,128,4,128,4,7
skew,33648,86,3,86,3,7
skew,33649,96,4,96,4,7
skew,33650,101,4,101,4,7
skew,33651,102,4,102,4,7
skew,33652,106,4,106,4,7
skew,33653,107,4,107,4,7
skew,33654,112,4,112,4,7
skew,33655,113,4,113,4,7
skew,33656,111,4,111,4,7
skew,33657,112,4,112,4,7
skew,33658,117,4,117,4,7
skew,33659,118,4,118,4,7
skew,33660,122,4,122,4,7
skew,33661,123,4,123,4,7
skew,33662,128,4,128,4,7
skew,33663,129,4,129,4,7
skew,33664,84,3,84,3,7
skew,33665,94,4,94,4,7
skew,33666,99,4,99,4,7
skew,33667,100,4,100,4,7
skew,33668,104,4,104,4,7
skew,33669,105,4,105,4,7
skew,33670,110,4,110,4,7
skew,33671,111,4,111,4,7
skew,33672,109,4,109,4,7
skew,33673,110,4,110,4,7
skew,33674,115,4,115,4,7
skew,33675,116,4,116,4,7
skew,33676,120,4,120,4,7
skew,33677,121,4,121,4,7
skew,33678,126,4,126,4,7
skew,33679,127,4,127,4,7
skew,33680,85,3,85,3,7
skew,33681,95,4,95,4,7
skew,33682,100,4,100,4,7
skew,33683,101,4,101,4,7
skew,33684,105,4,105,4,7
skew,33685,106,4,106,4,7
skew,33686,111,4,111,4,7
skew,33687,112,4,112,4,7
skew,33688,110,4,110,4,7
skew,33689,111,4,111,4,7
skew,33690,116,4,116,4,7
skew,33691,117,4,117,4,7
skew,33692,121,4,121,4,7
skew,33693,122,4,122,4,7
skew,33694,127,4,127,4,7
skew,33695,128,4,128,4,7
skew,33696,90,3,90,3,7
skew,33697,100,4,100,4,7
skew,33698,105,4,105,4,7
skew,33699,106,4,106,4,7
skew,33700,110,4,110,4,7
skew,33701,111,4,111,4,7
skew,33702,116,4,116,4,7
skew,33703,117,4,117,4,7
skew,33704,115,4,115,4,7
skew,33705,116,4,116,4,7
skew,33706,121,4,121,4,7
skew,33707,122,4,122,4,7
skew,33708,126,4,126,4,7
skew,33709,127,4,127,4,7
skew,33710,132,4,132,4,7
skew,33711,133,4,133,4,7
skew,33712,91,3,91,3,7
skew,33713,101,4,101,4,7
skew,33714,106,4,106,4,7
skew,33715,107,4,107,4,7
skew,33716,111,4,111,4,7
skew,33717,112,4,112,4,7
skew,33718,117,4,117,4,7
skew,33719,118,4,118,4,7
skew,33720,116,4,116,4,7
skew,33721,117,4,117,4,7
skew,33722,122,4,122,4,7
skew,33723,123,4,123,4,7
skew,33724,127,4,127,4,7
skew,33725,128,4,128,4,7
skew,33726,133,4,133,4,7
skew,33727,134,4,134,4,7
skew,33728,95,3,95,3,7
skew,33729,105,4,105,4,7
skew,33730,110,4,110,4,7
skew,33731,111,4,111,4,7
skew,33732,115,4,115,4,7
skew,33733,116,4,116,4,7
skew,33734,121,4,121,4,7
skew,33735,122,4,122,4,7
skew,33736,120,4,120,4,7
skew,33737,121,4,121,4,7
skew,33738,126,4,126,4,7
skew,33739,127,4,127,4,7
skew,33740,131,4,131,4,7
skew,33741,132,4,132,4,7
skew,33742,137,4,137,4,7
skew,33743,138,4,138,4,7
skew,33744,96,3,96,3,7
skew,33745,106,4,106,4,7
skew,33746,111,4,111,4,7
skew,33747,112,4,112,4,7
skew,33748,116,4,116,4,7
skew,33749,117,4,117,4,7
skew,33750,122,4,122,4,7
skew,33751,123,4,123,4,7
skew,33752,121,4,121,4,7
skew,33753,122,4,122,4,7
skew,33754,127,4,127,4,7
skew,33755,128,4,128,4,7
skew,33756,132,4,132,4,7
skew,33757,133,4,133,4,7
skew,33758,138,4,138,4,7
skew,33759,139,4,139,4,7
skew,33760,101,3,101,3,7
skew,33761,111,4,111,4,7
skew,33762,116,4,116,4,7
skew,33763,117,4,117,4,7
skew,33764,121,4,121,4,7
skew,33765,122,4,122,4,7
skew,33766,127,4,127,4,7
skew,33767,128,4,128,4,7
skew,33768,126,4,126,4,7
skew,33769,127,4,127,4,7
skew,33770,132,4,132,4,7
skew,33771,133,4,133,4,7
skew,33772,137,4,137,4,7
skew,33773,138,4,138,4,7
skew,33774,143,4,143,4,7
skew,33775,144,4,144,4,7
skew,33776,102,3,102,3,7
skew,33777,112,4,112,4,7
skew,33778,117,4,117,4,7
skew,33779,118,4,118,4,7
skew,33780,122,4,122,4,7
skew,33781,123,4,123,4,7
skew,33782,128,4,128,4,7
skew,33783,129,4,129,4,7
skew,33784,127,4,127,4,7
skew,33785,128,4,128,4,7
skew,33786,133,4,133,4,7
skew,33787,134,4,134,4,7
skew,33788,138,4,138,4,7
skew,33789,139,4,139,4,7
skew,33790,144,4,144,4,7
skew,33791,145,4,145,4,7
skew,33792,60,2,60,2,7
skew,33793,70,3,70,3,7
skew,33794,75,3,75,3,7
skew,33795,76,3,76,3,7
skew,33796,80,3,80,3,7
skew,33797,81,3,81,3,7
skew,33798,86,3,86,3,7
skew,33799,87,3,87,3,7
skew,33800,85,3,85,3,7
skew,33801,86,3,86,3,7
skew,33802,91,3,91,3,7
skew,33803,92,3,92,3,7
skew,33804,96,3,96,3,7
skew,33805,97,3,97,3,7
skew,33806,102,3,102,3,7
skew,33807,103,3,103,3,7
skew,33808,73,3,73,3,7
skew,33809,83,4,83,4,7
skew,33810,88,4,88,4,7
skew,33811,89,4,89,4,7
skew,33812,93,4,93,4,7
skew,33813,94,4,94,4,7
skew,33814,99,4,99,4,7
skew,33815,100,4,100,4,7
skew,33816,98,4,98,4,7
skew,33817,99,4,99,4,7
skew,33818,104,4,104,4,7
skew,33819,105,4,105,4,7
skew,33820,109,4,109,4,7
skew,33821,110,4,110,4,7
skew,33822,115,4,115,4,7
skew,33823,116,4,116,4,7
skew,33824,78,3,78,3,7
skew,33825,88,4,88,4,7
skew,33826,93,4,93,4,7
skew,33827,94,4,94,4,7
skew,33828,98,4,98,4,7
skew,33829,99,4,99,4,7
skew,33830,104,4,104,4,7
skew,33831,105,4,105,4,7
skew,33832,103,4,103,4,7
skew,33833,104,4,104,4,7
skew,33834,109,4,109,4,7
skew,33835,110,4,110,4,7
skew,33836,114,4,114,4,7
skew,33837,115,4,115,4,7
skew,33838,120,4,120,4,7
skew,33839,121,4,121,4,7
skew,33840,79,3,79,3,7
skew,33841,89,4,89,4,7
skew,33842,94,4,94,4,7
skew,33843,95,4,95,4,7
skew,33844,99,4,99,4,7
skew,33845,100,4,100,4,7
skew,33846,105,4,105,4,7
skew,33847,106,4,106,4,7
skew,33848,104,4,104,4,7
skew,33849,105,4,105,4,7
skew,33850,110,4,110,4,7
skew,33851,111,4,111,4,7
skew,33852,115,4,115,4,7
skew,33853,116,4,116,4,7
skew,33854,121,4,121,4,7
skew,33855,122,4,122,4,7
skew,33856,83,3,83,3,7
skew,33857,93,4,93,4,7
skew,33858,98,4,98,4,7
skew,33859,99,4,99,4,7
skew,33860,103,4,103,4,7
skew,33861,104,4,104,4,7
skew,33862,109,4,109,4,7
skew,33863,110,4,110,4,7
skew,33864,108,4,108,4,7
skew,33865,109,4,109,4,7
skew,33866,114,4,114,4,7
skew,33867,115,4,115,4,7
skew,33868,119,4,119,4,7
skew,33869,120,4,120,4,7
skew,33870,125,4,125,4,7
skew,33871,126,4,126,4,7
skew,33872,84,3,84,3,7
skew,33873,94,4,94,4,7
skew,33874,99,4,99,4,7
skew,33875,100,4,100,4,7
skew,33876,104,4,104,4,7
skew,33877,105,4,105,4,7
skew,33878,110,4,110,4,7
skew,33879,111,4,111,4,7
skew,33880,109,4,109,4,7
skew,33881,110,4,110,4,7
skew,33882,115,4,115,4,7
skew,33883,116,4,116,4,7
skew,33884,120,4,120,4,7
skew,33885,121,4,121,4,7
skew,33886,126,4,126,4,7
skew,33887,127,4,127,4,7
skew,33888,89,3,89,3,7
skew,33889,99,4,99,4,7
skew,33890,104,4,104,4,7
skew,33891,105,4,105,4,7
skew,33892,109,4,109,4,7
skew,33893,110,4,110,4,7
skew,33894,115,4,115,4,7
skew,33895,116,4,116,4,7
skew,33896,114,4,114,4,7
skew,33897,115,4,115,4,7
skew,33898,120,4,120,4,7
skew,33899,121,4,121,4,7
skew,33900,125,4,125,4,7
skew,33901,126,4,126,4,7
skew,33902,131,4,131,4,7
skew,33903,132,4,132,4,7
skew,33904,90,3,90,3,7
skew,33905,100,4,100,4,7
skew,33906,105,4,105,4,7
skew,33907,106,4,106,4,7
skew,33908,110,4,110,4,7
skew,33909,111,4,111,4,7
skew,33910,116,4,116,4,7
skew,33911,117,4,117,4,7
skew,33912,115,4,115,4,7
skew,33913,116,4,116,4,7
skew,33914,121,4,121,4,7
skew,33915,122,4,122,4,7
skew,33916,126,4,126,4,7
skew,33917,127,4,127,4,7
skew,33918,132,4,132,4,7
skew,33919,133,4,133,4,7
skew,33920,88,3,88,3,7
skew,33921,98,4,98,4,7
skew,33922,103,4,103,4,7
skew,33923,104,4,104,4,7
skew,33924,108,4,108,4,7
skew,33925,109,4,109,4,7
skew,33926,114,4,114,4,7
skew,33927,115,4,115,4,7
skew,33928,113,4,113,4,7
skew,33929,114,4,114,4,7
skew,33930,119,4,119,4,7
skew,33931,120,4,120,4,7
skew,33932,124,4,124,4,7
skew,33933,125,4,125,4,7
skew,33934,130,4,130,4,7
skew,33935,131,4,131,4,7
skew,33936,89,3,89,3,7
skew,33937,99,4,99,4,7
skew,33938,104,4,104,4,7
skew,33939,105,4,105,4,7
skew,33940,109,4,109,4,7
skew,33941,110,4,110,4,7
skew,33942,115,4,115,4,7
skew,33943,116,4,116,4,7
skew,33944,114,4,114,4,7
skew,33945,115,4,115,4,7
skew,33946,120,4,120,4,7
skew,33947,121,4,121,4,7
skew,33948,125,4,125,4,7
skew,33949,126,4,126,4,7
skew,33950,131,4,131,4,7
skew,33951,132,4,132,4,7
skew,33952,94,3,94,3,7
skew,33953,104,4,104,4,7
skew,33954,109,4,109,4,7
skew,33955,110,4,110,4,7
skew,33956,114,4,114,4,7
skew,33957,115,4,115,4,7
skew,33958,120,4,120,4,7
skew,33959,121,4,121,4,7
skew,33960,119,4,119,4,7
skew,33961,120,4,120,4,7
skew,33962,125,4,125,4,7
skew,33963,126,4,126,4,7
skew,33964,130,4,130,4,7
skew,33965,131,4,131,4,7
skew,33966,136,4,136,4,7
skew,33967,137,4,137,4,7
skew,33968,95,3,95,3,7
skew,33969,105,4,105,4,7
skew,33970,110,4,110,4,7
skew,33971,111,4,111,4,7
skew,33972,115,4,115,4,7
skew,33973,116,4,116,4,7
skew,33974,121,4,121,4,7
skew,33975,122,4,122,4,7
skew,33976,120,4,120,4,7
skew,33977,121,4,121,4,7
skew,33978,126,4,126,4,7
skew,33979,127,4,127,4,7
skew,33980,131,4,131,4,7
skew,33981,132,4,132,4,7
skew,33982,137,4,137,4,7
skew,33983,138,4,138,4,7
skew,33984,99,3,99,3,7
skew,33985,109,4,109,4,7
skew,33986,114,4,114,4,7
skew,33987,115,4,115,4,7
skew,33988,119,4,119,4,7
skew,33989,120,4,120,4,7
skew,33990,125,4,125,4,7
skew,33991,126,4,126,4,7
skew,33992,124,4,124,4,7
skew,33993,125,4,125,4,7
skew,33994,130,4,130,4,7
skew,33995,131,4,131,4,7
skew,33996,135,4,135,4,7
skew,33997,136,4,136,4,7
skew,33998,141,4,141,4,7
skew,33999,142,4,142,4,7
skew,34000,100,3,100,3,7
skew,34001,110,4,110,4,7
skew,34002,115,4,115,4,7
skew,34003,116,4,116,4,7
skew,34004,120,4,120,4,7
skew,34005,121,4,121,4,7
skew,34006,126,4,126,4,7
skew,34007,127,4,127,4,7
skew,34008,125,4,125,4,7
skew,34009,126,4,126,4,7
skew,34010,131,4,131,4,7
skew,34011,132,4,132,4,7
skew,34012,136,4,136,4,7
skew,34013,137,4,137,4,7
skew,34014,142,4,142,4,7
skew,34015,143,4,143,4,7
skew,34016,105,3,105,3,7
skew,34017,115,4,115,4,7
skew,34018,120,4,120,4,7
skew,34019,121,4,121,4,7
skew,34020,125,4,125,4,7
skew,34021,126,4,126,4,7
skew,34022,131,4,131,4,7
skew,34023,132,4,132,4,7
skew,34024,130,4,130,4,7
skew,34025,131,4,131,4,7
skew,34026,136,4,136,4,7
skew,34027,137,4,137,4,7
skew,34028,141,4,141,4,7
skew,34029,142,4,142,4,7
skew,34030,147,4,147,4,7
skew,34031,148,4,148,4,7
skew,34032,106,3,106,3,7
skew,34033,116,4,116,4,7
skew,34034,121,4,121,4,7
skew,34035,122,4,122,4,7
skew,34036,126,4,126,4,7
skew,34037,127,4,127,4,7
skew,34038,132,4,132,4,7
skew,34039,133,4,133,4,7
skew,34040,131,4,131,4,7
skew,34041,132,4,132,4,7
skew,34042,137,4,137,4,7
skew,34043,138,4,138,4,7
skew,34044,142,4,142,4,7
skew,34045,143,4,143,4,7
skew,34046,148,4,148,4,7
skew,34047,149,4,149,4,7
skew,34048,61,2,61,2,7
skew,34049,71,3,71,3,7
skew,34050,76,3,76,3,7
skew,34051,77,3,77,3,7
skew,34052,81,3,81,3,7
skew,34053,82,3,82,3,7
skew,34054,87,3,87,3,7
skew,34055,88,3,88,3,7
skew,34056,86,3,86,3,7
skew,34057,87,3,87,3,7
skew,34058,92,3,92,3,7
skew,34059,93,3,93,3,7
skew,34060,97,3,97,3,7
skew,34061,98,3,98,3,7
skew,34062,103,3,103,3,7
skew,34063,104,3,104,3,7
skew,34064,74,3,74,3,7
skew,34065,84,4,84,4,7
skew,34066,89,4,89,4,7
skew,34067,90,4,90,4,7
skew,34068,94,4,94,4,7
skew,34069,95,4,95,4,7
skew,34070,100,4,100,4,7
skew,34071,101,4,101,4,7
skew,34072,99,4,99,4,7
skew,34073,100,4,100,4,7
skew,34074,105,4,105,4,7
skew,34075,106,4,106,4,7
skew,34076,110,4,110,4,7
skew,34077,111,4,111,4,7
skew,34078,116,4,116,4,7
skew,34079,117,4,117,4,7
skew,34080,79,3,79,3,7
skew,34081,89,4,89,4,7
skew,34082,94,4,94,4,7
skew,34083,95,4,95,4,7
skew,34084,99,4,99,4,7
skew,34085,100,4,100,4,7
skew,34086,105,4,105,4,7
skew,34087,106,4,106,4,7
skew,34088,104,4,104,4,7
skew,34089,105,4,105,4,7
skew,34090,110,4,110,4,7
skew,34091,111,4,111,4,7
skew,34092,115,4,115,4,7
skew,34093,116,4,116,4,7
skew,34094,121,4,121,4,7
skew,34095,122,4,122,4,7
skew,34096,80,3,80,3,7
skew,34097,90,4,90,4,7
skew,34098,95,4,95,4,7
skew,34099,96,4,96,4,7
skew,34100,100,4,100,4,7
skew,34101,101,4,101,4,7
skew,34102,106,4,106,4,7
skew,34103,107,4,107,4,7
skew,34104,105,4,105,4,7
skew,34105,106,4,106,4,7
skew,34106,111,4,111,4,7
skew,34107,112,4,112,4,7
skew,34108,116,4,116,4,7
skew,34109,117,4,117,4,7
skew,34110,122,4,122,4,7
skew,34111,123,4,123,4,7
skew,34112,84,3,84,3,7
skew,34113,94,4,94,4,7
skew,34114,99,4,99,4,7
skew,34115,100,4,100,4,7
skew,34116,104,4,104,4,7
skew,34117,105,4,105,4,7
skew,34118,110,4,110,4,7
skew,34119,111,4,111,4,7
skew,34120,109,4,109,4,7
skew,34121,110,4,110,4,7
skew,34122,115,4,115,4,7
skew,34123,116,4,116,4,7
skew,34124,120,4,120,4,7
skew,34125,121,4,121,4,7
skew,34126,126,4,126,4,7
skew,34127,127,4,127,4,7
skew,34128,85,3,85,3,7
skew,34129,95,4,95,4,7
skew,34130,100,4,100,4,7
skew,34131,101,4,101,4,7
skew,34132,105,4,105,4,7
skew,34133,106,4,106,4,7
skew,34134,111,4,111,4,7
skew,34135,112,4,112,4,7
skew,34136,110,4,110,4,7
skew,34137,111,4,111,4,7
skew,34138,116,4,116,4,7
skew,34139,117,4,117,4,7
skew,34140,121,4,121,4,7
skew,34141,122,4,122,4,7
skew,34142,127,4,127,4,7
skew,34143,128,4,128,4,7
skew,34144,90,3,90,3,7
skew,34145,100,4,100,4,7
skew,34146,105,4,105,4,7
skew,34147,106,4,106,4,7
skew,34148,110,4,110,4,7
skew,34149,111,4,111,4,7
skew,34150,116,4,116,4,7
skew,34151,117,4,117,4,7
skew,34152,115,4,115,4,7
skew,34153,116,4,116,4,7
skew,34154,121,4,121,4,7
skew,34155,122,4,122,4,7
skew,34156,126,4,126,4,7
skew,34157,127,4,127,4,7
skew,34158,132,4,132,4,7
skew,34159,133,4,133,4,7
skew,34160,91,3,91,3,7
skew,34161,101,4,101,4,7
skew,34162,106,4,106,4,7
skew,34163,107,4,107,4,7
skew,34164,111,4,111,4,7
skew,34165,112,4,112,4,7
skew,34166,117,4,117,4,7
skew,34167,118,4,118,4,7
skew,34168,116,4,116,4,7
skew,34169,117,4,117,4,7
skew,34170,122,4,122,4,7
skew,34171,123,4,123,4,7
skew,34172,127,4,127,4,7
skew,34173,128,4,128,4,7
skew,34174,133,4,133,4,7
skew,34175,134,4,134,4,7
skew,34176,89,3,89,3,7
skew,34177,99,4,99,4,7
skew,34178,104,4,104,4,7
skew,34179,105,4,105,4,7
skew,34180,109,4,109,4,7
skew,34181,110,4,110,4,7
skew,34182,115,4,115,4,7
skew,34183,116,4,116,4,7
skew,34184,114,4,114,4,7
skew,34185,115,4,115,4,7
skew,34186,120,4,120,4,7
skew,34187,121,4,121,4,7
skew,34188,125,4,125,4,7
skew,34189,126,4,126,4,7
skew,34190,131,4,131,4,7
skew,34191,132,4,132,4,7
skew,34192,90,3,90,3,7
skew,34193,100,4,100,4,7
skew,34194,105,4,105,4,7
skew,34195,106,4,106,4,7
skew,34196,110,4,110,4,7
skew,34197,111,4,111,4,7
skew,34198,116,4,116,4,7
skew,34199,117,4,117,4,7
skew,34200,115,4,115,4,7
skew,34201,116,4,116,4,7
skew,34202,121,4,121,4,7
skew,34203,122,4,122,4,7
skew,34204,126,4,126,4,7
skew,34205,127,4,127,4,7
skew,34206,132,4,132,4,7
skew,34207,133,4,133,4,7
skew,34208,95,3,95,3,7
skew,34209,105,4,105,4,7
skew,34210,110,4,110,4,7
skew,34211,111,4,111,4,7
skew,34212,115,4,115,4,7
skew,34213,116,4,116,4,7
skew,34214,121,4,121,4,7
skew,34215,122,4,122,4,7
skew,34216,120,4,120,4,7
skew,34217,121,4,121,4,7
skew,34218,126,4,126,4,7
skew,34219,127,4,127,4,7
skew,34220,131,4,131,4,7
skew,34221,132,4,132,4,7
skew,34222,137,4,137,4,7
skew,34223,138,4,138,4,7
skew,34224,96,3,96,3,7
skew,34225,106,4,106,4,7
skew,34226,111,4,111,4,7
skew,34227,112,4,112,4,7
skew,34228,116,4,116,4,7
skew,34229,117,4,117,4,7
skew,34230,122,4,122,4,7
skew,34231,123,4,123,4,7
skew,34232,121,4,121,4,7
skew,34233,122,4,122,4,7
skew,34234,127,4,127,4,7
skew,34235,128,4,128,4,7
skew,34236,132,4,132,4,7
skew,34237,133,4,133,4,7
skew,34238,138,4,138,4,7
skew,34239,139,4,139,4,7
skew,34240,100,3,100,3,7
skew,34241,110,4,110,4,7
skew,34242,115,4,115,4,7
skew,34243,116,4,116,4,7
skew,34244,120,4,120,4,7
skew,34245,121,4,121,4,7
skew,34246,126,4,126,4,7
skew,34247,127,4,127,4,7
skew,34248,125,4,125,4,7
skew,34249,126,4,126,4,7
skew,34250,131,4,131,4,7
skew,34251,132,4,132,4,7
skew,34252,136,4,136,4,7
skew,34253,137,4,137,4,7
skew,34254,142,4,142,4,7
skew,34255,143,4,143,4,7
skew,34256,101,3,101,3,7
skew,34257,111,4,111,4,7
skew,34258,116,4,116,4,7
skew,34259,117,4,117,4,7
skew,34260,121,4,121,4,7
skew,34261,122,4,122,4,7
skew,34262,127,4,127,4,7
skew,34263,128,4,128,4,7
skew,34264,126,4,126,4,7
skew,34265,127,4,127,4,7
skew,34266,132,4,132,4,7
skew,34267,133,4,133,4,7
skew,34268,137,4,137,4,7
skew,34269,138,4,138,4,7
skew,34270,143,4,143,4,7
skew,34271,144,4,144,4,7
skew,34272,106,3,106,3,7
skew,34273,116,4,116,4,7
skew,34274,121,4,121,4,7
skew,34275,122,4,122,4,7
skew,34276,126,4,126,4,7
skew,34277,127,4,127,4,7
skew,34278,132,4,132,4,7
skew,34279,133,4,133,4,7
skew,34280,131,4,131,4,7
skew,34281,132,4,132,4,7
skew,34282,137,4,137,4,7
skew,34283,138,4,138,4,7
skew,34284,142,4,142,4,7
skew,34285,143,4,143,4,7
skew,34286,148,4,148,4,7
skew,34287,149,4,149,4,7
skew,34288,107,3,107,3,7
skew,34289,117,4,117,4,7
skew,34290,122,4,122,4,7
skew,34291,123,4,123,4,7
skew,34292,127,4,127,4,7
skew,34293,128,4,128,4,7
skew,34294,133,4,133,4,7
skew,34295,134,4,134,4,7
skew,34296,132,4,132,4,7
skew,34297,133,4,133,4,7
skew,34298,138,4,138,4,7
skew,34299,139,4,139,4,7
skew,34300,143,4,143,4,7
skew,34301,144,4,144,4,7
skew,34302,149,4,149,4,7
skew,34303,150,4,150,4,7
skew,34304,66,2,66,2,7
skew,34305,76,3,76,3,7
skew,34306,81,3,81,3,7
skew,34307,82,3,82,3,7
skew,34308,86,3,86,3,7
skew,34309,87,3,87,3,7
skew,34310,92,3,92,3,7
skew,34311,93,3,93,3,7
skew,34312,91,3,91,3,7
skew,34313,92,3,92,3,7
skew,34314,97,3,97,3,7
skew,34315,98,3,98,3,7
skew,34316,102,3,102,3,7
skew,34317,103,3,103,3,7
skew,34318,108,3,108,3,7
skew,34319,109,3,109,3,7
skew,34320,79,3,79,3,7
skew,34321,89,4,89,4,7
skew,34322,94,4,94,4,7
skew,34323,95,4,95,4,7
skew,34324,99,4,99,4,7
skew,34325,100,4,100,4,7
skew,34326,105,4,105,4,7
skew,34327,106,4,106,4,7
skew,34328,104,4,104,4,7
skew,34329,105,4,105,4,7
skew,34330,110,4,110,4,7
skew,34331,111,4,111,4,7
skew,34332,115,4,115,4,7
skew,34333,116,4,116,4,7
skew,34334,121,4,121,4,7
skew,34335,122,4,122,4,7
skew,34336,84,3,84,3,7
skew,34337,94,4,94,4,7
skew,34338,99,4,99,4,7
skew,34339,100,4,100,4,7
skew,34340,104,4,104,4,7
skew,34341,105,4,105,4,7
skew,34342,110,4,110,4,7
skew,34343,111,4,111,4,7
skew,34344,109,4,109,4,7
skew,34345,110,4,110,4,7
skew,34346,115,4,115,4,7
skew,34347,116,4,116,4,7
skew,34348,120,4,120,4,7
skew,34349,121,4,121,4,7
skew,34350,126,4,126,4,7
skew,34351,127,4,127,4,7
skew,34352,85,3,85,3,7
skew,34353,95,4,95,4,7
skew,34354,100,4,100,4,7
skew,34355,101,4,101,4,7
skew,34356,105,4,105,4,7
skew,34357,106,4,106,4,7
skew,34358,111,4,111,4,7
skew,34359,112,4,112,4,7
skew,34360,110,4,110,4,7
skew,34361,111,4,111,4,7
skew,34362,116,4,116,4,7
skew,34363,117,4,117,4,7
skew,34364,121,4,121,4,7
skew,34365,122,4,122,4,7
skew,34366,127,4,127,4,7
skew,34367,128,4,128,4,7
skew,34368,89,3,89,3,7
skew,34369,99,4,99,4,7
skew,34370,104,4,104,4,7
skew,34371,105,4,105,4,7
skew,34372,109,4,109,4,7
skew,34373,110,4,110,4,7
skew,34374,115,4,115,4,7
skew,34375,116,4,116,4,7
skew,34376,114,4,114,4,7
skew,34377,115,4,115,4,7
skew,34378,120,4,120,4,7
skew,34379,121,4,121,4,7
skew,34380,125,4,125,4,7
skew,34381,126,4,126,4,7
skew,34382,131,4,131,4,7
skew,34383,132,4,132,4,7
skew,34384,90,3,90,3,7
skew,34385,100,4,100,4,7
skew,34386,105,4,105,4,7
skew,34387,106,4,106,4,7
skew,34388,110,4,110,4,7
skew,34389,111,4,111,4,7
skew,34390,116,4,116,4,7
skew,34391,117,4,117,4,7
skew,34392,115,4,115,4,7
skew,34393,116,4,116,4,7
skew,34394,121,4,121,4,7
skew,34395,122,4,122,4,7
skew,34396,126,4,126,4,7
skew,34397,127,4,127,4,7
skew,34398,132,4,132,4,7
skew,34399,133,4,133,4,7
skew,34400,95,3,95,3,7
skew,34401,105,4,105,4,7
skew,34402,110,4,110,4,7
skew,34403,111,4,111,4,7
skew,34404,115,4,115,4,7
skew,34405,116,4,116,4,7
skew,34406,121,4,121,4,7
skew,34407,122,4,122,4,7
skew,34408,120,4,120,4,7
skew,34409,121,4,121,4,7
skew,34410,126,4,126,4,7
skew,34411,127,4,127,4,7
skew,34412,131,4,131,4,7
skew,34413,132,4,132,4,7
skew,34414,137,4,137,4,7
skew,34415,138,4,138,4,7
skew,34416,96,3,96,3,7
skew,34417,106,4,106,4,7
skew,34418,111,4,111,4,7
skew,34419,112,4,112,4,7
skew,34420,116,4,116,4,7
skew,34421,117,4,117,4,7
skew,34422,122,4,122,4,7
skew,34423,123,4,123,4,7
skew,34424,121,4,121,4,7
skew,34425,122,4,122,4,7
skew,34426,127,4,127,4,7
skew,34427,128,4,128,4,7
skew,34428,132,4,132,4,7
skew,34429,133,4,133,4,7
skew,34430,138,4,138,4,7
skew,34431,139,4,139,4,7
skew,34432,94,3,94,3,7
skew,34433,104,4,104,4,7
skew,34434,109,4,109,4,7
skew,34435,110,4,110,4,7
skew,34436,114,4,114,4,7
skew,34437,115,4,115,4,7
skew,34438,120,4,120,4,7
skew,34439,121,4,121,4,7
skew,34440,119,4,119,4,7
skew,34441,120,4,120,4,7
skew,34442,125,4,125,4,7
skew,34443,126,4,126,4,7
skew,34444,130,4,130,4,7
skew,34445,131,4,131,4,7
skew,34446,136,4,136,4,7
skew,34447,137,4,137,4,7
skew,34448,95,3,95,3,7
skew,34449,105,4,105,4,7
skew,34450,110,4,110,4,7
skew,34451,111,4,111,4,7
skew,34452,115,4,115,4,7
skew,34453,116,4,116,4,7
skew,34454,121,4,121,4,7
skew,34455,122,4,122,4,7
skew,34456,120,4,120,4,7
skew,34457,121,4,121,4,7
skew,34458,126,4,126,4,7
skew,34459,127,4,127,4,7
skew,34460,131,4,131,4,7
skew,34461,132,4,132,4,7
skew,34462,137,4,137,4,7
skew,34463,138,4,138,4,7
skew,34464,100,3,100,3,7
skew,34465,110,4,110,4,7
skew,34466,115,4,115,4,7
skew,34467,116,4,116,4,7
skew,34468,120,4,120,4,7
skew,34469,121,4,121,4,7
skew,34470,126,4,126,4,7
skew,34471,127,4,127,4,7
skew,34472,125,4,125,4,7
skew,34473,126,4,126,4,7
skew,34474,131,4,131,4,7
skew,34475,132,4,132,4,7
skew,34476,136,4,136,4,7
skew,34477,137,4,137,4,7
skew,34478,142,4,142,4,7
skew,34479,143,4,143,4,7
skew,34480,101,3,101,3,7
skew,34481,111,4,111,4,7
skew,34482,116,4,116,4,7
skew,34483,117,4,117,4,7
skew,34484,121,4,121,4,7
skew,34485,122,4,122,4,7
skew,34486,127,4,127,4,7
skew,34487,128,4,128,4,7
skew,34488,126,4,126,4,7
skew,34489,127,4,127,4,7
skew,34490,132,4,132,4,7
skew,34491,133,4,133,4,7
skew,34492,137,4,137,4,7
skew,34493,138,4,138,4,7
skew,34494,143,4,143,4,7
skew,34495,144,4,144,4,7
skew,34496,105,3,105,3,7
skew,34497,115,4,115,4,7
skew,34498,120,4,120,4,7
skew,34499,121,4,121,4,7
skew,34500,125,4,125,4,7
skew,34501,126,4,126,4,7
skew,34502,131,4,131,4,7
skew,34503,132,4,132,4,7
skew,34504,130,4,130,4,7
skew,34505,131,4,131,4,7
skew,34506,136,4,136,4,7
skew,34507,137,4,137,4,7
skew,34508,141,4,141,4,7
skew,34509,142,4,142,4,7
skew,34510,147,4,147,4,7
skew,34511,148,4,148,4,7
skew,34512,106,3,106,3,7
skew,34513,116,4,116,4,7
skew,34514,121,4,121,4,7
skew,34515,122,4,122,4,7
skew,34516,126,4,126,4,7
skew,34517,127,4,127,4,7
skew,34518,132,4,132,4,7
skew,34519,133,4,133,4,7
skew,34520,131,4,131,4,7
skew,34521,132,4,132,4,7
skew,34522,137,4,137,4,7
skew,34523,138,4,138,4,7
skew,34524,142,4,142,4,7
skew,34525,143,4,143,4,7
skew,34526,148,4,148,4,7
skew,34527,149,4,149,4,7
skew,34528,111,3,111,3,7
skew,34529,121,4,121,4,7
skew,34530,126,4,126,4,7
skew,34531,127,4,127,4,7
skew,34532,131,4,131,4,7
skew,34533,132,4,132,4,7
skew,34534,137,4,137,4,7
skew,34535,138,4,138,4,7
skew,34536,136,4,136,4,7
skew,34537,137,4,137,4,7
skew,34538,142,4,142,4,7
skew,34539,143,4,143,4,7
skew,34540,147,4,147,4,7
skew,34541,148,4,148,4,7
skew,34542,153,4,153,4,7
skew,34543,154,4,154,4,7
skew,34544,112,3,112,3,7
skew,34545,122,4,122,4,7
skew,34546,127,4,127,4,7
skew,34547,128,4,128,4,7
skew,34548,132,4,132,4,7
skew,34549,133,4,133,4,7
skew,34550,138,4,138,4,7
skew,34551,139,4,139,4,7
skew,34552,137,4,137,4,7
skew,34553,138,4,138,4,7
skew,34554,143,4,143,4,7
skew,34555,144,4,144,4,7
skew,34556,148,4,148,4,7
skew,34557,149,4,149,4,7
skew,34558,154,4,154,4,7
skew,34559,155,4,155,4,7
skew,34560,67,2,67,2,7
skew,34561,77,3,77,3,7
skew,34562,82,3,82,3,7
skew,34563,83,3,83,3,7
skew,34564,87,3,87,3,7
skew,34565,88,3,88,3,7
skew,34566,93,3,93,3,7
skew,34567,94,3,94,3,7
skew,34568,92,3,92,3,7
skew,34569,93,3,93,3,7
skew,34570,98,3,98,3,7
skew,34571,99,3,99,3,7
skew,34572,103,3,103,3,7
skew,34573,104,3,104,3,7
skew,34574,109,3,109,3,7
skew,34575,110,3,110,3,7
skew,34576,80,3,80,3,7
skew,34577,90,4,90,4,7
skew,34578,95,4,95,4,7
skew,34579,96,4,96,4,7
skew,34580,100,4,100,4,7
skew,34581,101,4,101,4,7
skew,34582,106,4,106,4,7
skew,34583,107,4,107,4,7
skew,34584,105,4,105,4,7
skew,34585,106,4,106,4,7
skew,34586,111,4,111,4,7
skew,34587,112,4,112,4,7
skew,34588,116,4,116,4,7
skew,34589,117,4,117,4,7
skew,34590,122,4,122,4,7
skew,34591,123,4,123,4,7
skew,34592,85,3,85,3,7
skew,34593,95,4,95,4,7
skew,34594,100,4,100,4,7
skew,34595,101,4,101,4,7
skew,34596,105,4,105,4,7
skew,34597,106,4,106,4,7
skew,34598,111,4,111,4,7
skew,34599,112,4,112,4,7
skew,34600,110,4,110,4,7
skew,34601,111,4,111,4,7
skew,34602,116,4,116,4,7
skew,34603,117,4,117,4,7
skew,34604,121,4,121,4,7
skew,34605,122,4,122,4,7
skew,34606,127,4,127,4,7
skew,34607,128,4,128,4,7
skew,34608,86,3,86,3,7
skew,34609,96,4,96,4,7
skew,34610,101,4,101,4,7
skew,34611,102,4,102,4,7
skew,34612,106,4,106,4,7
skew,34613,107,4,107,4,7
skew,34614,112,4,112,4,7
skew,34615,113,4,113,4,7
skew,34616,111,4,111,4,7
skew,34617,112,4,112,4,7
skew,34618,117,4,117,4,7
skew,34619,118,4,118,4,7
skew,34620,122,4,122,4,7
skew,34621,123,4,123,4,7
skew,34622,128,4,128,4,7
skew,34623,129,4,129,4,7
skew,34624,90,3,90,3,7
skew,34625,100,4,100,4,7
skew,34626,105,4,105,4,7
skew,34627,106,4,106,4,7
skew,34628,110,4,110,4,7
skew,34629,111,4,111,4,7
skew,34630,116,4,116,4,7
skew,34631,117,4,117,4,7
skew,34632,115,4,115,4,7
skew,34633,116,4,116,4,7
skew,34634,121,4,121,4,7
skew,34635,122,4,122,4,7
skew,34636,126,4,126,4,7
skew,34637,127,4,127,4,7
skew,34638,132,4,132,4,7
skew,34639,133,4,133,4,7
skew,34640,91,3,91,3,7
skew,34641,101,4,101,4,7
skew,34642,106,4,106,4,7
skew,34643,107,4,107,4,7
skew,34644,111,4,111,4,7
skew,34645,112,4,112,4,7
skew,34646,117,4,117,4,7
skew,34647,118,4,118,4,7
skew,34648,116,4,116,4,7
skew,34649,117,4,117,4,7
skew,34650,122,4,122,4,7
skew,34651,123,4,123,4,7
skew,34652,127,4,127,4,7
skew,34653,128,4,128,4,7
skew,34654,133,4,133,4,7
skew,34655,134,4,134,4,7
skew,34656,96,3,96,3,7
skew,34657,106,4,106,4,7
skew,34658,111,4,111,4,7
skew,34659,112,4,112,4,7
skew,34660,116,4,116,4,7
skew,34661,117,4,117,4,7
skew,34662,122,4,122,4,7
skew,34663,123,4,123,4,7
skew,34664,121,4,121,4,7
skew,34665,122,4,122,4,7
skew,34666,127,4,127,4,7
skew,34667,128,4,128,4,7
skew,34668,132,4,132,4,7
skew,34669,133,4,133,4,7
skew,34670,138,4,138,4,7
skew,34671,139,4,139,4,7
skew,34672,97,3,97,3,7
skew,34673,107,4,107,4,7
skew,34674,112,4,112,4,7
skew,34675,113,4,113,4,7
skew,34676,117,4,117,4,7
skew,34677,118,4,118,4,7
skew,34678,123,4,123,4,7
skew,34679,124,4,124,4,7
skew,34680,122,4,122,4,7
skew,34681,123,4,123,4,7
skew,34682,128,4,128,4,7
skew,34683,129,4,129,4,7
skew,34684,133,4,133,4,7
skew,34685,134,4,134,4,7
skew,34686,139,4,139,4,7
skew,34687,140,4,140,4,7
skew,34688,95,3,95,3,7
skew,34689,105,4,105,4,7
skew,34690,110,4,110,4,7
skew,34691,111,4,111,4,7
skew,34692,115,4,115,4,7
skew,34693,116,4,116,4,7
skew,34694,121,4,121,4,7
skew,34695,122,4,122,4,7
skew,34696,120,4,120,4,7
skew,34697,121,4,121,4,7
skew,34698,126,4,126,4,7
skew,34699,127,4,127,4,7
skew,34700,131,4,131,4,7
skew,34701,132,4,132,4,7
skew,34702,137,4,137,4,7
skew,34703,138,4,138,4,7
skew,34704,96,3,96,3,7
skew,34705,106,4,106,4,7
skew,34706,111,4,111,4,7
skew,34707,112,4,112,4,7
skew,34708,116,4,116,4,7
skew,34709,117,4,117,4,7
skew,34710,122,4,122,4,7
skew,34711,123,4,123,4,7
skew,34712,121,4,121,4,7
skew,34713,122,4,122,4,7
skew,34714,127,4,127,4,7
skew,34715,128,4,128,4,7
skew,34716,132,4,132,4,7
skew,34717,133,4,133,4,7
skew,34718,138,4,138,4,7
skew,34719,139,4,139,4,7
skew,34720,101,3,101,3,7
skew,34721,111,4,111,4,7
skew,34722,116,4,116,4,7
skew,34723,117,4,117,4,7
skew,34724,121,4,121,4,7
skew,34725,122,4,122,4,7
skew,34726,127,4,127,4,7
skew,34727,128,4,128,4,7
skew,34728,126,4,126,4,7
skew,34729,127,4,127,4,7
skew,34730,132,4,132,4,7
skew,34731,133,4,133,4,7
skew,34732,137,4,137,4,7
skew,34733,138,4,138,4,7
skew,34734,143,4,143,4,7
skew,34735,144,4,144,4,7
skew,34736,102,3,102,3,7
skew,34737,112,4,112,4,7
skew,34738,117,4,117,4,7
skew,34739,118,4,118,4,7
skew,34740,122,4,122,4,7
skew,34741,123,4,123,4,7
skew,34742,128,4,128,4,7
skew,34743,129,4,129,4,7
skew,34744,127,4,127,4,7
skew,34745,128,4,128,4,7
skew,34746,133,4,133,4,7
skew,34747,134,4,134,4,7
skew,34748,138,4,138,4,7
skew,34749,139,4,139,4,7
skew,34750,144,4,144,4,7
skew,34751,145,4,145,4,7
skew,34752,106,3,106,3,7
skew,34753,116,4,116,4,7
skew,34754,121,4,121,4,7
skew,34755,122,4,122,4,7
skew,34756,126,4,126,4,7
skew,34757,127,4,127,4,7
skew,34758,132,4,132,4,7
skew,34759,133,4,133,4,7
skew,34760,131,4,131,4,7
skew,34761,132,4,132,4,7
skew,34762,137,4,137,4,7
skew,34763,138,4,138,4,7
skew,34764,142,4,142,4,7
skew,34765,143,4,143,4,7
skew,34766,148,4,148,4,7
skew,34767,149,4,149,4,7
skew,34768,107,3,107,3,7
skew,34769,117,4,117,4,7
skew,34770,122,4,122,4,7
skew,34771,123,4,123,4,7
skew,34772,127,4,127,4,7
skew,34773,128,4,128,4,7
skew,34774,133,4,133,4,7
skew,34775,134,4,134,4,7
skew,34776,132,4,132,4,7
skew,34777,133,4,133,4,7
skew,34778,138,4,138,4,7
skew,34779,139,4,139,4,7
skew,34780,143,4,143,4,7
skew,34781,144,4,144,4,7
skew,34782,149,4,149,4,7
skew,34783,150,4,150,4,7
skew,34784,112,3,112,3,7
skew,34785,122,4,122,4,7
skew,34786,127,4,127,4,7
skew,34787,128,4,128,4,7
skew,34788,132,4,132,4,7
skew,34789,133,4,133,4,7
skew,34790,138,4,138,4,7
skew,34791,139,4,139,4,7
skew,34792,137,4,137,4,7
skew,34793,138,4,138,4,7
skew,34794,143,4,143,4,7
skew,34795,144,4,144,4,7
skew,34796,148,4,148,4,7
skew,34797,149,4,149,4,7
skew,34798,154,4,154,4,7
skew,34799,155,4,155,4,7
skew,34800,113,3,113,3,7
skew,34801,123,4,123,4,7
skew,34802,128,4,128,4,7
skew,34803,129,4,129,4,7
skew,34804,133,4,133,4,7
skew,34805,134,4,134,4,7
skew,34806,139,4,139,4,7
skew,34807,140,4,140,4,7
skew,34808,138,4,138,4,7
skew,34809,139,4,139,4,7
skew,34810,144,4,144,4,7
skew,34811,145,4,145,4,7
skew,34812,149,4,149,4,7
skew,34813,150,4,150,4,7
skew,34814,155,4,155,4,7
skew,34815,156,4,156,4,7
skew,34816,42,1,42,1,9
skew,34817,52,2,52,2,9
skew,34818,57,2,57,2,9
skew,34819,58,2,58,2,9
skew,34820,62,2,62,2,9
skew,34821,63,2,63,2,9
skew,34822,68,2,68,2,9
skew,34823,69,2,69,2,9
skew,34824,67,2,67,2,9
skew,34825,68,2,68,2,9
skew,34826,73,2,73,2,9
skew,34827,74,2,74,2,9
skew,34828,78,2,78,2,9
skew,34829,79,2,79,2,9
skew,34830,84,2,84,2,9
skew,34831,85,2,85,2,9
skew,34832,55,2,55,2,9
skew,34833,65,3,65,3,9
skew,34834,70,3,70,3,9
skew,34835,71,3,71,3,9
skew,34836,75,3,75,3,9
skew,34837,76,3,76,3,9
skew,34838,81,3,81,3,9
skew,34839,82,3,82,3,9
skew,34840,80,3,80,3,9
skew,34841,81,3,81,3,9
skew,34842,86,3,86,3,9
skew,34843,87,3,87,3,9
skew,34844,91,3,91,3,9
skew,34845,92,3,92,3,9
skew,34846,97,3,97,3,9
skew,34847,98,3,98,3,9
skew,34848,60,2,60,2,9
skew,34849,70,3,70,3,9
skew,34850,75,3,75,3,9
skew,34851,76,3,76,3,9
skew,34852,80,3,80,3,9
skew,34853,81,3,81,3,9
skew,34854,86,3,86,3,9
skew,34855,87,3,87,3,9
skew,34856,85,3,85,3,9
skew,34857,86,3,86,3,9
skew,34858,91,3,91,3,9
skew,34859,92,3,92,3,9
skew,34860,96,3,96,3,9
skew,34861,97,3,97,3,9
skew,34862,102,3,102,3,9
skew,34863,103,3,103,3,9
skew,34864,61,2,61,2,9
skew,34865,71,3,71,3,9
skew,34866,76,3,76,3,9
skew,34867,77,3,77,3,9
skew,34868,81,3,81,3,9
skew,34869,82,3,82,3,9
skew,34870,87,3,87,3,9
skew,34871,88,3,88,3,9
skew,34872,86,3,86,3,9
skew,34873,87,3,87,3,9
skew,34874,92,3,92,3,9
skew,34875,93,3,93,3,9
skew,34876,97,3,97,3,9
skew,34877,98,3,98,3,9
skew,34878,103,3,103,3,9
skew,34879,104,3,104,3,9
skew,34880,65,2,65,2,9
skew,34881,75,3,75,3,9
skew,34882,80,3,80,3,9
skew,34883,81,3,81,3,9
skew,34884,85,3,85,3,9
skew,34885,86,3,86,3,9
skew,34886,91,3,91,3,9
skew,34887,92,3,92,3,9
skew,34888,90,3,90,3,9
skew,34889,91,3,91,3,9
skew,34890,96,3,96,3,9
skew,34891,97,3,97,3,9
skew,34892,101,3,101,3,9
skew,34893,102,3,102,3,9
skew,34894,107,3,107,3,9
skew,34895,108,3,108,3,9
skew,34896,66,2,66,2,9
skew,34897,76,3,76,3,9
skew,34898,81,3,81,3,9
skew,34899,82,3,82,3,9
skew,34900,86,3,86,3,9
skew,34901,87,3,87,3,9
skew,34902,92,3,92,3,9
skew,34903,93,3,93,3,9
skew,34904,91,3,91,3,9
skew,34905,92,3,92,3,9
skew,34906,97,3,97,3,9
skew,34907,98,3,98,3,9
skew,34908,102,3,102,3,9
skew,34909,103,3,103,3,9
skew,34910,108,3,108,3,9
skew,34911,109,3,109,3,9
skew,34912,71,2,71,2,9
skew,34913,81,3,81,3,9
skew,34914,86,3,86,3,9
skew,34915,87,3,87,3,9
skew,34916,91,3,91,3,9
skew,34917,92,3,92,3,9
skew,34918,97,3,97,3,9
skew,34919,98,3,98,3,9
skew,34920,96,3,96,3,9
skew,34921,97,3,97,3,9
skew,34922,102,3,102,3,9
skew,34923,103,3,103,3,9
skew,34924,107,3,107,3,9
skew,34925,108,3,108,3,9
skew,34926,113,3,113,3,9
skew,34927,114,3,114,3,9
skew,34928,72,2,72,2,9
skew,34929,82,3,82,3,9
skew,34930,87,3,87,3,9
skew,34931,88,3,88,3,9
skew,34932,92,3,92,3,9
skew,34933,93,3,93,3,9
skew,34934,98,3,98,3,9
skew,34935,99,3,99,3,9
skew,34936,97,3,97,3,9
skew,34937,98,3,98,3,9
skew,34938,103,3,103,3,9
skew,34939,104,3,104,3,9
skew,34940,108,3,108,3,9
skew,34941,109,3,109,3,9
skew,34942,114,3,114,3,9
skew,34943,115,3,115,3,9
skew,34944,47,1,47,1,11
skew,34945,57,2,57,2,11
skew,34946,62,2,62,2,11
skew,34947,63,2,63,2,11
skew,34948,67,2,67,2,11
skew,34949,68,2,68,2,11
skew,34950,73,2,73,2,11
skew,34951,74,2,74,2,11
skew,34952,49,1,49,1,13
skew,34953,59,2,59,2,13
skew,34954,64,2,64,2,13
skew,34955,65,2,65,2,13
skew,34956,69,2,69,2,13
skew,34957,70,2,70,2,13
skew,34958,75,2,75,2,13
skew,34959,76,2,76,2,13
skew,34960,60,2,60,2,11
skew,34961,70,3,70,3,11
skew,34962,75,3,75,3,11
skew,34963,76,3,76,3,11
skew,34964,80,3,80,3,11
skew,34965,81,3,81,3,11
skew,34966,86,3,86,3,11
skew,34967,87,3,87,3,11
skew,34968,62,2,62,2,13
skew,34969,72,3,72,3,13
skew,34970,77,3,77,3,13
skew,34971,78,3,78,3,13
skew,34972,82,3,82,3,13
skew,34973,83,3,83,3,13
skew,34974,88,3,88,3,13
skew,34975,89,3,89,3,13
skew,34976,65,2,65,2,11
skew,34977,75,3,75,3,11
skew,34978,80,3,80,3,11
skew,34979,81,3,81,3,11
skew,34980,85,3,85,3,11
skew,34981,86,3,86,3,11
skew,34982,91,3,91,3,11
skew,34983,92,3,92,3,11
skew,34984,67,2,67,2,13
skew,34985,77,3,77,3,13
skew,34986,82,3,82,3,13
skew,34987,83,3,83,3,13
skew,34988,87,3,87,3,13
skew,34989,88,3,88,3,13
skew,34990,93,3,93,3,13
skew,34991,94,3,94,3,13
skew,34992,66,2,66,2,11
skew,34993,76,3,76,3,11
skew,34994,81,3,81,3,11
skew,34995,82,3,82,3,11
skew,34996,86,3,86,3,11
skew,34997,87,3,87,3,11
skew,34998,92,3,92,3,11
skew,34999,93,3,93,3,11
skew,35000,68,2,68,2,13
skew,35001,78,3,78,3,13
skew,35002,83,3,83,3,13
skew,35003,84,3,84,3,13
skew,35004,88,3,88,3,13
skew,35005,89,3,89,3,13
skew,35006,94,3,94,3,13
skew,35007,95,3,95,3,13
skew,35008,70,2,70,2,11
skew,35009,80,3,80,3,11
skew,35010,85,3,85,3,11
skew,35011,86,3,86,3,11
skew,35012,90,3,90,3,11
skew,35013,91,3,91,3,11
skew,35014,96,3,96,3,11
skew,35015,97,3,97,3,11
skew,35016,72,2,72,2,13
skew,35017,82,3,82,3,13
skew,35018,87,3,87,3,13
skew,35019,88,3,88,3,13
skew,35020,92,3,92,3,13
skew,35021,93,3,93,3,13
skew,35022,98,3,98,3,13
skew,35023,99,3,99,3,13
skew,35024,71,2,71,2,11
skew,35025,81,3,81,3,11
skew,35026,86,3,86,3,11
skew,35027,87,3,87,3,11
skew,35028,91,3,91,3,11
skew,35029,92,3,92,3,11
skew,35030,97,3,97,3,11
skew,35031,98,3,98,3,11
skew,35032,73,2,73,2,13
skew,35033,83,3,83,3,13
skew,35034,88,3,88,3,13
skew,35035,89,3,89,3,13
skew,35036,93,3,93,3,13
skew,35037,94,3,94,3,13
skew,35038,99,3,99,3,13
skew,35039,100,3,100,3,13
skew,35040,76,2,76,2,11
skew,35041,86,3,86,3,11
skew,35042,91,3,91,3,11
skew,35043,92,3,92,3,11
skew,35044,96,3,96,3,11
skew,35045,97,3,97,3,11
skew,35046,102,3,102,3,11
skew,35047,103,3,103,3,11
skew,35048,78,2,78,2,13
skew,35049,88,3,88,3,13
skew,35050,93,3,93,3,13
skew,35051,94,3,94,3,13
skew,35052,98,3,98,3,13
skew,35053,99,3,99,3,13
skew,35054,104,3,104,3,13
skew,35055,105,3,105,3,13
skew,35056,77,2,77,2,11
skew,35057,87,3,87,3,11
skew,35058,92,3,92,3,11
skew,35059,93,3,93,3,11
skew,35060,97,3,97,3,11
skew,35061,98,3,98,3,11
skew,35062,103,3,103,3,11
skew,35063,104,3,104,3,11
skew,35064,79,2,79,2,13
skew,35065,89,3,89,3,13
skew,35066,94,3,94,3,13
skew,35067,95,3,95,3,13
skew,35068,99,3,99,3,13
skew,35069,100,3,100,3,13
skew,35070,105,3,105,3,13
skew,35071,106,3,106,3,13
skew,35072,58,2,58,2,9
skew,35073,68,3,68,3,9
skew,35074,73,3,73,3,9
skew,35075,74,3,74,3,9
skew,35076,78,3,78,3,9
skew,35077,79,3,79,3,9
skew,35078,84,3,84,3,9
skew,35079,85,3,85,3,9
skew,35080,83,3,83,3,9
skew,35081,84,3,84,3,9
skew,35082,89,3,89,3,9
skew,35083,90,3,90,3,9
skew,35084,94,3,94,3,9
skew,35085,95,3,95,3,9
skew,35086,100,3,100,3,9
skew,35087,101,3,101,3,9
skew,35088,71,3,71,3,9
skew,35089,81,4,81,4,9
skew,35090,86,4,86,4,9
skew,35091,87,4,87,4,9
skew,35092,91,4,91,4,9
skew,35093,92,4,92,4,9
skew,35094,97,4,97,4,9
skew,35095,98,4,98,4,9
skew,35096,96,4,96,4,9
skew,35097,97,4,97,4,9
skew,35098,102,4,102,4,9
skew,35099,103,4,103,4,9
skew,35100,107,4,107,4,9
skew,35101,108,4,108,4,9
skew,35102,113,4,113,4,9
skew,35103,114,4,114,4,9
skew,35104,76,3,76,3,9
skew,35105,86,4,86,4,9
skew,35106,91,4,91,4,9
skew,35107,92,4,92,4,9
skew,35108,96,4,96,4,9
skew,35109,97,4,97,4,9
skew,35110,102,4,102,4,9
skew,35111,103,4,103,4,9
skew,35112,101,4,101,4,9
skew,35113,102,4,102,4,9
skew,35114,107,4,107,4,9
skew,35115,108,4,108,4,9
skew,35116,112,4,112,4,9
skew,35117,113,4,113,4,9
skew,35118,118,4,118,4,9
skew,35119,119,4,119,4,9
skew,35120,77,3,77,3,9
skew,35121,87,4,87,4,9
skew,35122,92,4,92,4,9
skew,35123,93,4,93,4,9
skew,35124,97,4,97,4,9
skew,35125,98,4,98,4,9
skew,35126,103,4,103,4,9
skew,35127,104,4,104,4,9
skew,35128,102,4,102,4,9
skew,35129,103,4,103,4,9
skew,35130,108,4,108,4,9
skew,35131,109,4,109,4,9
skew,35132,113,4,113,4,9
skew,35133,114,4,114,4,9
skew,35134,119,4,119,4,9
skew,35135,120,4,120,4,9
skew,35136,81,3,81,3,9
skew,35137,91,4,91,4,9
skew,35138,96,4,96,4,9
skew,35139,97,4,97,4,9
skew,35140,101,4,101,4,9
skew,35141,102,4,102,4,9
skew,35142,107,4,107,4,9
skew,35143,108,4,108,4,9
skew,35144,106,4,106,4,9
skew,35145,107,4,107,4,9
skew,35146,112,4,112,4,9
skew,35147,113,4,113,4,9
skew,35148,117,4,117,4,9
skew,35149,118,4,118,4,9
skew,35150,123,4,123,4,9
skew,35151,124,4,124,4,9
skew,35152,82,3,82,3,9
skew,35153,92,4,92,4,9
skew,35154,97,4,97,4,9
skew,35155,98,4,98,4,9
skew,35156,102,4,102,4,9
skew,35157,103,4,103,4,9
skew,35158,108,4,108,4,9
skew,35159,109,4,109,4,9
skew,35160,107,4,107,4,9
skew,35161,108,4,108,4,9
skew,35162,113,4,113,4,9
skew,35163,114,4,114,4,9
skew,35164,118,4,118,4,9
skew,35165,119,4,119,4,9
skew,35166,124,4,124,4,9
skew,35167,125,4,125,4,9
skew,35168,87,3,87,3,9
skew,35169,97,4,97,4,9
skew,35170,102,4,102,4,9
skew,35171,103,4,103,4,9
skew,35172,107,4,107,4,9
skew,35173,108,4,108,4,9
skew,35174,113,4,113,4,9
skew,35175,114,4,114,4,9
skew,35176,112,4,112,4,9
skew,35177,113,4,113,4,9
skew,35178,118,4,118,4,9
skew,35179,119,4,119,4,9
skew,35180,123,4,123,4,9
skew,35181,124,4,124,4,9
skew,35182,129,4,129,4,9
skew,35183,130,4,130,4,9
skew,35184,88,3,88,3,9
skew,35185,98,4,98,4,9
skew,35186,103,4,103,4,9
skew,35187,104,4,104,4,9
skew,35188,108,4,108,4,9
skew,35189,109,4,109,4,9
skew,35190,114,4,114,4,9
skew,35191,115,4,115,4,9
skew,35192,113,4,113,4,9
skew,35193,114,4,114,4,9
skew,35194,119,4,119,4,9
skew,35195,120,4,120,4,9
skew,35196,124,4,124,4,9
skew,35197,125,4,125,4,9
skew,35198,130,4,130,4,9
skew,35199,131,4,131,4,9
skew,35200,63,2,63,2,11
skew,35201,73,3,73,3,11
skew,35202,78,3,78,3,11
skew,35203,79,3,79,3,11
skew,35204,83,3,83,3,11
skew,35205,84,3,84,3,11
skew,35206,89,3,89,3,11
skew,35207,90,3,90,3,11
skew,35208,65,2,65,2,13
skew,35209,75,3,75,3,13
skew,35210,80,3,80,3,13
skew,35211,81,3,81,3,13
skew,35212,85,3,85,3,13
skew,35213,86,3,86,3,13
skew,35214,91,3,91,3,13
skew,35215,92,3,92,3,13
skew,35216,76,3,76,3,11
skew,35217,86,4,86,4,11
skew,35218,91,4,91,4,11
skew,35219,92,4,92,4,11
skew,35220,96,4,96,4,11
skew,35221,97,4,97,4,11
skew,35222,102,4,102,4,11
skew,35223,103,4,103,4,11
skew,35224,78,3,78,3,13
skew,35225,88,4,88,4,13
skew,35226,93,4,93,4,13
skew,35227,94,4,94,4,13
skew,35228,98,4,98,4,13
skew,35229,99,4,99,4,13
skew,35230,104,4,104,4,13
skew,35231,105,4,105,4,13
skew,35232,81,3,81,3,11
skew,35233,91,4,91,4,11
skew,35234,96,4,96,4,11
skew,35235,97,4,97,4,11
skew,35236,101,4,101,4,11
skew,35237,102,4,102,4,11
skew,35238,107,4,107,4,11
skew,35239,108,4,108,4,11
skew,35240,83,3,83,3,13
skew,35241,93,4,93,4,13
skew,35242,98,4,98,4,13
skew,35243,99,4,99,4,13
skew,35244,103,4,103,4,13
skew,35245,104,4,104,4,13
skew,35246,109,4,109,4,13
skew,35247,110,4,110,4,13
skew,35248,82,3,82,3,11
skew,35249,92,4,92,4,11
skew,35250,97,4,97,4,11
skew,35251,98,4,98,4,11
skew,35252,102,4,102,4,11
skew,35253,103,4,103,4,11
skew,35254,108,4,108,4,11
skew,35255,109,4,109,4,11
skew,35256,84,3,84,3,13
skew,35257,94,4,94,4,13
skew,35258,99,4,99,4,13
skew,35259,100,4,100,4,13
skew,35260,104,4,104,4,13
skew,35261,105,4,105,4,13
skew,35262,110,4,110,4,13
skew,35263,111,4,111,4,13
skew,35264,86,3,86,3,11
skew,35265,96,4,96,4,11
skew,35266,101,4,101,4,11
skew,35267,102,4,102,4,11
skew,35268,106,4,106,4,11
skew,35269,107,4,107,4,11
skew,35270,112,4,112,4,11
skew,35271,113,4,113,4,11
skew,35272,88,3,88,3,13
skew,35273,98,4,98,4,13
skew,35274,103,4,103,4,13
skew,35275,104,4,104,4,13
skew,35276,108,4,108,4,13
skew,35277,109,4,109,4,13
skew,35278,114,4,114,4,13
skew,35279,115,4,115,4,13
skew,35280,87,3,87,3,11
skew,35281,97,4,97,4,11
skew,35282,102,4,102,4,11
skew,35283,103,4,103,4,11
skew,35284,107,4,107,4,11
skew,35285,108,4,108,4,11
skew,35286,113,4,113,4,11
skew,35287,114,4,114,4,11
skew,35288,89,3,89,3,13
skew,35289,99,4,99,4,13
skew,35290,104,4,104,4,13
skew,35291,105,4,105,4,13
skew,35292,109,4,109,4,13
skew,35293,110,4,110,4,13
skew,35294,115,4,115,4,13
skew,35295,116,4,116,4,13
skew,35296,92,3,92,3,11
skew,35297,102,4,102,4,11
skew,35298,107,4,107,4,11
skew,35299,108,4,108,4,11
skew,35300,112,4,112,4,11
skew,35301,113,4,113,4,11
skew,35302,118,4,118,4,11
skew,35303,119,4,119,4,11
skew,35304,94,3,94,3,13
skew,35305,104,4,104,4,13
skew,35306,109,4,109,4,13
skew,35307,110,4,110,4,13
skew,35308,114,4,114,4,13
skew,35309,115,4,115,4,13
skew,35310,120,4,120,4,13
skew,35311,121,4,121,4,13
skew,35312,93,3,93,3,11
skew,35313,103,4,103,4,11
skew,35314,108,4,108,4,11
skew,35315,109,4,109,4,11
skew,35316,113,4,113,4,11
skew,35317,114,4,114,4,11
skew,35318,119,4,119,4,11
skew,35319,120,4,120,4,11
skew,35320,95,3,95,3,13
skew,35321,105,4,105,4,13
skew,35322,110,4,110,4,13
skew,35323,111,4,111,4,13
skew,35324,115,4,115,4,13
skew,35325,116,4,116,4,13
skew,35326,121,4,121,4,13
skew,35327,122,4,122,4,13
skew,35328,63,2,63,2,9
skew,35329,73,3,73,3,9
skew,35330,78,3,78,3,9
skew,35331,79,3,79,3,9
skew,35332,83,3,83,3,9
skew,35333,84,3,84,3,9
skew,35334,89,3,89,3,9
skew,35335,90,3,90,3,9
skew,35336,88,3,88,3,9
skew,35337,89,3,89,3,9
skew,35338,94,3,94,3,9
skew,35339,95,3,95,3,9
skew,35340,99,3,99,3,9
skew,35341,100,3,100,3,9
skew,35342,105,3,105,3,9
skew,35343,106,3,106,3,9
skew,35344,76,3,76,3,9
skew,35345,86,4,86,4,9
skew,35346,91,4,91,4,9
skew,35347,92,4,92,4,9
skew,35348,96,4,96,4,9
skew,35349,97,4,97,4,9
skew,35350,102,4,102,4,9
skew,35351,103,4,103,4,9
skew,35352,101,4,101,4,9
skew,35353,102,4,102,4,9
skew,35354,107,4,107,4,9
skew,35355,108,4,108,4,9
skew,35356,112,4,112,4,9
skew,35357,113,4,113,4,9
skew,35358,118,4,118,4,9
skew,35359,119,4,119,4,9
skew,35360,81,3,81,3,9
skew,35361,91,4,91,4,9
skew,35362,96,4,96,4,9
skew,35363,97,4,97,4,9
skew,35364,101,4,101,4,9
skew,35365,102,4,102,4,9
skew,35366,107,4,107,4,9
skew,35367,108,4,108,4,9
skew,35368,106,4,106,4,9
skew,35369,107,4,107,4,9
skew,35370,112,4,112,4,9
skew,35371,113,4,113,4,9
skew,35372,117,4,117,4,9
skew,35373,118,4,118,4,9
skew,35374,123,4,123,4,9
skew,35375,124,4,124,4,9
skew,35376,82,3,82,3,9
skew,35377,92,4,92,4,9
skew,35378,97,4,97,4,9
skew,35379,98,4,98,4,9
skew,35380,102,4,102,4,9
skew,35381,103,4,103,4,9
skew,35382,108,4,108,4,9
skew,35383,109,4,109,4,9
skew,35384,107,4,107,4,9
skew,35385,108,4,108,4,9
skew,35386,113,4,113,4,9
skew,35387,114,4,114,4,9
skew,35388,118,4,118,4,9
skew,35389,119,4,119,4,9
skew,35390,124,4,124,4,9
skew,35391,125,4,125,4,9
skew,35392,86,3,86,3,9
skew,35393,96,4,96,4,9
skew,35394,101,4,101,4,9
skew,35395,102,4,102,4,9
skew,35396,106,4,106,4,9
skew,35397,107,4,107,4,9
skew,35398,112,4,112,4,9
skew,35399,113,4,113,4,9
skew,35400,111,4,111,4,9
skew,35401,112,4,112,4,9
skew,35402,117,4,117,4,9
skew,35403,118,4,118,4,9
skew,35404,122,4,122,4,9
skew,35405,123,4,123,4,9
skew,35406,128,4,128,4,9
skew,35407,129,4,129,4,9
skew,35408,87,3,87,3,9
skew,35409,97,4,97,4,9
skew,35410,102,4,102,4,9
skew,35411,103,4,103,4,9
skew,35412,107,4,107,4,9
skew,35413,108,4,108,4,9
skew,35414,113,4,113,4,9
skew,35415,114,4,114,4,9
skew,35416,112,4,112,4,9
skew,35417,113,4,113,4,9
skew,35418,118,4,118,4,9
skew,35419,119,4,119,4,9
skew,35420,123,4,123,4,9
skew,35421,124,4,124,4,9
skew,35422,129,4,129,4,9
skew,35423,130,4,130,4,9
skew,35424,92,3,92,3,9
skew,35425,102,4,102,4,9
skew,35426,107,4,107,4,9
skew,35427,108,4,108,4,9
skew,35428,112,4,112,4,9
skew,35429,113,4,113,4,9
skew,35430,118,4,118,4,9
skew,35431,119,4,119,4,9
skew,35432,117,4,117,4,9
skew,35433,118,4,118,4,9
skew,35434,123,4,123,4,9
skew,35435,124,4,124,4,9
skew,35436,128,4,128,4,9
skew,35437,129,4,129,4,9
skew,35438,134,4,134,4,9
skew,35439,135,4,135,4,9
skew,35440,93,3,93,3,9
skew,35441,103,4,103,4,9
skew,35442,108,4,108,4,9
skew,35443,109,4,109,4,9
skew,35444,113,4,113,4,9
skew,35445,114,4,114,4,9
skew,35446,119,4,119,4,9
skew,35447,120,4,120,4,9
skew,35448,118,4,118,4,9
skew,35449,119,4,119,4,9
skew,35450,124,4,124,4,9
skew,35451,125,4,125,4,9
skew,35452,129,4,129,4,9
skew,35453,130,4,130,4,9
skew,35454,135,4,135,4,9
skew,35455,136,4,136,4,9
skew,35456,68,2,68,2,11
skew,35457,78,3,78,3,11
skew,35458,83,3,83,3,11
skew,35459,84,3,84,3,11
skew,35460,88,3,88,3,11
skew,35461,89,3,89,3,11
skew,35462,94,3,94,3,11
skew,35463,95,3,95,3,11
skew,35464,70,2,70,2,13
skew,35465,80,3,80,3,13
skew,35466,85,3,85,3,13
skew,35467,86,3,86,3,13
skew,35468,90,3,90,3,13
skew,35469,91,3,91,3,13
skew,35470,96,3,96,3,13
skew,35471,97,3,97,3,13
skew,35472,81,3,81,3,11
skew,35473,91,4,91,4,11
skew,35474,96,4,96,4,11
skew,35475,97,4,97,4,11
skew,35476,101,4,101,4,11
skew,35477,102,4,102,4,11
skew,35478,107,4,107,4,11
skew,35479,108,4,108,4,11
skew,35480,83,3,83,3,13
skew,35481,93,4,93,4,13
skew,35482,98,4,98,4,13
skew,35483,99,4,99,4,13
skew,35484,103,4,103,4,13
skew,35485,104,4,104,4,13
skew,35486,109,4,109,4,13
skew,35487,110,4,110,4,13
skew,35488,86,3,86,3,11
skew,35489,96,4,96,4,11
skew,35490,101,4,101,4,11
skew,35491,102,4,102,4,11
skew,35492,106,4,106,4,11
skew,35493,107,4,107,4,11
skew,35494,112,4,112,4,11
skew,35495,113,4,113,4,11
skew,35496,88,3,88,3,13
skew,35497,98,4,98,4,13
skew,35498,103,4,103,4,13
skew,35499,104,4,104,4,13
skew,35500,108,4,108,4,13
skew,35501,109,4,109,4,13
skew,35502,114,4,114,4,13
skew,35503,115,4,115,4,13
skew,35504,87,3,87,3,11
skew,35505,97,4,97,4,11
skew,35506,102,4,102,4,11
skew,35507,103,4,103,4,11
skew,35508,107,4,107,4,11
skew,35509,108,4,108,4,11
skew,35510,113,4,113,4,11
skew,35511,114,4,114,4,11
skew,35512,89,3,89,3,13
skew,35513,99,4,99,4,13
skew,35514,104,4,104,4,13
skew,35515,105,4,105,4,13
skew,35516,109,4,109,4,13
skew,35517,110,4,110,4,13
skew,35518,115,4,115,4,13
skew,35519,116,4,116,4,13
skew,35520,91,3,91,3,11
skew,35521,101,4,101,4,11
skew,35522,106,4,106,4,11
skew,35523,107,4,107,4,11
skew,35524,111,4,111,4,11
skew,35525,112,4,112,4,11
skew,35526,117,4,117,4,11
skew,35527,118,4,118,4,11
skew,35528,93,3,93,3,13
skew,35529,103,4,103,4,13
skew,35530,108,4,108,4,13
skew,35531,109,4,109,4,13
skew,35532,113,4,113,4,13
skew,35533,114,4,114,4,13
skew,35534,119,4,119,4,13
skew,35535,120,4,120,4,13
skew,35536,92,3,92,3,11
skew,35537,102,4,102,4,11
skew,35538,107,4,107,4,11
skew,35539,108,4,108,4,11
skew,35540,112,4,112,4,11
skew,35541,113,4,113,4,11
skew,35542,118,4,118,4,11
skew,35543,119,4,119,4,11
skew,35544,94,3,94,3,13
skew,35545,104,4,104,4,13
skew,35546,109,4,109,4,13
skew,35547,110,4,110,4,13
skew,35548,114,4,114,4,13
skew,35549,115,4,115,4,13
skew,35550,120,4,120,4,13
skew,35551,121,4,121,4,13
skew,35552,97,3,97,3,11
skew,35553,107,4,107,4,11
skew,35554,112,4,112,4,11
skew,35555,113,4,113,4,11
skew,35556,117,4,117,4,11
skew,35557,118,4,118,4,11
skew,35558,123,4,123,4,11
skew,35559,124,4,124,4,11
skew,35560,99,3,99,3,13
skew,35561,109,4,109,4,13
skew,35562,114,4,114,4,13
skew,35563,115,4,115,4,13
skew,35564,119,4,119,4,13
skew,35565,120,4,120,4,13
skew,35566,125,4,125,4,13
skew,35567,126,4,126,4,13
skew,35568,98,3,98,3,11
skew,35569,108,4,108,4,11
skew,35570,113,4,113,4,11
skew,35571,114,4,114,4,11
skew,35572,118,4,118,4,11
skew,35573,119,4,119,4,11
skew,35574,124,4,124,4,11
skew,35575,125,4,125,4,11
skew,35576,100,3,100,3,13
skew,35577,110,4,110,4,13
skew,35578,115,4,115,4,13
skew,35579,116,4,116,4,13
skew,35580,120,4,120,4,13
skew,35581,121,4,121,4,13
skew,35582,126,4,126,4,13
skew,35583,127,4,127,4,13
skew,35584,64,2,64,2,9
skew,35585,74,3,74,3,9
skew,35586,79,3,79,3,9
skew,35587,80,3,80,3,9
skew,35588,84,3,84,3,9
skew,35589,85,3,85,3,9
skew,35590,90,3,90,3,9
skew,35591,91,3,91,3,9
skew,35592,89,3,89,3,9
skew,35593,90,3,90,3,9
skew,35594,95,3,95,3,9
skew,35595,96,3,96,3,9
skew,35596,100,3,100,3,9
skew,35597,101,3,101,3,9
skew,35598,106,3,106,3,9
skew,35599,107,3,107,3,9
skew,35600,77,3,77,3,9
skew,35601,87,4,87,4,9
skew,35602,92,4,92,4,9
skew,35603,93,4,93,4,9
skew,35604,97,4,97,4,9
skew,35605,98,4,98,4,9
skew,35606,103,4,103,4,9
skew,35607,104,4,104,4,9
skew,35608,102,4,102,4,9
skew,35609,103,4,103,4,9
skew,35610,108,4,108,4,9
skew,35611,109,4,109,4,9
skew,35612,113,4,113,4,9
skew,35613,114,4,114,4,9
skew,35614,119,4,119,4,9
skew,35615,120,4,120,4,9
skew,35616,82,3,82,3,9
skew,35617,92,4,92,4,9
skew,35618,97,4,97,4,9
skew,35619,98,4,98,4,9
skew,35620,102,4,102,4,9
skew,35621,103,4,103,4,9
skew,35622,108,4,108,4,9
skew,35623,109,4,109,4,9
skew,35624,107,4,107,4,9
skew,35625,108,4,108,4,9
skew,35626,113,4,113,4,9
skew,35627,114,4,114,4,9
skew,35628,118,4,118,4,9
skew,35629,119,4,119,4,9
skew,35630,124,4,124,4,9
skew,35631,125,4,125,4,9
skew,35632,83,3,83,3,9
skew,35633,93,4,93,4,9
skew,35634,98,4,98,4,9
skew,35635,99,4,99,4,9
skew,35636,103,4,103,4,9
skew,35637,104,4,104,4,9
skew,35638,109,4,109,4,9
skew,35639,110,4,110,4,9
skew,35640,108,4,108,4,9
skew,35641,109,4,109,4,9
skew,35642,114,4,114,4,9
skew,35643,115,4,115,4,9
skew,35644,119,4,119,4,9
skew,35645,120,4,120,4,9
skew,35646,125,4,125,4,9
skew,35647,126,4,126,4,9
skew,35648,87,3,87,3,9
skew,35649,97,4,97,4,9
skew,35650,102,4,102,4,9
skew,35651,103,4,103,4,9
skew,35652,107,4,107,4,9
skew,35653,108,4,108,4,9
skew,35654,113,4,113,4,9
skew,35655,114,4,114,4,9
skew,35656,112,4,112,4,9
skew,35657,113,4,113,4,9
skew,35658,118,4,118,4,9
skew,35659,119,4,119,4,9
skew,35660,123,4,123,4,9
skew,35661,124,4,124,4,9
skew,35662,129,4,129,4,9
skew,35663,130,4,130,4,9
skew,35664,88,3,88,3,9
skew,35665,98,4,98,4,9
skew,35666,103,4,103,4,9
skew,35667,104,4,104,4,9
skew,35668,108,4,108,4,9
skew,35669,109,4,109,4,9
skew,35670,114,4,114,4,9
skew,35671,115,4,115,4,9
skew,35672,113,4,113,4,9
skew,35673,114,4,114,4,9
skew,35674,119,4,119,4,9
skew,35675,120,4,120,4,9
skew,35676,124,4,124,4,9
skew,35677,125,4,125,4,9
skew,35678,130,4,130,4,9
skew,35679,131,4,131,4,9
skew,35680,93,3,93,3,9
skew,35681,103,4,103,4,9
skew,35682,108,4,108,4,9
skew,35683,109,4,109,4,9
skew,35684,113,4,113,4,9
skew,35685,114,4,114,4,9
skew,35686,119,4,119,4,9
skew,35687,120,4,120,4,9
skew,35688,118,4,118,4,9
skew,35689,119,4,119,4,9
skew,35690,124,4,124,4,9
skew,35691,125,4,125,4,9
skew,35692,129,4,129,4,9
skew,35693,130,4,130,4,9
skew,35694,135,4,135,4,9
skew,35695,136,4,136,4,9
skew,35696,94,3,94,3,9
skew,35697,104,4,104,4,9
skew,35698,109,4,109,4,9
skew,35699,110,4,110,4,9
skew,35700,114,4,114,4,9
skew,35701,115,4,115,4,9
skew,35702,120,4,120,4,9
skew,35703,121,4,121,4,9
skew,35704,119,4,119,4,9
skew,35705,120,4,120,4,9
skew,35706,125,4,125,4,9
skew,35707,126,4,126,4,9
skew,35708,130,4,130,4,9
skew,35709,131,4,131,4,9
skew,35710,136,4,136,4,9
skew,35711,137,4,137,4,9
skew,35712,69,2,69,2,11
skew,35713,79,3,79,3,11
skew,35714,84,3,84,3,11
skew,35715,85,3,85,3,11
skew,35716,89,3,89,3,11
skew,35717,90,3,90,3,11
skew,35718,95,3,95,3,11
skew,35719,96,3,96,3,11
skew,35720,71,2,71,2,13
skew,35721,81,3,81,3,13
skew,35722,86,3,86,3,13
skew,35723,87,3,87,3,13
skew,35724,91,3,91,3,13
skew,35725,92,3,92,3,13
skew,35726,97,3,97,3,13
skew,35727,98,3,98,3,13
skew,35728,82,3,82,3,11
skew,35729,92,4,92,4,11
skew,35730,97,4,97,4,11
skew,35731,98,4,98,4,11
skew,35732,102,4,102,4,11
skew,35733,103,4,103,4,11
skew,35734,108,4,108,4,11
skew,35735,109,4,109,4,11
skew,35736,84,3,84,3,13
skew,35737,94,4,94,4,13
skew,35738,99,4,99,4,13
skew,35739,100,4,100,4,13
skew,35740,104,4,104,4,13
skew,35741,105,4,105,4,13
skew,35742,110,4,110,4,13
skew,35743,111,4,111,4,13
skew,35744,87,3,87,3,11
skew,35745,97,4,97,4,11
skew,35746,102,4,102,4,11
skew,35747,103,4,103,4,11
skew,35748,107,4,107,4,11
skew,35749,108,4,108,4,11
skew,35750,113,4,113,4,11
skew,35751,114,4,114,4,11
skew,35752,89,3,89,3,13
skew,35753,99,4,99,4,13
skew,35754,104,4,104,4,13
skew,35755,105,4,105,4,13
skew,35756,109,4,109,4,13
skew,35757,110,4,110,4,13
skew,35758,115,4,115,4,13
skew,35759,116,4,116,4,13
skew,35760,88,3,88,3,11
skew,35761,98,4,98,4,11
skew,35762,103,4,103,4,11
skew,35763,104,4,104,4,11
skew,35764,108,4,108,4,11
skew,35765,109,4,109,4,11
skew,35766,114,4,114,4,11
skew,35767,115,4,115,4,11
skew,35768,90,3,90,3,13
skew,35769,100,4,100,4,13
skew,35770,105,4,105,4,13
skew,35771,106,4,106,4,13
skew,35772,110,4,110,4,13
skew,35773,111,4,111,4,13
skew,35774,116,4,116,4,13
skew,35775,117,4,117,4,13
skew,35776,92,3,92,3,11
skew,35777,102,4,102,4,11
skew,35778,107,4,107,4,11
skew,35779,108,4,108,4,11
skew,35780,112,4,112,4,11
skew,35781,113,4,113,4,11
skew,35782,118,4,118,4,11
skew,35783,119,4,119,4,11
skew,35784,94,3,94,3,13
skew,35785,104,4,104,4,13
skew,35786,109,4,109,4,13
skew,35787,110,4,110,4,13
skew,35788,114,4,114,4,13
skew,35789,115,4,115,4,13
skew,35790,120,4,120,4,13
skew,35791,121,4,121,4,13
skew,35792,93,3,93,3,11
skew,35793,103,4,103,4,11
skew,35794,108,4,108,4,11
skew,35795,109,4,109,4,11
skew,35796,113,4,113,4,11
skew,35797,114,4,114,4,11
skew,35798,119,4,119,4,11
skew,35799,120,4,120,4,11
skew,35800,95,3,95,3,13
skew,35801,105,4,105,4,13
skew,35802,110,4,110,4,13
skew,35803,111,4,111,4,13
skew,35804,115,4,115,4,13
skew,35805,116,4,116,4,13
skew,35806,121,4,121,4,13
skew,35807,122,4,122,4,13
skew,35808,98,3,98,3,11
skew,35809,108,4,108,4,11
skew,35810,113,4,113,4,11
skew,35811,114,4,114,4,11
skew,35812,118,4,118,4,11
skew,35813,119,4,119,4,11
skew,35814,124,4,124,4,11
skew,35815,125,4,125,4,11
skew,35816,100,3,100,3,13
skew,35817,110,4,110,4,13
skew,35818,115,4,115,4,13
skew,35819,116,4,116,4,13
skew,35820,120,4,120,4,13
skew,35821,121,4,121,4,13
skew,35822,126,4,126,4,13
skew,35823,127,4,127,4,13
skew,35824,99,3,99,3,11
skew,35825,109,4,109,4,11
skew,35826,114,4,114,4,11
skew,35827,115,4,115,4,11
skew,35828,119,4,119,4,11
skew,35829,120,4,120,4,11
skew,35830,125,4,125,4,11
skew,35831,126,4,126,4,11
skew,35832,101,3,101,3,13
skew,35833,111,4,111,4,13
skew,35834,116,4,116,4,13
skew,35835,117,4,117,4,13
skew,35836,121,4,121,4,13
skew,35837,122,4,122,4,13
skew,35838,127,4,127,4,13
skew,35839,128,4,128,4,13
skew,35840,68,2,68,2,9
skew,35841,78,3,78,3,9
skew,35842,83,3,83,3,9
skew,35843,84,3,84,3,9
skew,35844,88,3,88,3,9
skew,35845,89,3,89,3,9
skew,35846,94,3,94,3,9
skew,35847,95,3,95,3,9
skew,35848,93,3,93,3,9
skew,35849,94,3,94,3,9
skew,35850,99,3,99,3,9
skew,35851,100,3,100,3,9
skew,35852,104,3,104,3,9
skew,35853,105,3,105,3,9
skew,35854,110,3,110,3,9
skew,35855,111,3,111,3,9
skew,35856,81,3,81,3,9
skew,35857,91,4,91,4,9
skew,35858,96,4,96,4,9
skew,35859,97,4,97,4,9
skew,35860,101,4,101,4,9
skew,35861,102,4,102,4,9
skew,35862,107,4,107,4,9
skew,35863,108,4,108,4,9
skew,35864,106,4,106,4,9
skew,35865,107,4,107,4,9
skew,35866,112,4,112,4,9
skew,35867,113,4,113,4,9
skew,35868,117,4,117,4,9
skew,35869,118,4,118,4,9
skew,35870,123,4,123,4,9
skew,35871,124,4,124,4,9
skew,35872,86,3,86,3,9
skew,35873,96,4,96,4,9
skew,35874,101,4,101,4,9
skew,35875,102,4,102,4,9
skew,35876,106,4,106,4,9
skew,35877,107,4,107,4,9
skew,35878,112,4,112,4,9
skew,35879,113,4,113,4,9
skew,35880,111,4,111,4,9
skew,35881,112,4,112,4,9
skew,35882,117,4,117,4,9
skew,35883,118,4,118,4,9
skew,35884,122,4,122,4,9
skew,35885,123,4,123,4,9
skew,35886,128,4,128,4,9
skew,35887,129,4,129,4,9
skew,35888,87,3,87,3,9
skew,35889,97,4,97,4,9
skew,35890,102,4,102,4,9
skew,35891,103,4,103,4,9
skew,35892,107,4,107,4,9
skew,35893,108,4,108,4,9
skew,35894,113,4,113,4,9
skew,35895,114,4,114,4,9
skew,35896,112,4,112,4,9
skew,35897,113,4,113,4,9
skew,35898,118,4,118,4,9
skew,35899,119,4,119,4,9
skew,35900,123,4,123,4,9
skew,35901,124,4,124,4,9
skew,35902,129,4,129,4,9
skew,35903,130,4,130,4,9
skew,35904,91,3,91,3,9
skew,35905,101,4,101,4,9
skew,35906,106,4,106,4,9
skew,35907,107,4,107,4,9
skew,35908,111,4,111,4,9
skew,35909,112,4,112,4,9
skew,35910,117,4,117,4,9
skew,35911,118,4,118,4,9
skew,35912,116,4,116,4,9
skew,35913,117,4,117,4,9
skew,35914,122,4,122,4,9
skew,35915,123,4,123,4,9
skew,35916,127,4,127,4,9
skew,35917,128,4,128,4,9
skew,35918,133,4,133,4,9
skew,35919,134,4,134,4,9
skew,35920,92,3,92,3,9
skew,35921,102,4,102,4,9
skew,35922,107,4,107,4,9
skew,35923,108,4,108,4,9
skew,35924,112,4,112,4,9
skew,35925,113,4,113,4,9
skew,35926,118,4,118,4,9
skew,35927,119,4,119,4,9
skew,35928,117,4,117,4,9
skew,35929,118,4,118,4,9
skew,35930,123,4,123,4,9
skew,35931,124,4,124,4,9
skew,35932,128,4,128,4,9
skew,35933,129,4,129,4,9
skew,35934,134,4,134,4,9
skew,35935,135,4,135,4,9
skew,35936,97,3,97,3,9
skew,35937,107,4,107,4,9
skew,35938,112,4,112,4,9
skew,35939,113,4,113,4,9
skew,35940,117,4,117,4,9
skew,35941,118,4,118,4,9
skew,35942,123,4,123,4,9
skew,35943,124,4,124,4,9
skew,35944,122,4,122,4,9
skew,35945,123,4,123,4,9
skew,35946,128,4,128,4,9
skew,35947,129,4,129,4,9
skew,35948,133,4,133,4,9
skew,35949,134,4,134,4,9
skew,35950,139,4,139,4,9
skew,35951,140,4,140,4,9
skew,35952,98,3,98,3,9
skew,35953,108,4,108,4,9
skew,35954,113,4,113,4,9
skew,35955,114,4,114,4,9
skew,35956,118,4,118,4,9
skew,35957,119,4,119,4,9
skew,35958,124,4,124,4,9
skew,35959,125,4,125,4,9
skew,35960,123,4,123,4,9
skew,35961,124,4,124,4,9
skew,35962,129,4,129,4,9
skew,35963,130,4,130,4,9
skew,35964,134,4,134,4,9
skew,35965,135,4,135,4,9
skew,35966,140,4,140,4,9
skew,35967,141,4,141,4,9
skew,35968,73,2,73,2,11
skew,35969,83,3,83,3,11
skew,35970,88,3,88,3,11
skew,35971,89,3,89,3,11
skew,35972,93,3,93,3,11
skew,35973,94,3,94,3,11
skew,35974,99,3,99,3,11
skew,35975,100,3,100,3,11
skew,35976,75,2,75,2,13
skew,35977,85,3,85,3,13
skew,35978,90,3,90,3,13
skew,35979,91,3,91,3,13
skew,35980,95,3,95,3,13
skew,35981,96,3,96,3,13
skew,35982,101,3,101,3,13
skew,35983,102,3,102,3,13
skew,35984,86,3,86,3,11
skew,35985,96,4,96,4,11
skew,35986,101,4,101,4,11
skew,35987,102,4,102,4,11
skew,35988,106,4,106,4,11
skew,35989,107,4,107,4,11
skew,35990,112,4,112,4,11
skew,35991,113,4,113,4,11
skew,35992,88,3,88,3,13
skew,35993,98,4,98,4,13
skew,35994,103,4,103,4,13
skew,35995,104,4,104,4,13
skew,35996,108,4,108,4,13
skew,35997,109,4,109,4,13
skew,35998,114,4,114,4,13
skew,35999,115,4,115,4,13
skew,36000,91,3,91,3,11
skew,36001,101,4,101,4,11
skew,36002,106,4,106,4,11
skew,36003,107,4,107,4,11
skew,36004,111,4,111,4,11
skew,36005,112,4,112,4,11
skew,36006,117,4,117,4,11
skew,36007,118,4,118,4,11
skew,36008,93,3,93,3,13
skew,36009,103,4,103,4,13
skew,36010,108,4,108,4,13
skew,36011,109,4,109,4,13
skew,36012,113,4,113,4,13
skew,36013,114,4,114,4,13
skew,36014,119,4,119,4,13
skew,36015,120,4,120,4,13
skew,36016,92,3,92,3,11
skew,36017,102,4,102,4,11
skew,36018,107,4,107,4,11
skew,36019,108,4,108,4,11
skew,36020,112,4,112,4,11
skew,36021,113,4,113,4,11
skew,36022,118,4,118,4,11
skew,36023,119,4,119,4,11
skew,36024,94,3,94,3,13
skew,36025,104,4,104,4,13
skew,36026,109,4,109,4,13
skew,36027,110,4,110,4,13
skew,36028,114,4,114,4,13
skew,36029,115,4,115,4,13
skew,36030,120,4,120,4,13
skew,36031,121,4,121,4,13
skew,36032,96,3,96,3,11
skew,36033,106,4,106,4,11
skew,36034,111,4,111,4,11
skew,36035,112,4,112,4,11
skew,36036,116,4,116,4,11
skew,36037,117,4,117,4,11
skew,36038,122,4,122,4,11
skew,36039,123,4,123,4,11
skew,36040,98,3,98,3,13
skew,36041,108,4,108,4,13
skew,36042,113,4,113,4,13
skew,36043,114,4,114,4,13
skew,36044,118,4,118,4,13
skew,36045,119,4,119,4,13
skew,36046,124,4,124,4,13
skew,36047,125,4,125,4,13
skew,36048,97,3,97,3,11
skew,36049,107,4,107,4,11
skew,36050,112,4,112,4,11
skew,36051,113,4,113,4,11
skew,36052,117,4,117,4,11
skew,36053,118,4,118,4,11
skew,36054,123,4,123,4,11
skew,36055,124,4,124,4,11
skew,36056,99,3,99,3,13
skew,36057,109,4,109,4,13
skew,36058,114,4,114,4,13
skew,36059,115,4,115,4,13
skew,36060,119,4,119,4,13
skew,36061,120,4,120,4,13
skew,36062,125,4,125,4,13
skew,36063,126,4,126,4,13
skew,36064,102,3,102,3,11
skew,36065,112,4,112,4,11
skew,36066,117,4,117,4,11
skew,36067,118,4,118,4,11
skew,36068,122,4,122,4,11
skew,36069,123,4,123,4,11
skew,36070,128,4,128,4,11
skew,36071,129,4,129,4,11
skew,36072,104,3,104,3,13
skew,36073,114,4,114,4,13
skew,36074,119,4,119,4,13
skew,36075,120,4,120,4,13
skew,36076,124,4,124,4,13
skew,36077,125,4,125,4,13
skew,36078,130,4,130,4,13
skew,36079,131,4,131,4,13
skew,36080,103,3,103,3,11
skew,36081,113,4,113,4,11
skew,36082,118,4,118,4,11
skew,36083,119,4,119,4,11
skew,36084,123,4,123,4,11
skew,36085,124,4,124,4,11
skew,36086,129,4,129,4,11
skew,36087,130,4,130,4,11
skew,36088,105,3,105,3,13
skew,36089,115,4,115,4,13
skew,36090,120,4,120,4,13
skew,36091,121,4,121,4,13
skew,36092,125,4,125,4,13
skew,36093,126,4,126,4,13
skew,36094,131,4,131,4,13
skew,36095,132,4,132,4,13
skew,36096,69,2,69,2,9
skew,36097,79,3,79,3,9
skew,36098,84,3,84,3,9
skew,36099,85,3,85,3,9
skew,36100,89,3,89,3,9
skew,36101,90,3,90,3,9
skew,36102,95,3,95,3,9
skew,36103,96,3,96,3,9
skew,36104,94,3,94,3,9
skew,36105,95,3,95,3,9
skew,36106,100,3,100,3,9
skew,36107,101,3,101,3,9
skew,36108,105,3,105,3,9
skew,36109,106,3,106,3,9
skew,36110,111,3,111,3,9
skew,36111,112,3,112,3,9
skew,36112,82,3,82,3,9
skew,36113,92,4,92,4,9
skew,36114,97,4,97,4,9
skew,36115,98,4,98,4,9
skew,36116,102,4,102,4,9
skew,36117,103,4,103,4,9
skew,36118,108,4,108,4,9
skew,36119,109,4,109,4,9
skew,36120,107,4,107,4,9
skew,36121,108,4,108,4,9
skew,36122,113,4,113,4,9
skew,36123,114,4,114,4,9
skew,36124,118,4,118,4,9
skew,36125,119,4,119,4,9
skew,36126,124,4,124,4,9
skew,36127,125,4,125,4,9
skew,36128,87,3,87,3,9
skew,36129,97,4,97,4,9
skew,36130,102,4,102,4,9
skew,36131,103,4,103,4,9
skew,36132,107,4,107,4,9
skew,36133,108,4,108,4,9
skew,36134,113,4,113,4,9
skew,36135,114,4,114,4,9
skew,36136,112,4,112,4,9
skew,36137,113,4,113,4,9
skew,36138,118,4,118,4,9
skew,36139,119,4,119,4,9
skew,36140,123,4,123,4,9
skew,36141,124,4,124,4,9
skew,36142,129,4,129,4,9
skew,36143,130,4,130,4,9
skew,36144,88,3,88,3,9
skew,36145,98,4,98,4,9
skew,36146,103,4,103,4,9
skew,36147,104,4,104,4,9
skew,36148,108,4,108,4,9
skew,36149,109,4,109,4,9
skew,36150,114,4,114,4,9
skew,36151,115,4,115,4,9
skew,36152,113,4,113,4,9
skew,36153,114,4,114,4,9
skew,36154,119,4,119,4,9
skew,36155,120,4,120,4,9
skew,36156,124,4,124,4,9
skew,36157,125,4,125,4,9
skew,36158,130,4,130,4,9
skew,36159,131,4,131,4,9
skew,36160,92,3,92,3,9
skew,36161,102,4,102,4,9
skew,36162,107,4,107,4,9
skew,36163,108,4,108,4,9
skew,36164,112,4,112,4,9
skew,36165,113,4,113,4,9
skew,36166,118,4,118,4,9
skew,36167,119,4,119,4,9
skew,36168,117,4,117,4,9
skew,36169,118,4,118,4,9
skew,36170,123,4,123,4,9
skew,36171,124,4,124,4,9
skew,36172,128,4,128,4,9
skew,36173,129,4,129,4,9
skew,36174,134,4,134,4,9
skew,36175,135,4,135,4,9
skew,36176,93,3,93,3,9
skew,36177,103,4,103,4,9
skew,36178,108,4,108,4,9
skew,36179,109,4,109,4,9
skew,36180,113,4,113,4,9
skew,36181,114,4,114,4,9
skew,36182,119,4,119,4,9
skew,36183,120,4,120,4,9
skew,36184,118,4,118,4,9
skew,36185,119,4,119,4,9
skew,36186,124,4,124,4,9
skew,36187,125,4,125,4,9
skew,36188,129,4,129,4,9
skew,36189,130,4,130,4,9
skew,36190,135,4,135,4,9
skew,36191,136,4,136,4,9
skew,36192,98,3,98,3,9
skew,36193,108,4,108,4,9
skew,36194,113,4,113,4,9
skew,36195,114,4,114,4,9
skew,36196,118,4,118,4,9
skew,36197,119,4,119,4,9
skew,36198,124,4,124,4,9
skew,36199,125,4,125,4,9
skew,36200,123,4,123,4,9
skew,36201,124,4,124,4,9
skew,36202,129,4,129,4,9
skew,36203,130,4,130,4,9
skew,36204,134,4,134,4,9
skew,36205,135,4,135,4,9
skew,36206,140,4,140,4,9
skew,36207,141,4,141,4,9
skew,36208,99,3,99,3,9
skew,36209,109,4,109,4,9
skew,36210,114,4,114,4,9
skew,36211,115,4,115,4,9
skew,36212,119,4,119,4,9
skew,36213,120,4,120,4,9
skew,36214,125,4,125,4,9
skew,36215,126,4,126,4,9
skew,36216,124,4,124,4,9
skew,36217,125,4,125,4,9
skew,36218,130,4,130,4,9
skew,36219,131,4,131,4,9
skew,36220,135,4,135,4,9
skew,36221,136,4,136,4,9
skew,36222,141,4,141,4,9
skew,36223,142,4,142,4,9
skew,36224,74,2,74,2,11
skew,36225,84,3,84,3,11
skew,36226,89,3,89,3,11
skew,36227,90,3,90,3,11
skew,36228,94,3,94,3,11
skew,36229,95,3,95,3,11
skew,36230,100,3,100,3,11
skew,36231,101,3,101,3,11
skew,36232,76,2,76,2,13
skew,36233,86,3,86,3,13
skew,36234,91,3,91,3,13
skew,36235,92,3,92,3,13
skew,36236,96,3,96,3,13
skew,36237,97,3,97,3,13
skew,36238,102,3,102,3,13
skew,36239,103,3,103,3,13
skew,36240,87,3,87,3,11
skew,36241,97,4,97,4,11
skew,36242,102,4,102,4,11
skew,36243,103,4,103,4,11
skew,36244,107,4,107,4,11
skew,36245,108,4,108,4,11
skew,36246,113,4,113,4,11
skew,36247,114,4,114,4,11
skew,36248,89,3,89,3,13
skew,36249,99,4,99,4,13
skew,36250,104,4,104,4,13
skew,36251,105,4,105,4,13
skew,36252,109,4,109,4,13
skew,36253,110,4,110,4,13
skew,36254,115,4,115,4,13
skew,36255,116,4,116,4,13
skew,36256,92,3,92,3,11
skew,36257,102,4,102,4,11
skew,36258,107,4,107,4,11
skew,36259,108,4,108,4,11
skew,36260,112,4,112,4,11
skew,36261,113,4,113,4,11
skew,36262,118,4,118,4,11
skew,36263,119,4,119,4,11
skew,36264,94,3,94,3,13
skew,36265,104,4,104,4,13
skew,36266,109,4,109,4,13
skew,36267,110,4,110,4,13
skew,36268,114,4,114,4,13
skew,36269,115,4,115,4,13
skew,36270,120,4,120,4,13
skew,36271,121,4,121,4,13
skew,36272,93,3,93,3,11
skew,36273,103,4,103,4,11
skew,36274,108,4,108,4,11
skew,36275,109,4,109,4,11
skew,36276,113,4,113,4,11
skew,36277,114,4,114,4,11
skew,36278,119,4,119,4,11
skew,36279,120,4,120,4,11
skew,36280,95,3,95,3,13
skew,36281,105,4,105,4,13
skew,36282,110,4,110,4,13
skew,36283,111,4,111,4,13
skew,36284,115,4,115,4,13
skew,36285,116,4,116,4,13
skew,36286,121,4,121,4,13
skew,36287,122,4,122,4,13
skew,36288,97,3,97,3,11
skew,36289,107,4,107,4,11
skew,36290,112,4,112,4,11
skew,36291,113,4,113,4,11
skew,36292,117,4,117,4,11
skew,36293,118,4,118,4,11
skew,36294,123,4,123,4,11
skew,36295,124,4,124,4,11
skew,36296,99,3,99,3,13
skew,36297,109,4,109,4,13
skew,36298,114,4,114,4,13
skew,36299,115,4,115,4,13
skew,36300,119,4,119,4,13
skew,36301,120,4,120,4,13
skew,36302,125,4,125,4,13
skew,36303,126,4,126,4,13
skew,36304,98,3,98,3,11
skew,36305,108,4,108,4,11
skew,36306,113,4,113,4,11
skew,36307,114,4,114,4,11
skew,36308,118,4,118,4,11
skew,36309,119,4,119,4,11
skew,36310,124,4,124,4,11
skew,36311,125,4,125,4,11
skew,36312,100,3,100,3,13
skew,36313,110,4,110,4,13
skew,36314,115,4,115,4,13
skew,36315,116,4,116,4,13
skew,36316,120,4,120,4,13
skew,36317,121,4,121,4,13
skew,36318,126,4,126,4,13
skew,36319,127,4,127,4,13
skew,36320,103,3,103,3,11
skew,36321,113,4,113,4,11
skew,36322,118,4,118,4,11
skew,36323,119,4,119,4,11
skew,36324,123,4,123,4,11
skew,36325,124,4,124,4,11
skew,36326,129,4,129,4,11
skew,36327,130,4,130,4,11
skew,36328,105,3,105,3,13
skew,36329,115,4,115,4,13
skew,36330,120,4,120,4,13
skew,36331,121,4,121,4,13
skew,36332,125,4,125,4,13
skew,36333,126,4,126,4,13
skew,36334,131,4,131,4,13
skew,36335,132,4,132,4,13
skew,36336,104,3,104,3,11
skew,36337,114,4,114,4,11
skew,36338,119,4,119,4,11
skew,36339,120,4,120,4,11
skew,36340,124,4,124,4,11
skew,36341,125,4,125,4,11
skew,36342,130,4,130,4,11
skew,36343,131,4,131,4,11
skew,36344,106,3,106,3,13
skew,36345,116,4,116,4,13
skew,36346,121,4,121,4,13
skew,36347,122,4,122,4,13
skew,36348,126,4,126,4,13
skew,36349,127,4,127,4,13
skew,36350,132,4,132,4,13
skew,36351,133,4,133,4,13
skew,36352,74,2,74,2,9
skew,36353,84,3,84,3,9
skew,36354,89,3,89,3,9
skew,36355,90,3,90,3,9
skew,36356,94,3,94,3,9
skew,36357,95,3,95,3,9
skew,36358,100,3,100,3,9
skew,36359,101,3,101,3,9
skew,36360,99,3,99,3,9
skew,36361,100,3,100,3,9
skew,36362,105,3,105,3,9
skew,36363,106,3,106,3,9
skew,36364,110,3,110,3,9
skew,36365,111,3,111,3,9
skew,36366,116,3,116,3,9
skew,36367,117,3,117,3,9
skew,36368,87,3,87,3,9
skew,36369,97,4,97,4,9
skew,36370,102,4,102,4,9
skew,36371,103,4,103,4,9
skew,36372,107,4,107,4,9
skew,36373,108,4,108,4,9
skew,36374,113,4,113,4,9
skew,36375,114,4,114,4,9
skew,36376,112,4,112,4,9
skew,36377,113,4,113,4,9
skew,36378,118,4,118,4,9
skew,36379,119,4,119,4,9
skew,36380,123,4,123,4,9
skew,36381,124,4,124,4,9
skew,36382,129,4,129,4,9
skew,36383,130,4,130,4,9
skew,36384,92,3,92,3,9
skew,36385,102,4,102,4,9
skew,36386,107,4,107,4,9
skew,36387,108,4,108,4,9
skew,36388,112,4,112,4,9
skew,36389,113,4,113,4,9
skew,36390,118,4,118,4,9
skew,36391,119,4,119,4,9
skew,36392,117,4,117,4,9
skew,36393,118,4,118,4,9
skew,36394,123,4,123,4,9
skew,36395,124,4,124,4,9
skew,36396,128,4,128,4,9
skew,36397,129,4,129,4,9
skew,36398,134,4,134,4,9
skew,36399,135,4,135,4,9
skew,36400,93,3,93,3,9
skew,36401,103,4,103,4,9
skew,36402,108,4,108,4,9
skew,36403,109,4,109,4,9
skew,36404,113,4,113,4,9
skew,36405,114,4,114,4,9
skew,36406,119,4,119,4,9
skew,36407,120,4,120,4,9
skew,36408,118,4,118,4,9
skew,36409,119,4,119,4,9
skew,36410,124,4,124,4,9
skew,36411,125,4,125,4,9
skew,36412,129,4,129,4,9
skew,36413,130,4,130,4,9
skew,36414,135,4,135,4,9
skew,36415,136,4,136,4,9
skew,36416,97,3,97,3,9
skew,36417,107,4,107,4,9
skew,36418,112,4,112,4,9
skew,36419,113,4,113,4,9
skew,36420,117,4,117,4,9
skew,36421,118,4,118,4,9
skew,36422,123,4,123,4,9
skew,36423,124,4,124,4,9
skew,36424,122,4,122,4,9
skew,36425,123,4,123,4,9
skew,36426,128,4,128,4,9
skew,36427,129,4,129,4,9
skew,36428,133,4,133,4,9
skew,36429,134,4,134,4,9
skew,36430,139,4,139,4,9
skew,36431,140,4,140,4,9
skew,36432,98,3,98,3,9
skew,36433,108,4,108,4,9
skew,36434,113,4,113,4,9
skew,36435,114,4,114,4,9
skew,36436,118,4,118,4,9
skew,36437,119,4,119,4,9
skew,36438,124,4,124,4,9
skew,36439,125,4,125,4,9
skew,36440,123,4,123,4,9
skew,36441,124,4,124,4,9
skew,36442,129,4,129,4,9
skew,36443,130,4,130,4,9
skew,36444,134,4,134,4,9
skew,36445,135,4,135,4,9
skew,36446,140,4,140,4,9
skew,36447,141,4,141,4,9
skew,36448,103,3,103,3,9
skew,36449,113,4,113,4,9
skew,36450,118,4,118,4,9
skew,36451,119,4,119,4,9
skew,36452,123,4,123,4,9
skew,36453,124,4,124,4,9
skew,36454,129,4,129,4,9
skew,36455,130,4,130,4,9
skew,36456,128,4,128,4,9
skew,36457,129,4,129,4,9
skew,36458,134,4,134,4,9
skew,36459,135,4,135,4,9
skew,36460,139,4,139,4,9
skew,36461,140,4,140,4,9
skew,36462,145,4,145,4,9
skew,36463,146,4,146,4,9
skew,36464,104,3,104,3,9
skew,36465,114,4,114,4,9
skew,36466,119,4,119,4,9
skew,36467,120,4,120,4,9
skew,36468,124,4,124,4,9
skew,36469,125,4,125,4,9
skew,36470,130,4,130,4,9
skew,36471,131,4,131,4,9
skew,36472,129,4,129,4,9
skew,36473,130,4,130,4,9
skew,36474,135,4,135,4,9
skew,36475,136,4,136,4,9
skew,36476,140,4,140,4,9
skew,36477,141,4,141,4,9
skew,36478,146,4,146,4,9
skew,36479,147,4,147,4,9
skew,36480,79,2,79,2,11
skew,36481,89,3,89,3,11
skew,36482,94,3,94,3,11
skew,36483,95,3,95,3,11
skew,36484,99,3,99,3,11
skew,36485,100,3,100,3,11
skew,36486,105,3,105,3,11
skew,36487,106,3,106,3,11
skew,36488,81,2,81,2,13
skew,36489,91,3,91,3,13
skew,36490,96,3,96,3,13
skew,36491,97,3,97,3,13
skew,36492,101,3,101,3,13
skew,36493,102,3,102,3,13
skew,36494,107,3,107,3,13
skew,36495,108,3,108,3,13
skew,36496,92,3,92,3,11
skew,36497,102,4,102,4,11
skew,36498,107,4,107,4,11
skew,36499,108,4,108,4,11
skew,36500,112,4,112,4,11
skew,36501,113,4,113,4,11
skew,36502,118,4,118,4,11
skew,36503,119,4,119,4,11
skew,36504,94,3,94,3,13
skew,36505,104,4,104,4,13
skew,36506,109,4,109,4,13
skew,36507,110,4,110,4,13
skew,36508,114,4,114,4,13
skew,36509,115,4,115,4,13
skew,36510,120,4,120,4,13
skew,36511,121,4,121,4,13
skew,36512,97,3,97,3,11
skew,36513,107,4,107,4,11
skew,36514,112,4,112,4,11
skew,36515,113,4,113,4,11
skew,36516,117,4,117,4,11
skew,36517,118,4,118,4,11
skew,36518,123,4,123,4,11
skew,36519,124,4,124,4,11
skew,36520,99,3,99,3,13
skew,36521,109,4,109,4,13
skew,36522,114,4,114,4,13
skew,36523,115,4,115,4,13
skew,36524,119,4,119,4,13
skew,36525,120,4,120,4,13
skew,36526,125,4,125,4,13
skew,36527,126,4,126,4,13
skew,36528,98,3,98,3,11
skew,36529,108,4,108,4,11
skew,36530,113,4,113,4,11
skew,36531,114,4,114,4,11
skew,36532,118,4,118,4,11
skew,36533,119,4,119,4,11
skew,36534,124,4,124,4,11
skew,36535,125,4,125,4,11
skew,36536,100,3,100,3,13
skew,36537,110,4,110,4,13
skew,36538,115,4,115,4,13
skew,36539,116,4,116,4,13
skew,36540,120,4,120,4,13
skew,36541,121,4,121,4,13
skew,36542,126,4,126,4,13
skew,36543,127,4,127,4,13
skew,36544,102,3,102,3,11
skew,36545,112,4,112,4,11
skew,36546,117,4,117,4,11
skew,36547,118,4,118,4,11
skew,36548,122,4,122,4,11
skew,36549,123,4,123,4,11
skew,36550,128,4,128,4,11
skew,36551,129,4,129,4,11
skew,36552,104,3,104,3,13
skew,36553,114,4,114,4,13
skew,36554,119,4,119,4,13
skew,36555,120,4,120,4,13
skew,36556,124,4,124,4,13
skew,36557,125,4,125,4,13
skew,36558,130,4,130,4,13
skew,36559,131,4,131,4,13
skew,36560,103,3,103,3,11
skew,36561,113,4,113,4,11
skew,36562,118,4,118,4,11
skew,36563,119,4,119,4,11
skew,36564,123,4,123,4,11
skew,36565,124,4,124,4,11
skew,36566,129,4,129,4,11
skew,36567,130,4,130,4,11
skew,36568,105,3,105,3,13
skew,36569,115,4,115,4,13
skew,36570,120,4,120,4,13
skew,36571,121,4,121,4,13
skew,36572,125,4,125,4,13
skew,36573,126,4,126,4,13
skew,36574,131,4,131,4,13
skew,36575,132,4,132,4,13
skew,36576,108,3,108,3,11
skew,36577,118,4,118,4,11
skew,36578,123,4,123,4,11
skew,36579,124,4,124,4,11
skew,36580,128,4,128,4,11
skew,36581,129,4,129,4,11
skew,36582,134,4,134,4,11
skew,36583,135,4,135,4,11
skew,36584,110,3,110,3,13
skew,36585,120,4,120,4,13
skew,36586,125,4,125,4,13
skew,36587,126,4,126,4,13
skew,36588,130,4,130,4,13
skew,36589,131,4,131,4,13
skew,36590,136,4,136,4,13
skew,36591,137,4,137,4,13
skew,36592,109,3,109,3,11
skew,36593,119,4,119,4,11
skew,36594,124,4,124,4,11
skew,36595,125,4,125,4,11
skew,36596,129,4,129,4,11
skew,36597,130,4,130,4,11
skew,36598,135,4,135,4,11
skew,36599,136,4,136,4,11
skew,36600,111,3,111,3,13
skew,36601,121,4,121,4,13
skew,36602,126,4,126,4,13
skew,36603,127,4,127,4,13
skew,36604,131,4,131,4,13
skew,36605,132,4,132,4,13
skew,36606,137,4,137,4,13
skew,36607,138,4,138,4,13
skew,36608,75,2,75,2,9
skew,36609,85,3,85,3,9
skew,36610,90,3,90,3,9
skew,36611,91,3,91,3,9
skew,36612,95,3,95,3,9
skew,36613,96,3,96,3,9
skew,36614,101,3,101,3,9
skew,36615,102,3,102,3,9
skew,36616,100,3,100,3,9
skew,36617,101,3,101,3,9
skew,36618,106,3,106,3,9
skew,36619,107,3,107,3,9
skew,36620,111,3,111,3,9
skew,36621,112,3,112,3,9
skew,36622,117,3,117,3,9
skew,36623,118,3,118,3,9
skew,36624,88,3,88,3,9
skew,36625,98,4,98,4,9
skew,36626,103,4,103,4,9
skew,36627,104,4,104,4,9
skew,36628,108,4,108,4,9
skew,36629,109,4,109,4,9
skew,36630,114,4,114,4,9
skew,36631,115,4,115,4,9
skew,36632,113,4,113,4,9
skew,36633,114,4,114,4,9
skew,36634,119,4,119,4,9
skew,36635,120,4,120,4,9
skew,36636,124,4,124,4,9
skew,36637,125,4,125,4,9
skew,36638,130,4,130,4,9
skew,36639,131,4,131,4,9
skew,36640,93,3,93,3,9
skew,36641,103,4,103,4,9
skew,36642,108,4,108,4,9
skew,36643,109,4,109,4,9
skew,36644,113,4,113,4,9
skew,36645,114,4,114,4,9
skew,36646,119,4,119,4,9
skew,36647,120,4,120,4,9
skew,36648,118,4,118,4,9
skew,36649,119,4,119,4,9
skew,36650,124,4,124,4,9
skew,36651,125,4,125,4,9
skew,36652,129,4,129,4,9
skew,36653,130,4,130,4,9
skew,36654,135,4,135,4,9
skew,36655,136,4,136,4,9
skew,36656,94,3,94,3,9
skew,36657,104,4,104,4,9
skew,36658,109,4,109,4,9
skew,36659,110,4,110,4,9
skew,36660,114,4,114,4,9
skew,36661,115,4,115,4,9
skew,36662,120,4,120,4,9
skew,36663,121,4,121,4,9
skew,36664,119,4,119,4,9
skew,36665,120,4,120,4,9
skew,36666,125,4,125,4,9
skew,36667,126,4,126,4,9
skew,36668,130,4,130,4,9
skew,36669,131,4,131,4,9
skew,36670,136,4,136,4,9
skew,36671,137,4,137,4,9
skew,36672,98,3,98,3,9
skew,36673,108,4,108,4,9
skew,36674,113,4,113,4,9
skew,36675,114,4,114,4,9
skew,36676,118,4,118,4,9
skew,36677,119,4,119,4,9
skew,36678,124,4,124,4,9
skew,36679,125,4,125,4,9
skew,36680,123,4,123,4,9
skew,36681,124,4,124,4,9
skew,36682,129,4,129,4,9
skew,36683,130,4,130,4,9
skew,36684,134,4,134,4,9
skew,36685,135,4,135,4,9
skew,36686,140,4,140,4,9
skew,36687,141,4,141,4,9
skew,36688,99,3,99,3,9
skew,36689,109,4,109,4,9
skew,36690,114,4,114,4,9
skew,36691,115,4,115,4,9
skew,36692,119,4,119,4,9
skew,36693,120,4,120,4,9
skew,36694,125,4,125,4,9
skew,36695,126,4,126,4,9
skew,36696,124,4,124,4,9
skew,36697,125,4,125,4,9
skew,36698,130,4,130,4,9
skew,36699,131,4,131,4,9
skew,36700,135,4,135,4,9
skew,36701,136,4,136,4,9
skew,36702,141,4,141,4,9
skew,36703,142,4,142,4,9
skew,36704,104,3,104,3,9
skew,36705,114,4,114,4,9
skew,36706,119,4,119,4,9
skew,36707,120,4,120,4,9
skew,36708,124,4,124,4,9
skew,36709,125,4,125,4,9
skew,36710,130,4,130,4,9
skew,36711,131,4,131,4,9
skew,36712,129,4,129,4,9
skew,36713,130,4,130,4,9
skew,36714,135,4,135,4,9
skew,36715,136,4,136,4,9
skew,36716,140,4,140,4,9
skew,36717,141,4,141,4,9
skew,36718,146,4,146,4,9
skew,36719,147,4,147,4,9
skew,36720,105,3,105,3,9
skew,36721,115,4,115,4,9
skew,36722,120,4,120,4,9
skew,36723,121,4,121,4,9
skew,36724,125,4,125,4,9
skew,36725,126,4,126,4,9
skew,36726,131,4,131,4,9
skew,36727,132,4,132,4,9
skew,36728,130,4,130,4,9
skew,36729,131,4,131,4,9
skew,36730,136,4,136,4,9
skew,36731,137,4,137,4,9
skew,36732,141,4,141,4,9
skew,36733,142,4,142,4,9
skew,36734,147,4,147,4,9
skew,36735,148,4,148,4,9
skew,36736,80,2,80,2,11
skew,36737,90,3,90,3,11
skew,36738,95,3,95,3,11
skew,36739,96,3,96,3,11
skew,36740,100,3,100,3,11
skew,36741,101,3,101,3,11
skew,36742,106,3,106,3,11
skew,36743,107,3,107,3,11
skew,36744,82,2,82,2,13
skew,36745,92,3,92,3,13
skew,36746,97,3,97,3,13
skew,36747,98,3,98,3,13
skew,36748,102,3,102,3,13
skew,36749,103,3,103,3,13
skew,36750,108,3,108,3,13
skew,36751,109,3,109,3,13
skew,36752,93,3,93,3,11
skew,36753,103,4,103,4,11
skew,36754,108,4,108,4,11
skew,36755,109,4,109,4,11
skew,36756,113,4,113,4,11
skew,36757,114,4,114,4,11
skew,36758,119,4,119,4,11
skew,36759,120,4,120,4,11
skew,36760,95,3,95,3,13
skew,36761,105,4,105,4,13
skew,36762,110,4,110,4,13
skew,36763,111,4,111,4,13
skew,36764,115,4,115,4,13
skew,36765,116,4,116,4,13
skew,36766,121,4,121,4,13
skew,36767,122,4,122,4,13
skew,36768,98,3,98,3,11
skew,36769,108,4,108,4,11
skew,36770,113,4,113,4,11
skew,36771,114,4,114,4,11
skew,36772,118,4,118,4,11
skew,36773,119,4,119,4,11
skew,36774,124,4,124,4,11
skew,36775,125,4,125,4,11
skew,36776,100,3,100,3,13
skew,36777,110,4,110,4,13
skew,36778,115,4,115,4,13
skew,36779,116,4,116,4,13
skew,36780,120,4,120,4,13
skew,36781,121,4,121,4,13
skew,36782,126,4,126,4,13
skew,36783,127,4,127,4,13
skew,36784,99,3,99,3,11
skew,36785,109,4,109,4,11
skew,36786,114,4,114,4,11
skew,36787,115,4,115,4,11
skew,36788,119,4,119,4,11
skew,36789,120,4,120,4,11
skew,36790,125,4,125,4,11
skew,36791,126,4,126,4,11
skew,36792,101,3,101,3,13
skew,36793,111,4,111,4,13
skew,36794,116,4,116,4,13
skew,36795,117,4,117,4,13
skew,36796,121,4,121,4,13
skew,36797,122,4,122,4,13
skew,36798,127,4,127,4,13
skew,36799,128,4,128,4,13
skew,36800,103,3,103,3,11
skew,36801,113,4,113,4,11
skew,36802,118,4,118,4,11
skew,36803,119,4,119,4,11
skew,36804,123,4,123,4,11
skew,36805,124,4,124,4,11
skew,36806,129,4,129,4,11
skew,36807,130,4,130,4,11
skew,36808,105,3,105,3,13
skew,36809,115,4,115,4,13
skew,36810,120,4,120,4,13
skew,36811,121,4,121,4,13
skew,36812,125,4,125,4,13
skew,36813,126,4,126,4,13
skew,36814,131,4,131,4,13
skew,36815,132,4,132,4,13
skew,36816,104,3,104,3,11
skew,36817,114,4,114,4,11
skew,36818,119,4,119,4,11
skew,36819,120,4,120,4,11
skew,36820,124,4,124,4,11
skew,36821,125,4,125,4,11
skew,36822,130,4,130,4,11
skew,36823,131,4,131,4,11
skew,36824,106,3,106,3,13
skew,36825,116,4,116,4,13
skew,36826,121,4,121,4,13
skew,36827,122,4,122,4,13
skew,36828,126,4,126,4,13
skew,36829,127,4,127,4,13
skew,36830,132,4,132,4,13
skew,36831,133,4,133,4,13
skew,36832,109,3,109,3,11
skew,36833,119,4,119,4,11
skew,36834,124,4,124,4,11
skew,36835,125,4,125,4,11
skew,36836,129,4,129,4,11
skew,36837,130,4,130,4,11
skew,36838,135,4,135,4,11
skew,36839,136,4,136,4,11
skew,36840,111,3,111,3,13
skew,36841,121,4,121,4,13
skew,36842,126,4,126,4,13
skew,36843,127,4,127,4,13
skew,36844,131,4,131,4,13
skew,36845,132,4,132,4,13
skew,36846,137,4,137,4,13
skew,36847,138,4,138,4,13
skew,36848,110,3,110,3,11
skew,36849,120,4,120,4,11
skew,36850,125,4,125,4,11
skew,36851,126,4,126,4,11
skew,36852,130,4,130,4,11
skew,36853,131,4,131,4,11
skew,36854,136,4,136,4,11
skew,36855,137,4,137,4,11
skew,36856,112,3,112,3,13
skew,36857,122,4,122,4,13
skew,36858,127,4,127,4,13
skew,36859,128,4,128,4,13
skew,36860,132,4,132,4,13
skew,36861,133,4,133,4,13
skew,36862,138,4,138,4,13
skew,36863,139,4,139,4,13
skew,36864,35,1,35,1,7
skew,36865,45,2,45,2,7
skew,36866,50,2,50,2,7
skew,36867,51,2,51,2,7
skew,36868,55,2,55,2,7
skew,36869,56,2,56,2,7
skew,36870,61,2,61,2,7
skew,36871,62,2,62,2,7
skew,36872,60,2,60,2,7
skew,36873,61,2,61,2,7
skew,36874,66,2,66,2,7
skew,36875,67,2,67,2,7
skew,36876,71,2,71,2,7
skew,36877,72,2,72,2,7
skew,36878,77,2,77,2,7
skew,36879,78,2,78,2,7
skew,36880,48,2,48,2,7
skew,36881,58,3,58,3,7
skew,36882,63,3,63,3,7
skew,36883,64,3,64,3,7
skew,36884,68,3,68,3,7
skew,36885,69,3,69,3,7
skew,36886,74,3,74,3,7
skew,36887,75,3,75,3,7
skew,36888,73,3,73,3,7
skew,36889,74,3,74,3,7
skew,36890,79,3,79,3,7
skew,36891,80,3,80,3,7
skew,36892,84,3,84,3,7
skew,36893,85,3,85,3,7
skew,36894,90,3,90,3,7
skew,36895,91,3,91,3,7
skew,36896,53,2,53,2,7
skew,36897,63,3,63,3,7
skew,36898,68,3,68,3,7
skew,36899,69,3,69,3,7
skew,36900,73,3,73,3,7
skew,36901,74,3,74,3,7
skew,36902,79,3,79,3,7
skew,36903,80,3,80,3,7
skew,36904,78,3,78,3,7
skew,36905,79,3,79,3,7
skew,36906,84,3,84,3,7
skew,36907,85,3,85,3,7
skew,36908,89,3,89,3,7
skew,36909,90,3,90,3,7
skew,36910,95,3,95,3,7
skew,36911,96,3,96,3,7
skew,36912,54,2,54,2,7
skew,36913,64,3,64,3,7
skew,36914,69,3,69,3,7
skew,36915,70,3,70,3,7
skew,36916,74,3,74,3,7
skew,36917,75,3,75,3,7
skew,36918,80,3,80,3,7
skew,36919,81,3,81,3,7
skew,36920,79,3,79,3,7
skew,36921,80,3,80,3,7
skew,36922,85,3,85,3,7
skew,36923,86,3,86,3,7
skew,36924,90,3,90,3,7
skew,36925,91,3,91,3,7
skew,36926,96,3,96,3,7
skew,36927,97,3,97,3,7
skew,36928,58,2,58,2,7
skew,36929,68,3,68,3,7
skew,36930,73,3,73,3,7
skew,36931,74,3,74,3,7
skew,36932,78,3,78,3,7
skew,36933,79,3,79,3,7
skew,36934,84,3,84,3,7
skew,36935,85,3,85,3,7
skew,36936,83,3,83,3,7
skew,36937,84,3,84,3,7
skew,36938,89,3,89,3,7
skew,36939,90,3,90,3,7
skew,36940,94,3,94,3,7
skew,36941,95,3,95,3,7
skew,36942,100,3,100,3,7
skew,36943,101,3,101,3,7
skew,36944,59,2,59,2,7
skew,36945,69,3,69,3,7
skew,36946,74,3,74,3,7
skew,36947,75,3,75,3,7
skew,36948,79,3,79,3,7
skew,36949,80,3,80,3,7
skew,36950,85,3,85,3,7
skew,36951,86,3,86,3,7
skew,36952,84,3,84,3,7
skew,36953,85,3,85,3,7
skew,36954,90,3,90,3,7
skew,36955,91,3,91,3,7
skew,36956,95,3,95,3,7
skew,36957,96,3,96,3,7
skew,36958,101,3,101,3,7
skew,36959,102,3,102,3,7
skew,36960,64,2,64,2,7
skew,36961,74,3,74,3,7
skew,36962,79,3,79,3,7
skew,36963,80,3,80,3,7
skew,36964,84,3,84,3,7
skew,36965,85,3,85,3,7
skew,36966,90,3,90,3,7
skew,36967,91,3,91,3,7
skew,36968,89,3,89,3,7
skew,36969,90,3,90,3,7
skew,36970,95,3,95,3,7
skew,36971,96,3,96,3,7
skew,36972,100,3,100,3,7
skew,36973,101,3,101,3,7
skew,36974,106,3,106,3,7
skew,36975,107,3,107,3,7
skew,36976,65,2,65,2,7
skew,36977,75,3,75,3,7
skew,36978,80,3,80,3,7
skew,36979,81,3,81,3,7
skew,36980,85,3,85,3,7
skew,36981,86,3,86,3,7
skew,36982,91,3,91,3,7
skew,36983,92,3,92,3,7
skew,36984,90,3,90,3,7
skew,36985,91,3,91,3,7
skew,36986,96,3,96,3,7
skew,36987,97,3,97,3,7
skew,36988,101,3,101,3,7
skew,36989,102,3,102,3,7
skew,36990,107,3,107,3,7
skew,36991,108,3,108,3,7
skew,36992,63,2,63,2,7
skew,36993,73,3,73,3,7
skew,36994,78,3,78,3,7
skew,36995,79,3,79,3,7
skew,36996,83,3,83,3,7
skew,36997,84,3,84,3,7
skew,36998,89,3,89,3,7
skew,36999,90,3,90,3,7
skew,37000,88,3,88,3,7
skew,37001,89,3,89,3,7
skew,37002,94,3,94,3,7
skew,37003,95,3,95,3,7
skew,37004,99,3,99,3,7
skew,37005,100,3,100,3,7
skew,37006,105,3,105,3,7
skew,37007,106,3,106,3,7
skew,37008,64,2,64,2,7
skew,37009,74,3,74,3,7
skew,37010,79,3,79,3,7
skew,37011,80,3,80,3,7
skew,37012,84,3,84,3,7
skew,37013,85,3,85,3,7
skew,37014,90,3,90,3,7
skew,37015,91,3,91,3,7
skew,37016,89,3,89,3,7
skew,37017,90,3,90,3,7
skew,37018,95,3,95,3,7
skew,37019,96,3,96,3,7
skew,37020,100,3,100,3,7
skew,37021,101,3,101,3,7
skew,37022,106,3,106,3,7
skew,37023,107,3,107,3,7
skew,37024,69,2,69,2,7
skew,37025,79,3,79,3,7
skew,37026,84,3,84,3,7
skew,37027,85,3,85,3,7
skew,37028,89,3,89,3,7
skew,37029,90,3,90,3,7
skew,37030,95,3,95,3,7
skew,37031,96,3,96,3,7
skew,37032,94,3,94,3,7
skew,37033,95,3,95,3,7
skew,37034,100,3,100,3,7
skew,37035,101,3,101,3,7
skew,37036,105,3,105,3,7
skew,37037,106,3,106,3,7
skew,37038,111,3,111,3,7
skew,37039,112,3,112,3,7
skew,37040,70,2,70,2,7
skew,37041,80,3,80,3,7
skew,37042,85,3,85,3,7
skew,37043,86,3,86,3,7
skew,37044,90,3,90,3,7
skew,37045,91,3,91,3,7
skew,37046,96,3,96,3,7
skew,37047,97,3,97,3,7
skew,37048,95,3,95,3,7
skew,37049,96,3,96,3,7
skew,37050,101,3,101,3,7
skew,37051,102,3,102,3,7
skew,37052,106,3,106,3,7
skew,37053,107,3,107,3,7
skew,37054,112,3,112,3,7
skew,37055,113,3,113,3,7
skew,37056,74,2,74,2,7
skew,37057,84,3,84,3,7
skew,37058,89,3,89,3,7
skew,37059,90,3,90,3,7
skew,37060,94,3,94,3,7
skew,37061,95,3,95,3,7
skew,37062,100,3,100,3,7
skew,37063,101,3,101,3,7
skew,37064,99,3,99,3,7
skew,37065,100,3,100,3,7
skew,37066,105,3,105,3,7
skew,37067,106,3,106,3,7
skew,37068,110,3,110,3,7
skew,37069,111,3,111,3,7
skew,37070,116,3,116,3,7
skew,37071,117,3,117,3,7
skew,37072,75,2,75,2,7
skew,37073,85,3,85,3,7
skew,37074,90,3,90,3,7
skew,37075,91,3,91,3,7
skew,37076,95,3,95,3,7
skew,37077,96,3,96,3,7
skew,37078,101,3,101,3,7
skew,37079,102,3,102,3,7
skew,37080,100,3,100,3,7
skew,37081,101,3,101,3,7
skew,37082,106,3,106,3,7
skew,37083,107,3,107,3,7
skew,37084,111,3,111,3,7
skew,37085,112,3,112,3,7
skew,37086,117,3,117,3,7
skew,37087,118,3,118,3,7
skew,37088,80,2,80,2,7
skew,37089,90,3,90,3,7
skew,37090,95,3,95,3,7
skew,37091,96,3,96,3,7
skew,37092,100,3,100,3,7
skew,37093,101,3,101,3,7
skew,37094,106,3,106,3,7
skew,37095,107,3,107,3,7
skew,37096,105,3,105,3,7
skew,37097,106,3,106,3,7
skew,37098,111,3,111,3,7
skew,37099,112,3,112,3,7
skew,37100,116,3,116,3,7
skew,37101,117,3,117,3,7
skew,37102,122,3,122,3,7
skew,37103,123,3,123,3,7
skew,37104,81,2,81,2,7
skew,37105,91,3,91,3,7
skew,37106,96,3,96,3,7
skew,37107,97,3,97,3,7
skew,37108,101,3,101,3,7
skew,37109,102,3,102,3,7
skew,37110,107,3,107,3,7
skew,37111,108,3,108,3,7
skew,37112,106,3,106,3,7
skew,37113,107,3,107,3,7
skew,37114,112,3,112,3,7
skew,37115,113,3,113,3,7
skew,37116,117,3,117,3,7
skew,37117,118,3,118,3,7
skew,37118,123,3,123,3,7
skew,37119,124,3,124,3,7
skew,37120,51,2,61,2,9
skew,37121,61,3,71,3,9
skew,37122,66,3,76,3,9
skew,37123,67,3,77,3,9
skew,37124,71,3,81,3,9
skew,37125,72,3,82,3,9
skew,37126,77,3,87,3,9
skew,37127,78,3,88,3,9
skew,37128,76,3,86,3,9
skew,37129,77,3,87,3,9
skew,37130,82,3,92,3,9
skew,37131,83,3,93,3,9
skew,37132,87,3,97,3,9
skew,37133,88,3,98,3,9
skew,37134,93,3,103,3,9
skew,37135,94,3,104,3,9
skew,37136,64,3,66,2,11
skew,37137,68,2,68,2,13
skew,37138,79,4,81,3,11
skew,37139,80,4,83,3,13
skew,37140,84,4,86,3,11
skew,37141,85,4,88,3,13
skew,37142,90,4,92,3,11
skew,37143,91,4,94,3,13
skew,37144,89,4,91,3,11
skew,37145,90,4,93,3,13
skew,37146,95,4,97,3,11
skew,37147,96,4,99,3,13
skew,37148,100,4,102,3,11
skew,37149,101,4,104,3,13
skew,37150,106,4,108,3,11
skew,37151,107,4,110,3,13
skew,37152,69,3,79,3,9
skew,37153,79,4,89,4,9
skew,37154,84,4,94,4,9
skew,37155,85,4,95,4,9
skew,37156,89,4,99,4,9
skew,37157,90,4,100,4,9
skew,37158,95,4,105,4,9
skew,37159,96,4,106,4,9
skew,37160,94,4,104,4,9
skew,37161,95,4,105,4,9
skew,37162,100,4,110,4,9
skew,37163,101,4,111,4,9
skew,37164,105,4,115,4,9
skew,37165,106,4,116,4,9
skew,37166,111,4,121,4,9
skew,37167,112,4,122,4,9
skew,37168,70,3,84,3,11
skew,37169,80,4,86,3,13
skew,37170,85,4,99,4,11
skew,37171,86,4,101,4,13
skew,37172,90,4,104,4,11
skew,37173,91,4,106,4,13
skew,37174,96,4,110,4,11
skew,37175,97,4,112,4,13
skew,37176,95,4,109,4,11
skew,37177,96,4,111,4,13
skew,37178,101,4,115,4,11
skew,37179,102,4,117,4,13
skew,37180,106,4,120,4,11
skew,37181,107,4,122,4,13
skew,37182,112,4,126,4,11
skew,37183,113,4,128,4,13
skew,37184,74,3,84,3,9
skew,37185,84,4,94,4,9
skew,37186,89,4,99,4,9
skew,37187,90,4,100,4,9
skew,37188,94,4,104,4,9
skew,37189,95,4,105,4,9
skew,37190,100,4,110,4,9
skew,37191,101,4,111,4,9
skew,37192,99,4,109,4,9
skew,37193,100,4,110,4,9
skew,37194,105,4,115,4,9
skew,37195,106,4,116,4,9
skew,37196,110,4,120,4,9
skew,37197,111,4,121,4,9
skew,37198,116,4,126,4,9
skew,37199,117,4,127,4,9
skew,37200,75,3,89,3,11
skew,37201,85,4,91,3,13
skew,37202,90,4,104,4,11
skew,37203,91,4,106,4,13
skew,37204,95,4,109,4,11
skew,37205,96,4,111,4,13
skew,37206,101,4,115,4,11
skew,37207,102,4,117,4,13
skew,37208,100,4,114,4,11
skew,37209,101,4,116,4,13
skew,37210,106,4,120,4,11
skew,37211,107,4,122,4,13
skew,37212,111,4,125,4,11
skew,37213,112,4,127,4,13
skew,37214,117,4,131,4,11
skew,37215,118,4,133,4,13
skew,37216,80,3,90,3,9
skew,37217,90,4,100,4,9
skew,37218,95,4,105,4,9
skew,37219,96,4,106,4,9
skew,37220,100,4,110,4,9
skew,37221,101,4,111,4,9
skew,37222,106,4,116,4,9
skew,37223,107,4,117,4,9
skew,37224,105,4,115,4,9
skew,37225,106,4,116,4,9
skew,37226,111,4,121,4,9
skew,37227,112,4,122,4,9
skew,37228,116,4,126,4,9
skew,37229,117,4,127,4,9
skew,37230,122,4,132,4,9
skew,37231,123,4,133,4,9
skew,37232,81,3,95,3,11
skew,37233,91,4,97,3,13
skew,37234,96,4,110,4,11
skew,37235,97,4,112,4,13
skew,37236,101,4,115,4,11
skew,37237,102,4,117,4,13
skew,37238,107,4,121,4,11
skew,37239,108,4,123,4,13
skew,37240,106,4,120,4,11
skew,37241,107,4,122,4,13
skew,37242,112,4,126,4,11
skew,37243,113,4,128,4,13
skew,37244,117,4,131,4,11
skew,37245,118,4,133,4,13
skew,37246,123,4,137,4,11
skew,37247,124,4,139,4,13
skew,37248,79,3,89,3,9
skew,37249,89,4,99,4,9
skew,37250,94,4,104,4,9
skew,37251,95,4,105,4,9
skew,37252,99,4,109,4,9
skew,37253,100,4,110,4,9
skew,37254,105,4,115,4,9
skew,37255,106,4,116,4,9
skew,37256,104,4,114,4,9
skew,37257,105,4,115,4,9
skew,37258,110,4,120,4,9
skew,37259,111,4,121,4,9
skew,37260,115,4,125,4,9
skew,37261,116,4,126,4,9
skew,37262,121,4,131,4,9
skew,37263,122,4,132,4,9
skew,37264,80,3,94,3,11
skew,37265,90,4,96,3,13
skew,37266,95,4,109,4,11
skew,37267,96,4,111,4,13
skew,37268,100,4,114,4,11
skew,37269,101,4,116,4,13
skew,37270,106,4,120,4,11
skew,37271,107,4,122,4,13
skew,37272,105,4,119,4,11
skew,37273,106,4,121,4,13
skew,37274,111,4,125,4,11
skew,37275,112,4,127,4,13
skew,37276,116,4,130,4,11
skew,37277,117,4,132,4,13
skew,37278,122,4,136,4,11
skew,37279,123,4,138,4,13
skew,37280,85,3,95,3,9
skew,37281,95,4,105,4,9
skew,37282,100,4,110,4,9
skew,37283,101,4,111,4,9
skew,37284,105,4,115,4,9
skew,37285,106,4,116,4,9
skew,37286,111,4,121,4,9
skew,37287,112,4,122,4,9
skew,37288,110,4,120,4,9
skew,37289,111,4,121,4,9
skew,37290,116,4,126,4,9
skew,37291,117,4,127,4,9
skew,37292,121,4,131,4,9
skew,37293,122,4,132,4,9
skew,37294,127,4,137,4,9
skew,37295,128,4,138,4,9
skew,37296,86,3,100,3,11
skew,37297,96,4,102,3,13
skew,37298,101,4,115,4,11
skew,37299,102,4,117,4,13
skew,37300,106,4,120,4,11
skew,37301,107,4,122,4,13
skew,37302,112,4,126,4,11
skew,37303,113,4,128,4,13
skew,37304,111,4,125,4,11
skew,37305,112,4,127,4,13
skew,37306,117,4,131,4,11
skew,37307,118,4,133,4,13
skew,37308,122,4,136,4,11
skew,37309,123,4,138,4,13
skew,37310,128,4,142,4,11
skew,37311,129,4,144,4,13
skew,37312,90,3,100,3,9
skew,37313,100,4,110,4,9
skew,37314,105,4,115,4,9
skew,37315,106,4,116,4,9
skew,37316,110,4,120,4,9
skew,37317,111,4,121,4,9
skew,37318,116,4,126,4,9
skew,37319,117,4,127,4,9
skew,37320,115,4,125,4,9
skew,37321,116,4,126,4,9
skew,37322,121,4,131,4,9
skew,37323,122,4,132,4,9
skew,37324,126,4,136,4,9
skew,37325,127,4,137,4,9
skew,37326,132,4,142,4,9
skew,37327,133,4,143,4,9
skew,37328,91,3,105,3,11
skew,37329,101,4,107,3,13
skew,37330,106,4,120,4,11
skew,37331,107,4,122,4,13
skew,37332,111,4,125,4,11
skew,37333,112,4,127,4,13
skew,37334,117,4,131,4,11
skew,37335,118,4,133,4,13
skew,37336,116,4,130,4,11
skew,37337,117,4,132,4,13
skew,37338,122,4,136,4,11
skew,37339,123,4,138,4,13
skew,37340,127,4,141,4,11
skew,37341,128,4,143,4,13
skew,37342,133,4,147,4,11
skew,37343,134,4,149,4,13
skew,37344,96,3,106,3,9
skew,37345,106,4,116,4,9
skew,37346,111,4,121,4,9
skew,37347,112,4,122,4,9
skew,37348,116,4,126,4,9
skew,37349,117,4,127,4,9
skew,37350,122,4,132,4,9
skew,37351,123,4,133,4,9
skew,37352,121,4,131,4,9
skew,37353,122,4,132,4,9
skew,37354,127,4,137,4,9
skew,37355,128,4,138,4,9
skew,37356,132,4,142,4,9
skew,37357,133,4,143,4,9
skew,37358,138,4,148,4,9
skew,37359,139,4,149,4,9
skew,37360,97,3,111,3,11
skew,37361,107,4,113,3,13
skew,37362,112,4,126,4,11
skew,37363,113,4,128,4,13
skew,37364,117,4,131,4,11
skew,37365,118,4,133,4,13
skew,37366,123,4,137,4,11
skew,37367,124,4,139,4,13
skew,37368,122,4,136,4,11
skew,37369,123,4,138,4,13
skew,37370,128,4,142,4,11
skew,37371,129,4,144,4,13
skew,37372,133,4,147,4,11
skew,37373,134,4,149,4,13
skew,37374,139,4,153,4,11
skew,37375,140,4,155,4,13
skew,37376,56,2,56,2,7
skew,37377,66,3,66,3,7
skew,37378,71,3,71,3,7
skew,37379,72,3,72,3,7
skew,37380,76,3,76,3,7
skew,37381,77,3,77,3,7
skew,37382,82,3,82,3,7
skew,37383,83,3,83,3,7
skew,37384,81,3,81,3,7
skew,37385,82,3,82,3,7
skew,37386,87,3,87,3,7
skew,37387,88,3,88,3,7
skew,37388,92,3,92,3,7
skew,37389,93,3,93,3,7
skew,37390,98,3,98,3,7
skew,37391,99,3,99,3,7
skew,37392,69,3,69,3,7
skew,37393,79,4,79,4,7
skew,37394,84,4,84,4,7
skew,37395,85,4,85,4,7
skew,37396,89,4,89,4,7
skew,37397,90,4,90,4,7
skew,37398,95,4,95,4,7
skew,37399,96,4,96,4,7
skew,37400,94,4,94,4,7
skew,37401,95,4,95,4,7
skew,37402,100,4,100,4,7
skew,37403,101,4,101,4,7
skew,37404,105,4,105,4,7
skew,37405,106,4,106,4,7
skew,37406,111,4,111,4,7
skew,37407,112,4,112,4,7
skew,37408,74,3,74,3,7
skew,37409,84,4,84,4,7
skew,37410,89,4,89,4,7
skew,37411,90,4,90,4,7
skew,37412,94,4,94,4,7
skew,37413,95,4,95,4,7
skew,37414,100,4,100,4,7
skew,37415,101,4,101,4,7
skew,37416,99,4,99,4,7
skew,37417,100,4,100,4,7
skew,37418,105,4,105,4,7
skew,37419,106,4,106,4,7
skew,37420,110,4,110,4,7
skew,37421,111,4,111,4,7
skew,37422,116,4,116,4,7
skew,37423,117,4,117,4,7
skew,37424,75,3,75,3,7
skew,37425,85,4,85,4,7
skew,37426,90,4,90,4,7
skew,37427,91,4,91,4,7
skew,37428,95,4,95,4,7
skew,37429,96,4,96,4,7
skew,37430,101,4,101,4,7
skew,37431,102,4,102,4,7
skew,37432,100,4,100,4,7
skew,37433,101,4,101,4,7
skew,37434,106,4,106,4,7
skew,37435,107,4,107,4,7
skew,37436,111,4,111,4,7
skew,37437,112,4,112,4,7
skew,37438,117,4,117,4,7
skew,37439,118,4,118,4,7
skew,37440,79,3,79,3,7
skew,37441,89,4,89,4,7
skew,37442,94,4,94,4,7
skew,37443,95,4,95,4,7
skew,37444,99,4,99,4,7
skew,37445,100,4,100,4,7
skew,37446,105,4,105,4,7
skew,37447,106,4,106,4,7
skew,37448,104,4,104,4,7
skew,37449,105,4,105,4,7
skew,37450,110,4,110,4,7
skew,37451,111,4,111,4,7
skew,37452,115,4,115,4,7
skew,37453,116,4,116,4,7
skew,37454,121,4,121,4,7
skew,37455,122,4,122,4,7
skew,37456,80,3,80,3,7
skew,37457,90,4,90,4,7
skew,37458,95,4,95,4,7
skew,37459,96,4,96,4,7
skew,37460,100,4,100,4,7
skew,37461,101,4,101,4,7
skew,37462,106,4,106,4,7
skew,37463,107,4,107,4,7
skew,37464,105,4,105,4,7
skew,37465,106,4,106,4,7
skew,37466,111,4,111,4,7
skew,37467,112,4,112,4,7
skew,37468,116,4,116,4,7
skew,37469,117,4,117,4,7
skew,37470,122,4,122,4,7
skew,37471,123,4,123,4,7
skew,37472,85,3,85,3,7
skew,37473,95,4,95,4,7
skew,37474,100,4,100,4,7
skew,37475,101,4,101,4,7
skew,37476,105,4,105,4,7
skew,37477,106,4,106,4,7
skew,37478,111,4,111,4,7
skew,37479,112,4,112,4,7
skew,37480,110,4,110,4,7
skew,37481,111,4,111,4,7
skew,37482,116,4,116,4,7
skew,37483,117,4,117,4,7
skew,37484,121,4,121,4,7
skew,37485,122,4,122,4,7
skew,37486,127,4,127,4,7
skew,37487,128,4,128,4,7
skew,37488,86,3,86,3,7
skew,37489,96,4,96,4,7
skew,37490,101,4,101,4,7
skew,37491,102,4,102,4,7
skew,37492,106,4,106,4,7
skew,37493,107,4,107,4,7
skew,37494,112,4,112,4,7
skew,37495,113,4,113,4,7
skew,37496,111,4,111,4,7
skew,37497,112,4,112,4,7
skew,37498,117,4,117,4,7
skew,37499,118,4,118,4,7
skew,37500,122,4,122,4,7
skew,37501,123,4,123,4,7
skew,37502,128,4,128,4,7
skew,37503,129,4,129,4,7
skew,37504,84,3,84,3,7
skew,37505,94,4,94,4,7
skew,37506,99,4,99,4,7
skew,37507,100,4,100,4,7
skew,37508,104,4,104,4,7
skew,37509,105,4,105,4,7
skew,37510,110,4,110,4,7
skew,37511,111,4,111,4,7
skew,37512,109,4,109,4,7
skew,37513,110,4,110,4,7
skew,37514,115,4,115,4,7
skew,37515,116,4,116,4,7
skew,37516,120,4,120,4,7
skew,37517,121,4,121,4,7
skew,37518,126,4,126,4,7
skew,37519,127,4,127,4,7
skew,37520,85,3,85,3,7
skew,37521,95,4,95,4,7
skew,37522,100,4,100,4,7
skew,37523,101,4,101,4,7
skew,37524,105,4,105,4,7
skew,37525,106,4,106,4,7
skew,37526,111,4,111,4,7
skew,37527,112,4,112,4,7
skew,37528,110,4,110,4,7
skew,37529,111,4,111,4,7
skew,37530,116,4,116,4,7
skew,37531,117,4,117,4,7
skew,37532,121,4,121,4,7
skew,37533,122,4,122,4,7
skew,37534,127,4,127,4,7
skew,37535,128,4,128,4,7
skew,37536,90,3,90,3,7
skew,37537,100,4,100,4,7
skew,37538,105,4,105,4,7
skew,37539,106,4,106,4,7
skew,37540,110,4,110,4,7
skew,37541,111,4,111,4,7
skew,37542,116,4,116,4,7
skew,37543,117,4,117,4,7
skew,37544,115,4,115,4,7
skew,37545,116,4,116,4,7
skew,37546,121,4,121,4,7
skew,37547,122,4,122,4,7
skew,37548,126,4,126,4,7
skew,37549,127,4,127,4,7
skew,37550,132,4,132,4,7
skew,37551,133,4,133,4,7
skew,37552,91,3,91,3,7
skew,37553,101,4,101,4,7
skew,37554,106,4,106,4,7
skew,37555,107,4,107,4,7
skew,37556,111,4,111,4,7
skew,37557,112,4,112,4,7
skew,37558,117,4,117,4,7
skew,37559,118,4,118,4,7
skew,37560,116,4,116,4,7
skew,37561,117,4,117,4,7
skew,37562,122,4,122,4,7
skew,37563,123,4,123,4,7
skew,37564,127,4,127,4,7
skew,37565,128,4,128,4,7
skew,37566,133,4,133,4,7
skew,37567,134,4,134,4,7
skew,37568,95,3,95,3,7
skew,37569,105,4,105,4,7
skew,37570,110,4,110,4,7
skew,37571,111,4,111,4,7
skew,37572,115,4,115,4,7
skew,37573,116,4,116,4,7
skew,37574,121,4,121,4,7
skew,37575,122,4,122,4,7
skew,37576,120,4,120,4,7
skew,37577,121,4,121,4,7
skew,37578,126,4,126,4,7
skew,37579,127,4,127,4,7
skew,37580,131,4,131,4,7
skew,37581,132,4,132,4,7
skew,37582,137,4,137,4,7
skew,37583,138,4,138,4,7
skew,37584,96,3,96,3,7
skew,37585,106,4,106,4,7
skew,37586,111,4,111,4,7
skew,37587,112,4,112,4,7
skew,37588,116,4,116,4,7
skew,37589,117,4,117,4,7
skew,37590,122,4,122,4,7
skew,37591,123,4,123,4,7
skew,37592,121,4,121,4,7
skew,37593,122,4,122,4,7
skew,37594,127,4,127,4,7
skew,37595,128,4,128,4,7
skew,37596,132,4,132,4,7
skew,37597,133,4,133,4,7
skew,37598,138,4,138,4,7
skew,37599,139,4,139,4,7
skew,37600,101,3,101,3,7
skew,37601,111,4,111,4,7
skew,37602,116,4,116,4,7
skew,37603,117,4,117,4,7
skew,37604,121,4,121,4,7
skew,37605,122,4,122,4,7
skew,37606,127,4,127,4,7
skew,37607,128,4,128,4,7
skew,37608,126,4,126,4,7
skew,37609,127,4,127,4,7
skew,37610,132,4,132,4,7
skew,37611,133,4,133,4,7
skew,37612,137,4,137,4,7
skew,37613,138,4,138,4,7
skew,37614,143,4,143,4,7
skew,37615,144,4,144,4,7
skew,37616,102,3,102,3,7
skew,37617,112,4,112,4,7
skew,37618,117,4,117,4,7
skew,37619,118,4,118,4,7
skew,37620,122,4,122,4,7
skew,37621,123,4,123,4,7
skew,37622,128,4,128,4,7
skew,37623,129,4,129,4,7
skew,37624,127,4,127,4,7
skew,37625,128,4,128,4,7
skew,37626,133,4,133,4,7
skew,37627,134,4,134,4,7
skew,37628,138,4,138,4,7
skew,37629,139,4,139,4,7
skew,37630,144,4,144,4,7
skew,37631,145,4,145,4,7
skew,37632,57,2,82,3,9
skew,37633,67,3,92,4,9
skew,37634,72,3,97,4,9
skew,37635,73,3,98,4,9
skew,37636,77,3,102,4,9
skew,37637,78,3,103,4,9
skew,37638,83,3,108,4,9
skew,37639,84,3,109,4,9
skew,37640,82,3,107,4,9
skew,37641,83,3,108,4,9
skew,37642,88,3,113,4,9
skew,37643,89,3,114,4,9
skew,37644,93,3,118,4,9
skew,37645,94,3,119,4,9
skew,37646,99,3,124,4,9
skew,37647,100,3,125,4,9
skew,37648,70,3,87,3,11
skew,37649,80,4,89,3,13
skew,37650,85,4,102,4,11
skew,37651,86,4,104,4,13
skew,37652,90,4,107,4,11
skew,37653,91,4,109,4,13
skew,37654,96,4,113,4,11
skew,37655,97,4,115,4,13
skew,37656,95,4,112,4,11
skew,37657,96,4,114,4,13
skew,37658,101,4,118,4,11
skew,37659,102,4,120,4,13
skew,37660,106,4,123,4,11
skew,37661,107,4,125,4,13
skew,37662,112,4,129,4,11
skew,37663,113,4,131,4,13
skew,37664,75,3,100,4,9
skew,37665,85,4,110,5,9
skew,37666,90,4,115,5,9
skew,37667,91,4,116,5,9
skew,37668,95,4,120,5,9
skew,37669,96,4,121,5,9
skew,37670,101,4,126,5,9
skew,37671,102,4,127,5,9
skew,37672,100,4,125,5,9
skew,37673,101,4,126,5,9
skew,37674,106,4,131,5,9
skew,37675,107,4,132,5,9
skew,37676,111,4,136,5,9
skew,37677,112,4,137,5,9
skew,37678,117,4,142,5,9
skew,37679,118,4,143,5,9
skew,37680,76,3,105,4,11
skew,37681,86,4,107,4,13
skew,37682,91,4,120,5,11
skew,37683,92,4,122,5,13
skew,37684,96,4,125,5,11
skew,37685,97,4,127,5,13
skew,37686,102,4,131,5,11
skew,37687,103,4,133,5,13
skew,37688,101,4,130,5,11
skew,37689,102,4,132,5,13
skew,37690,107,4,136,5,11
skew,37691,108,4,138,5,13
skew,37692,112,4,141,5,11
skew,37693,113,4,143,5,13
skew,37694,118,4,147,5,11
skew,37695,119,4,149,5,13
skew,37696,80,3,105,4,9
skew,37697,90,4,115,5,9
skew,37698,95,4,120,5,9
skew,37699,96,4,121,5,9
skew,37700,100,4,125,5,9
skew,37701,101,4,126,5,9
skew,37702,106,4,131,5,9
skew,37703,107,4,132,5,9
skew,37704,105,4,130,5,9
skew,37705,106,4,131,5,9
skew,37706,111,4,136,5,9
skew,37707,112,4,137,5,9
skew,37708,116,4,141,5,9
skew,37709,117,4,142,5,9
skew,37710,122,4,147,5,9
skew,37711,123,4,148,5,9
skew,37712,81,3,110,4,11
skew,37713,91,4,112,4,13
skew,37714,96,4,125,5,11
skew,37715,97,4,127,5,13
skew,37716,101,4,130,5,11
skew,37717,102,4,132,5,13
skew,37718,107,4,136,5,11
skew,37719,108,4,138,5,13
skew,37720,106,4,135,5,11
skew,37721,107,4,137,5,13
skew,37722,112,4,141,5,11
skew,37723,113,4,143,5,13
skew,37724,117,4,146,5,11
skew,37725,118,4,148,5,13
skew,37726,123,4,152,5,11
skew,37727,124,4,154,5,13
skew,37728,86,3,111,4,9
skew,37729,96,4,121,5,9
skew,37730,101,4,126,5,9
skew,37731,102,4,127,5,9
skew,37732,106,4,131,5,9
skew,37733,107,4,132,5,9
skew,37734,112,4,137,5,9
skew,37735,113,4,138,5,9
skew,37736,111,4,136,5,9
skew,37737,112,4,137,5,9
skew,37738,117,4,142,5,9
skew,37739,118,4,143,5,9
skew,37740,122,4,147,5,9
skew,37741,123,4,148,5,9
skew,37742,128,4,153,5,9
skew,37743,129,4,154,5,9
skew,37744,87,3,116,4,11
skew,37745,97,4,118,4,13
skew,37746,102,4,131,5,11
skew,37747,103,4,133,5,13
skew,37748,107,4,136,5,11
skew,37749,108,4,138,5,13
skew,37750,113,4,142,5,11
skew,37751,114,4,144,5,13
skew,37752,112,4,141,5,11
skew,37753,113,4,143,5,13
skew,37754,118,4,147,5,11
skew,37755,119,4,149,5,13
skew,37756,123,4,152,5,11
skew,37757,124,4,154,5,13
skew,37758,129,4,158,5,11
skew,37759,130,4,160,5,13
skew,37760,85,3,110,4,9
skew,37761,95,4,120,5,9
skew,37762,100,4,125,5,9
skew,37763,101,4,126,5,9
skew,37764,105,4,130,5,9
skew,37765,106,4,131,5,9
skew,37766,111,4,136,5,9
skew,37767,112,4,137,5,9
skew,37768,110,4,135,5,9
skew,37769,111,4,136,5,9
skew,37770,116,4,141,5,9
skew,37771,117,4,142,5,9
skew,37772,121,4,146,5,9
skew,37773,122,4,147,5,9
skew,37774,127,4,152,5,9
skew,37775,128,4,153,5,9
skew,37776,86,3,115,4,11
skew,37777,96,4,117,4,13
skew,37778,101,4,130,5,11
skew,37779,102,4,132,5,13
skew,37780,106,4,135,5,11
skew,37781,107,4,137,5,13
skew,37782,112,4,141,5,11
skew,37783,113,4,143,5,13
skew,37784,111,4,140,5,11
skew,37785,112,4,142,5,13
skew,37786,117,4,146,5,11
skew,37787,118,4,148,5,13
skew,37788,122,4,151,5,11
skew,37789,123,4,153,5,13
skew,37790,128,4,157,5,11
skew,37791,129,4,159,5,13
skew,37792,91,3,116,4,9
skew,37793,101,4,126,5,9
skew,37794,106,4,131,5,9
skew,37795,107,4,132,5,9
skew,37796,111,4,136,5,9
skew,37797,112,4,137,5,9
skew,37798,117,4,142,5,9
skew,37799,118,4,143,5,9
skew,37800,116,4,141,5,9
skew,37801,117,4,142,5,9
skew,37802,122,4,147,5,9
skew,37803,123,4,148,5,9
skew,37804,127,4,152,5,9
skew,37805,128,4,153,5,9
skew,37806,133,4,158,5,9
skew,37807,134,4,159,5,9
skew,37808,92,3,121,4,11
skew,37809,102,4,123,4,13
skew,37810,107,4,136,5,11
skew,37811,108,4,138,5,13
skew,37812,112,4,141,5,11
skew,37813,113,4,143,5,13
skew,37814,118,4,147,5,11
skew,37815,119,4,149,5,13
skew,37816,117,4,146,5,11
skew,37817,118,4,148,5,13
skew,37818,123,4,152,5,11
skew,37819,124,4,154,5,13
skew,37820,128,4,157,5,11
skew,37821,129,4,159,5,13
skew,37822,134,4,163,5,11
skew,37823,135,4,165,5,13
skew,37824,96,3,121,4,9
skew,37825,106,4,131,5,9
skew,37826,111,4,136,5,9
skew,37827,112,4,137,5,9
skew,37828,116,4,141,5,9
skew,37829,117,4,142,5,9
skew,37830,122,4,147,5,9
skew,37831,123,4,148,5,9
skew,37832,121,4,146,5,9
skew,37833,122,4,147,5,9
skew,37834,127,4,152,5,9
skew,37835,128,4,153,5,9
skew,37836,132,4,157,5,9
skew,37837,133,4,158,5,9
skew,37838,138,4,163,5,9
skew,37839,139,4,164,5,9
skew,37840,97,3,126,4,11
skew,37841,107,4,128,4,13
skew,37842,112,4,141,5,11
skew,37843,113,4,143,5,13
skew,37844,117,4,146,5,11
skew,37845,118,4,148,5,13
skew,37846,123,4,152,5,11
skew,37847,124,4,154,5,13
skew,37848,122,4,151,5,11
skew,37849,123,4,153,5,13
skew,37850,128,4,157,5,11
skew,37851,129,4,159,5,13
skew,37852,133,4,162,5,11
skew,37853,134,4,164,5,13
skew,37854,139,4,168,5,11
skew,37855,140,4,170,5,13
skew,37856,102,3,127,4,9
skew,37857,112,4,137,5,9
skew,37858,117,4,142,5,9
skew,37859,118,4,143,5,9
skew,37860,122,4,147,5,9
skew,37861,123,4,148,5,9
skew,37862,128,4,153,5,9
skew,37863,129,4,154,5,9
skew,37864,127,4,152,5,9
skew,37865,128,4,153,5,9
skew,37866,133,4,158,5,9
skew,37867,134,4,159,5,9
skew,37868,138,4,163,5,9
skew,37869,139,4,164,5,9
skew,37870,144,4,169,5,9
skew,37871,145,4,170,5,9
skew,37872,103,3,132,4,11
skew,37873,113,4,134,4,13
skew,37874,118,4,147,5,11
skew,37875,119,4,149,5,13
skew,37876,123,4,152,5,11
skew,37877,124,4,154,5,13
skew,37878,129,4,158,5,11
skew,37879,130,4,160,5,13
skew,37880,128,4,157,5,11
skew,37881,129,4,159,5,13
skew,37882,134,4,163,5,11
skew,37883,135,4,165,5,13
skew,37884,139,4,168,5,11
skew,37885,140,4,170,5,13
skew,37886,145,4,174,5,11
skew,37887,146,4,176,5,13
skew,37888,61,2,61,2,7
skew,37889,71,3,71,3,7
skew,37890,76,3,76,3,7
skew,37891,77,3,77,3,7
skew,37892,81,3,81,3,7
skew,37893,82,3,82,3,7
skew,37894,87,3,87,3,7
skew,37895,88,3,88,3,7
skew,37896,86,3,86,3,7
skew,37897,87,3,87,3,7
skew,37898,92,3,92,3,7
skew,37899,93,3,93,3,7
skew,37900,97,3,97,3,7
skew,37901,98,3,98,3,7
skew,37902,103,3,103,3,7
skew,37903,104,3,104,3,7
skew,37904,74,3,74,3,7
skew,37905,84,4,84,4,7
skew,37906,89,4,89,4,7
skew,37907,90,4,90,4,7
skew,37908,94,4,94,4,7
skew,37909,95,4,95,4,7
skew,37910,100,4,100,4,7
skew,37911,101,4,101,4,7
skew,37912,99,4,99,4,7
skew,37913,100,4,100,4,7
skew,37914,105,4,105,4,7
skew,37915,106,4,106,4,7
skew,37916,110,4,110,4,7
skew,37917,111,4,111,4,7
skew,37918,116,4,116,4,7
skew,37919,117,4,117,4,7
skew,37920,79,3,79,3,7
skew,37921,89,4,89,4,7
skew,37922,94,4,94,4,7
skew,37923,95,4,95,4,7
skew,37924,99,4,99,4,7
skew,37925,100,4,100,4,7
skew,37926,105,4,105,4,7
skew,37927,106,4,106,4,7
skew,37928,104,4,104,4,7
skew,37929,105,4,105,4,7
skew,37930,110,4,110,4,7
skew,37931,111,4,111,4,7
skew,37932,115,4,115,4,7
skew,37933,116,4,116,4,7
skew,37934,121,4,121,4,7
skew,37935,122,4,122,4,7
skew,37936,80,3,80,3,7
skew,37937,90,4,90,4,7
skew,37938,95,4,95,4,7
skew,37939,96,4,96,4,7
skew,37940,100,4,100,4,7
skew,37941,101,4,101,4,7
skew,37942,106,4,106,4,7
skew,37943,107,4,107,4,7
skew,37944,105,4,105,4,7
skew,37945,106,4,106,4,7
skew,37946,111,4,111,4,7
skew,37947,112,4,112,4,7
skew,37948,116,4,116,4,7
skew,37949,117,4,117,4,7
skew,37950,122,4,122,4,7
skew,37951,123,4,123,4,7
skew,37952,84,3,84,3,7
skew,37953,94,4,94,4,7
skew,37954,99,4,99,4,7
skew,37955,100,4,100,4,7
skew,37956,104,4,104,4,7
skew,37957,105,4,105,4,7
skew,37958,110,4,110,4,7
skew,37959,111,4,111,4,7
skew,37960,109,4,109,4,7
skew,37961,110,4,110,4,7
skew,37962,115,4,115,4,7
skew,37963,116,4,116,4,7
skew,37964,120,4,120,4,7
skew,37965,121,4,121,4,7
skew,37966,126,4,126,4,7
skew,37967,127,4,127,4,7
skew,37968,85,3,85,3,7
skew,37969,95,4,95,4,7
skew,37970,100,4,100,4,7
skew,37971,101,4,101,4,7
skew,37972,105,4,105,4,7
skew,37973,106,4,106,4,7
skew,37974,111,4,111,4,7
skew,37975,112,4,112,4,7
skew,37976,110,4,110,4,7
skew,37977,111,4,111,4,7
skew,37978,116,4,116,4,7
skew,37979,117,4,117,4,7
skew,37980,121,4,121,4,7
skew,37981,122,4,122,4,7
skew,37982,127,4,127,4,7
skew,37983,128,4,128,4,7
skew,37984,90,3,90,3,7
skew,37985,100,4,100,4,7
skew,37986,105,4,105,4,7
skew,37987,106,4,106,4,7
skew,37988,110,4,110,4,7
skew,37989,111,4,111,4,7
skew,37990,116,4,116,4,7
skew,37991,117,4,117,4,7
skew,37992,115,4,115,4,7
skew,37993,116,4,116,4,7
skew,37994,121,4,121,4,7
skew,37995,122,4,122,4,7
skew,37996,126,4,126,4,7
skew,37997,127,4,127,4,7
skew,37998,132,4,132,4,7
skew,37999,133,4,133,4,7
skew,38000,91,3,91,3,7
skew,38001,101,4,101,4,7
skew,38002,106,4,106,4,7
skew,38003,107,4,107,4,7
skew,38004,111,4,111,4,7
skew,38005,112,4,112,4,7
skew,38006,117,4,117,4,7
skew,38007,118,4,118,4,7
skew,38008,116,4,116,4,7
skew,38009,117,4,117,4,7
skew,38010,122,4,122,4,7
skew,38011,123,4,123,4,7
skew,38012,127,4,127,4,7
skew,38013,128,4,128,4,7
skew,38014,133,4,133,4,7
skew,38015,134,4,134,4,7
skew,38016,89,3,89,3,7
skew,38017,99,4,99,4,7
skew,38018,104,4,104,4,7
skew,38019,105,4,105,4,7
skew,38020,109,4,109,4,7
skew,38021,110,4,110,4,7
skew,38022,115,4,115,4,7
skew,38023,116,4,116,4,7
skew,38024,114,4,114,4,7
skew,38025,115,4,115,4,7
skew,38026,120,4,120,4,7
skew,38027,121,4,121,4,7
skew,38028,125,4,125,4,7
skew,38029,126,4,126,4,7
skew,38030,131,4,131,4,7
skew,38031,132,4,132,4,7
skew,38032,90,3,90,3,7
skew,38033,100,4,100,4,7
skew,38034,105,4,105,4,7
skew,38035,106,4,106,4,7
skew,38036,110,4,110,4,7
skew,38037,111,4,111,4,7
skew,38038,116,4,116,4,7
skew,38039,117,4,117,4,7
skew,38040,115,4,115,4,7
skew,38041,116,4,116,4,7
skew,38042,121,4,121,4,7
skew,38043,122,4,122,4,7
skew,38044,126,4,126,4,7
skew,38045,127,4,127,4,7
skew,38046,132,4,132,4,7
skew,38047,133,4,133,4,7
skew,38048,95,3,95,3,7
skew,38049,105,4,105,4,7
skew,38050,110,4,110,4,7
skew,38051,111,4,111,4,7
skew,38052,115,4,115,4,7
skew,38053,116,4,116,4,7
skew,38054,121,4,121,4,7
skew,38055,122,4,122,4,7
skew,38056,120,4,120,4,7
skew,38057,121,4,121,4,7
skew,38058,126,4,126,4,7
skew,38059,127,4,127,4,7
skew,38060,131,4,131,4,7
skew,38061,132,4,132,4,7
skew,38062,137,4,137,4,7
skew,38063,138,4,138,4,7
skew,38064,96,3,96,3,7
skew,38065,106,4,106,4,7
skew,38066,111,4,111,4,7
skew,38067,112,4,112,4,7
skew,38068,116,4,116,4,7
skew,38069,117,4,117,4,7
skew,38070,122,4,122,4,7
skew,38071,123,4,123,4,7
skew,38072,121,4,121,4,7
skew,38073,122,4,122,4,7
skew,38074,127,4,127,4,7
skew,38075,128,4,128,4,7
skew,38076,132,4,132,4,7
skew,38077,133,4,133,4,7
skew,38078,138,4,138,4,7
skew,38079,139,4,139,4,7
skew,38080,100,3,100,3,7
skew,38081,110,4,110,4,7
skew,38082,115,4,115,4,7
skew,38083,116,4,116,4,7
skew,38084,120,4,120,4,7
skew,38085,121,4,121,4,7
skew,38086,126,4,126,4,7
skew,38087,127,4,127,4,7
skew,38088,125,4,125,4,7
skew,38089,126,4,126,4,7
skew,38090,131,4,131,4,7
skew,38091,132,4,132,4,7
skew,38092,136,4,136,4,7
skew,38093,137,4,137,4,7
skew,38094,142,4,142,4,7
skew,38095,143,4,143,4,7
skew,38096,101,3,101,3,7
skew,38097,111,4,111,4,7
skew,38098,116,4,116,4,7
skew,38099,117,4,117,4,7
skew,38100,121,4,121,4,7
skew,38101,122,4,122,4,7
skew,38102,127,4,127,4,7
skew,38103,128,4,128,4,7
skew,38104,126,4,126,4,7
skew,38105,127,4,127,4,7
skew,38106,132,4,132,4,7
skew,38107,133,4,133,4,7
skew,38108,137,4,137,4,7
skew,38109,138,4,138,4,7
skew,38110,143,4,143,4,7
skew,38111,144,4,144,4,7
skew,38112,106,3,106,3,7
skew,38113,116,4,116,4,7
skew,38114,121,4,121,4,7
skew,38115,122,4,122,4,7
skew,38116,126,4,126,4,7
skew,38117,127,4,127,4,7
skew,38118,132,4,132,4,7
skew,38119,133,4,133,4,7
skew,38120,131,4,131,4,7
skew,38121,132,4,132,4,7
skew,38122,137,4,137,4,7
skew,38123,138,4,138,4,7
skew,38124,142,4,142,4,7
skew,38125,143,4,143,4,7
skew,38126,148,4,148,4,7
skew,38127,149,4,149,4,7
skew,38128,107,3,107,3,7
skew,38129,117,4,117,4,7
skew,38130,122,4,122,4,7
skew,38131,123,4,123,4,7
skew,38132,127,4,127,4,7
skew,38133,128,4,128,4,7
skew,38134,133,4,133,4,7
skew,38135,134,4,134,4,7
skew,38136,132,4,132,4,7
skew,38137,133,4,133,4,7
skew,38138,138,4,138,4,7
skew,38139,139,4,139,4,7
skew,38140,143,4,143,4,7
skew,38141,144,4,144,4,7
skew,38142,149,4,149,4,7
skew,38143,150,4,150,4,7
skew,38144,62,2,87,3,9
skew,38145,72,3,97,4,9
skew,38146,77,3,102,4,9
skew,38147,78,3,103,4,9
skew,38148,82,3,107,4,9
skew,38149,83,3,108,4,9
skew,38150,88,3,113,4,9
skew,38151,89,3,114,4,9
skew,38152,87,3,112,4,9
skew,38153,88,3,113,4,9
skew,38154,93,3,118,4,9
skew,38155,94,3,119,4,9
skew,38156,98,3,123,4,9
skew,38157,99,3,124,4,9
skew,38158,104,3,129,4,9
skew,38159,105,3,130,4,9
skew,38160,75,3,92,3,11
skew,38161,85,4,94,3,13
skew,38162,90,4,107,4,11
skew,38163,91,4,109,4,13
skew,38164,95,4,112,4,11
skew,38165,96,4,114,4,13
skew,38166,101,4,118,4,11
skew,38167,102,4,120,4,13
skew,38168,100,4,117,4,11
skew,38169,101,4,119,4,13
skew,38170,106,4,123,4,11
skew,38171,107,4,125,4,13
skew,38172,111,4,128,4,11
skew,38173,112,4,130,4,13
skew,38174,117,4,134,4,11
skew,38175,118,4,136,4,13
skew,38176,80,3,105,4,9
skew,38177,90,4,115,5,9
skew,38178,95,4,120,5,9
skew,38179,96,4,121,5,9
skew,38180,100,4,125,5,9
skew,38181,101,4,126,5,9
skew,38182,106,4,131,5,9
skew,38183,107,4,132,5,9
skew,38184,105,4,130,5,9
skew,38185,106,4,131,5,9
skew,38186,111,4,136,5,9
skew,38187,112,4,137,5,9
skew,38188,116,4,141,5,9
skew,38189,117,4,142,5,9
skew,38190,122,4,147,5,9
skew,38191,123,4,148,5,9
skew,38192,81,3,110,4,11
skew,38193,91,4,112,4,13
skew,38194,96,4,125,5,11
skew,38195,97,4,127,5,13
skew,38196,101,4,130,5,11
skew,38197,102,4,132,5,13
skew,38198,107,4,136,5,11
skew,38199,108,4,138,5,13
skew,38200,106,4,135,5,11
skew,38201,107,4,137,5,13
skew,38202,112,4,141,5,11
skew,38203,113,4,143,5,13
skew,38204,117,4,146,5,11
skew,38205,118,4,148,5,13
skew,38206,123,4,152,5,11
skew,38207,124,4,154,5,13
skew,38208,85,3,110,4,9
skew,38209,95,4,120,5,9
skew,38210,100,4,125,5,9
skew,38211,101,4,126,5,9
skew,38212,105,4,130,5,9
skew,38213,106,4,131,5,9
skew,38214,111,4,136,5,9
skew,38215,112,4,137,5,9
skew,38216,110,4,135,5,9
skew,38217,111,4,136,5,9
skew,38218,116,4,141,5,9
skew,38219,117,4,142,5,9
skew,38220,121,4,146,5,9
skew,38221,122,4,147,5,9
skew,38222,127,4,152,5,9
skew,38223,128,4,153,5,9
skew,38224,86,3,115,4,11
skew,38225,96,4,117,4,13
skew,38226,101,4,130,5,11
skew,38227,102,4,132,5,13
skew,38228,106,4,135,5,11
skew,38229,107,4,137,5,13
skew,38230,112,4,141,5,11
skew,38231,113,4,143,5,13
skew,38232,111,4,140,5,11
skew,38233,112,4,142,5,13
skew,38234,117,4,146,5,11
skew,38235,118,4,148,5,13
skew,38236,122,4,151,5,11
skew,38237,123,4,153,5,13
skew,38238,128,4,157,5,11
skew,38239,129,4,159,5,13
skew,38240,91,3,116,4,9
skew,38241,101,4,126,5,9
skew,38242,106,4,131,5,9
skew,38243,107,4,132,5,9
skew,38244,111,4,136,5,9
skew,38245,112,4,137,5,9
skew,38246,117,4,142,5,9
skew,38247,118,4,143,5,9
skew,38248,116,4,141,5,9
skew,38249,117,4,142,5,9
skew,38250,122,4,147,5,9
skew,38251,123,4,148,5,9
skew,38252,127,4,152,5,9
skew,38253,128,4,153,5,9
skew,38254,133,4,158,5,9
skew,38255,134,4,159,5,9
skew,38256,92,3,121,4,11
skew,38257,102,4,123,4,13
skew,38258,107,4,136,5,11
skew,38259,108,4,138,5,13
skew,38260,112,4,141,5,11
skew,38261,113,4,143,5,13
skew,38262,118,4,147,5,11
skew,38263,119,4,149,5,13
skew,38264,117,4,146,5,11
skew,38265,118,4,148,5,13
skew,38266,123,4,152,5,11
skew,38267,124,4,154,5,13
skew,38268,128,4,157,5,11
skew,38269,129,4,159,5,13
skew,38270,134,4,163,5,11
skew,38271,135,4,165,5,13
skew,38272,90,3,115,4,9
skew,38273,100,4,125,5,9
skew,38274,105,4,130,5,9
skew,38275,106,4,131,5,9
skew,38276,110,4,135,5,9
skew,38277,111,4,136,5,9
skew,38278,116,4,141,5,9
skew,38279,117,4,142,5,9
skew,38280,115,4,140,5,9
skew,38281,116,4,141,5,9
skew,38282,121,4,146,5,9
skew,38283,122,4,147,5,9
skew,38284,126,4,151,5,9
skew,38285,127,4,152,5,9
skew,38286,132,4,157,5,9
skew,38287,133,4,158,5,9
skew,38288,91,3,120,4,11
skew,38289,101,4,122,4,13
skew,38290,106,4,135,5,11
skew,38291,107,4,137,5,13
skew,38292,111,4,140,5,11
skew,38293,112,4,142,5,13
skew,38294,117,4,146,5,11
skew,38295,118,4,148,5,13
skew,38296,116,4,145,5,11
skew,38297,117,4,147,5,13
skew,38298,122,4,151,5,11
skew,38299,123,4,153,5,13
skew,38300,127,4,156,5,11
skew,38301,128,4,158,5,13
skew,38302,133,4,162,5,11
skew,38303,134,4,164,5,13
skew,38304,96,3,121,4,9
skew,38305,106,4,131,5,9
skew,38306,111,4,136,5,9
skew,38307,112,4,137,5,9
skew,38308,116,4,141,5,9
skew,38309,117,4,142,5,9
skew,38310,122,4,147,5,9
skew,38311,123,4,148,5,9
skew,38312,121,4,146,5,9
skew,38313,122,4,147,5,9
skew,38314,127,4,152,5,9
skew,38315,128,4,153,5,9
skew,38316,132,4,157,5,9
skew,38317,133,4,158,5,9
skew,38318,138,4,163,5,9
skew,38319,139,4,164,5,9
skew,38320,97,3,126,4,11
skew,38321,107,4,128,4,13
skew,38322,112,4,141,5,11
skew,38323,113,4,143,5,13
skew,38324,117,4,146,5,11
skew,38325,118,4,148,5,13
skew,38326,123,4,152,5,11
skew,38327,124,4,154,5,13
skew,38328,122,4,151,5,11
skew,38329,123,4,153,5,13
skew,38330,128,4,157,5,11
skew,38331,129,4,159,5,13
skew,38332,133,4,162,5,11
skew,38333,134,4,164,5,13
skew,38334,139,4,168,5,11
skew,38335,140,4,170,5,13
skew,38336,101,3,126,4,9
skew,38337,111,4,136,5,9
skew,38338,116,4,141,5,9
skew,38339,117,4,142,5,9
skew,38340,121,4,146,5,9
skew,38341,122,4,147,5,9
skew,38342,127,4,152,5,9
skew,38343,128,4,153,5,9
skew,38344,126,4,151,5,9
skew,38345,127,4,152,5,9
skew,38346,132,4,157,5,9
skew,38347,133,4,158,5,9
skew,38348,137,4,162,5,9
skew,38349,138,4,163,5,9
skew,38350,143,4,168,5,9
skew,38351,144,4,169,5,9
skew,38352,102,3,131,4,11
skew,38353,112,4,133,4,13
skew,38354,117,4,146,5,11
skew,38355,118,4,148,5,13
skew,38356,122,4,151,5,11
skew,38357,123,4,153,5,13
skew,38358,128,4,157,5,11
skew,38359,129,4,159,5,13
skew,38360,127,4,156,5,11
skew,38361,128,4,158,5,13
skew,38362,133,4,162,5,11
skew,38363,134,4,164,5,13
skew,38364,138,4,167,5,11
skew,38365,139,4,169,5,13
skew,38366,144,4,173,5,11
skew,38367,145,4,175,5,13
skew,38368,107,3,132,4,9
skew,38369,117,4,142,5,9
skew,38370,122,4,147,5,9
skew,38371,123,4,148,5,9
skew,38372,127,4,152,5,9
skew,38373,128,4,153,5,9
skew,38374,133,4,158,5,9
skew,38375,134,4,159,5,9
skew,38376,132,4,157,5,9
skew,38377,133,4,158,5,9
skew,38378,138,4,163,5,9
skew,38379,139,4,164,5,9
skew,38380,143,4,168,5,9
skew,38381,144,4,169,5,9
skew,38382,149,4,174,5,9
skew,38383,150,4,175,5,9
skew,38384,108,3,137,4,11
skew,38385,118,4,139,4,13
skew,38386,123,4,152,5,11
skew,38387,124,4,154,5,13
skew,38388,128,4,157,5,11
skew,38389,129,4,159,5,13
skew,38390,134,4,163,5,11
skew,38391,135,4,165,5,13
skew,38392,133,4,162,5,11
skew,38393,134,4,164,5,13
skew,38394,139,4,168,5,11
skew,38395,140,4,170,5,13
skew,38396,144,4,173,5,11
skew,38397,145,4,175,5,13
skew,38398,150,4,179,5,11
skew,38399,151,4,181,5,13
skew,38400,67,2,67,2,7
skew,38401,77,3,77,3,7
skew,38402,82,3,82,3,7
skew,38403,83,3,83,3,7
skew,38404,87,3,87,3,7
skew,38405,88,3,88,3,7
skew,38406,93,3,93,3,7
skew,38407,94,3,94,3,7
skew,38408,92,3,92,3,7
skew,38409,93,3,93,3,7
skew,38410,98,3,98,3,7
skew,38411,99,3,99,3,7
skew,38412,103,3,103,3,7
skew,38413,104,3,104,3,7
skew,38414,109,3,109,3,7
skew,38415,110,3,110,3,7
skew,38416,80,3,80,3,7
skew,38417,90,4,90,4,7
skew,38418,95,4,95,4,7
skew,38419,96,4,96,4,7
skew,38420,100,4,100,4,7
skew,38421,101,4,101,4,7
skew,38422,106,4,106,4,7
skew,38423,107,4,107,4,7
skew,38424,105,4,105,4,7
skew,38425,106,4,106,4,7
skew,38426,111,4,111,4,7
skew,38427,112,4,112,4,7
skew,38428,116,4,116,4,7
skew,38429,117,4,117,4,7
skew,38430,122,4,122,4,7
skew,38431,123,4,123,4,7
skew,38432,85,3,85,3,7
skew,38433,95,4,95,4,7
skew,38434,100,4,100,4,7
skew,38435,101,4,101,4,7
skew,38436,105,4,105,4,7
skew,38437,106,4,106,4,7
skew,38438,111,4,111,4,7
skew,38439,112,4,112,4,7
skew,38440,110,4,110,4,7
skew,38441,111,4,111,4,7
skew,38442,116,4,116,4,7
skew,38443,117,4,117,4,7
skew,38444,121,4,121,4,7
skew,38445,122,4,122,4,7
skew,38446,127,4,127,4,7
skew,38447,128,4,128,4,7
skew,38448,86,3,86,3,7
skew,38449,96,4,96,4,7
skew,38450,101,4,101,4,7
skew,38451,102,4,102,4,7
skew,38452,106,4,106,4,7
skew,38453,107,4,107,4,7
skew,38454,112,4,112,4,7
skew,38455,113,4,113,4,7
skew,38456,111,4,111,4,7
skew,38457,112,4,112,4,7
skew,38458,117,4,117,4,7
skew,38459,118,4,118,4,7
skew,38460,122,4,122,4,7
skew,38461,123,4,123,4,7
skew,38462,128,4,128,4,7
skew,38463,129,4,129,4,7
skew,38464,90,3,90,3,7
skew,38465,100,4,100,4,7
skew,38466,105,4,105,4,7
skew,38467,106,4,106,4,7
skew,38468,110,4,110,4,7
skew,38469,111,4,111,4,7
skew,38470,116,4,116,4,7
skew,38471,117,4,117,4,7
skew,38472,115,4,115,4,7
skew,38473,116,4,116,4,7
skew,38474,121,4,121,4,7
skew,38475,122,4,122,4,7
skew,38476,126,4,126,4,7
skew,38477,127,4,127,4,7
skew,38478,132,4,132,4,7
skew,38479,133,4,133,4,7
skew,38480,91,3,91,3,7
skew,38481,101,4,101,4,7
skew,38482,106,4,106,4,7
skew,38483,107,4,107,4,7
skew,38484,111,4,111,4,7
skew,38485,112,4,112,4,7
skew,38486,117,4,117,4,7
skew,38487,118,4,118,4,7
skew,38488,116,4,116,4,7
skew,38489,117,4,117,4,7
skew,38490,122,4,122,4,7
skew,38491,123,4,123,4,7
skew,38492,127,4,127,4,7
skew,38493,128,4,128,4,7
skew,38494,133,4,133,4,7
skew,38495,134,4,134,4,7
skew,38496,96,3,96,3,7
skew,38497,106,4,106,4,7
skew,38498,111,4,111,4,7
skew,38499,112,4,112,4,7
skew,38500,116,4,116,4,7
skew,38501,117,4,117,4,7
skew,38502,122,4,122,4,7
skew,38503,123,4,123,4,7
skew,38504,121,4,121,4,7
skew,38505,122,4,122,4,7
skew,38506,127,4,127,4,7
skew,38507,128,4,128,4,7
skew,38508,132,4,132,4,7
skew,38509,133,4,133,4,7
skew,38510,138,4,138,4,7
skew,38511,139,4,139,4,7
skew,38512,97,3,97,3,7
skew,38513,107,4,107,4,7
skew,38514,112,4,112,4,7
skew,38515,113,4,113,4,7
skew,38516,117,4,117,4,7
skew,38517,118,4,118,4,7
skew,38518,123,4,123,4,7
skew,38519,124,4,124,4,7
skew,38520,122,4,122,4,7
skew,38521,123,4,123,4,7
skew,38522,128,4,128,4,7
skew,38523,129,4,129,4,7
skew,38524,133,4,133,4,7
skew,38525,134,4,134,4,7
skew,38526,139,4,139,4,7
skew,38527,140,4,140,4,7
skew,38528,95,3,95,3,7
skew,38529,105,4,105,4,7
skew,38530,110,4,110,4,7
skew,38531,111,4,111,4,7
skew,38532,115,4,115,4,7
skew,38533,116,4,116,4,7
skew,38534,121,4,121,4,7
skew,38535,122,4,122,4,7
skew,38536,120,4,120,4,7
skew,38537,121,4,121,4,7
skew,38538,126,4,126,4,7
skew,38539,127,4,127,4,7
skew,38540,131,4,131,4,7
skew,38541,132,4,132,4,7
skew,38542,137,4,137,4,7
skew,38543,138,4,138,4,7
skew,38544,96,3,96,3,7
skew,38545,106,4,106,4,7
skew,38546,111,4,111,4,7
skew,38547,112,4,112,4,7
skew,38548,116,4,116,4,7
skew,38549,117,4,117,4,7
skew,38550,122,4,122,4,7
skew,38551,123,4,123,4,7
skew,38552,121,4,121,4,7
skew,38553,122,4,122,4,7
skew,38554,127,4,127,4,7
skew,38555,128,4,128,4,7
skew,38556,132,4,132,4,7
skew,38557,133,4,133,4,7
skew,38558,138,4,138,4,7
skew,38559,139,4,139,4,7
skew,38560,101,3,101,3,7
skew,38561,111,4,111,4,7
skew,38562,116,4,116,4,7
skew,38563,117,4,117,4,7
skew,38564,121,4,121,4,7
skew,38565,122,4,122,4,7
skew,38566,127,4,127,4,7
skew,38567,128,4,128,4,7
skew,38568,126,4,126,4,7
skew,38569,127,4,127,4,7
skew,38570,132,4,132,4,7
skew,38571,133,4,133,4,7
skew,38572,137,4,137,4,7
skew,38573,138,4,138,4,7
skew,38574,143,4,143,4,7
skew,38575,144,4,144,4,7
skew,38576,102,3,102,3,7
skew,38577,112,4,112,4,7
skew,38578,117,4,117,4,7
skew,38579,118,4,118,4,7
skew,38580,122,4,122,4,7
skew,38581,123,4,123,4,7
skew,38582,128,4,128,4,7
skew,38583,129,4,129,4,7
skew,38584,127,4,127,4,7
skew,38585,128,4,128,4,7
skew,38586,133,4,133,4,7
skew,38587,134,4,134,4,7
skew,38588,138,4,138,4,7
skew,38589,139,4,139,4,7
skew,38590,144,4,144,4,7
skew,38591,145,4,145,4,7
skew,38592,106,3,106,3,7
skew,38593,116,4,116,4,7
skew,38594,121,4,121,4,7
skew,38595,122,4,122,4,7
skew,38596,126,4,126,4,7
skew,38597,127,4,127,4,7
skew,38598,132,4,132,4,7
skew,38599,133,4,133,4,7
skew,38600,131,4,131,4,7
skew,38601,132,4,132,4,7
skew,38602,137,4,137,4,7
skew,38603,138,4,138,4,7
skew,38604,142,4,142,4,7
skew,38605,143,4,143,4,7
skew,38606,148,4,148,4,7
skew,38607,149,4,149,4,7
skew,38608,107,3,107,3,7
skew,38609,117,4,117,4,7
skew,38610,122,4,122,4,7
skew,38611,123,4,123,4,7
skew,38612,127,4,127,4,7
skew,38613,128,4,128,4,7
skew,38614,133,4,133,4,7
skew,38615,134,4,134,4,7
skew,38616,132,4,132,4,7
skew,38617,133,4,133,4,7
skew,38618,138,4,138,4,7
skew,38619,139,4,139,4,7
skew,38620,143,4,143,4,7
skew,38621,144,4,144,4,7
skew,38622,149,4,149,4,7
skew,38623,150,4,150,4,7
skew,38624,112,3,112,3,7
skew,38625,122,4,122,4,7
skew,38626,127,4,127,4,7
skew,38627,128,4,128,4,7
skew,38628,132,4,132,4,7
skew,38629,133,4,133,4,7
skew,38630,138,4,138,4,7
skew,38631,139,4,139,4,7
skew,38632,137,4,137,4,7
skew,38633,138,4,138,4,7
skew,38634,143,4,143,4,7
skew,38635,144,4,144,4,7
skew,38636,148,4,148,4,7
skew,38637,149,4,149,4,7
skew,38638,154,4,154,4,7
skew,38639,155,4,155,4,7
skew,38640,113,3,113,3,7
skew,38641,123,4,123,4,7
skew,38642,128,4,128,4,7
skew,38643,129,4,129,4,7
skew,38644,133,4,133,4,7
skew,38645,134,4,134,4,7
skew,38646,139,4,139,4,7
skew,38647,140,4,140,4,7
skew,38648,138,4,138,4,7
skew,38649,139,4,139,4,7
skew,38650,144,4,144,4,7
skew,38651,145,4,145,4,7
skew,38652,149,4,149,4,7
skew,38653,150,4,150,4,7
skew,38654,155,4,155,4,7
skew,38655,156,4,156,4,7
skew,38656,68,2,93,3,9
skew,38657,78,3,103,4,9
skew,38658,83,3,108,4,9
skew,38659,84,3,109,4,9
skew,38660,88,3,113,4,9
skew,38661,89,3,114,4,9
skew,38662,94,3,119,4,9
skew,38663,95,3,120,4,9
skew,38664,93,3,118,4,9
skew,38665,94,3,119,4,9
skew,38666,99,3,124,4,9
skew,38667,100,3,125,4,9
skew,38668,104,3,129,4,9
skew,38669,105,3,130,4,9
skew,38670,110,3,135,4,9
skew,38671,111,3,136,4,9
skew,38672,81,3,98,3,11
skew,38673,91,4,100,3,13
skew,38674,96,4,113,4,11
skew,38675,97,4,115,4,13
skew,38676,101,4,118,4,11
skew,38677,102,4,120,4,13
skew,38678,107,4,124,4,11
skew,38679,108,4,126,4,13
skew,38680,106,4,123,4,11
skew,38681,107,4,125,4,13
skew,38682,112,4,129,4,11
skew,38683,113,4,131,4,13
skew,38684,117,4,134,4,11
skew,38685,118,4,136,4,13
skew,38686,123,4,140,4,11
skew,38687,124,4,142,4,13
skew,38688,86,3,111,4,9
skew,38689,96,4,121,5,9
skew,38690,101,4,126,5,9
skew,38691,102,4,127,5,9
skew,38692,106,4,131,5,9
skew,38693,107,4,132,5,9
skew,38694,112,4,137,5,9
skew,38695,113,4,138,5,9
skew,38696,111,4,136,5,9
skew,38697,112,4,137,5,9
skew,38698,117,4,142,5,9
skew,38699,118,4,143,5,9
skew,38700,122,4,147,5,9
skew,38701,123,4,148,5,9
skew,38702,128,4,153,5,9
skew,38703,129,4,154,5,9
skew,38704,87,3,116,4,11
skew,38705,97,4,118,4,13
skew,38706,102,4,131,5,11
skew,38707,103,4,133,5,13
skew,38708,107,4,136,5,11
skew,38709,108,4,138,5,13
skew,38710,113,4,142,5,11
skew,38711,114,4,144,5,13
skew,38712,112,4,141,5,11
skew,38713,113,4,143,5,13
skew,38714,118,4,147,5,11
skew,38715,119,4,149,5,13
skew,38716,123,4,152,5,11
skew,38717,124,4,154,5,13
skew,38718,129,4,158,5,11
skew,38719,130,4,160,5,13
skew,38720,91,3,116,4,9
skew,38721,101,4,126,5,9
skew,38722,106,4,131,5,9
skew,38723,107,4,132,5,9
skew,38724,111,4,136,5,9
skew,38725,112,4,137,5,9
skew,38726,117,4,142,5,9
skew,38727,118,4,143,5,9
skew,38728,116,4,141,5,9
skew,38729,117,4,142,5,9
skew,38730,122,4,147,5,9
skew,38731,123,4,148,5,9
skew,38732,127,4,152,5,9
skew,38733,128,4,153,5,9
skew,38734,133,4,158,5,9
skew,38735,134,4,159,5,9
skew,38736,92,3,121,4,11
skew,38737,102,4,123,4,13
skew,38738,107,4,136,5,11
skew,38739,108,4,138,5,13
skew,38740,112,4,141,5,11
skew,38741,113,4,143,5,13
skew,38742,118,4,147,5,11
skew,38743,119,4,149,5,13
skew,38744,117,4,146,5,11
skew,38745,118,4,148,5,13
skew,38746,123,4,152,5,11
skew,38747,124,4,154,5,13
skew,38748,128,4,157,5,11
skew,38749,129,4,159,5,13
skew,38750,134,4,163,5,11
skew,38751,135,4,165,5,13
skew,38752,97,3,122,4,9
skew,38753,107,4,132,5,9
skew,38754,112,4,137,5,9
skew,38755,113,4,138,5,9
skew,38756,117,4,142,5,9
skew,38757,118,4,143,5,9
skew,38758,123,4,148,5,9
skew,38759,124,4,149,5,9
skew,38760,122,4,147,5,9
skew,38761,123,4,148,5,9
skew,38762,128,4,153,5,9
skew,38763,129,4,154,5,9
skew,38764,133,4,158,5,9
skew,38765,134,4,159,5,9
skew,38766,139,4,164,5,9
skew,38767,140,4,165,5,9
skew,38768,98,3,127,4,11
skew,38769,108,4,129,4,13
skew,38770,113,4,142,5,11
skew,38771,114,4,144,5,13
skew,38772,118,4,147,5,11
skew,38773,119,4,149,5,13
skew,38774,124,4,153,5,11
skew,38775,125,4,155,5,13
skew,38776,123,4,152,5,11
skew,38777,124,4,154,5,13
skew,38778,129,4,158,5,11
skew,38779,130,4,160,5,13
skew,38780,134,4,163,5,11
skew,38781,135,4,165,5,13
skew,38782,140,4,169,5,11
skew,38783,141,4,171,5,13
skew,38784,96,3,121,4,9
skew,38785,106,4,131,5,9
skew,38786,111,4,136,5,9
skew,38787,112,4,137,5,9
skew,38788,116,4,141,5,9
skew,38789,117,4,142,5,9
skew,38790,122,4,147,5,9
skew,38791,123,4,148,5,9
skew,38792,121,4,146,5,9
skew,38793,122,4,147,5,9
skew,38794,127,4,152,5,9
skew,38795,128,4,153,5,9
skew,38796,132,4,157,5,9
skew,38797,133,4,158,5,9
skew,38798,138,4,163,5,9
skew,38799,139,4,164,5,9
skew,38800,97,3,126,4,11
skew,38801,107,4,128,4,13
skew,38802,112,4,141,5,11
skew,38803,113,4,143,5,13
skew,38804,117,4,146,5,11
skew,38805,118,4,148,5,13
skew,38806,123,4,152,5,11
skew,38807,124,4,154,5,13
skew,38808,122,4,151,5,11
skew,38809,123,4,153,5,13
skew,38810,128,4,157,5,11
skew,38811,129,4,159,5,13
skew,38812,133,4,162,5,11
skew,38813,134,4,164,5,13
skew,38814,139,4,168,5,11
skew,38815,140,4,170,5,13
skew,38816,102,3,127,4,9
skew,38817,112,4,137,5,9
skew,38818,117,4,142,5,9
skew,38819,118,4,143,5,9
skew,38820,122,4,147,5,9
skew,38821,123,4,148,5,9
skew,38822,128,4,153,5,9
skew,38823,129,4,154,5,9
skew,38824,127,4,152,5,9
skew,38825,128,4,153,5,9
skew,38826,133,4,158,5,9
skew,38827,134,4,159,5,9
skew,38828,138,4,163,5,9
skew,38829,139,4,164,5,9
skew,38830,144,4,169,5,9
skew,38831,145,4,170,5,9
skew,38832,103,3,132,4,11
skew,38833,113,4,134,4,13
skew,38834,118,4,147,5,11
skew,38835,119,4,149,5,13
skew,38836,123,4,152,5,11
skew,38837,124,4,154,5,13
skew,38838,129,4,158,5,11
skew,38839,130,4,160,5,13
skew,38840,128,4,157,5,11
skew,38841,129,4,159,5,13
skew,38842,134,4,163,5,11
skew,38843,135,4,165,5,13
skew,38844,139,4,168,5,11
skew,38845,140,4,170,5,13
skew,38846,145,4,174,5,11
skew,38847,146,4,176,5,13
skew,38848,107,3,132,4,9
skew,38849,117,4,142,5,9
skew,38850,122,4,147,5,9
skew,38851,123,4,148,5,9
skew,38852,127,4,152,5,9
skew,38853,128,4,153,5,9
skew,38854,133,4,158,5,9
skew,38855,134,4,159,5,9
skew,38856,132,4,157,5,9
skew,38857,133,4,158,5,9
skew,38858,138,4,163,5,9
skew,38859,139,4,164,5,9
skew,38860,143,4,168,5,9
skew,38861,144,4,169,5,9
skew,38862,149,4,174,5,9
skew,38863,150,4,175,5,9
skew,38864,108,3,137,4,11
skew,38865,118,4,139,4,13
skew,38866,123,4,152,5,11
skew,38867,124,4,154,5,13
skew,38868,128,4,157,5,11
skew,38869,129,4,159,5,13
skew,38870,134,4,163,5,11
skew,38871,135,4,165,5,13
skew,38872,133,4,162,5,11
skew,38873,134,4,164,5,13
skew,38874,139,4,168,5,11
skew,38875,140,4,170,5,13
skew,38876,144,4,173,5,11
skew,38877,145,4,175,5,13
skew,38878,150,4,179,5,11
skew,38879,151,4,181,5,13
skew,38880,113,3,138,4,9
skew,38881,123,4,148,5,9
skew,38882,128,4,153,5,9
skew,38883,129,4,154,5,9
skew,38884,133,4,158,5,9
skew,38885,134,4,159,5,9
skew,38886,139,4,164,5,9
skew,38887,140,4,165,5,9
skew,38888,138,4,163,5,9
skew,38889,139,4,164,5,9
skew,38890,144,4,169,5,9
skew,38891,145,4,170,5,9
skew,38892,149,4,174,5,9
skew,38893,150,4,175,5,9
skew,38894,155,4,180,5,9
skew,38895,156,4,181,5,9
skew,38896,114,3,143,4,11
skew,38897,124,4,145,4,13
skew,38898,129,4,158,5,11
skew,38899,130,4,160,5,13
skew,38900,134,4,163,5,11
skew,38901,135,4,165,5,13
skew,38902,140,4,169,5,11
skew,38903,141,4,171,5,13
skew,38904,139,4,168,5,11
skew,38905,140,4,170,5,13
skew,38906,145,4,174,5,11
skew,38907,146,4,176,5,13
skew,38908,150,4,179,5,11
skew,38909,151,4,181,5,13
skew,38910,156,4,185,5,11
skew,38911,157,4,187,5,13
skew,38912,61,2,61,2,9
skew,38913,71,3,71,3,9
skew,38914,76,3,76,3,9
skew,38915,77,3,77,3,9
skew,38916,81,3,81,3,9
skew,38917,82,3,82,3,9
skew,38918,87,3,87,3,9
skew,38919,88,3,88,3,9
skew,38920,86,3,86,3,9
skew,38921,87,3,87,3,9
skew,38922,92,3,92,3,9
skew,38923,93,3,93,3,9
skew,38924,97,3,97,3,9
skew,38925,98,3,98,3,9
skew,38926,103,3,103,3,9
skew,38927,104,3,104,3,9
skew,38928,74,3,74,3,9
skew,38929,84,4,84,4,9
skew,38930,89,4,89,4,9
skew,38931,90,4,90,4,9
skew,38932,94,4,94,4,9
skew,38933,95,4,95,4,9
skew,38934,100,4,100,4,9
skew,38935,101,4,101,4,9
skew,38936,99,4,99,4,9
skew,38937,100,4,100,4,9
skew,38938,105,4,105,4,9
skew,38939,106,4,106,4,9
skew,38940,110,4,110,4,9
skew,38941,111,4,111,4,9
skew,38942,116,4,116,4,9
skew,38943,117,4,117,4,9
skew,38944,79,3,79,3,9
skew,38945,89,4,89,4,9
skew,38946,94,4,94,4,9
skew,38947,95,4,95,4,9
skew,38948,99,4,99,4,9
skew,38949,100,4,100,4,9
skew,38950,105,4,105,4,9
skew,38951,106,4,106,4,9
skew,38952,104,4,104,4,9
skew,38953,105,4,105,4,9
skew,38954,110,4,110,4,9
skew,38955,111,4,111,4,9
skew,38956,115,4,115,4,9
skew,38957,116,4,116,4,9
skew,38958,121,4,121,4,9
skew,38959,122,4,122,4,9
skew,38960,80,3,80,3,9
skew,38961,90,4,90,4,9
skew,38962,95,4,95,4,9
skew,38963,96,4,96,4,9
skew,38964,100,4,100,4,9
skew,38965,101,4,101,4,9
skew,38966,106,4,106,4,9
skew,38967,107,4,107,4,9
skew,38968,105,4,105,4,9
skew,38969,106,4,106,4,9
skew,38970,111,4,111,4,9
skew,38971,112,4,112,4,9
skew,38972,116,4,116,4,9
skew,38973,117,4,117,4,9
skew,38974,122,4,122,4,9
skew,38975,123,4,123,4,9
skew,38976,84,3,84,3,9
skew,38977,94,4,94,4,9
skew,38978,99,4,99,4,9
skew,38979,100,4,100,4,9
skew,38980,104,4,104,4,9
skew,38981,105,4,105,4,9
skew,38982,110,4,110,4,9
skew,38983,111,4,111,4,9
skew,38984,109,4,109,4,9
skew,38985,110,4,110,4,9
skew,38986,115,4,115,4,9
skew,38987,116,4,116,4,9
skew,38988,120,4,120,4,9
skew,38989,121,4,121,4,9
skew,38990,126,4,126,4,9
skew,38991,127,4,127,4,9
skew,38992,85,3,85,3,9
skew,38993,95,4,95,4,9
skew,38994,100,4,100,4,9
skew,38995,101,4,101,4,9
skew,38996,105,4,105,4,9
skew,38997,106,4,106,4,9
skew,38998,111,4,111,4,9
skew,38999,112,4,112,4,9
skew,39000,110,4,110,4,9
skew,39001,111,4,111,4,9
skew,39002,116,4,116,4,9
skew,39003,117,4,117,4,9
skew,39004,121,4,121,4,9
skew,39005,122,4,122,4,9
skew,39006,127,4,127,4,9
skew,39007,128,4,128,4,9
skew,39008,90,3,90,3,9
skew,39009,100,4,100,4,9
skew,39010,105,4,105,4,9
skew,39011,106,4,106,4,9
skew,39012,110,4,110,4,9
skew,39013,111,4,111,4,9
skew,39014,116,4,116,4,9
skew,39015,117,4,117,4,9
skew,39016,115,4,115,4,9
skew,39017,116,4,116,4,9
skew,39018,121,4,121,4,9
skew,39019,122,4,122,4,9
skew,39020,126,4,126,4,9
skew,39021,127,4,127,4,9
skew,39022,132,4,132,4,9
skew,39023,133,4,133,4,9
skew,39024,91,3,91,3,9
skew,39025,101,4,101,4,9
skew,39026,106,4,106,4,9
skew,39027,107,4,107,4,9
skew,39028,111,4,111,4,9
skew,39029,112,4,112,4,9
skew,39030,117,4,117,4,9
skew,39031,118,4,118,4,9
skew,39032,116,4,116,4,9
skew,39033,117,4,117,4,9
skew,39034,122,4,122,4,9
skew,39035,123,4,123,4,9
skew,39036,127,4,127,4,9
skew,39037,128,4,128,4,9
skew,39038,133,4,133,4,9
skew,39039,134,4,134,4,9
skew,39040,66,2,66,2,11
skew,39041,76,3,76,3,11
skew,39042,81,3,81,3,11
skew,39043,82,3,82,3,11
skew,39044,86,3,86,3,11
skew,39045,87,3,87,3,11
skew,39046,92,3,92,3,11
skew,39047,93,3,93,3,11
skew,39048,68,2,68,2,13
skew,39049,78,3,78,3,13
skew,39050,83,3,83,3,13
skew,39051,84,3,84,3,13
skew,39052,88,3,88,3,13
skew,39053,89,3,89,3,13
skew,39054,94,3,94,3,13
skew,39055,95,3,95,3,13
skew,39056,79,3,79,3,11
skew,39057,89,4,89,4,11
skew,39058,94,4,94,4,11
skew,39059,95,4,95,4,11
skew,39060,99,4,99,4,11
skew,39061,100,4,100,4,11
skew,39062,105,4,105,4,11
skew,39063,106,4,106,4,11
skew,39064,81,3,81,3,13
skew,39065,91,4,91,4,13
skew,39066,96,4,96,4,13
skew,39067,97,4,97,4,13
skew,39068,101,4,101,4,13
skew,39069,102,4,102,4,13
skew,39070,107,4,107,4,13
skew,39071,108,4,108,4,13
skew,39072,84,3,84,3,11
skew,39073,94,4,94,4,11
skew,39074,99,4,99,4,11
skew,39075,100,4,100,4,11
skew,39076,104,4,104,4,11
skew,39077,105,4,105,4,11
skew,39078,110,4,110,4,11
skew,39079,111,4,111,4,11
skew,39080,86,3,86,3,13
skew,39081,96,4,96,4,13
skew,39082,101,4,101,4,13
skew,39083,102,4,102,4,13
skew,39084,106,4,106,4,13
skew,39085,107,4,107,4,13
skew,39086,112,4,112,4,13
skew,39087,113,4,113,4,13
skew,39088,85,3,85,3,11
skew,39089,95,4,95,4,11
skew,39090,100,4,100,4,11
skew,39091,101,4,101,4,11
skew,39092,105,4,105,4,11
skew,39093,106,4,106,4,11
skew,39094,111,4,111,4,11
skew,39095,112,4,112,4,11
skew,39096,87,3,87,3,13
skew,39097,97,4,97,4,13
skew,39098,102,4,102,4,13
skew,39099,103,4,103,4,13
skew,39100,107,4,107,4,13
skew,39101,108,4,108,4,13
skew,39102,113,4,113,4,13
skew,39103,114,4,114,4,13
skew,39104,89,3,89,3,11
skew,39105,99,4,99,4,11
skew,39106,104,4,104,4,11
skew,39107,105,4,105,4,11
skew,39108,109,4,109,4,11
skew,39109,110,4,110,4,11
skew,39110,115,4,115,4,11
skew,39111,116,4,116,4,11
skew,39112,91,3,91,3,13
skew,39113,101,4,101,4,13
skew,39114,106,4,106,4,13
skew,39115,107,4,107,4,13
skew,39116,111,4,111,4,13
skew,39117,112,4,112,4,13
skew,39118,117,4,117,4,13
skew,39119,118,4,118,4,13
skew,39120,90,3,90,3,11
skew,39121,100,4,100,4,11
skew,39122,105,4,105,4,11
skew,39123,106,4,106,4,11
skew,39124,110,4,110,4,11
skew,39125,111,4,111,4,11
skew,39126,116,4,116,4,11
skew,39127,117,4,117,4,11
skew,39128,92,3,92,3,13
skew,39129,102,4,102,4,13
skew,39130,107,4,107,4,13
skew,39131,108,4,108,4,13
skew,39132,112,4,112,4,13
skew,39133,113,4,113,4,13
skew,39134,118,4,118,4,13
skew,39135,119,4,119,4,13
skew,39136,95,3,95,3,11
skew,39137,105,4,105,4,11
skew,39138,110,4,110,4,11
skew,39139,111,4,111,4,11
skew,39140,115,4,115,4,11
skew,39141,116,4,116,4,11
skew,39142,121,4,121,4,11
skew,39143,122,4,122,4,11
skew,39144,97,3,97,3,13
skew,39145,107,4,107,4,13
skew,39146,112,4,112,4,13
skew,39147,113,4,113,4,13
skew,39148,117,4,117,4,13
skew,39149,118,4,118,4,13
skew,39150,123,4,123,4,13
skew,39151,124,4,124,4,13
skew,39152,96,3,96,3,11
skew,39153,106,4,106,4,11
skew,39154,111,4,111,4,11
skew,39155,112,4,112,4,11
skew,39156,116,4,116,4,11
skew,39157,117,4,117,4,11
skew,39158,122,4,122,4,11
skew,39159,123,4,123,4,11
skew,39160,98,3,98,3,13
skew,39161,108,4,108,4,13
skew,39162,113,4,113,4,13
skew,39163,114,4,114,4,13
skew,39164,118,4,118,4,13
skew,39165,119,4,119,4,13
skew,39166,124,4,124,4,13
skew,39167,125,4,125,4,13
skew,39168,43,1,43,1,9
skew,39169,53,2,53,2,9
skew,39170,58,2,58,2,9
skew,39171,59,2,59,2,9
skew,39172,63,2,63,2,9
skew,39173,64,2,64,2,9
skew,39174,69,2,69,2,9
skew,39175,70,2,70,2,9
skew,39176,68,2,68,2,9
skew,39177,69,2,69,2,9
skew,39178,74,2,74,2,9
skew,39179,75,2,75,2,9
skew,39180,79,2,79,2,9
skew,39181,80,2,80,2,9
skew,39182,85,2,85,2,9
skew,39183,86,2,86,2,9
skew,39184,56,2,74,2,13
skew,39185,66,3,76,2,15
skew,39186,71,3,89,3,13
skew,39187,72,3,91,3,15
skew,39188,76,3,94,3,13
skew,39189,77,3,96,3,15
skew,39190,82,3,100,3,13
skew,39191,83,3,102,3,15
skew,39192,81,3,99,3,13
skew,39193,82,3,101,3,15
skew,39194,87,3,105,3,13
skew,39195,88,3,107,3,15
skew,39196,92,3,110,3,13
skew,39197,93,3,112,3,15
skew,39198,98,3,116,3,13
skew,39199,99,3,118,3,15
skew,39200,61,2,61,2,9
skew,39201,71,3,71,3,9
skew,39202,76,3,76,3,9
skew,39203,77,3,77,3,9
skew,39204,81,3,81,3,9
skew,39205,82,3,82,3,9
skew,39206,87,3,87,3,9
skew,39207,88,3,88,3,9
skew,39208,86,3,86,3,9
skew,39209,87,3,87,3,9
skew,39210,92,3,92,3,9
skew,39211,93,3,93,3,9
skew,39212,97,3,97,3,9
skew,39213,98,3,98,3,9
skew,39214,103,3,103,3,9
skew,39215,104,3,104,3,9
skew,39216,62,2,92,3,13
skew,39217,72,3,94,3,15
skew,39218,77,3,107,4,13
skew,39219,78,3,109,4,15
skew,39220,82,3,112,4,13
skew,39221,83,3,114,4,15
skew,39222,88,3,118,4,13
skew,39223,89,3,120,4,15
skew,39224,87,3,117,4,13
skew,39225,88,3,119,4,15
skew,39226,93,3,123,4,13
skew,39227,94,3,125,4,15
skew,39228,98,3,128,4,13
skew,39229,99,3,130,4,15
skew,39230,104,3,134,4,13
skew,39231,105,3,136,4,15
skew,39232,66,2,66,2,9
skew,39233,76,3,76,3,9
skew,39234,81,3,81,3,9
skew,39235,82,3,82,3,9
skew,39236,86,3,86,3,9
skew,39237,87,3,87,3,9
skew,39238,92,3,92,3,9
skew,39239,93,3,93,3,9
skew,39240,91,3,91,3,9
skew,39241,92,3,92,3,9
skew,39242,97,3,97,3,9
skew,39243,98,3,98,3,9
skew,39244,102,3,102,3,9
skew,39245,103,3,103,3,9
skew,39246,108,3,108,3,9
skew,39247,109,3,109,3,9
skew,39248,67,2,97,3,13
skew,39249,77,3,99,3,15
skew,39250,82,3,112,4,13
skew,39251,83,3,114,4,15
skew,39252,87,3,117,4,13
skew,39253,88,3,119,4,15
skew,39254,93,3,123,4,13
skew,39255,94,3,125,4,15
skew,39256,92,3,122,4,13
skew,39257,93,3,124,4,15
skew,39258,98,3,128,4,13
skew,39259,99,3,130,4,15
skew,39260,103,3,133,4,13
skew,39261,104,3,135,4,15
skew,39262,109,3,139,4,13
skew,39263,110,3,141,4,15
skew,39264,72,2,72,2,9
skew,39265,82,3,82,3,9
skew,39266,87,3,87,3,9
skew,39267,88,3,88,3,9
skew,39268,92,3,92,3,9
skew,39269,93,3,93,3,9
skew,39270,98,3,98,3,9
skew,39271,99,3,99,3,9
skew,39272,97,3,97,3,9
skew,39273,98,3,98,3,9
skew,39274,103,3,103,3,9
skew,39275,104,3,104,3,9
skew,39276,108,3,108,3,9
skew,39277,109,3,109,3,9
skew,39278,114,3,114,3,9
skew,39279,115,3,115,3,9
skew,39280,73,2,103,3,13
skew,39281,83,3,105,3,15
skew,39282,88,3,118,4,13
skew,39283,89,3,120,4,15
skew,39284,93,3,123,4,13
skew,39285,94,3,125,4,15
skew,39286,99,3,129,4,13
skew,39287,100,3,131,4,15
skew,39288,98,3,128,4,13
skew,39289,99,3,130,4,15
skew,39290,104,3,134,4,13
skew,39291,105,3,136,4,15
skew,39292,109,3,139,4,13
skew,39293,110,3,141,4,15
skew,39294,115,3,145,4,13
skew,39295,116,3,147,4,15
skew,39296,71,2,74,2,13
skew,39297,81,3,84,3,13
skew,39298,86,3,89,3,13
skew,39299,87,3,90,3,13
skew,39300,91,3,94,3,13
skew,39301,92,3,95,3,13
skew,39302,97,3,100,3,13
skew,39303,98,3,101,3,13
skew,39304,76,2,76,2,15
skew,39305,86,3,86,3,15
skew,39306,91,3,91,3,15
skew,39307,92,3,92,3,15
skew,39308,96,3,96,3,15
skew,39309,97,3,97,3,15
skew,39310,102,3,102,3,15
skew,39311,103,3,103,3,15
skew,39312,48,1,48,1,11
skew,39313,58,2,81,2,17
skew,39314,63,2,63,2,11
skew,39315,64,2,96,3,17
skew,39316,68,2,68,2,11
skew,39317,69,2,101,3,17
skew,39318,74,2,74,2,11
skew,39319,75,2,107,3,17
skew,39320,73,2,81,2,17
skew,39321,50,1,50,1,13
skew,39322,79,2,96,3,17
skew,39323,65,2,65,2,13
skew,39324,84,2,101,3,17
skew,39325,70,2,70,2,13
skew,39326,90,2,107,3,17
skew,39327,76,2,76,2,13
skew,39328,77,2,92,3,13
skew,39329,87,3,102,4,13
skew,39330,92,3,107,4,13
skew,39331,93,3,108,4,13
skew,39332,97,3,112,4,13
skew,39333,98,3,113,4,13
skew,39334,103,3,118,4,13
skew,39335,104,3,119,4,13
skew,39336,94,3,94,3,15
skew,39337,103,3,104,4,15
skew,39338,108,3,109,4,15
skew,39339,109,3,110,4,15
skew,39340,113,3,114,4,15
skew,39341,114,3,115,4,15
skew,39342,119,3,120,4,15
skew,39343,120,3,121,4,15
skew,39344,66,2,66,2,11
skew,39345,76,3,99,3,17
skew,39346,81,3,81,3,11
skew,39347,82,3,114,4,17
skew,39348,86,3,86,3,11
skew,39349,87,3,119,4,17
skew,39350,92,3,92,3,11
skew,39351,93,3,125,4,17
skew,39352,91,3,99,3,17
skew,39353,68,2,68,2,13
skew,39354,97,3,114,4,17
skew,39355,83,3,83,3,13
skew,39356,102,3,119,4,17
skew,39357,88,3,88,3,13
skew,39358,108,3,125,4,17
skew,39359,94,3,94,3,13
skew,39360,82,2,97,3,13
skew,39361,92,3,107,4,13
skew,39362,97,3,112,4,13
skew,39363,98,3,113,4,13
skew,39364,102,3,117,4,13
skew,39365,103,3,118,4,13
skew,39366,108,3,123,4,13
skew,39367,109,3,124,4,13
skew,39368,99,3,99,3,15
skew,39369,108,3,109,4,15
skew,39370,113,3,114,4,15
skew,39371,114,3,115,4,15
skew,39372,118,3,119,4,15
skew,39373,119,3,120,4,15
skew,39374,124,3,125,4,15
skew,39375,125,3,126,4,15
skew,39376,71,2,71,2,11
skew,39377,81,3,104,3,17
skew,39378,86,3,86,3,11
skew,39379,87,3,119,4,17
skew,39380,91,3,91,3,11
skew,39381,92,3,124,4,17
skew,39382,97,3,97,3,11
skew,39383,98,3,130,4,17
skew,39384,96,3,104,3,17
skew,39385,73,2,73,2,13
skew,39386,102,3,119,4,17
skew,39387,88,3,88,3,13
skew,39388,107,3,124,4,17
skew,39389,93,3,93,3,13
skew,39390,113,3,130,4,17
skew,39391,99,3,99,3,13
skew,39392,88,2,103,3,13
skew,39393,98,3,113,4,13
skew,39394,103,3,118,4,13
skew,39395,104,3,119,4,13
skew,39396,108,3,123,4,13
skew,39397,109,3,124,4,13
skew,39398,114,3,129,4,13
skew,39399,115,3,130,4,13
skew,39400,105,3,105,3,15
skew,39401,114,3,115,4,15
skew,39402,119,3,120,4,15
skew,39403,120,3,121,4,15
skew,39404,124,3,125,4,15
skew,39405,125,3,126,4,15
skew,39406,130,3,131,4,15
skew,39407,131,3,132,4,15
skew,39408,77,2,77,2,11
skew,39409,87,3,110,3,17
skew,39410,92,3,92,3,11
skew,39411,93,3,125,4,17
skew,39412,97,3,97,3,11
skew,39413,98,3,130,4,17
skew,39414,103,3,103,3,11
skew,39415,104,3,136,4,17
skew,39416,102,3,110,3,17
skew,39417,79,2,79,2,13
skew,39418,108,3,125,4,17
skew,39419,94,3,94,3,13
skew,39420,113,3,130,4,17
skew,39421,99,3,99,3,13
skew,39422,119,3,136,4,17
skew,39423,105,3,105,3,13
skew,39424,72,2,82,3,9
skew,39425,82,3,92,4,9
skew,39426,87,3,97,4,9
skew,39427,88,3,98,4,9
skew,39428,92,3,102,4,9
skew,39429,93,3,103,4,9
skew,39430,98,3,108,4,9
skew,39431,99,3,109,4,9
skew,39432,97,3,107,4,9
skew,39433,98,3,108,4,9
skew,39434,103,3,113,4,9
skew,39435,104,3,114,4,9
skew,39436,108,3,118,4,9
skew,39437,109,3,119,4,9
skew,39438,114,3,124,4,9
skew,39439,115,3,125,4,9
skew,39440,85,3,95,4,9
skew,39441,95,4,105,5,9
skew,39442,100,4,110,5,9
skew,39443,101,4,111,5,9
skew,39444,105,4,115,5,9
skew,39445,106,4,116,5,9
skew,39446,111,4,121,5,9
skew,39447,112,4,122,5,9
skew,39448,110,4,120,5,9
skew,39449,111,4,121,5,9
skew,39450,116,4,126,5,9
skew,39451,117,4,127,5,9
skew,39452,121,4,131,5,9
skew,39453,122,4,132,5,9
skew,39454,127,4,137,5,9
skew,39455,128,4,138,5,9
skew,39456,90,3,100,4,9
skew,39457,100,4,110,5,9
skew,39458,105,4,115,5,9
skew,39459,106,4,116,5,9
skew,39460,110,4,120,5,9
skew,39461,111,4,121,5,9
skew,39462,116,4,126,5,9
skew,39463,117,4,127,5,9
skew,39464,115,4,125,5,9
skew,39465,116,4,126,5,9
skew,39466,121,4,131,5,9
skew,39467,122,4,132,5,9
skew,39468,126,4,136,5,9
skew,39469,127,4,137,5,9
skew,39470,132,4,142,5,9
skew,39471,133,4,143,5,9
skew,39472,91,3,101,4,9
skew,39473,101,4,111,5,9
skew,39474,106,4,116,5,9
skew,39475,107,4,117,5,9
skew,39476,111,4,121,5,9
skew,39477,112,4,122,5,9
skew,39478,117,4,127,5,9
skew,39479,118,4,128,5,9
skew,39480,116,4,126,5,9
skew,39481,117,4,127,5,9
skew,39482,122,4,132,5,9
skew,39483,123,4,133,5,9
skew,39484,127,4,137,5,9
skew,39485,128,4,138,5,9
skew,39486,133,4,143,5,9
skew,39487,134,4,144,5,9
skew,39488,95,3,105,4,9
skew,39489,105,4,115,5,9
skew,39490,110,4,120,5,9
skew,39491,111,4,121,5,9
skew,39492,115,4,125,5,9
skew,39493,116,4,126,5,9
skew,39494,121,4,131,5,9
skew,39495,122,4,132,5,9
skew,39496,120,4,130,5,9
skew,39497,121,4,131,5,9
skew,39498,126,4,136,5,9
skew,39499,127,4,137,5,9
skew,39500,131,4,141,5,9
skew,39501,132,4,142,5,9
skew,39502,137,4,147,5,9
skew,39503,138,4,148,5,9
skew,39504,96,3,106,4,9
skew,39505,106,4,116,5,9
skew,39506,111,4,121,5,9
skew,39507,112,4,122,5,9
skew,39508,116,4,126,5,9
skew,39509,117,4,127,5,9
skew,39510,122,4,132,5,9
skew,39511,123,4,133,5,9
skew,39512,121,4,131,5,9
skew,39513,122,4,132,5,9
skew,39514,127,4,137,5,9
skew,39515,128,4,138,5,9
skew,39516,132,4,142,5,9
skew,39517,133,4,143,5,9
skew,39518,138,4,148,5,9
skew,39519,139,4,149,5,9
skew,39520,101,3,111,4,9
skew,39521,111,4,121,5,9
skew,39522,116,4,126,5,9
skew,39523,117,4,127,5,9
skew,39524,121,4,131,5,9
skew,39525,122,4,132,5,9
skew,39526,127,4,137,5,9
skew,39527,128,4,138,5,9
skew,39528,126,4,136,5,9
skew,39529,127,4,137,5,9
skew,39530,132,4,142,5,9
skew,39531,133,4,143,5,9
skew,39532,137,4,147,5,9
skew,39533,138,4,148,5,9
skew,39534,143,4,153,5,9
skew,39535,144,4,154,5,9
skew,39536,102,3,112,4,9
skew,39537,112,4,122,5,9
skew,39538,117,4,127,5,9
skew,39539,118,4,128,5,9
skew,39540,122,4,132,5,9
skew,39541,123,4,133,5,9
skew,39542,128,4,138,5,9
skew,39543,129,4,139,5,9
skew,39544,127,4,137,5,9
skew,39545,128,4,138,5,9
skew,39546,133,4,143,5,9
skew,39547,134,4,144,5,9
skew,39548,138,4,148,5,9
skew,39549,139,4,149,5,9
skew,39550,144,4,154,5,9
skew,39551,145,4,155,5,9
skew,39552,87,3,87,3,11
skew,39553,97,4,97,4,11
skew,39554,102,4,102,4,11
skew,39555,103,4,103,4,11
skew,39556,107,4,107,4,11
skew,39557,108,4,108,4,11
skew,39558,113,4,113,4,11
skew,39559,114,4,114,4,11
skew,39560,89,3,89,3,13
skew,39561,99,4,99,4,13
skew,39562,104,4,104,4,13
skew,39563,105,4,105,4,13
skew,39564,109,4,109,4,13
skew,39565,110,4,110,4,13
skew,39566,115,4,115,4,13
skew,39567,116,4,116,4,13
skew,39568,100,4,100,4,11
skew,39569,110,5,110,5,11
skew,39570,115,5,115,5,11
skew,39571,116,5,116,5,11
skew,39572,120,5,120,5,11
skew,39573,121,5,121,5,11
skew,39574,126,5,126,5,11
skew,39575,127,5,127,5,11
skew,39576,102,4,102,4,13
skew,39577,112,5,112,5,13
skew,39578,117,5,117,5,13
skew,39579,118,5,118,5,13
skew,39580,122,5,122,5,13
skew,39581,123,5,123,5,13
skew,39582,128,5,128,5,13
skew,39583,129,5,129,5,13
skew,39584,105,4,105,4,11
skew,39585,115,5,115,5,11
skew,39586,120,5,120,5,11
skew,39587,121,5,121,5,11
skew,39588,125,5,125,5,11
skew,39589,126,5,126,5,11
skew,39590,131,5,131,5,11
skew,39591,132,5,132,5,11
skew,39592,107,4,107,4,13
skew,39593,117,5,117,5,13
skew,39594,122,5,122,5,13
skew,39595,123,5,123,5,13
skew,39596,127,5,127,5,13
skew,39597,128,5,128,5,13
skew,39598,133,5,133,5,13
skew,39599,134,5,134,5,13
skew,39600,106,4,106,4,11
skew,39601,116,5,116,5,11
skew,39602,121,5,121,5,11
skew,39603,122,5,122,5,11
skew,39604,126,5,126,5,11
skew,39605,127,5,127,5,11
skew,39606,132,5,132,5,11
skew,39607,133,5,133,5,11
skew,39608,108,4,108,4,13
skew,39609,118,5,118,5,13
skew,39610,123,5,123,5,13
skew,39611,124,5,124,5,13
skew,39612,128,5,128,5,13
skew,39613,129,5,129,5,13
skew,39614,134,5,134,5,13
skew,39615,135,5,135,5,13
skew,39616,110,4,110,4,11
skew,39617,120,5,120,5,11
skew,39618,125,5,125,5,11
skew,39619,126,5,126,5,11
skew,39620,130,5,130,5,11
skew,39621,131,5,131,5,11
skew,39622,136,5,136,5,11
skew,39623,137,5,137,5,11
skew,39624,112,4,112,4,13
skew,39625,122,5,122,5,13
skew,39626,127,5,127,5,13
skew,39627,128,5,128,5,13
skew,39628,132,5,132,5,13
skew,39629,133,5,133,5,13
skew,39630,138,5,138,5,13
skew,39631,139,5,139,5,13
skew,39632,111,4,111,4,11
skew,39633,121,5,121,5,11
skew,39634,126,5,126,5,11
skew,39635,127,5,127,5,11
skew,39636,131,5,131,5,11
skew,39637,132,5,132,5,11
skew,39638,137,5,137,5,11
skew,39639,138,5,138,5,11
skew,39640,113,4,113,4,13
skew,39641,123,5,123,5,13
skew,39642,128,5,128,5,13
skew,39643,129,5,129,5,13
skew,39644,133,5,133,5,13
skew,39645,134,5,134,5,13
skew,39646,139,5,139,5,13
skew,39647,140,5,140,5,13
skew,39648,116,4,116,4,11
skew,39649,126,5,126,5,11
skew,39650,131,5,131,5,11
skew,39651,132,5,132,5,11
skew,39652,136,5,136,5,11
skew,39653,137,5,137,5,11
skew,39654,142,5,142,5,11
skew,39655,143,5,143,5,11
skew,39656,118,4,118,4,13
skew,39657,128,5,128,5,13
skew,39658,133,5,133,5,13
skew,39659,134,5,134,5,13
skew,39660,138,5,138,5,13
skew,39661,139,5,139,5,13
skew,39662,144,5,144,5,13
skew,39663,145,5,145,5,13
skew,39664,117,4,117,4,11
skew,39665,127,5,127,5,11
skew,39666,132,5,132,5,11
skew,39667,133,5,133,5,11
skew,39668,137,5,137,5,11
skew,39669,138,5,138,5,11
skew,39670,143,5,143,5,11
skew,39671,144,5,144,5,11
skew,39672,119,4,119,4,13
skew,39673,129,5,129,5,13
skew,39674,134,5,134,5,13
skew,39675,135,5,135,5,13
skew,39676,139,5,139,5,13
skew,39677,140,5,140,5,13
skew,39678,145,5,145,5,13
skew,39679,146,5,146,5,13
skew,39680,64,2,64,2,9
skew,39681,74,3,74,3,9
skew,39682,79,3,79,3,9
skew,39683,80,3,80,3,9
skew,39684,84,3,84,3,9
skew,39685,85,3,85,3,9
skew,39686,90,3,90,3,9
skew,39687,91,3,91,3,9
skew,39688,89,3,89,3,9
skew,39689,90,3,90,3,9
skew,39690,95,3,95,3,9
skew,39691,96,3,96,3,9
skew,39692,100,3,100,3,9
skew,39693,101,3,101,3,9
skew,39694,106,3,106,3,9
skew,39695,107,3,107,3,9
skew,39696,77,3,95,3,13
skew,39697,87,4,97,3,15
skew,39698,92,4,110,4,13
skew,39699,93,4,112,4,15
skew,39700,97,4,115,4,13
skew,39701,98,4,117,4,15
skew,39702,103,4,121,4,13
skew,39703,104,4,123,4,15
skew,39704,102,4,120,4,13
skew,39705,103,4,122,4,15
skew,39706,108,4,126,4,13
skew,39707,109,4,128,4,15
skew,39708,113,4,131,4,13
skew,39709,114,4,133,4,15
skew,39710,119,4,137,4,13
skew,39711,120,4,139,4,15
skew,39712,82,3,82,3,9
skew,39713,92,4,92,4,9
skew,39714,97,4,97,4,9
skew,39715,98,4,98,4,9
skew,39716,102,4,102,4,9
skew,39717,103,4,103,4,9
skew,39718,108,4,108,4,9
skew,39719,109,4,109,4,9
skew,39720,107,4,107,4,9
skew,39721,108,4,108,4,9
skew,39722,113,4,113,4,9
skew,39723,114,4,114,4,9
skew,39724,118,4,118,4,9
skew,39725,119,4,119,4,9
skew,39726,124,4,124,4,9
skew,39727,125,4,125,4,9
skew,39728,83,3,113,4,13
skew,39729,93,4,115,4,15
skew,39730,98,4,128,5,13
skew,39731,99,4,130,5,15
skew,39732,103,4,133,5,13
skew,39733,104,4,135,5,15
skew,39734,109,4,139,5,13
skew,39735,110,4,141,5,15
skew,39736,108,4,138,5,13
skew,39737,109,4,140,5,15
skew,39738,114,4,144,5,13
skew,39739,115,4,146,5,15
skew,39740,119,4,149,5,13
skew,39741,120,4,151,5,15
skew,39742,125,4,155,5,13
skew,39743,126,4,157,5,15
skew,39744,87,3,87,3,9
skew,39745,97,4,97,4,9
skew,39746,102,4,102,4,9
skew,39747,103,4,103,4,9
skew,39748,107,4,107,4,9
skew,39749,108,4,108,4,9
skew,39750,113,4,113,4,9
skew,39751,114,4,114,4,9
skew,39752,112,4,112,4,9
skew,39753,113,4,113,4,9
skew,39754,118,4,118,4,9
skew,39755,119,4,119,4,9
skew,39756,123,4,123,4,9
skew,39757,124,4,124,4,9
skew,39758,129,4,129,4,9
skew,39759,130,4,130,4,9
skew,39760,88,3,118,4,13
skew,39761,98,4,120,4,15
skew,39762,103,4,133,5,13
skew,39763,104,4,135,5,15
skew,39764,108,4,138,5,13
skew,39765,109,4,140,5,15
skew,39766,114,4,144,5,13
skew,39767,115,4,146,5,15
skew,39768,113,4,143,5,13
skew,39769,114,4,145,5,15
skew,39770,119,4,149,5,13
skew,39771,120,4,151,5,15
skew,39772,124,4,154,5,13
skew,39773,125,4,156,5,15
skew,39774,130,4,160,5,13
skew,39775,131,4,162,5,15
skew,39776,93,3,93,3,9
skew,39777,103,4,103,4,9
skew,39778,108,4,108,4,9
skew,39779,109,4,109,4,9
skew,39780,113,4,113,4,9
skew,39781,114,4,114,4,9
skew,39782,119,4,119,4,9
skew,39783,120,4,120,4,9
skew,39784,118,4,118,4,9
skew,39785,119,4,119,4,9
skew,39786,124,4,124,4,9
skew,39787,125,4,125,4,9
skew,39788,129,4,129,4,9
skew,39789,130,4,130,4,9
skew,39790,135,4,135,4,9
skew,39791,136,4,136,4,9
skew,39792,94,3,124,4,13
skew,39793,104,4,126,4,15
skew,39794,109,4,139,5,13
skew,39795,110,4,141,5,15
skew,39796,114,4,144,5,13
skew,39797,115,4,146,5,15
skew,39798,120,4,150,5,13
skew,39799,121,4,152,5,15
skew,39800,119,4,149,5,13
skew,39801,120,4,151,5,15
skew,39802,125,4,155,5,13
skew,39803,126,4,157,5,15
skew,39804,130,4,160,5,13
skew,39805,131,4,162,5,15
skew,39806,136,4,166,5,13
skew,39807,137,4,168,5,15
skew,39808,88,3,95,3,13
skew,39809,98,4,105,4,13
skew,39810,103,4,110,4,13
skew,39811,104,4,111,4,13
skew,39812,108,4,115,4,13
skew,39813,109,4,116,4,13
skew,39814,114,4,121,4,13
skew,39815,115,4,122,4,13
skew,39816,90,3,97,3,15
skew,39817,100,4,107,4,15
skew,39818,105,4,112,4,15
skew,39819,106,4,113,4,15
skew,39820,110,4,117,4,15
skew,39821,111,4,118,4,15
skew,39822,116,4,123,4,15
skew,39823,117,4,124,4,15
skew,39824,69,2,69,2,11
skew,39825,79,3,102,3,17
skew,39826,84,3,84,3,11
skew,39827,85,3,117,4,17
skew,39828,89,3,89,3,11
skew,39829,90,3,122,4,17
skew,39830,95,3,95,3,11
skew,39831,96,3,128,4,17
skew,39832,94,3,102,3,17
skew,39833,71,2,71,2,13
skew,39834,100,3,117,4,17
skew,39835,86,3,86,3,13
skew,39836,105,3,122,4,17
skew,39837,91,3,91,3,13
skew,39838,111,3,128,4,17
skew,39839,97,3,97,3,13
skew,39840,98,3,113,4,13
skew,39841,108,4,123,5,13
skew,39842,113,4,128,5,13
skew,39843,114,4,129,5,13
skew,39844,118,4,133,5,13
skew,39845,119,4,134,5,13
skew,39846,124,4,139,5,13
skew,39847,125,4,140,5,13
skew,39848,108,4,115,4,15
skew,39849,118,5,125,5,15
skew,39850,123,5,130,5,15
skew,39851,124,5,131,5,15
skew,39852,128,5,135,5,15
skew,39853,129,5,136,5,15
skew,39854,134,5,141,5,15
skew,39855,135,5,142,5,15
skew,39856,87,3,87,3,11
skew,39857,97,4,120,4,17
skew,39858,102,4,102,4,11
skew,39859,103,4,135,5,17
skew,39860,107,4,107,4,11
skew,39861,108,4,140,5,17
skew,39862,113,4,113,4,11
skew,39863,114,4,146,5,17
skew,39864,109,4,120,4,17
skew,39865,89,3,89,3,13
skew,39866,118,4,135,5,17
skew,39867,104,4,104,4,13
skew,39868,123,4,140,5,17
skew,39869,109,4,109,4,13
skew,39870,129,4,146,5,17
skew,39871,115,4,115,4,13
skew,39872,103,3,118,4,13
skew,39873,113,4,128,5,13
skew,39874,118,4,133,5,13
skew,39875,119,4,134,5,13
skew,39876,123,4,138,5,13
skew,39877,124,4,139,5,13
skew,39878,129,4,144,5,13
skew,39879,130,4,145,5,13
skew,39880,113,4,120,4,15
skew,39881,123,5,130,5,15
skew,39882,128,5,135,5,15
skew,39883,129,5,136,5,15
skew,39884,133,5,140,5,15
skew,39885,134,5,141,5,15
skew,39886,139,5,146,5,15
skew,39887,140,5,147,5,15
skew,39888,92,3,92,3,11
skew,39889,102,4,125,4,17
skew,39890,107,4,107,4,11
skew,39891,108,4,140,5,17
skew,39892,112,4,112,4,11
skew,39893,113,4,145,5,17
skew,39894,118,4,118,4,11
skew,39895,119,4,151,5,17
skew,39896,114,4,125,4,17
skew,39897,94,3,94,3,13
skew,39898,123,4,140,5,17
skew,39899,109,4,109,4,13
skew,39900,128,4,145,5,17
skew,39901,114,4,114,4,13
skew,39902,134,4,151,5,17
skew,39903,120,4,120,4,13
skew,39904,109,3,124,4,13
skew,39905,119,4,134,5,13
skew,39906,124,4,139,5,13
skew,39907,125,4,140,5,13
skew,39908,129,4,144,5,13
skew,39909,130,4,145,5,13
skew,39910,135,4,150,5,13
skew,39911,136,4,151,5,13
skew,39912,119,4,126,4,15
skew,39913,129,5,136,5,15
skew,39914,134,5,141,5,15
skew,39915,135,5,142,5,15
skew,39916,139,5,146,5,15
skew,39917,140,5,147,5,15
skew,39918,145,5,152,5,15
skew,39919,146,5,153,5,15
skew,39920,98,3,98,3,11
skew,39921,108,4,131,4,17
skew,39922,113,4,113,4,11
skew,39923,114,4,146,5,17
skew,39924,118,4,118,4,11
skew,39925,119,4,151,5,17
skew,39926,124,4,124,4,11
skew,39927,125,4,157,5,17
skew,39928,120,4,131,4,17
skew,39929,100,3,100,3,13
skew,39930,129,4,146,5,17
skew,39931,115,4,115,4,13
skew,39932,134,4,151,5,17
skew,39933,120,4,120,4,13
skew,39934,140,4,157,5,17
skew,39935,126,4,126,4,13
skew,39936,77,2,87,3,9
skew,39937,87,3,97,4,9
skew,39938,92,3,102,4,9
skew,39939,93,3,103,4,9
skew,39940,97,3,107,4,9
skew,39941,98,3,108,4,9
skew,39942,103,3,113,4,9
skew,39943,104,3,114,4,9
skew,39944,102,3,112,4,9
skew,39945,103,3,113,4,9
skew,39946,108,3,118,4,9
skew,39947,109,3,119,4,9
skew,39948,113,3,123,4,9
skew,39949,114,3,124,4,9
skew,39950,119,3,129,4,9
skew,39951,120,3,130,4,9
skew,39952,90,3,100,4,9
skew,39953,100,4,110,5,9
skew,39954,105,4,115,5,9
skew,39955,106,4,116,5,9
skew,39956,110,4,120,5,9
skew,39957,111,4,121,5,9
skew,39958,116,4,126,5,9
skew,39959,117,4,127,5,9
skew,39960,115,4,125,5,9
skew,39961,116,4,126,5,9
skew,39962,121,4,131,5,9
skew,39963,122,4,132,5,9
skew,39964,126,4,136,5,9
skew,39965,127,4,137,5,9
skew,39966,132,4,142,5,9
skew,39967,133,4,143,5,9
skew,39968,95,3,105,4,9
skew,39969,105,4,115,5,9
skew,39970,110,4,120,5,9
skew,39971,111,4,121,5,9
skew,39972,115,4,125,5,9
skew,39973,116,4,126,5,9
skew,39974,121,4,131,5,9
skew,39975,122,4,132,5,9
skew,39976,120,4,130,5,9
skew,39977,121,4,131,5,9
skew,39978,126,4,136,5,9
skew,39979,127,4,137,5,9
skew,39980,131,4,141,5,9
skew,39981,132,4,142,5,9
skew,39982,137,4,147,5,9
skew,39983,138,4,148,5,9
skew,39984,96,3,106,4,9
skew,39985,106,4,116,5,9
skew,39986,111,4,121,5,9
skew,39987,112,4,122,5,9
skew,39988,116,4,126,5,9
skew,39989,117,4,127,5,9
skew,39990,122,4,132,5,9
skew,39991,123,4,133,5,9
skew,39992,121,4,131,5,9
skew,39993,122,4,132,5,9
skew,39994,127,4,137,5,9
skew,39995,128,4,138,5,9
skew,39996,132,4,142,5,9
skew,39997,133,4,143,5,9
skew,39998,138,4,148,5,9
skew,39999,139,4,149,5,9
skew,40000,100,3,110,4,9
skew,40001,110,4,120,5,9
skew,40002,115,4,125,5,9
skew,40003,116,4,126,5,9
skew,40004,120,4,130,5,9
skew,40005,121,4,131,5,9
skew,40006,126,4,136,5,9
skew,40007,127,4,137,5,9
skew,40008,125,4,135,5,9
skew,40009,126,4,136,5,9
skew,40010,131,4,141,5,9
skew,40011,132,4,142,5,9
skew,40012,136,4,146,5,9
skew,40013,137,4,147,5,9
skew,40014,142,4,152,5,9
skew,40015,143,4,153,5,9
skew,40016,101,3,111,4,9
skew,40017,111,4,121,5,9
skew,40018,116,4,126,5,9
skew,40019,117,4,127,5,9
skew,40020,121,4,131,5,9
skew,40021,122,4,132,5,9
skew,40022,127,4,137,5,9
skew,40023,128,4,138,5,9
skew,40024,126,4,136,5,9
skew,40025,127,4,137,5,9
skew,40026,132,4,142,5,9
skew,40027,133,4,143,5,9
skew,40028,137,4,147,5,9
skew,40029,138,4,148,5,9
skew,40030,143,4,153,5,9
skew,40031,144,4,154,5,9
skew,40032,106,3,116,4,9
skew,40033,116,4,126,5,9
skew,40034,121,4,131,5,9
skew,40035,122,4,132,5,9
skew,40036,126,4,136,5,9
skew,40037,127,4,137,5,9
skew,40038,132,4,142,5,9
skew,40039,133,4,143,5,9
skew,40040,131,4,141,5,9
skew,40041,132,4,142,5,9
skew,40042,137,4,147,5,9
skew,40043,138,4,148,5,9
skew,40044,142,4,152,5,9
skew,40045,143,4,153,5,9
skew,40046,148,4,158,5,9
skew,40047,149,4,159,5,9
skew,40048,107,3,117,4,9
skew,40049,117,4,127,5,9
skew,40050,122,4,132,5,9
skew,40051,123,4,133,5,9
skew,40052,127,4,137,5,9
skew,40053,128,4,138,5,9
skew,40054,133,4,143,5,9
skew,40055,134,4,144,5,9
skew,40056,132,4,142,5,9
skew,40057,133,4,143,5,9
skew,40058,138,4,148,5,9
skew,40059,139,4,149,5,9
skew,40060,143,4,153,5,9
skew,40061,144,4,154,5,9
skew,40062,149,4,159,5,9
skew,40063,150,4,160,5,9
skew,40064,92,3,92,3,11
skew,40065,102,4,102,4,11
skew,40066,107,4,107,4,11
skew,40067,108,4,108,4,11
skew,40068,112,4,112,4,11
skew,40069,113,4,113,4,11
skew,40070,118,4,118,4,11
skew,40071,119,4,119,4,11
skew,40072,94,3,94,3,13
skew,40073,104,4,104,4,13
skew,40074,109,4,109,4,13
skew,40075,110,4,110,4,13
skew,40076,114,4,114,4,13
skew,40077,115,4,115,4,13
skew,40078,120,4,120,4,13
skew,40079,121,4,121,4,13
skew,40080,105,4,105,4,11
skew,40081,115,5,115,5,11
skew,40082,120,5,120,5,11
skew,40083,121,5,121,5,11
skew,40084,125,5,125,5,11
skew,40085,126,5,126,5,11
skew,40086,131,5,131,5,11
skew,40087,132,5,132,5,11
skew,40088,107,4,107,4,13
skew,40089,117,5,117,5,13
skew,40090,122,5,122,5,13
skew,40091,123,5,123,5,13
skew,40092,127,5,127,5,13
skew,40093,128,5,128,5,13
skew,40094,133,5,133,5,13
skew,40095,134,5,134,5,13
skew,40096,110,4,110,4,11
skew,40097,120,5,120,5,11
skew,40098,125,5,125,5,11
skew,40099,126,5,126,5,11
skew,40100,130,5,130,5,11
skew,40101,131,5,131,5,11
skew,40102,136,5,136,5,11
skew,40103,137,5,137,5,11
skew,40104,112,4,112,4,13
skew,40105,122,5,122,5,13
skew,40106,127,5,127,5,13
skew,40107,128,5,128,5,13
skew,40108,132,5,132,5,13
skew,40109,133,5,133,5,13
skew,40110,138,5,138,5,13
skew,40111,139,5,139,5,13
skew,40112,111,4,111,4,11
skew,40113,121,5,121,5,11
skew,40114,126,5,126,5,11
skew,40115,127,5,127,5,11
skew,40116,131,5,131,5,11
skew,40117,132,5,132,5,11
skew,40118,137,5,137,5,11
skew,40119,138,5,138,5,11
skew,40120,113,4,113,4,13
skew,40121,123,5,123,5,13
skew,40122,128,5,128,5,13
skew,40123,129,5,129,5,13
skew,40124,133,5,133,5,13
skew,40125,134,5,134,5,13
skew,40126,139,5,139,5,13
skew,40127,140,5,140,5,13
skew,40128,115,4,115,4,11
skew,40129,125,5,125,5,11
skew,40130,130,5,130,5,11
skew,40131,131,5,131,5,11
skew,40132,135,5,135,5,11
skew,40133,136,5,136,5,11
skew,40134,141,5,141,5,11
skew,40135,142,5,142,5,11
skew,40136,117,4,117,4,13
skew,40137,127,5,127,5,13
skew,40138,132,5,132,5,13
skew,40139,133,5,133,5,13
skew,40140,137,5,137,5,13
skew,40141,138,5,138,5,13
skew,40142,143,5,143,5,13
skew,40143,144,5,144,5,13
skew,40144,116,4,116,4,11
skew,40145,126,5,126,5,11
skew,40146,131,5,131,5,11
skew,40147,132,5,132,5,11
skew,40148,136,5,136,5,11
skew,40149,137,5,137,5,11
skew,40150,142,5,142,5,11
skew,40151,143,5,143,5,11
skew,40152,118,4,118,4,13
skew,40153,128,5,128,5,13
skew,40154,133,5,133,5,13
skew,40155,134,5,134,5,13
skew,40156,138,5,138,5,13
skew,40157,139,5,139,5,13
skew,40158,144,5,144,5,13
skew,40159,145,5,145,5,13
skew,40160,121,4,121,4,11
skew,40161,131,5,131,5,11
skew,40162,136,5,136,5,11
skew,40163,137,5,137,5,11
skew,40164,141,5,141,5,11
skew,40165,142,5,142,5,11
skew,40166,147,5,147,5,11
skew,40167,148,5,148,5,11
skew,40168,123,4,123,4,13
skew,40169,133,5,133,5,13
skew,40170,138,5,138,5,13
skew,40171,139,5,139,5,13
skew,40172,143,5,143,5,13
skew,40173,144,5,144,5,13
skew,40174,149,5,149,5,13
skew,40175,150,5,150,5,13
skew,40176,122,4,122,4,11
skew,40177,132,5,132,5,11
skew,40178,137,5,137,5,11
skew,40179,138,5,138,5,11
skew,40180,142,5,142,5,11
skew,40181,143,5,143,5,11
skew,40182,148,5,148,5,11
skew,40183,149,5,149,5,11
skew,40184,124,4,124,4,13
skew,40185,134,5,134,5,13
skew,40186,139,5,139,5,13
skew,40187,140,5,140,5,13
skew,40188,144,5,144,5,13
skew,40189,145,5,145,5,13
skew,40190,150,5,150,5,13
skew,40191,151,5,151,5,13
skew,40192,69,2,69,2,9
skew,40193,79,3,79,3,9
skew,40194,84,3,84,3,9
skew,40195,85,3,85,3,9
skew,40196,89,3,89,3,9
skew,40197,90,3,90,3,9
skew,40198,95,3,95,3,9
skew,40199,96,3,96,3,9
skew,40200,94,3,94,3,9
skew,40201,95,3,95,3,9
skew,40202,100,3,100,3,9
skew,40203,101,3,101,3,9
skew,40204,105,3,105,3,9
skew,40205,106,3,106,3,9
skew,40206,111,3,111,3,9
skew,40207,112,3,112,3,9
skew,40208,82,3,100,3,13
skew,40209,92,4,102,3,15
skew,40210,97,4,115,4,13
skew,40211,98,4,117,4,15
skew,40212,102,4,120,4,13
skew,40213,103,4,122,4,15
skew,40214,108,4,126,4,13
skew,40215,109,4,128,4,15
skew,40216,107,4,125,4,13
skew,40217,108,4,127,4,15
skew,40218,113,4,131,4,13
skew,40219,114,4,133,4,15
skew,40220,118,4,136,4,13
skew,40221,119,4,138,4,15
skew,40222,124,4,142,4,13
skew,40223,125,4,144,4,15
skew,40224,87,3,87,3,9
skew,40225,97,4,97,4,9
skew,40226,102,4,102,4,9
skew,40227,103,4,103,4,9
skew,40228,107,4,107,4,9
skew,40229,108,4,108,4,9
skew,40230,113,4,113,4,9
skew,40231,114,4,114,4,9
skew,40232,112,4,112,4,9
skew,40233,113,4,113,4,9
skew,40234,118,4,118,4,9
skew,40235,119,4,119,4,9
skew,40236,123,4,123,4,9
skew,40237,124,4,124,4,9
skew,40238,129,4,129,4,9
skew,40239,130,4,130,4,9
skew,40240,88,3,118,4,13
skew,40241,98,4,120,4,15
skew,40242,103,4,133,5,13
skew,40243,104,4,135,5,15
skew,40244,108,4,138,5,13
skew,40245,109,4,140,5,15
skew,40246,114,4,144,5,13
skew,40247,115,4,146,5,15
skew,40248,113,4,143,5,13
skew,40249,114,4,145,5,15
skew,40250,119,4,149,5,13
skew,40251,120,4,151,5,15
skew,40252,124,4,154,5,13
skew,40253,125,4,156,5,15
skew,40254,130,4,160,5,13
skew,40255,131,4,162,5,15
skew,40256,92,3,92,3,9
skew,40257,102,4,102,4,9
skew,40258,107,4,107,4,9
skew,40259,108,4,108,4,9
skew,40260,112,4,112,4,9
skew,40261,113,4,113,4,9
skew,40262,118,4,118,4,9
skew,40263,119,4,119,4,9
skew,40264,117,4,117,4,9
skew,40265,118,4,118,4,9
skew,40266,123,4,123,4,9
skew,40267,124,4,124,4,9
skew,40268,128,4,128,4,9
skew,40269,129,4,129,4,9
skew,40270,134,4,134,4,9
skew,40271,135,4,135,4,9
skew,40272,93,3,123,4,13
skew,40273,103,4,125,4,15
skew,40274,108,4,138,5,13
skew,40275,109,4,140,5,15
skew,40276,113,4,143,5,13
skew,40277,114,4,145,5,15
skew,40278,119,4,149,5,13
skew,40279,120,4,151,5,15
skew,40280,118,4,148,5,13
skew,40281,119,4,150,5,15
skew,40282,124,4,154,5,13
skew,40283,125,4,156,5,15
skew,40284,129,4,159,5,13
skew,40285,130,4,161,5,15
skew,40286,135,4,165,5,13
skew,40287,136,4,167,5,15
skew,40288,98,3,98,3,9
skew,40289,108,4,108,4,9
skew,40290,113,4,113,4,9
skew,40291,114,4,114,4,9
skew,40292,118,4,118,4,9
skew,40293,119,4,119,4,9
skew,40294,124,4,124,4,9
skew,40295,125,4,125,4,9
skew,40296,123,4,123,4,9
skew,40297,124,4,124,4,9
skew,40298,129,4,129,4,9
skew,40299,130,4,130,4,9
skew,40300,134,4,134,4,9
skew,40301,135,4,135,4,9
skew,40302,140,4,140,4,9
skew,40303,141,4,141,4,9
skew,40304,99,3,129,4,13
skew,40305,109,4,131,4,15
skew,40306,114,4,144,5,13
skew,40307,115,4,146,5,15
skew,40308,119,4,149,5,13
skew,40309,120,4,151,5,15
skew,40310,125,4,155,5,13
skew,40311,126,4,157,5,15
skew,40312,124,4,154,5,13
skew,40313,125,4,156,5,15
skew,40314,130,4,160,5,13
skew,40315,131,4,162,5,15
skew,40316,135,4,165,5,13
skew,40317,136,4,167,5,15
skew,40318,141,4,171,5,13
skew,40319,142,4,173,5,15
skew,40320,93,3,100,3,13
skew,40321,103,4,110,4,13
skew,40322,108,4,115,4,13
skew,40323,109,4,116,4,13
skew,40324,113,4,120,4,13
skew,40325,114,4,121,4,13
skew,40326,119,4,126,4,13
skew,40327,120,4,127,4,13
skew,40328,95,3,102,3,15
skew,40329,105,4,112,4,15
skew,40330,110,4,117,4,15
skew,40331,111,4,118,4,15
skew,40332,115,4,122,4,15
skew,40333,116,4,123,4,15
skew,40334,121,4,128,4,15
skew,40335,122,4,129,4,15
skew,40336,74,2,74,2,11
skew,40337,84,3,107,3,17
skew,40338,89,3,89,3,11
skew,40339,90,3,122,4,17
skew,40340,94,3,94,3,11
skew,40341,95,3,127,4,17
skew,40342,100,3,100,3,11
skew,40343,101,3,133,4,17
skew,40344,99,3,107,3,17
skew,40345,76,2,76,2,13
skew,40346,105,3,122,4,17
skew,40347,91,3,91,3,13
skew,40348,110,3,127,4,17
skew,40349,96,3,96,3,13
skew,40350,116,3,133,4,17
skew,40351,102,3,102,3,13
skew,40352,103,3,118,4,13
skew,40353,113,4,128,5,13
skew,40354,118,4,133,5,13
skew,40355,119,4,134,5,13
skew,40356,123,4,138,5,13
skew,40357,124,4,139,5,13
skew,40358,129,4,144,5,13
skew,40359,130,4,145,5,13
skew,40360,113,4,120,4,15
skew,40361,123,5,130,5,15
skew,40362,128,5,135,5,15
skew,40363,129,5,136,5,15
skew,40364,133,5,140,5,15
skew,40365,134,5,141,5,15
skew,40366,139,5,146,5,15
skew,40367,140,5,147,5,15
skew,40368,92,3,92,3,11
skew,40369,102,4,125,4,17
skew,40370,107,4,107,4,11
skew,40371,108,4,140,5,17
skew,40372,112,4,112,4,11
skew,40373,113,4,145,5,17
skew,40374,118,4,118,4,11
skew,40375,119,4,151,5,17
skew,40376,114,4,125,4,17
skew,40377,94,3,94,3,13
skew,40378,123,4,140,5,17
skew,40379,109,4,109,4,13
skew,40380,128,4,145,5,17
skew,40381,114,4,114,4,13
skew,40382,134,4,151,5,17
skew,40383,120,4,120,4,13
skew,40384,108,3,123,4,13
skew,40385,118,4,133,5,13
skew,40386,123,4,138,5,13
skew,40387,124,4,139,5,13
skew,40388,128,4,143,5,13
skew,40389,129,4,144,5,13
skew,40390,134,4,149,5,13
skew,40391,135,4,150,5,13
skew,40392,118,4,125,4,15
skew,40393,128,5,135,5,15
skew,40394,133,5,140,5,15
skew,40395,134,5,141,5,15
skew,40396,138,5,145,5,15
skew,40397,139,5,146,5,15
skew,40398,144,5,151,5,15
skew,40399,145,5,152,5,15
skew,40400,97,3,97,3,11
skew,40401,107,4,130,4,17
skew,40402,112,4,112,4,11
skew,40403,113,4,145,5,17
skew,40404,117,4,117,4,11
skew,40405,118,4,150,5,17
skew,40406,123,4,123,4,11
skew,40407,124,4,156,5,17
skew,40408,119,4,130,4,17
skew,40409,99,3,99,3,13
skew,40410,128,4,145,5,17
skew,40411,114,4,114,4,13
skew,40412,133,4,150,5,17
skew,40413,119,4,119,4,13
skew,40414,139,4,156,5,17
skew,40415,125,4,125,4,13
skew,40416,114,3,129,4,13
skew,40417,124,4,139,5,13
skew,40418,129,4,144,5,13
skew,40419,130,4,145,5,13
skew,40420,134,4,149,5,13
skew,40421,135,4,150,5,13
skew,40422,140,4,155,5,13
skew,40423,141,4,156,5,13
skew,40424,124,4,131,4,15
skew,40425,134,5,141,5,15
skew,40426,139,5,146,5,15
skew,40427,140,5,147,5,15
skew,40428,144,5,151,5,15
skew,40429,145,5,152,5,15
skew,40430,150,5,157,5,15
skew,40431,151,5,158,5,15
skew,40432,103,3,103,3,11
skew,40433,113,4,136,4,17
skew,40434,118,4,118,4,11
skew,40435,119,4,151,5,17
skew,40436,123,4,123,4,11
skew,40437,124,4,156,5,17
skew,40438,129,4,129,4,11
skew,40439,130,4,162,5,17
skew,40440,125,4,136,4,17
skew,40441,105,3,105,3,13
skew,40442,134,4,151,5,17
skew,40443,120,4,120,4,13
skew,40444,139,4,156,5,17
skew,40445,125,4,125,4,13
skew,40446,145,4,162,5,17
skew,40447,131,4,131,4,13
skew,40448,83,2,93,3,9
skew,40449,93,3,103,4,9
skew,40450,98,3,108,4,9
skew,40451,99,3,109,4,9
skew,40452,103,3,113,4,9
skew,40453,104,3,114,4,9
skew,40454,109,3,119,4,9
skew,40455,110,3,120,4,9
skew,40456,108,3,118,4,9
skew,40457,109,3,119,4,9
skew,40458,114,3,124,4,9
skew,40459,115,3,125,4,9
skew,40460,119,3,129,4,9
skew,40461,120,3,130,4,9
skew,40462,125,3,135,4,9
skew,40463,126,3,136,4,9
skew,40464,96,3,106,4,9
skew,40465,106,4,116,5,9
skew,40466,111,4,121,5,9
skew,40467,112,4,122,5,9
skew,40468,116,4,126,5,9
skew,40469,117,4,127,5,9
skew,40470,122,4,132,5,9
skew,40471,123,4,133,5,9
skew,40472,121,4,131,5,9
skew,40473,122,4,132,5,9
skew,40474,127,4,137,5,9
skew,40475,128,4,138,5,9
skew,40476,132,4,142,5,9
skew,40477,133,4,143,5,9
skew,40478,138,4,148,5,9
skew,40479,139,4,149,5,9
skew,40480,101,3,111,4,9
skew,40481,111,4,121,5,9
skew,40482,116,4,126,5,9
skew,40483,117,4,127,5,9
skew,40484,121,4,131,5,9
skew,40485,122,4,132,5,9
skew,40486,127,4,137,5,9
skew,40487,128,4,138,5,9
skew,40488,126,4,136,5,9
skew,40489,127,4,137,5,9
skew,40490,132,4,142,5,9
skew,40491,133,4,143,5,9
skew,40492,137,4,147,5,9
skew,40493,138,4,148,5,9
skew,40494,143,4,153,5,9
skew,40495,144,4,154,5,9
skew,40496,102,3,112,4,9
skew,40497,112,4,122,5,9
skew,40498,117,4,127,5,9
skew,40499,118,4,128,5,9
skew,40500,122,4,132,5,9
skew,40501,123,4,133,5,9
skew,40502,128,4,138,5,9
skew,40503,129,4,139,5,9
skew,40504,127,4,137,5,9
skew,40505,128,4,138,5,9
skew,40506,133,4,143,5,9
skew,40507,134,4,144,5,9
skew,40508,138,4,148,5,9
skew,40509,139,4,149,5,9
skew,40510,144,4,154,5,9
skew,40511,145,4,155,5,9
skew,40512,106,3,116,4,9
skew,40513,116,4,126,5,9
skew,40514,121,4,131,5,9
skew,40515,122,4,132,5,9
skew,40516,126,4,136,5,9
skew,40517,127,4,137,5,9
skew,40518,132,4,142,5,9
skew,40519,133,4,143,5,9
skew,40520,131,4,141,5,9
skew,40521,132,4,142,5,9
skew,40522,137,4,147,5,9
skew,40523,138,4,148,5,9
skew,40524,142,4,152,5,9
skew,40525,143,4,153,5,9
skew,40526,148,4,158,5,9
skew,40527,149,4,159,5,9
skew,40528,107,3,117,4,9
skew,40529,117,4,127,5,9
skew,40530,122,4,132,5,9
skew,40531,123,4,133,5,9
skew,40532,127,4,137,5,9
skew,40533,128,4,138,5,9
skew,40534,133,4,143,5,9
skew,40535,134,4,144,5,9
skew,40536,132,4,142,5,9
skew,40537,133,4,143,5,9
skew,40538,138,4,148,5,9
skew,40539,139,4,149,5,9
skew,40540,143,4,153,5,9
skew,40541,144,4,154,5,9
skew,40542,149,4,159,5,9
skew,40543,150,4,160,5,9
skew,40544,112,3,122,4,9
skew,40545,122,4,132,5,9
skew,40546,127,4,137,5,9
skew,40547,128,4,138,5,9
skew,40548,132,4,142,5,9
skew,40549,133,4,143,5,9
skew,40550,138,4,148,5,9
skew,40551,139,4,149,5,9
skew,40552,137,4,147,5,9
skew,40553,138,4,148,5,9
skew,40554,143,4,153,5,9
skew,40555,144,4,154,5,9
skew,40556,148,4,158,5,9
skew,40557,149,4,159,5,9
skew,40558,154,4,164,5,9
skew,40559,155,4,165,5,9
skew,40560,113,3,123,4,9
skew,40561,123,4,133,5,9
skew,40562,128,4,138,5,9
skew,40563,129,4,139,5,9
skew,40564,133,4,143,5,9
skew,40565,134,4,144,5,9
skew,40566,139,4,149,5,9
skew,40567,140,4,150,5,9
skew,40568,138,4,148,5,9
skew,40569,139,4,149,5,9
skew,40570,144,4,154,5,9
skew,40571,145,4,155,5,9
skew,40572,149,4,159,5,9
skew,40573,150,4,160,5,9
skew,40574,155,4,165,5,9
skew,40575,156,4,166,5,9
skew,40576,98,3,98,3,11
skew,40577,108,4,108,4,11
skew,40578,113,4,113,4,11
skew,40579,114,4,114,4,11
skew,40580,118,4,118,4,11
skew,40581,119,4,119,4,11
skew,40582,124,4,124,4,11
skew,40583,125,4,125,4,11
skew,40584,100,3,100,3,13
skew,40585,110,4,110,4,13
skew,40586,115,4,115,4,13
skew,40587,116,4,116,4,13
skew,40588,120,4,120,4,13
skew,40589,121,4,121,4,13
skew,40590,126,4,126,4,13
skew,40591,127,4,127,4,13
skew,40592,111,4,111,4,11
skew,40593,121,5,121,5,11
skew,40594,126,5,126,5,11
skew,40595,127,5,127,5,11
skew,40596,131,5,131,5,11
skew,40597,132,5,132,5,11
skew,40598,137,5,137,5,11
skew,40599,138,5,138,5,11
skew,40600,113,4,113,4,13
skew,40601,123,5,123,5,13
skew,40602,128,5,128,5,13
skew,40603,129,5,129,5,13
skew,40604,133,5,133,5,13
skew,40605,134,5,134,5,13
skew,40606,139,5,139,5,13
skew,40607,140,5,140,5,13
skew,40608,116,4,116,4,11
skew,40609,126,5,126,5,11
skew,40610,131,5,131,5,11
skew,40611,132,5,132,5,11
skew,40612,136,5,136,5,11
skew,40613,137,5,137,5,11
skew,40614,142,5,142,5,11
skew,40615,143,5,143,5,11
skew,40616,118,4,118,4,13
skew,40617,128,5,128,5,13
skew,40618,133,5,133,5,13
skew,40619,134,5,134,5,13
skew,40620,138,5,138,5,13
skew,40621,139,5,139,5,13
skew,40622,144,5,144,5,13
skew,40623,145,5,145,5,13
skew,40624,117,4,117,4,11
skew,40625,127,5,127,5,11
skew,40626,132,5,132,5,11
skew,40627,133,5,133,5,11
skew,40628,137,5,137,5,11
skew,40629,138,5,138,5,11
skew,40630,143,5,143,5,11
skew,40631,144,5,144,5,11
skew,40632,119,4,119,4,13
skew,40633,129,5,129,5,13
skew,40634,134,5,134,5,13
skew,40635,135,5,135,5,13
skew,40636,139,5,139,5,13
skew,40637,140,5,140,5,13
skew,40638,145,5,145,5,13
skew,40639,146,5,146,5,13
skew,40640,121,4,121,4,11
skew,40641,131,5,131,5,11
skew,40642,136,5,136,5,11
skew,40643,137,5,137,5,11
skew,40644,141,5,141,5,11
skew,40645,142,5,142,5,11
skew,40646,147,5,147,5,11
skew,40647,148,5,148,5,11
skew,40648,123,4,123,4,13
skew,40649,133,5,133,5,13
skew,40650,138,5,138,5,13
skew,40651,139,5,139,5,13
skew,40652,143,5,143,5,13
skew,40653,144,5,144,5,13
skew,40654,149,5,149,5,13
skew,40655,150,5,150,5,13
skew,40656,122,4,122,4,11
skew,40657,132,5,132,5,11
skew,40658,137,5,137,5,11
skew,40659,138,5,138,5,11
skew,40660,142,5,142,5,11
skew,40661,143,5,143,5,11
skew,40662,148,5,148,5,11
skew,40663,149,5,149,5,11
skew,40664,124,4,124,4,13
skew,40665,134,5,134,5,13
skew,40666,139,5,139,5,13
skew,40667,140,5,140,5,13
skew,40668,144,5,144,5,13
skew,40669,145,5,145,5,13
skew,40670,150,5,150,5,13
skew,40671,151,5,151,5,13
skew,40672,127,4,127,4,11
skew,40673,137,5,137,5,11
skew,40674,142,5,142,5,11
skew,40675,143,5,143,5,11
skew,40676,147,5,147,5,11
skew,40677,148,5,148,5,11
skew,40678,153,5,153,5,11
skew,40679,154,5,154,5,11
skew,40680,129,4,129,4,13
skew,40681,139,5,139,5,13
skew,40682,144,5,144,5,13
skew,40683,145,5,145,5,13
skew,40684,149,5,149,5,13
skew,40685,150,5,150,5,13
skew,40686,155,5,155,5,13
skew,40687,156,5,156,5,13
skew,40688,128,4,128,4,11
skew,40689,138,5,138,5,11
skew,40690,143,5,143,5,11
skew,40691,144,5,144,5,11
skew,40692,148,5,148,5,11
skew,40693,149,5,149,5,11
skew,40694,154,5,154,5,11
skew,40695,155,5,155,5,11
skew,40696,130,4,130,4,13
skew,40697,140,5,140,5,13
skew,40698,145,5,145,5,13
skew,40699,146,5,146,5,13
skew,40700,150,5,150,5,13
skew,40701,151,5,151,5,13
skew,40702,156,5,156,5,13
skew,40703,157,5,157,5,13
skew,40704,75,2,75,2,9
skew,40705,85,3,85,3,9
skew,40706,90,3,90,3,9
skew,40707,91,3,91,3,9
skew,40708,95,3,95,3,9
skew,40709,96,3,96,3,9
skew,40710,101,3,101,3,9
skew,40711,102,3,102,3,9
skew,40712,100,3,100,3,9
skew,40713,101,3,101,3,9
skew,40714,106,3,106,3,9
skew,40715,107,3,107,3,9
skew,40716,111,3,111,3,9
skew,40717,112,3,112,3,9
skew,40718,117,3,117,3,9
skew,40719,118,3,118,3,9
skew,40720,88,3,106,3,13
skew,40721,98,4,108,3,15
skew,40722,103,4,121,4,13
skew,40723,104,4,123,4,15
skew,40724,108,4,126,4,13
skew,40725,109,4,128,4,15
skew,40726,114,4,132,4,13
skew,40727,115,4,134,4,15
skew,40728,113,4,131,4,13
skew,40729,114,4,133,4,15
skew,40730,119,4,137,4,13
skew,40731,120,4,139,4,15
skew,40732,124,4,142,4,13
skew,40733,125,4,144,4,15
skew,40734,130,4,148,4,13
skew,40735,131,4,150,4,15
skew,40736,93,3,93,3,9
skew,40737,103,4,103,4,9
skew,40738,108,4,108,4,9
skew,40739,109,4,109,4,9
skew,40740,113,4,113,4,9
skew,40741,114,4,114,4,9
skew,40742,119,4,119,4,9
skew,40743,120,4,120,4,9
skew,40744,118,4,118,4,9
skew,40745,119,4,119,4,9
skew,40746,124,4,124,4,9
skew,40747,125,4,125,4,9
skew,40748,129,4,129,4,9
skew,40749,130,4,130,4,9
skew,40750,135,4,135,4,9
skew,40751,136,4,136,4,9
skew,40752,94,3,124,4,13
skew,40753,104,4,126,4,15
skew,40754,109,4,139,5,13
skew,40755,110,4,141,5,15
skew,40756,114,4,144,5,13
skew,40757,115,4,146,5,15
skew,40758,120,4,150,5,13
skew,40759,121,4,152,5,15
skew,40760,119,4,149,5,13
skew,40761,120,4,151,5,15
skew,40762,125,4,155,5,13
skew,40763,126,4,157,5,15
skew,40764,130,4,160,5,13
skew,40765,131,4,162,5,15
skew,40766,136,4,166,5,13
skew,40767,137,4,168,5,15
skew,40768,98,3,98,3,9
skew,40769,108,4,108,4,9
skew,40770,113,4,113,4,9
skew,40771,114,4,114,4,9
skew,40772,118,4,118,4,9
skew,40773,119,4,119,4,9
skew,40774,124,4,124,4,9
skew,40775,125,4,125,4,9
skew,40776,123,4,123,4,9
skew,40777,124,4,124,4,9
skew,40778,129,4,129,4,9
skew,40779,130,4,130,4,9
skew,40780,134,4,134,4,9
skew,40781,135,4,135,4,9
skew,40782,140,4,140,4,9
skew,40783,141,4,141,4,9
skew,40784,99,3,129,4,13
skew,40785,109,4,131,4,15
skew,40786,114,4,144,5,13
skew,40787,115,4,146,5,15
skew,40788,119,4,149,5,13
skew,40789,120,4,151,5,15
skew,40790,125,4,155,5,13
skew,40791,126,4,157,5,15
skew,40792,124,4,154,5,13
skew,40793,125,4,156,5,15
skew,40794,130,4,160,5,13
skew,40795,131,4,162,5,15
skew,40796,135,4,165,5,13
skew,40797,136,4,167,5,15
skew,40798,141,4,171,5,13
skew,40799,142,4,173,5,15
skew,40800,104,3,104,3,9
skew,40801,114,4,114,4,9
skew,40802,119,4,119,4,9
skew,40803,120,4,120,4,9
skew,40804,124,4,124,4,9
skew,40805,125,4,125,4,9
skew,40806,130,4,130,4,9
skew,40807,131,4,131,4,9
skew,40808,129,4,129,4,9
skew,40809,130,4,130,4,9
skew,40810,135,4,135,4,9
skew,40811,136,4,136,4,9
skew,40812,140,4,140,4,9
skew,40813,141,4,141,4,9
skew,40814,146,4,146,4,9
skew,40815,147,4,147,4,9
skew,40816,105,3,135,4,13
skew,40817,115,4,137,4,15
skew,40818,120,4,150,5,13
skew,40819,121,4,152,5,15
skew,40820,125,4,155,5,13
skew,40821,126,4,157,5,15
skew,40822,131,4,161,5,13
skew,40823,132,4,163,5,15
skew,40824,130,4,160,5,13
skew,40825,131,4,162,5,15
skew,40826,136,4,166,5,13
skew,40827,137,4,168,5,15
skew,40828,141,4,171,5,13
skew,40829,142,4,173,5,15
skew,40830,147,4,177,5,13
skew,40831,148,4,179,5,15
skew,40832,99,3,106,3,13
skew,40833,109,4,116,4,13
skew,40834,114,4,121,4,13
skew,40835,115,4,122,4,13
skew,40836,119,4,126,4,13
skew,40837,120,4,127,4,13
skew,40838,125,4,132,4,13
skew,40839,126,4,133,4,13
skew,40840,101,3,108,3,15
skew,40841,111,4,118,4,15
skew,40842,116,4,123,4,15
skew,40843,117,4,124,4,15
skew,40844,121,4,128,4,15
skew,40845,122,4,129,4,15
skew,40846,127,4,134,4,15
skew,40847,128,4,135,4,15
skew,40848,80,2,80,2,11
skew,40849,90,3,113,3,17
skew,40850,95,3,95,3,11
skew,40851,96,3,128,4,17
skew,40852,100,3,100,3,11
skew,40853,101,3,133,4,17
skew,40854,106,3,106,3,11
skew,40855,107,3,139,4,17
skew,40856,105,3,113,3,17
skew,40857,82,2,82,2,13
skew,40858,111,3,128,4,17
skew,40859,97,3,97,3,13
skew,40860,116,3,133,4,17
skew,40861,102,3,102,3,13
skew,40862,122,3,139,4,17
skew,40863,108,3,108,3,13
skew,40864,109,3,124,4,13
skew,40865,119,4,134,5,13
skew,40866,124,4,139,5,13
skew,40867,125,4,140,5,13
skew,40868,129,4,144,5,13
skew,40869,130,4,145,5,13
skew,40870,135,4,150,5,13
skew,40871,136,4,151,5,13
skew,40872,119,4,126,4,15
skew,40873,129,5,136,5,15
skew,40874,134,5,141,5,15
skew,40875,135,5,142,5,15
skew,40876,139,5,146,5,15
skew,40877,140,5,147,5,15
skew,40878,145,5,152,5,15
skew,40879,146,5,153,5,15
skew,40880,98,3,98,3,11
skew,40881,108,4,131,4,17
skew,40882,113,4,113,4,11
skew,40883,114,4,146,5,17
skew,40884,118,4,118,4,11
skew,40885,119,4,151,5,17
skew,40886,124,4,124,4,11
skew,40887,125,4,157,5,17
skew,40888,120,4,131,4,17
skew,40889,100,3,100,3,13
skew,40890,129,4,146,5,17
skew,40891,115,4,115,4,13
skew,40892,134,4,151,5,17
skew,40893,120,4,120,4,13
skew,40894,140,4,157,5,17
skew,40895,126,4,126,4,13
skew,40896,114,3,129,4,13
skew,40897,124,4,139,5,13
skew,40898,129,4,144,5,13
skew,40899,130,4,145,5,13
skew,40900,134,4,149,5,13
skew,40901,135,4,150,5,13
skew,40902,140,4,155,5,13
skew,40903,141,4,156,5,13
skew,40904,124,4,131,4,15
skew,40905,134,5,141,5,15
skew,40906,139,5,146,5,15
skew,40907,140,5,147,5,15
skew,40908,144,5,151,5,15
skew,40909,145,5,152,5,15
skew,40910,150,5,157,5,15
skew,40911,151,5,158,5,15
skew,40912,103,3,103,3,11
skew,40913,113,4,136,4,17
skew,40914,118,4,118,4,11
skew,40915,119,4,151,5,17
skew,40916,123,4,123,4,11
skew,40917,124,4,156,5,17
skew,40918,129,4,129,4,11
skew,40919,130,4,162,5,17
skew,40920,125,4,136,4,17
skew,40921,105,3,105,3,13
skew,40922,134,4,151,5,17
skew,40923,120,4,120,4,13
skew,40924,139,4,156,5,17
skew,40925,125,4,125,4,13
skew,40926,145,4,162,5,17
skew,40927,131,4,131,4,13
skew,40928,120,3,135,4,13
skew,40929,130,4,145,5,13
skew,40930,135,4,150,5,13
skew,40931,136,4,151,5,13
skew,40932,140,4,155,5,13
skew,40933,141,4,156,5,13
skew,40934,146,4,161,5,13
skew,40935,147,4,162,5,13
skew,40936,130,4,137,4,15
skew,40937,140,5,147,5,15
skew,40938,145,5,152,5,15
skew,40939,146,5,153,5,15
skew,40940,150,5,157,5,15
skew,40941,151,5,158,5,15
skew,40942,156,5,163,5,15
skew,40943,157,5,164,5,15
skew,40944,109,3,109,3,11
skew,40945,119,4,142,4,17
skew,40946,124,4,124,4,11
skew,40947,125,4,157,5,17
skew,40948,129,4,129,4,11
skew,40949,130,4,162,5,17
skew,40950,135,4,135,4,11
skew,40951,136,4,168,5,17
skew,40952,131,4,142,4,17
skew,40953,111,3,111,3,13
skew,40954,140,4,157,5,17
skew,40955,126,4,126,4,13
skew,40956,145,4,162,5,17
skew,40957,131,4,131,4,13
skew,40958,151,4,168,5,17
skew,40959,137,4,137,4,13
large_integer,32768,1226708480901685182473,1,1226708480901685182473,1,7
large_integer,32769,2453416961803370364937,2,2453416961803370364937,2,7
large_integer,32770,2453416961803370364939,2,2453416961803370364939,2,7
large_integer,32771,2462640333840225140747,2,2462640333840225140747,2,7
large_integer,32772,2453416961803370364941,2,2453416961803370364941,2,7
large_integer,32773,2462640333840225140749,2,2462640333840225140749,2,7
large_integer,32774,2462640333840225140751,2,2462640333840225140751,2,7
large_integer,32775,2471863705877079916559,2,2471863705877079916559,2,7
large_integer,32776,2453416961803370364943,2,2453416961803370364943,2,7
large_integer,32777,2462640333840225140751,2,2462640333840225140751,2,7
large_integer,32778,2462640333840225140753,2,2462640333840225140753,2,7
large_integer,32779,2471863705877079916561,2,2471863705877079916561,2,7
large_integer,32780,2462640333840225140755,2,2462640333840225140755,2,7
large_integer,32781,2471863705877079916563,2,2471863705877079916563,2,7
large_integer,32782,2471863705877079916565,2,2471863705877079916565,2,7
large_integer,32783,2481087077913934692373,2,2481087077913934692373,2,7
large_integer,32784,2453416961803370364938,2,2453416961803370364938,2,7
large_integer,32785,3680125442705055547402,3,3680125442705055547402,3,7
large_integer,32786,3680125442705055547404,3,3680125442705055547404,3,7
large_integer,32787,3689348814741910323212,3,3689348814741910323212,3,7
large_integer,32788,3680125442705055547406,3,3680125442705055547406,3,7
large_integer,32789,3689348814741910323214,3,3689348814741910323214,3,7
large_integer,32790,3689348814741910323216,3,3689348814741910323216,3,7
large_integer,32791,3698572186778765099024,3,3698572186778765099024,3,7
large_integer,32792,3680125442705055547408,3,3680125442705055547408,3,7
large_integer,32793,3689348814741910323216,3,3689348814741910323216,3,7
large_integer,32794,3689348814741910323218,3,3689348814741910323218,3,7
large_integer,32795,3698572186778765099026,3,3698572186778765099026,3,7
large_integer,32796,3689348814741910323220,3,3689348814741910323220,3,7
large_integer,32797,3698572186778765099028,3,3698572186778765099028,3,7
large_integer,32798,3698572186778765099030,3,3698572186778765099030,3,7
large_integer,32799,3707795558815619874838,3,3707795558815619874838,3,7
large_integer,32800,2453416961803370364940,2,2453416961803370364940,2,7
large_integer,32801,3680125442705055547404,3,3680125442705055547404,3,7
large_integer,32802,3680125442705055547406,3,3680125442705055547406,3,7
large_integer,32803,3689348814741910323214,3,3689348814741910323214,3,7
large_integer,32804,3680125442705055547408,3,3680125442705055547408,3,7
large_integer,32805,3689348814741910323216,3,3689348814741910323216,3,7
large_integer,32806,3689348814741910323218,3,3689348814741910323218,3,7
large_integer,32807,3698572186778765099026,3,3698572186778765099026,3,7
large_integer,32808,3680125442705055547410,3,3680125442705055547410,3,7
large_integer,32809,3689348814741910323218,3,3689348814741910323218,3,7
large_integer,32810,3689348814741910323220,3,3689348814741910323220,3,7
large_integer,32811,3698572186778765099028,3,3698572186778765099028,3,7
large_integer,32812,3689348814741910323222,3,3689348814741910323222,3,7
large_integer,32813,3698572186778765099030,3,3698572186778765099030,3,7
large_integer,32814,3698572186778765099032,3,3698572186778765099032,3,7
large_integer,32815,3707795558815619874840,3,3707795558815619874840,3,7
large_integer,32816,2462640333840225140748,2,2462640333840225140748,2,7
large_integer,32817,3689348814741910323212,3,3689348814741910323212,3,7
large_integer,32818,3689348814741910323214,3,3689348814741910323214,3,7
large_integer,32819,3698572186778765099022,3,3698572186778765099022,3,7
large_integer,32820,3689348814741910323216,3,3689348814741910323216,3,7
large_integer,32821,3698572186778765099024,3,3698572186778765099024,3,7
large_integer,32822,3698572186778765099026,3,3698572186778765099026,3,7
large_integer,32823,3707795558815619874834,3,3707795558815619874834,3,7
large_integer,32824,3689348814741910323218,3,3689348814741910323218,3,7
large_integer,32825,3698572186778765099026,3,3698572186778765099026,3,7
large_integer,32826,3698572186778765099028,3,3698572186778765099028,3,7
large_integer,32827,3707795558815619874836,3,3707795558815619874836,3,7
large_integer,32828,3698572186778765099030,3,3698572186778765099030,3,7
large_integer,32829,3707795558815619874838,3,3707795558815619874838,3,7
large_integer,32830,3707795558815619874840,3,3707795558815619874840,3,7
large_integer,32831,3717018930852474650648,3,3717018930852474650648,3,7
large_integer,32832,2453416961803370364942,2,2453416961803370364942,2,7
large_integer,32833,3680125442705055547406,3,3680125442705055547406,3,7
large_integer,32834,3680125442705055547408,3,3680125442705055547408,3,7
large_integer,32835,3689348814741910323216,3,3689348814741910323216,3,7
large_integer,32836,3680125442705055547410,3,3680125442705055547410,3,7
large_integer,32837,3689348814741910323218,3,3689348814741910323218,3,7
large_integer,32838,3689348814741910323220,3,3689348814741910323220,3,7
large_integer,32839,3698572186778765099028,3,3698572186778765099028,3,7
large_integer,32840,3680125442705055547412,3,3680125442705055547412,3,7
large_integer,32841,3689348814741910323220,3,3689348814741910323220,3,7
large_integer,32842,3689348814741910323222,3,3689348814741910323222,3,7
large_integer,32843,3698572186778765099030,3,3698572186778765099030,3,7
large_integer,32844,3689348814741910323224,3,3689348814741910323224,3,7
large_integer,32845,3698572186778765099032,3,3698572186778765099032,3,7
large_integer,32846,3698572186778765099034,3,3698572186778765099034,3,7
large_integer,32847,3707795558815619874842,3,3707795558815619874842,3,7
large_integer,32848,2462640333840225140750,2,2462640333840225140750,2,7
large_integer,32849,3689348814741910323214,3,3689348814741910323214,3,7
large_integer,32850,3689348814741910323216,3,3689348814741910323216,3,7
large_integer,32851,3698572186778765099024,3,3698572186778765099024,3,7
large_integer,32852,3689348814741910323218,3,3689348814741910323218,3,7
large_integer,32853,3698572186778765099026,3,3698572186778765099026,3,7
large_integer,32854,3698572186778765099028,3,3698572186778765099028,3,7
large_integer,32855,3707795558815619874836,3,3707795558815619874836,3,7
large_integer,32856,3689348814741910323220,3,3689348814741910323220,3,7
large_integer,32857,3698572186778765099028,3,3698572186778765099028,3,7
large_integer,32858,3698572186778765099030,3,3698572186778765099030,3,7
large_integer,32859,3707795558815619874838,3,3707795558815619874838,3,7
large_integer,32860,3698572186778765099032,3,3698572186778765099032,3,7
large_integer,32861,3707795558815619874840,3,3707795558815619874840,3,7
large_integer,32862,3707795558815619874842,3,3707795558815619874842,3,7
large_integer,32863,3717018930852474650650,3,3717018930852474650650,3,7
large_integer,32864,2462640333840225140752,2,2462640333840225140752,2,7
large_integer,32865,3689348814741910323216,3,3689348814741910323216,3,7
large_integer,32866,3689348814741910323218,3,3689348814741910323218,3,7
large_integer,32867,3698572186778765099026,3,3698572186778765099026,3,7
large_integer,32868,3689348814741910323220,3,3689348814741910323220,3,7
large_integer,32869,3698572186778765099028,3,3698572186778765099028,3,7
large_integer,32870,3698572186778765099030,3,3698572186778765099030,3,7
large_integer,32871,3707795558815619874838,3,3707795558815619874838,3,7
large_integer,32872,3689348814741910323222,3,3689348814741910323222,3,7
large_integer,32873,3698572186778765099030,3,3698572186778765099030,3,7
large_integer,32874,3698572186778765099032,3,3698572186778765099032,3,7
large_integer,32875,3707795558815619874840,3,3707795558815619874840,3,7
large_integer,32876,3698572186778765099034,3,3698572186778765099034,3,7
large_integer,32877,3707795558815619874842,3,3707795558815619874842,3,7
large_integer,32878,3707795558815619874844,3,3707795558815619874844,3,7
large_integer,32879,3717018930852474650652,3,3717018930852474650652,3,7
large_integer,32880,2471863705877079916560,2,2471863705877079916560,2,7
large_integer,32881,3698572186778765099024,3,3698572186778765099024,3,7
large_integer,32882,3698572186778765099026,3,3698572186778765099026,3,7
large_integer,32883,3707795558815619874834,3,3707795558815619874834,3,7
large_integer,32884,3698572186778765099028,3,3698572186778765099028,3,7
large_integer,32885,3707795558815619874836,3,3707795558815619874836,3,7
large_integer,32886,3707795558815619874838,3,3707795558815619874838,3,7
large_integer,32887,3717018930852474650646,3,3717018930852474650646,3,7
large_integer,32888,3698572186778765099030,3,3698572186778765099030,3,7
large_integer,32889,3707795558815619874838,3,3707795558815619874838,3,7
large_integer,32890,3707795558815619874840,3,3707795558815619874840,3,7
large_integer,32891,3717018930852474650648,3,3717018930852474650648,3,7
large_integer,32892,3707795558815619874842,3,3707795558815619874842,3,7
large_integer,32893,3717018930852474650650,3,3717018930852474650650,3,7
large_integer,32894,3717018930852474650652,3,3717018930852474650652,3,7
large_integer,32895,3726242302889329426460,3,3726242302889329426460,3,7
large_integer,32896,2453416961803370364944,2,2453416961803370364944,2,7
large_integer,32897,3680125442705055547408,3,3680125442705055547408,3,7
large_integer,32898,3680125442705055547410,3,3680125442705055547410,3,7
large_integer,32899,3689348814741910323218,3,3689348814741910323218,3,7
large_integer,32900,3680125442705055547412,3,3680125442705055547412,3,7
large_integer,32901,3689348814741910323220,3,3689348814741910323220,3,7
large_integer,32902,3689348814741910323222,3,3689348814741910323222,3,7
large_integer,32903,3698572186778765099030,3,3698572186778765099030,3,7
large_integer,32904,3680125442705055547414,3,3680125442705055547414,3,7
large_integer,32905,3689348814741910323222,3,3689348814741910323222,3,7
large_integer,32906,3689348814741910323224,3,3689348814741910323224,3,7
large_integer,32907,3698572186778765099032,3,3698572186778765099032,3,7
large_integer,32908,3689348814741910323226,3,3689348814741910323226,3,7
large_integer,32909,3698572186778765099034,3,3698572186778765099034,3,7
large_integer,32910,3698572186778765099036,3,3698572186778765099036,3,7
large_integer,32911,3707795558815619874844,3,3707795558815619874844,3,7
large_integer,32912,2462640333840225140752,2,2462640333840225140752,2,7
large_integer,32913,3689348814741910323216,3,3689348814741910323216,3,7
large_integer,32914,3689348814741910323218,3,3689348814741910323218,3,7
large_integer,32915,3698572186778765099026,3,3698572186778765099026,3,7
large_integer,32916,3689348814741910323220,3,3689348814741910323220,3,7
large_integer,32917,3698572186778765099028,3,3698572186778765099028,3,7
large_integer,32918,3698572186778765099030,3,3698572186778765099030,3,7
large_integer,32919,3707795558815619874838,3,3707795558815619874838,3,7
large_integer,32920,3689348814741910323222,3,3689348814741910323222,3,7
large_integer,32921,3698572186778765099030,3,3698572186778765099030,3,7
large_integer,32922,3698572186778765099032,3,3698572186778765099032,3,7
large_integer,32923,3707795558815619874840,3,3707795558815619874840,3,7
large_integer,32924,3698572186778765099034,3,3698572186778765099034,3,7
large_integer,32925,3707795558815619874842,3,3707795558815619874842,3,7
large_integer,32926,3707795558815619874844,3,3707795558815619874844,3,7
large_integer,32927,3717018930852474650652,3,3717018930852474650652,3,7
large_integer,32928,2462640333840225140754,2,2462640333840225140754,2,7
large_integer,32929,3689348814741910323218,3,3689348814741910323218,3,7
large_integer,32930,3689348814741910323220,3,3689348814741910323220,3,7
large_integer,32931,3698572186778765099028,3,3698572186778765099028,3,7
large_integer,32932,3689348814741910323222,3,3689348814741910323222,3,7
large_integer,32933,3698572186778765099030,3,3698572186778765099030,3,7
large_integer,32934,3698572186778765099032,3,3698572186778765099032,3,7
large_integer,32935,3707795558815619874840,3,3707795558815619874840,3,7
large_integer,32936,3689348814741910323224,3,3689348814741910323224,3,7
large_integer,32937,3698572186778765099032,3,3698572186778765099032,3,7
large_integer,32938,3698572186778765099034,3,3698572186778765099034,3,7
large_integer,32939,3707795558815619874842,3,3707795558815619874842,3,7
large_integer,32940,3698572186778765099036,3,3698572186778765099036,3,7
large_integer,32941,3707795558815619874844,3,3707795558815619874844,3,7
large_integer,32942,3707795558815619874846,3,3707795558815619874846,3,7
large_integer,32943,3717018930852474650654,3,3717018930852474650654,3,7
large_integer,32944,2471863705877079916562,2,2471863705877079916562,2,7
large_integer,32945,3698572186778765099026,3,3698572186778765099026,3,7
large_integer,32946,3698572186778765099028,3,3698572186778765099028,3,7
large_integer,32947,3707795558815619874836,3,3707795558815619874836,3,7
large_integer,32948,3698572186778765099030,3,3698572186778765099030,3,7
large_integer,32949,3707795558815619874838,3,3707795558815619874838,3,7
large_integer,32950,3707795558815619874840,3,3707795558815619874840,3,7
large_integer,32951,3717018930852474650648,3,3717018930852474650648,3,7
large_integer,32952,3698572186778765099032,3,3698572186778765099032,3,7
large_integer,32953,3707795558815619874840,3,3707795558815619874840,3,7
large_integer,32954,3707795558815619874842,3,3707795558815619874842,3,7
large_integer,32955,3717018930852474650650,3,3717018930852474650650,3,7
large_integer,32956,3707795558815619874844,3,3707795558815619874844,3,7
large_integer,32957,3717018930852474650652,3,3717018930852474650652,3,7
large_integer,32958,3717018930852474650654,3,3717018930852474650654,3,7
large_integer,32959,3726242302889329426462,3,3726242302889329426462,3,7
large_integer,32960,2462640333840225140756,2,2462640333840225140756,2,7
large_integer,32961,3689348814741910323220,3,3689348814741910323220,3,7
large_integer,32962,3689348814741910323222,3,3689348814741910323222,3,7
large_integer,32963,3698572186778765099030,3,3698572186778765099030,3,7
large_integer,32964,3689348814741910323224,3,3689348814741910323224,3,7
large_integer,32965,3698572186778765099032,3,3698572186778765099032,3,7
large_integer,32966,3698572186778765099034,3,3698572186778765099034,3,7
large_integer,32967,3707795558815619874842,3,3707795558815619874842,3,7
large_integer,32968,3689348814741910323226,3,3689348814741910323226,3,7
large_integer,32969,3698572186778765099034,3,3698572186778765099034,3,7
large_integer,32970,3698572186778765099036,3,3698572186778765099036,3,7
large_integer,32971,3707795558815619874844,3,3707795558815619874844,3,7
large_integer,32972,3698572186778765099038,3,3698572186778765099038,3,7
large_integer,32973,3707795558815619874846,3,3707795558815619874846,3,7
large_integer,32974,3707795558815619874848,3,3707795558815619874848,3,7
large_integer,32975,3717018930852474650656,3,3717018930852474650656,3,7
large_integer,32976,2471863705877079916564,2,2471863705877079916564,2,7
large_integer,32977,3698572186778765099028,3,3698572186778765099028,3,7
large_integer,32978,3698572186778765099030,3,3698572186778765099030,3,7
large_integer,32979,3707795558815619874838,3,3707795558815619874838,3,7
large_integer,32980,3698572186778765099032,3,3698572186778765099032,3,7
large_integer,32981,3707795558815619874840,3,3707795558815619874840,3,7
large_integer,32982,3707795558815619874842,3,3707795558815619874842,3,7
large_integer,32983,3717018930852474650650,3,3717018930852474650650,3,7
large_integer,32984,3698572186778765099034,3,3698572186778765099034,3,7
large_integer,32985,3707795558815619874842,3,3707795558815619874842,3,7
large_integer,32986,3707795558815619874844,3,3707795558815619874844,3,7
large_integer,32987,3717018930852474650652,3,3717018930852474650652,3,7
large_integer,32988,3707795558815619874846,3,3707795558815619874846,3,7
large_integer,32989,3717018930852474650654,3,3717018930852474650654,3,7
large_integer,32990,3717018930852474650656,3,3717018930852474650656,3,7
large_integer,32991,3726242302889329426464,3,3726242302889329426464,3,7
large_integer,32992,2471863705877079916566,2,2471863705877079916566,2,7
large_integer,32993,3698572186778765099030,3,3698572186778765099030,3,7
large_integer,32994,3698572186778765099032,3,3698572186778765099032,3,7
large_integer,32995,3707795558815619874840,3,3707795558815619874840,3,7
large_integer,32996,3698572186778765099034,3,3698572186778765099034,3,7
large_integer,32997,3707795558815619874842,3,3707795558815619874842,3,7
large_integer,32998,3707795558815619874844,3,3707795558815619874844,3,7
large_integer,32999,3717018930852474650652,3,3717018930852474650652,3,7
large_integer,33000,3698572186778765099036,3,3698572186778765099036,3,7
large_integer,33001,3707795558815619874844,3,3707795558815619874844,3,7
large_integer,33002,3707795558815619874846,3,3707795558815619874846,3,7
large_integer,33003,3717018930852474650654,3,3717018930852474650654,3,7
large_integer,33004,3707795558815619874848,3,3707795558815619874848,3,7
large_integer,33005,3717018930852474650656,3,3717018930852474650656,3,7
large_integer,33006,3717018930852474650658,3,3717018930852474650658,3,7
large_integer,33007,3726242302889329426466,3,3726242302889329426466,3,7
large_integer,33008,2481087077913934692374,2,2481087077913934692374,2,7
large_integer,33009,3707795558815619874838,3,3707795558815619874838,3,7
large_integer,33010,3707795558815619874840,3,3707795558815619874840,3,7
large_integer,33011,3717018930852474650648,3,3717018930852474650648,3,7
large_integer,33012,3707795558815619874842,3,3707795558815619874842,3,7
large_integer,33013,3717018930852474650650,3,3717018930852474650650,3,7
large_integer,33014,3717018930852474650652,3,3717018930852474650652,3,7
large_integer,33015,3726242302889329426460,3,3726242302889329426460,3,7
large_integer,33016,3707795558815619874844,3,3707795558815619874844,3,7
large_integer,33017,3717018930852474650652,3,3717018930852474650652,3,7
large_integer,33018,3717018930852474650654,3,3717018930852474650654,3,7
large_integer,33019,3726242302889329426462,3,3726242302889329426462,3,7
large_integer,33020,3717018930852474650656,3,3717018930852474650656,3,7
large_integer,33021,3726242302889329426464,3,3726242302889329426464,3,7
large_integer,33022,3726242302889329426466,3,3726242302889329426466,3,7
large_integer,33023,3735465674926184202274,3,3735465674926184202274,3,7
large_integer,33024,2453416961803370364939,2,2453416961803370364939,2,7
large_integer,33025,3680125442705055547403,3,3680125442705055547403,3,7
large_integer,33026,3680125442705055547405,3,3680125442705055547405,3,7
large_integer,33027,3689348814741910323213,3,3689348814741910323213,3,7
large_integer,33028,3680125442705055547407,3,3680125442705055547407,3,7
large_integer,33029,3689348814741910323215,3,3689348814741910323215,3,7
large_integer,33030,3689348814741910323217,3,3689348814741910323217,3,7
large_integer,33031,3698572186778765099025,3,3698572186778765099025,3,7
large_integer,33032,3680125442705055547409,3,3680125442705055547409,3,7
large_integer,33033,3689348814741910323217,3,3689348814741910323217,3,7
large_integer,33034,3689348814741910323219,3,3689348814741910323219,3,7
large_integer,33035,3698572186778765099027,3,3698572186778765099027,3,7
large_integer,33036,3689348814741910323221,3,3689348814741910323221,3,7
large_integer,33037,3698572186778765099029,3,3698572186778765099029,3,7
large_integer,33038,3698572186778765099031,3,3698572186778765099031,3,7
large_integer,33039,3707795558815619874839,3,3707795558815619874839,3,7
large_integer,33040,3680125442705055547404,3,3680125442705055547404,3,7
large_integer,33041,4906833923606740729868,4,4906833923606740729868,4,7
large_integer,33042,4906833923606740729870,4,4906833923606740729870,4,7
large_integer,33043,4916057295643595505678,4,4916057295643595505678,4,7
large_integer,33044,4906833923606740729872,4,4906833923606740729872,4,7
large_integer,33045,4916057295643595505680,4,4916057295643595505680,4,7
large_integer,33046,4916057295643595505682,4,4916057295643595505682,4,7
large_integer,33047,4925280667680450281490,4,4925280667680450281490,4,7
large_integer,33048,4906833923606740729874,4,4906833923606740729874,4,7
large_integer,33049,4916057295643595505682,4,4916057295643595505682,4,7
large_integer,33050,4916057295643595505684,4,4916057295643595505684,4,7
large_integer,33051,4925280667680450281492,4,4925280667680450281492,4,7
large_integer,33052,4916057295643595505686,4,4916057295643595505686,4,7
large_integer,33053,4925280667680450281494,4,4925280667680450281494,4,7
large_integer,33054,4925280667680450281496,4,4925280667680450281496,4,7
large_integer,33055,4934504039717305057304,4,4934504039717305057304,4,7
large_integer,33056,3680125442705055547406,3,3680125442705055547406,3,7
large_integer,33057,4906833923606740729870,4,4906833923606740729870,4,7
large_integer,33058,4906833923606740729872,4,4906833923606740729872,4,7
large_integer,33059,4916057295643595505680,4,4916057295643595505680,4,7
large_integer,33060,4906833923606740729874,4,4906833923606740729874,4,7
large_integer,33061,4916057295643595505682,4,4916057295643595505682,4,7
large_integer,33062,4916057295643595505684,4,4916057295643595505684,4,7
large_integer,33063,4925280667680450281492,4,4925280667680450281492,4,7
large_integer,33064,4906833923606740729876,4,4906833923606740729876,4,7
large_integer,33065,4916057295643595505684,4,4916057295643595505684,4,7
large_integer,33066,4916057295643595505686,4,4916057295643595505686,4,7
large_integer,33067,4925280667680450281494,4,4925280667680450281494,4,7
large_integer,33068,4916057295643595505688,4,4916057295643595505688,4,7
large_integer,33069,4925280667680450281496,4,4925280667680450281496,4,7
large_integer,33070,4925280667680450281498,4,4925280667680450281498,4,7
large_integer,33071,4934504039717305057306,4,4934504039717305057306,4,7
large_integer,33072,3689348814741910323214,3,3689348814741910323214,3,7
large_integer,33073,4916057295643595505678,4,4916057295643595505678,4,7
large_integer,33074,4916057295643595505680,4,4916057295643595505680,4,7
large_integer,33075,4925280667680450281488,4,4925280667680450281488,4,7
large_integer,33076,4916057295643595505682,4,4916057295643595505682,4,7
large_integer,33077,4925280667680450281490,4,4925280667680450281490,4,7
large_integer,33078,4925280667680450281492,4,4925280667680450281492,4,7
large_integer,33079,4934504039717305057300,4,4934504039717305057300,4,7
large_integer,33080,4916057295643595505684,4,4916057295643595505684,4,7
large_integer,33081,4925280667680450281492,4,4925280667680450281492,4,7
large_integer,33082,4925280667680450281494,4,4925280667680450281494,4,7
large_integer,33083,4934504039717305057302,4,4934504039717305057302,4,7
large_integer,33084,4925280667680450281496,4,4925280667680450281496,4,7
large_integer,33085,4934504039717305057304,4,4934504039717305057304,4,7
large_integer,33086,4934504039717305057306,4,4934504039717305057306,4,7
large_integer,33087,4943727411754159833114,4,4943727411754159833114,4,7
large_integer,33088,3680125442705055547408,3,3680125442705055547408,3,7
large_integer,33089,4906833923606740729872,4,4906833923606740729872,4,7
large_integer,33090,4906833923606740729874,4,4906833923606740729874,4,7
large_integer,33091,4916057295643595505682,4,4916057295643595505682,4,7
large_integer,33092,4906833923606740729876,4,4906833923606740729876,4,7
large_integer,33093,4916057295643595505684,4,4916057295643595505684,4,7
large_integer,33094,4916057295643595505686,4,4916057295643595505686,4,7
large_integer,33095,4925280667680450281494,4,4925280667680450281494,4,7
large_integer,33096,4906833923606740729878,4,4906833923606740729878,4,7
large_integer,33097,4916057295643595505686,4,4916057295643595505686,4,7
large_integer,33098,4916057295643595505688,4,4916057295643595505688,4,7
large_integer,33099,4925280667680450281496,4,4925280667680450281496,4,7
large_integer,33100,4916057295643595505690,4,4916057295643595505690,4,7
large_integer,33101,4925280667680450281498,4,4925280667680450281498,4,7
large_integer,33102,4925280667680450281500,4,4925280667680450281500,4,7
large_integer,33103,4934504039717305057308,4,4934504039717305057308,4,7
large_integer,33104,3689348814741910323216,3,3689348814741910323216,3,7
large_integer,33105,4916057295643595505680,4,4916057295643595505680,4,7
large_integer,33106,4916057295643595505682,4,4916057295643595505682,4,7
large_integer,33107,4925280667680450281490,4,4925280667680450281490,4,7
large_integer,33108,4916057295643595505684,4,4916057295643595505684,4,7
large_integer,33109,4925280667680450281492,4,4925280667680450281492,4,7
large_integer,33110,4925280667680450281494,4,4925280667680450281494,4,7
large_integer,33111,4934504039717305057302,4,4934504039717305057302,4,7
large_integer,33112,4916057295643595505686,4,4916057295643595505686,4,7
large_integer,33113,4925280667680450281494,4,4925280667680450281494,4,7
large_integer,33114,4925280667680450281496,4,4925280667680450281496,4,7
large_integer,33115,4934504039717305057304,4,4934504039717305057304,4,7
large_integer,33116,4925280667680450281498,4,4925280667680450281498,4,7
large_integer,33117,4934504039717305057306,4,4934504039717305057306,4,7
large_integer,33118,4934504039717305057308,4,4934504039717305057308,4,7
large_integer,33119,4943727411754159833116,4,4943727411754159833116,4,7
large_integer,33120,3689348814741910323218,3,3689348814741910323218,3,7
large_integer,33121,4916057295643595505682,4,4916057295643595505682,4,7
large_integer,33122,4916057295643595505684,4,4916057295643595505684,4,7
large_integer,33123,4925280667680450281492,4,4925280667680450281492,4,7
large_integer,33124,4916057295643595505686,4,4916057295643595505686,4,7
large_integer,33125,4925280667680450281494,4,4925280667680450281494,4,7
large_integer,33126,4925280667680450281496,4,4925280667680450281496,4,7
large_integer,33127,4934504039717305057304,4,4934504039717305057304,4,7
large_integer,33128,4916057295643595505688,4,4916057295643595505688,4,7
large_integer,33129,4925280667680450281496,4,4925280667680450281496,4,7
large_integer,33130,4925280667680450281498,4,4925280667680450281498,4,7
large_integer,33131,4934504039717305057306,4,4934504039717305057306,4,7
large_integer,33132,4925280667680450281500,4,4925280667680450281500,4,7
large_integer,33133,4934504039717305057308,4,4934504039717305057308,4,7
large_integer,33134,4934504039717305057310,4,4934504039717305057310,4,7
large_integer,33135,4943727411754159833118,4,4943727411754159833118,4,7
large_integer,33136,3698572186778765099026,3,3698572186778765099026,3,7
large_integer,33137,4925280667680450281490,4,4925280667680450281490,4,7
large_integer,33138,4925280667680450281492,4,4925280667680450281492,4,7
large_integer,33139,4934504039717305057300,4,4934504039717305057300,4,7
large_integer,33140,4925280667680450281494,4,4925280667680450281494,4,7
large_integer,33141,4934504039717305057302,4,4934504039717305057302,4,7
large_integer,33142,4934504039717305057304,4,4934504039717305057304,4,7
large_integer,33143,4943727411754159833112,4,4943727411754159833112,4,7
large_integer,33144,4925280667680450281496,4,4925280667680450281496,4,7
large_integer,33145,4934504039717305057304,4,4934504039717305057304,4,7
large_integer,33146,4934504039717305057306,4,4934504039717305057306,4,7
large_integer,33147,4943727411754159833114,4,4943727411754159833114,4,7
large_integer,33148,4934504039717305057308,4,4934504039717305057308,4,7
large_integer,33149,4943727411754159833116,4,4943727411754159833116,4,7
large_integer,33150,4943727411754159833118,4,4943727411754159833118,4,7
large_integer,33151,4952950783791014608926,4,4952950783791014608926,4,7
large_integer,33152,3680125442705055547410,3,3680125442705055547410,3,7
large_integer,33153,4906833923606740729874,4,4906833923606740729874,4,7
large_integer,33154,4906833923606740729876,4,4906833923606740729876,4,7
large_integer,33155,4916057295643595505684,4,4916057295643595505684,4,7
large_integer,33156,4906833923606740729878,4,4906833923606740729878,4,7
large_integer,33157,4916057295643595505686,4,4916057295643595505686,4,7
large_integer,33158,4916057295643595505688,4,4916057295643595505688,4,7
large_integer,33159,4925280667680450281496,4,4925280667680450281496,4,7
large_integer,33160,4906833923606740729880,4,4906833923606740729880,4,7
large_integer,33161,4916057295643595505688,4,4916057295643595505688,4,7
large_integer,33162,4916057295643595505690,4,4916057295643595505690,4,7
large_integer,33163,4925280667680450281498,4,4925280667680450281498,4,7
large_integer,33164,4916057295643595505692,4,4916057295643595505692,4,7
large_integer,33165,4925280667680450281500,4,4925280667680450281500,4,7
large_integer,33166,4925280667680450281502,4,4925280667680450281502,4,7
large_integer,33167,4934504039717305057310,4,4934504039717305057310,4,7
large_integer,33168,3689348814741910323218,3,3689348814741910323218,3,7
large_integer,33169,4916057295643595505682,4,4916057295643595505682,4,7
large_integer,33170,4916057295643595505684,4,4916057295643595505684,4,7
large_integer,33171,4925280667680450281492,4,4925280667680450281492,4,7
large_integer,33172,4916057295643595505686,4,4916057295643595505686,4,7
large_integer,33173,4925280667680450281494,4,4925280667680450281494,4,7
large_integer,33174,4925280667680450281496,4,4925280667680450281496,4,7
large_integer,33175,4934504039717305057304,4,4934504039717305057304,4,7
large_integer,33176,4916057295643595505688,4,4916057295643595505688,4,7
large_integer,33177,4925280667680450281496,4,4925280667680450281496,4,7
large_integer,33178,4925280667680450281498,4,4925280667680450281498,4,7
large_integer,33179,4934504039717305057306,4,4934504039717305057306,4,7
large_integer,33180,4925280667680450281500,4,4925280667680450281500,4,7
large_integer,33181,4934504039717305057308,4,4934504039717305057308,4,7
large_integer,33182,4934504039717305057310,4,4934504039717305057310,4,7
large_integer,33183,4943727411754159833118,4,4943727411754159833118,4,7
large_integer,33184,3689348814741910323220,3,3689348814741910323220,3,7
large_integer,33185,4916057295643595505684,4,4916057295643595505684,4,7
large_integer,33186,4916057295643595505686,4,4916057295643595505686,4,7
large_integer,33187,4925280667680450281494,4,4925280667680450281494,4,7
large_integer,33188,4916057295643595505688,4,4916057295643595505688,4,7
large_integer,33189,4925280667680450281496,4,4925280667680450281496,4,7
large_integer,33190,4925280667680450281498,4,4925280667680450281498,4,7
large_integer,33191,4934504039717305057306,4,4934504039717305057306,4,7
large_integer,33192,4916057295643595505690,4,4916057295643595505690,4,7
large_integer,33193,4925280667680450281498,4,4925280667680450281498,4,7
large_integer,33194,4925280667680450281500,4,4925280667680450281500,4,7
large_integer,33195,4934504039717305057308,4,4934504039717305057308,4,7
large_integer,33196,4925280667680450281502,4,4925280667680450281502,4,7
large_integer,33197,4934504039717305057310,4,4934504039717305057310,4,7
large_integer,33198,4934504039717305057312,4,4934504039717305057312,4,7
large_integer,33199,4943727411754159833120,4,4943727411754159833120,4,7
large_integer,33200,3698572186778765099028,3,3698572186778765099028,3,7
large_integer,33201,4925280667680450281492,4,4925280667680450281492,4,7
large_integer,33202,4925280667680450281494,4,4925280667680450281494,4,7
large_integer,33203,4934504039717305057302,4,4934504039717305057302,4,7
large_integer,33204,4925280667680450281496,4,4925280667680450281496,4,7
large_integer,33205,4934504039717305057304,4,4934504039717305057304,4,7
large_integer,33206,4934504039717305057306,4,4934504039717305057306,4,7
large_integer,33207,4943727411754159833114,4,4943727411754159833114,4,7
large_integer,33208,4925280667680450281498,4,4925280667680450281498,4,7
large_integer,33209,4934504039717305057306,4,4934504039717305057306,4,7
large_integer,33210,4934504039717305057308,4,4934504039717305057308,4,7
large_integer,33211,4943727411754159833116,4,4943727411754159833116,4,7
large_integer,33212,4934504039717305057310,4,4934504039717305057310,4,7
large_integer,33213,4943727411754159833118,4,4943727411754159833118,4,7
large_integer,33214,4943727411754159833120,4,4943727411754159833120,4,7
large_integer,33215,4952950783791014608928,4,4952950783791014608928,4,7
large_integer,33216,3689348814741910323222,3,3689348814741910323222,3,7
large_integer,33217,4916057295643595505686,4,4916057295643595505686,4,7
large_integer,33218,4916057295643595505688,4,4916057295643595505688,4,7
large_integer,33219,4925280667680450281496,4,4925280667680450281496,4,7
large_integer,33220,4916057295643595505690,4,4916057295643595505690,4,7
large_integer,33221,4925280667680450281498,4,4925280667680450281498,4,7
large_integer,33222,4925280667680450281500,4,4925280667680450281500,4,7
large_integer,33223,4934504039717305057308,4,4934504039717305057308,4,7
large_integer,33224,4916057295643595505692,4,4916057295643595505692,4,7
large_integer,33225,4925280667680450281500,4,4925280667680450281500,4,7
large_integer,33226,4925280667680450281502,4,4925280667680450281502,4,7
large_integer,33227,4934504039717305057310,4,4934504039717305057310,4,7
large_integer,33228,4925280667680450281504,4,4925280667680450281504,4,7
large_integer,33229,4934504039717305057312,4,4934504039717305057312,4,7
large_integer,33230,4934504039717305057314,4,4934504039717305057314,4,7
large_integer,33231,4943727411754159833122,4,4943727411754159833122,4,7
large_integer,33232,3698572186778765099030,3,3698572186778765099030,3,7
large_integer,33233,4925280667680450281494,4,4925280667680450281494,4,7
large_integer,33234,4925280667680450281496,4,4925280667680450281496,4,7
large_integer,33235,4934504039717305057304,4,4934504039717305057304,4,7
large_integer,33236,4925280667680450281498,4,4925280667680450281498,4,7
large_integer,33237,4934504039717305057306,4,4934504039717305057306,4,7
large_integer,33238,4934504039717305057308,4,4934504039717305057308,4,7
large_integer,33239,4943727411754159833116,4,4943727411754159833116,4,7
large_integer,33240,4925280667680450281500,4,4925280667680450281500,4,7
large_integer,33241,4934504039717305057308,4,4934504039717305057308,4,7
large_integer,33242,4934504039717305057310,4,4934504039717305057310,4,7
large_integer,33243,4943727411754159833118,4,4943727411754159833118,4,7
large_integer,33244,4934504039717305057312,4,4934504039717305057312,4,7
large_integer,33245,4943727411754159833120,4,4943727411754159833120,4,7
large_integer,33246,4943727411754159833122,4,4943727411754159833122,4,7
large_integer,33247,4952950783791014608930,4,4952950783791014608930,4,7
large_integer,33248,3698572186778765099032,3,3698572186778765099032,3,7
large_integer,33249,4925280667680450281496,4,4925280667680450281496,4,7
large_integer,33250,4925280667680450281498,4,4925280667680450281498,4,7
large_integer,33251,4934504039717305057306,4,4934504039717305057306,4,7
large_integer,33252,4925280667680450281500,4,4925280667680450281500,4,7
large_integer,33253,4934504039717305057308,4,4934504039717305057308,4,7
large_integer,33254,4934504039717305057310,4,4934504039717305057310,4,7
large_integer,33255,4943727411754159833118,4,4943727411754159833118,4,7
large_integer,33256,4925280667680450281502,4,4925280667680450281502,4,7
large_integer,33257,4934504039717305057310,4,4934504039717305057310,4,7
large_integer,33258,4934504039717305057312,4,4934504039717305057312,4,7
large_integer,33259,4943727411754159833120,4,4943727411754159833120,4,7
large_integer,33260,4934504039717305057314,4,4934504039717305057314,4,7
large_integer,33261,4943727411754159833122,4,4943727411754159833122,4,7
large_integer,33262,4943727411754159833124,4,4943727411754159833124,4,7
large_integer,33263,4952950783791014608932,4,4952950783791014608932,4,7
large_integer,33264,3707795558815619874840,3,3707795558815619874840,3,7
large_integer,33265,4934504039717305057304,4,4934504039717305057304,4,7
large_integer,33266,4934504039717305057306,4,4934504039717305057306,4,7
large_integer,33267,4943727411754159833114,4,4943727411754159833114,4,7
large_integer,33268,4934504039717305057308,4,4934504039717305057308,4,7
large_integer,33269,4943727411754159833116,4,4943727411754159833116,4,7
large_integer,33270,4943727411754159833118,4,4943727411754159833118,4,7
large_integer,33271,4952950783791014608926,4,4952950783791014608926,4,7
large_integer,33272,4934504039717305057310,4,4934504039717305057310,4,7
large_integer,33273,4943727411754159833118,4,4943727411754159833118,4,7
large_integer,33274,4943727411754159833120,4,4943727411754159833120,4,7
large_integer,33275,4952950783791014608928,4,4952950783791014608928,4,7
large_integer,33276,4943727411754159833122,4,4943727411754159833122,4,7
large_integer,33277,4952950783791014608930,4,4952950783791014608930,4,7
large_integer,33278,4952950783791014608932,4,4952950783791014608932,4,7
large_integer,33279,4962174155827869384740,4,4962174155827869384740,4,7
large_integer,33280,2453416961803370364941,2,2453416961803370364941,2,7
large_integer,33281,3680125442705055547405,3,3680125442705055547405,3,7
large_integer,33282,3680125442705055547407,3,3680125442705055547407,3,7
large_integer,33283,3689348814741910323215,3,3689348814741910323215,3,7
large_integer,33284,3680125442705055547409,3,3680125442705055547409,3,7
large_integer,33285,3689348814741910323217,3,3689348814741910323217,3,7
large_integer,33286,3689348814741910323219,3,3689348814741910323219,3,7
large_integer,33287,3698572186778765099027,3,3698572186778765099027,3,7
large_integer,33288,3680125442705055547411,3,3680125442705055547411,3,7
large_integer,33289,3689348814741910323219,3,3689348814741910323219,3,7
large_integer,33290,3689348814741910323221,3,3689348814741910323221,3,7
large_integer,33291,3698572186778765099029,3,3698572186778765099029,3,7
large_integer,33292,3689348814741910323223,3,3689348814741910323223,3,7
large_integer,33293,3698572186778765099031,3,3698572186778765099031,3,7
large_integer,33294,3698572186778765099033,3,3698572186778765099033,3,7
large_integer,33295,3707795558815619874841,3,3707795558815619874841,3,7
large_integer,33296,3680125442705055547406,3,3680125442705055547406,3,7
large_integer,33297,4906833923606740729870,4,4906833923606740729870,4,7
large_integer,33298,4906833923606740729872,4,4906833923606740729872,4,7
large_integer,33299,4916057295643595505680,4,4916057295643595505680,4,7
large_integer,33300,4906833923606740729874,4,4906833923606740729874,4,7
large_integer,33301,4916057295643595505682,4,4916057295643595505682,4,7
large_integer,33302,4916057295643595505684,4,4916057295643595505684,4,7
large_integer,33303,4925280667680450281492,4,4925280667680450281492,4,7
large_integer,33304,4906833923606740729876,4,4906833923606740729876,4,7
large_integer,33305,4916057295643595505684,4,4916057295643595505684,4,7
large_integer,33306,4916057295643595505686,4,4916057295643595505686,4,7
large_integer,33307,4925280667680450281494,4,4925280667680450281494,4,7
large_integer,33308,4916057295643595505688,4,4916057295643595505688,4,7
large_integer,33309,4925280667680450281496,4,4925280667680450281496,4,7
large_integer,33310,4925280667680450281498,4,4925280667680450281498,4,7
large_integer,33311,4934504039717305057306,4,4934504039717305057306,4,7
large_integer,33312,3680125442705055547408,3,3680125442705055547408,3,7
large_integer,33313,4906833923606740729872,4,4906833923606740729872,4,7
large_integer,33314,4906833923606740729874,4,4906833923606740729874,4,7
large_integer,33315,4916057295643595505682,4,4916057295643595505682,4,7
large_integer,33316,4906833923606740729876,4,4906833923606740729876,4,7
large_integer,33317,4916057295643595505684,4,4916057295643595505684,4,7
large_integer,33318,4916057295643595505686,4,4916057295643595505686,4,7
large_integer,33319,4925280667680450281494,4,4925280667680450281494,4,7
large_integer,33320,4906833923606740729878,4,4906833923606740729878,4,7
large_integer,33321,4916057295643595505686,4,4916057295643595505686,4,7
large_integer,33322,4916057295643595505688,4,4916057295643595505688,4,7
large_integer,33323,4925280667680450281496,4,4925280667680450281496,4,7
large_integer,33324,4916057295643595505690,4,4916057295643595505690,4,7
large_integer,33325,4925280667680450281498,4,4925280667680450281498,4,7
large_integer,33326,4925280667680450281500,4,4925280667680450281500,4,7
large_integer,33327,4934504039717305057308,4,4934504039717305057308,4,7
large_integer,33328,3689348814741910323216,3,3689348814741910323216,3,7
large_integer,33329,4916057295643595505680,4,4916057295643595505680,4,7
large_integer,33330,4916057295643595505682,4,4916057295643595505682,4,7
large_integer,33331,4925280667680450281490,4,4925280667680450281490,4,7
large_integer,33332,4916057295643595505684,4,4916057295643595505684,4,7
large_integer,33333,4925280667680450281492,4,4925280667680450281492,4,7
large_integer,33334,4925280667680450281494,4,4925280667680450281494,4,7
large_integer,33335,4934504039717305057302,4,4934504039717305057302,4,7
large_integer,33336,4916057295643595505686,4,4916057295643595505686,4,7
large_integer,33337,4925280667680450281494,4,4925280667680450281494,4,7
large_integer,33338,4925280667680450281496,4,4925280667680450281496,4,7
large_integer,33339,4934504039717305057304,4,4934504039717305057304,4,7
large_integer,33340,4925280667680450281498,4,4925280667680450281498,4,7
large_integer,33341,4934504039717305057306,4,4934504039717305057306,4,7
large_integer,33342,4934504039717305057308,4,4934504039717305057308,4,7
large_integer,33343,4943727411754159833116,4,4943727411754159833116,4,7
large_integer,33344,3680125442705055547410,3,3680125442705055547410,3,7
large_integer,33345,4906833923606740729874,4,4906833923606740729874,4,7
large_integer,33346,4906833923606740729876,4,4906833923606740729876,4,7
large_integer,33347,4916057295643595505684,4,4916057295643595505684,4,7
large_integer,33348,4906833923606740729878,4,4906833923606740729878,4,7
large_integer,33349,4916057295643595505686,4,4916057295643595505686,4,7
large_integer,33350,4916057295643595505688,4,4916057295643595505688,4,7
large_integer,33351,4925280667680450281496,4,4925280667680450281496,4,7
large_integer,33352,4906833923606740729880,4,4906833923606740729880,4,7
large_integer,33353,4916057295643595505688,4,4916057295643595505688,4,7
large_integer,33354,4916057295643595505690,4,4916057295643595505690,4,7
large_integer,33355,4925280667680450281498,4,4925280667680450281498,4,7
large_integer,33356,4916057295643595505692,4,4916057295643595505692,4,7
large_integer,33357,4925280667680450281500,4,4925280667680450281500,4,7
large_integer,33358,4925280667680450281502,4,4925280667680450281502,4,7
large_integer,33359,4934504039717305057310,4,4934504039717305057310,4,7
large_integer,33360,3689348814741910323218,3,3689348814741910323218,3,7
large_integer,33361,4916057295643595505682,4,4916057295643595505682,4,7
large_integer,33362,4916057295643595505684,4,4916057295643595505684,4,7
large_integer,33363,4925280667680450281492,4,4925280667680450281492,4,7
large_integer,33364,4916057295643595505686,4,4916057295643595505686,4,7
large_integer,33365,4925280667680450281494,4,4925280667680450281494,4,7
large_integer,33366,4925280667680450281496,4,4925280667680450281496,4,7
large_integer,33367,4934504039717305057304,4,4934504039717305057304,4,7
large_integer,33368,4916057295643595505688,4,4916057295643595505688,4,7
large_integer,33369,4925280667680450281496,4,4925280667680450281496,4,7
large_integer,33370,4925280667680450281498,4,4925280667680450281498,4,7
large_integer,33371,4934504039717305057306,4,4934504039717305057306,4,7
large_integer,33372,4925280667680450281500,4,4925280667680450281500,4,7
large_integer,33373,4934504039717305057308,4,4934504039717305057308,4,7
large_integer,33374,4934504039717305057310,4,4934504039717305057310,4,7
large_integer,33375,4943727411754159833118,4,4943727411754159833118,4,7
large_integer,33376,3689348814741910323220,3,3689348814741910323220,3,7
large_integer,33377,4916057295643595505684,4,4916057295643595505684,4,7
large_integer,33378,4916057295643595505686,4,4916057295643595505686,4,7
large_integer,33379,4925280667680450281494,4,4925280667680450281494,4,7
large_integer,33380,4916057295643595505688,4,4916057295643595505688,4,7
large_integer,33381,4925280667680450281496,4,4925280667680450281496,4,7
large_integer,33382,4925280667680450281498,4,4925280667680450281498,4,7
large_integer,33383,4934504039717305057306,4,4934504039717305057306,4,7
large_integer,33384,4916057295643595505690,4,4916057295643595505690,4,7
large_integer,33385,4925280667680450281498,4,4925280667680450281498,4,7
large_integer,33386,4925280667680450281500,4,4925280667680450281500,4,7
large_integer,33387,4934504039717305057308,4,4934504039717305057308,4,7
large_integer,33388,4925280667680450281502,4,4925280667680450281502,4,7
large_integer,33389,4934504039717305057310,4,4934504039717305057310,4,7
large_integer,33390,4934504039717305057312,4,4934504039717305057312,4,7
large_integer,33391,4943727411754159833120,4,4943727411754159833120,4,7
large_integer,33392,3698572186778765099028,3,3698572186778765099028,3,7
large_integer,33393,4925280667680450281492,4,4925280667680450281492,4,7
large_integer,33394,4925280667680450281494,4,4925280667680450281494,4,7
large_integer,33395,4934504039717305057302,4,4934504039717305057302,4,7
large_integer,33396,4925280667680450281496,4,4925280667680450281496,4,7
large_integer,33397,4934504039717305057304,4,4934504039717305057304,4,7
large_integer,33398,4934504039717305057306,4,4934504039717305057306,4,7
large_integer,33399,4943727411754159833114,4,4943727411754159833114,4,7
large_integer,33400,4925280667680450281498,4,4925280667680450281498,4,7
large_integer,33401,4934504039717305057306,4,4934504039717305057306,4,7
large_integer,33402,4934504039717305057308,4,4934504039717305057308,4,7
large_integer,33403,4943727411754159833116,4,4943727411754159833116,4,7
large_integer,33404,4934504039717305057310,4,4934504039717305057310,4,7
large_integer,33405,4943727411754159833118,4,4943727411754159833118,4,7
large_integer,33406,4943727411754159833120,4,4943727411754159833120,4,7
large_integer,33407,4952950783791014608928,4,4952950783791014608928,4,7
large_integer,33408,3680125442705055547412,3,3680125442705055547412,3,7
large_integer,33409,4906833923606740729876,4,4906833923606740729876,4,7
large_integer,33410,4906833923606740729878,4,4906833923606740729878,4,7
large_integer,33411,4916057295643595505686,4,4916057295643595505686,4,7
large_integer,33412,4906833923606740729880,4,4906833923606740729880,4,7
large_integer,33413,4916057295643595505688,4,4916057295643595505688,4,7
large_integer,33414,4916057295643595505690,4,4916057295643595505690,4,7
large_integer,33415,4925280667680450281498,4,4925280667680450281498,4,7
large_integer,33416,4906833923606740729882,4,4906833923606740729882,4,7
large_integer,33417,4916057295643595505690,4,4916057295643595505690,4,7
large_integer,33418,4916057295643595505692,4,4916057295643595505692,4,7
large_integer,33419,4925280667680450281500,4,4925280667680450281500,4,7
large_integer,33420,4916057295643595505694,4,4916057295643595505694,4,7
large_integer,33421,4925280667680450281502,4,4925280667680450281502,4,7
large_integer,33422,4925280667680450281504,4,4925280667680450281504,4,7
large_integer,33423,4934504039717305057312,4,4934504039717305057312,4,7
large_integer,33424,3689348814741910323220,3,3689348814741910323220,3,7
large_integer,33425,4916057295643595505684,4,4916057295643595505684,4,7
large_integer,33426,4916057295643595505686,4,4916057295643595505686,4,7
large_integer,33427,4925280667680450281494,4,4925280667680450281494,4,7
large_integer,33428,4916057295643595505688,4,4916057295643595505688,4,7
large_integer,33429,4925280667680450281496,4,4925280667680450281496,4,7
large_integer,33430,4925280667680450281498,4,4925280667680450281498,4,7
large_integer,33431,4934504039717305057306,4,4934504039717305057306,4,7
large_integer,33432,4916057295643595505690,4,4916057295643595505690,4,7
large_integer,33433,4925280667680450281498,4,4925280667680450281498,4,7
large_integer,33434,4925280667680450281500,4,4925280667680450281500,4,7
large_integer,33435,4934504039717305057308,4,4934504039717305057308,4,7
large_integer,33436,4925280667680450281502,4,4925280667680450281502,4,7
large_integer,33437,4934504039717305057310,4,4934504039717305057310,4,7
large_integer,33438,4934504039717305057312,4,4934504039717305057312,4,7
large_integer,33439,4943727411754159833120,4,4943727411754159833120,4,7
large_integer,33440,3689348814741910323222,3,3689348814741910323222,3,7
large_integer,33441,4916057295643595505686,4,4916057295643595505686,4,7
large_integer,33442,4916057295643595505688,4,4916057295643595505688,4,7
large_integer,33443,4925280667680450281496,4,4925280667680450281496,4,7
large_integer,33444,4916057295643595505690,4,4916057295643595505690,4,7
large_integer,33445,4925280667680450281498,4,4925280667680450281498,4,7
large_integer,33446,4925280667680450281500,4,4925280667680450281500,4,7
large_integer,33447,4934504039717305057308,4,4934504039717305057308,4,7
large_integer,33448,4916057295643595505692,4,4916057295643595505692,4,7
large_integer,33449,4925280667680450281500,4,4925280667680450281500,4,7
large_integer,33450,4925280667680450281502,4,4925280667680450281502,4,7
large_integer,33451,4934504039717305057310,4,4934504039717305057310,4,7
large_integer,33452,4925280667680450281504,4,4925280667680450281504,4,7
large_integer,33453,4934504039717305057312,4,4934504039717305057312,4,7
large_integer,33454,4934504039717305057314,4,4934504039717305057314,4,7
large_integer,33455,4943727411754159833122,4,4943727411754159833122,4,7
large_integer,33456,3698572186778765099030,3,3698572186778765099030,3,7
large_integer,33457,4925280667680450281494,4,4925280667680450281494,4,7
large_integer,33458,4925280667680450281496,4,4925280667680450281496,4,7
large_integer,33459,4934504039717305057304,4,4934504039717305057304,4,7
large_integer,33460,4925280667680450281498,4,4925280667680450281498,4,7
large_integer,33461,4934504039717305057306,4,4934504039717305057306,4,7
large_integer,33462,4934504039717305057308,4,4934504039717305057308,4,7
large_integer,33463,4943727411754159833116,4,4943727411754159833116,4,7
large_integer,33464,4925280667680450281500,4,4925280667680450281500,4,7
large_integer,33465,4934504039717305057308,4,4934504039717305057308,4,7
large_integer,33466,4934504039717305057310,4,4934504039717305057310,4,7
large_integer,33467,4943727411754159833118,4,4943727411754159833118,4,7
large_integer,33468,4934504039717305057312,4,4934504039717305057312,4,7
large_integer,33469,4943727411754159833120,4,4943727411754159833120,4,7
large_integer,33470,4943727411754159833122,4,4943727411754159833122,4,7
large_integer,33471,4952950783791014608930,4,4952950783791014608930,4,7
large_integer,33472,3689348814741910323224,3,3689348814741910323224,3,7
large_integer,33473,4916057295643595505688,4,4916057295643595505688,4,7
large_integer,33474,4916057295643595505690,4,4916057295643595505690,4,7
large_integer,33475,4925280667680450281498,4,4925280667680450281498,4,7
large_integer,33476,4916057295643595505692,4,4916057295643595505692,4,7
large_integer,33477,4925280667680450281500,4,4925280667680450281500,4,7
large_integer,33478,4925280667680450281502,4,4925280667680450281502,4,7
large_integer,33479,4934504039717305057310,4,4934504039717305057310,4,7
large_integer,33480,4916057295643595505694,4,4916057295643595505694,4,7
large_integer,33481,4925280667680450281502,4,4925280667680450281502,4,7
large_integer,33482,4925280667680450281504,4,4925280667680450281504,4,7
large_integer,33483,4934504039717305057312,4,4934504039717305057312,4,7
large_integer,33484,4925280667680450281506,4,4925280667680450281506,4,7
large_integer,33485,4934504039717305057314,4,4934504039717305057314,4,7
large_integer,33486,4934504039717305057316,4,4934504039717305057316,4,7
large_integer,33487,4943727411754159833124,4,4943727411754159833124,4,7
large_integer,33488,3698572186778765099032,3,3698572186778765099032,3,7
large_integer,33489,4925280667680450281496,4,4925280667680450281496,4,7
large_integer,33490,4925280667680450281498,4,4925280667680450281498,4,7
large_integer,33491,4934504039717305057306,4,4934504039717305057306,4,7
large_integer,33492,4925280667680450281500,4,4925280667680450281500,4,7
large_integer,33493,4934504039717305057308,4,4934504039717305057308,4,7
large_integer,33494,4934504039717305057310,4,4934504039717305057310,4,7
large_integer,33495,4943727411754159833118,4,4943727411754159833118,4,7
large_integer,33496,4925280667680450281502,4,4925280667680450281502,4,7
large_integer,33497,4934504039717305057310,4,4934504039717305057310,4,7
large_integer,33498,4934504039717305057312,4,4934504039717305057312,4,7
large_integer,33499,4943727411754159833120,4,4943727411754159833120,4,7
large_integer,33500,4934504039717305057314,4,4934504039717305057314,4,7
large_integer,33501,4943727411754159833122,4,4943727411754159833122,4,7
large_integer,33502,4943727411754159833124,4,4943727411754159833124,4,7
large_integer,33503,4952950783791014608932,4,4952950783791014608932,4,7
large_integer,33504,3698572186778765099034,3,3698572186778765099034,3,7
large_integer,33505,4925280667680450281498,4,4925280667680450281498,4,7
large_integer,33506,4925280667680450281500,4,4925280667680450281500,4,7
large_integer,33507,4934504039717305057308,4,4934504039717305057308,4,7
large_integer,33508,4925280667680450281502,4,4925280667680450281502,4,7
large_integer,33509,4934504039717305057310,4,4934504039717305057310,4,7
large_integer,33510,4934504039717305057312,4,4934504039717305057312,4,7
large_integer,33511,4943727411754159833120,4,4943727411754159833120,4,7
large_integer,33512,4925280667680450281504,4,4925280667680450281504,4,7
large_integer,33513,4934504039717305057312,4,4934504039717305057312,4,7
large_integer,33514,4934504039717305057314,4,4934504039717305057314,4,7
large_integer,33515,4943727411754159833122,4,4943727411754159833122,4,7
large_integer,33516,4934504039717305057316,4,4934504039717305057316,4,7
large_integer,33517,4943727411754159833124,4,4943727411754159833124,4,7
large_integer,33518,4943727411754159833126,4,4943727411754159833126,4,7
large_integer,33519,4952950783791014608934,4,4952950783791014608934,4,7
large_integer,33520,3707795558815619874842,3,3707795558815619874842,3,7
large_integer,33521,4934504039717305057306,4,4934504039717305057306,4,7
large_integer,33522,4934504039717305057308,4,4934504039717305057308,4,7
large_integer,33523,4943727411754159833116,4,4943727411754159833116,4,7
large_integer,33524,4934504039717305057310,4,4934504039717305057310,4,7
large_integer,33525,4943727411754159833118,4,4943727411754159833118,4,7
large_integer,33526,4943727411754159833120,4,4943727411754159833120,4,7
large_integer,33527,4952950783791014608928,4,4952950783791014608928,4,7
large_integer,33528,4934504039717305057312,4,4934504039717305057312,4,7
large_integer,33529,4943727411754159833120,4,4943727411754159833120,4,7
large_integer,33530,4943727411754159833122,4,4943727411754159833122,4,7
large_integer,33531,4952950783791014608930,4,4952950783791014608930,4,7
large_integer,33532,4943727411754159833124,4,4943727411754159833124,4,7
large_integer,33533,4952950783791014608932,4,4952950783791014608932,4,7
large_integer,33534,4952950783791014608934,4,4952950783791014608934,4,7
large_integer,33535,4962174155827869384742,4,4962174155827869384742,4,7
large_integer,33536,2462640333840225140749,2,2462640333840225140749,2,7
large_integer,33537,3689348814741910323213,3,3689348814741910323213,3,7
large_integer,33538,3689348814741910323215,3,3689348814741910323215,3,7
large_integer,33539,3698572186778765099023,3,3698572186778765099023,3,7
large_integer,33540,3689348814741910323217,3,3689348814741910323217,3,7
large_integer,33541,3698572186778765099025,3,3698572186778765099025,3,7
large_integer,33542,3698572186778765099027,3,3698572186778765099027,3,7
large_integer,33543,3707795558815619874835,3,3707795558815619874835,3,7
large_integer,33544,3689348814741910323219,3,3689348814741910323219,3,7
large_integer,33545,3698572186778765099027,3,3698572186778765099027,3,7
large_integer,33546,3698572186778765099029,3,3698572186778765099029,3,7
large_integer,33547,3707795558815619874837,3,3707795558815619874837,3,7
large_integer,33548,3698572186778765099031,3,3698572186778765099031,3,7
large_integer,33549,3707795558815619874839,3,3707795558815619874839,3,7
large_integer,33550,3707795558815619874841,3,3707795558815619874841,3,7
large_integer,33551,3717018930852474650649,3,3717018930852474650649,3,7
large_integer,33552,3689348814741910323214,3,3689348814741910323214,3,7
large_integer,33553,4916057295643595505678,4,4916057295643595505678,4,7
large_integer,33554,4916057295643595505680,4,4916057295643595505680,4,7
large_integer,33555,4925280667680450281488,4,4925280667680450281488,4,7
large_integer,33556,4916057295643595505682,4,4916057295643595505682,4,7
large_integer,33557,4925280667680450281490,4,4925280667680450281490,4,7
large_integer,33558,4925280667680450281492,4,4925280667680450281492,4,7
large_integer,33559,4934504039717305057300,4,4934504039717305057300,4,7
large_integer,33560,4916057295643595505684,4,4916057295643595505684,4,7
large_integer,33561,4925280667680450281492,4,4925280667680450281492,4,7
large_integer,33562,4925280667680450281494,4,4925280667680450281494,4,7
large_integer,33563,4934504039717305057302,4,4934504039717305057302,4,7
large_integer,33564,4925280667680450281496,4,4925280667680450281496,4,7
large_integer,33565,4934504039717305057304,4,4934504039717305057304,4,7
large_integer,33566,4934504039717305057306,4,4934504039717305057306,4,7
large_integer,33567,4943727411754159833114,4,4943727411754159833114,4,7
large_integer,33568,3689348814741910323216,3,3689348814741910323216,3,7
large_integer,33569,4916057295643595505680,4,4916057295643595505680,4,7
large_integer,33570,4916057295643595505682,4,4916057295643595505682,4,7
large_integer,33571,4925280667680450281490,4,4925280667680450281490,4,7
large_integer,33572,4916057295643595505684,4,4916057295643595505684,4,7
large_integer,33573,4925280667680450281492,4,4925280667680450281492,4,7
large_integer,33574,4925280667680450281494,4,4925280667680450281494,4,7
large_integer,33575,4934504039717305057302,4,4934504039717305057302,4,7
large_integer,33576,4916057295643595505686,4,4916057295643595505686,4,7
large_integer,33577,4925280667680450281494,4,4925280667680450281494,4,7
large_integer,33578,4925280667680450281496,4,4925280667680450281496,4,7
large_integer,33579,4934504039717305057304,4,4934504039717305057304,4,7
large_integer,33580,4925280667680450281498,4,4925280667680450281498,4,7
large_integer,33581,4934504039717305057306,4,4934504039717305057306,4,7
large_integer,33582,4934504039717305057308,4,4934504039717305057308,4,7
large_integer,33583,4943727411754159833116,4,4943727411754159833116,4,7
large_integer,33584,3698572186778765099024,3,3698572186778765099024,3,7
large_integer,33585,4925280667680450281488,4,4925280667680450281488,4,7
large_integer,33586,4925280667680450281490,4,4925280667680450281490,4,7
large_integer,33587,4934504039717305057298,4,4934504039717305057298,4,7
large_integer,33588,4925280667680450281492,4,4925280667680450281492,4,7
large_integer,33589,4934504039717305057300,4,4934504039717305057300,4,7
large_integer,33590,4934504039717305057302,4,4934504039717305057302,4,7
large_integer,33591,4943727411754159833110,4,4943727411754159833110,4,7
large_integer,33592,4925280667680450281494,4,4925280667680450281494,4,7
large_integer,33593,4934504039717305057302,4,4934504039717305057302,4,7
large_integer,33594,4934504039717305057304,4,4934504039717305057304,4,7
large_integer,33595,4943727411754159833112,4,4943727411754159833112,4,7
large_integer,33596,4934504039717305057306,4,4934504039717305057306,4,7
large_integer,33597,4943727411754159833114,4,4943727411754159833114,4,7
large_integer,33598,4943727411754159833116,4,4943727411754159833116,4,7
large_integer,33599,4952950783791014608924,4,4952950783791014608924,4,7
large_integer,33600,3689348814741910323218,3,3689348814741910323218,3,7
large_integer,33601,4916057295643595505682,4,4916057295643595505682,4,7
large_integer,33602,4916057295643595505684,4,4916057295643595505684,4,7
large_integer,33603,4925280667680450281492,4,4925280667680450281492,4,7
large_integer,33604,4916057295643595505686,4,4916057295643595505686,4,7
large_integer,33605,4925280667680450281494,4,4925280667680450281494,4,7
large_integer,33606,4925280667680450281496,4,4925280667680450281496,4,7
large_integer,33607,4934504039717305057304,4,4934504039717305057304,4,7
large_integer,33608,4916057295643595505688,4,4916057295643595505688,4,7
large_integer,33609,4925280667680450281496,4,4925280667680450281496,4,7
large_integer,33610,4925280667680450281498,4,4925280667680450281498,4,7
large_integer,33611,4934504039717305057306,4,4934504039717305057306,4,7
large_integer,33612,4925280667680450281500,4,4925280667680450281500,4,7
large_integer,33613,4934504039717305057308,4,4934504039717305057308,4,7
large_integer,33614,4934504039717305057310,4,4934504039717305057310,4,7
large_integer,33615,4943727411754159833118,4,4943727411754159833118,4,7
large_integer,33616,3698572186778765099026,3,3698572186778765099026,3,7
large_integer,33617,4925280667680450281490,4,4925280667680450281490,4,7
large_integer,33618,4925280667680450281492,4,4925280667680450281492,4,7
large_integer,33619,4934504039717305057300,4,4934504039717305057300,4,7
large_integer,33620,4925280667680450281494,4,4925280667680450281494,4,7
large_integer,33621,4934504039717305057302,4,4934504039717305057302,4,7
large_integer,33622,4934504039717305057304,4,4934504039717305057304,4,7
large_integer,33623,4943727411754159833112,4,4943727411754159833112,4,7
large_integer,33624,4925280667680450281496,4,4925280667680450281496,4,7
large_integer,33625,4934504039717305057304,4,4934504039717305057304,4,7
large_integer,33626,4934504039717305057306,4,4934504039717305057306,4,7
large_integer,33627,4943727411754159833114,4,4943727411754159833114,4,7
large_integer,33628,4934504039717305057308,4,4934504039717305057308,4,7
large_integer,33629,4943727411754159833116,4,4943727411754159833116,4,7
large_integer,33630,4943727411754159833118,4,4943727411754159833118,4,7
large_integer,33631,4952950783791014608926,4,4952950783791014608926,4,7
large_integer,33632,3698572186778765099028,3,3698572186778765099028,3,7
large_integer,33633,4925280667680450281492,4,4925280667680450281492,4,7
large_integer,33634,4925280667680450281494,4,4925280667680450281494,4,7
large_integer,33635,4934504039717305057302,4,4934504039717305057302,4,7
large_integer,33636,4925280667680450281496,4,4925280667680450281496,4,7
large_integer,33637,4934504039717305057304,4,4934504039717305057304,4,7
large_integer,33638,4934504039717305057306,4,4934504039717305057306,4,7
large_integer,33639,4943727411754159833114,4,4943727411754159833114,4,7
large_integer,33640,4925280667680450281498,4,4925280667680450281498,4,7
large_integer,33641,4934504039717305057306,4,4934504039717305057306,4,7
large_integer,33642,4934504039717305057308,4,4934504039717305057308,4,7
large_integer,33643,4943727411754159833116,4,4943727411754159833116,4,7
large_integer,33644,4934504039717305057310,4,4934504039717305057310,4,7
large_integer,33645,4943727411754159833118,4,4943727411754159833118,4,7
large_integer,33646,4943727411754159833120,4,4943727411754159833120,4,7
large_integer,33647,4952950783791014608928,4,4952950783791014608928,4,7
large_integer,33648,3707795558815619874836,3,3707795558815619874836,3,7
large_integer,33649,4934504039717305057300,4,4934504039717305057300,4,7
large_integer,33650,4934504039717305057302,4,4934504039717305057302,4,7
large_integer,33651,4943727411754159833110,4,4943727411754159833110,4,7
large_integer,33652,4934504039717305057304,4,4934504039717305057304,4,7
large_integer,33653,4943727411754159833112,4,4943727411754159833112,4,7
large_integer,33654,4943727411754159833114,4,4943727411754159833114,4,7
large_integer,33655,4952950783791014608922,4,4952950783791014608922,4,7
large_integer,33656,4934504039717305057306,4,4934504039717305057306,4,7
large_integer,33657,4943727411754159833114,4,4943727411754159833114,4,7
large_integer,33658,4943727411754159833116,4,4943727411754159833116,4,7
large_integer,33659,4952950783791014608924,4,4952950783791014608924,4,7
large_integer,33660,4943727411754159833118,4,4943727411754159833118,4,7
large_integer,33661,4952950783791014608926,4,4952950783791014608926,4,7
large_integer,33662,4952950783791014608928,4,4952950783791014608928,4,7
large_integer,33663,4962174155827869384736,4,4962174155827869384736,4,7
large_integer,33664,3689348814741910323220,3,3689348814741910323220,3,7
large_integer,33665,4916057295643595505684,4,4916057295643595505684,4,7
large_integer,33666,4916057295643595505686,4,4916057295643595505686,4,7
large_integer,33667,4925280667680450281494,4,4925280667680450281494,4,7
large_integer,33668,4916057295643595505688,4,4916057295643595505688,4,7
large_integer,33669,4925280667680450281496,4,4925280667680450281496,4,7
large_integer,33670,4925280667680450281498,4,4925280667680450281498,4,7
large_integer,33671,4934504039717305057306,4,4934504039717305057306,4,7
large_integer,33672,4916057295643595505690,4,4916057295643595505690,4,7
large_integer,33673,4925280667680450281498,4,4925280667680450281498,4,7
large_integer,33674,4925280667680450281500,4,4925280667680450281500,4,7
large_integer,33675,4934504039717305057308,4,4934504039717305057308,4,7
large_integer,33676,4925280667680450281502,4,4925280667680450281502,4,7
large_integer,33677,4934504039717305057310,4,4934504039717305057310,4,7
large_integer,33678,4934504039717305057312,4,4934504039717305057312,4,7
large_integer,33679,4943727411754159833120,4,4943727411754159833120,4,7
large_integer,33680,3698572186778765099028,3,3698572186778765099028,3,7
large_integer,33681,4925280667680450281492,4,4925280667680450281492,4,7
large_integer,33682,4925280667680450281494,4,4925280667680450281494,4,7
large_integer,33683,4934504039717305057302,4,4934504039717305057302,4,7
large_integer,33684,4925280667680450281496,4,4925280667680450281496,4,7
large_integer,33685,4934504039717305057304,4,4934504039717305057304,4,7
large_integer,33686,4934504039717305057306,4,4934504039717305057306,4,7
large_integer,33687,4943727411754159833114,4,4943727411754159833114,4,7
large_integer,33688,4925280667680450281498,4,4925280667680450281498,4,7
large_integer,33689,4934504039717305057306,4,4934504039717305057306,4,7
large_integer,33690,4934504039717305057308,4,4934504039717305057308,4,7
large_integer,33691,4943727411754159833116,4,4943727411754159833116,4,7
large_integer,33692,4934504039717305057310,4,4934504039717305057310,4,7
large_integer,33693,4943727411754159833118,4,4943727411754159833118,4,7
large_integer,33694,4943727411754159833120,4,4943727411754159833120,4,7
large_integer,33695,4952950783791014608928,4,4952950783791014608928,4,7
large_integer,33696,3698572186778765099030,3,3698572186778765099030,3,7
large_integer,33697,4925280667680450281494,4,4925280667680450281494,4,7
large_integer,33698,4925280667680450281496,4,4925280667680450281496,4,7
large_integer,33699,4934504039717305057304,4,4934504039717305057304,4,7
large_integer,33700,4925280667680450281498,4,4925280667680450281498,4,7
large_integer,33701,4934504039717305057306,4,4934504039717305057306,4,7
large_integer,33702,4934504039717305057308,4,4934504039717305057308,4,7
large_integer,33703,4943727411754159833116,4,4943727411754159833116,4,7
large_integer,33704,4925280667680450281500,4,4925280667680450281500,4,7
large_integer,33705,4934504039717305057308,4,4934504039717305057308,4,7
large_integer,33706,4934504039717305057310,4,4934504039717305057310,4,7
large_integer,33707,4943727411754159833118,4,4943727411754159833118,4,7
large_integer,33708,4934504039717305057312,4,4934504039717305057312,4,7
large_integer,33709,4943727411754159833120,4,4943727411754159833120,4,7
large_integer,33710,4943727411754159833122,4,4943727411754159833122,4,7
large_integer,33711,4952950783791014608930,4,4952950783791014608930,4,7
large_integer,33712,3707795558815619874838,3,3707795558815619874838,3,7
large_integer,33713,4934504039717305057302,4,4934504039717305057302,4,7
large_integer,33714,4934504039717305057304,4,4934504039717305057304,4,7
large_integer,33715,4943727411754159833112,4,4943727411754159833112,4,7
large_integer,33716,4934504039717305057306,4,4934504039717305057306,4,7
large_integer,33717,4943727411754159833114,4,4943727411754159833114,4,7
large_integer,33718,4943727411754159833116,4,4943727411754159833116,4,7
large_integer,33719,4952950783791014608924,4,4952950783791014608924,4,7
large_integer,33720,4934504039717305057308,4,4934504039717305057308,4,7
large_integer,33721,4943727411754159833116,4,4943727411754159833116,4,7
large_integer,33722,4943727411754159833118,4,4943727411754159833118,4,7
large_integer,33723,4952950783791014608926,4,4952950783791014608926,4,7
large_integer,33724,4943727411754159833120,4,4943727411754159833120,4,7
large_integer,33725,4952950783791014608928,4,4952950783791014608928,4,7
large_integer,33726,4952950783791014608930,4,4952950783791014608930,4,7
large_integer,33727,4962174155827869384738,4,4962174155827869384738,4,7
large_integer,33728,3698572186778765099032,3,3698572186778765099032,3,7
large_integer,33729,4925280667680450281496,4,4925280667680450281496,4,7
large_integer,33730,4925280667680450281498,4,4925280667680450281498,4,7
large_integer,33731,4934504039717305057306,4,4934504039717305057306,4,7
large_integer,33732,4925280667680450281500,4,4925280667680450281500,4,7
large_integer,33733,4934504039717305057308,4,4934504039717305057308,4,7
large_integer,33734,4934504039717305057310,4,4934504039717305057310,4,7
large_integer,33735,4943727411754159833118,4,4943727411754159833118,4,7
large_integer,33736,4925280667680450281502,4,4925280667680450281502,4,7
large_integer,33737,4934504039717305057310,4,4934504039717305057310,4,7
large_integer,33738,4934504039717305057312,4,4934504039717305057312,4,7
large_integer,33739,4943727411754159833120,4,4943727411754159833120,4,7
large_integer,33740,4934504039717305057314,4,4934504039717305057314,4,7
large_integer,33741,4943727411754159833122,4,4943727411754159833122,4,7
large_integer,33742,4943727411754159833124,4,4943727411754159833124,4,7
large_integer,33743,4952950783791014608932,4,4952950783791014608932,4,7
large_integer,33744,3707795558815619874840,3,3707795558815619874840,3,7
large_integer,33745,4934504039717305057304,4,4934504039717305057304,4,7
large_integer,33746,4934504039717305057306,4,4934504039717305057306,4,7
large_integer,33747,4943727411754159833114,4,4943727411754159833114,4,7
large_integer,33748,4934504039717305057308,4,4934504039717305057308,4,7
large_integer,33749,4943727411754159833116,4,4943727411754159833116,4,7
large_integer,33750,4943727411754159833118,4,4943727411754159833118,4,7
large_integer,33751,4952950783791014608926,4,4952950783791014608926,4,7
large_integer,33752,4934504039717305057310,4,4934504039717305057310,4,7
large_integer,33753,4943727411754159833118,4,4943727411754159833118,4,7
large_integer,33754,4943727411754159833120,4,4943727411754159833120,4,7
large_integer,33755,4952950783791014608928,4,4952950783791014608928,4,7
large_integer,33756,4943727411754159833122,4,4943727411754159833122,4,7
large_integer,33757,4952950783791014608930,4,4952950783791014608930,4,7
large_integer,33758,4952950783791014608932,4,4952950783791014608932,4,7
large_integer,33759,4962174155827869384740,4,4962174155827869384740,4,7
large_integer,33760,3707795558815619874842,3,3707795558815619874842,3,7
large_integer,33761,4934504039717305057306,4,4934504039717305057306,4,7
large_integer,33762,4934504039717305057308,4,4934504039717305057308,4,7
large_integer,33763,4943727411754159833116,4,4943727411754159833116,4,7
large_integer,33764,4934504039717305057310,4,4934504039717305057310,4,7
large_integer,33765,4943727411754159833118,4,4943727411754159833118,4,7
large_integer,33766,4943727411754159833120,4,4943727411754159833120,4,7
large_integer,33767,4952950783791014608928,4,4952950783791014608928,4,7
large_integer,33768,4934504039717305057312,4,4934504039717305057312,4,7
large_integer,33769,4943727411754159833120,4,4943727411754159833120,4,7
large_integer,33770,4943727411754159833122,4,4943727411754159833122,4,7
large_integer,33771,4952950783791014608930,4,4952950783791014608930,4,7
large_integer,33772,4943727411754159833124,4,4943727411754159833124,4,7
large_integer,33773,4952950783791014608932,4,4952950783791014608932,4,7
large_integer,33774,4952950783791014608934,4,4952950783791014608934,4,7
large_integer,33775,4962174155827869384742,4,4962174155827869384742,4,7
large_integer,33776,3717018930852474650650,3,3717018930852474650650,3,7
large_integer,33777,4943727411754159833114,4,4943727411754159833114,4,7
large_integer,33778,4943727411754159833116,4,4943727411754159833116,4,7
large_integer,33779,4952950783791014608924,4,4952950783791014608924,4,7
large_integer,33780,4943727411754159833118,4,4943727411754159833118,4,7
large_integer,33781,4952950783791014608926,4,4952950783791014608926,4,7
large_integer,33782,4952950783791014608928,4,4952950783791014608928,4,7
large_integer,33783,4962174155827869384736,4,4962174155827869384736,4,7
large_integer,33784,4943727411754159833120,4,4943727411754159833120,4,7
large_integer,33785,4952950783791014608928,4,4952950783791014608928,4,7
large_integer,33786,4952950783791014608930,4,4952950783791014608930,4,7
large_integer,33787,4962174155827869384738,4,4962174155827869384738,4,7
large_integer,33788,4952950783791014608932,4,4952950783791014608932,4,7
large_integer,33789,4962174155827869384740,4,4962174155827869384740,4,7
large_integer,33790,4962174155827869384742,4,4962174155827869384742,4,7
large_integer,33791,4971397527864724160550,4,4971397527864724160550,4,7
large_integer,33792,2453416961803370364943,2,2453416961803370364943,2,7
large_integer,33793,3680125442705055547407,3,3680125442705055547407,3,7
large_integer,33794,3680125442705055547409,3,3680125442705055547409,3,7
large_integer,33795,3689348814741910323217,3,3689348814741910323217,3,7
large_integer,33796,3680125442705055547411,3,3680125442705055547411,3,7
large_integer,33797,3689348814741910323219,3,3689348814741910323219,3,7
large_integer,33798,3689348814741910323221,3,3689348814741910323221,3,7
large_integer,33799,3698572186778765099029,3,3698572186778765099029,3,7
large_integer,33800,3680125442705055547413,3,3680125442705055547413,3,7
large_integer,33801,3689348814741910323221,3,3689348814741910323221,3,7
large_integer,33802,3689348814741910323223,3,3689348814741910323223,3,7
large_integer,33803,3698572186778765099031,3,3698572186778765099031,3,7
large_integer,33804,3689348814741910323225,3,3689348814741910323225,3,7
large_integer,33805,3698572186778765099033,3,3698572186778765099033,3,7
large_integer,33806,3698572186778765099035,3,3698572186778765099035,3,7
large_integer,33807,3707795558815619874843,3,3707795558815619874843,3,7
large_integer,33808,3680125442705055547408,3,3680125442705055547408,3,7
large_integer,33809,4906833923606740729872,4,4906833923606740729872,4,7
large_integer,33810,4906833923606740729874,4,4906833923606740729874,4,7
large_integer,33811,4916057295643595505682,4,4916057295643595505682,4,7
large_integer,33812,4906833923606740729876,4,4906833923606740729876,4,7
large_integer,33813,4916057295643595505684,4,4916057295643595505684,4,7
large_integer,33814,4916057295643595505686,4,4916057295643595505686,4,7
large_integer,33815,4925280667680450281494,4,4925280667680450281494,4,7
large_integer,33816,4906833923606740729878,4,4906833923606740729878,4,7
large_integer,33817,4916057295643595505686,4,4916057295643595505686,4,7
large_integer,33818,4916057295643595505688,4,4916057295643595505688,4,7
large_integer,33819,4925280667680450281496,4,4925280667680450281496,4,7
large_integer,33820,4916057295643595505690,4,4916057295643595505690,4,7
large_integer,33821,4925280667680450281498,4,4925280667680450281498,4,7
large_integer,33822,4925280667680450281500,4,4925280667680450281500,4,7
large_integer,33823,4934504039717305057308,4,4934504039717305057308,4,7
large_integer,33824,3680125442705055547410,3,3680125442705055547410,3,7
large_integer,33825,4906833923606740729874,4,4906833923606740729874,4,7
large_integer,33826,4906833923606740729876,4,4906833923606740729876,4,7
large_integer,33827,4916057295643595505684,4,4916057295643595505684,4,7
large_integer,33828,4906833923606740729878,4,4906833923606740729878,4,7
large_integer,33829,4916057295643595505686,4,4916057295643595505686,4,7
large_integer,33830,4916057295643595505688,4,4916057295643595505688,4,7
large_integer,33831,4925280667680450281496,4,4925280667680450281496,4,7
large_integer,33832,4906833923606740729880,4,4906833923606740729880,4,7
large_integer,33833,4916057295643595505688,4,4916057295643595505688,4,7
large_integer,33834,4916057295643595505690,4,4916057295643595505690,4,7
large_integer,33835,4925280667680450281498,4,4925280667680450281498,4,7
large_integer,33836,4916057295643595505692,4,4916057295643595505692,4,7
large_integer,33837,4925280667680450281500,4,4925280667680450281500,4,7
large_integer,33838,4925280667680450281502,4,4925280667680450281502,4,7
large_integer,33839,4934504039717305057310,4,4934504039717305057310,4,7
large_integer,33840,3689348814741910323218,3,3689348814741910323218,3,7
large_integer,33841,4916057295643595505682,4,4916057295643595505682,4,7
large_integer,33842,4916057295643595505684,4,4916057295643595505684,4,7
large_integer,33843,4925280667680450281492,4,4925280667680450281492,4,7
large_integer,33844,4916057295643595505686,4,4916057295643595505686,4,7
large_integer,33845,4925280667680450281494,4,4925280667680450281494,4,7
large_integer,33846,4925280667680450281496,4,4925280667680450281496,4,7
large_integer,33847,4934504039717305057304,4,4934504039717305057304,4,7
large_integer,33848,4916057295643595505688,4,4916057295643595505688,4,7
large_integer,33849,4925280667680450281496,4,4925280667680450281496,4,7
large_integer,33850,4925280667680450281498,4,4925280667680450281498,4,7
large_integer,33851,4934504039717305057306,4,4934504039717305057306,4,7
large_integer,33852,4925280667680450281500,4,4925280667680450281500,4,7
large_integer,33853,4934504039717305057308,4,4934504039717305057308,4,7
large_integer,33854,4934504039717305057310,4,4934504039717305057310,4,7
large_integer,33855,4943727411754159833118,4,4943727411754159833118,4,7
large_integer,33856,3680125442705055547412,3,3680125442705055547412,3,7
large_integer,33857,4906833923606740729876,4,4906833923606740729876,4,7
large_integer,33858,4906833923606740729878,4,4906833923606740729878,4,7
large_integer,33859,4916057295643595505686,4,4916057295643595505686,4,7
large_integer,33860,4906833923606740729880,4,4906833923606740729880,4,7
large_integer,33861,4916057295643595505688,4,4916057295643595505688,4,7
large_integer,33862,4916057295643595505690,4,4916057295643595505690,4,7
large_integer,33863,4925280667680450281498,4,4925280667680450281498,4,7
large_integer,33864,4906833923606740729882,4,4906833923606740729882,4,7
large_integer,33865,4916057295643595505690,4,4916057295643595505690,4,7
large_integer,33866,4916057295643595505692,4,4916057295643595505692,4,7
large_integer,33867,4925280667680450281500,4,4925280667680450281500,4,7
large_integer,33868,4916057295643595505694,4,4916057295643595505694,4,7
large_integer,33869,4925280667680450281502,4,4925280667680450281502,4,7
large_integer,33870,4925280667680450281504,4,4925280667680450281504,4,7
large_integer,33871,4934504039717305057312,4,4934504039717305057312,4,7
large_integer,33872,3689348814741910323220,3,3689348814741910323220,3,7
large_integer,33873,4916057295643595505684,4,4916057295643595505684,4,7
large_integer,33874,4916057295643595505686,4,4916057295643595505686,4,7
large_integer,33875,4925280667680450281494,4,4925280667680450281494,4,7
large_integer,33876,4916057295643595505688,4,4916057295643595505688,4,7
large_integer,33877,4925280667680450281496,4,4925280667680450281496,4,7
large_integer,33878,4925280667680450281498,4,4925280667680450281498,4,7
large_integer,33879,4934504039717305057306,4,4934504039717305057306,4,7
large_integer,33880,4916057295643595505690,4,4916057295643595505690,4,7
large_integer,33881,4925280667680450281498,4,4925280667680450281498,4,7
large_integer,33882,4925280667680450281500,4,4925280667680450281500,4,7
large_integer,33883,4934504039717305057308,4,4934504039717305057308,4,7
large_integer,33884,4925280667680450281502,4,4925280667680450281502,4,7
large_integer,33885,4934504039717305057310,4,4934504039717305057310,4,7
large_integer,33886,4934504039717305057312,4,4934504039717305057312,4,7
large_integer,33887,4943727411754159833120,4,4943727411754159833120,4,7
large_integer,33888,3689348814741910323222,3,3689348814741910323222,3,7
large_integer,33889,4916057295643595505686,4,4916057295643595505686,4,7
large_integer,33890,4916057295643595505688,4,4916057295643595505688,4,7
large_integer,33891,4925280667680450281496,4,4925280667680450281496,4,7
large_integer,33892,4916057295643595505690,4,4916057295643595505690,4,7
large_integer,33893,4925280667680450281498,4,4925280667680450281498,4,7
large_integer,33894,4925280667680450281500,4,4925280667680450281500,4,7
large_integer,33895,4934504039717305057308,4,4934504039717305057308,4,7
large_integer,33896,4916057295643595505692,4,4916057295643595505692,4,7
large_integer,33897,4925280667680450281500,4,4925280667680450281500,4,7
large_integer,33898,4925280667680450281502,4,4925280667680450281502,4,7
large_integer,33899,4934504039717305057310,4,4934504039717305057310,4,7
large_integer,33900,4925280667680450281504,4,4925280667680450281504,4,7
large_integer,33901,4934504039717305057312,4,4934504039717305057312,4,7
large_integer,33902,4934504039717305057314,4,4934504039717305057314,4,7
large_integer,33903,4943727411754159833122,4,4943727411754159833122,4,7
large_integer,33904,3698572186778765099030,3,3698572186778765099030,3,7
large_integer,33905,4925280667680450281494,4,4925280667680450281494,4,7
large_integer,33906,4925280667680450281496,4,4925280667680450281496,4,7
large_integer,33907,4934504039717305057304,4,4934504039717305057304,4,7
large_integer,33908,4925280667680450281498,4,4925280667680450281498,4,7
large_integer,33909,4934504039717305057306,4,4934504039717305057306,4,7
large_integer,33910,4934504039717305057308,4,4934504039717305057308,4,7
large_integer,33911,4943727411754159833116,4,4943727411754159833116,4,7
large_integer,33912,4925280667680450281500,4,4925280667680450281500,4,7
large_integer,33913,4934504039717305057308,4,4934504039717305057308,4,7
large_integer,33914,4934504039717305057310,4,4934504039717305057310,4,7
large_integer,33915,4943727411754159833118,4,4943727411754159833118,4,7
large_integer,33916,4934504039717305057312,4,4934504039717305057312,4,7
large_integer,33917,4943727411754159833120,4,4943727411754159833120,4,7
large_integer,33918,4943727411754159833122,4,4943727411754159833122,4,7
large_integer,33919,4952950783791014608930,4,4952950783791014608930,4,7
large_integer,33920,3680125442705055547414,3,3680125442705055547414,3,7
large_integer,33921,4906833923606740729878,4,4906833923606740729878,4,7
large_integer,33922,4906833923606740729880,4,4906833923606740729880,4,7
large_integer,33923,4916057295643595505688,4,4916057295643595505688,4,7
large_integer,33924,4906833923606740729882,4,4906833923606740729882,4,7
large_integer,33925,4916057295643595505690,4,4916057295643595505690,4,7
large_integer,33926,4916057295643595505692,4,4916057295643595505692,4,7
large_integer,33927,4925280667680450281500,4,4925280667680450281500,4,7
large_integer,33928,4906833923606740729884,4,4906833923606740729884,4,7
large_integer,33929,4916057295643595505692,4,4916057295643595505692,4,7
large_integer,33930,4916057295643595505694,4,4916057295643595505694,4,7
large_integer,33931,4925280667680450281502,4,4925280667680450281502,4,7
large_integer,33932,4916057295643595505696,4,4916057295643595505696,4,7
large_integer,33933,4925280667680450281504,4,4925280667680450281504,4,7
large_integer,33934,4925280667680450281506,4,4925280667680450281506,4,7
large_integer,33935,4934504039717305057314,4,4934504039717305057314,4,7
large_integer,33936,3689348814741910323222,3,3689348814741910323222,3,7
large_integer,33937,4916057295643595505686,4,4916057295643595505686,4,7
large_integer,33938,4916057295643595505688,4,4916057295643595505688,4,7
large_integer,33939,4925280667680450281496,4,4925280667680450281496,4,7
large_integer,33940,4916057295643595505690,4,4916057295643595505690,4,7
large_integer,33941,4925280667680450281498,4,4925280667680450281498,4,7
large_integer,33942,4925280667680450281500,4,4925280667680450281500,4,7
large_integer,33943,4934504039717305057308,4,4934504039717305057308,4,7
large_integer,33944,4916057295643595505692,4,4916057295643595505692,4,7
large_integer,33945,4925280667680450281500,4,4925280667680450281500,4,7
large_integer,33946,4925280667680450281502,4,4925280667680450281502,4,7
large_integer,33947,4934504039717305057310,4,4934504039717305057310,4,7
large_integer,33948,4925280667680450281504,4,4925280667680450281504,4,7
large_integer,33949,4934504039717305057312,4,4934504039717305057312,4,7
large_integer,33950,4934504039717305057314,4,4934504039717305057314,4,7
large_integer,33951,4943727411754159833122,4,4943727411754159833122,4,7
large_integer,33952,3689348814741910323224,3,3689348814741910323224,3,7
large_integer,33953,4916057295643595505688,4,4916057295643595505688,4,7
large_integer,33954,4916057295643595505690,4,4916057295643595505690,4,7
large_integer,33955,4925280667680450281498,4,4925280667680450281498,4,7
large_integer,33956,4916057295643595505692,4,4916057295643595505692,4,7
large_integer,33957,4925280667680450281500,4,4925280667680450281500,4,7
large_integer,33958,4925280667680450281502,4,4925280667680450281502,4,7
large_integer,33959,4934504039717305057310,4,4934504039717305057310,4,7
large_integer,33960,4916057295643595505694,4,4916057295643595505694,4,7
large_integer,33961,4925280667680450281502,4,4925280667680450281502,4,7
large_integer,33962,4925280667680450281504,4,4925280667680450281504,4,7
large_integer,33963,4934504039717305057312,4,4934504039717305057312,4,7
large_integer,33964,4925280667680450281506,4,4925280667680450281506,4,7
large_integer,33965,4934504039717305057314,4,4934504039717305057314,4,7
large_integer,33966,4934504039717305057316,4,4934504039717305057316,4,7
large_integer,33967,4943727411754159833124,4,4943727411754159833124,4,7
large_integer,33968,3698572186778765099032,3,3698572186778765099032,3,7
large_integer,33969,4925280667680450281496,4,4925280667680450281496,4,7
large_integer,33970,4925280667680450281498,4,4925280667680450281498,4,7
large_integer,33971,4934504039717305057306,4,4934504039717305057306,4,7
large_integer,33972,4925280667680450281500,4,4925280667680450281500,4,7
large_integer,33973,4934504039717305057308,4,4934504039717305057308,4,7
large_integer,33974,4934504039717305057310,4,4934504039717305057310,4,7
large_integer,33975,4943727411754159833118,4,4943727411754159833118,4,7
large_integer,33976,4925280667680450281502,4,4925280667680450281502,4,7
large_integer,33977,4934504039717305057310,4,4934504039717305057310,4,7
large_integer,33978,4934504039717305057312,4,4934504039717305057312,4,7
large_integer,33979,4943727411754159833120,4,4943727411754159833120,4,7
large_integer,33980,4934504039717305057314,4,4934504039717305057314,4,7
large_integer,33981,4943727411754159833122,4,4943727411754159833122,4,7
large_integer,33982,4943727411754159833124,4,4943727411754159833124,4,7
large_integer,33983,4952950783791014608932,4,4952950783791014608932,4,7
large_integer,33984,3689348814741910323226,3,3689348814741910323226,3,7
large_integer,33985,4916057295643595505690,4,4916057295643595505690,4,7
large_integer,33986,4916057295643595505692,4,4916057295643595505692,4,7
large_integer,33987,4925280667680450281500,4,4925280667680450281500,4,7
large_integer,33988,4916057295643595505694,4,4916057295643595505694,4,7
large_integer,33989,4925280667680450281502,4,4925280667680450281502,4,7
large_integer,33990,4925280667680450281504,4,4925280667680450281504,4,7
large_integer,33991,4934504039717305057312,4,4934504039717305057312,4,7
large_integer,33992,4916057295643595505696,4,4916057295643595505696,4,7
large_integer,33993,4925280667680450281504,4,4925280667680450281504,4,7
large_integer,33994,4925280667680450281506,4,4925280667680450281506,4,7
large_integer,33995,4934504039717305057314,4,4934504039717305057314,4,7
large_integer,33996,4925280667680450281508,4,4925280667680450281508,4,7
large_integer,33997,4934504039717305057316,4,4934504039717305057316,4,7
large_integer,33998,4934504039717305057318,4,4934504039717305057318,4,7
large_integer,33999,4943727411754159833126,4,4943727411754159833126,4,7
large_integer,34000,3698572186778765099034,3,3698572186778765099034,3,7
large_integer,34001,4925280667680450281498,4,4925280667680450281498,4,7
large_integer,34002,4925280667680450281500,4,4925280667680450281500,4,7
large_integer,34003,4934504039717305057308,4,4934504039717305057308,4,7
large_integer,34004,4925280667680450281502,4,4925280667680450281502,4,7
large_integer,34005,4934504039717305057310,4,4934504039717305057310,4,7
large_integer,34006,4934504039717305057312,4,4934504039717305057312,4,7
large_integer,34007,4943727411754159833120,4,4943727411754159833120,4,7
large_integer,34008,4925280667680450281504,4,4925280667680450281504,4,7
large_integer,34009,4934504039717305057312,4,4934504039717305057312,4,7
large_integer,34010,4934504039717305057314,4,4934504039717305057314,4,7
large_integer,34011,4943727411754159833122,4,4943727411754159833122,4,7
large_integer,34012,4934504039717305057316,4,4934504039717305057316,4,7
large_integer,34013,4943727411754159833124,4,4943727411754159833124,4,7
large_integer,34014,4943727411754159833126,4,4943727411754159833126,4,7
large_integer,34015,4952950783791014608934,4,4952950783791014608934,4,7
large_integer,34016,3698572186778765099036,3,3698572186778765099036,3,7
large_integer,34017,4925280667680450281500,4,4925280667680450281500,4,7
large_integer,34018,4925280667680450281502,4,4925280667680450281502,4,7
large_integer,34019,4934504039717305057310,4,4934504039717305057310,4,7
large_integer,34020,4925280667680450281504,4,4925280667680450281504,4,7
large_integer,34021,4934504039717305057312,4,4934504039717305057312,4,7
large_integer,34022,4934504039717305057314,4,4934504039717305057314,4,7
large_integer,34023,4943727411754159833122,4,4943727411754159833122,4,7
large_integer,34024,4925280667680450281506,4,4925280667680450281506,4,7
large_integer,34025,4934504039717305057314,4,4934504039717305057314,4,7
large_integer,34026,4934504039717305057316,4,4934504039717305057316,4,7
large_integer,34027,4943727411754159833124,4,4943727411754159833124,4,7
large_integer,34028,4934504039717305057318,4,4934504039717305057318,4,7
large_integer,34029,4943727411754159833126,4,4943727411754159833126,4,7
large_integer,34030,4943727411754159833128,4,4943727411754159833128,4,7
large_integer,34031,4952950783791014608936,4,4952950783791014608936,4,7
large_integer,34032,3707795558815619874844,3,3707795558815619874844,3,7
large_integer,34033,4934504039717305057308,4,4934504039717305057308,4,7
large_integer,34034,4934504039717305057310,4,4934504039717305057310,4,7
large_integer,34035,4943727411754159833118,4,4943727411754159833118,4,7
large_integer,34036,4934504039717305057312,4,4934504039717305057312,4,7
large_integer,34037,4943727411754159833120,4,4943727411754159833120,4,7
large_integer,34038,4943727411754159833122,4,4943727411754159833122,4,7
large_integer,34039,4952950783791014608930,4,4952950783791014608930,4,7
large_integer,34040,4934504039717305057314,4,4934504039717305057314,4,7
large_integer,34041,4943727411754159833122,4,4943727411754159833122,4,7
large_integer,34042,4943727411754159833124,4,4943727411754159833124,4,7
large_integer,34043,4952950783791014608932,4,4952950783791014608932,4,7
large_integer,34044,4943727411754159833126,4,4943727411754159833126,4,7
large_integer,34045,4952950783791014608934,4,4952950783791014608934,4,7
large_integer,34046,4952950783791014608936,4,4952950783791014608936,4,7
large_integer,34047,4962174155827869384744,4,4962174155827869384744,4,7
large_integer,34048,2462640333840225140751,2,2462640333840225140751,2,7
large_integer,34049,3689348814741910323215,3,3689348814741910323215,3,7
large_integer,34050,3689348814741910323217,3,3689348814741910323217,3,7
large_integer,34051,3698572186778765099025,3,3698572186778765099025,3,7
large_integer,34052,3689348814741910323219,3,3689348814741910323219,3,7
large_integer,34053,3698572186778765099027,3,3698572186778765099027,3,7
large_integer,34054,3698572186778765099029,3,3698572186778765099029,3,7
large_integer,34055,3707795558815619874837,3,3707795558815619874837,3,7
large_integer,34056,3689348814741910323221,3,3689348814741910323221,3,7
large_integer,34057,3698572186778765099029,3,3698572186778765099029,3,7
large_integer,34058,3698572186778765099031,3,3698572186778765099031,3,7
large_integer,34059,3707795558815619874839,3,3707795558815619874839,3,7
large_integer,34060,3698572186778765099033,3,3698572186778765099033,3,7
large_integer,34061,3707795558815619874841,3,3707795558815619874841,3,7
large_integer,34062,3707795558815619874843,3,3707795558815619874843,3,7
large_integer,34063,3717018930852474650651,3,3717018930852474650651,3,7
large_integer,34064,3689348814741910323216,3,3689348814741910323216,3,7
large_integer,34065,4916057295643595505680,4,4916057295643595505680,4,7
large_integer,34066,4916057295643595505682,4,4916057295643595505682,4,7
large_integer,34067,4925280667680450281490,4,4925280667680450281490,4,7
large_integer,34068,4916057295643595505684,4,4916057295643595505684,4,7
large_integer,34069,4925280667680450281492,4,4925280667680450281492,4,7
large_integer,34070,4925280667680450281494,4,4925280667680450281494,4,7
large_integer,34071,4934504039717305057302,4,4934504039717305057302,4,7
large_integer,34072,4916057295643595505686,4,4916057295643595505686,4,7
large_integer,34073,4925280667680450281494,4,4925280667680450281494,4,7
large_integer,34074,4925280667680450281496,4,4925280667680450281496,4,7
large_integer,34075,4934504039717305057304,4,4934504039717305057304,4,7
large_integer,34076,4925280667680450281498,4,4925280667680450281498,4,7
large_integer,34077,4934504039717305057306,4,4934504039717305057306,4,7
large_integer,34078,4934504039717305057308,4,4934504039717305057308,4,7
large_integer,34079,4943727411754159833116,4,4943727411754159833116,4,7
large_integer,34080,3689348814741910323218,3,3689348814741910323218,3,7
large_integer,34081,4916057295643595505682,4,4916057295643595505682,4,7
large_integer,34082,4916057295643595505684,4,4916057295643595505684,4,7
large_integer,34083,4925280667680450281492,4,4925280667680450281492,4,7
large_integer,34084,4916057295643595505686,4,4916057295643595505686,4,7
large_integer,34085,4925280667680450281494,4,4925280667680450281494,4,7
large_integer,34086,4925280667680450281496,4,4925280667680450281496,4,7
large_integer,34087,4934504039717305057304,4,4934504039717305057304,4,7
large_integer,34088,4916057295643595505688,4,4916057295643595505688,4,7
large_integer,34089,4925280667680450281496,4,4925280667680450281496,4,7
large_integer,34090,4925280667680450281498,4,4925280667680450281498,4,7
large_integer,34091,4934504039717305057306,4,4934504039717305057306,4,7
large_integer,34092,4925280667680450281500,4,4925280667680450281500,4,7
large_integer,34093,4934504039717305057308,4,4934504039717305057308,4,7
large_integer,34094,4934504039717305057310,4,4934504039717305057310,4,7
large_integer,34095,4943727411754159833118,4,4943727411754159833118,4,7
large_integer,34096,3698572186778765099026,3,3698572186778765099026,3,7
large_integer,34097,4925280667680450281490,4,4925280667680450281490,4,7
large_integer,34098,4925280667680450281492,4,4925280667680450281492,4,7
large_integer,34099,4934504039717305057300,4,4934504039717305057300,4,7
large_integer,34100,4925280667680450281494,4,4925280667680450281494,4,7
large_integer,34101,4934504039717305057302,4,4934504039717305057302,4,7
large_integer,34102,4934504039717305057304,4,4934504039717305057304,4,7
large_integer,34103,4943727411754159833112,4,4943727411754159833112,4,7
large_integer,34104,4925280667680450281496,4,4925280667680450281496,4,7
large_integer,34105,4934504039717305057304,4,4934504039717305057304,4,7
large_integer,34106,4934504039717305057306,4,4934504039717305057306,4,7
large_integer,34107,4943727411754159833114,4,4943727411754159833114,4,7
large_integer,34108,4934504039717305057308,4,4934504039717305057308,4,7
large_integer,34109,4943727411754159833116,4,4943727411754159833116,4,7
large_integer,34110,4943727411754159833118,4,4943727411754159833118,4,7
large_integer,34111,4952950783791014608926,4,4952950783791014608926,4,7
large_integer,34112,3689348814741910323220,3,3689348814741910323220,3,7
large_integer,34113,4916057295643595505684,4,4916057295643595505684,4,7
large_integer,34114,4916057295643595505686,4,4916057295643595505686,4,7
large_integer,34115,4925280667680450281494,4,4925280667680450281494,4,7
large_integer,34116,4916057295643595505688,4,4916057295643595505688,4,7
large_integer,34117,4925280667680450281496,4,4925280667680450281496,4,7
large_integer,34118,4925280667680450281498,4,4925280667680450281498,4,7
large_integer,34119,4934504039717305057306,4,4934504039717305057306,4,7
large_integer,34120,4916057295643595505690,4,4916057295643595505690,4,7
large_integer,34121,4925280667680450281498,4,4925280667680450281498,4,7
large_integer,34122,4925280667680450281500,4,4925280667680450281500,4,7
large_integer,34123,4934504039717305057308,4,4934504039717305057308,4,7
large_integer,34124,4925280667680450281502,4,4925280667680450281502,4,7
large_integer,34125,4934504039717305057310,4,4934504039717305057310,4,7
large_integer,34126,4934504039717305057312,4,4934504039717305057312,4,7
large_integer,34127,4943727411754159833120,4,4943727411754159833120,4,7
large_integer,34128,3698572186778765099028,3,3698572186778765099028,3,7
large_integer,34129,4925280667680450281492,4,4925280667680450281492,4,7
large_integer,34130,4925280667680450281494,4,4925280667680450281494,4,7
large_integer,34131,4934504039717305057302,4,4934504039717305057302,4,7
large_integer,34132,4925280667680450281496,4,4925280667680450281496,4,7
large_integer,34133,4934504039717305057304,4,4934504039717305057304,4,7
large_integer,34134,4934504039717305057306,4,4934504039717305057306,4,7
large_integer,34135,4943727411754159833114,4,4943727411754159833114,4,7
large_integer,34136,4925280667680450281498,4,4925280667680450281498,4,7
large_integer,34137,4934504039717305057306,4,4934504039717305057306,4,7
large_integer,34138,4934504039717305057308,4,4934504039717305057308,4,7
large_integer,34139,4943727411754159833116,4,4943727411754159833116,4,7
large_integer,34140,4934504039717305057310,4,4934504039717305057310,4,7
large_integer,34141,4943727411754159833118,4,4943727411754159833118,4,7
large_integer,34142,4943727411754159833120,4,4943727411754159833120,4,7
large_integer,34143,4952950783791014608928,4,4952950783791014608928,4,7
large_integer,34144,3698572186778765099030,3,3698572186778765099030,3,7
large_integer,34145,4925280667680450281494,4,4925280667680450281494,4,7
large_integer,34146,4925280667680450281496,4,4925280667680450281496,4,7
large_integer,34147,4934504039717305057304,4,4934504039717305057304,4,7
large_integer,34148,4925280667680450281498,4,4925280667680450281498,4,7
large_integer,34149,4934504039717305057306,4,4934504039717305057306,4,7
large_integer,34150,4934504039717305057308,4,4934504039717305057308,4,7
large_integer,34151,4943727411754159833116,4,4943727411754159833116,4,7
large_integer,34152,4925280667680450281500,4,4925280667680450281500,4,7
large_integer,34153,4934504039717305057308,4,4934504039717305057308,4,7
large_integer,34154,4934504039717305057310,4,4934504039717305057310,4,7
large_integer,34155,4943727411754159833118,4,4943727411754159833118,4,7
large_integer,34156,4934504039717305057312,4,4934504039717305057312,4,7
large_integer,34157,4943727411754159833120,4,4943727411754159833120,4,7
large_integer,34158,4943727411754159833122,4,4943727411754159833122,4,7
large_integer,34159,4952950783791014608930,4,4952950783791014608930,4,7
large_integer,34160,3707795558815619874838,3,3707795558815619874838,3,7
large_integer,34161,4934504039717305057302,4,4934504039717305057302,4,7
large_integer,34162,4934504039717305057304,4,4934504039717305057304,4,7
large_integer,34163,4943727411754159833112,4,4943727411754159833112,4,7
large_integer,34164,4934504039717305057306,4,4934504039717305057306,4,7
large_integer,34165,4943727411754159833114,4,4943727411754159833114,4,7
large_integer,34166,4943727411754159833116,4,4943727411754159833116,4,7
large_integer,34167,4952950783791014608924,4,4952950783791014608924,4,7
large_integer,34168,4934504039717305057308,4,4934504039717305057308,4,7
large_integer,34169,4943727411754159833116,4,4943727411754159833116,4,7
large_integer,34170,4943727411754159833118,4,4943727411754159833118,4,7
large_integer,34171,4952950783791014608926,4,4952950783791014608926,4,7
large_integer,34172,4943727411754159833120,4,4943727411754159833120,4,7
large_integer,34173,4952950783791014608928,4,4952950783791014608928,4,7
large_integer,34174,4952950783791014608930,4,4952950783791014608930,4,7
large_integer,34175,4962174155827869384738,4,4962174155827869384738,4,7
large_integer,34176,3689348814741910323222,3,3689348814741910323222,3,7
large_integer,34177,4916057295643595505686,4,4916057295643595505686,4,7
large_integer,34178,4916057295643595505688,4,4916057295643595505688,4,7
large_integer,34179,4925280667680450281496,4,4925280667680450281496,4,7
large_integer,34180,4916057295643595505690,4,4916057295643595505690,4,7
large_integer,34181,4925280667680450281498,4,4925280667680450281498,4,7
large_integer,34182,4925280667680450281500,4,4925280667680450281500,4,7
large_integer,34183,4934504039717305057308,4,4934504039717305057308,4,7
large_integer,34184,4916057295643595505692,4,4916057295643595505692,4,7
large_integer,34185,4925280667680450281500,4,4925280667680450281500,4,7
large_integer,34186,4925280667680450281502,4,4925280667680450281502,4,7
large_integer,34187,4934504039717305057310,4,4934504039717305057310,4,7
large_integer,34188,4925280667680450281504,4,4925280667680450281504,4,7
large_integer,34189,4934504039717305057312,4,4934504039717305057312,4,7
large_integer,34190,4934504039717305057314,4,4934504039717305057314,4,7
large_integer,34191,4943727411754159833122,4,4943727411754159833122,4,7
large_integer,34192,3698572186778765099030,3,3698572186778765099030,3,7
large_integer,34193,4925280667680450281494,4,4925280667680450281494,4,7
large_integer,34194,4925280667680450281496,4,4925280667680450281496,4,7
large_integer,34195,4934504039717305057304,4,4934504039717305057304,4,7
large_integer,34196,4925280667680450281498,4,4925280667680450281498,4,7
large_integer,34197,4934504039717305057306,4,4934504039717305057306,4,7
large_integer,34198,4934504039717305057308,4,4934504039717305057308,4,7
large_integer,34199,4943727411754159833116,4,4943727411754159833116,4,7
large_integer,34200,4925280667680450281500,4,4925280667680450281500,4,7
large_integer,34201,4934504039717305057308,4,4934504039717305057308,4,7
large_integer,34202,4934504039717305057310,4,4934504039717305057310,4,7
large_integer,34203,4943727411754159833118,4,4943727411754159833118,4,7
large_integer,34204,4934504039717305057312,4,4934504039717305057312,4,7
large_integer,34205,4943727411754159833120,4,4943727411754159833120,4,7
large_integer,34206,4943727411754159833122,4,4943727411754159833122,4,7
large_integer,34207,4952950783791014608930,4,4952950783791014608930,4,7
large_integer,34208,3698572186778765099032,3,3698572186778765099032,3,7
large_integer,34209,4925280667680450281496,4,4925280667680450281496,4,7
large_integer,34210,4925280667680450281498,4,4925280667680450281498,4,7
large_integer,34211,4934504039717305057306,4,4934504039717305057306,4,7
large_integer,34212,4925280667680450281500,4,4925280667680450281500,4,7
large_integer,34213,4934504039717305057308,4,4934504039717305057308,4,7
large_integer,34214,4934504039717305057310,4,4934504039717305057310,4,7
large_integer,34215,4943727411754159833118,4,4943727411754159833118,4,7
large_integer,34216,4925280667680450281502,4,4925280667680450281502,4,7
large_integer,34217,4934504039717305057310,4,4934504039717305057310,4,7
large_integer,34218,4934504039717305057312,4,4934504039717305057312,4,7
large_integer,34219,4943727411754159833120,4,4943727411754159833120,4,7
large_integer,34220,4934504039717305057314,4,4934504039717305057314,4,7
large_integer,34221,4943727411754159833122,4,4943727411754159833122,4,7
large_integer,34222,4943727411754159833124,4,4943727411754159833124,4,7
large_integer,34223,4952950783791014608932,4,4952950783791014608932,4,7
large_integer,34224,3707795558815619874840,3,3707795558815619874840,3,7
large_integer,34225,4934504039717305057304,4,4934504039717305057304,4,7
large_integer,34226,4934504039717305057306,4,4934504039717305057306,4,7
large_integer,34227,4943727411754159833114,4,4943727411754159833114,4,7
large_integer,34228,4934504039717305057308,4,4934504039717305057308,4,7
large_integer,34229,4943727411754159833116,4,4943727411754159833116,4,7
large_integer,34230,4943727411754159833118,4,4943727411754159833118,4,7
large_integer,34231,4952950783791014608926,4,4952950783791014608926,4,7
large_integer,34232,4934504039717305057310,4,4934504039717305057310,4,7
large_integer,34233,4943727411754159833118,4,4943727411754159833118,4,7
large_integer,34234,4943727411754159833120,4,4943727411754159833120,4,7
large_integer,34235,4952950783791014608928,4,4952950783791014608928,4,7
large_integer,34236,4943727411754159833122,4,4943727411754159833122,4,7
large_integer,34237,4952950783791014608930,4,4952950783791014608930,4,7
large_integer,34238,4952950783791014608932,4,4952950783791014608932,4,7
large_integer,34239,4962174155827869384740,4,4962174155827869384740,4,7
large_integer,34240,3698572186778765099034,3,3698572186778765099034,3,7
large_integer,34241,4925280667680450281498,4,4925280667680450281498,4,7
large_integer,34242,4925280667680450281500,4,4925280667680450281500,4,7
large_integer,34243,4934504039717305057308,4,4934504039717305057308,4,7
large_integer,34244,4925280667680450281502,4,4925280667680450281502,4,7
large_integer,34245,4934504039717305057310,4,4934504039717305057310,4,7
large_integer,34246,4934504039717305057312,4,4934504039717305057312,4,7
large_integer,34247,4943727411754159833120,4,4943727411754159833120,4,7
large_integer,34248,4925280667680450281504,4,4925280667680450281504,4,7
large_integer,34249,4934504039717305057312,4,4934504039717305057312,4,7
large_integer,34250,4934504039717305057314,4,4934504039717305057314,4,7
large_integer,34251,4943727411754159833122,4,4943727411754159833122,4,7
large_integer,34252,4934504039717305057316,4,4934504039717305057316,4,7
large_integer,34253,4943727411754159833124,4,4943727411754159833124,4,7
large_integer,34254,4943727411754159833126,4,4943727411754159833126,4,7
large_integer,34255,4952950783791014608934,4,4952950783791014608934,4,7
large_integer,34256,3707795558815619874842,3,3707795558815619874842,3,7
large_integer,34257,4934504039717305057306,4,4934504039717305057306,4,7
large_integer,34258,4934504039717305057308,4,4934504039717305057308,4,7
large_integer,34259,4943727411754159833116,4,4943727411754159833116,4,7
large_integer,34260,4934504039717305057310,4,4934504039717305057310,4,7
large_integer,34261,4943727411754159833118,4,4943727411754159833118,4,7
large_integer,34262,4943727411754159833120,4,4943727411754159833120,4,7
large_integer,34263,4952950783791014608928,4,4952950783791014608928,4,7
large_integer,34264,4934504039717305057312,4,4934504039717305057312,4,7
large_integer,34265,4943727411754159833120,4,4943727411754159833120,4,7
large_integer,34266,4943727411754159833122,4,4943727411754159833122,4,7
large_integer,34267,4952950783791014608930,4,4952950783791014608930,4,7
large_integer,34268,4943727411754159833124,4,4943727411754159833124,4,7
large_integer,34269,4952950783791014608932,4,4952950783791014608932,4,7
large_integer,34270,4952950783791014608934,4,4952950783791014608934,4,7
large_integer,34271,4962174155827869384742,4,4962174155827869384742,4,7
large_integer,34272,3707795558815619874844,3,3707795558815619874844,3,7
large_integer,34273,4934504039717305057308,4,4934504039717305057308,4,7
large_integer,34274,4934504039717305057310,4,4934504039717305057310,4,7
large_integer,34275,4943727411754159833118,4,4943727411754159833118,4,7
large_integer,34276,4934504039717305057312,4,4934504039717305057312,4,7
large_integer,34277,4943727411754159833120,4,4943727411754159833120,4,7
large_integer,34278,4943727411754159833122,4,4943727411754159833122,4,7
large_integer,34279,4952950783791014608930,4,4952950783791014608930,4,7
large_integer,34280,4934504039717305057314,4,4934504039717305057314,4,7
large_integer,34281,4943727411754159833122,4,4943727411754159833122,4,7
large_integer,34282,4943727411754159833124,4,4943727411754159833124,4,7
large_integer,34283,4952950783791014608932,4,4952950783791014608932,4,7
large_integer,34284,4943727411754159833126,4,4943727411754159833126,4,7
large_integer,34285,4952950783791014608934,4,4952950783791014608934,4,7
large_integer,34286,4952950783791014608936,4,4952950783791014608936,4,7
large_integer,34287,4962174155827869384744,4,4962174155827869384744,4,7
large_integer,34288,3717018930852474650652,3,3717018930852474650652,3,7
large_integer,34289,4943727411754159833116,4,4943727411754159833116,4,7
large_integer,34290,4943727411754159833118,4,4943727411754159833118,4,7
large_integer,34291,4952950783791014608926,4,4952950783791014608926,4,7
large_integer,34292,4943727411754159833120,4,4943727411754159833120,4,7
large_integer,34293,4952950783791014608928,4,4952950783791014608928,4,7
large_integer,34294,4952950783791014608930,4,4952950783791014608930,4,7
large_integer,34295,4962174155827869384738,4,4962174155827869384738,4,7
large_integer,34296,4943727411754159833122,4,4943727411754159833122,4,7
large_integer,34297,4952950783791014608930,4,4952950783791014608930,4,7
large_integer,34298,4952950783791014608932,4,4952950783791014608932,4,7
large_integer,34299,4962174155827869384740,4,4962174155827869384740,4,7
large_integer,34300,4952950783791014608934,4,4952950783791014608934,4,7
large_integer,34301,4962174155827869384742,4,4962174155827869384742,4,7
large_integer,34302,4962174155827869384744,4,4962174155827869384744,4,7
large_integer,34303,4971397527864724160552,4,4971397527864724160552,4,7
large_integer,34304,2462640333840225140753,2,2462640333840225140753,2,7
large_integer,34305,3689348814741910323217,3,3689348814741910323217,3,7
large_integer,34306,3689348814741910323219,3,3689348814741910323219,3,7
large_integer,34307,3698572186778765099027,3,3698572186778765099027,3,7
large_integer,34308,3689348814741910323221,3,3689348814741910323221,3,7
large_integer,34309,3698572186778765099029,3,3698572186778765099029,3,7
large_integer,34310,3698572186778765099031,3,3698572186778765099031,3,7
large_integer,34311,3707795558815619874839,3,3707795558815619874839,3,7
large_integer,34312,3689348814741910323223,3,3689348814741910323223,3,7
large_integer,34313,3698572186778765099031,3,3698572186778765099031,3,7
large_integer,34314,3698572186778765099033,3,3698572186778765099033,3,7
large_integer,34315,3707795558815619874841,3,3707795558815619874841,3,7
large_integer,34316,3698572186778765099035,3,3698572186778765099035,3,7
large_integer,34317,3707795558815619874843,3,3707795558815619874843,3,7
large_integer,34318,3707795558815619874845,3,3707795558815619874845,3,7
large_integer,34319,3717018930852474650653,3,3717018930852474650653,3,7
large_integer,34320,3689348814741910323218,3,3689348814741910323218,3,7
large_integer,34321,4916057295643595505682,4,4916057295643595505682,4,7
large_integer,34322,4916057295643595505684,4,4916057295643595505684,4,7
large_integer,34323,4925280667680450281492,4,4925280667680450281492,4,7
large_integer,34324,4916057295643595505686,4,4916057295643595505686,4,7
large_integer,34325,4925280667680450281494,4,4925280667680450281494,4,7
large_integer,34326,4925280667680450281496,4,4925280667680450281496,4,7
large_integer,34327,4934504039717305057304,4,4934504039717305057304,4,7
large_integer,34328,4916057295643595505688,4,4916057295643595505688,4,7
large_integer,34329,4925280667680450281496,4,4925280667680450281496,4,7
large_integer,34330,4925280667680450281498,4,4925280667680450281498,4,7
large_integer,34331,4934504039717305057306,4,4934504039717305057306,4,7
large_integer,34332,4925280667680450281500,4,4925280667680450281500,4,7
large_integer,34333,4934504039717305057308,4,4934504039717305057308,4,7
large_integer,34334,4934504039717305057310,4,4934504039717305057310,4,7
large_integer,34335,4943727411754159833118,4,4943727411754159833118,4,7
large_integer,34336,3689348814741910323220,3,3689348814741910323220,3,7
large_integer,34337,4916057295643595505684,4,4916057295643595505684,4,7
large_integer,34338,4916057295643595505686,4,4916057295643595505686,4,7
large_integer,34339,4925280667680450281494,4,4925280667680450281494,4,7
large_integer,34340,4916057295643595505688,4,4916057295643595505688,4,7
large_integer,34341,4925280667680450281496,4,4925280667680450281496,4,7
large_integer,34342,4925280667680450281498,4,4925280667680450281498,4,7
large_integer,34343,4934504039717305057306,4,4934504039717305057306,4,7
large_integer,34344,4916057295643595505690,4,4916057295643595505690,4,7
large_integer,34345,4925280667680450281498,4,4925280667680450281498,4,7
large_integer,34346,4925280667680450281500,4,4925280667680450281500,4,7
large_integer,34347,4934504039717305057308,4,4934504039717305057308,4,7
large_integer,34348,4925280667680450281502,4,4925280667680450281502,4,7
large_integer,34349,4934504039717305057310,4,4934504039717305057310,4,7
large_integer,34350,4934504039717305057312,4,4934504039717305057312,4,7
large_integer,34351,4943727411754159833120,4,4943727411754159833120,4,7
large_integer,34352,3698572186778765099028,3,3698572186778765099028,3,7
large_integer,34353,4925280667680450281492,4,4925280667680450281492,4,7
large_integer,34354,4925280667680450281494,4,4925280667680450281494,4,7
large_integer,34355,4934504039717305057302,4,4934504039717305057302,4,7
large_integer,34356,4925280667680450281496,4,4925280667680450281496,4,7
large_integer,34357,4934504039717305057304,4,4934504039717305057304,4,7
large_integer,34358,4934504039717305057306,4,4934504039717305057306,4,7
large_integer,34359,4943727411754159833114,4,4943727411754159833114,4,7
large_integer,34360,4925280667680450281498,4,4925280667680450281498,4,7
large_integer,34361,4934504039717305057306,4,4934504039717305057306,4,7
large_integer,34362,4934504039717305057308,4,4934504039717305057308,4,7
large_integer,34363,4943727411754159833116,4,4943727411754159833116,4,7
large_integer,34364,4934504039717305057310,4,4934504039717305057310,4,7
large_integer,34365,4943727411754159833118,4,4943727411754159833118,4,7
large_integer,34366,4943727411754159833120,4,4943727411754159833120,4,7
large_integer,34367,4952950783791014608928,4,4952950783791014608928,4,7
large_integer,34368,3689348814741910323222,3,3689348814741910323222,3,7
large_integer,34369,4916057295643595505686,4,4916057295643595505686,4,7
large_integer,34370,4916057295643595505688,4,4916057295643595505688,4,7
large_integer,34371,4925280667680450281496,4,4925280667680450281496,4,7
large_integer,34372,4916057295643595505690,4,4916057295643595505690,4,7
large_integer,34373,4925280667680450281498,4,4925280667680450281498,4,7
large_integer,34374,4925280667680450281500,4,4925280667680450281500,4,7
large_integer,34375,4934504039717305057308,4,4934504039717305057308,4,7
large_integer,34376,4916057295643595505692,4,4916057295643595505692,4,7
large_integer,34377,4925280667680450281500,4,4925280667680450281500,4,7
large_integer,34378,4925280667680450281502,4,4925280667680450281502,4,7
large_integer,34379,4934504039717305057310,4,4934504039717305057310,4,7
large_integer,34380,4925280667680450281504,4,4925280667680450281504,4,7
large_integer,34381,4934504039717305057312,4,4934504039717305057312,4,7
large_integer,34382,4934504039717305057314,4,4934504039717305057314,4,7
large_integer,34383,4943727411754159833122,4,4943727411754159833122,4,7
large_integer,34384,3698572186778765099030,3,3698572186778765099030,3,7
large_integer,34385,4925280667680450281494,4,4925280667680450281494,4,7
large_integer,34386,4925280667680450281496,4,4925280667680450281496,4,7
large_integer,34387,4934504039717305057304,4,4934504039717305057304,4,7
large_integer,34388,4925280667680450281498,4,4925280667680450281498,4,7
large_integer,34389,4934504039717305057306,4,4934504039717305057306,4,7
large_integer,34390,4934504039717305057308,4,4934504039717305057308,4,7
large_integer,34391,4943727411754159833116,4,4943727411754159833116,4,7
large_integer,34392,4925280667680450281500,4,4925280667680450281500,4,7
large_integer,34393,4934504039717305057308,4,4934504039717305057308,4,7
large_integer,34394,4934504039717305057310,4,4934504039717305057310,4,7
large_integer,34395,4943727411754159833118,4,4943727411754159833118,4,7
large_integer,34396,4934504039717305057312,4,4934504039717305057312,4,7
large_integer,34397,4943727411754159833120,4,4943727411754159833120,4,7
large_integer,34398,4943727411754159833122,4,4943727411754159833122,4,7
large_integer,34399,4952950783791014608930,4,4952950783791014608930,4,7
large_integer,34400,3698572186778765099032,3,3698572186778765099032,3,7
large_integer,34401,4925280667680450281496,4,4925280667680450281496,4,7
large_integer,34402,4925280667680450281498,4,4925280667680450281498,4,7
large_integer,34403,4934504039717305057306,4,4934504039717305057306,4,7
large_integer,34404,4925280667680450281500,4,4925280667680450281500,4,7
large_integer,34405,4934504039717305057308,4,4934504039717305057308,4,7
large_integer,34406,4934504039717305057310,4,4934504039717305057310,4,7
large_integer,34407,4943727411754159833118,4,4943727411754159833118,4,7
large_integer,34408,4925280667680450281502,4,4925280667680450281502,4,7
large_integer,34409,4934504039717305057310,4,4934504039717305057310,4,7
large_integer,34410,4934504039717305057312,4,4934504039717305057312,4,7
large_integer,34411,4943727411754159833120,4,4943727411754159833120,4,7
large_integer,34412,4934504039717305057314,4,4934504039717305057314,4,7
large_integer,34413,4943727411754159833122,4,4943727411754159833122,4,7
large_integer,34414,4943727411754159833124,4,4943727411754159833124,4,7
large_integer,34415,4952950783791014608932,4,4952950783791014608932,4,7
large_integer,34416,3707795558815619874840,3,3707795558815619874840,3,7
large_integer,34417,4934504039717305057304,4,4934504039717305057304,4,7
large_integer,34418,4934504039717305057306,4,4934504039717305057306,4,7
large_integer,34419,4943727411754159833114,4,4943727411754159833114,4,7
large_integer,34420,4934504039717305057308,4,4934504039717305057308,4,7
large_integer,34421,4943727411754159833116,4,4943727411754159833116,4,7
large_integer,34422,4943727411754159833118,4,4943727411754159833118,4,7
large_integer,34423,4952950783791014608926,4,4952950783791014608926,4,7
large_integer,34424,4934504039717305057310,4,4934504039717305057310,4,7
large_integer,34425,4943727411754159833118,4,4943727411754159833118,4,7
large_integer,34426,4943727411754159833120,4,4943727411754159833120,4,7
large_integer,34427,4952950783791014608928,4,4952950783791014608928,4,7
large_integer,34428,4943727411754159833122,4,4943727411754159833122,4,7
large_integer,34429,4952950783791014608930,4,4952950783791014608930,4,7
large_integer,34430,4952950783791014608932,4,4952950783791014608932,4,7
large_integer,34431,4962174155827869384740,4,4962174155827869384740,4,7
large_integer,34432,3689348814741910323224,3,3689348814741910323224,3,7
large_integer,34433,4916057295643595505688,4,4916057295643595505688,4,7
large_integer,34434,4916057295643595505690,4,4916057295643595505690,4,7
large_integer,34435,4925280667680450281498,4,4925280667680450281498,4,7
large_integer,34436,4916057295643595505692,4,4916057295643595505692,4,7
large_integer,34437,4925280667680450281500,4,4925280667680450281500,4,7
large_integer,34438,4925280667680450281502,4,4925280667680450281502,4,7
large_integer,34439,4934504039717305057310,4,4934504039717305057310,4,7
large_integer,34440,4916057295643595505694,4,4916057295643595505694,4,7
large_integer,34441,4925280667680450281502,4,4925280667680450281502,4,7
large_integer,34442,4925280667680450281504,4,4925280667680450281504,4,7
large_integer,34443,4934504039717305057312,4,4934504039717305057312,4,7
large_integer,34444,4925280667680450281506,4,4925280667680450281506,4,7
large_integer,34445,4934504039717305057314,4,4934504039717305057314,4,7
large_integer,34446,4934504039717305057316,4,4934504039717305057316,4,7
large_integer,34447,4943727411754159833124,4,4943727411754159833124,4,7
large_integer,34448,3698572186778765099032,3,3698572186778765099032,3,7
large_integer,34449,4925280667680450281496,4,4925280667680450281496,4,7
large_integer,34450,4925280667680450281498,4,4925280667680450281498,4,7
large_integer,34451,4934504039717305057306,4,4934504039717305057306,4,7
large_integer,34452,4925280667680450281500,4,4925280667680450281500,4,7
large_integer,34453,4934504039717305057308,4,4934504039717305057308,4,7
large_integer,34454,4934504039717305057310,4,4934504039717305057310,4,7
large_integer,34455,4943727411754159833118,4,4943727411754159833118,4,7
large_integer,34456,4925280667680450281502,4,4925280667680450281502,4,7
large_integer,34457,4934504039717305057310,4,4934504039717305057310,4,7
large_integer,34458,4934504039717305057312,4,4934504039717305057312,4,7
large_integer,34459,4943727411754159833120,4,4943727411754159833120,4,7
large_integer,34460,4934504039717305057314,4,4934504039717305057314,4,7
large_integer,34461,4943727411754159833122,4,4943727411754159833122,4,7
large_integer,34462,4943727411754159833124,4,4943727411754159833124,4,7
large_integer,34463,4952950783791014608932,4,4952950783791014608932,4,7
large_integer,34464,3698572186778765099034,3,3698572186778765099034,3,7
large_integer,34465,4925280667680450281498,4,4925280667680450281498,4,7
large_integer,34466,4925280667680450281500,4,4925280667680450281500,4,7
large_integer,34467,4934504039717305057308,4,4934504039717305057308,4,7
large_integer,34468,4925280667680450281502,4,4925280667680450281502,4,7
large_integer,34469,4934504039717305057310,4,4934504039717305057310,4,7
large_integer,34470,4934504039717305057312,4,4934504039717305057312,4,7
large_integer,34471,4943727411754159833120,4,4943727411754159833120,4,7
large_integer,34472,4925280667680450281504,4,4925280667680450281504,4,7
large_integer,34473,4934504039717305057312,4,4934504039717305057312,4,7
large_integer,34474,4934504039717305057314,4,4934504039717305057314,4,7
large_integer,34475,4943727411754159833122,4,4943727411754159833122,4,7
large_integer,34476,4934504039717305057316,4,4934504039717305057316,4,7
large_integer,34477,4943727411754159833124,4,4943727411754159833124,4,7
large_integer,34478,4943727411754159833126,4,4943727411754159833126,4,7
large_integer,34479,4952950783791014608934,4,4952950783791014608934,4,7
large_integer,34480,3707795558815619874842,3,3707795558815619874842,3,7
large_integer,34481,4934504039717305057306,4,4934504039717305057306,4,7
large_integer,34482,4934504039717305057308,4,4934504039717305057308,4,7
large_integer,34483,4943727411754159833116,4,4943727411754159833116,4,7
large_integer,34484,4934504039717305057310,4,4934504039717305057310,4,7
large_integer,34485,4943727411754159833118,4,4943727411754159833118,4,7
large_integer,34486,4943727411754159833120,4,4943727411754159833120,4,7
large_integer,34487,4952950783791014608928,4,4952950783791014608928,4,7
large_integer,34488,4934504039717305057312,4,4934504039717305057312,4,7
large_integer,34489,4943727411754159833120,4,4943727411754159833120,4,7
large_integer,34490,4943727411754159833122,4,4943727411754159833122,4,7
large_integer,34491,4952950783791014608930,4,4952950783791014608930,4,7
large_integer,34492,4943727411754159833124,4,4943727411754159833124,4,7
large_integer,34493,4952950783791014608932,4,4952950783791014608932,4,7
large_integer,34494,4952950783791014608934,4,4952950783791014608934,4,7
large_integer,34495,4962174155827869384742,4,4962174155827869384742,4,7
large_integer,34496,3698572186778765099036,3,3698572186778765099036,3,7
large_integer,34497,4925280667680450281500,4,4925280667680450281500,4,7
large_integer,34498,4925280667680450281502,4,4925280667680450281502,4,7
large_integer,34499,4934504039717305057310,4,4934504039717305057310,4,7
large_integer,34500,4925280667680450281504,4,4925280667680450281504,4,7
large_integer,34501,4934504039717305057312,4,4934504039717305057312,4,7
large_integer,34502,4934504039717305057314,4,4934504039717305057314,4,7
large_integer,34503,4943727411754159833122,4,4943727411754159833122,4,7
large_integer,34504,4925280667680450281506,4,4925280667680450281506,4,7
large_integer,34505,4934504039717305057314,4,4934504039717305057314,4,7
large_integer,34506,4934504039717305057316,4,4934504039717305057316,4,7
large_integer,34507,4943727411754159833124,4,4943727411754159833124,4,7
large_integer,34508,4934504039717305057318,4,4934504039717305057318,4,7
large_integer,34509,4943727411754159833126,4,4943727411754159833126,4,7
large_integer,34510,4943727411754159833128,4,4943727411754159833128,4,7
large_integer,34511,4952950783791014608936,4,4952950783791014608936,4,7
large_integer,34512,3707795558815619874844,3,3707795558815619874844,3,7
large_integer,34513,4934504039717305057308,4,4934504039717305057308,4,7
large_integer,34514,4934504039717305057310,4,4934504039717305057310,4,7
large_integer,34515,4943727411754159833118,4,4943727411754159833118,4,7
large_integer,34516,4934504039717305057312,4,4934504039717305057312,4,7
large_integer,34517,4943727411754159833120,4,4943727411754159833120,4,7
large_integer,34518,4943727411754159833122,4,4943727411754159833122,4,7
large_integer,34519,4952950783791014608930,4,4952950783791014608930,4,7
large_integer,34520,4934504039717305057314,4,4934504039717305057314,4,7
large_integer,34521,4943727411754159833122,4,4943727411754159833122,4,7
large_integer,34522,4943727411754159833124,4,4943727411754159833124,4,7
large_integer,34523,4952950783791014608932,4,4952950783791014608932,4,7
large_integer,34524,4943727411754159833126,4,4943727411754159833126,4,7
large_integer,34525,4952950783791014608934,4,4952950783791014608934,4,7
large_integer,34526,4952950783791014608936,4,4952950783791014608936,4,7
large_integer,34527,4962174155827869384744,4,4962174155827869384744,4,7
large_integer,34528,3707795558815619874846,3,3707795558815619874846,3,7
large_integer,34529,4934504039717305057310,4,4934504039717305057310,4,7
large_integer,34530,4934504039717305057312,4,4934504039717305057312,4,7
large_integer,34531,4943727411754159833120,4,4943727411754159833120,4,7
large_integer,34532,4934504039717305057314,4,4934504039717305057314,4,7
large_integer,34533,4943727411754159833122,4,4943727411754159833122,4,7
large_integer,34534,4943727411754159833124,4,4943727411754159833124,4,7
large_integer,34535,4952950783791014608932,4,4952950783791014608932,4,7
large_integer,34536,4934504039717305057316,4,4934504039717305057316,4,7
large_integer,34537,4943727411754159833124,4,4943727411754159833124,4,7
large_integer,34538,4943727411754159833126,4,4943727411754159833126,4,7
large_integer,34539,4952950783791014608934,4,4952950783791014608934,4,7
large_integer,34540,4943727411754159833128,4,4943727411754159833128,4,7
large_integer,34541,4952950783791014608936,4,4952950783791014608936,4,7
large_integer,34542,4952950783791014608938,4,4952950783791014608938,4,7
large_integer,34543,4962174155827869384746,4,4962174155827869384746,4,7
large_integer,34544,3717018930852474650654,3,3717018930852474650654,3,7
large_integer,34545,4943727411754159833118,4,4943727411754159833118,4,7
large_integer,34546,4943727411754159833120,4,4943727411754159833120,4,7
large_integer,34547,4952950783791014608928,4,4952950783791014608928,4,7
large_integer,34548,4943727411754159833122,4,4943727411754159833122,4,7
large_integer,34549,4952950783791014608930,4,4952950783791014608930,4,7
large_integer,34550,4952950783791014608932,4,4952950783791014608932,4,7
large_integer,34551,4962174155827869384740,4,4962174155827869384740,4,7
large_integer,34552,4943727411754159833124,4,4943727411754159833124,4,7
large_integer,34553,4952950783791014608932,4,4952950783791014608932,4,7
large_integer,34554,4952950783791014608934,4,4952950783791014608934,4,7
large_integer,34555,4962174155827869384742,4,4962174155827869384742,4,7
large_integer,34556,4952950783791014608936,4,4952950783791014608936,4,7
large_integer,34557,4962174155827869384744,4,4962174155827869384744,4,7
large_integer,34558,4962174155827869384746,4,4962174155827869384746,4,7
large_integer,34559,4971397527864724160554,4,4971397527864724160554,4,7
large_integer,34560,2471863705877079916561,2,2471863705877079916561,2,7
large_integer,34561,3698572186778765099025,3,3698572186778765099025,3,7
large_integer,34562,3698572186778765099027,3,3698572186778765099027,3,7
large_integer,34563,3707795558815619874835,3,3707795558815619874835,3,7
large_integer,34564,3698572186778765099029,3,3698572186778765099029,3,7
large_integer,34565,3707795558815619874837,3,3707795558815619874837,3,7
large_integer,34566,3707795558815619874839,3,3707795558815619874839,3,7
large_integer,34567,3717018930852474650647,3,3717018930852474650647,3,7
large_integer,34568,3698572186778765099031,3,3698572186778765099031,3,7
large_integer,34569,3707795558815619874839,3,3707795558815619874839,3,7
large_integer,34570,3707795558815619874841,3,3707795558815619874841,3,7
large_integer,34571,3717018930852474650649,3,3717018930852474650649,3,7
large_integer,34572,3707795558815619874843,3,3707795558815619874843,3,7
large_integer,34573,3717018930852474650651,3,3717018930852474650651,3,7
large_integer,34574,3717018930852474650653,3,3717018930852474650653,3,7
large_integer,34575,3726242302889329426461,3,3726242302889329426461,3,7
large_integer,34576,3698572186778765099026,3,3698572186778765099026,3,7
large_integer,34577,4925280667680450281490,4,4925280667680450281490,4,7
large_integer,34578,4925280667680450281492,4,4925280667680450281492,4,7
large_integer,34579,4934504039717305057300,4,4934504039717305057300,4,7
large_integer,34580,4925280667680450281494,4,4925280667680450281494,4,7
large_integer,34581,4934504039717305057302,4,4934504039717305057302,4,7
large_integer,34582,4934504039717305057304,4,4934504039717305057304,4,7
large_integer,34583,4943727411754159833112,4,4943727411754159833112,4,7
large_integer,34584,4925280667680450281496,4,4925280667680450281496,4,7
large_integer,34585,4934504039717305057304,4,4934504039717305057304,4,7
large_integer,34586,4934504039717305057306,4,4934504039717305057306,4,7
large_integer,34587,4943727411754159833114,4,4943727411754159833114,4,7
large_integer,34588,4934504039717305057308,4,4934504039717305057308,4,7
large_integer,34589,4943727411754159833116,4,4943727411754159833116,4,7
large_integer,34590,4943727411754159833118,4,4943727411754159833118,4,7
large_integer,34591,4952950783791014608926,4,4952950783791014608926,4,7
large_integer,34592,3698572186778765099028,3,3698572186778765099028,3,7
large_integer,34593,4925280667680450281492,4,4925280667680450281492,4,7
large_integer,34594,4925280667680450281494,4,4925280667680450281494,4,7
large_integer,34595,4934504039717305057302,4,4934504039717305057302,4,7
large_integer,34596,4925280667680450281496,4,4925280667680450281496,4,7
large_integer,34597,4934504039717305057304,4,4934504039717305057304,4,7
large_integer,34598,4934504039717305057306,4,4934504039717305057306,4,7
large_integer,34599,4943727411754159833114,4,4943727411754159833114,4,7
large_integer,34600,4925280667680450281498,4,4925280667680450281498,4,7
large_integer,34601,4934504039717305057306,4,4934504039717305057306,4,7
large_integer,34602,4934504039717305057308,4,4934504039717305057308,4,7
large_integer,34603,4943727411754159833116,4,4943727411754159833116,4,7
large_integer,34604,4934504039717305057310,4,4934504039717305057310,4,7
large_integer,34605,4943727411754159833118,4,4943727411754159833118,4,7
large_integer,34606,4943727411754159833120,4,4943727411754159833120,4,7
large_integer,34607,4952950783791014608928,4,4952950783791014608928,4,7
large_integer,34608,3707795558815619874836,3,3707795558815619874836,3,7
large_integer,34609,4934504039717305057300,4,4934504039717305057300,4,7
large_integer,34610,4934504039717305057302,4,4934504039717305057302,4,7
large_integer,34611,4943727411754159833110,4,4943727411754159833110,4,7
large_integer,34612,4934504039717305057304,4,4934504039717305057304,4,7
large_integer,34613,4943727411754159833112,4,4943727411754159833112,4,7
large_integer,34614,4943727411754159833114,4,4943727411754159833114,4,7
large_integer,34615,4952950783791014608922,4,4952950783791014608922,4,7
large_integer,34616,4934504039717305057306,4,4934504039717305057306,4,7
large_integer,34617,4943727411754159833114,4,4943727411754159833114,4,7
large_integer,34618,4943727411754159833116,4,4943727411754159833116,4,7
large_integer,34619,4952950783791014608924,4,4952950783791014608924,4,7
large_integer,34620,4943727411754159833118,4,4943727411754159833118,4,7
large_integer,34621,4952950783791014608926,4,4952950783791014608926,4,7
large_integer,34622,4952950783791014608928,4,4952950783791014608928,4,7
large_integer,34623,4962174155827869384736,4,4962174155827869384736,4,7
large_integer,34624,3698572186778765099030,3,3698572186778765099030,3,7
large_integer,34625,4925280667680450281494,4,4925280667680450281494,4,7
large_integer,34626,4925280667680450281496,4,4925280667680450281496,4,7
large_integer,34627,4934504039717305057304,4,4934504039717305057304,4,7
large_integer,34628,4925280667680450281498,4,4925280667680450281498,4,7
large_integer,34629,4934504039717305057306,4,4934504039717305057306,4,7
large_integer,34630,4934504039717305057308,4,4934504039717305057308,4,7
large_integer,34631,4943727411754159833116,4,4943727411754159833116,4,7
large_integer,34632,4925280667680450281500,4,4925280667680450281500,4,7
large_integer,34633,4934504039717305057308,4,4934504039717305057308,4,7
large_integer,34634,4934504039717305057310,4,4934504039717305057310,4,7
large_integer,34635,4943727411754159833118,4,4943727411754159833118,4,7
large_integer,34636,4934504039717305057312,4,4934504039717305057312,4,7
large_integer,34637,4943727411754159833120,4,4943727411754159833120,4,7
large_integer,34638,4943727411754159833122,4,4943727411754159833122,4,7
large_integer,34639,4952950783791014608930,4,4952950783791014608930,4,7
large_integer,34640,3707795558815619874838,3,3707795558815619874838,3,7
large_integer,34641,4934504039717305057302,4,4934504039717305057302,4,7
large_integer,34642,4934504039717305057304,4,4934504039717305057304,4,7
large_integer,34643,4943727411754159833112,4,4943727411754159833112,4,7
large_integer,34644,4934504039717305057306,4,4934504039717305057306,4,7
large_integer,34645,4943727411754159833114,4,4943727411754159833114,4,7
large_integer,34646,4943727411754159833116,4,4943727411754159833116,4,7
large_integer,34647,4952950783791014608924,4,4952950783791014608924,4,7
large_integer,34648,4934504039717305057308,4,4934504039717305057308,4,7
large_integer,34649,4943727411754159833116,4,4943727411754159833116,4,7
large_integer,34650,4943727411754159833118,4,4943727411754159833118,4,7
large_integer,34651,4952950783791014608926,4,4952950783791014608926,4,7
large_integer,34652,4943727411754159833120,4,4943727411754159833120,4,7
large_integer,34653,4952950783791014608928,4,4952950783791014608928,4,7
large_integer,34654,4952950783791014608930,4,4952950783791014608930,4,7
large_integer,34655,4962174155827869384738,4,4962174155827869384738,4,7
large_integer,34656,3707795558815619874840,3,3707795558815619874840,3,7
large_integer,34657,4934504039717305057304,4,4934504039717305057304,4,7
large_integer,34658,4934504039717305057306,4,4934504039717305057306,4,7
large_integer,34659,4943727411754159833114,4,4943727411754159833114,4,7
large_integer,34660,4934504039717305057308,4,4934504039717305057308,4,7
large_integer,34661,4943727411754159833116,4,4943727411754159833116,4,7
large_integer,34662,4943727411754159833118,4,4943727411754159833118,4,7
large_integer,34663,4952950783791014608926,4,4952950783791014608926,4,7
large_integer,34664,4934504039717305057310,4,4934504039717305057310,4,7
large_integer,34665,4943727411754159833118,4,4943727411754159833118,4,7
large_integer,34666,4943727411754159833120,4,4943727411754159833120,4,7
large_integer,34667,4952950783791014608928,4,4952950783791014608928,4,7
large_integer,34668,4943727411754159833122,4,4943727411754159833122,4,7
large_integer,34669,4952950783791014608930,4,4952950783791014608930,4,7
large_integer,34670,4952950783791014608932,4,4952950783791014608932,4,7
large_integer,34671,4962174155827869384740,4,4962174155827869384740,4,7
large_integer,34672,3717018930852474650648,3,3717018930852474650648,3,7
large_integer,34673,4943727411754159833112,4,4943727411754159833112,4,7
large_integer,34674,4943727411754159833114,4,4943727411754159833114,4,7
large_integer,34675,4952950783791014608922,4,4952950783791014608922,4,7
large_integer,34676,4943727411754159833116,4,4943727411754159833116,4,7
large_integer,34677,4952950783791014608924,4,4952950783791014608924,4,7
large_integer,34678,4952950783791014608926,4,4952950783791014608926,4,7
large_integer,34679,4962174155827869384734,4,4962174155827869384734,4,7
large_integer,34680,4943727411754159833118,4,4943727411754159833118,4,7
large_integer,34681,4952950783791014608926,4,4952950783791014608926,4,7
large_integer,34682,4952950783791014608928,4,4952950783791014608928,4,7
large_integer,34683,4962174155827869384736,4,4962174155827869384736,4,7
large_integer,34684,4952950783791014608930,4,4952950783791014608930,4,7
large_integer,34685,4962174155827869384738,4,4962174155827869384738,4,7
large_integer,34686,4962174155827869384740,4,4962174155827869384740,4,7
large_integer,34687,4971397527864724160548,4,4971397527864724160548,4,7
large_integer,34688,3698572186778765099032,3,3698572186778765099032,3,7
large_integer,34689,4925280667680450281496,4,4925280667680450281496,4,7
large_integer,34690,4925280667680450281498,4,4925280667680450281498,4,7
large_integer,34691,4934504039717305057306,4,4934504039717305057306,4,7
large_integer,34692,4925280667680450281500,4,4925280667680450281500,4,7
large_integer,34693,4934504039717305057308,4,4934504039717305057308,4,7
large_integer,34694,4934504039717305057310,4,4934504039717305057310,4,7
large_integer,34695,4943727411754159833118,4,4943727411754159833118,4,7
large_integer,34696,4925280667680450281502,4,4925280667680450281502,4,7
large_integer,34697,4934504039717305057310,4,4934504039717305057310,4,7
large_integer,34698,4934504039717305057312,4,4934504039717305057312,4,7
large_integer,34699,4943727411754159833120,4,4943727411754159833120,4,7
large_integer,34700,4934504039717305057314,4,4934504039717305057314,4,7
large_integer,34701,4943727411754159833122,4,4943727411754159833122,4,7
large_integer,34702,4943727411754159833124,4,4943727411754159833124,4,7
large_integer,34703,4952950783791014608932,4,4952950783791014608932,4,7
large_integer,34704,3707795558815619874840,3,3707795558815619874840,3,7
large_integer,34705,4934504039717305057304,4,4934504039717305057304,4,7
large_integer,34706,4934504039717305057306,4,4934504039717305057306,4,7
large_integer,34707,4943727411754159833114,4,4943727411754159833114,4,7
large_integer,34708,4934504039717305057308,4,4934504039717305057308,4,7
large_integer,34709,4943727411754159833116,4,4943727411754159833116,4,7
large_integer,34710,4943727411754159833118,4,4943727411754159833118,4,7
large_integer,34711,4952950783791014608926,4,4952950783791014608926,4,7
large_integer,34712,4934504039717305057310,4,4934504039717305057310,4,7
large_integer,34713,4943727411754159833118,4,4943727411754159833118,4,7
large_integer,34714,4943727411754159833120,4,4943727411754159833120,4,7
large_integer,34715,4952950783791014608928,4,4952950783791014608928,4,7
large_integer,34716,4943727411754159833122,4,4943727411754159833122,4,7
large_integer,34717,4952950783791014608930,4,4952950783791014608930,4,7
large_integer,34718,4952950783791014608932,4,4952950783791014608932,4,7
large_integer,34719,4962174155827869384740,4,4962174155827869384740,4,7
large_integer,34720,3707795558815619874842,3,3707795558815619874842,3,7
large_integer,34721,4934504039717305057306,4,4934504039717305057306,4,7
large_integer,34722,4934504039717305057308,4,4934504039717305057308,4,7
large_integer,34723,4943727411754159833116,4,4943727411754159833116,4,7
large_integer,34724,4934504039717305057310,4,4934504039717305057310,4,7
large_integer,34725,4943727411754159833118,4,4943727411754159833118,4,7
large_integer,34726,4943727411754159833120,4,4943727411754159833120,4,7
large_integer,34727,4952950783791014608928,4,4952950783791014608928,4,7
large_integer,34728,4934504039717305057312,4,4934504039717305057312,4,7
large_integer,34729,4943727411754159833120,4,4943727411754159833120,4,7
large_integer,34730,4943727411754159833122,4,4943727411754159833122,4,7
large_integer,34731,4952950783791014608930,4,4952950783791014608930,4,7
large_integer,34732,4943727411754159833124,4,4943727411754159833124,4,7
large_integer,34733,4952950783791014608932,4,4952950783791014608932,4,7
large_integer,34734,4952950783791014608934,4,4952950783791014608934,4,7
large_integer,34735,4962174155827869384742,4,4962174155827869384742,4,7
large_integer,34736,3717018930852474650650,3,3717018930852474650650,3,7
large_integer,34737,4943727411754159833114,4,4943727411754159833114,4,7
large_integer,34738,4943727411754159833116,4,4943727411754159833116,4,7
large_integer,34739,4952950783791014608924,4,4952950783791014608924,4,7
large_integer,34740,4943727411754159833118,4,4943727411754159833118,4,7
large_integer,34741,4952950783791014608926,4,4952950783791014608926,4,7
large_integer,34742,4952950783791014608928,4,4952950783791014608928,4,7
large_integer,34743,4962174155827869384736,4,4962174155827869384736,4,7
large_integer,34744,4943727411754159833120,4,4943727411754159833120,4,7
large_integer,34745,4952950783791014608928,4,4952950783791014608928,4,7
large_integer,34746,4952950783791014608930,4,4952950783791014608930,4,7
large_integer,34747,4962174155827869384738,4,4962174155827869384738,4,7
large_integer,34748,4952950783791014608932,4,4952950783791014608932,4,7
large_integer,34749,4962174155827869384740,4,4962174155827869384740,4,7
large_integer,34750,4962174155827869384742,4,4962174155827869384742,4,7
large_integer,34751,4971397527864724160550,4,4971397527864724160550,4,7
large_integer,34752,3707795558815619874844,3,3707795558815619874844,3,7
large_integer,34753,4934504039717305057308,4,4934504039717305057308,4,7
large_integer,34754,4934504039717305057310,4,4934504039717305057310,4,7
large_integer,34755,4943727411754159833118,4,4943727411754159833118,4,7
large_integer,34756,4934504039717305057312,4,4934504039717305057312,4,7
large_integer,34757,4943727411754159833120,4,4943727411754159833120,4,7
large_integer,34758,4943727411754159833122,4,4943727411754159833122,4,7
large_integer,34759,4952950783791014608930,4,4952950783791014608930,4,7
large_integer,34760,4934504039717305057314,4,4934504039717305057314,4,7
large_integer,34761,4943727411754159833122,4,4943727411754159833122,4,7
large_integer,34762,4943727411754159833124,4,4943727411754159833124,4,7
large_integer,34763,4952950783791014608932,4,4952950783791014608932,4,7
large_integer,34764,4943727411754159833126,4,4943727411754159833126,4,7
large_integer,34765,4952950783791014608934,4,4952950783791014608934,4,7
large_integer,34766,4952950783791014608936,4,4952950783791014608936,4,7
large_integer,34767,4962174155827869384744,4,4962174155827869384744,4,7
large_integer,34768,3717018930852474650652,3,3717018930852474650652,3,7
large_integer,34769,4943727411754159833116,4,4943727411754159833116,4,7
large_integer,34770,4943727411754159833118,4,4943727411754159833118,4,7
large_integer,34771,4952950783791014608926,4,4952950783791014608926,4,7
large_integer,34772,4943727411754159833120,4,4943727411754159833120,4,7
large_integer,34773,4952950783791014608928,4,4952950783791014608928,4,7
large_integer,34774,4952950783791014608930,4,4952950783791014608930,4,7
large_integer,34775,4962174155827869384738,4,4962174155827869384738,4,7
large_integer,34776,4943727411754159833122,4,4943727411754159833122,4,7
large_integer,34777,4952950783791014608930,4,4952950783791014608930,4,7
large_integer,34778,4952950783791014608932,4,4952950783791014608932,4,7
large_integer,34779,4962174155827869384740,4,4962174155827869384740,4,7
large_integer,34780,4952950783791014608934,4,4952950783791014608934,4,7
large_integer,34781,4962174155827869384742,4,4962174155827869384742,4,7
large_integer,34782,4962174155827869384744,4,4962174155827869384744,4,7
large_integer,34783,4971397527864724160552,4,4971397527864724160552,4,7
large_integer,34784,3717018930852474650654,3,3717018930852474650654,3,7
large_integer,34785,4943727411754159833118,4,4943727411754159833118,4,7
large_integer,34786,4943727411754159833120,4,4943727411754159833120,4,7
large_integer,34787,4952950783791014608928,4,4952950783791014608928,4,7
large_integer,34788,4943727411754159833122,4,4943727411754159833122,4,7
large_integer,34789,4952950783791014608930,4,4952950783791014608930,4,7
large_integer,34790,4952950783791014608932,4,4952950783791014608932,4,7
large_integer,34791,4962174155827869384740,4,4962174155827869384740,4,7
large_integer,34792,4943727411754159833124,4,4943727411754159833124,4,7
large_integer,34793,4952950783791014608932,4,4952950783791014608932,4,7
large_integer,34794,4952950783791014608934,4,4952950783791014608934,4,7
large_integer,34795,4962174155827869384742,4,4962174155827869384742,4,7
large_integer,34796,4952950783791014608936,4,4952950783791014608936,4,7
large_integer,34797,4962174155827869384744,4,4962174155827869384744,4,7
large_integer,34798,4962174155827869384746,4,4962174155827869384746,4,7
large_integer,34799,4971397527864724160554,4,4971397527864724160554,4,7
large_integer,34800,3726242302889329426462,3,3726242302889329426462,3,7
large_integer,34801,4952950783791014608926,4,4952950783791014608926,4,7
large_integer,34802,4952950783791014608928,4,4952950783791014608928,4,7
large_integer,34803,4962174155827869384736,4,4962174155827869384736,4,7
large_integer,34804,4952950783791014608930,4,4952950783791014608930,4,7
large_integer,34805,4962174155827869384738,4,4962174155827869384738,4,7
large_integer,34806,4962174155827869384740,4,4962174155827869384740,4,7
large_integer,34807,4971397527864724160548,4,4971397527864724160548,4,7
large_integer,34808,4952950783791014608932,4,4952950783791014608932,4,7
large_integer,34809,4962174155827869384740,4,4962174155827869384740,4,7
large_integer,34810,4962174155827869384742,4,4962174155827869384742,4,7
large_integer,34811,4971397527864724160550,4,4971397527864724160550,4,7
large_integer,34812,4962174155827869384744,4,4962174155827869384744,4,7
large_integer,34813,4971397527864724160552,4,4971397527864724160552,4,7
large_integer,34814,4971397527864724160554,4,4971397527864724160554,4,7
large_integer,34815,4980620899901578936362,4,4980620899901578936362,4,7
large_integer,34816,1263601969049104285707,1,1263601969049104285707,1,9
large_integer,34817,2490310449950789468171,2,2490310449950789468171,2,9
large_integer,34818,2490310449950789468173,2,2490310449950789468173,2,9
large_integer,34819,2499533821987644243981,2,2499533821987644243981,2,9
large_integer,34820,2490310449950789468175,2,2490310449950789468175,2,9
large_integer,34821,2499533821987644243983,2,2499533821987644243983,2,9
large_integer,34822,2499533821987644243985,2,2499533821987644243985,2,9
large_integer,34823,2508757194024499019793,2,2508757194024499019793,2,9
large_integer,34824,2490310449950789468177,2,2490310449950789468177,2,9
large_integer,34825,2499533821987644243985,2,2499533821987644243985,2,9
large_integer,34826,2499533821987644243987,2,2499533821987644243987,2,9
large_integer,34827,2508757194024499019795,2,2508757194024499019795,2,9
large_integer,34828,2499533821987644243989,2,2499533821987644243989,2,9
large_integer,34829,2508757194024499019797,2,2508757194024499019797,2,9
large_integer,34830,2508757194024499019799,2,2508757194024499019799,2,9
large_integer,34831,2517980566061353795607,2,2517980566061353795607,2,9
large_integer,34832,2490310449950789468172,2,2490310449950789468172,2,9
large_integer,34833,3717018930852474650636,3,3717018930852474650636,3,9
large_integer,34834,3717018930852474650638,3,3717018930852474650638,3,9
large_integer,34835,3726242302889329426446,3,3726242302889329426446,3,9
large_integer,34836,3717018930852474650640,3,3717018930852474650640,3,9
large_integer,34837,3726242302889329426448,3,3726242302889329426448,3,9
large_integer,34838,3726242302889329426450,3,3726242302889329426450,3,9
large_integer,34839,3735465674926184202258,3,3735465674926184202258,3,9
large_integer,34840,3717018930852474650642,3,3717018930852474650642,3,9
large_integer,34841,3726242302889329426450,3,3726242302889329426450,3,9
large_integer,34842,3726242302889329426452,3,3726242302889329426452,3,9
large_integer,34843,3735465674926184202260,3,3735465674926184202260,3,9
large_integer,34844,3726242302889329426454,3,3726242302889329426454,3,9
large_integer,34845,3735465674926184202262,3,3735465674926184202262,3,9
large_integer,34846,3735465674926184202264,3,3735465674926184202264,3,9
large_integer,34847,3744689046963038978072,3,3744689046963038978072,3,9
large_integer,34848,2490310449950789468174,2,2490310449950789468174,2,9
large_integer,34849,3717018930852474650638,3,3717018930852474650638,3,9
large_integer,34850,3717018930852474650640,3,3717018930852474650640,3,9
large_integer,34851,3726242302889329426448,3,3726242302889329426448,3,9
large_integer,34852,3717018930852474650642,3,3717018930852474650642,3,9
large_integer,34853,3726242302889329426450,3,3726242302889329426450,3,9
large_integer,34854,3726242302889329426452,3,3726242302889329426452,3,9
large_integer,34855,3735465674926184202260,3,3735465674926184202260,3,9
large_integer,34856,3717018930852474650644,3,3717018930852474650644,3,9
large_integer,34857,3726242302889329426452,3,3726242302889329426452,3,9
large_integer,34858,3726242302889329426454,3,3726242302889329426454,3,9
large_integer,34859,3735465674926184202262,3,3735465674926184202262,3,9
large_integer,34860,3726242302889329426456,3,3726242302889329426456,3,9
large_integer,34861,3735465674926184202264,3,3735465674926184202264,3,9
large_integer,34862,3735465674926184202266,3,3735465674926184202266,3,9
large_integer,34863,3744689046963038978074,3,3744689046963038978074,3,9
large_integer,34864,2499533821987644243982,2,2499533821987644243982,2,9
large_integer,34865,3726242302889329426446,3,3726242302889329426446,3,9
large_integer,34866,3726242302889329426448,3,3726242302889329426448,3,9
large_integer,34867,3735465674926184202256,3,3735465674926184202256,3,9
large_integer,34868,3726242302889329426450,3,3726242302889329426450,3,9
large_integer,34869,3735465674926184202258,3,3735465674926184202258,3,9
large_integer,34870,3735465674926184202260,3,3735465674926184202260,3,9
large_integer,34871,3744689046963038978068,3,3744689046963038978068,3,9
large_integer,34872,3726242302889329426452,3,3726242302889329426452,3,9
large_integer,34873,3735465674926184202260,3,3735465674926184202260,3,9
large_integer,34874,3735465674926184202262,3,3735465674926184202262,3,9
large_integer,34875,3744689046963038978070,3,3744689046963038978070,3,9
large_integer,34876,3735465674926184202264,3,3735465674926184202264,3,9
large_integer,34877,3744689046963038978072,3,3744689046963038978072,3,9
large_integer,34878,3744689046963038978074,3,3744689046963038978074,3,9
large_integer,34879,3753912418999893753882,3,3753912418999893753882,3,9
large_integer,34880,2490310449950789468176,2,2490310449950789468176,2,9
large_integer,34881,3717018930852474650640,3,3717018930852474650640,3,9
large_integer,34882,3717018930852474650642,3,3717018930852474650642,3,9
large_integer,34883,3726242302889329426450,3,3726242302889329426450,3,9
large_integer,34884,3717018930852474650644,3,3717018930852474650644,3,9
large_integer,34885,3726242302889329426452,3,3726242302889329426452,3,9
large_integer,34886,3726242302889329426454,3,3726242302889329426454,3,9
large_integer,34887,3735465674926184202262,3,3735465674926184202262,3,9
large_integer,34888,3717018930852474650646,3,3717018930852474650646,3,9
large_integer,34889,3726242302889329426454,3,3726242302889329426454,3,9
large_integer,34890,3726242302889329426456,3,3726242302889329426456,3,9
large_integer,34891,3735465674926184202264,3,3735465674926184202264,3,9
large_integer,34892,3726242302889329426458,3,3726242302889329426458,3,9
large_integer,34893,3735465674926184202266,3,3735465674926184202266,3,9
large_integer,34894,3735465674926184202268,3,3735465674926184202268,3,9
large_integer,34895,3744689046963038978076,3,3744689046963038978076,3,9
large_integer,34896,2499533821987644243984,2,2499533821987644243984,2,9
large_integer,34897,3726242302889329426448,3,3726242302889329426448,3,9
large_integer,34898,3726242302889329426450,3,3726242302889329426450,3,9
large_integer,34899,3735465674926184202258,3,3735465674926184202258,3,9
large_integer,34900,3726242302889329426452,3,3726242302889329426452,3,9
large_integer,34901,3735465674926184202260,3,3735465674926184202260,3,9
large_integer,34902,3735465674926184202262,3,3735465674926184202262,3,9
large_integer,34903,3744689046963038978070,3,3744689046963038978070,3,9
large_integer,34904,3726242302889329426454,3,3726242302889329426454,3,9
large_integer,34905,3735465674926184202262,3,3735465674926184202262,3,9
large_integer,34906,3735465674926184202264,3,3735465674926184202264,3,9
large_integer,34907,3744689046963038978072,3,3744689046963038978072,3,9
large_integer,34908,3735465674926184202266,3,3735465674926184202266,3,9
large_integer,34909,3744689046963038978074,3,3744689046963038978074,3,9
large_integer,34910,3744689046963038978076,3,3744689046963038978076,3,9
large_integer,34911,3753912418999893753884,3,3753912418999893753884,3,9
large_integer,34912,2499533821987644243986,2,2499533821987644243986,2,9
large_integer,34913,3726242302889329426450,3,3726242302889329426450,3,9
large_integer,34914,3726242302889329426452,3,3726242302889329426452,3,9
large_integer,34915,3735465674926184202260,3,3735465674926184202260,3,9
large_integer,34916,3726242302889329426454,3,3726242302889329426454,3,9
large_integer,34917,3735465674926184202262,3,3735465674926184202262,3,9
large_integer,34918,3735465674926184202264,3,3735465674926184202264,3,9
large_integer,34919,3744689046963038978072,3,3744689046963038978072,3,9
large_integer,34920,3726242302889329426456,3,3726242302889329426456,3,9
large_integer,34921,3735465674926184202264,3,3735465674926184202264,3,9
large_integer,34922,3735465674926184202266,3,3735465674926184202266,3,9
large_integer,34923,3744689046963038978074,3,3744689046963038978074,3,9
large_integer,34924,3735465674926184202268,3,3735465674926184202268,3,9
large_integer,34925,3744689046963038978076,3,3744689046963038978076,3,9
large_integer,34926,3744689046963038978078,3,3744689046963038978078,3,9
large_integer,34927,3753912418999893753886,3,3753912418999893753886,3,9
large_integer,34928,2508757194024499019794,2,2508757194024499019794,2,9
large_integer,34929,3735465674926184202258,3,3735465674926184202258,3,9
large_integer,34930,3735465674926184202260,3,3735465674926184202260,3,9
large_integer,34931,3744689046963038978068,3,3744689046963038978068,3,9
large_integer,34932,3735465674926184202262,3,3735465674926184202262,3,9
large_integer,34933,3744689046963038978070,3,3744689046963038978070,3,9
large_integer,34934,3744689046963038978072,3,3744689046963038978072,3,9
large_integer,34935,3753912418999893753880,3,3753912418999893753880,3,9
large_integer,34936,3735465674926184202264,3,3735465674926184202264,3,9
large_integer,34937,3744689046963038978072,3,3744689046963038978072,3,9
large_integer,34938,3744689046963038978074,3,3744689046963038978074,3,9
large_integer,34939,3753912418999893753882,3,3753912418999893753882,3,9
large_integer,34940,3744689046963038978076,3,3744689046963038978076,3,9
large_integer,34941,3753912418999893753884,3,3753912418999893753884,3,9
large_integer,34942,3753912418999893753886,3,3753912418999893753886,3,9
large_integer,34943,3763135791036748529694,3,3763135791036748529694,3,9
large_integer,34944,1300495457196523388940,1,1300495457196523388940,1,11
large_integer,34945,2527203938098208571404,2,2527203938098208571404,2,11
large_integer,34946,2527203938098208571406,2,2527203938098208571406,2,11
large_integer,34947,2536427310135063347214,2,2536427310135063347214,2,11
large_integer,34948,2527203938098208571408,2,2527203938098208571408,2,11
large_integer,34949,2536427310135063347216,2,2536427310135063347216,2,11
large_integer,34950,2536427310135063347218,2,2536427310135063347218,2,11
large_integer,34951,2545650682171918123026,2,2545650682171918123026,2,11
large_integer,34952,1337388945343942492172,1,1337388945343942492172,1,13
large_integer,34953,2536427310135063347218,2,2564097426245627674636,2,13
large_integer,34954,2536427310135063347220,2,2564097426245627674638,2,13
large_integer,34955,2545650682171918123028,2,2573320798282482450446,2,13
large_integer,34956,2536427310135063347222,2,2564097426245627674640,2,13
large_integer,34957,2545650682171918123030,2,2573320798282482450448,2,13
large_integer,34958,2545650682171918123032,2,2573320798282482450450,2,13
large_integer,34959,2554874054208772898840,2,2582544170319337226258,2,13
large_integer,34960,2499533821987644243986,2,2527203938098208571405,2,11
large_integer,34961,3726242302889329426450,3,3753912418999893753869,3,11
large_integer,34962,3726242302889329426452,3,3753912418999893753871,3,11
large_integer,34963,3735465674926184202260,3,3763135791036748529679,3,11
large_integer,34964,3726242302889329426454,3,3753912418999893753873,3,11
large_integer,34965,3735465674926184202262,3,3763135791036748529681,3,11
large_integer,34966,3735465674926184202264,3,3763135791036748529683,3,11
large_integer,34967,3744689046963038978072,3,3772359163073603305491,3,11
large_integer,34968,2564097426245627674637,2,2564097426245627674637,2,13
large_integer,34969,3735465674926184202264,3,3790805907147312857101,3,13
large_integer,34970,3735465674926184202266,3,3790805907147312857103,3,13
large_integer,34971,3744689046963038978074,3,3800029279184167632911,3,13
large_integer,34972,3735465674926184202268,3,3790805907147312857105,3,13
large_integer,34973,3744689046963038978076,3,3800029279184167632913,3,13
large_integer,34974,3744689046963038978078,3,3800029279184167632915,3,13
large_integer,34975,3753912418999893753886,3,3809252651221022408723,3,13
large_integer,34976,2499533821987644243988,2,2527203938098208571407,2,11
large_integer,34977,3726242302889329426452,3,3753912418999893753871,3,11
large_integer,34978,3726242302889329426454,3,3753912418999893753873,3,11
large_integer,34979,3735465674926184202262,3,3763135791036748529681,3,11
large_integer,34980,3726242302889329426456,3,3753912418999893753875,3,11
large_integer,34981,3735465674926184202264,3,3763135791036748529683,3,11
large_integer,34982,3735465674926184202266,3,3763135791036748529685,3,11
large_integer,34983,3744689046963038978074,3,3772359163073603305493,3,11
large_integer,34984,2564097426245627674639,2,2564097426245627674639,2,13
large_integer,34985,3735465674926184202266,3,3790805907147312857103,3,13
large_integer,34986,3735465674926184202268,3,3790805907147312857105,3,13
large_integer,34987,3744689046963038978076,3,3800029279184167632913,3,13
large_integer,34988,3735465674926184202270,3,3790805907147312857107,3,13
large_integer,34989,3744689046963038978078,3,3800029279184167632915,3,13
large_integer,34990,3744689046963038978080,3,3800029279184167632917,3,13
large_integer,34991,3753912418999893753888,3,3809252651221022408725,3,13
large_integer,34992,2508757194024499019796,2,2536427310135063347215,2,11
large_integer,34993,3735465674926184202260,3,3763135791036748529679,3,11
large_integer,34994,3735465674926184202262,3,3763135791036748529681,3,11
large_integer,34995,3744689046963038978070,3,3772359163073603305489,3,11
large_integer,34996,3735465674926184202264,3,3763135791036748529683,3,11
large_integer,34997,3744689046963038978072,3,3772359163073603305491,3,11
large_integer,34998,3744689046963038978074,3,3772359163073603305493,3,11
large_integer,34999,3753912418999893753882,3,3781582535110458081301,3,11
large_integer,35000,2573320798282482450447,2,2573320798282482450447,2,13
large_integer,35001,3744689046963038978074,3,3800029279184167632911,3,13
large_integer,35002,3744689046963038978076,3,3800029279184167632913,3,13
large_integer,35003,3753912418999893753884,3,3809252651221022408721,3,13
large_integer,35004,3744689046963038978078,3,3800029279184167632915,3,13
large_integer,35005,3753912418999893753886,3,3809252651221022408723,3,13
large_integer,35006,3753912418999893753888,3,3809252651221022408725,3,13
large_integer,35007,3763135791036748529696,3,3818476023257877184533,3,13
large_integer,35008,2499533821987644243990,2,2527203938098208571409,2,11
large_integer,35009,3726242302889329426454,3,3753912418999893753873,3,11
large_integer,35010,3726242302889329426456,3,3753912418999893753875,3,11
large_integer,35011,3735465674926184202264,3,3763135791036748529683,3,11
large_integer,35012,3726242302889329426458,3,3753912418999893753877,3,11
large_integer,35013,3735465674926184202266,3,3763135791036748529685,3,11
large_integer,35014,3735465674926184202268,3,3763135791036748529687,3,11
large_integer,35015,3744689046963038978076,3,3772359163073603305495,3,11
large_integer,35016,2564097426245627674641,2,2564097426245627674641,2,13
large_integer,35017,3735465674926184202268,3,3790805907147312857105,3,13
large_integer,35018,3735465674926184202270,3,3790805907147312857107,3,13
large_integer,35019,3744689046963038978078,3,3800029279184167632915,3,13
large_integer,35020,3735465674926184202272,3,3790805907147312857109,3,13
large_integer,35021,3744689046963038978080,3,3800029279184167632917,3,13
large_integer,35022,3744689046963038978082,3,3800029279184167632919,3,13
large_integer,35023,3753912418999893753890,3,3809252651221022408727,3,13
large_integer,35024,2508757194024499019798,2,2536427310135063347217,2,11
large_integer,35025,3735465674926184202262,3,3763135791036748529681,3,11
large_integer,35026,3735465674926184202264,3,3763135791036748529683,3,11
large_integer,35027,3744689046963038978072,3,3772359163073603305491,3,11
large_integer,35028,3735465674926184202266,3,3763135791036748529685,3,11
large_integer,35029,3744689046963038978074,3,3772359163073603305493,3,11
large_integer,35030,3744689046963038978076,3,3772359163073603305495,3,11
large_integer,35031,3753912418999893753884,3,3781582535110458081303,3,11
large_integer,35032,2573320798282482450449,2,2573320798282482450449,2,13
large_integer,35033,3744689046963038978076,3,3800029279184167632913,3,13
large_integer,35034,3744689046963038978078,3,3800029279184167632915,3,13
large_integer,35035,3753912418999893753886,3,3809252651221022408723,3,13
large_integer,35036,3744689046963038978080,3,3800029279184167632917,3,13
large_integer,35037,3753912418999893753888,3,3809252651221022408725,3,13
large_integer,35038,3753912418999893753890,3,3809252651221022408727,3,13
large_integer,35039,3763135791036748529698,3,3818476023257877184535,3,13
large_integer,35040,2508757194024499019800,2,2536427310135063347219,2,11
large_integer,35041,3735465674926184202264,3,3763135791036748529683,3,11
large_integer,35042,3735465674926184202266,3,3763135791036748529685,3,11
large_integer,35043,3744689046963038978074,3,3772359163073603305493,3,11
large_integer,35044,3735465674926184202268,3,3763135791036748529687,3,11
large_integer,35045,3744689046963038978076,3,3772359163073603305495,3,11
large_integer,35046,3744689046963038978078,3,3772359163073603305497,3,11
large_integer,35047,3753912418999893753886,3,3781582535110458081305,3,11
large_integer,35048,2573320798282482450451,2,2573320798282482450451,2,13
large_integer,35049,3744689046963038978078,3,3800029279184167632915,3,13
large_integer,35050,3744689046963038978080,3,3800029279184167632917,3,13
large_integer,35051,3753912418999893753888,3,3809252651221022408725,3,13
large_integer,35052,3744689046963038978082,3,3800029279184167632919,3,13
large_integer,35053,3753912418999893753890,3,3809252651221022408727,3,13
large_integer,35054,3753912418999893753892,3,3809252651221022408729,3,13
large_integer,35055,3763135791036748529700,3,3818476023257877184537,3,13
large_integer,35056,2517980566061353795608,2,2545650682171918123027,2,11
large_integer,35057,3744689046963038978072,3,3772359163073603305491,3,11
large_integer,35058,3744689046963038978074,3,3772359163073603305493,3,11
large_integer,35059,3753912418999893753882,3,3781582535110458081301,3,11
large_integer,35060,3744689046963038978076,3,3772359163073603305495,3,11
large_integer,35061,3753912418999893753884,3,3781582535110458081303,3,11
large_integer,35062,3753912418999893753886,3,3781582535110458081305,3,11
large_integer,35063,3763135791036748529694,3,3790805907147312857113,3,11
large_integer,35064,2582544170319337226259,2,2582544170319337226259,2,13
large_integer,35065,3753912418999893753886,3,3809252651221022408723,3,13
large_integer,35066,3753912418999893753888,3,3809252651221022408725,3,13
large_integer,35067,3763135791036748529696,3,3818476023257877184533,3,13
large_integer,35068,3753912418999893753890,3,3809252651221022408727,3,13
large_integer,35069,3763135791036748529698,3,3818476023257877184535,3,13
large_integer,35070,3763135791036748529700,3,3818476023257877184537,3,13
large_integer,35071,3772359163073603305508,3,3827699395294731960345,3,13
large_integer,35072,2462640333840225140753,2,2490310449950789468173,2,9
large_integer,35073,3689348814741910323217,3,3717018930852474650637,3,9
large_integer,35074,3689348814741910323219,3,3717018930852474650639,3,9
large_integer,35075,3698572186778765099027,3,3726242302889329426447,3,9
large_integer,35076,3689348814741910323221,3,3717018930852474650641,3,9
large_integer,35077,3698572186778765099029,3,3726242302889329426449,3,9
large_integer,35078,3698572186778765099031,3,3726242302889329426451,3,9
large_integer,35079,3707795558815619874839,3,3735465674926184202259,3,9
large_integer,35080,3689348814741910323223,3,3717018930852474650643,3,9
large_integer,35081,3698572186778765099031,3,3726242302889329426451,3,9
large_integer,35082,3698572186778765099033,3,3726242302889329426453,3,9
large_integer,35083,3707795558815619874841,3,3735465674926184202261,3,9
large_integer,35084,3698572186778765099035,3,3726242302889329426455,3,9
large_integer,35085,3707795558815619874843,3,3735465674926184202263,3,9
large_integer,35086,3707795558815619874845,3,3735465674926184202265,3,9
large_integer,35087,3717018930852474650653,3,3744689046963038978073,3,9
large_integer,35088,3689348814741910323218,3,3717018930852474650638,3,9
large_integer,35089,4916057295643595505682,4,4943727411754159833102,4,9
large_integer,35090,4916057295643595505684,4,4943727411754159833104,4,9
large_integer,35091,4925280667680450281492,4,4952950783791014608912,4,9
large_integer,35092,4916057295643595505686,4,4943727411754159833106,4,9
large_integer,35093,4925280667680450281494,4,4952950783791014608914,4,9
large_integer,35094,4925280667680450281496,4,4952950783791014608916,4,9
large_integer,35095,4934504039717305057304,4,4962174155827869384724,4,9
large_integer,35096,4916057295643595505688,4,4943727411754159833108,4,9
large_integer,35097,4925280667680450281496,4,4952950783791014608916,4,9
large_integer,35098,4925280667680450281498,4,4952950783791014608918,4,9
large_integer,35099,4934504039717305057306,4,4962174155827869384726,4,9
large_integer,35100,4925280667680450281500,4,4952950783791014608920,4,9
large_integer,35101,4934504039717305057308,4,4962174155827869384728,4,9
large_integer,35102,4934504039717305057310,4,4962174155827869384730,4,9
large_integer,35103,4943727411754159833118,4,4971397527864724160538,4,9
large_integer,35104,3689348814741910323220,3,3717018930852474650640,3,9
large_integer,35105,4916057295643595505684,4,4943727411754159833104,4,9
large_integer,35106,4916057295643595505686,4,4943727411754159833106,4,9
large_integer,35107,4925280667680450281494,4,4952950783791014608914,4,9
large_integer,35108,4916057295643595505688,4,4943727411754159833108,4,9
large_integer,35109,4925280667680450281496,4,4952950783791014608916,4,9
large_integer,35110,4925280667680450281498,4,4952950783791014608918,4,9
large_integer,35111,4934504039717305057306,4,4962174155827869384726,4,9
large_integer,35112,4916057295643595505690,4,4943727411754159833110,4,9
large_integer,35113,4925280667680450281498,4,4952950783791014608918,4,9
large_integer,35114,4925280667680450281500,4,4952950783791014608920,4,9
large_integer,35115,4934504039717305057308,4,4962174155827869384728,4,9
large_integer,35116,4925280667680450281502,4,4952950783791014608922,4,9
large_integer,35117,4934504039717305057310,4,4962174155827869384730,4,9
large_integer,35118,4934504039717305057312,4,4962174155827869384732,4,9
large_integer,35119,4943727411754159833120,4,4971397527864724160540,4,9
large_integer,35120,3698572186778765099028,3,3726242302889329426448,3,9
large_integer,35121,4925280667680450281492,4,4952950783791014608912,4,9
large_integer,35122,4925280667680450281494,4,4952950783791014608914,4,9
large_integer,35123,4934504039717305057302,4,4962174155827869384722,4,9
large_integer,35124,4925280667680450281496,4,4952950783791014608916,4,9
large_integer,35125,4934504039717305057304,4,4962174155827869384724,4,9
large_integer,35126,4934504039717305057306,4,4962174155827869384726,4,9
large_integer,35127,4943727411754159833114,4,4971397527864724160534,4,9
large_integer,35128,4925280667680450281498,4,4952950783791014608918,4,9
large_integer,35129,4934504039717305057306,4,4962174155827869384726,4,9
large_integer,35130,4934504039717305057308,4,4962174155827869384728,4,9
large_integer,35131,4943727411754159833116,4,4971397527864724160536,4,9
large_integer,35132,4934504039717305057310,4,4962174155827869384730,4,9
large_integer,35133,4943727411754159833118,4,4971397527864724160538,4,9
large_integer,35134,4943727411754159833120,4,4971397527864724160540,4,9
large_integer,35135,4952950783791014608928,4,4980620899901578936348,4,9
large_integer,35136,3689348814741910323222,3,3717018930852474650642,3,9
large_integer,35137,4916057295643595505686,4,4943727411754159833106,4,9
large_integer,35138,4916057295643595505688,4,4943727411754159833108,4,9
large_integer,35139,4925280667680450281496,4,4952950783791014608916,4,9
large_integer,35140,4916057295643595505690,4,4943727411754159833110,4,9
large_integer,35141,4925280667680450281498,4,4952950783791014608918,4,9
large_integer,35142,4925280667680450281500,4,4952950783791014608920,4,9
large_integer,35143,4934504039717305057308,4,4962174155827869384728,4,9
large_integer,35144,4916057295643595505692,4,4943727411754159833112,4,9
large_integer,35145,4925280667680450281500,4,4952950783791014608920,4,9
large_integer,35146,4925280667680450281502,4,4952950783791014608922,4,9
large_integer,35147,4934504039717305057310,4,4962174155827869384730,4,9
large_integer,35148,4925280667680450281504,4,4952950783791014608924,4,9
large_integer,35149,4934504039717305057312,4,4962174155827869384732,4,9
large_integer,35150,4934504039717305057314,4,4962174155827869384734,4,9
large_integer,35151,4943727411754159833122,4,4971397527864724160542,4,9
large_integer,35152,3698572186778765099030,3,3726242302889329426450,3,9
large_integer,35153,4925280667680450281494,4,4952950783791014608914,4,9
large_integer,35154,4925280667680450281496,4,4952950783791014608916,4,9
large_integer,35155,4934504039717305057304,4,4962174155827869384724,4,9
large_integer,35156,4925280667680450281498,4,4952950783791014608918,4,9
large_integer,35157,4934504039717305057306,4,4962174155827869384726,4,9
large_integer,35158,4934504039717305057308,4,4962174155827869384728,4,9
large_integer,35159,4943727411754159833116,4,4971397527864724160536,4,9
large_integer,35160,4925280667680450281500,4,4952950783791014608920,4,9
large_integer,35161,4934504039717305057308,4,4962174155827869384728,4,9
large_integer,35162,4934504039717305057310,4,4962174155827869384730,4,9
large_integer,35163,4943727411754159833118,4,4971397527864724160538,4,9
large_integer,35164,4934504039717305057312,4,4962174155827869384732,4,9
large_integer,35165,4943727411754159833120,4,4971397527864724160540,4,9
large_integer,35166,4943727411754159833122,4,4971397527864724160542,4,9
large_integer,35167,4952950783791014608930,4,4980620899901578936350,4,9
large_integer,35168,3698572186778765099032,3,3726242302889329426452,3,9
large_integer,35169,4925280667680450281496,4,4952950783791014608916,4,9
large_integer,35170,4925280667680450281498,4,4952950783791014608918,4,9
large_integer,35171,4934504039717305057306,4,4962174155827869384726,4,9
large_integer,35172,4925280667680450281500,4,4952950783791014608920,4,9
large_integer,35173,4934504039717305057308,4,4962174155827869384728,4,9
large_integer,35174,4934504039717305057310,4,4962174155827869384730,4,9
large_integer,35175,4943727411754159833118,4,4971397527864724160538,4,9
large_integer,35176,4925280667680450281502,4,4952950783791014608922,4,9
large_integer,35177,4934504039717305057310,4,4962174155827869384730,4,9
large_integer,35178,4934504039717305057312,4,4962174155827869384732,4,9
large_integer,35179,4943727411754159833120,4,4971397527864724160540,4,9
large_integer,35180,4934504039717305057314,4,4962174155827869384734,4,9
large_integer,35181,4943727411754159833122,4,4971397527864724160542,4,9
large_integer,35182,4943727411754159833124,4,4971397527864724160544,4,9
large_integer,35183,4952950783791014608932,4,4980620899901578936352,4,9
large_integer,35184,3707795558815619874840,3,3735465674926184202260,3,9
large_integer,35185,4934504039717305057304,4,4962174155827869384724,4,9
large_integer,35186,4934504039717305057306,4,4962174155827869384726,4,9
large_integer,35187,4943727411754159833114,4,4971397527864724160534,4,9
large_integer,35188,4934504039717305057308,4,4962174155827869384728,4,9
large_integer,35189,4943727411754159833116,4,4971397527864724160536,4,9
large_integer,35190,4943727411754159833118,4,4971397527864724160538,4,9
large_integer,35191,4952950783791014608926,4,4980620899901578936346,4,9
large_integer,35192,4934504039717305057310,4,4962174155827869384730,4,9
large_integer,35193,4943727411754159833118,4,4971397527864724160538,4,9
large_integer,35194,4943727411754159833120,4,4971397527864724160540,4,9
large_integer,35195,4952950783791014608928,4,4980620899901578936348,4,9
large_integer,35196,4943727411754159833122,4,4971397527864724160542,4,9
large_integer,35197,4952950783791014608930,4,4980620899901578936350,4,9
large_integer,35198,4952950783791014608932,4,4980620899901578936352,4,9
large_integer,35199,4962174155827869384740,4,4989844271938433712160,4,9
large_integer,35200,2527203938098208571406,2,2527203938098208571406,2,11
large_integer,35201,3753912418999893753870,3,3753912418999893753870,3,11
large_integer,35202,3753912418999893753872,3,3753912418999893753872,3,11
large_integer,35203,3763135791036748529680,3,3763135791036748529680,3,11
large_integer,35204,3753912418999893753874,3,3753912418999893753874,3,11
large_integer,35205,3763135791036748529682,3,3763135791036748529682,3,11
large_integer,35206,3763135791036748529684,3,3763135791036748529684,3,11
large_integer,35207,3772359163073603305492,3,3772359163073603305492,3,11
large_integer,35208,2564097426245627674638,2,2564097426245627674638,2,13
large_integer,35209,3763135791036748529684,3,3790805907147312857102,3,13
large_integer,35210,3763135791036748529686,3,3790805907147312857104,3,13
large_integer,35211,3772359163073603305494,3,3800029279184167632912,3,13
large_integer,35212,3763135791036748529688,3,3790805907147312857106,3,13
large_integer,35213,3772359163073603305496,3,3800029279184167632914,3,13
large_integer,35214,3772359163073603305498,3,3800029279184167632916,3,13
large_integer,35215,3781582535110458081306,3,3809252651221022408724,3,13
large_integer,35216,3698572186778765099032,3,3753912418999893753871,3,11
large_integer,35217,4925280667680450281496,4,4980620899901578936335,4,11
large_integer,35218,4925280667680450281498,4,4980620899901578936337,4,11
large_integer,35219,4934504039717305057306,4,4989844271938433712145,4,11
large_integer,35220,4925280667680450281500,4,4980620899901578936339,4,11
large_integer,35221,4934504039717305057308,4,4989844271938433712147,4,11
large_integer,35222,4934504039717305057310,4,4989844271938433712149,4,11
large_integer,35223,4943727411754159833118,4,4999067643975288487957,4,11
large_integer,35224,3790805907147312857103,3,3790805907147312857103,3,13
large_integer,35225,4934504039717305057310,4,5017514388048998039567,4,13
large_integer,35226,4934504039717305057312,4,5017514388048998039569,4,13
large_integer,35227,4943727411754159833120,4,5026737760085852815377,4,13
large_integer,35228,4934504039717305057314,4,5017514388048998039571,4,13
large_integer,35229,4943727411754159833122,4,5026737760085852815379,4,13
large_integer,35230,4943727411754159833124,4,5026737760085852815381,4,13
large_integer,35231,4952950783791014608932,4,5035961132122707591189,4,13
large_integer,35232,3698572186778765099034,3,3753912418999893753873,3,11
large_integer,35233,4925280667680450281498,4,4980620899901578936337,4,11
large_integer,35234,4925280667680450281500,4,4980620899901578936339,4,11
large_integer,35235,4934504039717305057308,4,4989844271938433712147,4,11
large_integer,35236,4925280667680450281502,4,4980620899901578936341,4,11
large_integer,35237,4934504039717305057310,4,4989844271938433712149,4,11
large_integer,35238,4934504039717305057312,4,4989844271938433712151,4,11
large_integer,35239,4943727411754159833120,4,4999067643975288487959,4,11
large_integer,35240,3790805907147312857105,3,3790805907147312857105,3,13
large_integer,35241,4934504039717305057312,4,5017514388048998039569,4,13
large_integer,35242,4934504039717305057314,4,5017514388048998039571,4,13
large_integer,35243,4943727411754159833122,4,5026737760085852815379,4,13
large_integer,35244,4934504039717305057316,4,5017514388048998039573,4,13
large_integer,35245,4943727411754159833124,4,5026737760085852815381,4,13
large_integer,35246,4943727411754159833126,4,5026737760085852815383,4,13
large_integer,35247,4952950783791014608934,4,5035961132122707591191,4,13
large_integer,35248,3707795558815619874842,3,3763135791036748529681,3,11
large_integer,35249,4934504039717305057306,4,4989844271938433712145,4,11
large_integer,35250,4934504039717305057308,4,4989844271938433712147,4,11
large_integer,35251,4943727411754159833116,4,4999067643975288487955,4,11
large_integer,35252,4934504039717305057310,4,4989844271938433712149,4,11
large_integer,35253,4943727411754159833118,4,4999067643975288487957,4,11
large_integer,35254,4943727411754159833120,4,4999067643975288487959,4,11
large_integer,35255,4952950783791014608928,4,5008291016012143263767,4,11
large_integer,35256,3800029279184167632913,3,3800029279184167632913,3,13
large_integer,35257,4943727411754159833120,4,5026737760085852815377,4,13
large_integer,35258,4943727411754159833122,4,5026737760085852815379,4,13
large_integer,35259,4952950783791014608930,4,5035961132122707591187,4,13
large_integer,35260,4943727411754159833124,4,5026737760085852815381,4,13
large_integer,35261,4952950783791014608932,4,5035961132122707591189,4,13
large_integer,35262,4952950783791014608934,4,5035961132122707591191,4,13
large_integer,35263,4962174155827869384742,4,5045184504159562366999,4,13
large_integer,35264,3698572186778765099036,3,3753912418999893753875,3,11
large_integer,35265,4925280667680450281500,4,4980620899901578936339,4,11
large_integer,35266,4925280667680450281502,4,4980620899901578936341,4,11
large_integer,35267,4934504039717305057310,4,4989844271938433712149,4,11
large_integer,35268,4925280667680450281504,4,4980620899901578936343,4,11
large_integer,35269,4934504039717305057312,4,4989844271938433712151,4,11
large_integer,35270,4934504039717305057314,4,4989844271938433712153,4,11
large_integer,35271,4943727411754159833122,4,4999067643975288487961,4,11
large_integer,35272,3790805907147312857107,3,3790805907147312857107,3,13
large_integer,35273,4934504039717305057314,4,5017514388048998039571,4,13
large_integer,35274,4934504039717305057316,4,5017514388048998039573,4,13
large_integer,35275,4943727411754159833124,4,5026737760085852815381,4,13
large_integer,35276,4934504039717305057318,4,5017514388048998039575,4,13
large_integer,35277,4943727411754159833126,4,5026737760085852815383,4,13
large_integer,35278,4943727411754159833128,4,5026737760085852815385,4,13
large_integer,35279,4952950783791014608936,4,5035961132122707591193,4,13
large_integer,35280,3707795558815619874844,3,3763135791036748529683,3,11
large_integer,35281,4934504039717305057308,4,4989844271938433712147,4,11
large_integer,35282,4934504039717305057310,4,4989844271938433712149,4,11
large_integer,35283,4943727411754159833118,4,4999067643975288487957,4,11
large_integer,35284,4934504039717305057312,4,4989844271938433712151,4,11
large_integer,35285,4943727411754159833120,4,4999067643975288487959,4,11
large_integer,35286,4943727411754159833122,4,4999067643975288487961,4,11
large_integer,35287,4952950783791014608930,4,5008291016012143263769,4,11
large_integer,35288,3800029279184167632915,3,3800029279184167632915,3,13
large_integer,35289,4943727411754159833122,4,5026737760085852815379,4,13
large_integer,35290,4943727411754159833124,4,5026737760085852815381,4,13
large_integer,35291,4952950783791014608932,4,5035961132122707591189,4,13
large_integer,35292,4943727411754159833126,4,5026737760085852815383,4,13
large_integer,35293,4952950783791014608934,4,5035961132122707591191,4,13
large_integer,35294,4952950783791014608936,4,5035961132122707591193,4,13
large_integer,35295,4962174155827869384744,4,5045184504159562367001,4,13
large_integer,35296,3707795558815619874846,3,3763135791036748529685,3,11
large_integer,35297,4934504039717305057310,4,4989844271938433712149,4,11
large_integer,35298,4934504039717305057312,4,4989844271938433712151,4,11
large_integer,35299,4943727411754159833120,4,4999067643975288487959,4,11
large_integer,35300,4934504039717305057314,4,4989844271938433712153,4,11
large_integer,35301,4943727411754159833122,4,4999067643975288487961,4,11
large_integer,35302,4943727411754159833124,4,4999067643975288487963,4,11
large_integer,35303,4952950783791014608932,4,5008291016012143263771,4,11
large_integer,35304,3800029279184167632917,3,3800029279184167632917,3,13
large_integer,35305,4943727411754159833124,4,5026737760085852815381,4,13
large_integer,35306,4943727411754159833126,4,5026737760085852815383,4,13
large_integer,35307,4952950783791014608934,4,5035961132122707591191,4,13
large_integer,35308,4943727411754159833128,4,5026737760085852815385,4,13
large_integer,35309,4952950783791014608936,4,5035961132122707591193,4,13
large_integer,35310,4952950783791014608938,4,5035961132122707591195,4,13
large_integer,35311,4962174155827869384746,4,5045184504159562367003,4,13
large_integer,35312,3717018930852474650654,3,3772359163073603305493,3,11
large_integer,35313,4943727411754159833118,4,4999067643975288487957,4,11
large_integer,35314,4943727411754159833120,4,4999067643975288487959,4,11
large_integer,35315,4952950783791014608928,4,5008291016012143263767,4,11
large_integer,35316,4943727411754159833122,4,4999067643975288487961,4,11
large_integer,35317,4952950783791014608930,4,5008291016012143263769,4,11
large_integer,35318,4952950783791014608932,4,5008291016012143263771,4,11
large_integer,35319,4962174155827869384740,4,5017514388048998039579,4,11
large_integer,35320,3809252651221022408725,3,3809252651221022408725,3,13
large_integer,35321,4952950783791014608932,4,5035961132122707591189,4,13
large_integer,35322,4952950783791014608934,4,5035961132122707591191,4,13
large_integer,35323,4962174155827869384742,4,5045184504159562366999,4,13
large_integer,35324,4952950783791014608936,4,5035961132122707591193,4,13
large_integer,35325,4962174155827869384744,4,5045184504159562367001,4,13
large_integer,35326,4962174155827869384746,4,5045184504159562367003,4,13
large_integer,35327,4971397527864724160554,4,5054407876196417142811,4,13
large_integer,35328,2462640333840225140755,2,2490310449950789468175,2,9
large_integer,35329,3689348814741910323219,3,3717018930852474650639,3,9
large_integer,35330,3689348814741910323221,3,3717018930852474650641,3,9
large_integer,35331,3698572186778765099029,3,3726242302889329426449,3,9
large_integer,35332,3689348814741910323223,3,3717018930852474650643,3,9
large_integer,35333,3698572186778765099031,3,3726242302889329426451,3,9
large_integer,35334,3698572186778765099033,3,3726242302889329426453,3,9
large_integer,35335,3707795558815619874841,3,3735465674926184202261,3,9
large_integer,35336,3689348814741910323225,3,3717018930852474650645,3,9
large_integer,35337,3698572186778765099033,3,3726242302889329426453,3,9
large_integer,35338,3698572186778765099035,3,3726242302889329426455,3,9
large_integer,35339,3707795558815619874843,3,3735465674926184202263,3,9
large_integer,35340,3698572186778765099037,3,3726242302889329426457,3,9
large_integer,35341,3707795558815619874845,3,3735465674926184202265,3,9
large_integer,35342,3707795558815619874847,3,3735465674926184202267,3,9
large_integer,35343,3717018930852474650655,3,3744689046963038978075,3,9
large_integer,35344,3689348814741910323220,3,3717018930852474650640,3,9
large_integer,35345,4916057295643595505684,4,4943727411754159833104,4,9
large_integer,35346,4916057295643595505686,4,4943727411754159833106,4,9
large_integer,35347,4925280667680450281494,4,4952950783791014608914,4,9
large_integer,35348,4916057295643595505688,4,4943727411754159833108,4,9
large_integer,35349,4925280667680450281496,4,4952950783791014608916,4,9
large_integer,35350,4925280667680450281498,4,4952950783791014608918,4,9
large_integer,35351,4934504039717305057306,4,4962174155827869384726,4,9
large_integer,35352,4916057295643595505690,4,4943727411754159833110,4,9
large_integer,35353,4925280667680450281498,4,4952950783791014608918,4,9
large_integer,35354,4925280667680450281500,4,4952950783791014608920,4,9
large_integer,35355,4934504039717305057308,4,4962174155827869384728,4,9
large_integer,35356,4925280667680450281502,4,4952950783791014608922,4,9
large_integer,35357,4934504039717305057310,4,4962174155827869384730,4,9
large_integer,35358,4934504039717305057312,4,4962174155827869384732,4,9
large_integer,35359,4943727411754159833120,4,4971397527864724160540,4,9
large_integer,35360,3689348814741910323222,3,3717018930852474650642,3,9
large_integer,35361,4916057295643595505686,4,4943727411754159833106,4,9
large_integer,35362,4916057295643595505688,4,4943727411754159833108,4,9
large_integer,35363,4925280667680450281496,4,4952950783791014608916,4,9
large_integer,35364,4916057295643595505690,4,4943727411754159833110,4,9
large_integer,35365,4925280667680450281498,4,4952950783791014608918,4,9
large_integer,35366,4925280667680450281500,4,4952950783791014608920,4,9
large_integer,35367,4934504039717305057308,4,4962174155827869384728,4,9
large_integer,35368,4916057295643595505692,4,4943727411754159833112,4,9
large_integer,35369,4925280667680450281500,4,4952950783791014608920,4,9
large_integer,35370,4925280667680450281502,4,4952950783791014608922,4,9
large_integer,35371,4934504039717305057310,4,4962174155827869384730,4,9
large_integer,35372,4925280667680450281504,4,4952950783791014608924,4,9
large_integer,35373,4934504039717305057312,4,4962174155827869384732,4,9
large_integer,35374,4934504039717305057314,4,4962174155827869384734,4,9
large_integer,35375,4943727411754159833122,4,4971397527864724160542,4,9
large_integer,35376,3698572186778765099030,3,3726242302889329426450,3,9
large_integer,35377,4925280667680450281494,4,4952950783791014608914,4,9
large_integer,35378,4925280667680450281496,4,4952950783791014608916,4,9
large_integer,35379,4934504039717305057304,4,4962174155827869384724,4,9
large_integer,35380,4925280667680450281498,4,4952950783791014608918,4,9
large_integer,35381,4934504039717305057306,4,4962174155827869384726,4,9
large_integer,35382,4934504039717305057308,4,4962174155827869384728,4,9
large_integer,35383,4943727411754159833116,4,4971397527864724160536,4,9
large_integer,35384,4925280667680450281500,4,4952950783791014608920,4,9
large_integer,35385,4934504039717305057308,4,4962174155827869384728,4,9
large_integer,35386,4934504039717305057310,4,4962174155827869384730,4,9
large_integer,35387,4943727411754159833118,4,4971397527864724160538,4,9
large_integer,35388,4934504039717305057312,4,4962174155827869384732,4,9
large_integer,35389,4943727411754159833120,4,4971397527864724160540,4,9
large_integer,35390,4943727411754159833122,4,4971397527864724160542,4,9
large_integer,35391,4952950783791014608930,4,4980620899901578936350,4,9
large_integer,35392,3689348814741910323224,3,3717018930852474650644,3,9
large_integer,35393,4916057295643595505688,4,4943727411754159833108,4,9
large_integer,35394,4916057295643595505690,4,4943727411754159833110,4,9
large_integer,35395,4925280667680450281498,4,4952950783791014608918,4,9
large_integer,35396,4916057295643595505692,4,4943727411754159833112,4,9
large_integer,35397,4925280667680450281500,4,4952950783791014608920,4,9
large_integer,35398,4925280667680450281502,4,4952950783791014608922,4,9
large_integer,35399,4934504039717305057310,4,4962174155827869384730,4,9
large_integer,35400,4916057295643595505694,4,4943727411754159833114,4,9
large_integer,35401,4925280667680450281502,4,4952950783791014608922,4,9
large_integer,35402,4925280667680450281504,4,4952950783791014608924,4,9
large_integer,35403,4934504039717305057312,4,4962174155827869384732,4,9
large_integer,35404,4925280667680450281506,4,4952950783791014608926,4,9
large_integer,35405,4934504039717305057314,4,4962174155827869384734,4,9
large_integer,35406,4934504039717305057316,4,4962174155827869384736,4,9
large_integer,35407,4943727411754159833124,4,4971397527864724160544,4,9
large_integer,35408,3698572186778765099032,3,3726242302889329426452,3,9
large_integer,35409,4925280667680450281496,4,4952950783791014608916,4,9
large_integer,35410,4925280667680450281498,4,4952950783791014608918,4,9
large_integer,35411,4934504039717305057306,4,4962174155827869384726,4,9
large_integer,35412,4925280667680450281500,4,4952950783791014608920,4,9
large_integer,35413,4934504039717305057308,4,4962174155827869384728,4,9
large_integer,35414,4934504039717305057310,4,4962174155827869384730,4,9
large_integer,35415,4943727411754159833118,4,4971397527864724160538,4,9
large_integer,35416,4925280667680450281502,4,4952950783791014608922,4,9
large_integer,35417,4934504039717305057310,4,4962174155827869384730,4,9
large_integer,35418,4934504039717305057312,4,4962174155827869384732,4,9
large_integer,35419,4943727411754159833120,4,4971397527864724160540,4,9
large_integer,35420,4934504039717305057314,4,4962174155827869384734,4,9
large_integer,35421,4943727411754159833122,4,4971397527864724160542,4,9
large_integer,35422,4943727411754159833124,4,4971397527864724160544,4,9
large_integer,35423,4952950783791014608932,4,4980620899901578936352,4,9
large_integer,35424,3698572186778765099034,3,3726242302889329426454,3,9
large_integer,35425,4925280667680450281498,4,4952950783791014608918,4,9
large_integer,35426,4925280667680450281500,4,4952950783791014608920,4,9
large_integer,35427,4934504039717305057308,4,4962174155827869384728,4,9
large_integer,35428,4925280667680450281502,4,4952950783791014608922,4,9
large_integer,35429,4934504039717305057310,4,4962174155827869384730,4,9
large_integer,35430,4934504039717305057312,4,4962174155827869384732,4,9
large_integer,35431,4943727411754159833120,4,4971397527864724160540,4,9
large_integer,35432,4925280667680450281504,4,4952950783791014608924,4,9
large_integer,35433,4934504039717305057312,4,4962174155827869384732,4,9
large_integer,35434,4934504039717305057314,4,4962174155827869384734,4,9
large_integer,35435,4943727411754159833122,4,4971397527864724160542,4,9
large_integer,35436,4934504039717305057316,4,4962174155827869384736,4,9
large_integer,35437,4943727411754159833124,4,4971397527864724160544,4,9
large_integer,35438,4943727411754159833126,4,4971397527864724160546,4,9
large_integer,35439,4952950783791014608934,4,4980620899901578936354,4,9
large_integer,35440,3707795558815619874842,3,3735465674926184202262,3,9
large_integer,35441,4934504039717305057306,4,4962174155827869384726,4,9
large_integer,35442,4934504039717305057308,4,4962174155827869384728,4,9
large_integer,35443,4943727411754159833116,4,4971397527864724160536,4,9
large_integer,35444,4934504039717305057310,4,4962174155827869384730,4,9
large_integer,35445,4943727411754159833118,4,4971397527864724160538,4,9
large_integer,35446,4943727411754159833120,4,4971397527864724160540,4,9
large_integer,35447,4952950783791014608928,4,4980620899901578936348,4,9
large_integer,35448,4934504039717305057312,4,4962174155827869384732,4,9
large_integer,35449,4943727411754159833120,4,4971397527864724160540,4,9
large_integer,35450,4943727411754159833122,4,4971397527864724160542,4,9
large_integer,35451,4952950783791014608930,4,4980620899901578936350,4,9
large_integer,35452,4943727411754159833124,4,4971397527864724160544,4,9
large_integer,35453,4952950783791014608932,4,4980620899901578936352,4,9
large_integer,35454,4952950783791014608934,4,4980620899901578936354,4,9
large_integer,35455,4962174155827869384742,4,4989844271938433712162,4,9
large_integer,35456,2527203938098208571408,2,2527203938098208571408,2,11
large_integer,35457,3753912418999893753872,3,3753912418999893753872,3,11
large_integer,35458,3753912418999893753874,3,3753912418999893753874,3,11
large_integer,35459,3763135791036748529682,3,3763135791036748529682,3,11
large_integer,35460,3753912418999893753876,3,3753912418999893753876,3,11
large_integer,35461,3763135791036748529684,3,3763135791036748529684,3,11
large_integer,35462,3763135791036748529686,3,3763135791036748529686,3,11
large_integer,35463,3772359163073603305494,3,3772359163073603305494,3,11
large_integer,35464,2564097426245627674640,2,2564097426245627674640,2,13
large_integer,35465,3763135791036748529686,3,3790805907147312857104,3,13
large_integer,35466,3763135791036748529688,3,3790805907147312857106,3,13
large_integer,35467,3772359163073603305496,3,3800029279184167632914,3,13
large_integer,35468,3763135791036748529690,3,3790805907147312857108,3,13
large_integer,35469,3772359163073603305498,3,3800029279184167632916,3,13
large_integer,35470,3772359163073603305500,3,3800029279184167632918,3,13
large_integer,35471,3781582535110458081308,3,3809252651221022408726,3,13
large_integer,35472,3698572186778765099034,3,3753912418999893753873,3,11
large_integer,35473,4925280667680450281498,4,4980620899901578936337,4,11
large_integer,35474,4925280667680450281500,4,4980620899901578936339,4,11
large_integer,35475,4934504039717305057308,4,4989844271938433712147,4,11
large_integer,35476,4925280667680450281502,4,4980620899901578936341,4,11
large_integer,35477,4934504039717305057310,4,4989844271938433712149,4,11
large_integer,35478,4934504039717305057312,4,4989844271938433712151,4,11
large_integer,35479,4943727411754159833120,4,4999067643975288487959,4,11
large_integer,35480,3790805907147312857105,3,3790805907147312857105,3,13
large_integer,35481,4934504039717305057312,4,5017514388048998039569,4,13
large_integer,35482,4934504039717305057314,4,5017514388048998039571,4,13
large_integer,35483,4943727411754159833122,4,5026737760085852815379,4,13
large_integer,35484,4934504039717305057316,4,5017514388048998039573,4,13
large_integer,35485,4943727411754159833124,4,5026737760085852815381,4,13
large_integer,35486,4943727411754159833126,4,5026737760085852815383,4,13
large_integer,35487,4952950783791014608934,4,5035961132122707591191,4,13
large_integer,35488,3698572186778765099036,3,3753912418999893753875,3,11
large_integer,35489,4925280667680450281500,4,4980620899901578936339,4,11
large_integer,35490,4925280667680450281502,4,4980620899901578936341,4,11
large_integer,35491,4934504039717305057310,4,4989844271938433712149,4,11
large_integer,35492,4925280667680450281504,4,4980620899901578936343,4,11
large_integer,35493,4934504039717305057312,4,4989844271938433712151,4,11
large_integer,35494,4934504039717305057314,4,4989844271938433712153,4,11
large_integer,35495,4943727411754159833122,4,4999067643975288487961,4,11
large_integer,35496,3790805907147312857107,3,3790805907147312857107,3,13
large_integer,35497,4934504039717305057314,4,5017514388048998039571,4,13
large_integer,35498,4934504039717305057316,4,5017514388048998039573,4,13
large_integer,35499,4943727411754159833124,4,5026737760085852815381,4,13
large_integer,35500,4934504039717305057318,4,5017514388048998039575,4,13
large_integer,35501,4943727411754159833126,4,5026737760085852815383,4,13
large_integer,35502,4943727411754159833128,4,5026737760085852815385,4,13
large_integer,35503,4952950783791014608936,4,5035961132122707591193,4,13
large_integer,35504,3707795558815619874844,3,3763135791036748529683,3,11
large_integer,35505,4934504039717305057308,4,4989844271938433712147,4,11
large_integer,35506,4934504039717305057310,4,4989844271938433712149,4,11
large_integer,35507,4943727411754159833118,4,4999067643975288487957,4,11
large_integer,35508,4934504039717305057312,4,4989844271938433712151,4,11
large_integer,35509,4943727411754159833120,4,4999067643975288487959,4,11
large_integer,35510,4943727411754159833122,4,4999067643975288487961,4,11
large_integer,35511,4952950783791014608930,4,5008291016012143263769,4,11
large_integer,35512,3800029279184167632915,3,3800029279184167632915,3,13
large_integer,35513,4943727411754159833122,4,5026737760085852815379,4,13
large_integer,35514,4943727411754159833124,4,5026737760085852815381,4,13
large_integer,35515,4952950783791014608932,4,5035961132122707591189,4,13
large_integer,35516,4943727411754159833126,4,5026737760085852815383,4,13
large_integer,35517,4952950783791014608934,4,5035961132122707591191,4,13
large_integer,35518,4952950783791014608936,4,5035961132122707591193,4,13
large_integer,35519,4962174155827869384744,4,5045184504159562367001,4,13
large_integer,35520,3698572186778765099038,3,3753912418999893753877,3,11
large_integer,35521,4925280667680450281502,4,4980620899901578936341,4,11
large_integer,35522,4925280667680450281504,4,4980620899901578936343,4,11
large_integer,35523,4934504039717305057312,4,4989844271938433712151,4,11
large_integer,35524,4925280667680450281506,4,4980620899901578936345,4,11
large_integer,35525,4934504039717305057314,4,4989844271938433712153,4,11
large_integer,35526,4934504039717305057316,4,4989844271938433712155,4,11
large_integer,35527,4943727411754159833124,4,4999067643975288487963,4,11
large_integer,35528,3790805907147312857109,3,3790805907147312857109,3,13
large_integer,35529,4934504039717305057316,4,5017514388048998039573,4,13
large_integer,35530,4934504039717305057318,4,5017514388048998039575,4,13
large_integer,35531,4943727411754159833126,4,5026737760085852815383,4,13
large_integer,35532,4934504039717305057320,4,5017514388048998039577,4,13
large_integer,35533,4943727411754159833128,4,5026737760085852815385,4,13
large_integer,35534,4943727411754159833130,4,5026737760085852815387,4,13
large_integer,35535,4952950783791014608938,4,5035961132122707591195,4,13
large_integer,35536,3707795558815619874846,3,3763135791036748529685,3,11
large_integer,35537,4934504039717305057310,4,4989844271938433712149,4,11
large_integer,35538,4934504039717305057312,4,4989844271938433712151,4,11
large_integer,35539,4943727411754159833120,4,4999067643975288487959,4,11
large_integer,35540,4934504039717305057314,4,4989844271938433712153,4,11
large_integer,35541,4943727411754159833122,4,4999067643975288487961,4,11
large_integer,35542,4943727411754159833124,4,4999067643975288487963,4,11
large_integer,35543,4952950783791014608932,4,5008291016012143263771,4,11
large_integer,35544,3800029279184167632917,3,3800029279184167632917,3,13
large_integer,35545,4943727411754159833124,4,5026737760085852815381,4,13
large_integer,35546,4943727411754159833126,4,5026737760085852815383,4,13
large_integer,35547,4952950783791014608934,4,5035961132122707591191,4,13
large_integer,35548,4943727411754159833128,4,5026737760085852815385,4,13
large_integer,35549,4952950783791014608936,4,5035961132122707591193,4,13
large_integer,35550,4952950783791014608938,4,5035961132122707591195,4,13
large_integer,35551,4962174155827869384746,4,5045184504159562367003,4,13
large_integer,35552,3707795558815619874848,3,3763135791036748529687,3,11
large_integer,35553,4934504039717305057312,4,4989844271938433712151,4,11
large_integer,35554,4934504039717305057314,4,4989844271938433712153,4,11
large_integer,35555,4943727411754159833122,4,4999067643975288487961,4,11
large_integer,35556,4934504039717305057316,4,4989844271938433712155,4,11
large_integer,35557,4943727411754159833124,4,4999067643975288487963,4,11
large_integer,35558,4943727411754159833126,4,4999067643975288487965,4,11
large_integer,35559,4952950783791014608934,4,5008291016012143263773,4,11
large_integer,35560,3800029279184167632919,3,3800029279184167632919,3,13
large_integer,35561,4943727411754159833126,4,5026737760085852815383,4,13
large_integer,35562,4943727411754159833128,4,5026737760085852815385,4,13
large_integer,35563,4952950783791014608936,4,5035961132122707591193,4,13
large_integer,35564,4943727411754159833130,4,5026737760085852815387,4,13
large_integer,35565,4952950783791014608938,4,5035961132122707591195,4,13
large_integer,35566,4952950783791014608940,4,5035961132122707591197,4,13
large_integer,35567,4962174155827869384748,4,5045184504159562367005,4,13
large_integer,35568,3717018930852474650656,3,3772359163073603305495,3,11
large_integer,35569,4943727411754159833120,4,4999067643975288487959,4,11
large_integer,35570,4943727411754159833122,4,4999067643975288487961,4,11
large_integer,35571,4952950783791014608930,4,5008291016012143263769,4,11
large_integer,35572,4943727411754159833124,4,4999067643975288487963,4,11
large_integer,35573,4952950783791014608932,4,5008291016012143263771,4,11
large_integer,35574,4952950783791014608934,4,5008291016012143263773,4,11
large_integer,35575,4962174155827869384742,4,5017514388048998039581,4,11
large_integer,35576,3809252651221022408727,3,3809252651221022408727,3,13
large_integer,35577,4952950783791014608934,4,5035961132122707591191,4,13
large_integer,35578,4952950783791014608936,4,5035961132122707591193,4,13
large_integer,35579,4962174155827869384744,4,5045184504159562367001,4,13
large_integer,35580,4952950783791014608938,4,5035961132122707591195,4,13
large_integer,35581,4962174155827869384746,4,5045184504159562367003,4,13
large_integer,35582,4962174155827869384748,4,5045184504159562367005,4,13
large_integer,35583,4971397527864724160556,4,5054407876196417142813,4,13
large_integer,35584,2471863705877079916563,2,2499533821987644243983,2,9
large_integer,35585,3698572186778765099027,3,3726242302889329426447,3,9
large_integer,35586,3698572186778765099029,3,3726242302889329426449,3,9
large_integer,35587,3707795558815619874837,3,3735465674926184202257,3,9
large_integer,35588,3698572186778765099031,3,3726242302889329426451,3,9
large_integer,35589,3707795558815619874839,3,3735465674926184202259,3,9
large_integer,35590,3707795558815619874841,3,3735465674926184202261,3,9
large_integer,35591,3717018930852474650649,3,3744689046963038978069,3,9
large_integer,35592,3698572186778765099033,3,3726242302889329426453,3,9
large_integer,35593,3707795558815619874841,3,3735465674926184202261,3,9
large_integer,35594,3707795558815619874843,3,3735465674926184202263,3,9
large_integer,35595,3717018930852474650651,3,3744689046963038978071,3,9
large_integer,35596,3707795558815619874845,3,3735465674926184202265,3,9
large_integer,35597,3717018930852474650653,3,3744689046963038978073,3,9
large_integer,35598,3717018930852474650655,3,3744689046963038978075,3,9
large_integer,35599,3726242302889329426463,3,3753912418999893753883,3,9
large_integer,35600,3698572186778765099028,3,3726242302889329426448,3,9
large_integer,35601,4925280667680450281492,4,4952950783791014608912,4,9
large_integer,35602,4925280667680450281494,4,4952950783791014608914,4,9
large_integer,35603,4934504039717305057302,4,4962174155827869384722,4,9
large_integer,35604,4925280667680450281496,4,4952950783791014608916,4,9
large_integer,35605,4934504039717305057304,4,4962174155827869384724,4,9
large_integer,35606,4934504039717305057306,4,4962174155827869384726,4,9
large_integer,35607,4943727411754159833114,4,4971397527864724160534,4,9
large_integer,35608,4925280667680450281498,4,4952950783791014608918,4,9
large_integer,35609,4934504039717305057306,4,4962174155827869384726,4,9
large_integer,35610,4934504039717305057308,4,4962174155827869384728,4,9
large_integer,35611,4943727411754159833116,4,4971397527864724160536,4,9
large_integer,35612,4934504039717305057310,4,4962174155827869384730,4,9
large_integer,35613,4943727411754159833118,4,4971397527864724160538,4,9
large_integer,35614,4943727411754159833120,4,4971397527864724160540,4,9
large_integer,35615,4952950783791014608928,4,4980620899901578936348,4,9
large_integer,35616,3698572186778765099030,3,3726242302889329426450,3,9
large_integer,35617,4925280667680450281494,4,4952950783791014608914,4,9
large_integer,35618,4925280667680450281496,4,4952950783791014608916,4,9
large_integer,35619,4934504039717305057304,4,4962174155827869384724,4,9
large_integer,35620,4925280667680450281498,4,4952950783791014608918,4,9
large_integer,35621,4934504039717305057306,4,4962174155827869384726,4,9
large_integer,35622,4934504039717305057308,4,4962174155827869384728,4,9
large_integer,35623,4943727411754159833116,4,4971397527864724160536,4,9
large_integer,35624,4925280667680450281500,4,4952950783791014608920,4,9
large_integer,35625,4934504039717305057308,4,4962174155827869384728,4,9
large_integer,35626,4934504039717305057310,4,4962174155827869384730,4,9
large_integer,35627,4943727411754159833118,4,4971397527864724160538,4,9
large_integer,35628,4934504039717305057312,4,4962174155827869384732,4,9
large_integer,35629,4943727411754159833120,4,4971397527864724160540,4,9
large_integer,35630,4943727411754159833122,4,4971397527864724160542,4,9
large_integer,35631,4952950783791014608930,4,4980620899901578936350,4,9
large_integer,35632,3707795558815619874838,3,3735465674926184202258,3,9
large_integer,35633,4934504039717305057302,4,4962174155827869384722,4,9
large_integer,35634,4934504039717305057304,4,4962174155827869384724,4,9
large_integer,35635,4943727411754159833112,4,4971397527864724160532,4,9
large_integer,35636,4934504039717305057306,4,4962174155827869384726,4,9
large_integer,35637,4943727411754159833114,4,4971397527864724160534,4,9
large_integer,35638,4943727411754159833116,4,4971397527864724160536,4,9
large_integer,35639,4952950783791014608924,4,4980620899901578936344,4,9
large_integer,35640,4934504039717305057308,4,4962174155827869384728,4,9
large_integer,35641,4943727411754159833116,4,4971397527864724160536,4,9
large_integer,35642,4943727411754159833118,4,4971397527864724160538,4,9
large_integer,35643,4952950783791014608926,4,4980620899901578936346,4,9
large_integer,35644,4943727411754159833120,4,4971397527864724160540,4,9
large_integer,35645,4952950783791014608928,4,4980620899901578936348,4,9
large_integer,35646,4952950783791014608930,4,4980620899901578936350,4,9
large_integer,35647,4962174155827869384738,4,4989844271938433712158,4,9
large_integer,35648,3698572186778765099032,3,3726242302889329426452,3,9
large_integer,35649,4925280667680450281496,4,4952950783791014608916,4,9
large_integer,35650,4925280667680450281498,4,4952950783791014608918,4,9
large_integer,35651,4934504039717305057306,4,4962174155827869384726,4,9
large_integer,35652,4925280667680450281500,4,4952950783791014608920,4,9
large_integer,35653,4934504039717305057308,4,4962174155827869384728,4,9
large_integer,35654,4934504039717305057310,4,4962174155827869384730,4,9
large_integer,35655,4943727411754159833118,4,4971397527864724160538,4,9
large_integer,35656,4925280667680450281502,4,4952950783791014608922,4,9
large_integer,35657,4934504039717305057310,4,4962174155827869384730,4,9
large_integer,35658,4934504039717305057312,4,4962174155827869384732,4,9
large_integer,35659,4943727411754159833120,4,4971397527864724160540,4,9
large_integer,35660,4934504039717305057314,4,4962174155827869384734,4,9
large_integer,35661,4943727411754159833122,4,4971397527864724160542,4,9
large_integer,35662,4943727411754159833124,4,4971397527864724160544,4,9
large_integer,35663,4952950783791014608932,4,4980620899901578936352,4,9
large_integer,35664,3707795558815619874840,3,3735465674926184202260,3,9
large_integer,35665,4934504039717305057304,4,4962174155827869384724,4,9
large_integer,35666,4934504039717305057306,4,4962174155827869384726,4,9
large_integer,35667,4943727411754159833114,4,4971397527864724160534,4,9
large_integer,35668,4934504039717305057308,4,4962174155827869384728,4,9
large_integer,35669,4943727411754159833116,4,4971397527864724160536,4,9
large_integer,35670,4943727411754159833118,4,4971397527864724160538,4,9
large_integer,35671,4952950783791014608926,4,4980620899901578936346,4,9
large_integer,35672,4934504039717305057310,4,4962174155827869384730,4,9
large_integer,35673,4943727411754159833118,4,4971397527864724160538,4,9
large_integer,35674,4943727411754159833120,4,4971397527864724160540,4,9
large_integer,35675,4952950783791014608928,4,4980620899901578936348,4,9
large_integer,35676,4943727411754159833122,4,4971397527864724160542,4,9
large_integer,35677,4952950783791014608930,4,4980620899901578936350,4,9
large_integer,35678,4952950783791014608932,4,4980620899901578936352,4,9
large_integer,35679,4962174155827869384740,4,4989844271938433712160,4,9
large_integer,35680,3707795558815619874842,3,3735465674926184202262,3,9
large_integer,35681,4934504039717305057306,4,4962174155827869384726,4,9
large_integer,35682,4934504039717305057308,4,4962174155827869384728,4,9
large_integer,35683,4943727411754159833116,4,4971397527864724160536,4,9
large_integer,35684,4934504039717305057310,4,4962174155827869384730,4,9
large_integer,35685,4943727411754159833118,4,4971397527864724160538,4,9
large_integer,35686,4943727411754159833120,4,4971397527864724160540,4,9
large_integer,35687,4952950783791014608928,4,4980620899901578936348,4,9
large_integer,35688,4934504039717305057312,4,4962174155827869384732,4,9
large_integer,35689,4943727411754159833120,4,4971397527864724160540,4,9
large_integer,35690,4943727411754159833122,4,4971397527864724160542,4,9
large_integer,35691,4952950783791014608930,4,4980620899901578936350,4,9
large_integer,35692,4943727411754159833124,4,4971397527864724160544,4,9
large_integer,35693,4952950783791014608932,4,4980620899901578936352,4,9
large_integer,35694,4952950783791014608934,4,4980620899901578936354,4,9
large_integer,35695,4962174155827869384742,4,4989844271938433712162,4,9
large_integer,35696,3717018930852474650650,3,3744689046963038978070,3,9
large_integer,35697,4943727411754159833114,4,4971397527864724160534,4,9
large_integer,35698,4943727411754159833116,4,4971397527864724160536,4,9
large_integer,35699,4952950783791014608924,4,4980620899901578936344,4,9
large_integer,35700,4943727411754159833118,4,4971397527864724160538,4,9
large_integer,35701,4952950783791014608926,4,4980620899901578936346,4,9
large_integer,35702,4952950783791014608928,4,4980620899901578936348,4,9
large_integer,35703,4962174155827869384736,4,4989844271938433712156,4,9
large_integer,35704,4943727411754159833120,4,4971397527864724160540,4,9
large_integer,35705,4952950783791014608928,4,4980620899901578936348,4,9
large_integer,35706,4952950783791014608930,4,4980620899901578936350,4,9
large_integer,35707,4962174155827869384738,4,4989844271938433712158,4,9
large_integer,35708,4952950783791014608932,4,4980620899901578936352,4,9
large_integer,35709,4962174155827869384740,4,4989844271938433712160,4,9
large_integer,35710,4962174155827869384742,4,4989844271938433712162,4,9
large_integer,35711,4971397527864724160550,4,4999067643975288487970,4,9
large_integer,35712,2536427310135063347216,2,2536427310135063347216,2,11
large_integer,35713,3763135791036748529680,3,3763135791036748529680,3,11
large_integer,35714,3763135791036748529682,3,3763135791036748529682,3,11
large_integer,35715,3772359163073603305490,3,3772359163073603305490,3,11
large_integer,35716,3763135791036748529684,3,3763135791036748529684,3,11
large_integer,35717,3772359163073603305492,3,3772359163073603305492,3,11
large_integer,35718,3772359163073603305494,3,3772359163073603305494,3,11
large_integer,35719,3781582535110458081302,3,3781582535110458081302,3,11
large_integer,35720,2573320798282482450448,2,2573320798282482450448,2,13
large_integer,35721,3772359163073603305494,3,3800029279184167632912,3,13
large_integer,35722,3772359163073603305496,3,3800029279184167632914,3,13
large_integer,35723,3781582535110458081304,3,3809252651221022408722,3,13
large_integer,35724,3772359163073603305498,3,3800029279184167632916,3,13
large_integer,35725,3781582535110458081306,3,3809252651221022408724,3,13
large_integer,35726,3781582535110458081308,3,3809252651221022408726,3,13
large_integer,35727,3790805907147312857116,3,3818476023257877184534,3,13
large_integer,35728,3707795558815619874842,3,3763135791036748529681,3,11
large_integer,35729,4934504039717305057306,4,4989844271938433712145,4,11
large_integer,35730,4934504039717305057308,4,4989844271938433712147,4,11
large_integer,35731,4943727411754159833116,4,4999067643975288487955,4,11
large_integer,35732,4934504039717305057310,4,4989844271938433712149,4,11
large_integer,35733,4943727411754159833118,4,4999067643975288487957,4,11
large_integer,35734,4943727411754159833120,4,4999067643975288487959,4,11
large_integer,35735,4952950783791014608928,4,5008291016012143263767,4,11
large_integer,35736,3800029279184167632913,3,3800029279184167632913,3,13
large_integer,35737,4943727411754159833120,4,5026737760085852815377,4,13
large_integer,35738,4943727411754159833122,4,5026737760085852815379,4,13
large_integer,35739,4952950783791014608930,4,5035961132122707591187,4,13
large_integer,35740,4943727411754159833124,4,5026737760085852815381,4,13
large_integer,35741,4952950783791014608932,4,5035961132122707591189,4,13
large_integer,35742,4952950783791014608934,4,5035961132122707591191,4,13
large_integer,35743,4962174155827869384742,4,5045184504159562366999,4,13
large_integer,35744,3707795558815619874844,3,3763135791036748529683,3,11
large_integer,35745,4934504039717305057308,4,4989844271938433712147,4,11
large_integer,35746,4934504039717305057310,4,4989844271938433712149,4,11
large_integer,35747,4943727411754159833118,4,4999067643975288487957,4,11
large_integer,35748,4934504039717305057312,4,4989844271938433712151,4,11
large_integer,35749,4943727411754159833120,4,4999067643975288487959,4,11
large_integer,35750,4943727411754159833122,4,4999067643975288487961,4,11
large_integer,35751,4952950783791014608930,4,5008291016012143263769,4,11
large_integer,35752,3800029279184167632915,3,3800029279184167632915,3,13
large_integer,35753,4943727411754159833122,4,5026737760085852815379,4,13
large_integer,35754,4943727411754159833124,4,5026737760085852815381,4,13
large_integer,35755,4952950783791014608932,4,5035961132122707591189,4,13
large_integer,35756,4943727411754159833126,4,5026737760085852815383,4,13
large_integer,35757,4952950783791014608934,4,5035961132122707591191,4,13
large_integer,35758,4952950783791014608936,4,5035961132122707591193,4,13
large_integer,35759,4962174155827869384744,4,5045184504159562367001,4,13
large_integer,35760,3717018930852474650652,3,3772359163073603305491,3,11
large_integer,35761,4943727411754159833116,4,4999067643975288487955,4,11
large_integer,35762,4943727411754159833118,4,4999067643975288487957,4,11
large_integer,35763,4952950783791014608926,4,5008291016012143263765,4,11
large_integer,35764,4943727411754159833120,4,4999067643975288487959,4,11
large_integer,35765,4952950783791014608928,4,5008291016012143263767,4,11
large_integer,35766,4952950783791014608930,4,5008291016012143263769,4,11
large_integer,35767,4962174155827869384738,4,5017514388048998039577,4,11
large_integer,35768,3809252651221022408723,3,3809252651221022408723,3,13
large_integer,35769,4952950783791014608930,4,5035961132122707591187,4,13
large_integer,35770,4952950783791014608932,4,5035961132122707591189,4,13
large_integer,35771,4962174155827869384740,4,5045184504159562366997,4,13
large_integer,35772,4952950783791014608934,4,5035961132122707591191,4,13
large_integer,35773,4962174155827869384742,4,5045184504159562366999,4,13
large_integer,35774,4962174155827869384744,4,5045184504159562367001,4,13
large_integer,35775,4971397527864724160552,4,5054407876196417142809,4,13
large_integer,35776,3707795558815619874846,3,3763135791036748529685,3,11
large_integer,35777,4934504039717305057310,4,4989844271938433712149,4,11
large_integer,35778,4934504039717305057312,4,4989844271938433712151,4,11
large_integer,35779,4943727411754159833120,4,4999067643975288487959,4,11
large_integer,35780,4934504039717305057314,4,4989844271938433712153,4,11
large_integer,35781,4943727411754159833122,4,4999067643975288487961,4,11
large_integer,35782,4943727411754159833124,4,4999067643975288487963,4,11
large_integer,35783,4952950783791014608932,4,5008291016012143263771,4,11
large_integer,35784,3800029279184167632917,3,3800029279184167632917,3,13
large_integer,35785,4943727411754159833124,4,5026737760085852815381,4,13
large_integer,35786,4943727411754159833126,4,5026737760085852815383,4,13
large_integer,35787,4952950783791014608934,4,5035961132122707591191,4,13
large_integer,35788,4943727411754159833128,4,5026737760085852815385,4,13
large_integer,35789,4952950783791014608936,4,5035961132122707591193,4,13
large_integer,35790,4952950783791014608938,4,5035961132122707591195,4,13
large_integer,35791,4962174155827869384746,4,5045184504159562367003,4,13
large_integer,35792,3717018930852474650654,3,3772359163073603305493,3,11
large_integer,35793,4943727411754159833118,4,4999067643975288487957,4,11
large_integer,35794,4943727411754159833120,4,4999067643975288487959,4,11
large_integer,35795,4952950783791014608928,4,5008291016012143263767,4,11
large_integer,35796,4943727411754159833122,4,4999067643975288487961,4,11
large_integer,35797,4952950783791014608930,4,5008291016012143263769,4,11
large_integer,35798,4952950783791014608932,4,5008291016012143263771,4,11
large_integer,35799,4962174155827869384740,4,5017514388048998039579,4,11
large_integer,35800,3809252651221022408725,3,3809252651221022408725,3,13
large_integer,35801,4952950783791014608932,4,5035961132122707591189,4,13
large_integer,35802,4952950783791014608934,4,5035961132122707591191,4,13
large_integer,35803,4962174155827869384742,4,5045184504159562366999,4,13
large_integer,35804,4952950783791014608936,4,5035961132122707591193,4,13
large_integer,35805,4962174155827869384744,4,5045184504159562367001,4,13
large_integer,35806,4962174155827869384746,4,5045184504159562367003,4,13
large_integer,35807,4971397527864724160554,4,5054407876196417142811,4,13
large_integer,35808,3717018930852474650656,3,3772359163073603305495,3,11
large_integer,35809,4943727411754159833120,4,4999067643975288487959,4,11
large_integer,35810,4943727411754159833122,4,4999067643975288487961,4,11
large_integer,35811,4952950783791014608930,4,5008291016012143263769,4,11
large_integer,35812,4943727411754159833124,4,4999067643975288487963,4,11
large_integer,35813,4952950783791014608932,4,5008291016012143263771,4,11
large_integer,35814,4952950783791014608934,4,5008291016012143263773,4,11
large_integer,35815,4962174155827869384742,4,5017514388048998039581,4,11
large_integer,35816,3809252651221022408727,3,3809252651221022408727,3,13
large_integer,35817,4952950783791014608934,4,5035961132122707591191,4,13
large_integer,35818,4952950783791014608936,4,5035961132122707591193,4,13
large_integer,35819,4962174155827869384744,4,5045184504159562367001,4,13
large_integer,35820,4952950783791014608938,4,5035961132122707591195,4,13
large_integer,35821,4962174155827869384746,4,5045184504159562367003,4,13
large_integer,35822,4962174155827869384748,4,5045184504159562367005,4,13
large_integer,35823,4971397527864724160556,4,5054407876196417142813,4,13
large_integer,35824,3726242302889329426464,3,3781582535110458081303,3,11
large_integer,35825,4952950783791014608928,4,5008291016012143263767,4,11
large_integer,35826,4952950783791014608930,4,5008291016012143263769,4,11
large_integer,35827,4962174155827869384738,4,5017514388048998039577,4,11
large_integer,35828,4952950783791014608932,4,5008291016012143263771,4,11
large_integer,35829,4962174155827869384740,4,5017514388048998039579,4,11
large_integer,35830,4962174155827869384742,4,5017514388048998039581,4,11
large_integer,35831,4971397527864724160550,4,5026737760085852815389,4,11
large_integer,35832,3818476023257877184535,3,3818476023257877184535,3,13
large_integer,35833,4962174155827869384742,4,5045184504159562366999,4,13
large_integer,35834,4962174155827869384744,4,5045184504159562367001,4,13
large_integer,35835,4971397527864724160552,4,5054407876196417142809,4,13
large_integer,35836,4962174155827869384746,4,5045184504159562367003,4,13
large_integer,35837,4971397527864724160554,4,5054407876196417142811,4,13
large_integer,35838,4971397527864724160556,4,5054407876196417142813,4,13
large_integer,35839,4980620899901578936364,4,5063631248233271918621,4,13
large_integer,35840,2462640333840225140757,2,2490310449950789468177,2,9
large_integer,35841,3689348814741910323221,3,3717018930852474650641,3,9
large_integer,35842,3689348814741910323223,3,3717018930852474650643,3,9
large_integer,35843,3698572186778765099031,3,3726242302889329426451,3,9
large_integer,35844,3689348814741910323225,3,3717018930852474650645,3,9
large_integer,35845,3698572186778765099033,3,3726242302889329426453,3,9
large_integer,35846,3698572186778765099035,3,3726242302889329426455,3,9
large_integer,35847,3707795558815619874843,3,3735465674926184202263,3,9
large_integer,35848,3689348814741910323227,3,3717018930852474650647,3,9
large_integer,35849,3698572186778765099035,3,3726242302889329426455,3,9
large_integer,35850,3698572186778765099037,3,3726242302889329426457,3,9
large_integer,35851,3707795558815619874845,3,3735465674926184202265,3,9
large_integer,35852,3698572186778765099039,3,3726242302889329426459,3,9
large_integer,35853,3707795558815619874847,3,3735465674926184202267,3,9
large_integer,35854,3707795558815619874849,3,3735465674926184202269,3,9
large_integer,35855,3717018930852474650657,3,3744689046963038978077,3,9
large_integer,35856,3689348814741910323222,3,3717018930852474650642,3,9
large_integer,35857,4916057295643595505686,4,4943727411754159833106,4,9
large_integer,35858,4916057295643595505688,4,4943727411754159833108,4,9
large_integer,35859,4925280667680450281496,4,4952950783791014608916,4,9
large_integer,35860,4916057295643595505690,4,4943727411754159833110,4,9
large_integer,35861,4925280667680450281498,4,4952950783791014608918,4,9
large_integer,35862,4925280667680450281500,4,4952950783791014608920,4,9
large_integer,35863,4934504039717305057308,4,4962174155827869384728,4,9
large_integer,35864,4916057295643595505692,4,4943727411754159833112,4,9
large_integer,35865,4925280667680450281500,4,4952950783791014608920,4,9
large_integer,35866,4925280667680450281502,4,4952950783791014608922,4,9
large_integer,35867,4934504039717305057310,4,4962174155827869384730,4,9
large_integer,35868,4925280667680450281504,4,4952950783791014608924,4,9
large_integer,35869,4934504039717305057312,4,4962174155827869384732,4,9
large_integer,35870,4934504039717305057314,4,4962174155827869384734,4,9
large_integer,35871,4943727411754159833122,4,4971397527864724160542,4,9
large_integer,35872,3689348814741910323224,3,3717018930852474650644,3,9
large_integer,35873,4916057295643595505688,4,4943727411754159833108,4,9
large_integer,35874,4916057295643595505690,4,4943727411754159833110,4,9
large_integer,35875,4925280667680450281498,4,4952950783791014608918,4,9
large_integer,35876,4916057295643595505692,4,4943727411754159833112,4,9
large_integer,35877,4925280667680450281500,4,4952950783791014608920,4,9
large_integer,35878,4925280667680450281502,4,4952950783791014608922,4,9
large_integer,35879,4934504039717305057310,4,4962174155827869384730,4,9
large_integer,35880,4916057295643595505694,4,4943727411754159833114,4,9
large_integer,35881,4925280667680450281502,4,4952950783791014608922,4,9
large_integer,35882,4925280667680450281504,4,4952950783791014608924,4,9
large_integer,35883,4934504039717305057312,4,4962174155827869384732,4,9
large_integer,35884,4925280667680450281506,4,4952950783791014608926,4,9
large_integer,35885,4934504039717305057314,4,4962174155827869384734,4,9
large_integer,35886,4934504039717305057316,4,4962174155827869384736,4,9
large_integer,35887,4943727411754159833124,4,4971397527864724160544,4,9
large_integer,35888,3698572186778765099032,3,3726242302889329426452,3,9
large_integer,35889,4925280667680450281496,4,4952950783791014608916,4,9
large_integer,35890,4925280667680450281498,4,4952950783791014608918,4,9
large_integer,35891,4934504039717305057306,4,4962174155827869384726,4,9
large_integer,35892,4925280667680450281500,4,4952950783791014608920,4,9
large_integer,35893,4934504039717305057308,4,4962174155827869384728,4,9
large_integer,35894,4934504039717305057310,4,4962174155827869384730,4,9
large_integer,35895,4943727411754159833118,4,4971397527864724160538,4,9
large_integer,35896,4925280667680450281502,4,4952950783791014608922,4,9
large_integer,35897,4934504039717305057310,4,4962174155827869384730,4,9
large_integer,35898,4934504039717305057312,4,4962174155827869384732,4,9
large_integer,35899,4943727411754159833120,4,4971397527864724160540,4,9
large_integer,35900,4934504039717305057314,4,4962174155827869384734,4,9
large_integer,35901,4943727411754159833122,4,4971397527864724160542,4,9
large_integer,35902,4943727411754159833124,4,4971397527864724160544,4,9
large_integer,35903,4952950783791014608932,4,4980620899901578936352,4,9
large_integer,35904,3689348814741910323226,3,3717018930852474650646,3,9
large_integer,35905,4916057295643595505690,4,4943727411754159833110,4,9
large_integer,35906,4916057295643595505692,4,4943727411754159833112,4,9
large_integer,35907,4925280667680450281500,4,4952950783791014608920,4,9
large_integer,35908,4916057295643595505694,4,4943727411754159833114,4,9
large_integer,35909,4925280667680450281502,4,4952950783791014608922,4,9
large_integer,35910,4925280667680450281504,4,4952950783791014608924,4,9
large_integer,35911,4934504039717305057312,4,4962174155827869384732,4,9
large_integer,35912,4916057295643595505696,4,4943727411754159833116,4,9
large_integer,35913,4925280667680450281504,4,4952950783791014608924,4,9
large_integer,35914,4925280667680450281506,4,4952950783791014608926,4,9
large_integer,35915,4934504039717305057314,4,4962174155827869384734,4,9
large_integer,35916,4925280667680450281508,4,4952950783791014608928,4,9
large_integer,35917,4934504039717305057316,4,4962174155827869384736,4,9
large_integer,35918,4934504039717305057318,4,4962174155827869384738,4,9
large_integer,35919,4943727411754159833126,4,4971397527864724160546,4,9
large_integer,35920,3698572186778765099034,3,3726242302889329426454,3,9
large_integer,35921,4925280667680450281498,4,4952950783791014608918,4,9
large_integer,35922,4925280667680450281500,4,4952950783791014608920,4,9
large_integer,35923,4934504039717305057308,4,4962174155827869384728,4,9
large_integer,35924,4925280667680450281502,4,4952950783791014608922,4,9
large_integer,35925,4934504039717305057310,4,4962174155827869384730,4,9
large_integer,35926,4934504039717305057312,4,4962174155827869384732,4,9
large_integer,35927,4943727411754159833120,4,4971397527864724160540,4,9
large_integer,35928,4925280667680450281504,4,4952950783791014608924,4,9
large_integer,35929,4934504039717305057312,4,4962174155827869384732,4,9
large_integer,35930,4934504039717305057314,4,4962174155827869384734,4,9
large_integer,35931,4943727411754159833122,4,4971397527864724160542,4,9
large_integer,35932,4934504039717305057316,4,4962174155827869384736,4,9
large_integer,35933,4943727411754159833124,4,4971397527864724160544,4,9
large_integer,35934,4943727411754159833126,4,4971397527864724160546,4,9
large_integer,35935,4952950783791014608934,4,4980620899901578936354,4,9
large_integer,35936,3698572186778765099036,3,3726242302889329426456,3,9
large_integer,35937,4925280667680450281500,4,4952950783791014608920,4,9
large_integer,35938,4925280667680450281502,4,4952950783791014608922,4,9
large_integer,35939,4934504039717305057310,4,4962174155827869384730,4,9
large_integer,35940,4925280667680450281504,4,4952950783791014608924,4,9
large_integer,35941,4934504039717305057312,4,4962174155827869384732,4,9
large_integer,35942,4934504039717305057314,4,4962174155827869384734,4,9
large_integer,35943,4943727411754159833122,4,4971397527864724160542,4,9
large_integer,35944,4925280667680450281506,4,4952950783791014608926,4,9
large_integer,35945,4934504039717305057314,4,4962174155827869384734,4,9
large_integer,35946,4934504039717305057316,4,4962174155827869384736,4,9
large_integer,35947,4943727411754159833124,4,4971397527864724160544,4,9
large_integer,35948,4934504039717305057318,4,4962174155827869384738,4,9
large_integer,35949,4943727411754159833126,4,4971397527864724160546,4,9
large_integer,35950,4943727411754159833128,4,4971397527864724160548,4,9
large_integer,35951,4952950783791014608936,4,4980620899901578936356,4,9
large_integer,35952,3707795558815619874844,3,3735465674926184202264,3,9
large_integer,35953,4934504039717305057308,4,4962174155827869384728,4,9
large_integer,35954,4934504039717305057310,4,4962174155827869384730,4,9
large_integer,35955,4943727411754159833118,4,4971397527864724160538,4,9
large_integer,35956,4934504039717305057312,4,4962174155827869384732,4,9
large_integer,35957,4943727411754159833120,4,4971397527864724160540,4,9
large_integer,35958,4943727411754159833122,4,4971397527864724160542,4,9
large_integer,35959,4952950783791014608930,4,4980620899901578936350,4,9
large_integer,35960,4934504039717305057314,4,4962174155827869384734,4,9
large_integer,35961,4943727411754159833122,4,4971397527864724160542,4,9
large_integer,35962,4943727411754159833124,4,4971397527864724160544,4,9
large_integer,35963,4952950783791014608932,4,4980620899901578936352,4,9
large_integer,35964,4943727411754159833126,4,4971397527864724160546,4,9
large_integer,35965,4952950783791014608934,4,4980620899901578936354,4,9
large_integer,35966,4952950783791014608936,4,4980620899901578936356,4,9
large_integer,35967,4962174155827869384744,4,4989844271938433712164,4,9
large_integer,35968,2527203938098208571410,2,2527203938098208571410,2,11
large_integer,35969,3753912418999893753874,3,3753912418999893753874,3,11
large_integer,35970,3753912418999893753876,3,3753912418999893753876,3,11
large_integer,35971,3763135791036748529684,3,3763135791036748529684,3,11
large_integer,35972,3753912418999893753878,3,3753912418999893753878,3,11
large_integer,35973,3763135791036748529686,3,3763135791036748529686,3,11
large_integer,35974,3763135791036748529688,3,3763135791036748529688,3,11
large_integer,35975,3772359163073603305496,3,3772359163073603305496,3,11
large_integer,35976,2564097426245627674642,2,2564097426245627674642,2,13
large_integer,35977,3763135791036748529688,3,3790805907147312857106,3,13
large_integer,35978,3763135791036748529690,3,3790805907147312857108,3,13
large_integer,35979,3772359163073603305498,3,3800029279184167632916,3,13
large_integer,35980,3763135791036748529692,3,3790805907147312857110,3,13
large_integer,35981,3772359163073603305500,3,3800029279184167632918,3,13
large_integer,35982,3772359163073603305502,3,3800029279184167632920,3,13
large_integer,35983,3781582535110458081310,3,3809252651221022408728,3,13
large_integer,35984,3698572186778765099036,3,3753912418999893753875,3,11
large_integer,35985,4925280667680450281500,4,4980620899901578936339,4,11
large_integer,35986,4925280667680450281502,4,4980620899901578936341,4,11
large_integer,35987,4934504039717305057310,4,4989844271938433712149,4,11
large_integer,35988,4925280667680450281504,4,4980620899901578936343,4,11
large_integer,35989,4934504039717305057312,4,4989844271938433712151,4,11
large_integer,35990,4934504039717305057314,4,4989844271938433712153,4,11
large_integer,35991,4943727411754159833122,4,4999067643975288487961,4,11
large_integer,35992,3790805907147312857107,3,3790805907147312857107,3,13
large_integer,35993,4934504039717305057314,4,5017514388048998039571,4,13
large_integer,35994,4934504039717305057316,4,5017514388048998039573,4,13
large_integer,35995,4943727411754159833124,4,5026737760085852815381,4,13
large_integer,35996,4934504039717305057318,4,5017514388048998039575,4,13
large_integer,35997,4943727411754159833126,4,5026737760085852815383,4,13
large_integer,35998,4943727411754159833128,4,5026737760085852815385,4,13
large_integer,35999,4952950783791014608936,4,5035961132122707591193,4,13
large_integer,36000,3698572186778765099038,3,3753912418999893753877,3,11
large_integer,36001,4925280667680450281502,4,4980620899901578936341,4,11
large_integer,36002,4925280667680450281504,4,4980620899901578936343,4,11
large_integer,36003,4934504039717305057312,4,4989844271938433712151,4,11
large_integer,36004,4925280667680450281506,4,4980620899901578936345,4,11
large_integer,36005,4934504039717305057314,4,4989844271938433712153,4,11
large_integer,36006,4934504039717305057316,4,4989844271938433712155,4,11
large_integer,36007,4943727411754159833124,4,4999067643975288487963,4,11
large_integer,36008,3790805907147312857109,3,3790805907147312857109,3,13
large_integer,36009,4934504039717305057316,4,5017514388048998039573,4,13
large_integer,36010,4934504039717305057318,4,5017514388048998039575,4,13
large_integer,36011,4943727411754159833126,4,5026737760085852815383,4,13
large_integer,36012,4934504039717305057320,4,5017514388048998039577,4,13
large_integer,36013,4943727411754159833128,4,5026737760085852815385,4,13
large_integer,36014,4943727411754159833130,4,5026737760085852815387,4,13
large_integer,36015,4952950783791014608938,4,5035961132122707591195,4,13
large_integer,36016,3707795558815619874846,3,3763135791036748529685,3,11
large_integer,36017,4934504039717305057310,4,4989844271938433712149,4,11
large_integer,36018,4934504039717305057312,4,4989844271938433712151,4,11
large_integer,36019,4943727411754159833120,4,4999067643975288487959,4,11
large_integer,36020,4934504039717305057314,4,4989844271938433712153,4,11
large_integer,36021,4943727411754159833122,4,4999067643975288487961,4,11
large_integer,36022,4943727411754159833124,4,4999067643975288487963,4,11
large_integer,36023,4952950783791014608932,4,5008291016012143263771,4,11
large_integer,36024,3800029279184167632917,3,3800029279184167632917,3,13
large_integer,36025,4943727411754159833124,4,5026737760085852815381,4,13
large_integer,36026,4943727411754159833126,4,5026737760085852815383,4,13
large_integer,36027,4952950783791014608934,4,5035961132122707591191,4,13
large_integer,36028,4943727411754159833128,4,5026737760085852815385,4,13
large_integer,36029,4952950783791014608936,4,5035961132122707591193,4,13
large_integer,36030,4952950783791014608938,4,5035961132122707591195,4,13
large_integer,36031,4962174155827869384746,4,5045184504159562367003,4,13
large_integer,36032,3698572186778765099040,3,3753912418999893753879,3,11
large_integer,36033,4925280667680450281504,4,4980620899901578936343,4,11
large_integer,36034,4925280667680450281506,4,4980620899901578936345,4,11
large_integer,36035,4934504039717305057314,4,4989844271938433712153,4,11
large_integer,36036,4925280667680450281508,4,4980620899901578936347,4,11
large_integer,36037,4934504039717305057316,4,4989844271938433712155,4,11
large_integer,36038,4934504039717305057318,4,4989844271938433712157,4,11
large_integer,36039,4943727411754159833126,4,4999067643975288487965,4,11
large_integer,36040,3790805907147312857111,3,3790805907147312857111,3,13
large_integer,36041,4934504039717305057318,4,5017514388048998039575,4,13
large_integer,36042,4934504039717305057320,4,5017514388048998039577,4,13
large_integer,36043,4943727411754159833128,4,5026737760085852815385,4,13
large_integer,36044,4934504039717305057322,4,5017514388048998039579,4,13
large_integer,36045,4943727411754159833130,4,5026737760085852815387,4,13
large_integer,36046,4943727411754159833132,4,5026737760085852815389,4,13
large_integer,36047,4952950783791014608940,4,5035961132122707591197,4,13
large_integer,36048,3707795558815619874848,3,3763135791036748529687,3,11
large_integer,36049,4934504039717305057312,4,4989844271938433712151,4,11
large_integer,36050,4934504039717305057314,4,4989844271938433712153,4,11
large_integer,36051,4943727411754159833122,4,4999067643975288487961,4,11
large_integer,36052,4934504039717305057316,4,4989844271938433712155,4,11
large_integer,36053,4943727411754159833124,4,4999067643975288487963,4,11
large_integer,36054,4943727411754159833126,4,4999067643975288487965,4,11
large_integer,36055,4952950783791014608934,4,5008291016012143263773,4,11
large_integer,36056,3800029279184167632919,3,3800029279184167632919,3,13
large_integer,36057,4943727411754159833126,4,5026737760085852815383,4,13
large_integer,36058,4943727411754159833128,4,5026737760085852815385,4,13
large_integer,36059,4952950783791014608936,4,5035961132122707591193,4,13
large_integer,36060,4943727411754159833130,4,5026737760085852815387,4,13
large_integer,36061,4952950783791014608938,4,5035961132122707591195,4,13
large_integer,36062,4952950783791014608940,4,5035961132122707591197,4,13
large_integer,36063,4962174155827869384748,4,5045184504159562367005,4,13
large_integer,36064,3707795558815619874850,3,3763135791036748529689,3,11
large_integer,36065,4934504039717305057314,4,4989844271938433712153,4,11
large_integer,36066,4934504039717305057316,4,4989844271938433712155,4,11
large_integer,36067,4943727411754159833124,4,4999067643975288487963,4,11
large_integer,36068,4934504039717305057318,4,4989844271938433712157,4,11
large_integer,36069,4943727411754159833126,4,4999067643975288487965,4,11
large_integer,36070,4943727411754159833128,4,4999067643975288487967,4,11
large_integer,36071,4952950783791014608936,4,5008291016012143263775,4,11
large_integer,36072,3800029279184167632921,3,3800029279184167632921,3,13
large_integer,36073,4943727411754159833128,4,5026737760085852815385,4,13
large_integer,36074,4943727411754159833130,4,5026737760085852815387,4,13
large_integer,36075,4952950783791014608938,4,5035961132122707591195,4,13
large_integer,36076,4943727411754159833132,4,5026737760085852815389,4,13
large_integer,36077,4952950783791014608940,4,5035961132122707591197,4,13
large_integer,36078,4952950783791014608942,4,5035961132122707591199,4,13
large_integer,36079,4962174155827869384750,4,5045184504159562367007,4,13
large_integer,36080,3717018930852474650658,3,3772359163073603305497,3,11
large_integer,36081,4943727411754159833122,4,4999067643975288487961,4,11
large_integer,36082,4943727411754159833124,4,4999067643975288487963,4,11
large_integer,36083,4952950783791014608932,4,5008291016012143263771,4,11
large_integer,36084,4943727411754159833126,4,4999067643975288487965,4,11
large_integer,36085,4952950783791014608934,4,5008291016012143263773,4,11
large_integer,36086,4952950783791014608936,4,5008291016012143263775,4,11
large_integer,36087,4962174155827869384744,4,5017514388048998039583,4,11
large_integer,36088,3809252651221022408729,3,3809252651221022408729,3,13
large_integer,36089,4952950783791014608936,4,5035961132122707591193,4,13
large_integer,36090,4952950783791014608938,4,5035961132122707591195,4,13
large_integer,36091,4962174155827869384746,4,5045184504159562367003,4,13
large_integer,36092,4952950783791014608940,4,5035961132122707591197,4,13
large_integer,36093,4962174155827869384748,4,5045184504159562367005,4,13
large_integer,36094,4962174155827869384750,4,5045184504159562367007,4,13
large_integer,36095,4971397527864724160558,4,5054407876196417142815,4,13
large_integer,36096,2471863705877079916565,2,2499533821987644243985,2,9
large_integer,36097,3698572186778765099029,3,3726242302889329426449,3,9
large_integer,36098,3698572186778765099031,3,3726242302889329426451,3,9
large_integer,36099,3707795558815619874839,3,3735465674926184202259,3,9
large_integer,36100,3698572186778765099033,3,3726242302889329426453,3,9
large_integer,36101,3707795558815619874841,3,3735465674926184202261,3,9
large_integer,36102,3707795558815619874843,3,3735465674926184202263,3,9
large_integer,36103,3717018930852474650651,3,3744689046963038978071,3,9
large_integer,36104,3698572186778765099035,3,3726242302889329426455,3,9
large_integer,36105,3707795558815619874843,3,3735465674926184202263,3,9
large_integer,36106,3707795558815619874845,3,3735465674926184202265,3,9
large_integer,36107,3717018930852474650653,3,3744689046963038978073,3,9
large_integer,36108,3707795558815619874847,3,3735465674926184202267,3,9
large_integer,36109,3717018930852474650655,3,3744689046963038978075,3,9
large_integer,36110,3717018930852474650657,3,3744689046963038978077,3,9
large_integer,36111,3726242302889329426465,3,3753912418999893753885,3,9
large_integer,36112,3698572186778765099030,3,3726242302889329426450,3,9
large_integer,36113,4925280667680450281494,4,4952950783791014608914,4,9
large_integer,36114,4925280667680450281496,4,4952950783791014608916,4,9
large_integer,36115,4934504039717305057304,4,4962174155827869384724,4,9
large_integer,36116,4925280667680450281498,4,4952950783791014608918,4,9
large_integer,36117,4934504039717305057306,4,4962174155827869384726,4,9
large_integer,36118,4934504039717305057308,4,4962174155827869384728,4,9
large_integer,36119,4943727411754159833116,4,4971397527864724160536,4,9
large_integer,36120,4925280667680450281500,4,4952950783791014608920,4,9
large_integer,36121,4934504039717305057308,4,4962174155827869384728,4,9
large_integer,36122,4934504039717305057310,4,4962174155827869384730,4,9
large_integer,36123,4943727411754159833118,4,4971397527864724160538,4,9
large_integer,36124,4934504039717305057312,4,4962174155827869384732,4,9
large_integer,36125,4943727411754159833120,4,4971397527864724160540,4,9
large_integer,36126,4943727411754159833122,4,4971397527864724160542,4,9
large_integer,36127,4952950783791014608930,4,4980620899901578936350,4,9
large_integer,36128,3698572186778765099032,3,3726242302889329426452,3,9
large_integer,36129,4925280667680450281496,4,4952950783791014608916,4,9
large_integer,36130,4925280667680450281498,4,4952950783791014608918,4,9
large_integer,36131,4934504039717305057306,4,4962174155827869384726,4,9
large_integer,36132,4925280667680450281500,4,4952950783791014608920,4,9
large_integer,36133,4934504039717305057308,4,4962174155827869384728,4,9
large_integer,36134,4934504039717305057310,4,4962174155827869384730,4,9
large_integer,36135,4943727411754159833118,4,4971397527864724160538,4,9
large_integer,36136,4925280667680450281502,4,4952950783791014608922,4,9
large_integer,36137,4934504039717305057310,4,4962174155827869384730,4,9
large_integer,36138,4934504039717305057312,4,4962174155827869384732,4,9
large_integer,36139,4943727411754159833120,4,4971397527864724160540,4,9
large_integer,36140,4934504039717305057314,4,4962174155827869384734,4,9
large_integer,36141,4943727411754159833122,4,4971397527864724160542,4,9
large_integer,36142,4943727411754159833124,4,4971397527864724160544,4,9
large_integer,36143,4952950783791014608932,4,4980620899901578936352,4,9
large_integer,36144,3707795558815619874840,3,3735465674926184202260,3,9
large_integer,36145,4934504039717305057304,4,4962174155827869384724,4,9
large_integer,36146,4934504039717305057306,4,4962174155827869384726,4,9
large_integer,36147,4943727411754159833114,4,4971397527864724160534,4,9
large_integer,36148,4934504039717305057308,4,4962174155827869384728,4,9
large_integer,36149,4943727411754159833116,4,4971397527864724160536,4,9
large_integer,36150,4943727411754159833118,4,4971397527864724160538,4,9
large_integer,36151,4952950783791014608926,4,4980620899901578936346,4,9
large_integer,36152,4934504039717305057310,4,4962174155827869384730,4,9
large_integer,36153,4943727411754159833118,4,4971397527864724160538,4,9
large_integer,36154,4943727411754159833120,4,4971397527864724160540,4,9
large_integer,36155,4952950783791014608928,4,4980620899901578936348,4,9
large_integer,36156,4943727411754159833122,4,4971397527864724160542,4,9
large_integer,36157,4952950783791014608930,4,4980620899901578936350,4,9
large_integer,36158,4952950783791014608932,4,4980620899901578936352,4,9
large_integer,36159,4962174155827869384740,4,4989844271938433712160,4,9
large_integer,36160,3698572186778765099034,3,3726242302889329426454,3,9
large_integer,36161,4925280667680450281498,4,4952950783791014608918,4,9
large_integer,36162,4925280667680450281500,4,4952950783791014608920,4,9
large_integer,36163,4934504039717305057308,4,4962174155827869384728,4,9
large_integer,36164,4925280667680450281502,4,4952950783791014608922,4,9
large_integer,36165,4934504039717305057310,4,4962174155827869384730,4,9
large_integer,36166,4934504039717305057312,4,4962174155827869384732,4,9
large_integer,36167,4943727411754159833120,4,4971397527864724160540,4,9
large_integer,36168,4925280667680450281504,4,4952950783791014608924,4,9
large_integer,36169,4934504039717305057312,4,4962174155827869384732,4,9
large_integer,36170,4934504039717305057314,4,4962174155827869384734,4,9
large_integer,36171,4943727411754159833122,4,4971397527864724160542,4,9
large_integer,36172,4934504039717305057316,4,4962174155827869384736,4,9
large_integer,36173,4943727411754159833124,4,4971397527864724160544,4,9
large_integer,36174,4943727411754159833126,4,4971397527864724160546,4,9
large_integer,36175,4952950783791014608934,4,4980620899901578936354,4,9
large_integer,36176,3707795558815619874842,3,3735465674926184202262,3,9
large_integer,36177,4934504039717305057306,4,4962174155827869384726,4,9
large_integer,36178,4934504039717305057308,4,4962174155827869384728,4,9
large_integer,36179,4943727411754159833116,4,4971397527864724160536,4,9
large_integer,36180,4934504039717305057310,4,4962174155827869384730,4,9
large_integer,36181,4943727411754159833118,4,4971397527864724160538,4,9
large_integer,36182,4943727411754159833120,4,4971397527864724160540,4,9
large_integer,36183,4952950783791014608928,4,4980620899901578936348,4,9
large_integer,36184,4934504039717305057312,4,4962174155827869384732,4,9
large_integer,36185,4943727411754159833120,4,4971397527864724160540,4,9
large_integer,36186,4943727411754159833122,4,4971397527864724160542,4,9
large_integer,36187,4952950783791014608930,4,4980620899901578936350,4,9
large_integer,36188,4943727411754159833124,4,4971397527864724160544,4,9
large_integer,36189,4952950783791014608932,4,4980620899901578936352,4,9
large_integer,36190,4952950783791014608934,4,4980620899901578936354,4,9
large_integer,36191,4962174155827869384742,4,4989844271938433712162,4,9
large_integer,36192,3707795558815619874844,3,3735465674926184202264,3,9
large_integer,36193,4934504039717305057308,4,4962174155827869384728,4,9
large_integer,36194,4934504039717305057310,4,4962174155827869384730,4,9
large_integer,36195,4943727411754159833118,4,4971397527864724160538,4,9
large_integer,36196,4934504039717305057312,4,4962174155827869384732,4,9
large_integer,36197,4943727411754159833120,4,4971397527864724160540,4,9
large_integer,36198,4943727411754159833122,4,4971397527864724160542,4,9
large_integer,36199,4952950783791014608930,4,4980620899901578936350,4,9
large_integer,36200,4934504039717305057314,4,4962174155827869384734,4,9
large_integer,36201,4943727411754159833122,4,4971397527864724160542,4,9
large_integer,36202,4943727411754159833124,4,4971397527864724160544,4,9
large_integer,36203,4952950783791014608932,4,4980620899901578936352,4,9
large_integer,36204,4943727411754159833126,4,4971397527864724160546,4,9
large_integer,36205,4952950783791014608934,4,4980620899901578936354,4,9
large_integer,36206,4952950783791014608936,4,4980620899901578936356,4,9
large_integer,36207,4962174155827869384744,4,4989844271938433712164,4,9
large_integer,36208,3717018930852474650652,3,3744689046963038978072,3,9
large_integer,36209,4943727411754159833116,4,4971397527864724160536,4,9
large_integer,36210,4943727411754159833118,4,4971397527864724160538,4,9
large_integer,36211,4952950783791014608926,4,4980620899901578936346,4,9
large_integer,36212,4943727411754159833120,4,4971397527864724160540,4,9
large_integer,36213,4952950783791014608928,4,4980620899901578936348,4,9
large_integer,36214,4952950783791014608930,4,4980620899901578936350,4,9
large_integer,36215,4962174155827869384738,4,4989844271938433712158,4,9
large_integer,36216,4943727411754159833122,4,4971397527864724160542,4,9
large_integer,36217,4952950783791014608930,4,4980620899901578936350,4,9
large_integer,36218,4952950783791014608932,4,4980620899901578936352,4,9
large_integer,36219,4962174155827869384740,4,4989844271938433712160,4,9
large_integer,36220,4952950783791014608934,4,4980620899901578936354,4,9
large_integer,36221,4962174155827869384742,4,4989844271938433712162,4,9
large_integer,36222,4962174155827869384744,4,4989844271938433712164,4,9
large_integer,36223,4971397527864724160552,4,4999067643975288487972,4,9
large_integer,36224,2536427310135063347218,2,2536427310135063347218,2,11
large_integer,36225,3763135791036748529682,3,3763135791036748529682,3,11
large_integer,36226,3763135791036748529684,3,3763135791036748529684,3,11
large_integer,36227,3772359163073603305492,3,3772359163073603305492,3,11
large_integer,36228,3763135791036748529686,3,3763135791036748529686,3,11
large_integer,36229,3772359163073603305494,3,3772359163073603305494,3,11
large_integer,36230,3772359163073603305496,3,3772359163073603305496,3,11
large_integer,36231,3781582535110458081304,3,3781582535110458081304,3,11
large_integer,36232,2573320798282482450450,2,2573320798282482450450,2,13
large_integer,36233,3772359163073603305496,3,3800029279184167632914,3,13
large_integer,36234,3772359163073603305498,3,3800029279184167632916,3,13
large_integer,36235,3781582535110458081306,3,3809252651221022408724,3,13
large_integer,36236,3772359163073603305500,3,3800029279184167632918,3,13
large_integer,36237,3781582535110458081308,3,3809252651221022408726,3,13
large_integer,36238,3781582535110458081310,3,3809252651221022408728,3,13
large_integer,36239,3790805907147312857118,3,3818476023257877184536,3,13
large_integer,36240,3707795558815619874844,3,3763135791036748529683,3,11
large_integer,36241,4934504039717305057308,4,4989844271938433712147,4,11
large_integer,36242,4934504039717305057310,4,4989844271938433712149,4,11
large_integer,36243,4943727411754159833118,4,4999067643975288487957,4,11
large_integer,36244,4934504039717305057312,4,4989844271938433712151,4,11
large_integer,36245,4943727411754159833120,4,4999067643975288487959,4,11
large_integer,36246,4943727411754159833122,4,4999067643975288487961,4,11
large_integer,36247,4952950783791014608930,4,5008291016012143263769,4,11
large_integer,36248,3800029279184167632915,3,3800029279184167632915,3,13
large_integer,36249,4943727411754159833122,4,5026737760085852815379,4,13
large_integer,36250,4943727411754159833124,4,5026737760085852815381,4,13
large_integer,36251,4952950783791014608932,4,5035961132122707591189,4,13
large_integer,36252,4943727411754159833126,4,5026737760085852815383,4,13
large_integer,36253,4952950783791014608934,4,5035961132122707591191,4,13
large_integer,36254,4952950783791014608936,4,5035961132122707591193,4,13
large_integer,36255,4962174155827869384744,4,5045184504159562367001,4,13
large_integer,36256,3707795558815619874846,3,3763135791036748529685,3,11
large_integer,36257,4934504039717305057310,4,4989844271938433712149,4,11
large_integer,36258,4934504039717305057312,4,4989844271938433712151,4,11
large_integer,36259,4943727411754159833120,4,4999067643975288487959,4,11
large_integer,36260,4934504039717305057314,4,4989844271938433712153,4,11
large_integer,36261,4943727411754159833122,4,4999067643975288487961,4,11
large_integer,36262,4943727411754159833124,4,4999067643975288487963,4,11
large_integer,36263,4952950783791014608932,4,5008291016012143263771,4,11
large_integer,36264,3800029279184167632917,3,3800029279184167632917,3,13
large_integer,36265,4943727411754159833124,4,5026737760085852815381,4,13
large_integer,36266,4943727411754159833126,4,5026737760085852815383,4,13
large_integer,36267,4952950783791014608934,4,5035961132122707591191,4,13
large_integer,36268,4943727411754159833128,4,5026737760085852815385,4,13
large_integer,36269,4952950783791014608936,4,5035961132122707591193,4,13
large_integer,36270,4952950783791014608938,4,5035961132122707591195,4,13
large_integer,36271,4962174155827869384746,4,5045184504159562367003,4,13
large_integer,36272,3717018930852474650654,3,3772359163073603305493,3,11
large_integer,36273,4943727411754159833118,4,4999067643975288487957,4,11
large_integer,36274,4943727411754159833120,4,4999067643975288487959,4,11
large_integer,36275,4952950783791014608928,4,5008291016012143263767,4,11
large_integer,36276,4943727411754159833122,4,4999067643975288487961,4,11
large_integer,36277,4952950783791014608930,4,5008291016012143263769,4,11
large_integer,36278,4952950783791014608932,4,5008291016012143263771,4,11
large_integer,36279,4962174155827869384740,4,5017514388048998039579,4,11
large_integer,36280,3809252651221022408725,3,3809252651221022408725,3,13
large_integer,36281,4952950783791014608932,4,5035961132122707591189,4,13
large_integer,36282,4952950783791014608934,4,5035961132122707591191,4,13
large_integer,36283,4962174155827869384742,4,5045184504159562366999,4,13
large_integer,36284,4952950783791014608936,4,5035961132122707591193,4,13
large_integer,36285,4962174155827869384744,4,5045184504159562367001,4,13
large_integer,36286,4962174155827869384746,4,5045184504159562367003,4,13
large_integer,36287,4971397527864724160554,4,5054407876196417142811,4,13
large_integer,36288,3707795558815619874848,3,3763135791036748529687,3,11
large_integer,36289,4934504039717305057312,4,4989844271938433712151,4,11
large_integer,36290,4934504039717305057314,4,4989844271938433712153,4,11
large_integer,36291,4943727411754159833122,4,4999067643975288487961,4,11
large_integer,36292,4934504039717305057316,4,4989844271938433712155,4,11
large_integer,36293,4943727411754159833124,4,4999067643975288487963,4,11
large_integer,36294,4943727411754159833126,4,4999067643975288487965,4,11
large_integer,36295,4952950783791014608934,4,5008291016012143263773,4,11
large_integer,36296,3800029279184167632919,3,3800029279184167632919,3,13
large_integer,36297,4943727411754159833126,4,5026737760085852815383,4,13
large_integer,36298,4943727411754159833128,4,5026737760085852815385,4,13
large_integer,36299,4952950783791014608936,4,5035961132122707591193,4,13
large_integer,36300,4943727411754159833130,4,5026737760085852815387,4,13
large_integer,36301,4952950783791014608938,4,5035961132122707591195,4,13
large_integer,36302,4952950783791014608940,4,5035961132122707591197,4,13
large_integer,36303,4962174155827869384748,4,5045184504159562367005,4,13
large_integer,36304,3717018930852474650656,3,3772359163073603305495,3,11
large_integer,36305,4943727411754159833120,4,4999067643975288487959,4,11
large_integer,36306,4943727411754159833122,4,4999067643975288487961,4,11
large_integer,36307,4952950783791014608930,4,5008291016012143263769,4,11
large_integer,36308,4943727411754159833124,4,4999067643975288487963,4,11
large_integer,36309,4952950783791014608932,4,5008291016012143263771,4,11
large_integer,36310,4952950783791014608934,4,5008291016012143263773,4,11
large_integer,36311,4962174155827869384742,4,5017514388048998039581,4,11
large_integer,36312,3809252651221022408727,3,3809252651221022408727,3,13
large_integer,36313,4952950783791014608934,4,5035961132122707591191,4,13
large_integer,36314,4952950783791014608936,4,5035961132122707591193,4,13
large_integer,36315,4962174155827869384744,4,5045184504159562367001,4,13
large_integer,36316,4952950783791014608938,4,5035961132122707591195,4,13
large_integer,36317,4962174155827869384746,4,5045184504159562367003,4,13
large_integer,36318,4962174155827869384748,4,5045184504159562367005,4,13
large_integer,36319,4971397527864724160556,4,5054407876196417142813,4,13
large_integer,36320,3717018930852474650658,3,3772359163073603305497,3,11
large_integer,36321,4943727411754159833122,4,4999067643975288487961,4,11
large_integer,36322,4943727411754159833124,4,4999067643975288487963,4,11
large_integer,36323,4952950783791014608932,4,5008291016012143263771,4,11
large_integer,36324,4943727411754159833126,4,4999067643975288487965,4,11
large_integer,36325,4952950783791014608934,4,5008291016012143263773,4,11
large_integer,36326,4952950783791014608936,4,5008291016012143263775,4,11
large_integer,36327,4962174155827869384744,4,5017514388048998039583,4,11
large_integer,36328,3809252651221022408729,3,3809252651221022408729,3,13
large_integer,36329,4952950783791014608936,4,5035961132122707591193,4,13
large_integer,36330,4952950783791014608938,4,5035961132122707591195,4,13
large_integer,36331,4962174155827869384746,4,5045184504159562367003,4,13
large_integer,36332,4952950783791014608940,4,5035961132122707591197,4,13
large_integer,36333,4962174155827869384748,4,5045184504159562367005,4,13
large_integer,36334,4962174155827869384750,4,5045184504159562367007,4,13
large_integer,36335,4971397527864724160558,4,5054407876196417142815,4,13
large_integer,36336,3726242302889329426466,3,3781582535110458081305,3,11
large_integer,36337,4952950783791014608930,4,5008291016012143263769,4,11
large_integer,36338,4952950783791014608932,4,5008291016012143263771,4,11
large_integer,36339,4962174155827869384740,4,5017514388048998039579,4,11
large_integer,36340,4952950783791014608934,4,5008291016012143263773,4,11
large_integer,36341,4962174155827869384742,4,5017514388048998039581,4,11
large_integer,36342,4962174155827869384744,4,5017514388048998039583,4,11
large_integer,36343,4971397527864724160552,4,5026737760085852815391,4,11
large_integer,36344,3818476023257877184537,3,3818476023257877184537,3,13
large_integer,36345,4962174155827869384744,4,5045184504159562367001,4,13
large_integer,36346,4962174155827869384746,4,5045184504159562367003,4,13
large_integer,36347,4971397527864724160554,4,5054407876196417142811,4,13
large_integer,36348,4962174155827869384748,4,5045184504159562367005,4,13
large_integer,36349,4971397527864724160556,4,5054407876196417142813,4,13
large_integer,36350,4971397527864724160558,4,5054407876196417142815,4,13
large_integer,36351,4980620899901578936366,4,5063631248233271918623,4,13
large_integer,36352,2471863705877079916567,2,2499533821987644243987,2,9
large_integer,36353,3698572186778765099031,3,3726242302889329426451,3,9
large_integer,36354,3698572186778765099033,3,3726242302889329426453,3,9
large_integer,36355,3707795558815619874841,3,3735465674926184202261,3,9
large_integer,36356,3698572186778765099035,3,3726242302889329426455,3,9
large_integer,36357,3707795558815619874843,3,3735465674926184202263,3,9
large_integer,36358,3707795558815619874845,3,3735465674926184202265,3,9
large_integer,36359,3717018930852474650653,3,3744689046963038978073,3,9
large_integer,36360,3698572186778765099037,3,3726242302889329426457,3,9
large_integer,36361,3707795558815619874845,3,3735465674926184202265,3,9
large_integer,36362,3707795558815619874847,3,3735465674926184202267,3,9
large_integer,36363,3717018930852474650655,3,3744689046963038978075,3,9
large_integer,36364,3707795558815619874849,3,3735465674926184202269,3,9
large_integer,36365,3717018930852474650657,3,3744689046963038978077,3,9
large_integer,36366,3717018930852474650659,3,3744689046963038978079,3,9
large_integer,36367,3726242302889329426467,3,3753912418999893753887,3,9
large_integer,36368,3698572186778765099032,3,3726242302889329426452,3,9
large_integer,36369,4925280667680450281496,4,4952950783791014608916,4,9
large_integer,36370,4925280667680450281498,4,4952950783791014608918,4,9
large_integer,36371,4934504039717305057306,4,4962174155827869384726,4,9
large_integer,36372,4925280667680450281500,4,4952950783791014608920,4,9
large_integer,36373,4934504039717305057308,4,4962174155827869384728,4,9
large_integer,36374,4934504039717305057310,4,4962174155827869384730,4,9
large_integer,36375,4943727411754159833118,4,4971397527864724160538,4,9
large_integer,36376,4925280667680450281502,4,4952950783791014608922,4,9
large_integer,36377,4934504039717305057310,4,4962174155827869384730,4,9
large_integer,36378,4934504039717305057312,4,4962174155827869384732,4,9
large_integer,36379,4943727411754159833120,4,4971397527864724160540,4,9
large_integer,36380,4934504039717305057314,4,4962174155827869384734,4,9
large_integer,36381,4943727411754159833122,4,4971397527864724160542,4,9
large_integer,36382,4943727411754159833124,4,4971397527864724160544,4,9
large_integer,36383,4952950783791014608932,4,4980620899901578936352,4,9
large_integer,36384,3698572186778765099034,3,3726242302889329426454,3,9
large_integer,36385,4925280667680450281498,4,4952950783791014608918,4,9
large_integer,36386,4925280667680450281500,4,4952950783791014608920,4,9
large_integer,36387,4934504039717305057308,4,4962174155827869384728,4,9
large_integer,36388,4925280667680450281502,4,4952950783791014608922,4,9
large_integer,36389,4934504039717305057310,4,4962174155827869384730,4,9
large_integer,36390,4934504039717305057312,4,4962174155827869384732,4,9
large_integer,36391,4943727411754159833120,4,4971397527864724160540,4,9
large_integer,36392,4925280667680450281504,4,4952950783791014608924,4,9
large_integer,36393,4934504039717305057312,4,4962174155827869384732,4,9
large_integer,36394,4934504039717305057314,4,4962174155827869384734,4,9
large_integer,36395,4943727411754159833122,4,4971397527864724160542,4,9
large_integer,36396,4934504039717305057316,4,4962174155827869384736,4,9
large_integer,36397,4943727411754159833124,4,4971397527864724160544,4,9
large_integer,36398,4943727411754159833126,4,4971397527864724160546,4,9
large_integer,36399,4952950783791014608934,4,4980620899901578936354,4,9
large_integer,36400,3707795558815619874842,3,3735465674926184202262,3,9
large_integer,36401,4934504039717305057306,4,4962174155827869384726,4,9
large_integer,36402,4934504039717305057308,4,4962174155827869384728,4,9
large_integer,36403,4943727411754159833116,4,4971397527864724160536,4,9
large_integer,36404,4934504039717305057310,4,4962174155827869384730,4,9
large_integer,36405,4943727411754159833118,4,4971397527864724160538,4,9
large_integer,36406,4943727411754159833120,4,4971397527864724160540,4,9
large_integer,36407,4952950783791014608928,4,4980620899901578936348,4,9
large_integer,36408,4934504039717305057312,4,4962174155827869384732,4,9
large_integer,36409,4943727411754159833120,4,4971397527864724160540,4,9
large_integer,36410,4943727411754159833122,4,4971397527864724160542,4,9
large_integer,36411,4952950783791014608930,4,4980620899901578936350,4,9
large_integer,36412,4943727411754159833124,4,4971397527864724160544,4,9
large_integer,36413,4952950783791014608932,4,4980620899901578936352,4,9
large_integer,36414,4952950783791014608934,4,4980620899901578936354,4,9
large_integer,36415,4962174155827869384742,4,4989844271938433712162,4,9
large_integer,36416,3698572186778765099036,3,3726242302889329426456,3,9
large_integer,36417,4925280667680450281500,4,4952950783791014608920,4,9
large_integer,36418,4925280667680450281502,4,4952950783791014608922,4,9
large_integer,36419,4934504039717305057310,4,4962174155827869384730,4,9
large_integer,36420,4925280667680450281504,4,4952950783791014608924,4,9
large_integer,36421,4934504039717305057312,4,4962174155827869384732,4,9
large_integer,36422,4934504039717305057314,4,4962174155827869384734,4,9
large_integer,36423,4943727411754159833122,4,4971397527864724160542,4,9
large_integer,36424,4925280667680450281506,4,4952950783791014608926,4,9
large_integer,36425,4934504039717305057314,4,4962174155827869384734,4,9
large_integer,36426,4934504039717305057316,4,4962174155827869384736,4,9
large_integer,36427,4943727411754159833124,4,4971397527864724160544,4,9
large_integer,36428,4934504039717305057318,4,4962174155827869384738,4,9
large_integer,36429,4943727411754159833126,4,4971397527864724160546,4,9
large_integer,36430,4943727411754159833128,4,4971397527864724160548,4,9
large_integer,36431,4952950783791014608936,4,4980620899901578936356,4,9
large_integer,36432,3707795558815619874844,3,3735465674926184202264,3,9
large_integer,36433,4934504039717305057308,4,4962174155827869384728,4,9
large_integer,36434,4934504039717305057310,4,4962174155827869384730,4,9
large_integer,36435,4943727411754159833118,4,4971397527864724160538,4,9
large_integer,36436,4934504039717305057312,4,4962174155827869384732,4,9
large_integer,36437,4943727411754159833120,4,4971397527864724160540,4,9
large_integer,36438,4943727411754159833122,4,4971397527864724160542,4,9
large_integer,36439,4952950783791014608930,4,4980620899901578936350,4,9
large_integer,36440,4934504039717305057314,4,4962174155827869384734,4,9
large_integer,36441,4943727411754159833122,4,4971397527864724160542,4,9
large_integer,36442,4943727411754159833124,4,4971397527864724160544,4,9
large_integer,36443,4952950783791014608932,4,4980620899901578936352,4,9
large_integer,36444,4943727411754159833126,4,4971397527864724160546,4,9
large_integer,36445,4952950783791014608934,4,4980620899901578936354,4,9
large_integer,36446,4952950783791014608936,4,4980620899901578936356,4,9
large_integer,36447,4962174155827869384744,4,4989844271938433712164,4,9
large_integer,36448,3707795558815619874846,3,3735465674926184202266,3,9
large_integer,36449,4934504039717305057310,4,4962174155827869384730,4,9
large_integer,36450,4934504039717305057312,4,4962174155827869384732,4,9
large_integer,36451,4943727411754159833120,4,4971397527864724160540,4,9
large_integer,36452,4934504039717305057314,4,4962174155827869384734,4,9
large_integer,36453,4943727411754159833122,4,4971397527864724160542,4,9
large_integer,36454,4943727411754159833124,4,4971397527864724160544,4,9
large_integer,36455,4952950783791014608932,4,4980620899901578936352,4,9
large_integer,36456,4934504039717305057316,4,4962174155827869384736,4,9
large_integer,36457,4943727411754159833124,4,4971397527864724160544,4,9
large_integer,36458,4943727411754159833126,4,4971397527864724160546,4,9
large_integer,36459,4952950783791014608934,4,4980620899901578936354,4,9
large_integer,36460,4943727411754159833128,4,4971397527864724160548,4,9
large_integer,36461,4952950783791014608936,4,4980620899901578936356,4,9
large_integer,36462,4952950783791014608938,4,4980620899901578936358,4,9
large_integer,36463,4962174155827869384746,4,4989844271938433712166,4,9
large_integer,36464,3717018930852474650654,3,3744689046963038978074,3,9
large_integer,36465,4943727411754159833118,4,4971397527864724160538,4,9
large_integer,36466,4943727411754159833120,4,4971397527864724160540,4,9
large_integer,36467,4952950783791014608928,4,4980620899901578936348,4,9
large_integer,36468,4943727411754159833122,4,4971397527864724160542,4,9
large_integer,36469,4952950783791014608930,4,4980620899901578936350,4,9
large_integer,36470,4952950783791014608932,4,4980620899901578936352,4,9
large_integer,36471,4962174155827869384740,4,4989844271938433712160,4,9
large_integer,36472,4943727411754159833124,4,4971397527864724160544,4,9
large_integer,36473,4952950783791014608932,4,4980620899901578936352,4,9
large_integer,36474,4952950783791014608934,4,4980620899901578936354,4,9
large_integer,36475,4962174155827869384742,4,4989844271938433712162,4,9
large_integer,36476,4952950783791014608936,4,4980620899901578936356,4,9
large_integer,36477,4962174155827869384744,4,4989844271938433712164,4,9
large_integer,36478,4962174155827869384746,4,4989844271938433712166,4,9
large_integer,36479,4971397527864724160554,4,4999067643975288487974,4,9
large_integer,36480,2536427310135063347220,2,2536427310135063347220,2,11
large_integer,36481,3763135791036748529684,3,3763135791036748529684,3,11
large_integer,36482,3763135791036748529686,3,3763135791036748529686,3,11
large_integer,36483,3772359163073603305494,3,3772359163073603305494,3,11
large_integer,36484,3763135791036748529688,3,3763135791036748529688,3,11
large_integer,36485,3772359163073603305496,3,3772359163073603305496,3,11
large_integer,36486,3772359163073603305498,3,3772359163073603305498,3,11
large_integer,36487,3781582535110458081306,3,3781582535110458081306,3,11
large_integer,36488,2573320798282482450452,2,2573320798282482450452,2,13
large_integer,36489,3772359163073603305498,3,3800029279184167632916,3,13
large_integer,36490,3772359163073603305500,3,3800029279184167632918,3,13
large_integer,36491,3781582535110458081308,3,3809252651221022408726,3,13
large_integer,36492,3772359163073603305502,3,3800029279184167632920,3,13
large_integer,36493,3781582535110458081310,3,3809252651221022408728,3,13
large_integer,36494,3781582535110458081312,3,3809252651221022408730,3,13
large_integer,36495,3790805907147312857120,3,3818476023257877184538,3,13
large_integer,36496,3707795558815619874846,3,3763135791036748529685,3,11
large_integer,36497,4934504039717305057310,4,4989844271938433712149,4,11
large_integer,36498,4934504039717305057312,4,4989844271938433712151,4,11
large_integer,36499,4943727411754159833120,4,4999067643975288487959,4,11
large_integer,36500,4934504039717305057314,4,4989844271938433712153,4,11
large_integer,36501,4943727411754159833122,4,4999067643975288487961,4,11
large_integer,36502,4943727411754159833124,4,4999067643975288487963,4,11
large_integer,36503,4952950783791014608932,4,5008291016012143263771,4,11
large_integer,36504,3800029279184167632917,3,3800029279184167632917,3,13
large_integer,36505,4943727411754159833124,4,5026737760085852815381,4,13
large_integer,36506,4943727411754159833126,4,5026737760085852815383,4,13
large_integer,36507,4952950783791014608934,4,5035961132122707591191,4,13
large_integer,36508,4943727411754159833128,4,5026737760085852815385,4,13
large_integer,36509,4952950783791014608936,4,5035961132122707591193,4,13
large_integer,36510,4952950783791014608938,4,5035961132122707591195,4,13
large_integer,36511,4962174155827869384746,4,5045184504159562367003,4,13
large_integer,36512,3707795558815619874848,3,3763135791036748529687,3,11
large_integer,36513,4934504039717305057312,4,4989844271938433712151,4,11
large_integer,36514,4934504039717305057314,4,4989844271938433712153,4,11
large_integer,36515,4943727411754159833122,4,4999067643975288487961,4,11
large_integer,36516,4934504039717305057316,4,4989844271938433712155,4,11
large_integer,36517,4943727411754159833124,4,4999067643975288487963,4,11
large_integer,36518,4943727411754159833126,4,4999067643975288487965,4,11
large_integer,36519,4952950783791014608934,4,5008291016012143263773,4,11
large_integer,36520,3800029279184167632919,3,3800029279184167632919,3,13
large_integer,36521,4943727411754159833126,4,5026737760085852815383,4,13
large_integer,36522,4943727411754159833128,4,5026737760085852815385,4,13
large_integer,36523,4952950783791014608936,4,5035961132122707591193,4,13
large_integer,36524,4943727411754159833130,4,5026737760085852815387,4,13
large_integer,36525,4952950783791014608938,4,5035961132122707591195,4,13
large_integer,36526,4952950783791014608940,4,5035961132122707591197,4,13
large_integer,36527,4962174155827869384748,4,5045184504159562367005,4,13
large_integer,36528,3717018930852474650656,3,3772359163073603305495,3,11
large_integer,36529,4943727411754159833120,4,4999067643975288487959,4,11
large_integer,36530,4943727411754159833122,4,4999067643975288487961,4,11
large_integer,36531,4952950783791014608930,4,5008291016012143263769,4,11
large_integer,36532,4943727411754159833124,4,4999067643975288487963,4,11
large_integer,36533,4952950783791014608932,4,5008291016012143263771,4,11
large_integer,36534,4952950783791014608934,4,5008291016012143263773,4,11
large_integer,36535,4962174155827869384742,4,5017514388048998039581,4,11
large_integer,36536,3809252651221022408727,3,3809252651221022408727,3,13
large_integer,36537,4952950783791014608934,4,5035961132122707591191,4,13
large_integer,36538,4952950783791014608936,4,5035961132122707591193,4,13
large_integer,36539,4962174155827869384744,4,5045184504159562367001,4,13
large_integer,36540,4952950783791014608938,4,5035961132122707591195,4,13
large_integer,36541,4962174155827869384746,4,5045184504159562367003,4,13
large_integer,36542,4962174155827869384748,4,5045184504159562367005,4,13
large_integer,36543,4971397527864724160556,4,5054407876196417142813,4,13
large_integer,36544,3707795558815619874850,3,3763135791036748529689,3,11
large_integer,36545,4934504039717305057314,4,4989844271938433712153,4,11
large_integer,36546,4934504039717305057316,4,4989844271938433712155,4,11
large_integer,36547,4943727411754159833124,4,4999067643975288487963,4,11
large_integer,36548,4934504039717305057318,4,4989844271938433712157,4,11
large_integer,36549,4943727411754159833126,4,4999067643975288487965,4,11
large_integer,36550,4943727411754159833128,4,4999067643975288487967,4,11
large_integer,36551,4952950783791014608936,4,5008291016012143263775,4,11
large_integer,36552,3800029279184167632921,3,3800029279184167632921,3,13
large_integer,36553,4943727411754159833128,4,5026737760085852815385,4,13
large_integer,36554,4943727411754159833130,4,5026737760085852815387,4,13
large_integer,36555,4952950783791014608938,4,5035961132122707591195,4,13
large_integer,36556,4943727411754159833132,4,5026737760085852815389,4,13
large_integer,36557,4952950783791014608940,4,5035961132122707591197,4,13
large_integer,36558,4952950783791014608942,4,5035961132122707591199,4,13
large_integer,36559,4962174155827869384750,4,5045184504159562367007,4,13
large_integer,36560,3717018930852474650658,3,3772359163073603305497,3,11
large_integer,36561,4943727411754159833122,4,4999067643975288487961,4,11
large_integer,36562,4943727411754159833124,4,4999067643975288487963,4,11
large_integer,36563,4952950783791014608932,4,5008291016012143263771,4,11
large_integer,36564,4943727411754159833126,4,4999067643975288487965,4,11
large_integer,36565,4952950783791014608934,4,5008291016012143263773,4,11
large_integer,36566,4952950783791014608936,4,5008291016012143263775,4,11
large_integer,36567,4962174155827869384744,4,5017514388048998039583,4,11
large_integer,36568,3809252651221022408729,3,3809252651221022408729,3,13
large_integer,36569,4952950783791014608936,4,5035961132122707591193,4,13
large_integer,36570,4952950783791014608938,4,5035961132122707591195,4,13
large_integer,36571,4962174155827869384746,4,5045184504159562367003,4,13
large_integer,36572,4952950783791014608940,4,5035961132122707591197,4,13
large_integer,36573,4962174155827869384748,4,5045184504159562367005,4,13
large_integer,36574,4962174155827869384750,4,5045184504159562367007,4,13
large_integer,36575,4971397527864724160558,4,5054407876196417142815,4,13
large_integer,36576,3717018930852474650660,3,3772359163073603305499,3,11
large_integer,36577,4943727411754159833124,4,4999067643975288487963,4,11
large_integer,36578,4943727411754159833126,4,4999067643975288487965,4,11
large_integer,36579,4952950783791014608934,4,5008291016012143263773,4,11
large_integer,36580,4943727411754159833128,4,4999067643975288487967,4,11
large_integer,36581,4952950783791014608936,4,5008291016012143263775,4,11
large_integer,36582,4952950783791014608938,4,5008291016012143263777,4,11
large_integer,36583,4962174155827869384746,4,5017514388048998039585,4,11
large_integer,36584,3809252651221022408731,3,3809252651221022408731,3,13
large_integer,36585,4952950783791014608938,4,5035961132122707591195,4,13
large_integer,36586,4952950783791014608940,4,5035961132122707591197,4,13
large_integer,36587,4962174155827869384748,4,5045184504159562367005,4,13
large_integer,36588,4952950783791014608942,4,5035961132122707591199,4,13
large_integer,36589,4962174155827869384750,4,5045184504159562367007,4,13
large_integer,36590,4962174155827869384752,4,5045184504159562367009,4,13
large_integer,36591,4971397527864724160560,4,5054407876196417142817,4,13
large_integer,36592,3726242302889329426468,3,3781582535110458081307,3,11
large_integer,36593,4952950783791014608932,4,5008291016012143263771,4,11
large_integer,36594,4952950783791014608934,4,5008291016012143263773,4,11
large_integer,36595,4962174155827869384742,4,5017514388048998039581,4,11
large_integer,36596,4952950783791014608936,4,5008291016012143263775,4,11
large_integer,36597,4962174155827869384744,4,5017514388048998039583,4,11
large_integer,36598,4962174155827869384746,4,5017514388048998039585,4,11
large_integer,36599,4971397527864724160554,4,5026737760085852815393,4,11
large_integer,36600,3818476023257877184539,3,3818476023257877184539,3,13
large_integer,36601,4962174155827869384746,4,5045184504159562367003,4,13
large_integer,36602,4962174155827869384748,4,5045184504159562367005,4,13
large_integer,36603,4971397527864724160556,4,5054407876196417142813,4,13
large_integer,36604,4962174155827869384750,4,5045184504159562367007,4,13
large_integer,36605,4971397527864724160558,4,5054407876196417142815,4,13
large_integer,36606,4971397527864724160560,4,5054407876196417142817,4,13
large_integer,36607,4980620899901578936368,4,5063631248233271918625,4,13
large_integer,36608,2481087077913934692375,2,2508757194024499019795,2,9
large_integer,36609,3707795558815619874839,3,3735465674926184202259,3,9
large_integer,36610,3707795558815619874841,3,3735465674926184202261,3,9
large_integer,36611,3717018930852474650649,3,3744689046963038978069,3,9
large_integer,36612,3707795558815619874843,3,3735465674926184202263,3,9
large_integer,36613,3717018930852474650651,3,3744689046963038978071,3,9
large_integer,36614,3717018930852474650653,3,3744689046963038978073,3,9
large_integer,36615,3726242302889329426461,3,3753912418999893753881,3,9
large_integer,36616,3707795558815619874845,3,3735465674926184202265,3,9
large_integer,36617,3717018930852474650653,3,3744689046963038978073,3,9
large_integer,36618,3717018930852474650655,3,3744689046963038978075,3,9
large_integer,36619,3726242302889329426463,3,3753912418999893753883,3,9
large_integer,36620,3717018930852474650657,3,3744689046963038978077,3,9
large_integer,36621,3726242302889329426465,3,3753912418999893753885,3,9
large_integer,36622,3726242302889329426467,3,3753912418999893753887,3,9
large_integer,36623,3735465674926184202275,3,3763135791036748529695,3,9
large_integer,36624,3707795558815619874840,3,3735465674926184202260,3,9
large_integer,36625,4934504039717305057304,4,4962174155827869384724,4,9
large_integer,36626,4934504039717305057306,4,4962174155827869384726,4,9
large_integer,36627,4943727411754159833114,4,4971397527864724160534,4,9
large_integer,36628,4934504039717305057308,4,4962174155827869384728,4,9
large_integer,36629,4943727411754159833116,4,4971397527864724160536,4,9
large_integer,36630,4943727411754159833118,4,4971397527864724160538,4,9
large_integer,36631,4952950783791014608926,4,4980620899901578936346,4,9
large_integer,36632,4934504039717305057310,4,4962174155827869384730,4,9
large_integer,36633,4943727411754159833118,4,4971397527864724160538,4,9
large_integer,36634,4943727411754159833120,4,4971397527864724160540,4,9
large_integer,36635,4952950783791014608928,4,4980620899901578936348,4,9
large_integer,36636,4943727411754159833122,4,4971397527864724160542,4,9
large_integer,36637,4952950783791014608930,4,4980620899901578936350,4,9
large_integer,36638,4952950783791014608932,4,4980620899901578936352,4,9
large_integer,36639,4962174155827869384740,4,4989844271938433712160,4,9
large_integer,36640,3707795558815619874842,3,3735465674926184202262,3,9
large_integer,36641,4934504039717305057306,4,4962174155827869384726,4,9
large_integer,36642,4934504039717305057308,4,4962174155827869384728,4,9
large_integer,36643,4943727411754159833116,4,4971397527864724160536,4,9
large_integer,36644,4934504039717305057310,4,4962174155827869384730,4,9
large_integer,36645,4943727411754159833118,4,4971397527864724160538,4,9
large_integer,36646,4943727411754159833120,4,4971397527864724160540,4,9
large_integer,36647,4952950783791014608928,4,4980620899901578936348,4,9
large_integer,36648,4934504039717305057312,4,4962174155827869384732,4,9
large_integer,36649,4943727411754159833120,4,4971397527864724160540,4,9
large_integer,36650,4943727411754159833122,4,4971397527864724160542,4,9
large_integer,36651,4952950783791014608930,4,4980620899901578936350,4,9
large_integer,36652,4943727411754159833124,4,4971397527864724160544,4,9
large_integer,36653,4952950783791014608932,4,4980620899901578936352,4,9
large_integer,36654,4952950783791014608934,4,4980620899901578936354,4,9
large_integer,36655,4962174155827869384742,4,4989844271938433712162,4,9
large_integer,36656,3717018930852474650650,3,3744689046963038978070,3,9
large_integer,36657,4943727411754159833114,4,4971397527864724160534,4,9
large_integer,36658,4943727411754159833116,4,4971397527864724160536,4,9
large_integer,36659,4952950783791014608924,4,4980620899901578936344,4,9
large_integer,36660,4943727411754159833118,4,4971397527864724160538,4,9
large_integer,36661,4952950783791014608926,4,4980620899901578936346,4,9
large_integer,36662,4952950783791014608928,4,4980620899901578936348,4,9
large_integer,36663,4962174155827869384736,4,4989844271938433712156,4,9
large_integer,36664,4943727411754159833120,4,4971397527864724160540,4,9
large_integer,36665,4952950783791014608928,4,4980620899901578936348,4,9
large_integer,36666,4952950783791014608930,4,4980620899901578936350,4,9
large_integer,36667,4962174155827869384738,4,4989844271938433712158,4,9
large_integer,36668,4952950783791014608932,4,4980620899901578936352,4,9
large_integer,36669,4962174155827869384740,4,4989844271938433712160,4,9
large_integer,36670,4962174155827869384742,4,4989844271938433712162,4,9
large_integer,36671,4971397527864724160550,4,4999067643975288487970,4,9
large_integer,36672,3707795558815619874844,3,3735465674926184202264,3,9
large_integer,36673,4934504039717305057308,4,4962174155827869384728,4,9
large_integer,36674,4934504039717305057310,4,4962174155827869384730,4,9
large_integer,36675,4943727411754159833118,4,4971397527864724160538,4,9
large_integer,36676,4934504039717305057312,4,4962174155827869384732,4,9
large_integer,36677,4943727411754159833120,4,4971397527864724160540,4,9
large_integer,36678,4943727411754159833122,4,4971397527864724160542,4,9
large_integer,36679,4952950783791014608930,4,4980620899901578936350,4,9
large_integer,36680,4934504039717305057314,4,4962174155827869384734,4,9
large_integer,36681,4943727411754159833122,4,4971397527864724160542,4,9
large_integer,36682,4943727411754159833124,4,4971397527864724160544,4,9
large_integer,36683,4952950783791014608932,4,4980620899901578936352,4,9
large_integer,36684,4943727411754159833126,4,4971397527864724160546,4,9
large_integer,36685,4952950783791014608934,4,4980620899901578936354,4,9
large_integer,36686,4952950783791014608936,4,4980620899901578936356,4,9
large_integer,36687,4962174155827869384744,4,4989844271938433712164,4,9
large_integer,36688,3717018930852474650652,3,3744689046963038978072,3,9
large_integer,36689,4943727411754159833116,4,4971397527864724160536,4,9
large_integer,36690,4943727411754159833118,4,4971397527864724160538,4,9
large_integer,36691,4952950783791014608926,4,4980620899901578936346,4,9
large_integer,36692,4943727411754159833120,4,4971397527864724160540,4,9
large_integer,36693,4952950783791014608928,4,4980620899901578936348,4,9
large_integer,36694,4952950783791014608930,4,4980620899901578936350,4,9
large_integer,36695,4962174155827869384738,4,4989844271938433712158,4,9
large_integer,36696,4943727411754159833122,4,4971397527864724160542,4,9
large_integer,36697,4952950783791014608930,4,4980620899901578936350,4,9
large_integer,36698,4952950783791014608932,4,4980620899901578936352,4,9
large_integer,36699,4962174155827869384740,4,4989844271938433712160,4,9
large_integer,36700,4952950783791014608934,4,4980620899901578936354,4,9
large_integer,36701,4962174155827869384742,4,4989844271938433712162,4,9
large_integer,36702,4962174155827869384744,4,4989844271938433712164,4,9
large_integer,36703,4971397527864724160552,4,4999067643975288487972,4,9
large_integer,36704,3717018930852474650654,3,3744689046963038978074,3,9
large_integer,36705,4943727411754159833118,4,4971397527864724160538,4,9
large_integer,36706,4943727411754159833120,4,4971397527864724160540,4,9
large_integer,36707,4952950783791014608928,4,4980620899901578936348,4,9
large_integer,36708,4943727411754159833122,4,4971397527864724160542,4,9
large_integer,36709,4952950783791014608930,4,4980620899901578936350,4,9
large_integer,36710,4952950783791014608932,4,4980620899901578936352,4,9
large_integer,36711,4962174155827869384740,4,4989844271938433712160,4,9
large_integer,36712,4943727411754159833124,4,4971397527864724160544,4,9
large_integer,36713,4952950783791014608932,4,4980620899901578936352,4,9
large_integer,36714,4952950783791014608934,4,4980620899901578936354,4,9
large_integer,36715,4962174155827869384742,4,4989844271938433712162,4,9
large_integer,36716,4952950783791014608936,4,4980620899901578936356,4,9
large_integer,36717,4962174155827869384744,4,4989844271938433712164,4,9
large_integer,36718,4962174155827869384746,4,4989844271938433712166,4,9
large_integer,36719,4971397527864724160554,4,4999067643975288487974,4,9
large_integer,36720,3726242302889329426462,3,3753912418999893753882,3,9
large_integer,36721,4952950783791014608926,4,4980620899901578936346,4,9
large_integer,36722,4952950783791014608928,4,4980620899901578936348,4,9
large_integer,36723,4962174155827869384736,4,4989844271938433712156,4,9
large_integer,36724,4952950783791014608930,4,4980620899901578936350,4,9
large_integer,36725,4962174155827869384738,4,4989844271938433712158,4,9
large_integer,36726,4962174155827869384740,4,4989844271938433712160,4,9
large_integer,36727,4971397527864724160548,4,4999067643975288487968,4,9
large_integer,36728,4952950783791014608932,4,4980620899901578936352,4,9
large_integer,36729,4962174155827869384740,4,4989844271938433712160,4,9
large_integer,36730,4962174155827869384742,4,4989844271938433712162,4,9
large_integer,36731,4971397527864724160550,4,4999067643975288487970,4,9
large_integer,36732,4962174155827869384744,4,4989844271938433712164,4,9
large_integer,36733,4971397527864724160552,4,4999067643975288487972,4,9
large_integer,36734,4971397527864724160554,4,4999067643975288487974,4,9
large_integer,36735,4980620899901578936362,4,5008291016012143263782,4,9
large_integer,36736,2545650682171918123028,2,2545650682171918123028,2,11
large_integer,36737,3772359163073603305492,3,3772359163073603305492,3,11
large_integer,36738,3772359163073603305494,3,3772359163073603305494,3,11
large_integer,36739,3781582535110458081302,3,3781582535110458081302,3,11
large_integer,36740,3772359163073603305496,3,3772359163073603305496,3,11
large_integer,36741,3781582535110458081304,3,3781582535110458081304,3,11
large_integer,36742,3781582535110458081306,3,3781582535110458081306,3,11
large_integer,36743,3790805907147312857114,3,3790805907147312857114,3,11
large_integer,36744,2582544170319337226260,2,2582544170319337226260,2,13
large_integer,36745,3781582535110458081306,3,3809252651221022408724,3,13
large_integer,36746,3781582535110458081308,3,3809252651221022408726,3,13
large_integer,36747,3790805907147312857116,3,3818476023257877184534,3,13
large_integer,36748,3781582535110458081310,3,3809252651221022408728,3,13
large_integer,36749,3790805907147312857118,3,3818476023257877184536,3,13
large_integer,36750,3790805907147312857120,3,3818476023257877184538,3,13
large_integer,36751,3800029279184167632928,3,3827699395294731960346,3,13
large_integer,36752,3717018930852474650654,3,3772359163073603305493,3,11
large_integer,36753,4943727411754159833118,4,4999067643975288487957,4,11
large_integer,36754,4943727411754159833120,4,4999067643975288487959,4,11
large_integer,36755,4952950783791014608928,4,5008291016012143263767,4,11
large_integer,36756,4943727411754159833122,4,4999067643975288487961,4,11
large_integer,36757,4952950783791014608930,4,5008291016012143263769,4,11
large_integer,36758,4952950783791014608932,4,5008291016012143263771,4,11
large_integer,36759,4962174155827869384740,4,5017514388048998039579,4,11
large_integer,36760,3809252651221022408725,3,3809252651221022408725,3,13
large_integer,36761,4952950783791014608932,4,5035961132122707591189,4,13
large_integer,36762,4952950783791014608934,4,5035961132122707591191,4,13
large_integer,36763,4962174155827869384742,4,5045184504159562366999,4,13
large_integer,36764,4952950783791014608936,4,5035961132122707591193,4,13
large_integer,36765,4962174155827869384744,4,5045184504159562367001,4,13
large_integer,36766,4962174155827869384746,4,5045184504159562367003,4,13
large_integer,36767,4971397527864724160554,4,5054407876196417142811,4,13
large_integer,36768,3717018930852474650656,3,3772359163073603305495,3,11
large_integer,36769,4943727411754159833120,4,4999067643975288487959,4,11
large_integer,36770,4943727411754159833122,4,4999067643975288487961,4,11
large_integer,36771,4952950783791014608930,4,5008291016012143263769,4,11
large_integer,36772,4943727411754159833124,4,4999067643975288487963,4,11
large_integer,36773,4952950783791014608932,4,5008291016012143263771,4,11
large_integer,36774,4952950783791014608934,4,5008291016012143263773,4,11
large_integer,36775,4962174155827869384742,4,5017514388048998039581,4,11
large_integer,36776,3809252651221022408727,3,3809252651221022408727,3,13
large_integer,36777,4952950783791014608934,4,5035961132122707591191,4,13
large_integer,36778,4952950783791014608936,4,5035961132122707591193,4,13
large_integer,36779,4962174155827869384744,4,5045184504159562367001,4,13
large_integer,36780,4952950783791014608938,4,5035961132122707591195,4,13
large_integer,36781,4962174155827869384746,4,5045184504159562367003,4,13
large_integer,36782,4962174155827869384748,4,5045184504159562367005,4,13
large_integer,36783,4971397527864724160556,4,5054407876196417142813,4,13
large_integer,36784,3726242302889329426464,3,3781582535110458081303,3,11
large_integer,36785,4952950783791014608928,4,5008291016012143263767,4,11
large_integer,36786,4952950783791014608930,4,5008291016012143263769,4,11
large_integer,36787,4962174155827869384738,4,5017514388048998039577,4,11
large_integer,36788,4952950783791014608932,4,5008291016012143263771,4,11
large_integer,36789,4962174155827869384740,4,5017514388048998039579,4,11
large_integer,36790,4962174155827869384742,4,5017514388048998039581,4,11
large_integer,36791,4971397527864724160550,4,5026737760085852815389,4,11
large_integer,36792,3818476023257877184535,3,3818476023257877184535,3,13
large_integer,36793,4962174155827869384742,4,5045184504159562366999,4,13
large_integer,36794,4962174155827869384744,4,5045184504159562367001,4,13
large_integer,36795,4971397527864724160552,4,5054407876196417142809,4,13
large_integer,36796,4962174155827869384746,4,5045184504159562367003,4,13
large_integer,36797,4971397527864724160554,4,5054407876196417142811,4,13
large_integer,36798,4971397527864724160556,4,5054407876196417142813,4,13
large_integer,36799,4980620899901578936364,4,5063631248233271918621,4,13
large_integer,36800,3717018930852474650658,3,3772359163073603305497,3,11
large_integer,36801,4943727411754159833122,4,4999067643975288487961,4,11
large_integer,36802,4943727411754159833124,4,4999067643975288487963,4,11
large_integer,36803,4952950783791014608932,4,5008291016012143263771,4,11
large_integer,36804,4943727411754159833126,4,4999067643975288487965,4,11
large_integer,36805,4952950783791014608934,4,5008291016012143263773,4,11
large_integer,36806,4952950783791014608936,4,5008291016012143263775,4,11
large_integer,36807,4962174155827869384744,4,5017514388048998039583,4,11
large_integer,36808,3809252651221022408729,3,3809252651221022408729,3,13
large_integer,36809,4952950783791014608936,4,5035961132122707591193,4,13
large_integer,36810,4952950783791014608938,4,5035961132122707591195,4,13
large_integer,36811,4962174155827869384746,4,5045184504159562367003,4,13
large_integer,36812,4952950783791014608940,4,5035961132122707591197,4,13
large_integer,36813,4962174155827869384748,4,5045184504159562367005,4,13
large_integer,36814,4962174155827869384750,4,5045184504159562367007,4,13
large_integer,36815,4971397527864724160558,4,5054407876196417142815,4,13
large_integer,36816,3726242302889329426466,3,3781582535110458081305,3,11
large_integer,36817,4952950783791014608930,4,5008291016012143263769,4,11
large_integer,36818,4952950783791014608932,4,5008291016012143263771,4,11
large_integer,36819,4962174155827869384740,4,5017514388048998039579,4,11
large_integer,36820,4952950783791014608934,4,5008291016012143263773,4,11
large_integer,36821,4962174155827869384742,4,5017514388048998039581,4,11
large_integer,36822,4962174155827869384744,4,5017514388048998039583,4,11
large_integer,36823,4971397527864724160552,4,5026737760085852815391,4,11
large_integer,36824,3818476023257877184537,3,3818476023257877184537,3,13
large_integer,36825,4962174155827869384744,4,5045184504159562367001,4,13
large_integer,36826,4962174155827869384746,4,5045184504159562367003,4,13
large_integer,36827,4971397527864724160554,4,5054407876196417142811,4,13
large_integer,36828,4962174155827869384748,4,5045184504159562367005,4,13
large_integer,36829,4971397527864724160556,4,5054407876196417142813,4,13
large_integer,36830,4971397527864724160558,4,5054407876196417142815,4,13
large_integer,36831,4980620899901578936366,4,5063631248233271918623,4,13
large_integer,36832,3726242302889329426468,3,3781582535110458081307,3,11
large_integer,36833,4952950783791014608932,4,5008291016012143263771,4,11
large_integer,36834,4952950783791014608934,4,5008291016012143263773,4,11
large_integer,36835,4962174155827869384742,4,5017514388048998039581,4,11
large_integer,36836,4952950783791014608936,4,5008291016012143263775,4,11
large_integer,36837,4962174155827869384744,4,5017514388048998039583,4,11
large_integer,36838,4962174155827869384746,4,5017514388048998039585,4,11
large_integer,36839,4971397527864724160554,4,5026737760085852815393,4,11
large_integer,36840,3818476023257877184539,3,3818476023257877184539,3,13
large_integer,36841,4962174155827869384746,4,5045184504159562367003,4,13
large_integer,36842,4962174155827869384748,4,5045184504159562367005,4,13
large_integer,36843,4971397527864724160556,4,5054407876196417142813,4,13
large_integer,36844,4962174155827869384750,4,5045184504159562367007,4,13
large_integer,36845,4971397527864724160558,4,5054407876196417142815,4,13
large_integer,36846,4971397527864724160560,4,5054407876196417142817,4,13
large_integer,36847,4980620899901578936368,4,5063631248233271918625,4,13
large_integer,36848,3735465674926184202276,3,3790805907147312857115,3,11
large_integer,36849,4962174155827869384740,4,5017514388048998039579,4,11
large_integer,36850,4962174155827869384742,4,5017514388048998039581,4,11
large_integer,36851,4971397527864724160550,4,5026737760085852815389,4,11
large_integer,36852,4962174155827869384744,4,5017514388048998039583,4,11
large_integer,36853,4971397527864724160552,4,5026737760085852815391,4,11
large_integer,36854,4971397527864724160554,4,5026737760085852815393,4,11
large_integer,36855,4980620899901578936362,4,5035961132122707591201,4,11
large_integer,36856,3827699395294731960347,3,3827699395294731960347,3,13
large_integer,36857,4971397527864724160554,4,5054407876196417142811,4,13
large_integer,36858,4971397527864724160556,4,5054407876196417142813,4,13
large_integer,36859,4980620899901578936364,4,5063631248233271918621,4,13
large_integer,36860,4971397527864724160558,4,5054407876196417142815,4,13
large_integer,36861,4980620899901578936366,4,5063631248233271918623,4,13
large_integer,36862,4980620899901578936368,4,5063631248233271918625,4,13
large_integer,36863,4989844271938433712176,4,5072854620270126694433,4,13
large_integer,36864,1235931852938539958281,1,1235931852938539958281,1,7
large_integer,36865,2462640333840225140745,2,2462640333840225140745,2,7
large_integer,36866,2462640333840225140747,2,2462640333840225140747,2,7
large_integer,36867,2471863705877079916555,2,2471863705877079916555,2,7
large_integer,36868,2462640333840225140749,2,2462640333840225140749,2,7
large_integer,36869,2471863705877079916557,2,2471863705877079916557,2,7
large_integer,36870,2471863705877079916559,2,2471863705877079916559,2,7
large_integer,36871,2481087077913934692367,2,2481087077913934692367,2,7
large_integer,36872,2462640333840225140751,2,2462640333840225140751,2,7
large_integer,36873,2471863705877079916559,2,2471863705877079916559,2,7
large_integer,36874,2471863705877079916561,2,2471863705877079916561,2,7
large_integer,36875,2481087077913934692369,2,2481087077913934692369,2,7
large_integer,36876,2471863705877079916563,2,2471863705877079916563,2,7
large_integer,36877,2481087077913934692371,2,2481087077913934692371,2,7
large_integer,36878,2481087077913934692373,2,2481087077913934692373,2,7
large_integer,36879,2490310449950789468181,2,2490310449950789468181,2,7
large_integer,36880,2462640333840225140746,2,2462640333840225140746,2,7
large_integer,36881,3689348814741910323210,3,3689348814741910323210,3,7
large_integer,36882,3689348814741910323212,3,3689348814741910323212,3,7
large_integer,36883,3698572186778765099020,3,3698572186778765099020,3,7
large_integer,36884,3689348814741910323214,3,3689348814741910323214,3,7
large_integer,36885,3698572186778765099022,3,3698572186778765099022,3,7
large_integer,36886,3698572186778765099024,3,3698572186778765099024,3,7
large_integer,36887,3707795558815619874832,3,3707795558815619874832,3,7
large_integer,36888,3689348814741910323216,3,3689348814741910323216,3,7
large_integer,36889,3698572186778765099024,3,3698572186778765099024,3,7
large_integer,36890,3698572186778765099026,3,3698572186778765099026,3,7
large_integer,36891,3707795558815619874834,3,3707795558815619874834,3,7
large_integer,36892,3698572186778765099028,3,3698572186778765099028,3,7
large_integer,36893,3707795558815619874836,3,3707795558815619874836,3,7
large_integer,36894,3707795558815619874838,3,3707795558815619874838,3,7
large_integer,36895,3717018930852474650646,3,3717018930852474650646,3,7
large_integer,36896,2462640333840225140748,2,2462640333840225140748,2,7
large_integer,36897,3689348814741910323212,3,3689348814741910323212,3,7
large_integer,36898,3689348814741910323214,3,3689348814741910323214,3,7
large_integer,36899,3698572186778765099022,3,3698572186778765099022,3,7
large_integer,36900,3689348814741910323216,3,3689348814741910323216,3,7
large_integer,36901,3698572186778765099024,3,3698572186778765099024,3,7
large_integer,36902,3698572186778765099026,3,3698572186778765099026,3,7
large_integer,36903,3707795558815619874834,3,3707795558815619874834,3,7
large_integer,36904,3689348814741910323218,3,3689348814741910323218,3,7
large_integer,36905,3698572186778765099026,3,3698572186778765099026,3,7
large_integer,36906,3698572186778765099028,3,3698572186778765099028,3,7
large_integer,36907,3707795558815619874836,3,3707795558815619874836,3,7
large_integer,36908,3698572186778765099030,3,3698572186778765099030,3,7
large_integer,36909,3707795558815619874838,3,3707795558815619874838,3,7
large_integer,36910,3707795558815619874840,3,3707795558815619874840,3,7
large_integer,36911,3717018930852474650648,3,3717018930852474650648,3,7
large_integer,36912,2471863705877079916556,2,2471863705877079916556,2,7
large_integer,36913,3698572186778765099020,3,3698572186778765099020,3,7
large_integer,36914,3698572186778765099022,3,3698572186778765099022,3,7
large_integer,36915,3707795558815619874830,3,3707795558815619874830,3,7
large_integer,36916,3698572186778765099024,3,3698572186778765099024,3,7
large_integer,36917,3707795558815619874832,3,3707795558815619874832,3,7
large_integer,36918,3707795558815619874834,3,3707795558815619874834,3,7
large_integer,36919,3717018930852474650642,3,3717018930852474650642,3,7
large_integer,36920,3698572186778765099026,3,3698572186778765099026,3,7
large_integer,36921,3707795558815619874834,3,3707795558815619874834,3,7
large_integer,36922,3707795558815619874836,3,3707795558815619874836,3,7
large_integer,36923,3717018930852474650644,3,3717018930852474650644,3,7
large_integer,36924,3707795558815619874838,3,3707795558815619874838,3,7
large_integer,36925,3717018930852474650646,3,3717018930852474650646,3,7
large_integer,36926,3717018930852474650648,3,3717018930852474650648,3,7
large_integer,36927,3726242302889329426456,3,3726242302889329426456,3,7
large_integer,36928,2462640333840225140750,2,2462640333840225140750,2,7
large_integer,36929,3689348814741910323214,3,3689348814741910323214,3,7
large_integer,36930,3689348814741910323216,3,3689348814741910323216,3,7
large_integer,36931,3698572186778765099024,3,3698572186778765099024,3,7
large_integer,36932,3689348814741910323218,3,3689348814741910323218,3,7
large_integer,36933,3698572186778765099026,3,3698572186778765099026,3,7
large_integer,36934,3698572186778765099028,3,3698572186778765099028,3,7
large_integer,36935,3707795558815619874836,3,3707795558815619874836,3,7
large_integer,36936,3689348814741910323220,3,3689348814741910323220,3,7
large_integer,36937,3698572186778765099028,3,3698572186778765099028,3,7
large_integer,36938,3698572186778765099030,3,3698572186778765099030,3,7
large_integer,36939,3707795558815619874838,3,3707795558815619874838,3,7
large_integer,36940,3698572186778765099032,3,3698572186778765099032,3,7
large_integer,36941,3707795558815619874840,3,3707795558815619874840,3,7
large_integer,36942,3707795558815619874842,3,3707795558815619874842,3,7
large_integer,36943,3717018930852474650650,3,3717018930852474650650,3,7
large_integer,36944,2471863705877079916558,2,2471863705877079916558,2,7
large_integer,36945,3698572186778765099022,3,3698572186778765099022,3,7
large_integer,36946,3698572186778765099024,3,3698572186778765099024,3,7
large_integer,36947,3707795558815619874832,3,3707795558815619874832,3,7
large_integer,36948,3698572186778765099026,3,3698572186778765099026,3,7
large_integer,36949,3707795558815619874834,3,3707795558815619874834,3,7
large_integer,36950,3707795558815619874836,3,3707795558815619874836,3,7
large_integer,36951,3717018930852474650644,3,3717018930852474650644,3,7
large_integer,36952,3698572186778765099028,3,3698572186778765099028,3,7
large_integer,36953,3707795558815619874836,3,3707795558815619874836,3,7
large_integer,36954,3707795558815619874838,3,3707795558815619874838,3,7
large_integer,36955,3717018930852474650646,3,3717018930852474650646,3,7
large_integer,36956,3707795558815619874840,3,3707795558815619874840,3,7
large_integer,36957,3717018930852474650648,3,3717018930852474650648,3,7
large_integer,36958,3717018930852474650650,3,3717018930852474650650,3,7
large_integer,36959,3726242302889329426458,3,3726242302889329426458,3,7
large_integer,36960,2471863705877079916560,2,2471863705877079916560,2,7
large_integer,36961,3698572186778765099024,3,3698572186778765099024,3,7
large_integer,36962,3698572186778765099026,3,3698572186778765099026,3,7
large_integer,36963,3707795558815619874834,3,3707795558815619874834,3,7
large_integer,36964,3698572186778765099028,3,3698572186778765099028,3,7
large_integer,36965,3707795558815619874836,3,3707795558815619874836,3,7
large_integer,36966,3707795558815619874838,3,3707795558815619874838,3,7
large_integer,36967,3717018930852474650646,3,3717018930852474650646,3,7
large_integer,36968,3698572186778765099030,3,3698572186778765099030,3,7
large_integer,36969,3707795558815619874838,3,3707795558815619874838,3,7
large_integer,36970,3707795558815619874840,3,3707795558815619874840,3,7
large_integer,36971,3717018930852474650648,3,3717018930852474650648,3,7
large_integer,36972,3707795558815619874842,3,3707795558815619874842,3,7
large_integer,36973,3717018930852474650650,3,3717018930852474650650,3,7
large_integer,36974,3717018930852474650652,3,3717018930852474650652,3,7
large_integer,36975,3726242302889329426460,3,3726242302889329426460,3,7
large_integer,36976,2481087077913934692368,2,2481087077913934692368,2,7
large_integer,36977,3707795558815619874832,3,3707795558815619874832,3,7
large_integer,36978,3707795558815619874834,3,3707795558815619874834,3,7
large_integer,36979,3717018930852474650642,3,3717018930852474650642,3,7
large_integer,36980,3707795558815619874836,3,3707795558815619874836,3,7
large_integer,36981,3717018930852474650644,3,3717018930852474650644,3,7
large_integer,36982,3717018930852474650646,3,3717018930852474650646,3,7
large_integer,36983,3726242302889329426454,3,3726242302889329426454,3,7
large_integer,36984,3707795558815619874838,3,3707795558815619874838,3,7
large_integer,36985,3717018930852474650646,3,3717018930852474650646,3,7
large_integer,36986,3717018930852474650648,3,3717018930852474650648,3,7
large_integer,36987,3726242302889329426456,3,3726242302889329426456,3,7
large_integer,36988,3717018930852474650650,3,3717018930852474650650,3,7
large_integer,36989,3726242302889329426458,3,3726242302889329426458,3,7
large_integer,36990,3726242302889329426460,3,3726242302889329426460,3,7
large_integer,36991,3735465674926184202268,3,3735465674926184202268,3,7
large_integer,36992,2462640333840225140752,2,2462640333840225140752,2,7
large_integer,36993,3689348814741910323216,3,3689348814741910323216,3,7
large_integer,36994,3689348814741910323218,3,3689348814741910323218,3,7
large_integer,36995,3698572186778765099026,3,3698572186778765099026,3,7
large_integer,36996,3689348814741910323220,3,3689348814741910323220,3,7
large_integer,36997,3698572186778765099028,3,3698572186778765099028,3,7
large_integer,36998,3698572186778765099030,3,3698572186778765099030,3,7
large_integer,36999,3707795558815619874838,3,3707795558815619874838,3,7
large_integer,37000,3689348814741910323222,3,3689348814741910323222,3,7
large_integer,37001,3698572186778765099030,3,3698572186778765099030,3,7
large_integer,37002,3698572186778765099032,3,3698572186778765099032,3,7
large_integer,37003,3707795558815619874840,3,3707795558815619874840,3,7
large_integer,37004,3698572186778765099034,3,3698572186778765099034,3,7
large_integer,37005,3707795558815619874842,3,3707795558815619874842,3,7
large_integer,37006,3707795558815619874844,3,3707795558815619874844,3,7
large_integer,37007,3717018930852474650652,3,3717018930852474650652,3,7
large_integer,37008,2471863705877079916560,2,2471863705877079916560,2,7
large_integer,37009,3698572186778765099024,3,3698572186778765099024,3,7
large_integer,37010,3698572186778765099026,3,3698572186778765099026,3,7
large_integer,37011,3707795558815619874834,3,3707795558815619874834,3,7
large_integer,37012,3698572186778765099028,3,3698572186778765099028,3,7
large_integer,37013,3707795558815619874836,3,3707795558815619874836,3,7
large_integer,37014,3707795558815619874838,3,3707795558815619874838,3,7
large_integer,37015,3717018930852474650646,3,3717018930852474650646,3,7
large_integer,37016,3698572186778765099030,3,3698572186778765099030,3,7
large_integer,37017,3707795558815619874838,3,3707795558815619874838,3,7
large_integer,37018,3707795558815619874840,3,3707795558815619874840,3,7
large_integer,37019,3717018930852474650648,3,3717018930852474650648,3,7
large_integer,37020,3707795558815619874842,3,3707795558815619874842,3,7
large_integer,37021,3717018930852474650650,3,3717018930852474650650,3,7
large_integer,37022,3717018930852474650652,3,3717018930852474650652,3,7
large_integer,37023,3726242302889329426460,3,3726242302889329426460,3,7
large_integer,37024,2471863705877079916562,2,2471863705877079916562,2,7
large_integer,37025,3698572186778765099026,3,3698572186778765099026,3,7
large_integer,37026,3698572186778765099028,3,3698572186778765099028,3,7
large_integer,37027,3707795558815619874836,3,3707795558815619874836,3,7
large_integer,37028,3698572186778765099030,3,3698572186778765099030,3,7
large_integer,37029,3707795558815619874838,3,3707795558815619874838,3,7
large_integer,37030,3707795558815619874840,3,3707795558815619874840,3,7
large_integer,37031,3717018930852474650648,3,3717018930852474650648,3,7
large_integer,37032,3698572186778765099032,3,3698572186778765099032,3,7
large_integer,37033,3707795558815619874840,3,3707795558815619874840,3,7
large_integer,37034,3707795558815619874842,3,3707795558815619874842,3,7
large_integer,37035,3717018930852474650650,3,3717018930852474650650,3,7
large_integer,37036,3707795558815619874844,3,3707795558815619874844,3,7
large_integer,37037,3717018930852474650652,3,3717018930852474650652,3,7
large_integer,37038,3717018930852474650654,3,3717018930852474650654,3,7
large_integer,37039,3726242302889329426462,3,3726242302889329426462,3,7
large_integer,37040,2481087077913934692370,2,2481087077913934692370,2,7
large_integer,37041,3707795558815619874834,3,3707795558815619874834,3,7
large_integer,37042,3707795558815619874836,3,3707795558815619874836,3,7
large_integer,37043,3717018930852474650644,3,3717018930852474650644,3,7
large_integer,37044,3707795558815619874838,3,3707795558815619874838,3,7
large_integer,37045,3717018930852474650646,3,3717018930852474650646,3,7
large_integer,37046,3717018930852474650648,3,3717018930852474650648,3,7
large_integer,37047,3726242302889329426456,3,3726242302889329426456,3,7
large_integer,37048,3707795558815619874840,3,3707795558815619874840,3,7
large_integer,37049,3717018930852474650648,3,3717018930852474650648,3,7
large_integer,37050,3717018930852474650650,3,3717018930852474650650,3,7
large_integer,37051,3726242302889329426458,3,3726242302889329426458,3,7
large_integer,37052,3717018930852474650652,3,3717018930852474650652,3,7
large_integer,37053,3726242302889329426460,3,3726242302889329426460,3,7
large_integer,37054,3726242302889329426462,3,3726242302889329426462,3,7
large_integer,37055,3735465674926184202270,3,3735465674926184202270,3,7
large_integer,37056,2471863705877079916564,2,2471863705877079916564,2,7
large_integer,37057,3698572186778765099028,3,3698572186778765099028,3,7
large_integer,37058,3698572186778765099030,3,3698572186778765099030,3,7
large_integer,37059,3707795558815619874838,3,3707795558815619874838,3,7
large_integer,37060,3698572186778765099032,3,3698572186778765099032,3,7
large_integer,37061,3707795558815619874840,3,3707795558815619874840,3,7
large_integer,37062,3707795558815619874842,3,3707795558815619874842,3,7
large_integer,37063,3717018930852474650650,3,3717018930852474650650,3,7
large_integer,37064,3698572186778765099034,3,3698572186778765099034,3,7
large_integer,37065,3707795558815619874842,3,3707795558815619874842,3,7
large_integer,37066,3707795558815619874844,3,3707795558815619874844,3,7
large_integer,37067,3717018930852474650652,3,3717018930852474650652,3,7
large_integer,37068,3707795558815619874846,3,3707795558815619874846,3,7
large_integer,37069,3717018930852474650654,3,3717018930852474650654,3,7
large_integer,37070,3717018930852474650656,3,3717018930852474650656,3,7
large_integer,37071,3726242302889329426464,3,3726242302889329426464,3,7
large_integer,37072,2481087077913934692372,2,2481087077913934692372,2,7
large_integer,37073,3707795558815619874836,3,3707795558815619874836,3,7
large_integer,37074,3707795558815619874838,3,3707795558815619874838,3,7
large_integer,37075,3717018930852474650646,3,3717018930852474650646,3,7
large_integer,37076,3707795558815619874840,3,3707795558815619874840,3,7
large_integer,37077,3717018930852474650648,3,3717018930852474650648,3,7
large_integer,37078,3717018930852474650650,3,3717018930852474650650,3,7
large_integer,37079,3726242302889329426458,3,3726242302889329426458,3,7
large_integer,37080,3707795558815619874842,3,3707795558815619874842,3,7
large_integer,37081,3717018930852474650650,3,3717018930852474650650,3,7
large_integer,37082,3717018930852474650652,3,3717018930852474650652,3,7
large_integer,37083,3726242302889329426460,3,3726242302889329426460,3,7
large_integer,37084,3717018930852474650654,3,3717018930852474650654,3,7
large_integer,37085,3726242302889329426462,3,3726242302889329426462,3,7
large_integer,37086,3726242302889329426464,3,3726242302889329426464,3,7
large_integer,37087,3735465674926184202272,3,3735465674926184202272,3,7
large_integer,37088,2481087077913934692374,2,2481087077913934692374,2,7
large_integer,37089,3707795558815619874838,3,3707795558815619874838,3,7
large_integer,37090,3707795558815619874840,3,3707795558815619874840,3,7
large_integer,37091,3717018930852474650648,3,3717018930852474650648,3,7
large_integer,37092,3707795558815619874842,3,3707795558815619874842,3,7
large_integer,37093,3717018930852474650650,3,3717018930852474650650,3,7
large_integer,37094,3717018930852474650652,3,3717018930852474650652,3,7
large_integer,37095,3726242302889329426460,3,3726242302889329426460,3,7
large_integer,37096,3707795558815619874844,3,3707795558815619874844,3,7
large_integer,37097,3717018930852474650652,3,3717018930852474650652,3,7
large_integer,37098,3717018930852474650654,3,3717018930852474650654,3,7
large_integer,37099,3726242302889329426462,3,3726242302889329426462,3,7
large_integer,37100,3717018930852474650656,3,3717018930852474650656,3,7
large_integer,37101,3726242302889329426464,3,3726242302889329426464,3,7
large_integer,37102,3726242302889329426466,3,3726242302889329426466,3,7
large_integer,37103,3735465674926184202274,3,3735465674926184202274,3,7
large_integer,37104,2490310449950789468182,2,2490310449950789468182,2,7
large_integer,37105,3717018930852474650646,3,3717018930852474650646,3,7
large_integer,37106,3717018930852474650648,3,3717018930852474650648,3,7
large_integer,37107,3726242302889329426456,3,3726242302889329426456,3,7
large_integer,37108,3717018930852474650650,3,3717018930852474650650,3,7
large_integer,37109,3726242302889329426458,3,3726242302889329426458,3,7
large_integer,37110,3726242302889329426460,3,3726242302889329426460,3,7
large_integer,37111,3735465674926184202268,3,3735465674926184202268,3,7
large_integer,37112,3717018930852474650652,3,3717018930852474650652,3,7
large_integer,37113,3726242302889329426460,3,3726242302889329426460,3,7
large_integer,37114,3726242302889329426462,3,3726242302889329426462,3,7
large_integer,37115,3735465674926184202270,3,3735465674926184202270,3,7
large_integer,37116,3726242302889329426464,3,3726242302889329426464,3,7
large_integer,37117,3735465674926184202272,3,3735465674926184202272,3,7
large_integer,37118,3735465674926184202274,3,3735465674926184202274,3,7
large_integer,37119,3744689046963038978082,3,3744689046963038978082,3,7
large_integer,37120,2462640333840225140747,2,2490310449950789468174,2,9
large_integer,37121,3689348814741910323211,3,3717018930852474650638,3,9
large_integer,37122,3689348814741910323213,3,3717018930852474650640,3,9
large_integer,37123,3698572186778765099021,3,3726242302889329426448,3,9
large_integer,37124,3689348814741910323215,3,3717018930852474650642,3,9
large_integer,37125,3698572186778765099023,3,3726242302889329426450,3,9
large_integer,37126,3698572186778765099025,3,3726242302889329426452,3,9
large_integer,37127,3707795558815619874833,3,3735465674926184202260,3,9
large_integer,37128,3689348814741910323217,3,3717018930852474650644,3,9
large_integer,37129,3698572186778765099025,3,3726242302889329426452,3,9
large_integer,37130,3698572186778765099027,3,3726242302889329426454,3,9
large_integer,37131,3707795558815619874835,3,3735465674926184202262,3,9
large_integer,37132,3698572186778765099029,3,3726242302889329426456,3,9
large_integer,37133,3707795558815619874837,3,3735465674926184202264,3,9
large_integer,37134,3707795558815619874839,3,3735465674926184202266,3,9
large_integer,37135,3717018930852474650647,3,3744689046963038978074,3,9
large_integer,37136,2527203938098208571407,2,2527203938098208571407,2,11
large_integer,37137,2564097426245627674639,2,2564097426245627674639,2,13
large_integer,37138,3753912418999893753873,3,3753912418999893753873,3,11
large_integer,37139,3763135791036748529681,3,3790805907147312857105,3,13
large_integer,37140,3753912418999893753875,3,3753912418999893753875,3,11
large_integer,37141,3763135791036748529683,3,3790805907147312857107,3,13
large_integer,37142,3763135791036748529685,3,3763135791036748529685,3,11
large_integer,37143,3772359163073603305493,3,3800029279184167632917,3,13
large_integer,37144,3753912418999893753877,3,3753912418999893753877,3,11
large_integer,37145,3763135791036748529685,3,3790805907147312857109,3,13
large_integer,37146,3763135791036748529687,3,3763135791036748529687,3,11
large_integer,37147,3772359163073603305495,3,3800029279184167632919,3,13
large_integer,37148,3763135791036748529689,3,3763135791036748529689,3,11
large_integer,37149,3772359163073603305497,3,3800029279184167632921,3,13
large_integer,37150,3772359163073603305499,3,3772359163073603305499,3,11
large_integer,37151,3781582535110458081307,3,3809252651221022408731,3,13
large_integer,37152,3689348814741910323214,3,3717018930852474650641,3,9
large_integer,37153,4916057295643595505678,4,4943727411754159833105,4,9
large_integer,37154,4916057295643595505680,4,4943727411754159833107,4,9
large_integer,37155,4925280667680450281488,4,4952950783791014608915,4,9
large_integer,37156,4916057295643595505682,4,4943727411754159833109,4,9
large_integer,37157,4925280667680450281490,4,4952950783791014608917,4,9
large_integer,37158,4925280667680450281492,4,4952950783791014608919,4,9
large_integer,37159,4934504039717305057300,4,4962174155827869384727,4,9
large_integer,37160,4916057295643595505684,4,4943727411754159833111,4,9
large_integer,37161,4925280667680450281492,4,4952950783791014608919,4,9
large_integer,37162,4925280667680450281494,4,4952950783791014608921,4,9
large_integer,37163,4934504039717305057302,4,4962174155827869384729,4,9
large_integer,37164,4925280667680450281496,4,4952950783791014608923,4,9
large_integer,37165,4934504039717305057304,4,4962174155827869384731,4,9
large_integer,37166,4934504039717305057306,4,4962174155827869384733,4,9
large_integer,37167,4943727411754159833114,4,4971397527864724160541,4,9
large_integer,37168,3698572186778765099022,3,3753912418999893753874,3,11
large_integer,37169,3790805907147312857106,3,3790805907147312857106,3,13
large_integer,37170,4925280667680450281488,4,4980620899901578936340,4,11
large_integer,37171,4934504039717305057296,4,5017514388048998039572,4,13
large_integer,37172,4925280667680450281490,4,4980620899901578936342,4,11
large_integer,37173,4934504039717305057298,4,5017514388048998039574,4,13
large_integer,37174,4934504039717305057300,4,4989844271938433712152,4,11
large_integer,37175,4943727411754159833108,4,5026737760085852815384,4,13
large_integer,37176,4925280667680450281492,4,4980620899901578936344,4,11
large_integer,37177,4934504039717305057300,4,5017514388048998039576,4,13
large_integer,37178,4934504039717305057302,4,4989844271938433712154,4,11
large_integer,37179,4943727411754159833110,4,5026737760085852815386,4,13
large_integer,37180,4934504039717305057304,4,4989844271938433712156,4,11
large_integer,37181,4943727411754159833112,4,5026737760085852815388,4,13
large_integer,37182,4943727411754159833114,4,4999067643975288487966,4,11
large_integer,37183,4952950783791014608922,4,5035961132122707591198,4,13
large_integer,37184,3689348814741910323216,3,3717018930852474650643,3,9
large_integer,37185,4916057295643595505680,4,4943727411754159833107,4,9
large_integer,37186,4916057295643595505682,4,4943727411754159833109,4,9
large_integer,37187,4925280667680450281490,4,4952950783791014608917,4,9
large_integer,37188,4916057295643595505684,4,4943727411754159833111,4,9
large_integer,37189,4925280667680450281492,4,4952950783791014608919,4,9
large_integer,37190,4925280667680450281494,4,4952950783791014608921,4,9
large_integer,37191,4934504039717305057302,4,4962174155827869384729,4,9
large_integer,37192,4916057295643595505686,4,4943727411754159833113,4,9
large_integer,37193,4925280667680450281494,4,4952950783791014608921,4,9
large_integer,37194,4925280667680450281496,4,4952950783791014608923,4,9
large_integer,37195,4934504039717305057304,4,4962174155827869384731,4,9
large_integer,37196,4925280667680450281498,4,4952950783791014608925,4,9
large_integer,37197,4934504039717305057306,4,4962174155827869384733,4,9
large_integer,37198,4934504039717305057308,4,4962174155827869384735,4,9
large_integer,37199,4943727411754159833116,4,4971397527864724160543,4,9
large_integer,37200,3698572186778765099024,3,3753912418999893753876,3,11
large_integer,37201,3790805907147312857108,3,3790805907147312857108,3,13
large_integer,37202,4925280667680450281490,4,4980620899901578936342,4,11
large_integer,37203,4934504039717305057298,4,5017514388048998039574,4,13
large_integer,37204,4925280667680450281492,4,4980620899901578936344,4,11
large_integer,37205,4934504039717305057300,4,5017514388048998039576,4,13
large_integer,37206,4934504039717305057302,4,4989844271938433712154,4,11
large_integer,37207,4943727411754159833110,4,5026737760085852815386,4,13
large_integer,37208,4925280667680450281494,4,4980620899901578936346,4,11
large_integer,37209,4934504039717305057302,4,5017514388048998039578,4,13
large_integer,37210,4934504039717305057304,4,4989844271938433712156,4,11
large_integer,37211,4943727411754159833112,4,5026737760085852815388,4,13
large_integer,37212,4934504039717305057306,4,4989844271938433712158,4,11
large_integer,37213,4943727411754159833114,4,5026737760085852815390,4,13
large_integer,37214,4943727411754159833116,4,4999067643975288487968,4,11
large_integer,37215,4952950783791014608924,4,5035961132122707591200,4,13
large_integer,37216,3698572186778765099026,3,3726242302889329426453,3,9
large_integer,37217,4925280667680450281490,4,4952950783791014608917,4,9
large_integer,37218,4925280667680450281492,4,4952950783791014608919,4,9
large_integer,37219,4934504039717305057300,4,4962174155827869384727,4,9
large_integer,37220,4925280667680450281494,4,4952950783791014608921,4,9
large_integer,37221,4934504039717305057302,4,4962174155827869384729,4,9
large_integer,37222,4934504039717305057304,4,4962174155827869384731,4,9
large_integer,37223,4943727411754159833112,4,4971397527864724160539,4,9
large_integer,37224,4925280667680450281496,4,4952950783791014608923,4,9
large_integer,37225,4934504039717305057304,4,4962174155827869384731,4,9
large_integer,37226,4934504039717305057306,4,4962174155827869384733,4,9
large_integer,37227,4943727411754159833114,4,4971397527864724160541,4,9
large_integer,37228,4934504039717305057308,4,4962174155827869384735,4,9
large_integer,37229,4943727411754159833116,4,4971397527864724160543,4,9
large_integer,37230,4943727411754159833118,4,4971397527864724160545,4,9
large_integer,37231,4952950783791014608926,4,4980620899901578936353,4,9
large_integer,37232,3707795558815619874834,3,3763135791036748529686,3,11
large_integer,37233,3800029279184167632918,3,3800029279184167632918,3,13
large_integer,37234,4934504039717305057300,4,4989844271938433712152,4,11
large_integer,37235,4943727411754159833108,4,5026737760085852815384,4,13
large_integer,37236,4934504039717305057302,4,4989844271938433712154,4,11
large_integer,37237,4943727411754159833110,4,5026737760085852815386,4,13
large_integer,37238,4943727411754159833112,4,4999067643975288487964,4,11
large_integer,37239,4952950783791014608920,4,5035961132122707591196,4,13
large_integer,37240,4934504039717305057304,4,4989844271938433712156,4,11
large_integer,37241,4943727411754159833112,4,5026737760085852815388,4,13
large_integer,37242,4943727411754159833114,4,4999067643975288487966,4,11
large_integer,37243,4952950783791014608922,4,5035961132122707591198,4,13
large_integer,37244,4943727411754159833116,4,4999067643975288487968,4,11
large_integer,37245,4952950783791014608924,4,5035961132122707591200,4,13
large_integer,37246,4952950783791014608926,4,5008291016012143263778,4,11
large_integer,37247,4962174155827869384734,4,5045184504159562367010,4,13
large_integer,37248,3689348814741910323218,3,3717018930852474650645,3,9
large_integer,37249,4916057295643595505682,4,4943727411754159833109,4,9
large_integer,37250,4916057295643595505684,4,4943727411754159833111,4,9
large_integer,37251,4925280667680450281492,4,4952950783791014608919,4,9
large_integer,37252,4916057295643595505686,4,4943727411754159833113,4,9
large_integer,37253,4925280667680450281494,4,4952950783791014608921,4,9
large_integer,37254,4925280667680450281496,4,4952950783791014608923,4,9
large_integer,37255,4934504039717305057304,4,4962174155827869384731,4,9
large_integer,37256,4916057295643595505688,4,4943727411754159833115,4,9
large_integer,37257,4925280667680450281496,4,4952950783791014608923,4,9
large_integer,37258,4925280667680450281498,4,4952950783791014608925,4,9
large_integer,37259,4934504039717305057306,4,4962174155827869384733,4,9
large_integer,37260,4925280667680450281500,4,4952950783791014608927,4,9
large_integer,37261,4934504039717305057308,4,4962174155827869384735,4,9
large_integer,37262,4934504039717305057310,4,4962174155827869384737,4,9
large_integer,37263,4943727411754159833118,4,4971397527864724160545,4,9
large_integer,37264,3698572186778765099026,3,3753912418999893753878,3,11
large_integer,37265,3790805907147312857110,3,3790805907147312857110,3,13
large_integer,37266,4925280667680450281492,4,4980620899901578936344,4,11
large_integer,37267,4934504039717305057300,4,5017514388048998039576,4,13
large_integer,37268,4925280667680450281494,4,4980620899901578936346,4,11
large_integer,37269,4934504039717305057302,4,5017514388048998039578,4,13
large_integer,37270,4934504039717305057304,4,4989844271938433712156,4,11
large_integer,37271,4943727411754159833112,4,5026737760085852815388,4,13
large_integer,37272,4925280667680450281496,4,4980620899901578936348,4,11
large_integer,37273,4934504039717305057304,4,5017514388048998039580,4,13
large_integer,37274,4934504039717305057306,4,4989844271938433712158,4,11
large_integer,37275,4943727411754159833114,4,5026737760085852815390,4,13
large_integer,37276,4934504039717305057308,4,4989844271938433712160,4,11
large_integer,37277,4943727411754159833116,4,5026737760085852815392,4,13
large_integer,37278,4943727411754159833118,4,4999067643975288487970,4,11
large_integer,37279,4952950783791014608926,4,5035961132122707591202,4,13
large_integer,37280,3698572186778765099028,3,3726242302889329426455,3,9
large_integer,37281,4925280667680450281492,4,4952950783791014608919,4,9
large_integer,37282,4925280667680450281494,4,4952950783791014608921,4,9
large_integer,37283,4934504039717305057302,4,4962174155827869384729,4,9
large_integer,37284,4925280667680450281496,4,4952950783791014608923,4,9
large_integer,37285,4934504039717305057304,4,4962174155827869384731,4,9
large_integer,37286,4934504039717305057306,4,4962174155827869384733,4,9
large_integer,37287,4943727411754159833114,4,4971397527864724160541,4,9
large_integer,37288,4925280667680450281498,4,4952950783791014608925,4,9
large_integer,37289,4934504039717305057306,4,4962174155827869384733,4,9
large_integer,37290,4934504039717305057308,4,4962174155827869384735,4,9
large_integer,37291,4943727411754159833116,4,4971397527864724160543,4,9
large_integer,37292,4934504039717305057310,4,4962174155827869384737,4,9
large_integer,37293,4943727411754159833118,4,4971397527864724160545,4,9
large_integer,37294,4943727411754159833120,4,4971397527864724160547,4,9
large_integer,37295,4952950783791014608928,4,4980620899901578936355,4,9
large_integer,37296,3707795558815619874836,3,3763135791036748529688,3,11
large_integer,37297,3800029279184167632920,3,3800029279184167632920,3,13
large_integer,37298,4934504039717305057302,4,4989844271938433712154,4,11
large_integer,37299,4943727411754159833110,4,5026737760085852815386,4,13
large_integer,37300,4934504039717305057304,4,4989844271938433712156,4,11
large_integer,37301,4943727411754159833112,4,5026737760085852815388,4,13
large_integer,37302,4943727411754159833114,4,4999067643975288487966,4,11
large_integer,37303,4952950783791014608922,4,5035961132122707591198,4,13
large_integer,37304,4934504039717305057306,4,4989844271938433712158,4,11
large_integer,37305,4943727411754159833114,4,5026737760085852815390,4,13
large_integer,37306,4943727411754159833116,4,4999067643975288487968,4,11
large_integer,37307,4952950783791014608924,4,5035961132122707591200,4,13
large_integer,37308,4943727411754159833118,4,4999067643975288487970,4,11
large_integer,37309,4952950783791014608926,4,5035961132122707591202,4,13
large_integer,37310,4952950783791014608928,4,5008291016012143263780,4,11
large_integer,37311,4962174155827869384736,4,5045184504159562367012,4,13
large_integer,37312,3698572186778765099030,3,3726242302889329426457,3,9
large_integer,37313,4925280667680450281494,4,4952950783791014608921,4,9
large_integer,37314,4925280667680450281496,4,4952950783791014608923,4,9
large_integer,37315,4934504039717305057304,4,4962174155827869384731,4,9
large_integer,37316,4925280667680450281498,4,4952950783791014608925,4,9
large_integer,37317,4934504039717305057306,4,4962174155827869384733,4,9
large_integer,37318,4934504039717305057308,4,4962174155827869384735,4,9
large_integer,37319,4943727411754159833116,4,4971397527864724160543,4,9
large_integer,37320,4925280667680450281500,4,4952950783791014608927,4,9
large_integer,37321,4934504039717305057308,4,4962174155827869384735,4,9
large_integer,37322,4934504039717305057310,4,4962174155827869384737,4,9
large_integer,37323,4943727411754159833118,4,4971397527864724160545,4,9
large_integer,37324,4934504039717305057312,4,4962174155827869384739,4,9
large_integer,37325,4943727411754159833120,4,4971397527864724160547,4,9
large_integer,37326,4943727411754159833122,4,4971397527864724160549,4,9
large_integer,37327,4952950783791014608930,4,4980620899901578936357,4,9
large_integer,37328,3707795558815619874838,3,3763135791036748529690,3,11
large_integer,37329,3800029279184167632922,3,3800029279184167632922,3,13
large_integer,37330,4934504039717305057304,4,4989844271938433712156,4,11
large_integer,37331,4943727411754159833112,4,5026737760085852815388,4,13
large_integer,37332,4934504039717305057306,4,4989844271938433712158,4,11
large_integer,37333,4943727411754159833114,4,5026737760085852815390,4,13
large_integer,37334,4943727411754159833116,4,4999067643975288487968,4,11
large_integer,37335,4952950783791014608924,4,5035961132122707591200,4,13
large_integer,37336,4934504039717305057308,4,4989844271938433712160,4,11
large_integer,37337,4943727411754159833116,4,5026737760085852815392,4,13
large_integer,37338,4943727411754159833118,4,4999067643975288487970,4,11
large_integer,37339,4952950783791014608926,4,5035961132122707591202,4,13
large_integer,37340,4943727411754159833120,4,4999067643975288487972,4,11
large_integer,37341,4952950783791014608928,4,5035961132122707591204,4,13
large_integer,37342,4952950783791014608930,4,5008291016012143263782,4,11
large_integer,37343,4962174155827869384738,4,5045184504159562367014,4,13
large_integer,37344,3707795558815619874840,3,3735465674926184202267,3,9
large_integer,37345,4934504039717305057304,4,4962174155827869384731,4,9
large_integer,37346,4934504039717305057306,4,4962174155827869384733,4,9
large_integer,37347,4943727411754159833114,4,4971397527864724160541,4,9
large_integer,37348,4934504039717305057308,4,4962174155827869384735,4,9
large_integer,37349,4943727411754159833116,4,4971397527864724160543,4,9
large_integer,37350,4943727411754159833118,4,4971397527864724160545,4,9
large_integer,37351,4952950783791014608926,4,4980620899901578936353,4,9
large_integer,37352,4934504039717305057310,4,4962174155827869384737,4,9
large_integer,37353,4943727411754159833118,4,4971397527864724160545,4,9
large_integer,37354,4943727411754159833120,4,4971397527864724160547,4,9
large_integer,37355,4952950783791014608928,4,4980620899901578936355,4,9
large_integer,37356,4943727411754159833122,4,4971397527864724160549,4,9
large_integer,37357,4952950783791014608930,4,4980620899901578936357,4,9
large_integer,37358,4952950783791014608932,4,4980620899901578936359,4,9
large_integer,37359,4962174155827869384740,4,4989844271938433712167,4,9
large_integer,37360,3717018930852474650648,3,3772359163073603305500,3,11
large_integer,37361,3809252651221022408732,3,3809252651221022408732,3,13
large_integer,37362,4943727411754159833114,4,4999067643975288487966,4,11
large_integer,37363,4952950783791014608922,4,5035961132122707591198,4,13
large_integer,37364,4943727411754159833116,4,4999067643975288487968,4,11
large_integer,37365,4952950783791014608924,4,5035961132122707591200,4,13
large_integer,37366,4952950783791014608926,4,5008291016012143263778,4,11
large_integer,37367,4962174155827869384734,4,5045184504159562367010,4,13
large_integer,37368,4943727411754159833118,4,4999067643975288487970,4,11
large_integer,37369,4952950783791014608926,4,5035961132122707591202,4,13
large_integer,37370,4952950783791014608928,4,5008291016012143263780,4,11
large_integer,37371,4962174155827869384736,4,5045184504159562367012,4,13
large_integer,37372,4952950783791014608930,4,5008291016012143263782,4,11
large_integer,37373,4962174155827869384738,4,5045184504159562367014,4,13
large_integer,37374,4962174155827869384740,4,5017514388048998039592,4,11
large_integer,37375,4971397527864724160548,4,5054407876196417142824,4,13
large_integer,37376,2462640333840225140749,2,2462640333840225140749,2,7
large_integer,37377,3689348814741910323213,3,3689348814741910323213,3,7
large_integer,37378,3689348814741910323215,3,3689348814741910323215,3,7
large_integer,37379,3698572186778765099023,3,3698572186778765099023,3,7
large_integer,37380,3689348814741910323217,3,3689348814741910323217,3,7
large_integer,37381,3698572186778765099025,3,3698572186778765099025,3,7
large_integer,37382,3698572186778765099027,3,3698572186778765099027,3,7
large_integer,37383,3707795558815619874835,3,3707795558815619874835,3,7
large_integer,37384,3689348814741910323219,3,3689348814741910323219,3,7
large_integer,37385,3698572186778765099027,3,3698572186778765099027,3,7
large_integer,37386,3698572186778765099029,3,3698572186778765099029,3,7
large_integer,37387,3707795558815619874837,3,3707795558815619874837,3,7
large_integer,37388,3698572186778765099031,3,3698572186778765099031,3,7
large_integer,37389,3707795558815619874839,3,3707795558815619874839,3,7
large_integer,37390,3707795558815619874841,3,3707795558815619874841,3,7
large_integer,37391,3717018930852474650649,3,3717018930852474650649,3,7
large_integer,37392,3689348814741910323214,3,3689348814741910323214,3,7
large_integer,37393,4916057295643595505678,4,4916057295643595505678,4,7
large_integer,37394,4916057295643595505680,4,4916057295643595505680,4,7
large_integer,37395,4925280667680450281488,4,4925280667680450281488,4,7
large_integer,37396,4916057295643595505682,4,4916057295643595505682,4,7
large_integer,37397,4925280667680450281490,4,4925280667680450281490,4,7
large_integer,37398,4925280667680450281492,4,4925280667680450281492,4,7
large_integer,37399,4934504039717305057300,4,4934504039717305057300,4,7
large_integer,37400,4916057295643595505684,4,4916057295643595505684,4,7
large_integer,37401,4925280667680450281492,4,4925280667680450281492,4,7
large_integer,37402,4925280667680450281494,4,4925280667680450281494,4,7
large_integer,37403,4934504039717305057302,4,4934504039717305057302,4,7
large_integer,37404,4925280667680450281496,4,4925280667680450281496,4,7
large_integer,37405,4934504039717305057304,4,4934504039717305057304,4,7
large_integer,37406,4934504039717305057306,4,4934504039717305057306,4,7
large_integer,37407,4943727411754159833114,4,4943727411754159833114,4,7
large_integer,37408,3689348814741910323216,3,3689348814741910323216,3,7
large_integer,37409,4916057295643595505680,4,4916057295643595505680,4,7
large_integer,37410,4916057295643595505682,4,4916057295643595505682,4,7
large_integer,37411,4925280667680450281490,4,4925280667680450281490,4,7
large_integer,37412,4916057295643595505684,4,4916057295643595505684,4,7
large_integer,37413,4925280667680450281492,4,4925280667680450281492,4,7
large_integer,37414,4925280667680450281494,4,4925280667680450281494,4,7
large_integer,37415,4934504039717305057302,4,4934504039717305057302,4,7
large_integer,37416,4916057295643595505686,4,4916057295643595505686,4,7
large_integer,37417,4925280667680450281494,4,4925280667680450281494,4,7
large_integer,37418,4925280667680450281496,4,4925280667680450281496,4,7
large_integer,37419,4934504039717305057304,4,4934504039717305057304,4,7
large_integer,37420,4925280667680450281498,4,4925280667680450281498,4,7
large_integer,37421,4934504039717305057306,4,4934504039717305057306,4,7
large_integer,37422,4934504039717305057308,4,4934504039717305057308,4,7
large_integer,37423,4943727411754159833116,4,4943727411754159833116,4,7
large_integer,37424,3698572186778765099024,3,3698572186778765099024,3,7
large_integer,37425,4925280667680450281488,4,4925280667680450281488,4,7
large_integer,37426,4925280667680450281490,4,4925280667680450281490,4,7
large_integer,37427,4934504039717305057298,4,4934504039717305057298,4,7
large_integer,37428,4925280667680450281492,4,4925280667680450281492,4,7
large_integer,37429,4934504039717305057300,4,4934504039717305057300,4,7
large_integer,37430,4934504039717305057302,4,4934504039717305057302,4,7
large_integer,37431,4943727411754159833110,4,4943727411754159833110,4,7
large_integer,37432,4925280667680450281494,4,4925280667680450281494,4,7
large_integer,37433,4934504039717305057302,4,4934504039717305057302,4,7
large_integer,37434,4934504039717305057304,4,4934504039717305057304,4,7
large_integer,37435,4943727411754159833112,4,4943727411754159833112,4,7
large_integer,37436,4934504039717305057306,4,4934504039717305057306,4,7
large_integer,37437,4943727411754159833114,4,4943727411754159833114,4,7
large_integer,37438,4943727411754159833116,4,4943727411754159833116,4,7
large_integer,37439,4952950783791014608924,4,4952950783791014608924,4,7
large_integer,37440,3689348814741910323218,3,3689348814741910323218,3,7
large_integer,37441,4916057295643595505682,4,4916057295643595505682,4,7
large_integer,37442,4916057295643595505684,4,4916057295643595505684,4,7
large_integer,37443,4925280667680450281492,4,4925280667680450281492,4,7
large_integer,37444,4916057295643595505686,4,4916057295643595505686,4,7
large_integer,37445,4925280667680450281494,4,4925280667680450281494,4,7
large_integer,37446,4925280667680450281496,4,4925280667680450281496,4,7
large_integer,37447,4934504039717305057304,4,4934504039717305057304,4,7
large_integer,37448,4916057295643595505688,4,4916057295643595505688,4,7
large_integer,37449,4925280667680450281496,4,4925280667680450281496,4,7
large_integer,37450,4925280667680450281498,4,4925280667680450281498,4,7
large_integer,37451,4934504039717305057306,4,4934504039717305057306,4,7
large_integer,37452,4925280667680450281500,4,4925280667680450281500,4,7
large_integer,37453,4934504039717305057308,4,4934504039717305057308,4,7
large_integer,37454,4934504039717305057310,4,4934504039717305057310,4,7
large_integer,37455,4943727411754159833118,4,4943727411754159833118,4,7
large_integer,37456,3698572186778765099026,3,3698572186778765099026,3,7
large_integer,37457,4925280667680450281490,4,4925280667680450281490,4,7
large_integer,37458,4925280667680450281492,4,4925280667680450281492,4,7
large_integer,37459,4934504039717305057300,4,4934504039717305057300,4,7
large_integer,37460,4925280667680450281494,4,4925280667680450281494,4,7
large_integer,37461,4934504039717305057302,4,4934504039717305057302,4,7
large_integer,37462,4934504039717305057304,4,4934504039717305057304,4,7
large_integer,37463,4943727411754159833112,4,4943727411754159833112,4,7
large_integer,37464,4925280667680450281496,4,4925280667680450281496,4,7
large_integer,37465,4934504039717305057304,4,4934504039717305057304,4,7
large_integer,37466,4934504039717305057306,4,4934504039717305057306,4,7
large_integer,37467,4943727411754159833114,4,4943727411754159833114,4,7
large_integer,37468,4934504039717305057308,4,4934504039717305057308,4,7
large_integer,37469,4943727411754159833116,4,4943727411754159833116,4,7
large_integer,37470,4943727411754159833118,4,4943727411754159833118,4,7
large_integer,37471,4952950783791014608926,4,4952950783791014608926,4,7
large_integer,37472,3698572186778765099028,3,3698572186778765099028,3,7
large_integer,37473,4925280667680450281492,4,4925280667680450281492,4,7
large_integer,37474,4925280667680450281494,4,4925280667680450281494,4,7
large_integer,37475,4934504039717305057302,4,4934504039717305057302,4,7
large_integer,37476,4925280667680450281496,4,4925280667680450281496,4,7
large_integer,37477,4934504039717305057304,4,4934504039717305057304,4,7
large_integer,37478,4934504039717305057306,4,4934504039717305057306,4,7
large_integer,37479,4943727411754159833114,4,4943727411754159833114,4,7
large_integer,37480,4925280667680450281498,4,4925280667680450281498,4,7
large_integer,37481,4934504039717305057306,4,4934504039717305057306,4,7
large_integer,37482,4934504039717305057308,4,4934504039717305057308,4,7
large_integer,37483,4943727411754159833116,4,4943727411754159833116,4,7
large_integer,37484,4934504039717305057310,4,4934504039717305057310,4,7
large_integer,37485,4943727411754159833118,4,4943727411754159833118,4,7
large_integer,37486,4943727411754159833120,4,4943727411754159833120,4,7
large_integer,37487,4952950783791014608928,4,4952950783791014608928,4,7
large_integer,37488,3707795558815619874836,3,3707795558815619874836,3,7
large_integer,37489,4934504039717305057300,4,4934504039717305057300,4,7
large_integer,37490,4934504039717305057302,4,4934504039717305057302,4,7
large_integer,37491,4943727411754159833110,4,4943727411754159833110,4,7
large_integer,37492,4934504039717305057304,4,4934504039717305057304,4,7
large_integer,37493,4943727411754159833112,4,4943727411754159833112,4,7
large_integer,37494,4943727411754159833114,4,4943727411754159833114,4,7
large_integer,37495,4952950783791014608922,4,4952950783791014608922,4,7
large_integer,37496,4934504039717305057306,4,4934504039717305057306,4,7
large_integer,37497,4943727411754159833114,4,4943727411754159833114,4,7
large_integer,37498,4943727411754159833116,4,4943727411754159833116,4,7
large_integer,37499,4952950783791014608924,4,4952950783791014608924,4,7
large_integer,37500,4943727411754159833118,4,4943727411754159833118,4,7
large_integer,37501,4952950783791014608926,4,4952950783791014608926,4,7
large_integer,37502,4952950783791014608928,4,4952950783791014608928,4,7
large_integer,37503,4962174155827869384736,4,4962174155827869384736,4,7
large_integer,37504,3689348814741910323220,3,3689348814741910323220,3,7
large_integer,37505,4916057295643595505684,4,4916057295643595505684,4,7
large_integer,37506,4916057295643595505686,4,4916057295643595505686,4,7
large_integer,37507,4925280667680450281494,4,4925280667680450281494,4,7
large_integer,37508,4916057295643595505688,4,4916057295643595505688,4,7
large_integer,37509,4925280667680450281496,4,4925280667680450281496,4,7
large_integer,37510,4925280667680450281498,4,4925280667680450281498,4,7
large_integer,37511,4934504039717305057306,4,4934504039717305057306,4,7
large_integer,37512,4916057295643595505690,4,4916057295643595505690,4,7
large_integer,37513,4925280667680450281498,4,4925280667680450281498,4,7
large_integer,37514,4925280667680450281500,4,4925280667680450281500,4,7
large_integer,37515,4934504039717305057308,4,4934504039717305057308,4,7
large_integer,37516,4925280667680450281502,4,4925280667680450281502,4,7
large_integer,37517,4934504039717305057310,4,4934504039717305057310,4,7
large_integer,37518,4934504039717305057312,4,4934504039717305057312,4,7
large_integer,37519,4943727411754159833120,4,4943727411754159833120,4,7
large_integer,37520,3698572186778765099028,3,3698572186778765099028,3,7
large_integer,37521,4925280667680450281492,4,4925280667680450281492,4,7
large_integer,37522,4925280667680450281494,4,4925280667680450281494,4,7
large_integer,37523,4934504039717305057302,4,4934504039717305057302,4,7
large_integer,37524,4925280667680450281496,4,4925280667680450281496,4,7
large_integer,37525,4934504039717305057304,4,4934504039717305057304,4,7
large_integer,37526,4934504039717305057306,4,4934504039717305057306,4,7
large_integer,37527,4943727411754159833114,4,4943727411754159833114,4,7
large_integer,37528,4925280667680450281498,4,4925280667680450281498,4,7
large_integer,37529,4934504039717305057306,4,4934504039717305057306,4,7
large_integer,37530,4934504039717305057308,4,4934504039717305057308,4,7
large_integer,37531,4943727411754159833116,4,4943727411754159833116,4,7
large_integer,37532,4934504039717305057310,4,4934504039717305057310,4,7
large_integer,37533,4943727411754159833118,4,4943727411754159833118,4,7
large_integer,37534,4943727411754159833120,4,4943727411754159833120,4,7
large_integer,37535,4952950783791014608928,4,4952950783791014608928,4,7
large_integer,37536,3698572186778765099030,3,3698572186778765099030,3,7
large_integer,37537,4925280667680450281494,4,4925280667680450281494,4,7
large_integer,37538,4925280667680450281496,4,4925280667680450281496,4,7
large_integer,37539,4934504039717305057304,4,4934504039717305057304,4,7
large_integer,37540,4925280667680450281498,4,4925280667680450281498,4,7
large_integer,37541,4934504039717305057306,4,4934504039717305057306,4,7
large_integer,37542,4934504039717305057308,4,4934504039717305057308,4,7
large_integer,37543,4943727411754159833116,4,4943727411754159833116,4,7
large_integer,37544,4925280667680450281500,4,4925280667680450281500,4,7
large_integer,37545,4934504039717305057308,4,4934504039717305057308,4,7
large_integer,37546,4934504039717305057310,4,4934504039717305057310,4,7
large_integer,37547,4943727411754159833118,4,4943727411754159833118,4,7
large_integer,37548,4934504039717305057312,4,4934504039717305057312,4,7
large_integer,37549,4943727411754159833120,4,4943727411754159833120,4,7
large_integer,37550,4943727411754159833122,4,4943727411754159833122,4,7
large_integer,37551,4952950783791014608930,4,4952950783791014608930,4,7
large_integer,37552,3707795558815619874838,3,3707795558815619874838,3,7
large_integer,37553,4934504039717305057302,4,4934504039717305057302,4,7
large_integer,37554,4934504039717305057304,4,4934504039717305057304,4,7
large_integer,37555,4943727411754159833112,4,4943727411754159833112,4,7
large_integer,37556,4934504039717305057306,4,4934504039717305057306,4,7
large_integer,37557,4943727411754159833114,4,4943727411754159833114,4,7
large_integer,37558,4943727411754159833116,4,4943727411754159833116,4,7
large_integer,37559,4952950783791014608924,4,4952950783791014608924,4,7
large_integer,37560,4934504039717305057308,4,4934504039717305057308,4,7
large_integer,37561,4943727411754159833116,4,4943727411754159833116,4,7
large_integer,37562,4943727411754159833118,4,4943727411754159833118,4,7
large_integer,37563,4952950783791014608926,4,4952950783791014608926,4,7
large_integer,37564,4943727411754159833120,4,4943727411754159833120,4,7
large_integer,37565,4952950783791014608928,4,4952950783791014608928,4,7
large_integer,37566,4952950783791014608930,4,4952950783791014608930,4,7
large_integer,37567,4962174155827869384738,4,4962174155827869384738,4,7
large_integer,37568,3698572186778765099032,3,3698572186778765099032,3,7
large_integer,37569,4925280667680450281496,4,4925280667680450281496,4,7
large_integer,37570,4925280667680450281498,4,4925280667680450281498,4,7
large_integer,37571,4934504039717305057306,4,4934504039717305057306,4,7
large_integer,37572,4925280667680450281500,4,4925280667680450281500,4,7
large_integer,37573,4934504039717305057308,4,4934504039717305057308,4,7
large_integer,37574,4934504039717305057310,4,4934504039717305057310,4,7
large_integer,37575,4943727411754159833118,4,4943727411754159833118,4,7
large_integer,37576,4925280667680450281502,4,4925280667680450281502,4,7
large_integer,37577,4934504039717305057310,4,4934504039717305057310,4,7
large_integer,37578,4934504039717305057312,4,4934504039717305057312,4,7
large_integer,37579,4943727411754159833120,4,4943727411754159833120,4,7
large_integer,37580,4934504039717305057314,4,4934504039717305057314,4,7
large_integer,37581,4943727411754159833122,4,4943727411754159833122,4,7
large_integer,37582,4943727411754159833124,4,4943727411754159833124,4,7
large_integer,37583,4952950783791014608932,4,4952950783791014608932,4,7
large_integer,37584,3707795558815619874840,3,3707795558815619874840,3,7
large_integer,37585,4934504039717305057304,4,4934504039717305057304,4,7
large_integer,37586,4934504039717305057306,4,4934504039717305057306,4,7
large_integer,37587,4943727411754159833114,4,4943727411754159833114,4,7
large_integer,37588,4934504039717305057308,4,4934504039717305057308,4,7
large_integer,37589,4943727411754159833116,4,4943727411754159833116,4,7
large_integer,37590,4943727411754159833118,4,4943727411754159833118,4,7
large_integer,37591,4952950783791014608926,4,4952950783791014608926,4,7
large_integer,37592,4934504039717305057310,4,4934504039717305057310,4,7
large_integer,37593,4943727411754159833118,4,4943727411754159833118,4,7
large_integer,37594,4943727411754159833120,4,4943727411754159833120,4,7
large_integer,37595,4952950783791014608928,4,4952950783791014608928,4,7
large_integer,37596,4943727411754159833122,4,4943727411754159833122,4,7
large_integer,37597,4952950783791014608930,4,4952950783791014608930,4,7
large_integer,37598,4952950783791014608932,4,4952950783791014608932,4,7
large_integer,37599,4962174155827869384740,4,4962174155827869384740,4,7
large_integer,37600,3707795558815619874842,3,3707795558815619874842,3,7
large_integer,37601,4934504039717305057306,4,4934504039717305057306,4,7
large_integer,37602,4934504039717305057308,4,4934504039717305057308,4,7
large_integer,37603,4943727411754159833116,4,4943727411754159833116,4,7
large_integer,37604,4934504039717305057310,4,4934504039717305057310,4,7
large_integer,37605,4943727411754159833118,4,4943727411754159833118,4,7
large_integer,37606,4943727411754159833120,4,4943727411754159833120,4,7
large_integer,37607,4952950783791014608928,4,4952950783791014608928,4,7
large_integer,37608,4934504039717305057312,4,4934504039717305057312,4,7
large_integer,37609,4943727411754159833120,4,4943727411754159833120,4,7
large_integer,37610,4943727411754159833122,4,4943727411754159833122,4,7
large_integer,37611,4952950783791014608930,4,4952950783791014608930,4,7
large_integer,37612,4943727411754159833124,4,4943727411754159833124,4,7
large_integer,37613,4952950783791014608932,4,4952950783791014608932,4,7
large_integer,37614,4952950783791014608934,4,4952950783791014608934,4,7
large_integer,37615,4962174155827869384742,4,4962174155827869384742,4,7
large_integer,37616,3717018930852474650650,3,3717018930852474650650,3,7
large_integer,37617,4943727411754159833114,4,4943727411754159833114,4,7
large_integer,37618,4943727411754159833116,4,4943727411754159833116,4,7
large_integer,37619,4952950783791014608924,4,4952950783791014608924,4,7
large_integer,37620,4943727411754159833118,4,4943727411754159833118,4,7
large_integer,37621,4952950783791014608926,4,4952950783791014608926,4,7
large_integer,37622,4952950783791014608928,4,4952950783791014608928,4,7
large_integer,37623,4962174155827869384736,4,4962174155827869384736,4,7
large_integer,37624,4943727411754159833120,4,4943727411754159833120,4,7
large_integer,37625,4952950783791014608928,4,4952950783791014608928,4,7
large_integer,37626,4952950783791014608930,4,4952950783791014608930,4,7
large_integer,37627,4962174155827869384738,4,4962174155827869384738,4,7
large_integer,37628,4952950783791014608932,4,4952950783791014608932,4,7
large_integer,37629,4962174155827869384740,4,4962174155827869384740,4,7
large_integer,37630,4962174155827869384742,4,4962174155827869384742,4,7
large_integer,37631,4971397527864724160550,4,4971397527864724160550,4,7
large_integer,37632,2471863705877079916557,2,3717018930852474650642,3,9
large_integer,37633,3698572186778765099021,3,4943727411754159833106,4,9
large_integer,37634,3698572186778765099023,3,4943727411754159833108,4,9
large_integer,37635,3707795558815619874831,3,4952950783791014608916,4,9
large_integer,37636,3698572186778765099025,3,4943727411754159833110,4,9
large_integer,37637,3707795558815619874833,3,4952950783791014608918,4,9
large_integer,37638,3707795558815619874835,3,4952950783791014608920,4,9
large_integer,37639,3717018930852474650643,3,4962174155827869384728,4,9
large_integer,37640,3698572186778765099027,3,4943727411754159833112,4,9
large_integer,37641,3707795558815619874835,3,4952950783791014608920,4,9
large_integer,37642,3707795558815619874837,3,4952950783791014608922,4,9
large_integer,37643,3717018930852474650645,3,4962174155827869384730,4,9
large_integer,37644,3707795558815619874839,3,4952950783791014608924,4,9
large_integer,37645,3717018930852474650647,3,4962174155827869384732,4,9
large_integer,37646,3717018930852474650649,3,4962174155827869384734,4,9
large_integer,37647,3726242302889329426457,3,4971397527864724160542,4,9
large_integer,37648,3698572186778765099022,3,3753912418999893753875,3,11
large_integer,37649,3790805907147312857107,3,3790805907147312857107,3,13
large_integer,37650,4925280667680450281488,4,4980620899901578936341,4,11
large_integer,37651,4934504039717305057296,4,5017514388048998039573,4,13
large_integer,37652,4925280667680450281490,4,4980620899901578936343,4,11
large_integer,37653,4934504039717305057298,4,5017514388048998039575,4,13
large_integer,37654,4934504039717305057300,4,4989844271938433712153,4,11
large_integer,37655,4943727411754159833108,4,5026737760085852815385,4,13
large_integer,37656,4925280667680450281492,4,4980620899901578936345,4,11
large_integer,37657,4934504039717305057300,4,5017514388048998039577,4,13
large_integer,37658,4934504039717305057302,4,4989844271938433712155,4,11
large_integer,37659,4943727411754159833110,4,5026737760085852815387,4,13
large_integer,37660,4934504039717305057304,4,4989844271938433712157,4,11
large_integer,37661,4943727411754159833112,4,5026737760085852815389,4,13
large_integer,37662,4943727411754159833114,4,4999067643975288487967,4,11
large_integer,37663,4952950783791014608922,4,5035961132122707591199,4,13
large_integer,37664,3698572186778765099024,3,4943727411754159833109,4,9
large_integer,37665,4925280667680450281488,4,6170435892655845015573,5,9
large_integer,37666,4925280667680450281490,4,6170435892655845015575,5,9
large_integer,37667,4934504039717305057298,4,6179659264692699791383,5,9
large_integer,37668,4925280667680450281492,4,6170435892655845015577,5,9
large_integer,37669,4934504039717305057300,4,6179659264692699791385,5,9
large_integer,37670,4934504039717305057302,4,6179659264692699791387,5,9
large_integer,37671,4943727411754159833110,4,6188882636729554567195,5,9
large_integer,37672,4925280667680450281494,4,6170435892655845015579,5,9
large_integer,37673,4934504039717305057302,4,6179659264692699791387,5,9
large_integer,37674,4934504039717305057304,4,6179659264692699791389,5,9
large_integer,37675,4943727411754159833112,4,6188882636729554567197,5,9
large_integer,37676,4934504039717305057306,4,6179659264692699791391,5,9
large_integer,37677,4943727411754159833114,4,6188882636729554567199,5,9
large_integer,37678,4943727411754159833116,4,6188882636729554567201,5,9
large_integer,37679,4952950783791014608924,4,6198106008766409343009,5,9
large_integer,37680,3707795558815619874832,3,4980620899901578936342,4,11
large_integer,37681,4934504039717305057296,4,5017514388048998039574,4,13
large_integer,37682,4934504039717305057298,4,6207329380803264118808,5,11
large_integer,37683,4943727411754159833106,4,6244222868950683222040,5,13
large_integer,37684,4934504039717305057300,4,6207329380803264118810,5,11
large_integer,37685,4943727411754159833108,4,6244222868950683222042,5,13
large_integer,37686,4943727411754159833110,4,6216552752840118894620,5,11
large_integer,37687,4952950783791014608918,4,6253446240987537997852,5,13
large_integer,37688,4934504039717305057302,4,6207329380803264118812,5,11
large_integer,37689,4943727411754159833110,4,6244222868950683222044,5,13
large_integer,37690,4943727411754159833112,4,6216552752840118894622,5,11
large_integer,37691,4952950783791014608920,4,6253446240987537997854,5,13
large_integer,37692,4943727411754159833114,4,6216552752840118894624,5,11
large_integer,37693,4952950783791014608922,4,6253446240987537997856,5,13
large_integer,37694,4952950783791014608924,4,6225776124876973670434,5,11
large_integer,37695,4962174155827869384732,4,6262669613024392773666,5,13
large_integer,37696,3698572186778765099026,3,4943727411754159833111,4,9
large_integer,37697,4925280667680450281490,4,6170435892655845015575,5,9
large_integer,37698,4925280667680450281492,4,6170435892655845015577,5,9
large_integer,37699,4934504039717305057300,4,6179659264692699791385,5,9
large_integer,37700,4925280667680450281494,4,6170435892655845015579,5,9
large_integer,37701,4934504039717305057302,4,6179659264692699791387,5,9
large_integer,37702,4934504039717305057304,4,6179659264692699791389,5,9
large_integer,37703,4943727411754159833112,4,6188882636729554567197,5,9
large_integer,37704,4925280667680450281496,4,6170435892655845015581,5,9
large_integer,37705,4934504039717305057304,4,6179659264692699791389,5,9
large_integer,37706,4934504039717305057306,4,6179659264692699791391,5,9
large_integer,37707,4943727411754159833114,4,6188882636729554567199,5,9
large_integer,37708,4934504039717305057308,4,6179659264692699791393,5,9
large_integer,37709,4943727411754159833116,4,6188882636729554567201,5,9
large_integer,37710,4943727411754159833118,4,6188882636729554567203,5,9
large_integer,37711,4952950783791014608926,4,6198106008766409343011,5,9
large_integer,37712,3707795558815619874834,3,4980620899901578936344,4,11
large_integer,37713,4934504039717305057298,4,5017514388048998039576,4,13
large_integer,37714,4934504039717305057300,4,6207329380803264118810,5,11
large_integer,37715,4943727411754159833108,4,6244222868950683222042,5,13
large_integer,37716,4934504039717305057302,4,6207329380803264118812,5,11
large_integer,37717,4943727411754159833110,4,6244222868950683222044,5,13
large_integer,37718,4943727411754159833112,4,6216552752840118894622,5,11
large_integer,37719,4952950783791014608920,4,6253446240987537997854,5,13
large_integer,37720,4934504039717305057304,4,6207329380803264118814,5,11
large_integer,37721,4943727411754159833112,4,6244222868950683222046,5,13
large_integer,37722,4943727411754159833114,4,6216552752840118894624,5,11
large_integer,37723,4952950783791014608922,4,6253446240987537997856,5,13
large_integer,37724,4943727411754159833116,4,6216552752840118894626,5,11
large_integer,37725,4952950783791014608924,4,6253446240987537997858,5,13
large_integer,37726,4952950783791014608926,4,6225776124876973670436,5,11
large_integer,37727,4962174155827869384734,4,6262669613024392773668,5,13
large_integer,37728,3707795558815619874836,3,4952950783791014608921,4,9
large_integer,37729,4934504039717305057300,4,6179659264692699791385,5,9
large_integer,37730,4934504039717305057302,4,6179659264692699791387,5,9
large_integer,37731,4943727411754159833110,4,6188882636729554567195,5,9
large_integer,37732,4934504039717305057304,4,6179659264692699791389,5,9
large_integer,37733,4943727411754159833112,4,6188882636729554567197,5,9
large_integer,37734,4943727411754159833114,4,6188882636729554567199,5,9
large_integer,37735,4952950783791014608922,4,6198106008766409343007,5,9
large_integer,37736,4934504039717305057306,4,6179659264692699791391,5,9
large_integer,37737,4943727411754159833114,4,6188882636729554567199,5,9
large_integer,37738,4943727411754159833116,4,6188882636729554567201,5,9
large_integer,37739,4952950783791014608924,4,6198106008766409343009,5,9
large_integer,37740,4943727411754159833118,4,6188882636729554567203,5,9
large_integer,37741,4952950783791014608926,4,6198106008766409343011,5,9
large_integer,37742,4952950783791014608928,4,6198106008766409343013,5,9
large_integer,37743,4962174155827869384736,4,6207329380803264118821,5,9
large_integer,37744,3717018930852474650644,3,4989844271938433712154,4,11
large_integer,37745,4943727411754159833108,4,5026737760085852815386,4,13
large_integer,37746,4943727411754159833110,4,6216552752840118894620,5,11
large_integer,37747,4952950783791014608918,4,6253446240987537997852,5,13
large_integer,37748,4943727411754159833112,4,6216552752840118894622,5,11
large_integer,37749,4952950783791014608920,4,6253446240987537997854,5,13
large_integer,37750,4952950783791014608922,4,6225776124876973670432,5,11
large_integer,37751,4962174155827869384730,4,6262669613024392773664,5,13
large_integer,37752,4943727411754159833114,4,6216552752840118894624,5,11
large_integer,37753,4952950783791014608922,4,6253446240987537997856,5,13
large_integer,37754,4952950783791014608924,4,6225776124876973670434,5,11
large_integer,37755,4962174155827869384732,4,6262669613024392773666,5,13
large_integer,37756,4952950783791014608926,4,6225776124876973670436,5,11
large_integer,37757,4962174155827869384734,4,6262669613024392773668,5,13
large_integer,37758,4962174155827869384736,4,6234999496913828446246,5,11
large_integer,37759,4971397527864724160544,4,6271892985061247549478,5,13
large_integer,37760,3698572186778765099028,3,4943727411754159833113,4,9
large_integer,37761,4925280667680450281492,4,6170435892655845015577,5,9
large_integer,37762,4925280667680450281494,4,6170435892655845015579,5,9
large_integer,37763,4934504039717305057302,4,6179659264692699791387,5,9
large_integer,37764,4925280667680450281496,4,6170435892655845015581,5,9
large_integer,37765,4934504039717305057304,4,6179659264692699791389,5,9
large_integer,37766,4934504039717305057306,4,6179659264692699791391,5,9
large_integer,37767,4943727411754159833114,4,6188882636729554567199,5,9
large_integer,37768,4925280667680450281498,4,6170435892655845015583,5,9
large_integer,37769,4934504039717305057306,4,6179659264692699791391,5,9
large_integer,37770,4934504039717305057308,4,6179659264692699791393,5,9
large_integer,37771,4943727411754159833116,4,6188882636729554567201,5,9
large_integer,37772,4934504039717305057310,4,6179659264692699791395,5,9
large_integer,37773,4943727411754159833118,4,6188882636729554567203,5,9
large_integer,37774,4943727411754159833120,4,6188882636729554567205,5,9
large_integer,37775,4952950783791014608928,4,6198106008766409343013,5,9
large_integer,37776,3707795558815619874836,3,4980620899901578936346,4,11
large_integer,37777,4934504039717305057300,4,5017514388048998039578,4,13
large_integer,37778,4934504039717305057302,4,6207329380803264118812,5,11
large_integer,37779,4943727411754159833110,4,6244222868950683222044,5,13
large_integer,37780,4934504039717305057304,4,6207329380803264118814,5,11
large_integer,37781,4943727411754159833112,4,6244222868950683222046,5,13
large_integer,37782,4943727411754159833114,4,6216552752840118894624,5,11
large_integer,37783,4952950783791014608922,4,6253446240987537997856,5,13
large_integer,37784,4934504039717305057306,4,6207329380803264118816,5,11
large_integer,37785,4943727411754159833114,4,6244222868950683222048,5,13
large_integer,37786,4943727411754159833116,4,6216552752840118894626,5,11
large_integer,37787,4952950783791014608924,4,6253446240987537997858,5,13
large_integer,37788,4943727411754159833118,4,6216552752840118894628,5,11
large_integer,37789,4952950783791014608926,4,6253446240987537997860,5,13
large_integer,37790,4952950783791014608928,4,6225776124876973670438,5,11
large_integer,37791,4962174155827869384736,4,6262669613024392773670,5,13
large_integer,37792,3707795558815619874838,3,4952950783791014608923,4,9
large_integer,37793,4934504039717305057302,4,6179659264692699791387,5,9
large_integer,37794,4934504039717305057304,4,6179659264692699791389,5,9
large_integer,37795,4943727411754159833112,4,6188882636729554567197,5,9
large_integer,37796,4934504039717305057306,4,6179659264692699791391,5,9
large_integer,37797,4943727411754159833114,4,6188882636729554567199,5,9
large_integer,37798,4943727411754159833116,4,6188882636729554567201,5,9
large_integer,37799,4952950783791014608924,4,6198106008766409343009,5,9
large_integer,37800,4934504039717305057308,4,6179659264692699791393,5,9
large_integer,37801,4943727411754159833116,4,6188882636729554567201,5,9
large_integer,37802,4943727411754159833118,4,6188882636729554567203,5,9
large_integer,37803,4952950783791014608926,4,6198106008766409343011,5,9
large_integer,37804,4943727411754159833120,4,6188882636729554567205,5,9
large_integer,37805,4952950783791014608928,4,6198106008766409343013,5,9
large_integer,37806,4952950783791014608930,4,6198106008766409343015,5,9
large_integer,37807,4962174155827869384738,4,6207329380803264118823,5,9
large_integer,37808,3717018930852474650646,3,4989844271938433712156,4,11
large_integer,37809,4943727411754159833110,4,5026737760085852815388,4,13
large_integer,37810,4943727411754159833112,4,6216552752840118894622,5,11
large_integer,37811,4952950783791014608920,4,6253446240987537997854,5,13
large_integer,37812,4943727411754159833114,4,6216552752840118894624,5,11
large_integer,37813,4952950783791014608922,4,6253446240987537997856,5,13
large_integer,37814,4952950783791014608924,4,6225776124876973670434,5,11
large_integer,37815,4962174155827869384732,4,6262669613024392773666,5,13
large_integer,37816,4943727411754159833116,4,6216552752840118894626,5,11
large_integer,37817,4952950783791014608924,4,6253446240987537997858,5,13
large_integer,37818,4952950783791014608926,4,6225776124876973670436,5,11
large_integer,37819,4962174155827869384734,4,6262669613024392773668,5,13
large_integer,37820,4952950783791014608928,4,6225776124876973670438,5,11
large_integer,37821,4962174155827869384736,4,6262669613024392773670,5,13
large_integer,37822,4962174155827869384738,4,6234999496913828446248,5,11
large_integer,37823,4971397527864724160546,4,6271892985061247549480,5,13
large_integer,37824,3707795558815619874840,3,4952950783791014608925,4,9
large_integer,37825,4934504039717305057304,4,6179659264692699791389,5,9
large_integer,37826,4934504039717305057306,4,6179659264692699791391,5,9
large_integer,37827,4943727411754159833114,4,6188882636729554567199,5,9
large_integer,37828,4934504039717305057308,4,6179659264692699791393,5,9
large_integer,37829,4943727411754159833116,4,6188882636729554567201,5,9
large_integer,37830,4943727411754159833118,4,6188882636729554567203,5,9
large_integer,37831,4952950783791014608926,4,6198106008766409343011,5,9
large_integer,37832,4934504039717305057310,4,6179659264692699791395,5,9
large_integer,37833,4943727411754159833118,4,6188882636729554567203,5,9
large_integer,37834,4943727411754159833120,4,6188882636729554567205,5,9
large_integer,37835,4952950783791014608928,4,6198106008766409343013,5,9
large_integer,37836,4943727411754159833122,4,6188882636729554567207,5,9
large_integer,37837,4952950783791014608930,4,6198106008766409343015,5,9
large_integer,37838,4952950783791014608932,4,6198106008766409343017,5,9
large_integer,37839,4962174155827869384740,4,6207329380803264118825,5,9
large_integer,37840,3717018930852474650648,3,4989844271938433712158,4,11
large_integer,37841,4943727411754159833112,4,5026737760085852815390,4,13
large_integer,37842,4943727411754159833114,4,6216552752840118894624,5,11
large_integer,37843,4952950783791014608922,4,6253446240987537997856,5,13
large_integer,37844,4943727411754159833116,4,6216552752840118894626,5,11
large_integer,37845,4952950783791014608924,4,6253446240987537997858,5,13
large_integer,37846,4952950783791014608926,4,6225776124876973670436,5,11
large_integer,37847,4962174155827869384734,4,6262669613024392773668,5,13
large_integer,37848,4943727411754159833118,4,6216552752840118894628,5,11
large_integer,37849,4952950783791014608926,4,6253446240987537997860,5,13
large_integer,37850,4952950783791014608928,4,6225776124876973670438,5,11
large_integer,37851,4962174155827869384736,4,6262669613024392773670,5,13
large_integer,37852,4952950783791014608930,4,6225776124876973670440,5,11
large_integer,37853,4962174155827869384738,4,6262669613024392773672,5,13
large_integer,37854,4962174155827869384740,4,6234999496913828446250,5,11
large_integer,37855,4971397527864724160548,4,6271892985061247549482,5,13
large_integer,37856,3717018930852474650650,3,4962174155827869384735,4,9
large_integer,37857,4943727411754159833114,4,6188882636729554567199,5,9
large_integer,37858,4943727411754159833116,4,6188882636729554567201,5,9
large_integer,37859,4952950783791014608924,4,6198106008766409343009,5,9
large_integer,37860,4943727411754159833118,4,6188882636729554567203,5,9
large_integer,37861,4952950783791014608926,4,6198106008766409343011,5,9
large_integer,37862,4952950783791014608928,4,6198106008766409343013,5,9
large_integer,37863,4962174155827869384736,4,6207329380803264118821,5,9
large_integer,37864,4943727411754159833120,4,6188882636729554567205,5,9
large_integer,37865,4952950783791014608928,4,6198106008766409343013,5,9
large_integer,37866,4952950783791014608930,4,6198106008766409343015,5,9
large_integer,37867,4962174155827869384738,4,6207329380803264118823,5,9
large_integer,37868,4952950783791014608932,4,6198106008766409343017,5,9
large_integer,37869,4962174155827869384740,4,6207329380803264118825,5,9
large_integer,37870,4962174155827869384742,4,6207329380803264118827,5,9
large_integer,37871,4971397527864724160550,4,6216552752840118894635,5,9
large_integer,37872,3726242302889329426458,3,4999067643975288487968,4,11
large_integer,37873,4952950783791014608922,4,5035961132122707591200,4,13
large_integer,37874,4952950783791014608924,4,6225776124876973670434,5,11
large_integer,37875,4962174155827869384732,4,6262669613024392773666,5,13
large_integer,37876,4952950783791014608926,4,6225776124876973670436,5,11
large_integer,37877,4962174155827869384734,4,6262669613024392773668,5,13
large_integer,37878,4962174155827869384736,4,6234999496913828446246,5,11
large_integer,37879,4971397527864724160544,4,6271892985061247549478,5,13
large_integer,37880,4952950783791014608928,4,6225776124876973670438,5,11
large_integer,37881,4962174155827869384736,4,6262669613024392773670,5,13
large_integer,37882,4962174155827869384738,4,6234999496913828446248,5,11
large_integer,37883,4971397527864724160546,4,6271892985061247549480,5,13
large_integer,37884,4962174155827869384740,4,6234999496913828446250,5,11
large_integer,37885,4971397527864724160548,4,6271892985061247549482,5,13
large_integer,37886,4971397527864724160550,4,6244222868950683222060,5,11
large_integer,37887,4980620899901578936358,4,6281116357098102325292,5,13
large_integer,37888,2462640333840225140751,2,2462640333840225140751,2,7
large_integer,37889,3689348814741910323215,3,3689348814741910323215,3,7
large_integer,37890,3689348814741910323217,3,3689348814741910323217,3,7
large_integer,37891,3698572186778765099025,3,3698572186778765099025,3,7
large_integer,37892,3689348814741910323219,3,3689348814741910323219,3,7
large_integer,37893,3698572186778765099027,3,3698572186778765099027,3,7
large_integer,37894,3698572186778765099029,3,3698572186778765099029,3,7
large_integer,37895,3707795558815619874837,3,3707795558815619874837,3,7
large_integer,37896,3689348814741910323221,3,3689348814741910323221,3,7
large_integer,37897,3698572186778765099029,3,3698572186778765099029,3,7
large_integer,37898,3698572186778765099031,3,3698572186778765099031,3,7
large_integer,37899,3707795558815619874839,3,3707795558815619874839,3,7
large_integer,37900,3698572186778765099033,3,3698572186778765099033,3,7
large_integer,37901,3707795558815619874841,3,3707795558815619874841,3,7
large_integer,37902,3707795558815619874843,3,3707795558815619874843,3,7
large_integer,37903,3717018930852474650651,3,3717018930852474650651,3,7
large_integer,37904,3689348814741910323216,3,3689348814741910323216,3,7
large_integer,37905,4916057295643595505680,4,4916057295643595505680,4,7
large_integer,37906,4916057295643595505682,4,4916057295643595505682,4,7
large_integer,37907,4925280667680450281490,4,4925280667680450281490,4,7
large_integer,37908,4916057295643595505684,4,4916057295643595505684,4,7
large_integer,37909,4925280667680450281492,4,4925280667680450281492,4,7
large_integer,37910,4925280667680450281494,4,4925280667680450281494,4,7
large_integer,37911,4934504039717305057302,4,4934504039717305057302,4,7
large_integer,37912,4916057295643595505686,4,4916057295643595505686,4,7
large_integer,37913,4925280667680450281494,4,4925280667680450281494,4,7
large_integer,37914,4925280667680450281496,4,4925280667680450281496,4,7
large_integer,37915,4934504039717305057304,4,4934504039717305057304,4,7
large_integer,37916,4925280667680450281498,4,4925280667680450281498,4,7
large_integer,37917,4934504039717305057306,4,4934504039717305057306,4,7
large_integer,37918,4934504039717305057308,4,4934504039717305057308,4,7
large_integer,37919,4943727411754159833116,4,4943727411754159833116,4,7
large_integer,37920,3689348814741910323218,3,3689348814741910323218,3,7
large_integer,37921,4916057295643595505682,4,4916057295643595505682,4,7
large_integer,37922,4916057295643595505684,4,4916057295643595505684,4,7
large_integer,37923,4925280667680450281492,4,4925280667680450281492,4,7
large_integer,37924,4916057295643595505686,4,4916057295643595505686,4,7
large_integer,37925,4925280667680450281494,4,4925280667680450281494,4,7
large_integer,37926,4925280667680450281496,4,4925280667680450281496,4,7
large_integer,37927,4934504039717305057304,4,4934504039717305057304,4,7
large_integer,37928,4916057295643595505688,4,4916057295643595505688,4,7
large_integer,37929,4925280667680450281496,4,4925280667680450281496,4,7
large_integer,37930,4925280667680450281498,4,4925280667680450281498,4,7
large_integer,37931,4934504039717305057306,4,4934504039717305057306,4,7
large_integer,37932,4925280667680450281500,4,4925280667680450281500,4,7
large_integer,37933,4934504039717305057308,4,4934504039717305057308,4,7
large_integer,37934,4934504039717305057310,4,4934504039717305057310,4,7
large_integer,37935,4943727411754159833118,4,4943727411754159833118,4,7
large_integer,37936,3698572186778765099026,3,3698572186778765099026,3,7
large_integer,37937,4925280667680450281490,4,4925280667680450281490,4,7
large_integer,37938,4925280667680450281492,4,4925280667680450281492,4,7
large_integer,37939,4934504039717305057300,4,4934504039717305057300,4,7
large_integer,37940,4925280667680450281494,4,4925280667680450281494,4,7
large_integer,37941,4934504039717305057302,4,4934504039717305057302,4,7
large_integer,37942,4934504039717305057304,4,4934504039717305057304,4,7
large_integer,37943,4943727411754159833112,4,4943727411754159833112,4,7
large_integer,37944,4925280667680450281496,4,4925280667680450281496,4,7
large_integer,37945,4934504039717305057304,4,4934504039717305057304,4,7
large_integer,37946,4934504039717305057306,4,4934504039717305057306,4,7
large_integer,37947,4943727411754159833114,4,4943727411754159833114,4,7
large_integer,37948,4934504039717305057308,4,4934504039717305057308,4,7
large_integer,37949,4943727411754159833116,4,4943727411754159833116,4,7
large_integer,37950,4943727411754159833118,4,4943727411754159833118,4,7
large_integer,37951,4952950783791014608926,4,4952950783791014608926,4,7
large_integer,37952,3689348814741910323220,3,3689348814741910323220,3,7
large_integer,37953,4916057295643595505684,4,4916057295643595505684,4,7
large_integer,37954,4916057295643595505686,4,4916057295643595505686,4,7
large_integer,37955,4925280667680450281494,4,4925280667680450281494,4,7
large_integer,37956,4916057295643595505688,4,4916057295643595505688,4,7
large_integer,37957,4925280667680450281496,4,4925280667680450281496,4,7
large_integer,37958,4925280667680450281498,4,4925280667680450281498,4,7
large_integer,37959,4934504039717305057306,4,4934504039717305057306,4,7
large_integer,37960,4916057295643595505690,4,4916057295643595505690,4,7
large_integer,37961,4925280667680450281498,4,4925280667680450281498,4,7
large_integer,37962,4925280667680450281500,4,4925280667680450281500,4,7
large_integer,37963,4934504039717305057308,4,4934504039717305057308,4,7
large_integer,37964,4925280667680450281502,4,4925280667680450281502,4,7
large_integer,37965,4934504039717305057310,4,4934504039717305057310,4,7
large_integer,37966,4934504039717305057312,4,4934504039717305057312,4,7
large_integer,37967,4943727411754159833120,4,4943727411754159833120,4,7
large_integer,37968,3698572186778765099028,3,3698572186778765099028,3,7
large_integer,37969,4925280667680450281492,4,4925280667680450281492,4,7
large_integer,37970,4925280667680450281494,4,4925280667680450281494,4,7
large_integer,37971,4934504039717305057302,4,4934504039717305057302,4,7
large_integer,37972,4925280667680450281496,4,4925280667680450281496,4,7
large_integer,37973,4934504039717305057304,4,4934504039717305057304,4,7
large_integer,37974,4934504039717305057306,4,4934504039717305057306,4,7
large_integer,37975,4943727411754159833114,4,4943727411754159833114,4,7
large_integer,37976,4925280667680450281498,4,4925280667680450281498,4,7
large_integer,37977,4934504039717305057306,4,4934504039717305057306,4,7
large_integer,37978,4934504039717305057308,4,4934504039717305057308,4,7
large_integer,37979,4943727411754159833116,4,4943727411754159833116,4,7
large_integer,37980,4934504039717305057310,4,4934504039717305057310,4,7
large_integer,37981,4943727411754159833118,4,4943727411754159833118,4,7
large_integer,37982,4943727411754159833120,4,4943727411754159833120,4,7
large_integer,37983,4952950783791014608928,4,4952950783791014608928,4,7
large_integer,37984,3698572186778765099030,3,3698572186778765099030,3,7
large_integer,37985,4925280667680450281494,4,4925280667680450281494,4,7
large_integer,37986,4925280667680450281496,4,4925280667680450281496,4,7
large_integer,37987,4934504039717305057304,4,4934504039717305057304,4,7
large_integer,37988,4925280667680450281498,4,4925280667680450281498,4,7
large_integer,37989,4934504039717305057306,4,4934504039717305057306,4,7
large_integer,37990,4934504039717305057308,4,4934504039717305057308,4,7
large_integer,37991,4943727411754159833116,4,4943727411754159833116,4,7
large_integer,37992,4925280667680450281500,4,4925280667680450281500,4,7
large_integer,37993,4934504039717305057308,4,4934504039717305057308,4,7
large_integer,37994,4934504039717305057310,4,4934504039717305057310,4,7
large_integer,37995,4943727411754159833118,4,4943727411754159833118,4,7
large_integer,37996,4934504039717305057312,4,4934504039717305057312,4,7
large_integer,37997,4943727411754159833120,4,4943727411754159833120,4,7
large_integer,37998,4943727411754159833122,4,4943727411754159833122,4,7
large_integer,37999,4952950783791014608930,4,4952950783791014608930,4,7
large_integer,38000,3707795558815619874838,3,3707795558815619874838,3,7
large_integer,38001,4934504039717305057302,4,4934504039717305057302,4,7
large_integer,38002,4934504039717305057304,4,4934504039717305057304,4,7
large_integer,38003,4943727411754159833112,4,4943727411754159833112,4,7
large_integer,38004,4934504039717305057306,4,4934504039717305057306,4,7
large_integer,38005,4943727411754159833114,4,4943727411754159833114,4,7
large_integer,38006,4943727411754159833116,4,4943727411754159833116,4,7
large_integer,38007,4952950783791014608924,4,4952950783791014608924,4,7
large_integer,38008,4934504039717305057308,4,4934504039717305057308,4,7
large_integer,38009,4943727411754159833116,4,4943727411754159833116,4,7
large_integer,38010,4943727411754159833118,4,4943727411754159833118,4,7
large_integer,38011,4952950783791014608926,4,4952950783791014608926,4,7
large_integer,38012,4943727411754159833120,4,4943727411754159833120,4,7
large_integer,38013,4952950783791014608928,4,4952950783791014608928,4,7
large_integer,38014,4952950783791014608930,4,4952950783791014608930,4,7
large_integer,38015,4962174155827869384738,4,4962174155827869384738,4,7
large_integer,38016,3689348814741910323222,3,3689348814741910323222,3,7
large_integer,38017,4916057295643595505686,4,4916057295643595505686,4,7
large_integer,38018,4916057295643595505688,4,4916057295643595505688,4,7
large_integer,38019,4925280667680450281496,4,4925280667680450281496,4,7
large_integer,38020,4916057295643595505690,4,4916057295643595505690,4,7
large_integer,38021,4925280667680450281498,4,4925280667680450281498,4,7
large_integer,38022,4925280667680450281500,4,4925280667680450281500,4,7
large_integer,38023,4934504039717305057308,4,4934504039717305057308,4,7
large_integer,38024,4916057295643595505692,4,4916057295643595505692,4,7
large_integer,38025,4925280667680450281500,4,4925280667680450281500,4,7
large_integer,38026,4925280667680450281502,4,4925280667680450281502,4,7
large_integer,38027,4934504039717305057310,4,4934504039717305057310,4,7
large_integer,38028,4925280667680450281504,4,4925280667680450281504,4,7
large_integer,38029,4934504039717305057312,4,4934504039717305057312,4,7
large_integer,38030,4934504039717305057314,4,4934504039717305057314,4,7
large_integer,38031,4943727411754159833122,4,4943727411754159833122,4,7
large_integer,38032,3698572186778765099030,3,3698572186778765099030,3,7
large_integer,38033,4925280667680450281494,4,4925280667680450281494,4,7
large_integer,38034,4925280667680450281496,4,4925280667680450281496,4,7
large_integer,38035,4934504039717305057304,4,4934504039717305057304,4,7
large_integer,38036,4925280667680450281498,4,4925280667680450281498,4,7
large_integer,38037,4934504039717305057306,4,4934504039717305057306,4,7
large_integer,38038,4934504039717305057308,4,4934504039717305057308,4,7
large_integer,38039,4943727411754159833116,4,4943727411754159833116,4,7
large_integer,38040,4925280667680450281500,4,4925280667680450281500,4,7
large_integer,38041,4934504039717305057308,4,4934504039717305057308,4,7
large_integer,38042,4934504039717305057310,4,4934504039717305057310,4,7
large_integer,38043,4943727411754159833118,4,4943727411754159833118,4,7
large_integer,38044,4934504039717305057312,4,4934504039717305057312,4,7
large_integer,38045,4943727411754159833120,4,4943727411754159833120,4,7
large_integer,38046,4943727411754159833122,4,4943727411754159833122,4,7
large_integer,38047,4952950783791014608930,4,4952950783791014608930,4,7
large_integer,38048,3698572186778765099032,3,3698572186778765099032,3,7
large_integer,38049,4925280667680450281496,4,4925280667680450281496,4,7
large_integer,38050,4925280667680450281498,4,4925280667680450281498,4,7
large_integer,38051,4934504039717305057306,4,4934504039717305057306,4,7
large_integer,38052,4925280667680450281500,4,4925280667680450281500,4,7
large_integer,38053,4934504039717305057308,4,4934504039717305057308,4,7
large_integer,38054,4934504039717305057310,4,4934504039717305057310,4,7
large_integer,38055,4943727411754159833118,4,4943727411754159833118,4,7
large_integer,38056,4925280667680450281502,4,4925280667680450281502,4,7
large_integer,38057,4934504039717305057310,4,4934504039717305057310,4,7
large_integer,38058,4934504039717305057312,4,4934504039717305057312,4,7
large_integer,38059,4943727411754159833120,4,4943727411754159833120,4,7
large_integer,38060,4934504039717305057314,4,4934504039717305057314,4,7
large_integer,38061,4943727411754159833122,4,4943727411754159833122,4,7
large_integer,38062,4943727411754159833124,4,4943727411754159833124,4,7
large_integer,38063,4952950783791014608932,4,4952950783791014608932,4,7
large_integer,38064,3707795558815619874840,3,3707795558815619874840,3,7
large_integer,38065,4934504039717305057304,4,4934504039717305057304,4,7
large_integer,38066,4934504039717305057306,4,4934504039717305057306,4,7
large_integer,38067,4943727411754159833114,4,4943727411754159833114,4,7
large_integer,38068,4934504039717305057308,4,4934504039717305057308,4,7
large_integer,38069,4943727411754159833116,4,4943727411754159833116,4,7
large_integer,38070,4943727411754159833118,4,4943727411754159833118,4,7
large_integer,38071,4952950783791014608926,4,4952950783791014608926,4,7
large_integer,38072,4934504039717305057310,4,4934504039717305057310,4,7
large_integer,38073,4943727411754159833118,4,4943727411754159833118,4,7
large_integer,38074,4943727411754159833120,4,4943727411754159833120,4,7
large_integer,38075,4952950783791014608928,4,4952950783791014608928,4,7
large_integer,38076,4943727411754159833122,4,4943727411754159833122,4,7
large_integer,38077,4952950783791014608930,4,4952950783791014608930,4,7
large_integer,38078,4952950783791014608932,4,4952950783791014608932,4,7
large_integer,38079,4962174155827869384740,4,4962174155827869384740,4,7
large_integer,38080,3698572186778765099034,3,3698572186778765099034,3,7
large_integer,38081,4925280667680450281498,4,4925280667680450281498,4,7
large_integer,38082,4925280667680450281500,4,4925280667680450281500,4,7
large_integer,38083,4934504039717305057308,4,4934504039717305057308,4,7
large_integer,38084,4925280667680450281502,4,4925280667680450281502,4,7
large_integer,38085,4934504039717305057310,4,4934504039717305057310,4,7
large_integer,38086,4934504039717305057312,4,4934504039717305057312,4,7
large_integer,38087,4943727411754159833120,4,4943727411754159833120,4,7
large_integer,38088,4925280667680450281504,4,4925280667680450281504,4,7
large_integer,38089,4934504039717305057312,4,4934504039717305057312,4,7
large_integer,38090,4934504039717305057314,4,4934504039717305057314,4,7
large_integer,38091,4943727411754159833122,4,4943727411754159833122,4,7
large_integer,38092,4934504039717305057316,4,4934504039717305057316,4,7
large_integer,38093,4943727411754159833124,4,4943727411754159833124,4,7
large_integer,38094,4943727411754159833126,4,4943727411754159833126,4,7
large_integer,38095,4952950783791014608934,4,4952950783791014608934,4,7
large_integer,38096,3707795558815619874842,3,3707795558815619874842,3,7
large_integer,38097,4934504039717305057306,4,4934504039717305057306,4,7
large_integer,38098,4934504039717305057308,4,4934504039717305057308,4,7
large_integer,38099,4943727411754159833116,4,4943727411754159833116,4,7
large_integer,38100,4934504039717305057310,4,4934504039717305057310,4,7
large_integer,38101,4943727411754159833118,4,4943727411754159833118,4,7
large_integer,38102,4943727411754159833120,4,4943727411754159833120,4,7
large_integer,38103,4952950783791014608928,4,4952950783791014608928,4,7
large_integer,38104,4934504039717305057312,4,4934504039717305057312,4,7
large_integer,38105,4943727411754159833120,4,4943727411754159833120,4,7
large_integer,38106,4943727411754159833122,4,4943727411754159833122,4,7
large_integer,38107,4952950783791014608930,4,4952950783791014608930,4,7
large_integer,38108,4943727411754159833124,4,4943727411754159833124,4,7
large_integer,38109,4952950783791014608932,4,4952950783791014608932,4,7
large_integer,38110,4952950783791014608934,4,4952950783791014608934,4,7
large_integer,38111,4962174155827869384742,4,4962174155827869384742,4,7
large_integer,38112,3707795558815619874844,3,3707795558815619874844,3,7
large_integer,38113,4934504039717305057308,4,4934504039717305057308,4,7
large_integer,38114,4934504039717305057310,4,4934504039717305057310,4,7
large_integer,38115,4943727411754159833118,4,4943727411754159833118,4,7
large_integer,38116,4934504039717305057312,4,4934504039717305057312,4,7
large_integer,38117,4943727411754159833120,4,4943727411754159833120,4,7
large_integer,38118,4943727411754159833122,4,4943727411754159833122,4,7
large_integer,38119,4952950783791014608930,4,4952950783791014608930,4,7
large_integer,38120,4934504039717305057314,4,4934504039717305057314,4,7
large_integer,38121,4943727411754159833122,4,4943727411754159833122,4,7
large_integer,38122,4943727411754159833124,4,4943727411754159833124,4,7
large_integer,38123,4952950783791014608932,4,4952950783791014608932,4,7
large_integer,38124,4943727411754159833126,4,4943727411754159833126,4,7
large_integer,38125,4952950783791014608934,4,4952950783791014608934,4,7
large_integer,38126,4952950783791014608936,4,4952950783791014608936,4,7
large_integer,38127,4962174155827869384744,4,4962174155827869384744,4,7
large_integer,38128,3717018930852474650652,3,3717018930852474650652,3,7
large_integer,38129,4943727411754159833116,4,4943727411754159833116,4,7
large_integer,38130,4943727411754159833118,4,4943727411754159833118,4,7
large_integer,38131,4952950783791014608926,4,4952950783791014608926,4,7
large_integer,38132,4943727411754159833120,4,4943727411754159833120,4,7
large_integer,38133,4952950783791014608928,4,4952950783791014608928,4,7
large_integer,38134,4952950783791014608930,4,4952950783791014608930,4,7
large_integer,38135,4962174155827869384738,4,4962174155827869384738,4,7
large_integer,38136,4943727411754159833122,4,4943727411754159833122,4,7
large_integer,38137,4952950783791014608930,4,4952950783791014608930,4,7
large_integer,38138,4952950783791014608932,4,4952950783791014608932,4,7
large_integer,38139,4962174155827869384740,4,4962174155827869384740,4,7
large_integer,38140,4952950783791014608934,4,4952950783791014608934,4,7
large_integer,38141,4962174155827869384742,4,4962174155827869384742,4,7
large_integer,38142,4962174155827869384744,4,4962174155827869384744,4,7
large_integer,38143,4971397527864724160552,4,4971397527864724160552,4,7
large_integer,38144,2471863705877079916559,2,3717018930852474650644,3,9
large_integer,38145,3698572186778765099023,3,4943727411754159833108,4,9
large_integer,38146,3698572186778765099025,3,4943727411754159833110,4,9
large_integer,38147,3707795558815619874833,3,4952950783791014608918,4,9
large_integer,38148,3698572186778765099027,3,4943727411754159833112,4,9
large_integer,38149,3707795558815619874835,3,4952950783791014608920,4,9
large_integer,38150,3707795558815619874837,3,4952950783791014608922,4,9
large_integer,38151,3717018930852474650645,3,4962174155827869384730,4,9
large_integer,38152,3698572186778765099029,3,4943727411754159833114,4,9
large_integer,38153,3707795558815619874837,3,4952950783791014608922,4,9
large_integer,38154,3707795558815619874839,3,4952950783791014608924,4,9
large_integer,38155,3717018930852474650647,3,4962174155827869384732,4,9
large_integer,38156,3707795558815619874841,3,4952950783791014608926,4,9
large_integer,38157,3717018930852474650649,3,4962174155827869384734,4,9
large_integer,38158,3717018930852474650651,3,4962174155827869384736,4,9
large_integer,38159,3726242302889329426459,3,4971397527864724160544,4,9
large_integer,38160,3698572186778765099024,3,3753912418999893753877,3,11
large_integer,38161,3790805907147312857109,3,3790805907147312857109,3,13
large_integer,38162,4925280667680450281490,4,4980620899901578936343,4,11
large_integer,38163,4934504039717305057298,4,5017514388048998039575,4,13
large_integer,38164,4925280667680450281492,4,4980620899901578936345,4,11
large_integer,38165,4934504039717305057300,4,5017514388048998039577,4,13
large_integer,38166,4934504039717305057302,4,4989844271938433712155,4,11
large_integer,38167,4943727411754159833110,4,5026737760085852815387,4,13
large_integer,38168,4925280667680450281494,4,4980620899901578936347,4,11
large_integer,38169,4934504039717305057302,4,5017514388048998039579,4,13
large_integer,38170,4934504039717305057304,4,4989844271938433712157,4,11
large_integer,38171,4943727411754159833112,4,5026737760085852815389,4,13
large_integer,38172,4934504039717305057306,4,4989844271938433712159,4,11
large_integer,38173,4943727411754159833114,4,5026737760085852815391,4,13
large_integer,38174,4943727411754159833116,4,4999067643975288487969,4,11
large_integer,38175,4952950783791014608924,4,5035961132122707591201,4,13
large_integer,38176,3698572186778765099026,3,4943727411754159833111,4,9
large_integer,38177,4925280667680450281490,4,6170435892655845015575,5,9
large_integer,38178,4925280667680450281492,4,6170435892655845015577,5,9
large_integer,38179,4934504039717305057300,4,6179659264692699791385,5,9
large_integer,38180,4925280667680450281494,4,6170435892655845015579,5,9
large_integer,38181,4934504039717305057302,4,6179659264692699791387,5,9
large_integer,38182,4934504039717305057304,4,6179659264692699791389,5,9
large_integer,38183,4943727411754159833112,4,6188882636729554567197,5,9
large_integer,38184,4925280667680450281496,4,6170435892655845015581,5,9
large_integer,38185,4934504039717305057304,4,6179659264692699791389,5,9
large_integer,38186,4934504039717305057306,4,6179659264692699791391,5,9
large_integer,38187,4943727411754159833114,4,6188882636729554567199,5,9
large_integer,38188,4934504039717305057308,4,6179659264692699791393,5,9
large_integer,38189,4943727411754159833116,4,6188882636729554567201,5,9
large_integer,38190,4943727411754159833118,4,6188882636729554567203,5,9
large_integer,38191,4952950783791014608926,4,6198106008766409343011,5,9
large_integer,38192,3707795558815619874834,3,4980620899901578936344,4,11
large_integer,38193,4934504039717305057298,4,5017514388048998039576,4,13
large_integer,38194,4934504039717305057300,4,6207329380803264118810,5,11
large_integer,38195,4943727411754159833108,4,6244222868950683222042,5,13
large_integer,38196,4934504039717305057302,4,6207329380803264118812,5,11
large_integer,38197,4943727411754159833110,4,6244222868950683222044,5,13
large_integer,38198,4943727411754159833112,4,6216552752840118894622,5,11
large_integer,38199,4952950783791014608920,4,6253446240987537997854,5,13
large_integer,38200,4934504039717305057304,4,6207329380803264118814,5,11
large_integer,38201,4943727411754159833112,4,6244222868950683222046,5,13
large_integer,38202,4943727411754159833114,4,6216552752840118894624,5,11
large_integer,38203,4952950783791014608922,4,6253446240987537997856,5,13
large_integer,38204,4943727411754159833116,4,6216552752840118894626,5,11
large_integer,38205,4952950783791014608924,4,6253446240987537997858,5,13
large_integer,38206,4952950783791014608926,4,6225776124876973670436,5,11
large_integer,38207,4962174155827869384734,4,6262669613024392773668,5,13
large_integer,38208,3698572186778765099028,3,4943727411754159833113,4,9
large_integer,38209,4925280667680450281492,4,6170435892655845015577,5,9
large_integer,38210,4925280667680450281494,4,6170435892655845015579,5,9
large_integer,38211,4934504039717305057302,4,6179659264692699791387,5,9
large_integer,38212,4925280667680450281496,4,6170435892655845015581,5,9
large_integer,38213,4934504039717305057304,4,6179659264692699791389,5,9
large_integer,38214,4934504039717305057306,4,6179659264692699791391,5,9
large_integer,38215,4943727411754159833114,4,6188882636729554567199,5,9
large_integer,38216,4925280667680450281498,4,6170435892655845015583,5,9
large_integer,38217,4934504039717305057306,4,6179659264692699791391,5,9
large_integer,38218,4934504039717305057308,4,6179659264692699791393,5,9
large_integer,38219,4943727411754159833116,4,6188882636729554567201,5,9
large_integer,38220,4934504039717305057310,4,6179659264692699791395,5,9
large_integer,38221,4943727411754159833118,4,6188882636729554567203,5,9
large_integer,38222,4943727411754159833120,4,6188882636729554567205,5,9
large_integer,38223,4952950783791014608928,4,6198106008766409343013,5,9
large_integer,38224,3707795558815619874836,3,4980620899901578936346,4,11
large_integer,38225,4934504039717305057300,4,5017514388048998039578,4,13
large_integer,38226,4934504039717305057302,4,6207329380803264118812,5,11
large_integer,38227,4943727411754159833110,4,6244222868950683222044,5,13
large_integer,38228,4934504039717305057304,4,6207329380803264118814,5,11
large_integer,38229,4943727411754159833112,4,6244222868950683222046,5,13
large_integer,38230,4943727411754159833114,4,6216552752840118894624,5,11
large_integer,38231,4952950783791014608922,4,6253446240987537997856,5,13
large_integer,38232,4934504039717305057306,4,6207329380803264118816,5,11
large_integer,38233,4943727411754159833114,4,6244222868950683222048,5,13
large_integer,38234,4943727411754159833116,4,6216552752840118894626,5,11
large_integer,38235,4952950783791014608924,4,6253446240987537997858,5,13
large_integer,38236,4943727411754159833118,4,6216552752840118894628,5,11
large_integer,38237,4952950783791014608926,4,6253446240987537997860,5,13
large_integer,38238,4952950783791014608928,4,6225776124876973670438,5,11
large_integer,38239,4962174155827869384736,4,6262669613024392773670,5,13
large_integer,38240,3707795558815619874838,3,4952950783791014608923,4,9
large_integer,38241,4934504039717305057302,4,6179659264692699791387,5,9
large_integer,38242,4934504039717305057304,4,6179659264692699791389,5,9
large_integer,38243,4943727411754159833112,4,6188882636729554567197,5,9
large_integer,38244,4934504039717305057306,4,6179659264692699791391,5,9
large_integer,38245,4943727411754159833114,4,6188882636729554567199,5,9
large_integer,38246,4943727411754159833116,4,6188882636729554567201,5,9
large_integer,38247,4952950783791014608924,4,6198106008766409343009,5,9
large_integer,38248,4934504039717305057308,4,6179659264692699791393,5,9
large_integer,38249,4943727411754159833116,4,6188882636729554567201,5,9
large_integer,38250,4943727411754159833118,4,6188882636729554567203,5,9
large_integer,38251,4952950783791014608926,4,6198106008766409343011,5,9
large_integer,38252,4943727411754159833120,4,6188882636729554567205,5,9
large_integer,38253,4952950783791014608928,4,6198106008766409343013,5,9
large_integer,38254,4952950783791014608930,4,6198106008766409343015,5,9
large_integer,38255,4962174155827869384738,4,6207329380803264118823,5,9
large_integer,38256,3717018930852474650646,3,4989844271938433712156,4,11
large_integer,38257,4943727411754159833110,4,5026737760085852815388,4,13
large_integer,38258,4943727411754159833112,4,6216552752840118894622,5,11
large_integer,38259,4952950783791014608920,4,6253446240987537997854,5,13
large_integer,38260,4943727411754159833114,4,6216552752840118894624,5,11
large_integer,38261,4952950783791014608922,4,6253446240987537997856,5,13
large_integer,38262,4952950783791014608924,4,6225776124876973670434,5,11
large_integer,38263,4962174155827869384732,4,6262669613024392773666,5,13
large_integer,38264,4943727411754159833116,4,6216552752840118894626,5,11
large_integer,38265,4952950783791014608924,4,6253446240987537997858,5,13
large_integer,38266,4952950783791014608926,4,6225776124876973670436,5,11
large_integer,38267,4962174155827869384734,4,6262669613024392773668,5,13
large_integer,38268,4952950783791014608928,4,6225776124876973670438,5,11
large_integer,38269,4962174155827869384736,4,6262669613024392773670,5,13
large_integer,38270,4962174155827869384738,4,6234999496913828446248,5,11
large_integer,38271,4971397527864724160546,4,6271892985061247549480,5,13
large_integer,38272,3698572186778765099030,3,4943727411754159833115,4,9
large_integer,38273,4925280667680450281494,4,6170435892655845015579,5,9
large_integer,38274,4925280667680450281496,4,6170435892655845015581,5,9
large_integer,38275,4934504039717305057304,4,6179659264692699791389,5,9
large_integer,38276,4925280667680450281498,4,6170435892655845015583,5,9
large_integer,38277,4934504039717305057306,4,6179659264692699791391,5,9
large_integer,38278,4934504039717305057308,4,6179659264692699791393,5,9
large_integer,38279,4943727411754159833116,4,6188882636729554567201,5,9
large_integer,38280,4925280667680450281500,4,6170435892655845015585,5,9
large_integer,38281,4934504039717305057308,4,6179659264692699791393,5,9
large_integer,38282,4934504039717305057310,4,6179659264692699791395,5,9
large_integer,38283,4943727411754159833118,4,6188882636729554567203,5,9
large_integer,38284,4934504039717305057312,4,6179659264692699791397,5,9
large_integer,38285,4943727411754159833120,4,6188882636729554567205,5,9
large_integer,38286,4943727411754159833122,4,6188882636729554567207,5,9
large_integer,38287,4952950783791014608930,4,6198106008766409343015,5,9
large_integer,38288,3707795558815619874838,3,4980620899901578936348,4,11
large_integer,38289,4934504039717305057302,4,5017514388048998039580,4,13
large_integer,38290,4934504039717305057304,4,6207329380803264118814,5,11
large_integer,38291,4943727411754159833112,4,6244222868950683222046,5,13
large_integer,38292,4934504039717305057306,4,6207329380803264118816,5,11
large_integer,38293,4943727411754159833114,4,6244222868950683222048,5,13
large_integer,38294,4943727411754159833116,4,6216552752840118894626,5,11
large_integer,38295,4952950783791014608924,4,6253446240987537997858,5,13
large_integer,38296,4934504039717305057308,4,6207329380803264118818,5,11
large_integer,38297,4943727411754159833116,4,6244222868950683222050,5,13
large_integer,38298,4943727411754159833118,4,6216552752840118894628,5,11
large_integer,38299,4952950783791014608926,4,6253446240987537997860,5,13
large_integer,38300,4943727411754159833120,4,6216552752840118894630,5,11
large_integer,38301,4952950783791014608928,4,6253446240987537997862,5,13
large_integer,38302,4952950783791014608930,4,6225776124876973670440,5,11
large_integer,38303,4962174155827869384738,4,6262669613024392773672,5,13
large_integer,38304,3707795558815619874840,3,4952950783791014608925,4,9
large_integer,38305,4934504039717305057304,4,6179659264692699791389,5,9
large_integer,38306,4934504039717305057306,4,6179659264692699791391,5,9
large_integer,38307,4943727411754159833114,4,6188882636729554567199,5,9
large_integer,38308,4934504039717305057308,4,6179659264692699791393,5,9
large_integer,38309,4943727411754159833116,4,6188882636729554567201,5,9
large_integer,38310,4943727411754159833118,4,6188882636729554567203,5,9
large_integer,38311,4952950783791014608926,4,6198106008766409343011,5,9
large_integer,38312,4934504039717305057310,4,6179659264692699791395,5,9
large_integer,38313,4943727411754159833118,4,6188882636729554567203,5,9
large_integer,38314,4943727411754159833120,4,6188882636729554567205,5,9
large_integer,38315,4952950783791014608928,4,6198106008766409343013,5,9
large_integer,38316,4943727411754159833122,4,6188882636729554567207,5,9
large_integer,38317,4952950783791014608930,4,6198106008766409343015,5,9
large_integer,38318,4952950783791014608932,4,6198106008766409343017,5,9
large_integer,38319,4962174155827869384740,4,6207329380803264118825,5,9
large_integer,38320,3717018930852474650648,3,4989844271938433712158,4,11
large_integer,38321,4943727411754159833112,4,5026737760085852815390,4,13
large_integer,38322,4943727411754159833114,4,6216552752840118894624,5,11
large_integer,38323,4952950783791014608922,4,6253446240987537997856,5,13
large_integer,38324,4943727411754159833116,4,6216552752840118894626,5,11
large_integer,38325,4952950783791014608924,4,6253446240987537997858,5,13
large_integer,38326,4952950783791014608926,4,6225776124876973670436,5,11
large_integer,38327,4962174155827869384734,4,6262669613024392773668,5,13
large_integer,38328,4943727411754159833118,4,6216552752840118894628,5,11
large_integer,38329,4952950783791014608926,4,6253446240987537997860,5,13
large_integer,38330,4952950783791014608928,4,6225776124876973670438,5,11
large_integer,38331,4962174155827869384736,4,6262669613024392773670,5,13
large_integer,38332,4952950783791014608930,4,6225776124876973670440,5,11
large_integer,38333,4962174155827869384738,4,6262669613024392773672,5,13
large_integer,38334,4962174155827869384740,4,6234999496913828446250,5,11
large_integer,38335,4971397527864724160548,4,6271892985061247549482,5,13
large_integer,38336,3707795558815619874842,3,4952950783791014608927,4,9
large_integer,38337,4934504039717305057306,4,6179659264692699791391,5,9
large_integer,38338,4934504039717305057308,4,6179659264692699791393,5,9
large_integer,38339,4943727411754159833116,4,6188882636729554567201,5,9
large_integer,38340,4934504039717305057310,4,6179659264692699791395,5,9
large_integer,38341,4943727411754159833118,4,6188882636729554567203,5,9
large_integer,38342,4943727411754159833120,4,6188882636729554567205,5,9
large_integer,38343,4952950783791014608928,4,6198106008766409343013,5,9
large_integer,38344,4934504039717305057312,4,6179659264692699791397,5,9
large_integer,38345,4943727411754159833120,4,6188882636729554567205,5,9
large_integer,38346,4943727411754159833122,4,6188882636729554567207,5,9
large_integer,38347,4952950783791014608930,4,6198106008766409343015,5,9
large_integer,38348,4943727411754159833124,4,6188882636729554567209,5,9
large_integer,38349,4952950783791014608932,4,6198106008766409343017,5,9
large_integer,38350,4952950783791014608934,4,6198106008766409343019,5,9
large_integer,38351,4962174155827869384742,4,6207329380803264118827,5,9
large_integer,38352,3717018930852474650650,3,4989844271938433712160,4,11
large_integer,38353,4943727411754159833114,4,5026737760085852815392,4,13
large_integer,38354,4943727411754159833116,4,6216552752840118894626,5,11
large_integer,38355,4952950783791014608924,4,6253446240987537997858,5,13
large_integer,38356,4943727411754159833118,4,6216552752840118894628,5,11
large_integer,38357,4952950783791014608926,4,6253446240987537997860,5,13
large_integer,38358,4952950783791014608928,4,6225776124876973670438,5,11
large_integer,38359,4962174155827869384736,4,6262669613024392773670,5,13
large_integer,38360,4943727411754159833120,4,6216552752840118894630,5,11
large_integer,38361,4952950783791014608928,4,6253446240987537997862,5,13
large_integer,38362,4952950783791014608930,4,6225776124876973670440,5,11
large_integer,38363,4962174155827869384738,4,6262669613024392773672,5,13
large_integer,38364,4952950783791014608932,4,6225776124876973670442,5,11
large_integer,38365,4962174155827869384740,4,6262669613024392773674,5,13
large_integer,38366,4962174155827869384742,4,6234999496913828446252,5,11
large_integer,38367,4971397527864724160550,4,6271892985061247549484,5,13
large_integer,38368,3717018930852474650652,3,4962174155827869384737,4,9
large_integer,38369,4943727411754159833116,4,6188882636729554567201,5,9
large_integer,38370,4943727411754159833118,4,6188882636729554567203,5,9
large_integer,38371,4952950783791014608926,4,6198106008766409343011,5,9
large_integer,38372,4943727411754159833120,4,6188882636729554567205,5,9
large_integer,38373,4952950783791014608928,4,6198106008766409343013,5,9
large_integer,38374,4952950783791014608930,4,6198106008766409343015,5,9
large_integer,38375,4962174155827869384738,4,6207329380803264118823,5,9
large_integer,38376,4943727411754159833122,4,6188882636729554567207,5,9
large_integer,38377,4952950783791014608930,4,6198106008766409343015,5,9
large_integer,38378,4952950783791014608932,4,6198106008766409343017,5,9
large_integer,38379,4962174155827869384740,4,6207329380803264118825,5,9
large_integer,38380,4952950783791014608934,4,6198106008766409343019,5,9
large_integer,38381,4962174155827869384742,4,6207329380803264118827,5,9
large_integer,38382,4962174155827869384744,4,6207329380803264118829,5,9
large_integer,38383,4971397527864724160552,4,6216552752840118894637,5,9
large_integer,38384,3726242302889329426460,3,4999067643975288487970,4,11
large_integer,38385,4952950783791014608924,4,5035961132122707591202,4,13
large_integer,38386,4952950783791014608926,4,6225776124876973670436,5,11
large_integer,38387,4962174155827869384734,4,6262669613024392773668,5,13
large_integer,38388,4952950783791014608928,4,6225776124876973670438,5,11
large_integer,38389,4962174155827869384736,4,6262669613024392773670,5,13
large_integer,38390,4962174155827869384738,4,6234999496913828446248,5,11
large_integer,38391,4971397527864724160546,4,6271892985061247549480,5,13
large_integer,38392,4952950783791014608930,4,6225776124876973670440,5,11
large_integer,38393,4962174155827869384738,4,6262669613024392773672,5,13
large_integer,38394,4962174155827869384740,4,6234999496913828446250,5,11
large_integer,38395,4971397527864724160548,4,6271892985061247549482,5,13
large_integer,38396,4962174155827869384742,4,6234999496913828446252,5,11
large_integer,38397,4971397527864724160550,4,6271892985061247549484,5,13
large_integer,38398,4971397527864724160552,4,6244222868950683222062,5,11
large_integer,38399,4980620899901578936360,4,6281116357098102325294,5,13
large_integer,38400,2471863705877079916561,2,2471863705877079916561,2,7
large_integer,38401,3698572186778765099025,3,3698572186778765099025,3,7
large_integer,38402,3698572186778765099027,3,3698572186778765099027,3,7
large_integer,38403,3707795558815619874835,3,3707795558815619874835,3,7
large_integer,38404,3698572186778765099029,3,3698572186778765099029,3,7
large_integer,38405,3707795558815619874837,3,3707795558815619874837,3,7
large_integer,38406,3707795558815619874839,3,3707795558815619874839,3,7
large_integer,38407,3717018930852474650647,3,3717018930852474650647,3,7
large_integer,38408,3698572186778765099031,3,3698572186778765099031,3,7
large_integer,38409,3707795558815619874839,3,3707795558815619874839,3,7
large_integer,38410,3707795558815619874841,3,3707795558815619874841,3,7
large_integer,38411,3717018930852474650649,3,3717018930852474650649,3,7
large_integer,38412,3707795558815619874843,3,3707795558815619874843,3,7
large_integer,38413,3717018930852474650651,3,3717018930852474650651,3,7
large_integer,38414,3717018930852474650653,3,3717018930852474650653,3,7
large_integer,38415,3726242302889329426461,3,3726242302889329426461,3,7
large_integer,38416,3698572186778765099026,3,3698572186778765099026,3,7
large_integer,38417,4925280667680450281490,4,4925280667680450281490,4,7
large_integer,38418,4925280667680450281492,4,4925280667680450281492,4,7
large_integer,38419,4934504039717305057300,4,4934504039717305057300,4,7
large_integer,38420,4925280667680450281494,4,4925280667680450281494,4,7
large_integer,38421,4934504039717305057302,4,4934504039717305057302,4,7
large_integer,38422,4934504039717305057304,4,4934504039717305057304,4,7
large_integer,38423,4943727411754159833112,4,4943727411754159833112,4,7
large_integer,38424,4925280667680450281496,4,4925280667680450281496,4,7
large_integer,38425,4934504039717305057304,4,4934504039717305057304,4,7
large_integer,38426,4934504039717305057306,4,4934504039717305057306,4,7
large_integer,38427,4943727411754159833114,4,4943727411754159833114,4,7
large_integer,38428,4934504039717305057308,4,4934504039717305057308,4,7
large_integer,38429,4943727411754159833116,4,4943727411754159833116,4,7
large_integer,38430,4943727411754159833118,4,4943727411754159833118,4,7
large_integer,38431,4952950783791014608926,4,4952950783791014608926,4,7
large_integer,38432,3698572186778765099028,3,3698572186778765099028,3,7
large_integer,38433,4925280667680450281492,4,4925280667680450281492,4,7
large_integer,38434,4925280667680450281494,4,4925280667680450281494,4,7
large_integer,38435,4934504039717305057302,4,4934504039717305057302,4,7
large_integer,38436,4925280667680450281496,4,4925280667680450281496,4,7
large_integer,38437,4934504039717305057304,4,4934504039717305057304,4,7
large_integer,38438,4934504039717305057306,4,4934504039717305057306,4,7
large_integer,38439,4943727411754159833114,4,4943727411754159833114,4,7
large_integer,38440,4925280667680450281498,4,4925280667680450281498,4,7
large_integer,38441,4934504039717305057306,4,4934504039717305057306,4,7
large_integer,38442,4934504039717305057308,4,4934504039717305057308,4,7
large_integer,38443,4943727411754159833116,4,4943727411754159833116,4,7
large_integer,38444,4934504039717305057310,4,4934504039717305057310,4,7
large_integer,38445,4943727411754159833118,4,4943727411754159833118,4,7
large_integer,38446,4943727411754159833120,4,4943727411754159833120,4,7
large_integer,38447,4952950783791014608928,4,4952950783791014608928,4,7
large_integer,38448,3707795558815619874836,3,3707795558815619874836,3,7
large_integer,38449,4934504039717305057300,4,4934504039717305057300,4,7
large_integer,38450,4934504039717305057302,4,4934504039717305057302,4,7
large_integer,38451,4943727411754159833110,4,4943727411754159833110,4,7
large_integer,38452,4934504039717305057304,4,4934504039717305057304,4,7
large_integer,38453,4943727411754159833112,4,4943727411754159833112,4,7
large_integer,38454,4943727411754159833114,4,4943727411754159833114,4,7
large_integer,38455,4952950783791014608922,4,4952950783791014608922,4,7
large_integer,38456,4934504039717305057306,4,4934504039717305057306,4,7
large_integer,38457,4943727411754159833114,4,4943727411754159833114,4,7
large_integer,38458,4943727411754159833116,4,4943727411754159833116,4,7
large_integer,38459,4952950783791014608924,4,4952950783791014608924,4,7
large_integer,38460,4943727411754159833118,4,4943727411754159833118,4,7
large_integer,38461,4952950783791014608926,4,4952950783791014608926,4,7
large_integer,38462,4952950783791014608928,4,4952950783791014608928,4,7
large_integer,38463,4962174155827869384736,4,4962174155827869384736,4,7
large_integer,38464,3698572186778765099030,3,3698572186778765099030,3,7
large_integer,38465,4925280667680450281494,4,4925280667680450281494,4,7
large_integer,38466,4925280667680450281496,4,4925280667680450281496,4,7
large_integer,38467,4934504039717305057304,4,4934504039717305057304,4,7
large_integer,38468,4925280667680450281498,4,4925280667680450281498,4,7
large_integer,38469,4934504039717305057306,4,4934504039717305057306,4,7
large_integer,38470,4934504039717305057308,4,4934504039717305057308,4,7
large_integer,38471,4943727411754159833116,4,4943727411754159833116,4,7
large_integer,38472,4925280667680450281500,4,4925280667680450281500,4,7
large_integer,38473,4934504039717305057308,4,4934504039717305057308,4,7
large_integer,38474,4934504039717305057310,4,4934504039717305057310,4,7
large_integer,38475,4943727411754159833118,4,4943727411754159833118,4,7
large_integer,38476,4934504039717305057312,4,4934504039717305057312,4,7
large_integer,38477,4943727411754159833120,4,4943727411754159833120,4,7
large_integer,38478,4943727411754159833122,4,4943727411754159833122,4,7
large_integer,38479,4952950783791014608930,4,4952950783791014608930,4,7
large_integer,38480,3707795558815619874838,3,3707795558815619874838,3,7
large_integer,38481,4934504039717305057302,4,4934504039717305057302,4,7
large_integer,38482,4934504039717305057304,4,4934504039717305057304,4,7
large_integer,38483,4943727411754159833112,4,4943727411754159833112,4,7
large_integer,38484,4934504039717305057306,4,4934504039717305057306,4,7
large_integer,38485,4943727411754159833114,4,4943727411754159833114,4,7
large_integer,38486,4943727411754159833116,4,4943727411754159833116,4,7
large_integer,38487,4952950783791014608924,4,4952950783791014608924,4,7
large_integer,38488,4934504039717305057308,4,4934504039717305057308,4,7
large_integer,38489,4943727411754159833116,4,4943727411754159833116,4,7
large_integer,38490,4943727411754159833118,4,4943727411754159833118,4,7
large_integer,38491,4952950783791014608926,4,4952950783791014608926,4,7
large_integer,38492,4943727411754159833120,4,4943727411754159833120,4,7
large_integer,38493,4952950783791014608928,4,4952950783791014608928,4,7
large_integer,38494,4952950783791014608930,4,4952950783791014608930,4,7
large_integer,38495,4962174155827869384738,4,4962174155827869384738,4,7
large_integer,38496,3707795558815619874840,3,3707795558815619874840,3,7
large_integer,38497,4934504039717305057304,4,4934504039717305057304,4,7
large_integer,38498,4934504039717305057306,4,4934504039717305057306,4,7
large_integer,38499,4943727411754159833114,4,4943727411754159833114,4,7
large_integer,38500,4934504039717305057308,4,4934504039717305057308,4,7
large_integer,38501,4943727411754159833116,4,4943727411754159833116,4,7
large_integer,38502,4943727411754159833118,4,4943727411754159833118,4,7
large_integer,38503,4952950783791014608926,4,4952950783791014608926,4,7
large_integer,38504,4934504039717305057310,4,4934504039717305057310,4,7
large_integer,38505,4943727411754159833118,4,4943727411754159833118,4,7
large_integer,38506,4943727411754159833120,4,4943727411754159833120,4,7
large_integer,38507,4952950783791014608928,4,4952950783791014608928,4,7
large_integer,38508,4943727411754159833122,4,4943727411754159833122,4,7
large_integer,38509,4952950783791014608930,4,4952950783791014608930,4,7
large_integer,38510,4952950783791014608932,4,4952950783791014608932,4,7
large_integer,38511,4962174155827869384740,4,4962174155827869384740,4,7
large_integer,38512,3717018930852474650648,3,3717018930852474650648,3,7
large_integer,38513,4943727411754159833112,4,4943727411754159833112,4,7
large_integer,38514,4943727411754159833114,4,4943727411754159833114,4,7
large_integer,38515,4952950783791014608922,4,4952950783791014608922,4,7
large_integer,38516,4943727411754159833116,4,4943727411754159833116,4,7
large_integer,38517,4952950783791014608924,4,4952950783791014608924,4,7
large_integer,38518,4952950783791014608926,4,4952950783791014608926,4,7
large_integer,38519,4962174155827869384734,4,4962174155827869384734,4,7
large_integer,38520,4943727411754159833118,4,4943727411754159833118,4,7
large_integer,38521,4952950783791014608926,4,4952950783791014608926,4,7
large_integer,38522,4952950783791014608928,4,4952950783791014608928,4,7
large_integer,38523,4962174155827869384736,4,4962174155827869384736,4,7
large_integer,38524,4952950783791014608930,4,4952950783791014608930,4,7
large_integer,38525,4962174155827869384738,4,4962174155827869384738,4,7
large_integer,38526,4962174155827869384740,4,4962174155827869384740,4,7
large_integer,38527,4971397527864724160548,4,4971397527864724160548,4,7
large_integer,38528,3698572186778765099032,3,3698572186778765099032,3,7
large_integer,38529,4925280667680450281496,4,4925280667680450281496,4,7
large_integer,38530,4925280667680450281498,4,4925280667680450281498,4,7
large_integer,38531,4934504039717305057306,4,4934504039717305057306,4,7
large_integer,38532,4925280667680450281500,4,4925280667680450281500,4,7
large_integer,38533,4934504039717305057308,4,4934504039717305057308,4,7
large_integer,38534,4934504039717305057310,4,4934504039717305057310,4,7
large_integer,38535,4943727411754159833118,4,4943727411754159833118,4,7
large_integer,38536,4925280667680450281502,4,4925280667680450281502,4,7
large_integer,38537,4934504039717305057310,4,4934504039717305057310,4,7
large_integer,38538,4934504039717305057312,4,4934504039717305057312,4,7
large_integer,38539,4943727411754159833120,4,4943727411754159833120,4,7
large_integer,38540,4934504039717305057314,4,4934504039717305057314,4,7
large_integer,38541,4943727411754159833122,4,4943727411754159833122,4,7
large_integer,38542,4943727411754159833124,4,4943727411754159833124,4,7
large_integer,38543,4952950783791014608932,4,4952950783791014608932,4,7
large_integer,38544,3707795558815619874840,3,3707795558815619874840,3,7
large_integer,38545,4934504039717305057304,4,4934504039717305057304,4,7
large_integer,38546,4934504039717305057306,4,4934504039717305057306,4,7
large_integer,38547,4943727411754159833114,4,4943727411754159833114,4,7
large_integer,38548,4934504039717305057308,4,4934504039717305057308,4,7
large_integer,38549,4943727411754159833116,4,4943727411754159833116,4,7
large_integer,38550,4943727411754159833118,4,4943727411754159833118,4,7
large_integer,38551,4952950783791014608926,4,4952950783791014608926,4,7
large_integer,38552,4934504039717305057310,4,4934504039717305057310,4,7
large_integer,38553,4943727411754159833118,4,4943727411754159833118,4,7
large_integer,38554,4943727411754159833120,4,4943727411754159833120,4,7
large_integer,38555,4952950783791014608928,4,4952950783791014608928,4,7
large_integer,38556,4943727411754159833122,4,4943727411754159833122,4,7
large_integer,38557,4952950783791014608930,4,4952950783791014608930,4,7
large_integer,38558,4952950783791014608932,4,4952950783791014608932,4,7
large_integer,38559,4962174155827869384740,4,4962174155827869384740,4,7
large_integer,38560,3707795558815619874842,3,3707795558815619874842,3,7
large_integer,38561,4934504039717305057306,4,4934504039717305057306,4,7
large_integer,38562,4934504039717305057308,4,4934504039717305057308,4,7
large_integer,38563,4943727411754159833116,4,4943727411754159833116,4,7
large_integer,38564,4934504039717305057310,4,4934504039717305057310,4,7
large_integer,38565,4943727411754159833118,4,4943727411754159833118,4,7
large_integer,38566,4943727411754159833120,4,4943727411754159833120,4,7
large_integer,38567,4952950783791014608928,4,4952950783791014608928,4,7
large_integer,38568,4934504039717305057312,4,4934504039717305057312,4,7
large_integer,38569,4943727411754159833120,4,4943727411754159833120,4,7
large_integer,38570,4943727411754159833122,4,4943727411754159833122,4,7
large_integer,38571,4952950783791014608930,4,4952950783791014608930,4,7
large_integer,38572,4943727411754159833124,4,4943727411754159833124,4,7
large_integer,38573,4952950783791014608932,4,4952950783791014608932,4,7
large_integer,38574,4952950783791014608934,4,4952950783791014608934,4,7
large_integer,38575,4962174155827869384742,4,4962174155827869384742,4,7
large_integer,38576,3717018930852474650650,3,3717018930852474650650,3,7
large_integer,38577,4943727411754159833114,4,4943727411754159833114,4,7
large_integer,38578,4943727411754159833116,4,4943727411754159833116,4,7
large_integer,38579,4952950783791014608924,4,4952950783791014608924,4,7
large_integer,38580,4943727411754159833118,4,4943727411754159833118,4,7
large_integer,38581,4952950783791014608926,4,4952950783791014608926,4,7
large_integer,38582,4952950783791014608928,4,4952950783791014608928,4,7
large_integer,38583,4962174155827869384736,4,4962174155827869384736,4,7
large_integer,38584,4943727411754159833120,4,4943727411754159833120,4,7
large_integer,38585,4952950783791014608928,4,4952950783791014608928,4,7
large_integer,38586,4952950783791014608930,4,4952950783791014608930,4,7
large_integer,38587,4962174155827869384738,4,4962174155827869384738,4,7
large_integer,38588,4952950783791014608932,4,4952950783791014608932,4,7
large_integer,38589,4962174155827869384740,4,4962174155827869384740,4,7
large_integer,38590,4962174155827869384742,4,4962174155827869384742,4,7
large_integer,38591,4971397527864724160550,4,4971397527864724160550,4,7
large_integer,38592,3707795558815619874844,3,3707795558815619874844,3,7
large_integer,38593,4934504039717305057308,4,4934504039717305057308,4,7
large_integer,38594,4934504039717305057310,4,4934504039717305057310,4,7
large_integer,38595,4943727411754159833118,4,4943727411754159833118,4,7
large_integer,38596,4934504039717305057312,4,4934504039717305057312,4,7
large_integer,38597,4943727411754159833120,4,4943727411754159833120,4,7
large_integer,38598,4943727411754159833122,4,4943727411754159833122,4,7
large_integer,38599,4952950783791014608930,4,4952950783791014608930,4,7
large_integer,38600,4934504039717305057314,4,4934504039717305057314,4,7
large_integer,38601,4943727411754159833122,4,4943727411754159833122,4,7
large_integer,38602,4943727411754159833124,4,4943727411754159833124,4,7
large_integer,38603,4952950783791014608932,4,4952950783791014608932,4,7
large_integer,38604,4943727411754159833126,4,4943727411754159833126,4,7
large_integer,38605,4952950783791014608934,4,4952950783791014608934,4,7
large_integer,38606,4952950783791014608936,4,4952950783791014608936,4,7
large_integer,38607,4962174155827869384744,4,4962174155827869384744,4,7
large_integer,38608,3717018930852474650652,3,3717018930852474650652,3,7
large_integer,38609,4943727411754159833116,4,4943727411754159833116,4,7
large_integer,38610,4943727411754159833118,4,4943727411754159833118,4,7
large_integer,38611,4952950783791014608926,4,4952950783791014608926,4,7
large_integer,38612,4943727411754159833120,4,4943727411754159833120,4,7
large_integer,38613,4952950783791014608928,4,4952950783791014608928,4,7
large_integer,38614,4952950783791014608930,4,4952950783791014608930,4,7
large_integer,38615,4962174155827869384738,4,4962174155827869384738,4,7
large_integer,38616,4943727411754159833122,4,4943727411754159833122,4,7
large_integer,38617,4952950783791014608930,4,4952950783791014608930,4,7
large_integer,38618,4952950783791014608932,4,4952950783791014608932,4,7
large_integer,38619,4962174155827869384740,4,4962174155827869384740,4,7
large_integer,38620,4952950783791014608934,4,4952950783791014608934,4,7
large_integer,38621,4962174155827869384742,4,4962174155827869384742,4,7
large_integer,38622,4962174155827869384744,4,4962174155827869384744,4,7
large_integer,38623,4971397527864724160552,4,4971397527864724160552,4,7
large_integer,38624,3717018930852474650654,3,3717018930852474650654,3,7
large_integer,38625,4943727411754159833118,4,4943727411754159833118,4,7
large_integer,38626,4943727411754159833120,4,4943727411754159833120,4,7
large_integer,38627,4952950783791014608928,4,4952950783791014608928,4,7
large_integer,38628,4943727411754159833122,4,4943727411754159833122,4,7
large_integer,38629,4952950783791014608930,4,4952950783791014608930,4,7
large_integer,38630,4952950783791014608932,4,4952950783791014608932,4,7
large_integer,38631,4962174155827869384740,4,4962174155827869384740,4,7
large_integer,38632,4943727411754159833124,4,4943727411754159833124,4,7
large_integer,38633,4952950783791014608932,4,4952950783791014608932,4,7
large_integer,38634,4952950783791014608934,4,4952950783791014608934,4,7
large_integer,38635,4962174155827869384742,4,4962174155827869384742,4,7
large_integer,38636,4952950783791014608936,4,4952950783791014608936,4,7
large_integer,38637,4962174155827869384744,4,4962174155827869384744,4,7
large_integer,38638,4962174155827869384746,4,4962174155827869384746,4,7
large_integer,38639,4971397527864724160554,4,4971397527864724160554,4,7
large_integer,38640,3726242302889329426462,3,3726242302889329426462,3,7
large_integer,38641,4952950783791014608926,4,4952950783791014608926,4,7
large_integer,38642,4952950783791014608928,4,4952950783791014608928,4,7
large_integer,38643,4962174155827869384736,4,4962174155827869384736,4,7
large_integer,38644,4952950783791014608930,4,4952950783791014608930,4,7
large_integer,38645,4962174155827869384738,4,4962174155827869384738,4,7
large_integer,38646,4962174155827869384740,4,4962174155827869384740,4,7
large_integer,38647,4971397527864724160548,4,4971397527864724160548,4,7
large_integer,38648,4952950783791014608932,4,4952950783791014608932,4,7
large_integer,38649,4962174155827869384740,4,4962174155827869384740,4,7
large_integer,38650,4962174155827869384742,4,4962174155827869384742,4,7
large_integer,38651,4971397527864724160550,4,4971397527864724160550,4,7
large_integer,38652,4962174155827869384744,4,4962174155827869384744,4,7
large_integer,38653,4971397527864724160552,4,4971397527864724160552,4,7
large_integer,38654,4971397527864724160554,4,4971397527864724160554,4,7
large_integer,38655,4980620899901578936362,4,4980620899901578936362,4,7
large_integer,38656,2481087077913934692369,2,3726242302889329426454,3,9
large_integer,38657,3707795558815619874833,3,4952950783791014608918,4,9
large_integer,38658,3707795558815619874835,3,4952950783791014608920,4,9
large_integer,38659,3717018930852474650643,3,4962174155827869384728,4,9
large_integer,38660,3707795558815619874837,3,4952950783791014608922,4,9
large_integer,38661,3717018930852474650645,3,4962174155827869384730,4,9
large_integer,38662,3717018930852474650647,3,4962174155827869384732,4,9
large_integer,38663,3726242302889329426455,3,4971397527864724160540,4,9
large_integer,38664,3707795558815619874839,3,4952950783791014608924,4,9
large_integer,38665,3717018930852474650647,3,4962174155827869384732,4,9
large_integer,38666,3717018930852474650649,3,4962174155827869384734,4,9
large_integer,38667,3726242302889329426457,3,4971397527864724160542,4,9
large_integer,38668,3717018930852474650651,3,4962174155827869384736,4,9
large_integer,38669,3726242302889329426459,3,4971397527864724160544,4,9
large_integer,38670,3726242302889329426461,3,4971397527864724160546,4,9
large_integer,38671,3735465674926184202269,3,4980620899901578936354,4,9
large_integer,38672,3707795558815619874834,3,3763135791036748529687,3,11
large_integer,38673,3800029279184167632919,3,3800029279184167632919,3,13
large_integer,38674,4934504039717305057300,4,4989844271938433712153,4,11
large_integer,38675,4943727411754159833108,4,5026737760085852815385,4,13
large_integer,38676,4934504039717305057302,4,4989844271938433712155,4,11
large_integer,38677,4943727411754159833110,4,5026737760085852815387,4,13
large_integer,38678,4943727411754159833112,4,4999067643975288487965,4,11
large_integer,38679,4952950783791014608920,4,5035961132122707591197,4,13
large_integer,38680,4934504039717305057304,4,4989844271938433712157,4,11
large_integer,38681,4943727411754159833112,4,5026737760085852815389,4,13
large_integer,38682,4943727411754159833114,4,4999067643975288487967,4,11
large_integer,38683,4952950783791014608922,4,5035961132122707591199,4,13
large_integer,38684,4943727411754159833116,4,4999067643975288487969,4,11
large_integer,38685,4952950783791014608924,4,5035961132122707591201,4,13
large_integer,38686,4952950783791014608926,4,5008291016012143263779,4,11
large_integer,38687,4962174155827869384734,4,5045184504159562367011,4,13
large_integer,38688,3707795558815619874836,3,4952950783791014608921,4,9
large_integer,38689,4934504039717305057300,4,6179659264692699791385,5,9
large_integer,38690,4934504039717305057302,4,6179659264692699791387,5,9
large_integer,38691,4943727411754159833110,4,6188882636729554567195,5,9
large_integer,38692,4934504039717305057304,4,6179659264692699791389,5,9
large_integer,38693,4943727411754159833112,4,6188882636729554567197,5,9
large_integer,38694,4943727411754159833114,4,6188882636729554567199,5,9
large_integer,38695,4952950783791014608922,4,6198106008766409343007,5,9
large_integer,38696,4934504039717305057306,4,6179659264692699791391,5,9
large_integer,38697,4943727411754159833114,4,6188882636729554567199,5,9
large_integer,38698,4943727411754159833116,4,6188882636729554567201,5,9
large_integer,38699,4952950783791014608924,4,6198106008766409343009,5,9
large_integer,38700,4943727411754159833118,4,6188882636729554567203,5,9
large_integer,38701,4952950783791014608926,4,6198106008766409343011,5,9
large_integer,38702,4952950783791014608928,4,6198106008766409343013,5,9
large_integer,38703,4962174155827869384736,4,6207329380803264118821,5,9
large_integer,38704,3717018930852474650644,3,4989844271938433712154,4,11
large_integer,38705,4943727411754159833108,4,5026737760085852815386,4,13
large_integer,38706,4943727411754159833110,4,6216552752840118894620,5,11
large_integer,38707,4952950783791014608918,4,6253446240987537997852,5,13
large_integer,38708,4943727411754159833112,4,6216552752840118894622,5,11
large_integer,38709,4952950783791014608920,4,6253446240987537997854,5,13
large_integer,38710,4952950783791014608922,4,6225776124876973670432,5,11
large_integer,38711,4962174155827869384730,4,6262669613024392773664,5,13
large_integer,38712,4943727411754159833114,4,6216552752840118894624,5,11
large_integer,38713,4952950783791014608922,4,6253446240987537997856,5,13
large_integer,38714,4952950783791014608924,4,6225776124876973670434,5,11
large_integer,38715,4962174155827869384732,4,6262669613024392773666,5,13
large_integer,38716,4952950783791014608926,4,6225776124876973670436,5,11
large_integer,38717,4962174155827869384734,4,6262669613024392773668,5,13
large_integer,38718,4962174155827869384736,4,6234999496913828446246,5,11
large_integer,38719,4971397527864724160544,4,6271892985061247549478,5,13
large_integer,38720,3707795558815619874838,3,4952950783791014608923,4,9
large_integer,38721,4934504039717305057302,4,6179659264692699791387,5,9
large_integer,38722,4934504039717305057304,4,6179659264692699791389,5,9
large_integer,38723,4943727411754159833112,4,6188882636729554567197,5,9
large_integer,38724,4934504039717305057306,4,6179659264692699791391,5,9
large_integer,38725,4943727411754159833114,4,6188882636729554567199,5,9
large_integer,38726,4943727411754159833116,4,6188882636729554567201,5,9
large_integer,38727,4952950783791014608924,4,6198106008766409343009,5,9
large_integer,38728,4934504039717305057308,4,6179659264692699791393,5,9
large_integer,38729,4943727411754159833116,4,6188882636729554567201,5,9
large_integer,38730,4943727411754159833118,4,6188882636729554567203,5,9
large_integer,38731,4952950783791014608926,4,6198106008766409343011,5,9
large_integer,38732,4943727411754159833120,4,6188882636729554567205,5,9
large_integer,38733,4952950783791014608928,4,6198106008766409343013,5,9
large_integer,38734,4952950783791014608930,4,6198106008766409343015,5,9
large_integer,38735,4962174155827869384738,4,6207329380803264118823,5,9
large_integer,38736,3717018930852474650646,3,4989844271938433712156,4,11
large_integer,38737,4943727411754159833110,4,5026737760085852815388,4,13
large_integer,38738,4943727411754159833112,4,6216552752840118894622,5,11
large_integer,38739,4952950783791014608920,4,6253446240987537997854,5,13
large_integer,38740,4943727411754159833114,4,6216552752840118894624,5,11
large_integer,38741,4952950783791014608922,4,6253446240987537997856,5,13
large_integer,38742,4952950783791014608924,4,6225776124876973670434,5,11
large_integer,38743,4962174155827869384732,4,6262669613024392773666,5,13
large_integer,38744,4943727411754159833116,4,6216552752840118894626,5,11
large_integer,38745,4952950783791014608924,4,6253446240987537997858,5,13
large_integer,38746,4952950783791014608926,4,6225776124876973670436,5,11
large_integer,38747,4962174155827869384734,4,6262669613024392773668,5,13
large_integer,38748,4952950783791014608928,4,6225776124876973670438,5,11
large_integer,38749,4962174155827869384736,4,6262669613024392773670,5,13
large_integer,38750,4962174155827869384738,4,6234999496913828446248,5,11
large_integer,38751,4971397527864724160546,4,6271892985061247549480,5,13
large_integer,38752,3717018930852474650648,3,4962174155827869384733,4,9
large_integer,38753,4943727411754159833112,4,6188882636729554567197,5,9
large_integer,38754,4943727411754159833114,4,6188882636729554567199,5,9
large_integer,38755,4952950783791014608922,4,6198106008766409343007,5,9
large_integer,38756,4943727411754159833116,4,6188882636729554567201,5,9
large_integer,38757,4952950783791014608924,4,6198106008766409343009,5,9
large_integer,38758,4952950783791014608926,4,6198106008766409343011,5,9
large_integer,38759,4962174155827869384734,4,6207329380803264118819,5,9
large_integer,38760,4943727411754159833118,4,6188882636729554567203,5,9
large_integer,38761,4952950783791014608926,4,6198106008766409343011,5,9
large_integer,38762,4952950783791014608928,4,6198106008766409343013,5,9
large_integer,38763,4962174155827869384736,4,6207329380803264118821,5,9
large_integer,38764,4952950783791014608930,4,6198106008766409343015,5,9
large_integer,38765,4962174155827869384738,4,6207329380803264118823,5,9
large_integer,38766,4962174155827869384740,4,6207329380803264118825,5,9
large_integer,38767,4971397527864724160548,4,6216552752840118894633,5,9
large_integer,38768,3726242302889329426456,3,4999067643975288487966,4,11
large_integer,38769,4952950783791014608920,4,5035961132122707591198,4,13
large_integer,38770,4952950783791014608922,4,6225776124876973670432,5,11
large_integer,38771,4962174155827869384730,4,6262669613024392773664,5,13
large_integer,38772,4952950783791014608924,4,6225776124876973670434,5,11
large_integer,38773,4962174155827869384732,4,6262669613024392773666,5,13
large_integer,38774,4962174155827869384734,4,6234999496913828446244,5,11
large_integer,38775,4971397527864724160542,4,6271892985061247549476,5,13
large_integer,38776,4952950783791014608926,4,6225776124876973670436,5,11
large_integer,38777,4962174155827869384734,4,6262669613024392773668,5,13
large_integer,38778,4962174155827869384736,4,6234999496913828446246,5,11
large_integer,38779,4971397527864724160544,4,6271892985061247549478,5,13
large_integer,38780,4962174155827869384738,4,6234999496913828446248,5,11
large_integer,38781,4971397527864724160546,4,6271892985061247549480,5,13
large_integer,38782,4971397527864724160548,4,6244222868950683222058,5,11
large_integer,38783,4980620899901578936356,4,6281116357098102325290,5,13
large_integer,38784,3707795558815619874840,3,4952950783791014608925,4,9
large_integer,38785,4934504039717305057304,4,6179659264692699791389,5,9
large_integer,38786,4934504039717305057306,4,6179659264692699791391,5,9
large_integer,38787,4943727411754159833114,4,6188882636729554567199,5,9
large_integer,38788,4934504039717305057308,4,6179659264692699791393,5,9
large_integer,38789,4943727411754159833116,4,6188882636729554567201,5,9
large_integer,38790,4943727411754159833118,4,6188882636729554567203,5,9
large_integer,38791,4952950783791014608926,4,6198106008766409343011,5,9
large_integer,38792,4934504039717305057310,4,6179659264692699791395,5,9
large_integer,38793,4943727411754159833118,4,6188882636729554567203,5,9
large_integer,38794,4943727411754159833120,4,6188882636729554567205,5,9
large_integer,38795,4952950783791014608928,4,6198106008766409343013,5,9
large_integer,38796,4943727411754159833122,4,6188882636729554567207,5,9
large_integer,38797,4952950783791014608930,4,6198106008766409343015,5,9
large_integer,38798,4952950783791014608932,4,6198106008766409343017,5,9
large_integer,38799,4962174155827869384740,4,6207329380803264118825,5,9
large_integer,38800,3717018930852474650648,3,4989844271938433712158,4,11
large_integer,38801,4943727411754159833112,4,5026737760085852815390,4,13
large_integer,38802,4943727411754159833114,4,6216552752840118894624,5,11
large_integer,38803,4952950783791014608922,4,6253446240987537997856,5,13
large_integer,38804,4943727411754159833116,4,6216552752840118894626,5,11
large_integer,38805,4952950783791014608924,4,6253446240987537997858,5,13
large_integer,38806,4952950783791014608926,4,6225776124876973670436,5,11
large_integer,38807,4962174155827869384734,4,6262669613024392773668,5,13
large_integer,38808,4943727411754159833118,4,6216552752840118894628,5,11
large_integer,38809,4952950783791014608926,4,6253446240987537997860,5,13
large_integer,38810,4952950783791014608928,4,6225776124876973670438,5,11
large_integer,38811,4962174155827869384736,4,6262669613024392773670,5,13
large_integer,38812,4952950783791014608930,4,6225776124876973670440,5,11
large_integer,38813,4962174155827869384738,4,6262669613024392773672,5,13
large_integer,38814,4962174155827869384740,4,6234999496913828446250,5,11
large_integer,38815,4971397527864724160548,4,6271892985061247549482,5,13
large_integer,38816,3717018930852474650650,3,4962174155827869384735,4,9
large_integer,38817,4943727411754159833114,4,6188882636729554567199,5,9
large_integer,38818,4943727411754159833116,4,6188882636729554567201,5,9
large_integer,38819,4952950783791014608924,4,6198106008766409343009,5,9
large_integer,38820,4943727411754159833118,4,6188882636729554567203,5,9
large_integer,38821,4952950783791014608926,4,6198106008766409343011,5,9
large_integer,38822,4952950783791014608928,4,6198106008766409343013,5,9
large_integer,38823,4962174155827869384736,4,6207329380803264118821,5,9
large_integer,38824,4943727411754159833120,4,6188882636729554567205,5,9
large_integer,38825,4952950783791014608928,4,6198106008766409343013,5,9
large_integer,38826,4952950783791014608930,4,6198106008766409343015,5,9
large_integer,38827,4962174155827869384738,4,6207329380803264118823,5,9
large_integer,38828,4952950783791014608932,4,6198106008766409343017,5,9
large_integer,38829,4962174155827869384740,4,6207329380803264118825,5,9
large_integer,38830,4962174155827869384742,4,6207329380803264118827,5,9
large_integer,38831,4971397527864724160550,4,6216552752840118894635,5,9
large_integer,38832,3726242302889329426458,3,4999067643975288487968,4,11
large_integer,38833,4952950783791014608922,4,5035961132122707591200,4,13
large_integer,38834,4952950783791014608924,4,6225776124876973670434,5,11
large_integer,38835,4962174155827869384732,4,6262669613024392773666,5,13
large_integer,38836,4952950783791014608926,4,6225776124876973670436,5,11
large_integer,38837,4962174155827869384734,4,6262669613024392773668,5,13
large_integer,38838,4962174155827869384736,4,6234999496913828446246,5,11
large_integer,38839,4971397527864724160544,4,6271892985061247549478,5,13
large_integer,38840,4952950783791014608928,4,6225776124876973670438,5,11
large_integer,38841,4962174155827869384736,4,6262669613024392773670,5,13
large_integer,38842,4962174155827869384738,4,6234999496913828446248,5,11
large_integer,38843,4971397527864724160546,4,6271892985061247549480,5,13
large_integer,38844,4962174155827869384740,4,6234999496913828446250,5,11
large_integer,38845,4971397527864724160548,4,6271892985061247549482,5,13
large_integer,38846,4971397527864724160550,4,6244222868950683222060,5,11
large_integer,38847,4980620899901578936358,4,6281116357098102325292,5,13
large_integer,38848,3717018930852474650652,3,4962174155827869384737,4,9
large_integer,38849,4943727411754159833116,4,6188882636729554567201,5,9
large_integer,38850,4943727411754159833118,4,6188882636729554567203,5,9
large_integer,38851,4952950783791014608926,4,6198106008766409343011,5,9
large_integer,38852,4943727411754159833120,4,6188882636729554567205,5,9
large_integer,38853,4952950783791014608928,4,6198106008766409343013,5,9
large_integer,38854,4952950783791014608930,4,6198106008766409343015,5,9
large_integer,38855,4962174155827869384738,4,6207329380803264118823,5,9
large_integer,38856,4943727411754159833122,4,6188882636729554567207,5,9
large_integer,38857,4952950783791014608930,4,6198106008766409343015,5,9
large_integer,38858,4952950783791014608932,4,6198106008766409343017,5,9
large_integer,38859,4962174155827869384740,4,6207329380803264118825,5,9
large_integer,38860,4952950783791014608934,4,6198106008766409343019,5,9
large_integer,38861,4962174155827869384742,4,6207329380803264118827,5,9
large_integer,38862,4962174155827869384744,4,6207329380803264118829,5,9
large_integer,38863,4971397527864724160552,4,6216552752840118894637,5,9
large_integer,38864,3726242302889329426460,3,4999067643975288487970,4,11
large_integer,38865,4952950783791014608924,4,5035961132122707591202,4,13
large_integer,38866,4952950783791014608926,4,6225776124876973670436,5,11
large_integer,38867,4962174155827869384734,4,6262669613024392773668,5,13
large_integer,38868,4952950783791014608928,4,6225776124876973670438,5,11
large_integer,38869,4962174155827869384736,4,6262669613024392773670,5,13
large_integer,38870,4962174155827869384738,4,6234999496913828446248,5,11
large_integer,38871,4971397527864724160546,4,6271892985061247549480,5,13
large_integer,38872,4952950783791014608930,4,6225776124876973670440,5,11
large_integer,38873,4962174155827869384738,4,6262669613024392773672,5,13
large_integer,38874,4962174155827869384740,4,6234999496913828446250,5,11
large_integer,38875,4971397527864724160548,4,6271892985061247549482,5,13
large_integer,38876,4962174155827869384742,4,6234999496913828446252,5,11
large_integer,38877,4971397527864724160550,4,6271892985061247549484,5,13
large_integer,38878,4971397527864724160552,4,6244222868950683222062,5,11
large_integer,38879,4980620899901578936360,4,6281116357098102325294,5,13
large_integer,38880,3726242302889329426462,3,4971397527864724160547,4,9
large_integer,38881,4952950783791014608926,4,6198106008766409343011,5,9
large_integer,38882,4952950783791014608928,4,6198106008766409343013,5,9
large_integer,38883,4962174155827869384736,4,6207329380803264118821,5,9
large_integer,38884,4952950783791014608930,4,6198106008766409343015,5,9
large_integer,38885,4962174155827869384738,4,6207329380803264118823,5,9
large_integer,38886,4962174155827869384740,4,6207329380803264118825,5,9
large_integer,38887,4971397527864724160548,4,6216552752840118894633,5,9
large_integer,38888,4952950783791014608932,4,6198106008766409343017,5,9
large_integer,38889,4962174155827869384740,4,6207329380803264118825,5,9
large_integer,38890,4962174155827869384742,4,6207329380803264118827,5,9
large_integer,38891,4971397527864724160550,4,6216552752840118894635,5,9
large_integer,38892,4962174155827869384744,4,6207329380803264118829,5,9
large_integer,38893,4971397527864724160552,4,6216552752840118894637,5,9
large_integer,38894,4971397527864724160554,4,6216552752840118894639,5,9
large_integer,38895,4980620899901578936362,4,6225776124876973670447,5,9
large_integer,38896,3735465674926184202270,3,5008291016012143263780,4,11
large_integer,38897,4962174155827869384734,4,5045184504159562367012,4,13
large_integer,38898,4962174155827869384736,4,6234999496913828446246,5,11
large_integer,38899,4971397527864724160544,4,6271892985061247549478,5,13
large_integer,38900,4962174155827869384738,4,6234999496913828446248,5,11
large_integer,38901,4971397527864724160546,4,6271892985061247549480,5,13
large_integer,38902,4971397527864724160548,4,6244222868950683222058,5,11
large_integer,38903,4980620899901578936356,4,6281116357098102325290,5,13
large_integer,38904,4962174155827869384740,4,6234999496913828446250,5,11
large_integer,38905,4971397527864724160548,4,6271892985061247549482,5,13
large_integer,38906,4971397527864724160550,4,6244222868950683222060,5,11
large_integer,38907,4980620899901578936358,4,6281116357098102325292,5,13
large_integer,38908,4971397527864724160552,4,6244222868950683222062,5,11
large_integer,38909,4980620899901578936360,4,6281116357098102325294,5,13
large_integer,38910,4980620899901578936362,4,6253446240987537997872,5,11
large_integer,38911,4989844271938433712170,4,6290339729134957101104,5,13
large_integer,38912,2462640333840225140753,2,2490310449950789468174,2,9
large_integer,38913,3689348814741910323217,3,3717018930852474650638,3,9
large_integer,38914,3689348814741910323219,3,3717018930852474650640,3,9
large_integer,38915,3698572186778765099027,3,3726242302889329426448,3,9
large_integer,38916,3689348814741910323221,3,3717018930852474650642,3,9
large_integer,38917,3698572186778765099029,3,3726242302889329426450,3,9
large_integer,38918,3698572186778765099031,3,3726242302889329426452,3,9
large_integer,38919,3707795558815619874839,3,3735465674926184202260,3,9
large_integer,38920,3689348814741910323223,3,3717018930852474650644,3,9
large_integer,38921,3698572186778765099031,3,3726242302889329426452,3,9
large_integer,38922,3698572186778765099033,3,3726242302889329426454,3,9
large_integer,38923,3707795558815619874841,3,3735465674926184202262,3,9
large_integer,38924,3698572186778765099035,3,3726242302889329426456,3,9
large_integer,38925,3707795558815619874843,3,3735465674926184202264,3,9
large_integer,38926,3707795558815619874845,3,3735465674926184202266,3,9
large_integer,38927,3717018930852474650653,3,3744689046963038978074,3,9
large_integer,38928,3689348814741910323218,3,3717018930852474650639,3,9
large_integer,38929,4916057295643595505682,4,4943727411754159833103,4,9
large_integer,38930,4916057295643595505684,4,4943727411754159833105,4,9
large_integer,38931,4925280667680450281492,4,4952950783791014608913,4,9
large_integer,38932,4916057295643595505686,4,4943727411754159833107,4,9
large_integer,38933,4925280667680450281494,4,4952950783791014608915,4,9
large_integer,38934,4925280667680450281496,4,4952950783791014608917,4,9
large_integer,38935,4934504039717305057304,4,4962174155827869384725,4,9
large_integer,38936,4916057295643595505688,4,4943727411754159833109,4,9
large_integer,38937,4925280667680450281496,4,4952950783791014608917,4,9
large_integer,38938,4925280667680450281498,4,4952950783791014608919,4,9
large_integer,38939,4934504039717305057306,4,4962174155827869384727,4,9
large_integer,38940,4925280667680450281500,4,4952950783791014608921,4,9
large_integer,38941,4934504039717305057308,4,4962174155827869384729,4,9
large_integer,38942,4934504039717305057310,4,4962174155827869384731,4,9
large_integer,38943,4943727411754159833118,4,4971397527864724160539,4,9
large_integer,38944,3689348814741910323220,3,3717018930852474650641,3,9
large_integer,38945,4916057295643595505684,4,4943727411754159833105,4,9
large_integer,38946,4916057295643595505686,4,4943727411754159833107,4,9
large_integer,38947,4925280667680450281494,4,4952950783791014608915,4,9
large_integer,38948,4916057295643595505688,4,4943727411754159833109,4,9
large_integer,38949,4925280667680450281496,4,4952950783791014608917,4,9
large_integer,38950,4925280667680450281498,4,4952950783791014608919,4,9
large_integer,38951,4934504039717305057306,4,4962174155827869384727,4,9
large_integer,38952,4916057295643595505690,4,4943727411754159833111,4,9
large_integer,38953,4925280667680450281498,4,4952950783791014608919,4,9
large_integer,38954,4925280667680450281500,4,4952950783791014608921,4,9
large_integer,38955,4934504039717305057308,4,4962174155827869384729,4,9
large_integer,38956,4925280667680450281502,4,4952950783791014608923,4,9
large_integer,38957,4934504039717305057310,4,4962174155827869384731,4,9
large_integer,38958,4934504039717305057312,4,4962174155827869384733,4,9
large_integer,38959,4943727411754159833120,4,4971397527864724160541,4,9
large_integer,38960,3698572186778765099028,3,3726242302889329426449,3,9
large_integer,38961,4925280667680450281492,4,4952950783791014608913,4,9
large_integer,38962,4925280667680450281494,4,4952950783791014608915,4,9
large_integer,38963,4934504039717305057302,4,4962174155827869384723,4,9
large_integer,38964,4925280667680450281496,4,4952950783791014608917,4,9
large_integer,38965,4934504039717305057304,4,4962174155827869384725,4,9
large_integer,38966,4934504039717305057306,4,4962174155827869384727,4,9
large_integer,38967,4943727411754159833114,4,4971397527864724160535,4,9
large_integer,38968,4925280667680450281498,4,4952950783791014608919,4,9
large_integer,38969,4934504039717305057306,4,4962174155827869384727,4,9
large_integer,38970,4934504039717305057308,4,4962174155827869384729,4,9
large_integer,38971,4943727411754159833116,4,4971397527864724160537,4,9
large_integer,38972,4934504039717305057310,4,4962174155827869384731,4,9
large_integer,38973,4943727411754159833118,4,4971397527864724160539,4,9
large_integer,38974,4943727411754159833120,4,4971397527864724160541,4,9
large_integer,38975,4952950783791014608928,4,4980620899901578936349,4,9
large_integer,38976,3689348814741910323222,3,3717018930852474650643,3,9
large_integer,38977,4916057295643595505686,4,4943727411754159833107,4,9
large_integer,38978,4916057295643595505688,4,4943727411754159833109,4,9
large_integer,38979,4925280667680450281496,4,4952950783791014608917,4,9
large_integer,38980,4916057295643595505690,4,4943727411754159833111,4,9
large_integer,38981,4925280667680450281498,4,4952950783791014608919,4,9
large_integer,38982,4925280667680450281500,4,4952950783791014608921,4,9
large_integer,38983,4934504039717305057308,4,4962174155827869384729,4,9
large_integer,38984,4916057295643595505692,4,4943727411754159833113,4,9
large_integer,38985,4925280667680450281500,4,4952950783791014608921,4,9
large_integer,38986,4925280667680450281502,4,4952950783791014608923,4,9
large_integer,38987,4934504039717305057310,4,4962174155827869384731,4,9
large_integer,38988,4925280667680450281504,4,4952950783791014608925,4,9
large_integer,38989,4934504039717305057312,4,4962174155827869384733,4,9
large_integer,38990,4934504039717305057314,4,4962174155827869384735,4,9
large_integer,38991,4943727411754159833122,4,4971397527864724160543,4,9
large_integer,38992,3698572186778765099030,3,3726242302889329426451,3,9
large_integer,38993,4925280667680450281494,4,4952950783791014608915,4,9
large_integer,38994,4925280667680450281496,4,4952950783791014608917,4,9
large_integer,38995,4934504039717305057304,4,4962174155827869384725,4,9
large_integer,38996,4925280667680450281498,4,4952950783791014608919,4,9
large_integer,38997,4934504039717305057306,4,4962174155827869384727,4,9
large_integer,38998,4934504039717305057308,4,4962174155827869384729,4,9
large_integer,38999,4943727411754159833116,4,4971397527864724160537,4,9
large_integer,39000,4925280667680450281500,4,4952950783791014608921,4,9
large_integer,39001,4934504039717305057308,4,4962174155827869384729,4,9
large_integer,39002,4934504039717305057310,4,4962174155827869384731,4,9
large_integer,39003,4943727411754159833118,4,4971397527864724160539,4,9
large_integer,39004,4934504039717305057312,4,4962174155827869384733,4,9
large_integer,39005,4943727411754159833120,4,4971397527864724160541,4,9
large_integer,39006,4943727411754159833122,4,4971397527864724160543,4,9
large_integer,39007,4952950783791014608930,4,4980620899901578936351,4,9
large_integer,39008,3698572186778765099032,3,3726242302889329426453,3,9
large_integer,39009,4925280667680450281496,4,4952950783791014608917,4,9
large_integer,39010,4925280667680450281498,4,4952950783791014608919,4,9
large_integer,39011,4934504039717305057306,4,4962174155827869384727,4,9
large_integer,39012,4925280667680450281500,4,4952950783791014608921,4,9
large_integer,39013,4934504039717305057308,4,4962174155827869384729,4,9
large_integer,39014,4934504039717305057310,4,4962174155827869384731,4,9
large_integer,39015,4943727411754159833118,4,4971397527864724160539,4,9
large_integer,39016,4925280667680450281502,4,4952950783791014608923,4,9
large_integer,39017,4934504039717305057310,4,4962174155827869384731,4,9
large_integer,39018,4934504039717305057312,4,4962174155827869384733,4,9
large_integer,39019,4943727411754159833120,4,4971397527864724160541,4,9
large_integer,39020,4934504039717305057314,4,4962174155827869384735,4,9
large_integer,39021,4943727411754159833122,4,4971397527864724160543,4,9
large_integer,39022,4943727411754159833124,4,4971397527864724160545,4,9
large_integer,39023,4952950783791014608932,4,4980620899901578936353,4,9
large_integer,39024,3707795558815619874840,3,3735465674926184202261,3,9
large_integer,39025,4934504039717305057304,4,4962174155827869384725,4,9
large_integer,39026,4934504039717305057306,4,4962174155827869384727,4,9
large_integer,39027,4943727411754159833114,4,4971397527864724160535,4,9
large_integer,39028,4934504039717305057308,4,4962174155827869384729,4,9
large_integer,39029,4943727411754159833116,4,4971397527864724160537,4,9
large_integer,39030,4943727411754159833118,4,4971397527864724160539,4,9
large_integer,39031,4952950783791014608926,4,4980620899901578936347,4,9
large_integer,39032,4934504039717305057310,4,4962174155827869384731,4,9
large_integer,39033,4943727411754159833118,4,4971397527864724160539,4,9
large_integer,39034,4943727411754159833120,4,4971397527864724160541,4,9
large_integer,39035,4952950783791014608928,4,4980620899901578936349,4,9
large_integer,39036,4943727411754159833122,4,4971397527864724160543,4,9
large_integer,39037,4952950783791014608930,4,4980620899901578936351,4,9
large_integer,39038,4952950783791014608932,4,4980620899901578936353,4,9
large_integer,39039,4962174155827869384740,4,4989844271938433712161,4,9
large_integer,39040,2527203938098208571407,2,2527203938098208571407,2,11
large_integer,39041,3753912418999893753871,3,3753912418999893753871,3,11
large_integer,39042,3753912418999893753873,3,3753912418999893753873,3,11
large_integer,39043,3763135791036748529681,3,3763135791036748529681,3,11
large_integer,39044,3753912418999893753875,3,3753912418999893753875,3,11
large_integer,39045,3763135791036748529683,3,3763135791036748529683,3,11
large_integer,39046,3763135791036748529685,3,3763135791036748529685,3,11
large_integer,39047,3772359163073603305493,3,3772359163073603305493,3,11
large_integer,39048,2564097426245627674639,2,2564097426245627674639,2,13
large_integer,39049,3763135791036748529685,3,3790805907147312857103,3,13
large_integer,39050,3763135791036748529687,3,3790805907147312857105,3,13
large_integer,39051,3772359163073603305495,3,3800029279184167632913,3,13
large_integer,39052,3763135791036748529689,3,3790805907147312857107,3,13
large_integer,39053,3772359163073603305497,3,3800029279184167632915,3,13
large_integer,39054,3772359163073603305499,3,3800029279184167632917,3,13
large_integer,39055,3781582535110458081307,3,3809252651221022408725,3,13
large_integer,39056,3698572186778765099032,3,3753912418999893753872,3,11
large_integer,39057,4925280667680450281496,4,4980620899901578936336,4,11
large_integer,39058,4925280667680450281498,4,4980620899901578936338,4,11
large_integer,39059,4934504039717305057306,4,4989844271938433712146,4,11
large_integer,39060,4925280667680450281500,4,4980620899901578936340,4,11
large_integer,39061,4934504039717305057308,4,4989844271938433712148,4,11
large_integer,39062,4934504039717305057310,4,4989844271938433712150,4,11
large_integer,39063,4943727411754159833118,4,4999067643975288487958,4,11
large_integer,39064,3790805907147312857104,3,3790805907147312857104,3,13
large_integer,39065,4934504039717305057310,4,5017514388048998039568,4,13
large_integer,39066,4934504039717305057312,4,5017514388048998039570,4,13
large_integer,39067,4943727411754159833120,4,5026737760085852815378,4,13
large_integer,39068,4934504039717305057314,4,5017514388048998039572,4,13
large_integer,39069,4943727411754159833122,4,5026737760085852815380,4,13
large_integer,39070,4943727411754159833124,4,5026737760085852815382,4,13
large_integer,39071,4952950783791014608932,4,5035961132122707591190,4,13
large_integer,39072,3698572186778765099034,3,3753912418999893753874,3,11
large_integer,39073,4925280667680450281498,4,4980620899901578936338,4,11
large_integer,39074,4925280667680450281500,4,4980620899901578936340,4,11
large_integer,39075,4934504039717305057308,4,4989844271938433712148,4,11
large_integer,39076,4925280667680450281502,4,4980620899901578936342,4,11
large_integer,39077,4934504039717305057310,4,4989844271938433712150,4,11
large_integer,39078,4934504039717305057312,4,4989844271938433712152,4,11
large_integer,39079,4943727411754159833120,4,4999067643975288487960,4,11
large_integer,39080,3790805907147312857106,3,3790805907147312857106,3,13
large_integer,39081,4934504039717305057312,4,5017514388048998039570,4,13
large_integer,39082,4934504039717305057314,4,5017514388048998039572,4,13
large_integer,39083,4943727411754159833122,4,5026737760085852815380,4,13
large_integer,39084,4934504039717305057316,4,5017514388048998039574,4,13
large_integer,39085,4943727411754159833124,4,5026737760085852815382,4,13
large_integer,39086,4943727411754159833126,4,5026737760085852815384,4,13
large_integer,39087,4952950783791014608934,4,5035961132122707591192,4,13
large_integer,39088,3707795558815619874842,3,3763135791036748529682,3,11
large_integer,39089,4934504039717305057306,4,4989844271938433712146,4,11
large_integer,39090,4934504039717305057308,4,4989844271938433712148,4,11
large_integer,39091,4943727411754159833116,4,4999067643975288487956,4,11
large_integer,39092,4934504039717305057310,4,4989844271938433712150,4,11
large_integer,39093,4943727411754159833118,4,4999067643975288487958,4,11
large_integer,39094,4943727411754159833120,4,4999067643975288487960,4,11
large_integer,39095,4952950783791014608928,4,5008291016012143263768,4,11
large_integer,39096,3800029279184167632914,3,3800029279184167632914,3,13
large_integer,39097,4943727411754159833120,4,5026737760085852815378,4,13
large_integer,39098,4943727411754159833122,4,5026737760085852815380,4,13
large_integer,39099,4952950783791014608930,4,5035961132122707591188,4,13
large_integer,39100,4943727411754159833124,4,5026737760085852815382,4,13
large_integer,39101,4952950783791014608932,4,5035961132122707591190,4,13
large_integer,39102,4952950783791014608934,4,5035961132122707591192,4,13
large_integer,39103,4962174155827869384742,4,5045184504159562367000,4,13
large_integer,39104,3698572186778765099036,3,3753912418999893753876,3,11
large_integer,39105,4925280667680450281500,4,4980620899901578936340,4,11
large_integer,39106,4925280667680450281502,4,4980620899901578936342,4,11
large_integer,39107,4934504039717305057310,4,4989844271938433712150,4,11
large_integer,39108,4925280667680450281504,4,4980620899901578936344,4,11
large_integer,39109,4934504039717305057312,4,4989844271938433712152,4,11
large_integer,39110,4934504039717305057314,4,4989844271938433712154,4,11
large_integer,39111,4943727411754159833122,4,4999067643975288487962,4,11
large_integer,39112,3790805907147312857108,3,3790805907147312857108,3,13
large_integer,39113,4934504039717305057314,4,5017514388048998039572,4,13
large_integer,39114,4934504039717305057316,4,5017514388048998039574,4,13
large_integer,39115,4943727411754159833124,4,5026737760085852815382,4,13
large_integer,39116,4934504039717305057318,4,5017514388048998039576,4,13
large_integer,39117,4943727411754159833126,4,5026737760085852815384,4,13
large_integer,39118,4943727411754159833128,4,5026737760085852815386,4,13
large_integer,39119,4952950783791014608936,4,5035961132122707591194,4,13
large_integer,39120,3707795558815619874844,3,3763135791036748529684,3,11
large_integer,39121,4934504039717305057308,4,4989844271938433712148,4,11
large_integer,39122,4934504039717305057310,4,4989844271938433712150,4,11
large_integer,39123,4943727411754159833118,4,4999067643975288487958,4,11
large_integer,39124,4934504039717305057312,4,4989844271938433712152,4,11
large_integer,39125,4943727411754159833120,4,4999067643975288487960,4,11
large_integer,39126,4943727411754159833122,4,4999067643975288487962,4,11
large_integer,39127,4952950783791014608930,4,5008291016012143263770,4,11
large_integer,39128,3800029279184167632916,3,3800029279184167632916,3,13
large_integer,39129,4943727411754159833122,4,5026737760085852815380,4,13
large_integer,39130,4943727411754159833124,4,5026737760085852815382,4,13
large_integer,39131,4952950783791014608932,4,5035961132122707591190,4,13
large_integer,39132,4943727411754159833126,4,5026737760085852815384,4,13
large_integer,39133,4952950783791014608934,4,5035961132122707591192,4,13
large_integer,39134,4952950783791014608936,4,5035961132122707591194,4,13
large_integer,39135,4962174155827869384744,4,5045184504159562367002,4,13
large_integer,39136,3707795558815619874846,3,3763135791036748529686,3,11
large_integer,39137,4934504039717305057310,4,4989844271938433712150,4,11
large_integer,39138,4934504039717305057312,4,4989844271938433712152,4,11
large_integer,39139,4943727411754159833120,4,4999067643975288487960,4,11
large_integer,39140,4934504039717305057314,4,4989844271938433712154,4,11
large_integer,39141,4943727411754159833122,4,4999067643975288487962,4,11
large_integer,39142,4943727411754159833124,4,4999067643975288487964,4,11
large_integer,39143,4952950783791014608932,4,5008291016012143263772,4,11
large_integer,39144,3800029279184167632918,3,3800029279184167632918,3,13
large_integer,39145,4943727411754159833124,4,5026737760085852815382,4,13
large_integer,39146,4943727411754159833126,4,5026737760085852815384,4,13
large_integer,39147,4952950783791014608934,4,5035961132122707591192,4,13
large_integer,39148,4943727411754159833128,4,5026737760085852815386,4,13
large_integer,39149,4952950783791014608936,4,5035961132122707591194,4,13
large_integer,39150,4952950783791014608938,4,5035961132122707591196,4,13
large_integer,39151,4962174155827869384746,4,5045184504159562367004,4,13
large_integer,39152,3717018930852474650654,3,3772359163073603305494,3,11
large_integer,39153,4943727411754159833118,4,4999067643975288487958,4,11
large_integer,39154,4943727411754159833120,4,4999067643975288487960,4,11
large_integer,39155,4952950783791014608928,4,5008291016012143263768,4,11
large_integer,39156,4943727411754159833122,4,4999067643975288487962,4,11
large_integer,39157,4952950783791014608930,4,5008291016012143263770,4,11
large_integer,39158,4952950783791014608932,4,5008291016012143263772,4,11
large_integer,39159,4962174155827869384740,4,5017514388048998039580,4,11
large_integer,39160,3809252651221022408726,3,3809252651221022408726,3,13
large_integer,39161,4952950783791014608932,4,5035961132122707591190,4,13
large_integer,39162,4952950783791014608934,4,5035961132122707591192,4,13
large_integer,39163,4962174155827869384742,4,5045184504159562367000,4,13
large_integer,39164,4952950783791014608936,4,5035961132122707591194,4,13
large_integer,39165,4962174155827869384744,4,5045184504159562367002,4,13
large_integer,39166,4962174155827869384746,4,5045184504159562367004,4,13
large_integer,39167,4971397527864724160554,4,5054407876196417142812,4,13
large_integer,39168,1272825341085959061515,1,1272825341085959061515,1,9
large_integer,39169,2499533821987644243979,2,2499533821987644243979,2,9
large_integer,39170,2499533821987644243981,2,2499533821987644243981,2,9
large_integer,39171,2508757194024499019789,2,2508757194024499019789,2,9
large_integer,39172,2499533821987644243983,2,2499533821987644243983,2,9
large_integer,39173,2508757194024499019791,2,2508757194024499019791,2,9
large_integer,39174,2508757194024499019793,2,2508757194024499019793,2,9
large_integer,39175,2517980566061353795601,2,2517980566061353795601,2,9
large_integer,39176,2499533821987644243985,2,2499533821987644243985,2,9
large_integer,39177,2508757194024499019793,2,2508757194024499019793,2,9
large_integer,39178,2508757194024499019795,2,2508757194024499019795,2,9
large_integer,39179,2517980566061353795603,2,2517980566061353795603,2,9
large_integer,39180,2508757194024499019797,2,2508757194024499019797,2,9
large_integer,39181,2517980566061353795605,2,2517980566061353795605,2,9
large_integer,39182,2517980566061353795607,2,2517980566061353795607,2,9
large_integer,39183,2527203938098208571415,2,2527203938098208571415,2,9
large_integer,39184,2499533821987644243980,2,2564097426245627674641,2,13
large_integer,39185,2600990914393046777873,2,2600990914393046777873,2,15
large_integer,39186,3726242302889329426446,3,3790805907147312857107,3,13
large_integer,39187,3735465674926184202254,3,3827699395294731960339,3,15
large_integer,39188,3726242302889329426448,3,3790805907147312857109,3,13
large_integer,39189,3735465674926184202256,3,3827699395294731960341,3,15
large_integer,39190,3735465674926184202258,3,3800029279184167632919,3,13
large_integer,39191,3744689046963038978066,3,3836922767331586736151,3,15
large_integer,39192,3726242302889329426450,3,3790805907147312857111,3,13
large_integer,39193,3735465674926184202258,3,3827699395294731960343,3,15
large_integer,39194,3735465674926184202260,3,3800029279184167632921,3,13
large_integer,39195,3744689046963038978068,3,3836922767331586736153,3,15
large_integer,39196,3735465674926184202262,3,3800029279184167632923,3,13
large_integer,39197,3744689046963038978070,3,3836922767331586736155,3,15
large_integer,39198,3744689046963038978072,3,3809252651221022408733,3,13
large_integer,39199,3753912418999893753880,3,3846146139368441511965,3,15
large_integer,39200,2499533821987644243982,2,2499533821987644243982,2,9
large_integer,39201,3726242302889329426446,3,3726242302889329426446,3,9
large_integer,39202,3726242302889329426448,3,3726242302889329426448,3,9
large_integer,39203,3735465674926184202256,3,3735465674926184202256,3,9
large_integer,39204,3726242302889329426450,3,3726242302889329426450,3,9
large_integer,39205,3735465674926184202258,3,3735465674926184202258,3,9
large_integer,39206,3735465674926184202260,3,3735465674926184202260,3,9
large_integer,39207,3744689046963038978068,3,3744689046963038978068,3,9
large_integer,39208,3726242302889329426452,3,3726242302889329426452,3,9
large_integer,39209,3735465674926184202260,3,3735465674926184202260,3,9
large_integer,39210,3735465674926184202262,3,3735465674926184202262,3,9
large_integer,39211,3744689046963038978070,3,3744689046963038978070,3,9
large_integer,39212,3735465674926184202264,3,3735465674926184202264,3,9
large_integer,39213,3744689046963038978072,3,3744689046963038978072,3,9
large_integer,39214,3744689046963038978074,3,3744689046963038978074,3,9
large_integer,39215,3753912418999893753882,3,3753912418999893753882,3,9
large_integer,39216,2508757194024499019790,2,3790805907147312857108,3,13
large_integer,39217,3735465674926184202254,3,3827699395294731960340,3,15
large_integer,39218,3735465674926184202256,3,5017514388048998039574,4,13
large_integer,39219,3744689046963038978064,3,5054407876196417142806,4,15
large_integer,39220,3735465674926184202258,3,5017514388048998039576,4,13
large_integer,39221,3744689046963038978066,3,5054407876196417142808,4,15
large_integer,39222,3744689046963038978068,3,5026737760085852815386,4,13
large_integer,39223,3753912418999893753876,3,5063631248233271918618,4,15
large_integer,39224,3735465674926184202260,3,5017514388048998039578,4,13
large_integer,39225,3744689046963038978068,3,5054407876196417142810,4,15
large_integer,39226,3744689046963038978070,3,5026737760085852815388,4,13
large_integer,39227,3753912418999893753878,3,5063631248233271918620,4,15
large_integer,39228,3744689046963038978072,3,5026737760085852815390,4,13
large_integer,39229,3753912418999893753880,3,5063631248233271918622,4,15
large_integer,39230,3753912418999893753882,3,5035961132122707591200,4,13
large_integer,39231,3763135791036748529690,3,5072854620270126694432,4,15
large_integer,39232,2499533821987644243984,2,2499533821987644243984,2,9
large_integer,39233,3726242302889329426448,3,3726242302889329426448,3,9
large_integer,39234,3726242302889329426450,3,3726242302889329426450,3,9
large_integer,39235,3735465674926184202258,3,3735465674926184202258,3,9
large_integer,39236,3726242302889329426452,3,3726242302889329426452,3,9
large_integer,39237,3735465674926184202260,3,3735465674926184202260,3,9
large_integer,39238,3735465674926184202262,3,3735465674926184202262,3,9
large_integer,39239,3744689046963038978070,3,3744689046963038978070,3,9
large_integer,39240,3726242302889329426454,3,3726242302889329426454,3,9
large_integer,39241,3735465674926184202262,3,3735465674926184202262,3,9
large_integer,39242,3735465674926184202264,3,3735465674926184202264,3,9
large_integer,39243,3744689046963038978072,3,3744689046963038978072,3,9
large_integer,39244,3735465674926184202266,3,3735465674926184202266,3,9
large_integer,39245,3744689046963038978074,3,3744689046963038978074,3,9
large_integer,39246,3744689046963038978076,3,3744689046963038978076,3,9
large_integer,39247,3753912418999893753884,3,3753912418999893753884,3,9
large_integer,39248,2508757194024499019792,2,3790805907147312857110,3,13
large_integer,39249,3735465674926184202256,3,3827699395294731960342,3,15
large_integer,39250,3735465674926184202258,3,5017514388048998039576,4,13
large_integer,39251,3744689046963038978066,3,5054407876196417142808,4,15
large_integer,39252,3735465674926184202260,3,5017514388048998039578,4,13
large_integer,39253,3744689046963038978068,3,5054407876196417142810,4,15
large_integer,39254,3744689046963038978070,3,5026737760085852815388,4,13
large_integer,39255,3753912418999893753878,3,5063631248233271918620,4,15
large_integer,39256,3735465674926184202262,3,5017514388048998039580,4,13
large_integer,39257,3744689046963038978070,3,5054407876196417142812,4,15
large_integer,39258,3744689046963038978072,3,5026737760085852815390,4,13
large_integer,39259,3753912418999893753880,3,5063631248233271918622,4,15
large_integer,39260,3744689046963038978074,3,5026737760085852815392,4,13
large_integer,39261,3753912418999893753882,3,5063631248233271918624,4,15
large_integer,39262,3753912418999893753884,3,5035961132122707591202,4,13
large_integer,39263,3763135791036748529692,3,5072854620270126694434,4,15
large_integer,39264,2508757194024499019794,2,2508757194024499019794,2,9
large_integer,39265,3735465674926184202258,3,3735465674926184202258,3,9
large_integer,39266,3735465674926184202260,3,3735465674926184202260,3,9
large_integer,39267,3744689046963038978068,3,3744689046963038978068,3,9
large_integer,39268,3735465674926184202262,3,3735465674926184202262,3,9
large_integer,39269,3744689046963038978070,3,3744689046963038978070,3,9
large_integer,39270,3744689046963038978072,3,3744689046963038978072,3,9
large_integer,39271,3753912418999893753880,3,3753912418999893753880,3,9
large_integer,39272,3735465674926184202264,3,3735465674926184202264,3,9
large_integer,39273,3744689046963038978072,3,3744689046963038978072,3,9
large_integer,39274,3744689046963038978074,3,3744689046963038978074,3,9
large_integer,39275,3753912418999893753882,3,3753912418999893753882,3,9
large_integer,39276,3744689046963038978076,3,3744689046963038978076,3,9
large_integer,39277,3753912418999893753884,3,3753912418999893753884,3,9
large_integer,39278,3753912418999893753886,3,3753912418999893753886,3,9
large_integer,39279,3763135791036748529694,3,3763135791036748529694,3,9
large_integer,39280,2517980566061353795602,2,3800029279184167632920,3,13
large_integer,39281,3744689046963038978066,3,3836922767331586736152,3,15
large_integer,39282,3744689046963038978068,3,5026737760085852815386,4,13
large_integer,39283,3753912418999893753876,3,5063631248233271918618,4,15
large_integer,39284,3744689046963038978070,3,5026737760085852815388,4,13
large_integer,39285,3753912418999893753878,3,5063631248233271918620,4,15
large_integer,39286,3753912418999893753880,3,5035961132122707591198,4,13
large_integer,39287,3763135791036748529688,3,5072854620270126694430,4,15
large_integer,39288,3744689046963038978072,3,5026737760085852815390,4,13
large_integer,39289,3753912418999893753880,3,5063631248233271918622,4,15
large_integer,39290,3753912418999893753882,3,5035961132122707591200,4,13
large_integer,39291,3763135791036748529690,3,5072854620270126694432,4,15
large_integer,39292,3753912418999893753884,3,5035961132122707591202,4,13
large_integer,39293,3763135791036748529692,3,5072854620270126694434,4,15
large_integer,39294,3763135791036748529694,3,5045184504159562367012,4,13
large_integer,39295,3772359163073603305502,3,5082077992306981470244,4,15
large_integer,39296,2499533821987644243986,2,2564097426245627674641,2,13
large_integer,39297,3726242302889329426450,3,3790805907147312857105,3,13
large_integer,39298,3726242302889329426452,3,3790805907147312857107,3,13
large_integer,39299,3735465674926184202260,3,3800029279184167632915,3,13
large_integer,39300,3726242302889329426454,3,3790805907147312857109,3,13
large_integer,39301,3735465674926184202262,3,3800029279184167632917,3,13
large_integer,39302,3735465674926184202264,3,3800029279184167632919,3,13
large_integer,39303,3744689046963038978072,3,3809252651221022408727,3,13
large_integer,39304,2600990914393046777873,2,2600990914393046777873,2,15
large_integer,39305,3735465674926184202264,3,3827699395294731960337,3,15
large_integer,39306,3735465674926184202266,3,3827699395294731960339,3,15
large_integer,39307,3744689046963038978074,3,3836922767331586736147,3,15
large_integer,39308,3735465674926184202268,3,3827699395294731960341,3,15
large_integer,39309,3744689046963038978076,3,3836922767331586736149,3,15
large_integer,39310,3744689046963038978078,3,3836922767331586736151,3,15
large_integer,39311,3753912418999893753886,3,3846146139368441511959,3,15
large_integer,39312,1309718829233378164748,1,1309718829233378164748,1,11
large_integer,39313,2536427310135063347212,2,2637884402540465881106,2,17
large_integer,39314,2536427310135063347214,2,2536427310135063347214,2,11
large_integer,39315,2545650682171918123022,2,3864592883442151063572,3,17
large_integer,39316,2536427310135063347216,2,2536427310135063347216,2,11
large_integer,39317,2545650682171918123024,2,3864592883442151063574,3,17
large_integer,39318,2545650682171918123026,2,2545650682171918123026,2,11
large_integer,39319,2554874054208772898834,2,3873816255479005839384,3,17
large_integer,39320,2536427310135063347218,2,2637884402540465881106,2,17
large_integer,39321,1346612317380797267980,1,1346612317380797267980,1,13
large_integer,39322,2545650682171918123028,2,3864592883442151063572,3,17
large_integer,39323,2554874054208772898836,2,2573320798282482450446,2,13
large_integer,39324,2545650682171918123030,2,3864592883442151063574,3,17
large_integer,39325,2554874054208772898838,2,2573320798282482450448,2,13
large_integer,39326,2554874054208772898840,2,3873816255479005839384,3,17
large_integer,39327,2564097426245627674648,2,2582544170319337226258,2,13
large_integer,39328,2508757194024499019796,2,3790805907147312857108,3,13
large_integer,39329,3735465674926184202260,3,5017514388048998039572,4,13
large_integer,39330,3735465674926184202262,3,5017514388048998039574,4,13
large_integer,39331,3744689046963038978070,3,5026737760085852815382,4,13
large_integer,39332,3735465674926184202264,3,5017514388048998039576,4,13
large_integer,39333,3744689046963038978072,3,5026737760085852815384,4,13
large_integer,39334,3744689046963038978074,3,5026737760085852815386,4,13
large_integer,39335,3753912418999893753882,3,5035961132122707591194,4,13
large_integer,39336,3735465674926184202266,3,3827699395294731960340,3,15
large_integer,39337,3744689046963038978074,3,5054407876196417142804,4,15
large_integer,39338,3744689046963038978076,3,5054407876196417142806,4,15
large_integer,39339,3753912418999893753884,3,5063631248233271918614,4,15
large_integer,39340,3744689046963038978078,3,5054407876196417142808,4,15
large_integer,39341,3753912418999893753886,3,5063631248233271918616,4,15
large_integer,39342,3753912418999893753888,3,5063631248233271918618,4,15
large_integer,39343,3763135791036748529696,3,5072854620270126694426,4,15
large_integer,39344,2517980566061353795604,2,2536427310135063347215,2,11
large_integer,39345,3744689046963038978068,3,3864592883442151063573,3,17
large_integer,39346,3744689046963038978070,3,3763135791036748529681,3,11
large_integer,39347,3753912418999893753878,3,5091301364343836246039,4,17
large_integer,39348,3744689046963038978072,3,3763135791036748529683,3,11
large_integer,39349,3753912418999893753880,3,5091301364343836246041,4,17
large_integer,39350,3753912418999893753882,3,3772359163073603305493,3,11
large_integer,39351,3763135791036748529690,3,5100524736380691021851,4,17
large_integer,39352,3744689046963038978074,3,3864592883442151063573,3,17
large_integer,39353,2573320798282482450447,2,2573320798282482450447,2,13
large_integer,39354,3753912418999893753884,3,5091301364343836246039,4,17
large_integer,39355,3763135791036748529692,3,3800029279184167632913,3,13
large_integer,39356,3753912418999893753886,3,5091301364343836246041,4,17
large_integer,39357,3763135791036748529694,3,3800029279184167632915,3,13
large_integer,39358,3763135791036748529696,3,5100524736380691021851,4,17
large_integer,39359,3772359163073603305504,3,3809252651221022408725,3,13
large_integer,39360,2508757194024499019798,2,3790805907147312857110,3,13
large_integer,39361,3735465674926184202262,3,5017514388048998039574,4,13
large_integer,39362,3735465674926184202264,3,5017514388048998039576,4,13
large_integer,39363,3744689046963038978072,3,5026737760085852815384,4,13
large_integer,39364,3735465674926184202266,3,5017514388048998039578,4,13
large_integer,39365,3744689046963038978074,3,5026737760085852815386,4,13
large_integer,39366,3744689046963038978076,3,5026737760085852815388,4,13
large_integer,39367,3753912418999893753884,3,5035961132122707591196,4,13
large_integer,39368,3735465674926184202268,3,3827699395294731960342,3,15
large_integer,39369,3744689046963038978076,3,5054407876196417142806,4,15
large_integer,39370,3744689046963038978078,3,5054407876196417142808,4,15
large_integer,39371,3753912418999893753886,3,5063631248233271918616,4,15
large_integer,39372,3744689046963038978080,3,5054407876196417142810,4,15
large_integer,39373,3753912418999893753888,3,5063631248233271918618,4,15
large_integer,39374,3753912418999893753890,3,5063631248233271918620,4,15
large_integer,39375,3763135791036748529698,3,5072854620270126694428,4,15
large_integer,39376,2517980566061353795606,2,2536427310135063347217,2,11
large_integer,39377,3744689046963038978070,3,3864592883442151063575,3,17
large_integer,39378,3744689046963038978072,3,3763135791036748529683,3,11
large_integer,39379,3753912418999893753880,3,5091301364343836246041,4,17
large_integer,39380,3744689046963038978074,3,3763135791036748529685,3,11
large_integer,39381,3753912418999893753882,3,5091301364343836246043,4,17
large_integer,39382,3753912418999893753884,3,3772359163073603305495,3,11
large_integer,39383,3763135791036748529692,3,5100524736380691021853,4,17
large_integer,39384,3744689046963038978076,3,3864592883442151063575,3,17
large_integer,39385,2573320798282482450449,2,2573320798282482450449,2,13
large_integer,39386,3753912418999893753886,3,5091301364343836246041,4,17
large_integer,39387,3763135791036748529694,3,3800029279184167632915,3,13
large_integer,39388,3753912418999893753888,3,5091301364343836246043,4,17
large_integer,39389,3763135791036748529696,3,3800029279184167632917,3,13
large_integer,39390,3763135791036748529698,3,5100524736380691021853,4,17
large_integer,39391,3772359163073603305506,3,3809252651221022408727,3,13
large_integer,39392,2517980566061353795608,2,3800029279184167632920,3,13
large_integer,39393,3744689046963038978072,3,5026737760085852815384,4,13
large_integer,39394,3744689046963038978074,3,5026737760085852815386,4,13
large_integer,39395,3753912418999893753882,3,5035961132122707591194,4,13
large_integer,39396,3744689046963038978076,3,5026737760085852815388,4,13
large_integer,39397,3753912418999893753884,3,5035961132122707591196,4,13
large_integer,39398,3753912418999893753886,3,5035961132122707591198,4,13
large_integer,39399,3763135791036748529694,3,5045184504159562367006,4,13
large_integer,39400,3744689046963038978078,3,3836922767331586736152,3,15
large_integer,39401,3753912418999893753886,3,5063631248233271918616,4,15
large_integer,39402,3753912418999893753888,3,5063631248233271918618,4,15
large_integer,39403,3763135791036748529696,3,5072854620270126694426,4,15
large_integer,39404,3753912418999893753890,3,5063631248233271918620,4,15
large_integer,39405,3763135791036748529698,3,5072854620270126694428,4,15
large_integer,39406,3763135791036748529700,3,5072854620270126694430,4,15
large_integer,39407,3772359163073603305508,3,5082077992306981470238,4,15
large_integer,39408,2527203938098208571416,2,2545650682171918123027,2,11
large_integer,39409,3753912418999893753880,3,3873816255479005839385,3,17
large_integer,39410,3753912418999893753882,3,3772359163073603305493,3,11
large_integer,39411,3763135791036748529690,3,5100524736380691021851,4,17
large_integer,39412,3753912418999893753884,3,3772359163073603305495,3,11
large_integer,39413,3763135791036748529692,3,5100524736380691021853,4,17
large_integer,39414,3763135791036748529694,3,3781582535110458081305,3,11
large_integer,39415,3772359163073603305502,3,5109748108417545797663,4,17
large_integer,39416,3753912418999893753886,3,3873816255479005839385,3,17
large_integer,39417,2582544170319337226259,2,2582544170319337226259,2,13
large_integer,39418,3763135791036748529696,3,5100524736380691021851,4,17
large_integer,39419,3772359163073603305504,3,3809252651221022408725,3,13
large_integer,39420,3763135791036748529698,3,5100524736380691021853,4,17
large_integer,39421,3772359163073603305506,3,3809252651221022408727,3,13
large_integer,39422,3772359163073603305508,3,5109748108417545797663,4,17
large_integer,39423,3781582535110458081316,3,3818476023257877184537,3,13
large_integer,39424,2471863705877079916563,2,3717018930852474650642,3,9
large_integer,39425,3698572186778765099027,3,4943727411754159833106,4,9
large_integer,39426,3698572186778765099029,3,4943727411754159833108,4,9
large_integer,39427,3707795558815619874837,3,4952950783791014608916,4,9
large_integer,39428,3698572186778765099031,3,4943727411754159833110,4,9
large_integer,39429,3707795558815619874839,3,4952950783791014608918,4,9
large_integer,39430,3707795558815619874841,3,4952950783791014608920,4,9
large_integer,39431,3717018930852474650649,3,4962174155827869384728,4,9
large_integer,39432,3698572186778765099033,3,4943727411754159833112,4,9
large_integer,39433,3707795558815619874841,3,4952950783791014608920,4,9
large_integer,39434,3707795558815619874843,3,4952950783791014608922,4,9
large_integer,39435,3717018930852474650651,3,4962174155827869384730,4,9
large_integer,39436,3707795558815619874845,3,4952950783791014608924,4,9
large_integer,39437,3717018930852474650653,3,4962174155827869384732,4,9
large_integer,39438,3717018930852474650655,3,4962174155827869384734,4,9
large_integer,39439,3726242302889329426463,3,4971397527864724160542,4,9
large_integer,39440,3698572186778765099028,3,4943727411754159833107,4,9
large_integer,39441,4925280667680450281492,4,6170435892655845015571,5,9
large_integer,39442,4925280667680450281494,4,6170435892655845015573,5,9
large_integer,39443,4934504039717305057302,4,6179659264692699791381,5,9
large_integer,39444,4925280667680450281496,4,6170435892655845015575,5,9
large_integer,39445,4934504039717305057304,4,6179659264692699791383,5,9
large_integer,39446,4934504039717305057306,4,6179659264692699791385,5,9
large_integer,39447,4943727411754159833114,4,6188882636729554567193,5,9
large_integer,39448,4925280667680450281498,4,6170435892655845015577,5,9
large_integer,39449,4934504039717305057306,4,6179659264692699791385,5,9
large_integer,39450,4934504039717305057308,4,6179659264692699791387,5,9
large_integer,39451,4943727411754159833116,4,6188882636729554567195,5,9
large_integer,39452,4934504039717305057310,4,6179659264692699791389,5,9
large_integer,39453,4943727411754159833118,4,6188882636729554567197,5,9
large_integer,39454,4943727411754159833120,4,6188882636729554567199,5,9
large_integer,39455,4952950783791014608928,4,6198106008766409343007,5,9
large_integer,39456,3698572186778765099030,3,4943727411754159833109,4,9
large_integer,39457,4925280667680450281494,4,6170435892655845015573,5,9
large_integer,39458,4925280667680450281496,4,6170435892655845015575,5,9
large_integer,39459,4934504039717305057304,4,6179659264692699791383,5,9
large_integer,39460,4925280667680450281498,4,6170435892655845015577,5,9
large_integer,39461,4934504039717305057306,4,6179659264692699791385,5,9
large_integer,39462,4934504039717305057308,4,6179659264692699791387,5,9
large_integer,39463,4943727411754159833116,4,6188882636729554567195,5,9
large_integer,39464,4925280667680450281500,4,6170435892655845015579,5,9
large_integer,39465,4934504039717305057308,4,6179659264692699791387,5,9
large_integer,39466,4934504039717305057310,4,6179659264692699791389,5,9
large_integer,39467,4943727411754159833118,4,6188882636729554567197,5,9
large_integer,39468,4934504039717305057312,4,6179659264692699791391,5,9
large_integer,39469,4943727411754159833120,4,6188882636729554567199,5,9
large_integer,39470,4943727411754159833122,4,6188882636729554567201,5,9
large_integer,39471,4952950783791014608930,4,6198106008766409343009,5,9
large_integer,39472,3707795558815619874838,3,4952950783791014608917,4,9
large_integer,39473,4934504039717305057302,4,6179659264692699791381,5,9
large_integer,39474,4934504039717305057304,4,6179659264692699791383,5,9
large_integer,39475,4943727411754159833112,4,6188882636729554567191,5,9
large_integer,39476,4934504039717305057306,4,6179659264692699791385,5,9
large_integer,39477,4943727411754159833114,4,6188882636729554567193,5,9
large_integer,39478,4943727411754159833116,4,6188882636729554567195,5,9
large_integer,39479,4952950783791014608924,4,6198106008766409343003,5,9
large_integer,39480,4934504039717305057308,4,6179659264692699791387,5,9
large_integer,39481,4943727411754159833116,4,6188882636729554567195,5,9
large_integer,39482,4943727411754159833118,4,6188882636729554567197,5,9
large_integer,39483,4952950783791014608926,4,6198106008766409343005,5,9
large_integer,39484,4943727411754159833120,4,6188882636729554567199,5,9
large_integer,39485,4952950783791014608928,4,6198106008766409343007,5,9
large_integer,39486,4952950783791014608930,4,6198106008766409343009,5,9
large_integer,39487,4962174155827869384738,4,6207329380803264118817,5,9
large_integer,39488,3698572186778765099032,3,4943727411754159833111,4,9
large_integer,39489,4925280667680450281496,4,6170435892655845015575,5,9
large_integer,39490,4925280667680450281498,4,6170435892655845015577,5,9
large_integer,39491,4934504039717305057306,4,6179659264692699791385,5,9
large_integer,39492,4925280667680450281500,4,6170435892655845015579,5,9
large_integer,39493,4934504039717305057308,4,6179659264692699791387,5,9
large_integer,39494,4934504039717305057310,4,6179659264692699791389,5,9
large_integer,39495,4943727411754159833118,4,6188882636729554567197,5,9
large_integer,39496,4925280667680450281502,4,6170435892655845015581,5,9
large_integer,39497,4934504039717305057310,4,6179659264692699791389,5,9
large_integer,39498,4934504039717305057312,4,6179659264692699791391,5,9
large_integer,39499,4943727411754159833120,4,6188882636729554567199,5,9
large_integer,39500,4934504039717305057314,4,6179659264692699791393,5,9
large_integer,39501,4943727411754159833122,4,6188882636729554567201,5,9
large_integer,39502,4943727411754159833124,4,6188882636729554567203,5,9
large_integer,39503,4952950783791014608932,4,6198106008766409343011,5,9
large_integer,39504,3707795558815619874840,3,4952950783791014608919,4,9
large_integer,39505,4934504039717305057304,4,6179659264692699791383,5,9
large_integer,39506,4934504039717305057306,4,6179659264692699791385,5,9
large_integer,39507,4943727411754159833114,4,6188882636729554567193,5,9
large_integer,39508,4934504039717305057308,4,6179659264692699791387,5,9
large_integer,39509,4943727411754159833116,4,6188882636729554567195,5,9
large_integer,39510,4943727411754159833118,4,6188882636729554567197,5,9
large_integer,39511,4952950783791014608926,4,6198106008766409343005,5,9
large_integer,39512,4934504039717305057310,4,6179659264692699791389,5,9
large_integer,39513,4943727411754159833118,4,6188882636729554567197,5,9
large_integer,39514,4943727411754159833120,4,6188882636729554567199,5,9
large_integer,39515,4952950783791014608928,4,6198106008766409343007,5,9
large_integer,39516,4943727411754159833122,4,6188882636729554567201,5,9
large_integer,39517,4952950783791014608930,4,6198106008766409343009,5,9
large_integer,39518,4952950783791014608932,4,6198106008766409343011,5,9
large_integer,39519,4962174155827869384740,4,6207329380803264118819,5,9
large_integer,39520,3707795558815619874842,3,4952950783791014608921,4,9
large_integer,39521,4934504039717305057306,4,6179659264692699791385,5,9
large_integer,39522,4934504039717305057308,4,6179659264692699791387,5,9
large_integer,39523,4943727411754159833116,4,6188882636729554567195,5,9
large_integer,39524,4934504039717305057310,4,6179659264692699791389,5,9
large_integer,39525,4943727411754159833118,4,6188882636729554567197,5,9
large_integer,39526,4943727411754159833120,4,6188882636729554567199,5,9
large_integer,39527,4952950783791014608928,4,6198106008766409343007,5,9
large_integer,39528,4934504039717305057312,4,6179659264692699791391,5,9
large_integer,39529,4943727411754159833120,4,6188882636729554567199,5,9
large_integer,39530,4943727411754159833122,4,6188882636729554567201,5,9
large_integer,39531,4952950783791014608930,4,6198106008766409343009,5,9
large_integer,39532,4943727411754159833124,4,6188882636729554567203,5,9
large_integer,39533,4952950783791014608932,4,6198106008766409343011,5,9
large_integer,39534,4952950783791014608934,4,6198106008766409343013,5,9
large_integer,39535,4962174155827869384742,4,6207329380803264118821,5,9
large_integer,39536,3717018930852474650650,3,4962174155827869384729,4,9
large_integer,39537,4943727411754159833114,4,6188882636729554567193,5,9
large_integer,39538,4943727411754159833116,4,6188882636729554567195,5,9
large_integer,39539,4952950783791014608924,4,6198106008766409343003,5,9
large_integer,39540,4943727411754159833118,4,6188882636729554567197,5,9
large_integer,39541,4952950783791014608926,4,6198106008766409343005,5,9
large_integer,39542,4952950783791014608928,4,6198106008766409343007,5,9
large_integer,39543,4962174155827869384736,4,6207329380803264118815,5,9
large_integer,39544,4943727411754159833120,4,6188882636729554567199,5,9
large_integer,39545,4952950783791014608928,4,6198106008766409343007,5,9
large_integer,39546,4952950783791014608930,4,6198106008766409343009,5,9
large_integer,39547,4962174155827869384738,4,6207329380803264118817,5,9
large_integer,39548,4952950783791014608932,4,6198106008766409343011,5,9
large_integer,39549,4962174155827869384740,4,6207329380803264118819,5,9
large_integer,39550,4962174155827869384742,4,6207329380803264118821,5,9
large_integer,39551,4971397527864724160550,4,6216552752840118894629,5,9
large_integer,39552,3698572186778765099034,3,3753912418999893753875,3,11
large_integer,39553,4925280667680450281498,4,4980620899901578936339,4,11
large_integer,39554,4925280667680450281500,4,4980620899901578936341,4,11
large_integer,39555,4934504039717305057308,4,4989844271938433712149,4,11
large_integer,39556,4925280667680450281502,4,4980620899901578936343,4,11
large_integer,39557,4934504039717305057310,4,4989844271938433712151,4,11
large_integer,39558,4934504039717305057312,4,4989844271938433712153,4,11
large_integer,39559,4943727411754159833120,4,4999067643975288487961,4,11
large_integer,39560,3790805907147312857107,3,3790805907147312857107,3,13
large_integer,39561,4934504039717305057312,4,5017514388048998039571,4,13
large_integer,39562,4934504039717305057314,4,5017514388048998039573,4,13
large_integer,39563,4943727411754159833122,4,5026737760085852815381,4,13
large_integer,39564,4934504039717305057316,4,5017514388048998039575,4,13
large_integer,39565,4943727411754159833124,4,5026737760085852815383,4,13
large_integer,39566,4943727411754159833126,4,5026737760085852815385,4,13
large_integer,39567,4952950783791014608934,4,5035961132122707591193,4,13
large_integer,39568,3707795558815619874842,3,4980620899901578936340,4,11
large_integer,39569,4934504039717305057306,4,6207329380803264118804,5,11
large_integer,39570,4934504039717305057308,4,6207329380803264118806,5,11
large_integer,39571,4943727411754159833116,4,6216552752840118894614,5,11
large_integer,39572,4934504039717305057310,4,6207329380803264118808,5,11
large_integer,39573,4943727411754159833118,4,6216552752840118894616,5,11
large_integer,39574,4943727411754159833120,4,6216552752840118894618,5,11
large_integer,39575,4952950783791014608928,4,6225776124876973670426,5,11
large_integer,39576,4934504039717305057312,4,5017514388048998039572,4,13
large_integer,39577,4943727411754159833120,4,6244222868950683222036,5,13
large_integer,39578,4943727411754159833122,4,6244222868950683222038,5,13
large_integer,39579,4952950783791014608930,4,6253446240987537997846,5,13
large_integer,39580,4943727411754159833124,4,6244222868950683222040,5,13
large_integer,39581,4952950783791014608932,4,6253446240987537997848,5,13
large_integer,39582,4952950783791014608934,4,6253446240987537997850,5,13
large_integer,39583,4962174155827869384742,4,6262669613024392773658,5,13
large_integer,39584,3707795558815619874844,3,4980620899901578936342,4,11
large_integer,39585,4934504039717305057308,4,6207329380803264118806,5,11
large_integer,39586,4934504039717305057310,4,6207329380803264118808,5,11
large_integer,39587,4943727411754159833118,4,6216552752840118894616,5,11
large_integer,39588,4934504039717305057312,4,6207329380803264118810,5,11
large_integer,39589,4943727411754159833120,4,6216552752840118894618,5,11
large_integer,39590,4943727411754159833122,4,6216552752840118894620,5,11
large_integer,39591,4952950783791014608930,4,6225776124876973670428,5,11
large_integer,39592,4934504039717305057314,4,5017514388048998039574,4,13
large_integer,39593,4943727411754159833122,4,6244222868950683222038,5,13
large_integer,39594,4943727411754159833124,4,6244222868950683222040,5,13
large_integer,39595,4952950783791014608932,4,6253446240987537997848,5,13
large_integer,39596,4943727411754159833126,4,6244222868950683222042,5,13
large_integer,39597,4952950783791014608934,4,6253446240987537997850,5,13
large_integer,39598,4952950783791014608936,4,6253446240987537997852,5,13
large_integer,39599,4962174155827869384744,4,6262669613024392773660,5,13
large_integer,39600,3717018930852474650652,3,4989844271938433712150,4,11
large_integer,39601,4943727411754159833116,4,6216552752840118894614,5,11
large_integer,39602,4943727411754159833118,4,6216552752840118894616,5,11
large_integer,39603,4952950783791014608926,4,6225776124876973670424,5,11
large_integer,39604,4943727411754159833120,4,6216552752840118894618,5,11
large_integer,39605,4952950783791014608928,4,6225776124876973670426,5,11
large_integer,39606,4952950783791014608930,4,6225776124876973670428,5,11
large_integer,39607,4962174155827869384738,4,6234999496913828446236,5,11
large_integer,39608,4943727411754159833122,4,5026737760085852815382,4,13
large_integer,39609,4952950783791014608930,4,6253446240987537997846,5,13
large_integer,39610,4952950783791014608932,4,6253446240987537997848,5,13
large_integer,39611,4962174155827869384740,4,6262669613024392773656,5,13
large_integer,39612,4952950783791014608934,4,6253446240987537997850,5,13
large_integer,39613,4962174155827869384742,4,6262669613024392773658,5,13
large_integer,39614,4962174155827869384744,4,6262669613024392773660,5,13
large_integer,39615,4971397527864724160552,4,6271892985061247549468,5,13
large_integer,39616,3707795558815619874846,3,4980620899901578936344,4,11
large_integer,39617,4934504039717305057310,4,6207329380803264118808,5,11
large_integer,39618,4934504039717305057312,4,6207329380803264118810,5,11
large_integer,39619,4943727411754159833120,4,6216552752840118894618,5,11
large_integer,39620,4934504039717305057314,4,6207329380803264118812,5,11
large_integer,39621,4943727411754159833122,4,6216552752840118894620,5,11
large_integer,39622,4943727411754159833124,4,6216552752840118894622,5,11
large_integer,39623,4952950783791014608932,4,6225776124876973670430,5,11
large_integer,39624,4934504039717305057316,4,5017514388048998039576,4,13
large_integer,39625,4943727411754159833124,4,6244222868950683222040,5,13
large_integer,39626,4943727411754159833126,4,6244222868950683222042,5,13
large_integer,39627,4952950783791014608934,4,6253446240987537997850,5,13
large_integer,39628,4943727411754159833128,4,6244222868950683222044,5,13
large_integer,39629,4952950783791014608936,4,6253446240987537997852,5,13
large_integer,39630,4952950783791014608938,4,6253446240987537997854,5,13
large_integer,39631,4962174155827869384746,4,6262669613024392773662,5,13
large_integer,39632,3717018930852474650654,3,4989844271938433712152,4,11
large_integer,39633,4943727411754159833118,4,6216552752840118894616,5,11
large_integer,39634,4943727411754159833120,4,6216552752840118894618,5,11
large_integer,39635,4952950783791014608928,4,6225776124876973670426,5,11
large_integer,39636,4943727411754159833122,4,6216552752840118894620,5,11
large_integer,39637,4952950783791014608930,4,6225776124876973670428,5,11
large_integer,39638,4952950783791014608932,4,6225776124876973670430,5,11
large_integer,39639,4962174155827869384740,4,6234999496913828446238,5,11
large_integer,39640,4943727411754159833124,4,5026737760085852815384,4,13
large_integer,39641,4952950783791014608932,4,6253446240987537997848,5,13
large_integer,39642,4952950783791014608934,4,6253446240987537997850,5,13
large_integer,39643,4962174155827869384742,4,6262669613024392773658,5,13
large_integer,39644,4952950783791014608936,4,6253446240987537997852,5,13
large_integer,39645,4962174155827869384744,4,6262669613024392773660,5,13
large_integer,39646,4962174155827869384746,4,6262669613024392773662,5,13
large_integer,39647,4971397527864724160554,4,6271892985061247549470,5,13
large_integer,39648,3717018930852474650656,3,4989844271938433712154,4,11
large_integer,39649,4943727411754159833120,4,6216552752840118894618,5,11
large_integer,39650,4943727411754159833122,4,6216552752840118894620,5,11
large_integer,39651,4952950783791014608930,4,6225776124876973670428,5,11
large_integer,39652,4943727411754159833124,4,6216552752840118894622,5,11
large_integer,39653,4952950783791014608932,4,6225776124876973670430,5,11
large_integer,39654,4952950783791014608934,4,6225776124876973670432,5,11
large_integer,39655,4962174155827869384742,4,6234999496913828446240,5,11
large_integer,39656,4943727411754159833126,4,5026737760085852815386,4,13
large_integer,39657,4952950783791014608934,4,6253446240987537997850,5,13
large_integer,39658,4952950783791014608936,4,6253446240987537997852,5,13
large_integer,39659,4962174155827869384744,4,6262669613024392773660,5,13
large_integer,39660,4952950783791014608938,4,6253446240987537997854,5,13
large_integer,39661,4962174155827869384746,4,6262669613024392773662,5,13
large_integer,39662,4962174155827869384748,4,6262669613024392773664,5,13
large_integer,39663,4971397527864724160556,4,6271892985061247549472,5,13
large_integer,39664,3726242302889329426464,3,4999067643975288487962,4,11
large_integer,39665,4952950783791014608928,4,6225776124876973670426,5,11
large_integer,39666,4952950783791014608930,4,6225776124876973670428,5,11
large_integer,39667,4962174155827869384738,4,6234999496913828446236,5,11
large_integer,39668,4952950783791014608932,4,6225776124876973670430,5,11
large_integer,39669,4962174155827869384740,4,6234999496913828446238,5,11
large_integer,39670,4962174155827869384742,4,6234999496913828446240,5,11
large_integer,39671,4971397527864724160550,4,6244222868950683222048,5,11
large_integer,39672,4952950783791014608934,4,5035961132122707591194,4,13
large_integer,39673,4962174155827869384742,4,6262669613024392773658,5,13
large_integer,39674,4962174155827869384744,4,6262669613024392773660,5,13
large_integer,39675,4971397527864724160552,4,6271892985061247549468,5,13
large_integer,39676,4962174155827869384746,4,6262669613024392773662,5,13
large_integer,39677,4971397527864724160554,4,6271892985061247549470,5,13
large_integer,39678,4971397527864724160556,4,6271892985061247549472,5,13
large_integer,39679,4980620899901578936364,4,6281116357098102325280,5,13
large_integer,39680,2481087077913934692371,2,2499533821987644243983,2,9
large_integer,39681,3707795558815619874835,3,3726242302889329426447,3,9
large_integer,39682,3707795558815619874837,3,3726242302889329426449,3,9
large_integer,39683,3717018930852474650645,3,3735465674926184202257,3,9
large_integer,39684,3707795558815619874839,3,3726242302889329426451,3,9
large_integer,39685,3717018930852474650647,3,3735465674926184202259,3,9
large_integer,39686,3717018930852474650649,3,3735465674926184202261,3,9
large_integer,39687,3726242302889329426457,3,3744689046963038978069,3,9
large_integer,39688,3707795558815619874841,3,3726242302889329426453,3,9
large_integer,39689,3717018930852474650649,3,3735465674926184202261,3,9
large_integer,39690,3717018930852474650651,3,3735465674926184202263,3,9
large_integer,39691,3726242302889329426459,3,3744689046963038978071,3,9
large_integer,39692,3717018930852474650653,3,3735465674926184202265,3,9
large_integer,39693,3726242302889329426461,3,3744689046963038978073,3,9
large_integer,39694,3726242302889329426463,3,3744689046963038978075,3,9
large_integer,39695,3735465674926184202271,3,3753912418999893753883,3,9
large_integer,39696,3707795558815619874836,3,3790805907147312857109,3,13
large_integer,39697,3800029279184167632921,3,3827699395294731960341,3,15
large_integer,39698,4934504039717305057302,4,5017514388048998039575,4,13
large_integer,39699,4943727411754159833110,4,5054407876196417142807,4,15
large_integer,39700,4934504039717305057304,4,5017514388048998039577,4,13
large_integer,39701,4943727411754159833112,4,5054407876196417142809,4,15
large_integer,39702,4943727411754159833114,4,5026737760085852815387,4,13
large_integer,39703,4952950783791014608922,4,5063631248233271918619,4,15
large_integer,39704,4934504039717305057306,4,5017514388048998039579,4,13
large_integer,39705,4943727411754159833114,4,5054407876196417142811,4,15
large_integer,39706,4943727411754159833116,4,5026737760085852815389,4,13
large_integer,39707,4952950783791014608924,4,5063631248233271918621,4,15
large_integer,39708,4943727411754159833118,4,5026737760085852815391,4,13
large_integer,39709,4952950783791014608926,4,5063631248233271918623,4,15
large_integer,39710,4952950783791014608928,4,5035961132122707591201,4,13
large_integer,39711,4962174155827869384736,4,5072854620270126694433,4,15
large_integer,39712,3707795558815619874838,3,3726242302889329426450,3,9
large_integer,39713,4934504039717305057302,4,4952950783791014608914,4,9
large_integer,39714,4934504039717305057304,4,4952950783791014608916,4,9
large_integer,39715,4943727411754159833112,4,4962174155827869384724,4,9
large_integer,39716,4934504039717305057306,4,4952950783791014608918,4,9
large_integer,39717,4943727411754159833114,4,4962174155827869384726,4,9
large_integer,39718,4943727411754159833116,4,4962174155827869384728,4,9
large_integer,39719,4952950783791014608924,4,4971397527864724160536,4,9
large_integer,39720,4934504039717305057308,4,4952950783791014608920,4,9
large_integer,39721,4943727411754159833116,4,4962174155827869384728,4,9
large_integer,39722,4943727411754159833118,4,4962174155827869384730,4,9
large_integer,39723,4952950783791014608926,4,4971397527864724160538,4,9
large_integer,39724,4943727411754159833120,4,4962174155827869384732,4,9
large_integer,39725,4952950783791014608928,4,4971397527864724160540,4,9
large_integer,39726,4952950783791014608930,4,4971397527864724160542,4,9
large_integer,39727,4962174155827869384738,4,4980620899901578936350,4,9
large_integer,39728,3717018930852474650646,3,5017514388048998039576,4,13
large_integer,39729,4943727411754159833110,4,5054407876196417142808,4,15
large_integer,39730,4943727411754159833112,4,6244222868950683222042,5,13
large_integer,39731,4952950783791014608920,4,6281116357098102325274,5,15
large_integer,39732,4943727411754159833114,4,6244222868950683222044,5,13
large_integer,39733,4952950783791014608922,4,6281116357098102325276,5,15
large_integer,39734,4952950783791014608924,4,6253446240987537997854,5,13
large_integer,39735,4962174155827869384732,4,6290339729134957101086,5,15
large_integer,39736,4943727411754159833116,4,6244222868950683222046,5,13
large_integer,39737,4952950783791014608924,4,6281116357098102325278,5,15
large_integer,39738,4952950783791014608926,4,6253446240987537997856,5,13
large_integer,39739,4962174155827869384734,4,6290339729134957101088,5,15
large_integer,39740,4952950783791014608928,4,6253446240987537997858,5,13
large_integer,39741,4962174155827869384736,4,6290339729134957101090,5,15
large_integer,39742,4962174155827869384738,4,6262669613024392773668,5,13
large_integer,39743,4971397527864724160546,4,6299563101171811876900,5,15
large_integer,39744,3707795558815619874840,3,3726242302889329426452,3,9
large_integer,39745,4934504039717305057304,4,4952950783791014608916,4,9
large_integer,39746,4934504039717305057306,4,4952950783791014608918,4,9
large_integer,39747,4943727411754159833114,4,4962174155827869384726,4,9
large_integer,39748,4934504039717305057308,4,4952950783791014608920,4,9
large_integer,39749,4943727411754159833116,4,4962174155827869384728,4,9
large_integer,39750,4943727411754159833118,4,4962174155827869384730,4,9
large_integer,39751,4952950783791014608926,4,4971397527864724160538,4,9
large_integer,39752,4934504039717305057310,4,4952950783791014608922,4,9
large_integer,39753,4943727411754159833118,4,4962174155827869384730,4,9
large_integer,39754,4943727411754159833120,4,4962174155827869384732,4,9
large_integer,39755,4952950783791014608928,4,4971397527864724160540,4,9
large_integer,39756,4943727411754159833122,4,4962174155827869384734,4,9
large_integer,39757,4952950783791014608930,4,4971397527864724160542,4,9
large_integer,39758,4952950783791014608932,4,4971397527864724160544,4,9
large_integer,39759,4962174155827869384740,4,4980620899901578936352,4,9
large_integer,39760,3717018930852474650648,3,5017514388048998039578,4,13
large_integer,39761,4943727411754159833112,4,5054407876196417142810,4,15
large_integer,39762,4943727411754159833114,4,6244222868950683222044,5,13
large_integer,39763,4952950783791014608922,4,6281116357098102325276,5,15
large_integer,39764,4943727411754159833116,4,6244222868950683222046,5,13
large_integer,39765,4952950783791014608924,4,6281116357098102325278,5,15
large_integer,39766,4952950783791014608926,4,6253446240987537997856,5,13
large_integer,39767,4962174155827869384734,4,6290339729134957101088,5,15
large_integer,39768,4943727411754159833118,4,6244222868950683222048,5,13
large_integer,39769,4952950783791014608926,4,6281116357098102325280,5,15
large_integer,39770,4952950783791014608928,4,6253446240987537997858,5,13
large_integer,39771,4962174155827869384736,4,6290339729134957101090,5,15
large_integer,39772,4952950783791014608930,4,6253446240987537997860,5,13
large_integer,39773,4962174155827869384738,4,6290339729134957101092,5,15
large_integer,39774,4962174155827869384740,4,6262669613024392773670,5,13
large_integer,39775,4971397527864724160548,4,6299563101171811876902,5,15
large_integer,39776,3717018930852474650650,3,3735465674926184202262,3,9
large_integer,39777,4943727411754159833114,4,4962174155827869384726,4,9
large_integer,39778,4943727411754159833116,4,4962174155827869384728,4,9
large_integer,39779,4952950783791014608924,4,4971397527864724160536,4,9
large_integer,39780,4943727411754159833118,4,4962174155827869384730,4,9
large_integer,39781,4952950783791014608926,4,4971397527864724160538,4,9
large_integer,39782,4952950783791014608928,4,4971397527864724160540,4,9
large_integer,39783,4962174155827869384736,4,4980620899901578936348,4,9
large_integer,39784,4943727411754159833120,4,4962174155827869384732,4,9
large_integer,39785,4952950783791014608928,4,4971397527864724160540,4,9
large_integer,39786,4952950783791014608930,4,4971397527864724160542,4,9
large_integer,39787,4962174155827869384738,4,4980620899901578936350,4,9
large_integer,39788,4952950783791014608932,4,4971397527864724160544,4,9
large_integer,39789,4962174155827869384740,4,4980620899901578936352,4,9
large_integer,39790,4962174155827869384742,4,4980620899901578936354,4,9
large_integer,39791,4971397527864724160550,4,4989844271938433712162,4,9
large_integer,39792,3726242302889329426458,3,5026737760085852815388,4,13
large_integer,39793,4952950783791014608922,4,5063631248233271918620,4,15
large_integer,39794,4952950783791014608924,4,6253446240987537997854,5,13
large_integer,39795,4962174155827869384732,4,6290339729134957101086,5,15
large_integer,39796,4952950783791014608926,4,6253446240987537997856,5,13
large_integer,39797,4962174155827869384734,4,6290339729134957101088,5,15
large_integer,39798,4962174155827869384736,4,6262669613024392773666,5,13
large_integer,39799,4971397527864724160544,4,6299563101171811876898,5,15
large_integer,39800,4952950783791014608928,4,6253446240987537997858,5,13
large_integer,39801,4962174155827869384736,4,6290339729134957101090,5,15
large_integer,39802,4962174155827869384738,4,6262669613024392773668,5,13
large_integer,39803,4971397527864724160546,4,6299563101171811876900,5,15
large_integer,39804,4962174155827869384740,4,6262669613024392773670,5,13
large_integer,39805,4971397527864724160548,4,6299563101171811876902,5,15
large_integer,39806,4971397527864724160550,4,6271892985061247549480,5,13
large_integer,39807,4980620899901578936358,4,6308786473208666652712,5,15
large_integer,39808,3707795558815619874842,3,3790805907147312857109,3,13
large_integer,39809,4934504039717305057306,4,5017514388048998039573,4,13
large_integer,39810,4934504039717305057308,4,5017514388048998039575,4,13
large_integer,39811,4943727411754159833116,4,5026737760085852815383,4,13
large_integer,39812,4934504039717305057310,4,5017514388048998039577,4,13
large_integer,39813,4943727411754159833118,4,5026737760085852815385,4,13
large_integer,39814,4943727411754159833120,4,5026737760085852815387,4,13
large_integer,39815,4952950783791014608928,4,5035961132122707591195,4,13
large_integer,39816,3800029279184167632915,3,3827699395294731960341,3,15
large_integer,39817,4943727411754159833120,4,5054407876196417142805,4,15
large_integer,39818,4943727411754159833122,4,5054407876196417142807,4,15
large_integer,39819,4952950783791014608930,4,5063631248233271918615,4,15
large_integer,39820,4943727411754159833124,4,5054407876196417142809,4,15
large_integer,39821,4952950783791014608932,4,5063631248233271918617,4,15
large_integer,39822,4952950783791014608934,4,5063631248233271918619,4,15
large_integer,39823,4962174155827869384742,4,5072854620270126694427,4,15
large_integer,39824,2536427310135063347216,2,2536427310135063347216,2,11
large_integer,39825,3763135791036748529680,3,3864592883442151063574,3,17
large_integer,39826,3763135791036748529682,3,3763135791036748529682,3,11
large_integer,39827,3772359163073603305490,3,5091301364343836246040,4,17
large_integer,39828,3763135791036748529684,3,3763135791036748529684,3,11
large_integer,39829,3772359163073603305492,3,5091301364343836246042,4,17
large_integer,39830,3772359163073603305494,3,3772359163073603305494,3,11
large_integer,39831,3781582535110458081302,3,5100524736380691021852,4,17
large_integer,39832,3763135791036748529686,3,3864592883442151063574,3,17
large_integer,39833,2573320798282482450448,2,2573320798282482450448,2,13
large_integer,39834,3772359163073603305496,3,5091301364343836246040,4,17
large_integer,39835,3781582535110458081304,3,3800029279184167632914,3,13
large_integer,39836,3772359163073603305498,3,5091301364343836246042,4,17
large_integer,39837,3781582535110458081306,3,3800029279184167632916,3,13
large_integer,39838,3781582535110458081308,3,5100524736380691021852,4,17
large_integer,39839,3790805907147312857116,3,3809252651221022408726,3,13
large_integer,39840,3717018930852474650652,3,5017514388048998039576,4,13
large_integer,39841,4943727411754159833116,4,6244222868950683222040,5,13
large_integer,39842,4943727411754159833118,4,6244222868950683222042,5,13
large_integer,39843,4952950783791014608926,4,6253446240987537997850,5,13
large_integer,39844,4943727411754159833120,4,6244222868950683222044,5,13
large_integer,39845,4952950783791014608928,4,6253446240987537997852,5,13
large_integer,39846,4952950783791014608930,4,6253446240987537997854,5,13
large_integer,39847,4962174155827869384738,4,6262669613024392773662,5,13
large_integer,39848,4943727411754159833122,4,5054407876196417142808,4,15
large_integer,39849,4952950783791014608930,4,6281116357098102325272,5,15
large_integer,39850,4952950783791014608932,4,6281116357098102325274,5,15
large_integer,39851,4962174155827869384740,4,6290339729134957101082,5,15
large_integer,39852,4952950783791014608934,4,6281116357098102325276,5,15
large_integer,39853,4962174155827869384742,4,6290339729134957101084,5,15
large_integer,39854,4962174155827869384744,4,6290339729134957101086,5,15
large_integer,39855,4971397527864724160552,4,6299563101171811876894,5,15
large_integer,39856,3726242302889329426460,3,3763135791036748529683,3,11
large_integer,39857,4952950783791014608924,4,5091301364343836246041,4,17
large_integer,39858,4952950783791014608926,4,4989844271938433712149,4,11
large_integer,39859,4962174155827869384734,4,6318009845245521428507,5,17
large_integer,39860,4952950783791014608928,4,4989844271938433712151,4,11
large_integer,39861,4962174155827869384736,4,6318009845245521428509,5,17
large_integer,39862,4962174155827869384738,4,4999067643975288487961,4,11
large_integer,39863,4971397527864724160546,4,6327233217282376204319,5,17
large_integer,39864,4952950783791014608930,4,5091301364343836246041,4,17
large_integer,39865,3800029279184167632915,3,3800029279184167632915,3,13
large_integer,39866,4962174155827869384740,4,6318009845245521428507,5,17
large_integer,39867,4971397527864724160548,4,5026737760085852815381,4,13
large_integer,39868,4962174155827869384742,4,6318009845245521428509,5,17
large_integer,39869,4971397527864724160550,4,5026737760085852815383,4,13
large_integer,39870,4971397527864724160552,4,6327233217282376204319,5,17
large_integer,39871,4980620899901578936360,4,5035961132122707591193,4,13
large_integer,39872,3717018930852474650654,3,5017514388048998039578,4,13
large_integer,39873,4943727411754159833118,4,6244222868950683222042,5,13
large_integer,39874,4943727411754159833120,4,6244222868950683222044,5,13
large_integer,39875,4952950783791014608928,4,6253446240987537997852,5,13
large_integer,39876,4943727411754159833122,4,6244222868950683222046,5,13
large_integer,39877,4952950783791014608930,4,6253446240987537997854,5,13
large_integer,39878,4952950783791014608932,4,6253446240987537997856,5,13
large_integer,39879,4962174155827869384740,4,6262669613024392773664,5,13
large_integer,39880,4943727411754159833124,4,5054407876196417142810,4,15
large_integer,39881,4952950783791014608932,4,6281116357098102325274,5,15
large_integer,39882,4952950783791014608934,4,6281116357098102325276,5,15
large_integer,39883,4962174155827869384742,4,6290339729134957101084,5,15
large_integer,39884,4952950783791014608936,4,6281116357098102325278,5,15
large_integer,39885,4962174155827869384744,4,6290339729134957101086,5,15
large_integer,39886,4962174155827869384746,4,6290339729134957101088,5,15
large_integer,39887,4971397527864724160554,4,6299563101171811876896,5,15
large_integer,39888,3726242302889329426462,3,3763135791036748529685,3,11
large_integer,39889,4952950783791014608926,4,5091301364343836246043,4,17
large_integer,39890,4952950783791014608928,4,4989844271938433712151,4,11
large_integer,39891,4962174155827869384736,4,6318009845245521428509,5,17
large_integer,39892,4952950783791014608930,4,4989844271938433712153,4,11
large_integer,39893,4962174155827869384738,4,6318009845245521428511,5,17
large_integer,39894,4962174155827869384740,4,4999067643975288487963,4,11
large_integer,39895,4971397527864724160548,4,6327233217282376204321,5,17
large_integer,39896,4952950783791014608932,4,5091301364343836246043,4,17
large_integer,39897,3800029279184167632917,3,3800029279184167632917,3,13
large_integer,39898,4962174155827869384742,4,6318009845245521428509,5,17
large_integer,39899,4971397527864724160550,4,5026737760085852815383,4,13
large_integer,39900,4962174155827869384744,4,6318009845245521428511,5,17
large_integer,39901,4971397527864724160552,4,5026737760085852815385,4,13
large_integer,39902,4971397527864724160554,4,6327233217282376204321,5,17
large_integer,39903,4980620899901578936362,4,5035961132122707591195,4,13
large_integer,39904,3726242302889329426464,3,5026737760085852815388,4,13
large_integer,39905,4952950783791014608928,4,6253446240987537997852,5,13
large_integer,39906,4952950783791014608930,4,6253446240987537997854,5,13
large_integer,39907,4962174155827869384738,4,6262669613024392773662,5,13
large_integer,39908,4952950783791014608932,4,6253446240987537997856,5,13
large_integer,39909,4962174155827869384740,4,6262669613024392773664,5,13
large_integer,39910,4962174155827869384742,4,6262669613024392773666,5,13
large_integer,39911,4971397527864724160550,4,6271892985061247549474,5,13
large_integer,39912,4952950783791014608934,4,5063631248233271918620,4,15
large_integer,39913,4962174155827869384742,4,6290339729134957101084,5,15
large_integer,39914,4962174155827869384744,4,6290339729134957101086,5,15
large_integer,39915,4971397527864724160552,4,6299563101171811876894,5,15
large_integer,39916,4962174155827869384746,4,6290339729134957101088,5,15
large_integer,39917,4971397527864724160554,4,6299563101171811876896,5,15
large_integer,39918,4971397527864724160556,4,6299563101171811876898,5,15
large_integer,39919,4980620899901578936364,4,6308786473208666652706,5,15
large_integer,39920,3735465674926184202272,3,3772359163073603305495,3,11
large_integer,39921,4962174155827869384736,4,5100524736380691021853,4,17
large_integer,39922,4962174155827869384738,4,4999067643975288487961,4,11
large_integer,39923,4971397527864724160546,4,6327233217282376204319,5,17
large_integer,39924,4962174155827869384740,4,4999067643975288487963,4,11
large_integer,39925,4971397527864724160548,4,6327233217282376204321,5,17
large_integer,39926,4971397527864724160550,4,5008291016012143263773,4,11
large_integer,39927,4980620899901578936358,4,6336456589319230980131,5,17
large_integer,39928,4962174155827869384742,4,5100524736380691021853,4,17
large_integer,39929,3809252651221022408727,3,3809252651221022408727,3,13
large_integer,39930,4971397527864724160552,4,6327233217282376204319,5,17
large_integer,39931,4980620899901578936360,4,5035961132122707591193,4,13
large_integer,39932,4971397527864724160554,4,6327233217282376204321,5,17
large_integer,39933,4980620899901578936362,4,5035961132122707591195,4,13
large_integer,39934,4980620899901578936364,4,6336456589319230980131,5,17
large_integer,39935,4989844271938433712172,4,5045184504159562367005,4,13
large_integer,39936,2471863705877079916565,2,3717018930852474650644,3,9
large_integer,39937,3698572186778765099029,3,4943727411754159833108,4,9
large_integer,39938,3698572186778765099031,3,4943727411754159833110,4,9
large_integer,39939,3707795558815619874839,3,4952950783791014608918,4,9
large_integer,39940,3698572186778765099033,3,4943727411754159833112,4,9
large_integer,39941,3707795558815619874841,3,4952950783791014608920,4,9
large_integer,39942,3707795558815619874843,3,4952950783791014608922,4,9
large_integer,39943,3717018930852474650651,3,4962174155827869384730,4,9
large_integer,39944,3698572186778765099035,3,4943727411754159833114,4,9
large_integer,39945,3707795558815619874843,3,4952950783791014608922,4,9
large_integer,39946,3707795558815619874845,3,4952950783791014608924,4,9
large_integer,39947,3717018930852474650653,3,4962174155827869384732,4,9
large_integer,39948,3707795558815619874847,3,4952950783791014608926,4,9
large_integer,39949,3717018930852474650655,3,4962174155827869384734,4,9
large_integer,39950,3717018930852474650657,3,4962174155827869384736,4,9
large_integer,39951,3726242302889329426465,3,4971397527864724160544,4,9
large_integer,39952,3698572186778765099030,3,4943727411754159833109,4,9
large_integer,39953,4925280667680450281494,4,6170435892655845015573,5,9
large_integer,39954,4925280667680450281496,4,6170435892655845015575,5,9
large_integer,39955,4934504039717305057304,4,6179659264692699791383,5,9
large_integer,39956,4925280667680450281498,4,6170435892655845015577,5,9
large_integer,39957,4934504039717305057306,4,6179659264692699791385,5,9
large_integer,39958,4934504039717305057308,4,6179659264692699791387,5,9
large_integer,39959,4943727411754159833116,4,6188882636729554567195,5,9
large_integer,39960,4925280667680450281500,4,6170435892655845015579,5,9
large_integer,39961,4934504039717305057308,4,6179659264692699791387,5,9
large_integer,39962,4934504039717305057310,4,6179659264692699791389,5,9
large_integer,39963,4943727411754159833118,4,6188882636729554567197,5,9
large_integer,39964,4934504039717305057312,4,6179659264692699791391,5,9
large_integer,39965,4943727411754159833120,4,6188882636729554567199,5,9
large_integer,39966,4943727411754159833122,4,6188882636729554567201,5,9
large_integer,39967,4952950783791014608930,4,6198106008766409343009,5,9
large_integer,39968,3698572186778765099032,3,4943727411754159833111,4,9
large_integer,39969,4925280667680450281496,4,6170435892655845015575,5,9
large_integer,39970,4925280667680450281498,4,6170435892655845015577,5,9
large_integer,39971,4934504039717305057306,4,6179659264692699791385,5,9
large_integer,39972,4925280667680450281500,4,6170435892655845015579,5,9
large_integer,39973,4934504039717305057308,4,6179659264692699791387,5,9
large_integer,39974,4934504039717305057310,4,6179659264692699791389,5,9
large_integer,39975,4943727411754159833118,4,6188882636729554567197,5,9
large_integer,39976,4925280667680450281502,4,6170435892655845015581,5,9
large_integer,39977,4934504039717305057310,4,6179659264692699791389,5,9
large_integer,39978,4934504039717305057312,4,6179659264692699791391,5,9
large_integer,39979,4943727411754159833120,4,6188882636729554567199,5,9
large_integer,39980,4934504039717305057314,4,6179659264692699791393,5,9
large_integer,39981,4943727411754159833122,4,6188882636729554567201,5,9
large_integer,39982,4943727411754159833124,4,6188882636729554567203,5,9
large_integer,39983,4952950783791014608932,4,6198106008766409343011,5,9
large_integer,39984,3707795558815619874840,3,4952950783791014608919,4,9
large_integer,39985,4934504039717305057304,4,6179659264692699791383,5,9
large_integer,39986,4934504039717305057306,4,6179659264692699791385,5,9
large_integer,39987,4943727411754159833114,4,6188882636729554567193,5,9
large_integer,39988,4934504039717305057308,4,6179659264692699791387,5,9
large_integer,39989,4943727411754159833116,4,6188882636729554567195,5,9
large_integer,39990,4943727411754159833118,4,6188882636729554567197,5,9
large_integer,39991,4952950783791014608926,4,6198106008766409343005,5,9
large_integer,39992,4934504039717305057310,4,6179659264692699791389,5,9
large_integer,39993,4943727411754159833118,4,6188882636729554567197,5,9
large_integer,39994,4943727411754159833120,4,6188882636729554567199,5,9
large_integer,39995,4952950783791014608928,4,6198106008766409343007,5,9
large_integer,39996,4943727411754159833122,4,6188882636729554567201,5,9
large_integer,39997,4952950783791014608930,4,6198106008766409343009,5,9
large_integer,39998,4952950783791014608932,4,6198106008766409343011,5,9
large_integer,39999,4962174155827869384740,4,6207329380803264118819,5,9
large_integer,40000,3698572186778765099034,3,4943727411754159833113,4,9
large_integer,40001,4925280667680450281498,4,6170435892655845015577,5,9
large_integer,40002,4925280667680450281500,4,6170435892655845015579,5,9
large_integer,40003,4934504039717305057308,4,6179659264692699791387,5,9
large_integer,40004,4925280667680450281502,4,6170435892655845015581,5,9
large_integer,40005,4934504039717305057310,4,6179659264692699791389,5,9
large_integer,40006,4934504039717305057312,4,6179659264692699791391,5,9
large_integer,40007,4943727411754159833120,4,6188882636729554567199,5,9
large_integer,40008,4925280667680450281504,4,6170435892655845015583,5,9
large_integer,40009,4934504039717305057312,4,6179659264692699791391,5,9
large_integer,40010,4934504039717305057314,4,6179659264692699791393,5,9
large_integer,40011,4943727411754159833122,4,6188882636729554567201,5,9
large_integer,40012,4934504039717305057316,4,6179659264692699791395,5,9
large_integer,40013,4943727411754159833124,4,6188882636729554567203,5,9
large_integer,40014,4943727411754159833126,4,6188882636729554567205,5,9
large_integer,40015,4952950783791014608934,4,6198106008766409343013,5,9
large_integer,40016,3707795558815619874842,3,4952950783791014608921,4,9
large_integer,40017,4934504039717305057306,4,6179659264692699791385,5,9
large_integer,40018,4934504039717305057308,4,6179659264692699791387,5,9
large_integer,40019,4943727411754159833116,4,6188882636729554567195,5,9
large_integer,40020,4934504039717305057310,4,6179659264692699791389,5,9
large_integer,40021,4943727411754159833118,4,6188882636729554567197,5,9
large_integer,40022,4943727411754159833120,4,6188882636729554567199,5,9
large_integer,40023,4952950783791014608928,4,6198106008766409343007,5,9
large_integer,40024,4934504039717305057312,4,6179659264692699791391,5,9
large_integer,40025,4943727411754159833120,4,6188882636729554567199,5,9
large_integer,40026,4943727411754159833122,4,6188882636729554567201,5,9
large_integer,40027,4952950783791014608930,4,6198106008766409343009,5,9
large_integer,40028,4943727411754159833124,4,6188882636729554567203,5,9
large_integer,40029,4952950783791014608932,4,6198106008766409343011,5,9
large_integer,40030,4952950783791014608934,4,6198106008766409343013,5,9
large_integer,40031,4962174155827869384742,4,6207329380803264118821,5,9
large_integer,40032,3707795558815619874844,3,4952950783791014608923,4,9
large_integer,40033,4934504039717305057308,4,6179659264692699791387,5,9
large_integer,40034,4934504039717305057310,4,6179659264692699791389,5,9
large_integer,40035,4943727411754159833118,4,6188882636729554567197,5,9
large_integer,40036,4934504039717305057312,4,6179659264692699791391,5,9
large_integer,40037,4943727411754159833120,4,6188882636729554567199,5,9
large_integer,40038,4943727411754159833122,4,6188882636729554567201,5,9
large_integer,40039,4952950783791014608930,4,6198106008766409343009,5,9
large_integer,40040,4934504039717305057314,4,6179659264692699791393,5,9
large_integer,40041,4943727411754159833122,4,6188882636729554567201,5,9
large_integer,40042,4943727411754159833124,4,6188882636729554567203,5,9
large_integer,40043,4952950783791014608932,4,6198106008766409343011,5,9
large_integer,40044,4943727411754159833126,4,6188882636729554567205,5,9
large_integer,40045,4952950783791014608934,4,6198106008766409343013,5,9
large_integer,40046,4952950783791014608936,4,6198106008766409343015,5,9
large_integer,40047,4962174155827869384744,4,6207329380803264118823,5,9
large_integer,40048,3717018930852474650652,3,4962174155827869384731,4,9
large_integer,40049,4943727411754159833116,4,6188882636729554567195,5,9
large_integer,40050,4943727411754159833118,4,6188882636729554567197,5,9
large_integer,40051,4952950783791014608926,4,6198106008766409343005,5,9
large_integer,40052,4943727411754159833120,4,6188882636729554567199,5,9
large_integer,40053,4952950783791014608928,4,6198106008766409343007,5,9
large_integer,40054,4952950783791014608930,4,6198106008766409343009,5,9
large_integer,40055,4962174155827869384738,4,6207329380803264118817,5,9
large_integer,40056,4943727411754159833122,4,6188882636729554567201,5,9
large_integer,40057,4952950783791014608930,4,6198106008766409343009,5,9
large_integer,40058,4952950783791014608932,4,6198106008766409343011,5,9
large_integer,40059,4962174155827869384740,4,6207329380803264118819,5,9
large_integer,40060,4952950783791014608934,4,6198106008766409343013,5,9
large_integer,40061,4962174155827869384742,4,6207329380803264118821,5,9
large_integer,40062,4962174155827869384744,4,6207329380803264118823,5,9
large_integer,40063,4971397527864724160552,4,6216552752840118894631,5,9
large_integer,40064,3698572186778765099036,3,3753912418999893753877,3,11
large_integer,40065,4925280667680450281500,4,4980620899901578936341,4,11
large_integer,40066,4925280667680450281502,4,4980620899901578936343,4,11
large_integer,40067,4934504039717305057310,4,4989844271938433712151,4,11
large_integer,40068,4925280667680450281504,4,4980620899901578936345,4,11
large_integer,40069,4934504039717305057312,4,4989844271938433712153,4,11
large_integer,40070,4934504039717305057314,4,4989844271938433712155,4,11
large_integer,40071,4943727411754159833122,4,4999067643975288487963,4,11
large_integer,40072,3790805907147312857109,3,3790805907147312857109,3,13
large_integer,40073,4934504039717305057314,4,5017514388048998039573,4,13
large_integer,40074,4934504039717305057316,4,5017514388048998039575,4,13
large_integer,40075,4943727411754159833124,4,5026737760085852815383,4,13
large_integer,40076,4934504039717305057318,4,5017514388048998039577,4,13
large_integer,40077,4943727411754159833126,4,5026737760085852815385,4,13
large_integer,40078,4943727411754159833128,4,5026737760085852815387,4,13
large_integer,40079,4952950783791014608936,4,5035961132122707591195,4,13
large_integer,40080,3707795558815619874844,3,4980620899901578936342,4,11
large_integer,40081,4934504039717305057308,4,6207329380803264118806,5,11
large_integer,40082,4934504039717305057310,4,6207329380803264118808,5,11
large_integer,40083,4943727411754159833118,4,6216552752840118894616,5,11
large_integer,40084,4934504039717305057312,4,6207329380803264118810,5,11
large_integer,40085,4943727411754159833120,4,6216552752840118894618,5,11
large_integer,40086,4943727411754159833122,4,6216552752840118894620,5,11
large_integer,40087,4952950783791014608930,4,6225776124876973670428,5,11
large_integer,40088,4934504039717305057314,4,5017514388048998039574,4,13
large_integer,40089,4943727411754159833122,4,6244222868950683222038,5,13
large_integer,40090,4943727411754159833124,4,6244222868950683222040,5,13
large_integer,40091,4952950783791014608932,4,6253446240987537997848,5,13
large_integer,40092,4943727411754159833126,4,6244222868950683222042,5,13
large_integer,40093,4952950783791014608934,4,6253446240987537997850,5,13
large_integer,40094,4952950783791014608936,4,6253446240987537997852,5,13
large_integer,40095,4962174155827869384744,4,6262669613024392773660,5,13
large_integer,40096,3707795558815619874846,3,4980620899901578936344,4,11
large_integer,40097,4934504039717305057310,4,6207329380803264118808,5,11
large_integer,40098,4934504039717305057312,4,6207329380803264118810,5,11
large_integer,40099,4943727411754159833120,4,6216552752840118894618,5,11
large_integer,40100,4934504039717305057314,4,6207329380803264118812,5,11
large_integer,40101,4943727411754159833122,4,6216552752840118894620,5,11
large_integer,40102,4943727411754159833124,4,6216552752840118894622,5,11
large_integer,40103,4952950783791014608932,4,6225776124876973670430,5,11
large_integer,40104,4934504039717305057316,4,5017514388048998039576,4,13
large_integer,40105,4943727411754159833124,4,6244222868950683222040,5,13
large_integer,40106,4943727411754159833126,4,6244222868950683222042,5,13
large_integer,40107,4952950783791014608934,4,6253446240987537997850,5,13
large_integer,40108,4943727411754159833128,4,6244222868950683222044,5,13
large_integer,40109,4952950783791014608936,4,6253446240987537997852,5,13
large_integer,40110,4952950783791014608938,4,6253446240987537997854,5,13
large_integer,40111,4962174155827869384746,4,6262669613024392773662,5,13
large_integer,40112,3717018930852474650654,3,4989844271938433712152,4,11
large_integer,40113,4943727411754159833118,4,6216552752840118894616,5,11
large_integer,40114,4943727411754159833120,4,6216552752840118894618,5,11
large_integer,40115,4952950783791014608928,4,6225776124876973670426,5,11
large_integer,40116,4943727411754159833122,4,6216552752840118894620,5,11
large_integer,40117,4952950783791014608930,4,6225776124876973670428,5,11
large_integer,40118,4952950783791014608932,4,6225776124876973670430,5,11
large_integer,40119,4962174155827869384740,4,6234999496913828446238,5,11
large_integer,40120,4943727411754159833124,4,5026737760085852815384,4,13
large_integer,40121,4952950783791014608932,4,6253446240987537997848,5,13
large_integer,40122,4952950783791014608934,4,6253446240987537997850,5,13
large_integer,40123,4962174155827869384742,4,6262669613024392773658,5,13
large_integer,40124,4952950783791014608936,4,6253446240987537997852,5,13
large_integer,40125,4962174155827869384744,4,6262669613024392773660,5,13
large_integer,40126,4962174155827869384746,4,6262669613024392773662,5,13
large_integer,40127,4971397527864724160554,4,6271892985061247549470,5,13
large_integer,40128,3707795558815619874848,3,4980620899901578936346,4,11
large_integer,40129,4934504039717305057312,4,6207329380803264118810,5,11
large_integer,40130,4934504039717305057314,4,6207329380803264118812,5,11
large_integer,40131,4943727411754159833122,4,6216552752840118894620,5,11
large_integer,40132,4934504039717305057316,4,6207329380803264118814,5,11
large_integer,40133,4943727411754159833124,4,6216552752840118894622,5,11
large_integer,40134,4943727411754159833126,4,6216552752840118894624,5,11
large_integer,40135,4952950783791014608934,4,6225776124876973670432,5,11
large_integer,40136,4934504039717305057318,4,5017514388048998039578,4,13
large_integer,40137,4943727411754159833126,4,6244222868950683222042,5,13
large_integer,40138,4943727411754159833128,4,6244222868950683222044,5,13
large_integer,40139,4952950783791014608936,4,6253446240987537997852,5,13
large_integer,40140,4943727411754159833130,4,6244222868950683222046,5,13
large_integer,40141,4952950783791014608938,4,6253446240987537997854,5,13
large_integer,40142,4952950783791014608940,4,6253446240987537997856,5,13
large_integer,40143,4962174155827869384748,4,6262669613024392773664,5,13
large_integer,40144,3717018930852474650656,3,4989844271938433712154,4,11
large_integer,40145,4943727411754159833120,4,6216552752840118894618,5,11
large_integer,40146,4943727411754159833122,4,6216552752840118894620,5,11
large_integer,40147,4952950783791014608930,4,6225776124876973670428,5,11
large_integer,40148,4943727411754159833124,4,6216552752840118894622,5,11
large_integer,40149,4952950783791014608932,4,6225776124876973670430,5,11
large_integer,40150,4952950783791014608934,4,6225776124876973670432,5,11
large_integer,40151,4962174155827869384742,4,6234999496913828446240,5,11
large_integer,40152,4943727411754159833126,4,5026737760085852815386,4,13
large_integer,40153,4952950783791014608934,4,6253446240987537997850,5,13
large_integer,40154,4952950783791014608936,4,6253446240987537997852,5,13
large_integer,40155,4962174155827869384744,4,6262669613024392773660,5,13
large_integer,40156,4952950783791014608938,4,6253446240987537997854,5,13
large_integer,40157,4962174155827869384746,4,6262669613024392773662,5,13
large_integer,40158,4962174155827869384748,4,6262669613024392773664,5,13
large_integer,40159,4971397527864724160556,4,6271892985061247549472,5,13
large_integer,40160,3717018930852474650658,3,4989844271938433712156,4,11
large_integer,40161,4943727411754159833122,4,6216552752840118894620,5,11
large_integer,40162,4943727411754159833124,4,6216552752840118894622,5,11
large_integer,40163,4952950783791014608932,4,6225776124876973670430,5,11
large_integer,40164,4943727411754159833126,4,6216552752840118894624,5,11
large_integer,40165,4952950783791014608934,4,6225776124876973670432,5,11
large_integer,40166,4952950783791014608936,4,6225776124876973670434,5,11
large_integer,40167,4962174155827869384744,4,6234999496913828446242,5,11
large_integer,40168,4943727411754159833128,4,5026737760085852815388,4,13
large_integer,40169,4952950783791014608936,4,6253446240987537997852,5,13
large_integer,40170,4952950783791014608938,4,6253446240987537997854,5,13
large_integer,40171,4962174155827869384746,4,6262669613024392773662,5,13
large_integer,40172,4952950783791014608940,4,6253446240987537997856,5,13
large_integer,40173,4962174155827869384748,4,6262669613024392773664,5,13
large_integer,40174,4962174155827869384750,4,6262669613024392773666,5,13
large_integer,40175,4971397527864724160558,4,6271892985061247549474,5,13
large_integer,40176,3726242302889329426466,3,4999067643975288487964,4,11
large_integer,40177,4952950783791014608930,4,6225776124876973670428,5,11
large_integer,40178,4952950783791014608932,4,6225776124876973670430,5,11
large_integer,40179,4962174155827869384740,4,6234999496913828446238,5,11
large_integer,40180,4952950783791014608934,4,6225776124876973670432,5,11
large_integer,40181,4962174155827869384742,4,6234999496913828446240,5,11
large_integer,40182,4962174155827869384744,4,6234999496913828446242,5,11
large_integer,40183,4971397527864724160552,4,6244222868950683222050,5,11
large_integer,40184,4952950783791014608936,4,5035961132122707591196,4,13
large_integer,40185,4962174155827869384744,4,6262669613024392773660,5,13
large_integer,40186,4962174155827869384746,4,6262669613024392773662,5,13
large_integer,40187,4971397527864724160554,4,6271892985061247549470,5,13
large_integer,40188,4962174155827869384748,4,6262669613024392773664,5,13
large_integer,40189,4971397527864724160556,4,6271892985061247549472,5,13
large_integer,40190,4971397527864724160558,4,6271892985061247549474,5,13
large_integer,40191,4980620899901578936366,4,6281116357098102325282,5,13
large_integer,40192,2481087077913934692373,2,2499533821987644243985,2,9
large_integer,40193,3707795558815619874837,3,3726242302889329426449,3,9
large_integer,40194,3707795558815619874839,3,3726242302889329426451,3,9
large_integer,40195,3717018930852474650647,3,3735465674926184202259,3,9
large_integer,40196,3707795558815619874841,3,3726242302889329426453,3,9
large_integer,40197,3717018930852474650649,3,3735465674926184202261,3,9
large_integer,40198,3717018930852474650651,3,3735465674926184202263,3,9
large_integer,40199,3726242302889329426459,3,3744689046963038978071,3,9
large_integer,40200,3707795558815619874843,3,3726242302889329426455,3,9
large_integer,40201,3717018930852474650651,3,3735465674926184202263,3,9
large_integer,40202,3717018930852474650653,3,3735465674926184202265,3,9
large_integer,40203,3726242302889329426461,3,3744689046963038978073,3,9
large_integer,40204,3717018930852474650655,3,3735465674926184202267,3,9
large_integer,40205,3726242302889329426463,3,3744689046963038978075,3,9
large_integer,40206,3726242302889329426465,3,3744689046963038978077,3,9
large_integer,40207,3735465674926184202273,3,3753912418999893753885,3,9
large_integer,40208,3707795558815619874838,3,3790805907147312857111,3,13
large_integer,40209,3800029279184167632923,3,3827699395294731960343,3,15
large_integer,40210,4934504039717305057304,4,5017514388048998039577,4,13
large_integer,40211,4943727411754159833112,4,5054407876196417142809,4,15
large_integer,40212,4934504039717305057306,4,5017514388048998039579,4,13
large_integer,40213,4943727411754159833114,4,5054407876196417142811,4,15
large_integer,40214,4943727411754159833116,4,5026737760085852815389,4,13
large_integer,40215,4952950783791014608924,4,5063631248233271918621,4,15
large_integer,40216,4934504039717305057308,4,5017514388048998039581,4,13
large_integer,40217,4943727411754159833116,4,5054407876196417142813,4,15
large_integer,40218,4943727411754159833118,4,5026737760085852815391,4,13
large_integer,40219,4952950783791014608926,4,5063631248233271918623,4,15
large_integer,40220,4943727411754159833120,4,5026737760085852815393,4,13
large_integer,40221,4952950783791014608928,4,5063631248233271918625,4,15
large_integer,40222,4952950783791014608930,4,5035961132122707591203,4,13
large_integer,40223,4962174155827869384738,4,5072854620270126694435,4,15
large_integer,40224,3707795558815619874840,3,3726242302889329426452,3,9
large_integer,40225,4934504039717305057304,4,4952950783791014608916,4,9
large_integer,40226,4934504039717305057306,4,4952950783791014608918,4,9
large_integer,40227,4943727411754159833114,4,4962174155827869384726,4,9
large_integer,40228,4934504039717305057308,4,4952950783791014608920,4,9
large_integer,40229,4943727411754159833116,4,4962174155827869384728,4,9
large_integer,40230,4943727411754159833118,4,4962174155827869384730,4,9
large_integer,40231,4952950783791014608926,4,4971397527864724160538,4,9
large_integer,40232,4934504039717305057310,4,4952950783791014608922,4,9
large_integer,40233,4943727411754159833118,4,4962174155827869384730,4,9
large_integer,40234,4943727411754159833120,4,4962174155827869384732,4,9
large_integer,40235,4952950783791014608928,4,4971397527864724160540,4,9
large_integer,40236,4943727411754159833122,4,4962174155827869384734,4,9
large_integer,40237,4952950783791014608930,4,4971397527864724160542,4,9
large_integer,40238,4952950783791014608932,4,4971397527864724160544,4,9
large_integer,40239,4962174155827869384740,4,4980620899901578936352,4,9
large_integer,40240,3717018930852474650648,3,5017514388048998039578,4,13
large_integer,40241,4943727411754159833112,4,5054407876196417142810,4,15
large_integer,40242,4943727411754159833114,4,6244222868950683222044,5,13
large_integer,40243,4952950783791014608922,4,6281116357098102325276,5,15
large_integer,40244,4943727411754159833116,4,6244222868950683222046,5,13
large_integer,40245,4952950783791014608924,4,6281116357098102325278,5,15
large_integer,40246,4952950783791014608926,4,6253446240987537997856,5,13
large_integer,40247,4962174155827869384734,4,6290339729134957101088,5,15
large_integer,40248,4943727411754159833118,4,6244222868950683222048,5,13
large_integer,40249,4952950783791014608926,4,6281116357098102325280,5,15
large_integer,40250,4952950783791014608928,4,6253446240987537997858,5,13
large_integer,40251,4962174155827869384736,4,6290339729134957101090,5,15
large_integer,40252,4952950783791014608930,4,6253446240987537997860,5,13
large_integer,40253,4962174155827869384738,4,6290339729134957101092,5,15
large_integer,40254,4962174155827869384740,4,6262669613024392773670,5,13
large_integer,40255,4971397527864724160548,4,6299563101171811876902,5,15
large_integer,40256,3707795558815619874842,3,3726242302889329426454,3,9
large_integer,40257,4934504039717305057306,4,4952950783791014608918,4,9
large_integer,40258,4934504039717305057308,4,4952950783791014608920,4,9
large_integer,40259,4943727411754159833116,4,4962174155827869384728,4,9
large_integer,40260,4934504039717305057310,4,4952950783791014608922,4,9
large_integer,40261,4943727411754159833118,4,4962174155827869384730,4,9
large_integer,40262,4943727411754159833120,4,4962174155827869384732,4,9
large_integer,40263,4952950783791014608928,4,4971397527864724160540,4,9
large_integer,40264,4934504039717305057312,4,4952950783791014608924,4,9
large_integer,40265,4943727411754159833120,4,4962174155827869384732,4,9
large_integer,40266,4943727411754159833122,4,4962174155827869384734,4,9
large_integer,40267,4952950783791014608930,4,4971397527864724160542,4,9
large_integer,40268,4943727411754159833124,4,4962174155827869384736,4,9
large_integer,40269,4952950783791014608932,4,4971397527864724160544,4,9
large_integer,40270,4952950783791014608934,4,4971397527864724160546,4,9
large_integer,40271,4962174155827869384742,4,4980620899901578936354,4,9
large_integer,40272,3717018930852474650650,3,5017514388048998039580,4,13
large_integer,40273,4943727411754159833114,4,5054407876196417142812,4,15
large_integer,40274,4943727411754159833116,4,6244222868950683222046,5,13
large_integer,40275,4952950783791014608924,4,6281116357098102325278,5,15
large_integer,40276,4943727411754159833118,4,6244222868950683222048,5,13
large_integer,40277,4952950783791014608926,4,6281116357098102325280,5,15
large_integer,40278,4952950783791014608928,4,6253446240987537997858,5,13
large_integer,40279,4962174155827869384736,4,6290339729134957101090,5,15
large_integer,40280,4943727411754159833120,4,6244222868950683222050,5,13
large_integer,40281,4952950783791014608928,4,6281116357098102325282,5,15
large_integer,40282,4952950783791014608930,4,6253446240987537997860,5,13
large_integer,40283,4962174155827869384738,4,6290339729134957101092,5,15
large_integer,40284,4952950783791014608932,4,6253446240987537997862,5,13
large_integer,40285,4962174155827869384740,4,6290339729134957101094,5,15
large_integer,40286,4962174155827869384742,4,6262669613024392773672,5,13
large_integer,40287,4971397527864724160550,4,6299563101171811876904,5,15
large_integer,40288,3717018930852474650652,3,3735465674926184202264,3,9
large_integer,40289,4943727411754159833116,4,4962174155827869384728,4,9
large_integer,40290,4943727411754159833118,4,4962174155827869384730,4,9
large_integer,40291,4952950783791014608926,4,4971397527864724160538,4,9
large_integer,40292,4943727411754159833120,4,4962174155827869384732,4,9
large_integer,40293,4952950783791014608928,4,4971397527864724160540,4,9
large_integer,40294,4952950783791014608930,4,4971397527864724160542,4,9
large_integer,40295,4962174155827869384738,4,4980620899901578936350,4,9
large_integer,40296,4943727411754159833122,4,4962174155827869384734,4,9
large_integer,40297,4952950783791014608930,4,4971397527864724160542,4,9
large_integer,40298,4952950783791014608932,4,4971397527864724160544,4,9
large_integer,40299,4962174155827869384740,4,4980620899901578936352,4,9
large_integer,40300,4952950783791014608934,4,4971397527864724160546,4,9
large_integer,40301,4962174155827869384742,4,4980620899901578936354,4,9
large_integer,40302,4962174155827869384744,4,4980620899901578936356,4,9
large_integer,40303,4971397527864724160552,4,4989844271938433712164,4,9
large_integer,40304,3726242302889329426460,3,5026737760085852815390,4,13
large_integer,40305,4952950783791014608924,4,5063631248233271918622,4,15
large_integer,40306,4952950783791014608926,4,6253446240987537997856,5,13
large_integer,40307,4962174155827869384734,4,6290339729134957101088,5,15
large_integer,40308,4952950783791014608928,4,6253446240987537997858,5,13
large_integer,40309,4962174155827869384736,4,6290339729134957101090,5,15
large_integer,40310,4962174155827869384738,4,6262669613024392773668,5,13
large_integer,40311,4971397527864724160546,4,6299563101171811876900,5,15
large_integer,40312,4952950783791014608930,4,6253446240987537997860,5,13
large_integer,40313,4962174155827869384738,4,6290339729134957101092,5,15
large_integer,40314,4962174155827869384740,4,6262669613024392773670,5,13
large_integer,40315,4971397527864724160548,4,6299563101171811876902,5,15
large_integer,40316,4962174155827869384742,4,6262669613024392773672,5,13
large_integer,40317,4971397527864724160550,4,6299563101171811876904,5,15
large_integer,40318,4971397527864724160552,4,6271892985061247549482,5,13
large_integer,40319,4980620899901578936360,4,6308786473208666652714,5,15
large_integer,40320,3707795558815619874844,3,3790805907147312857111,3,13
large_integer,40321,4934504039717305057308,4,5017514388048998039575,4,13
large_integer,40322,4934504039717305057310,4,5017514388048998039577,4,13
large_integer,40323,4943727411754159833118,4,5026737760085852815385,4,13
large_integer,40324,4934504039717305057312,4,5017514388048998039579,4,13
large_integer,40325,4943727411754159833120,4,5026737760085852815387,4,13
large_integer,40326,4943727411754159833122,4,5026737760085852815389,4,13
large_integer,40327,4952950783791014608930,4,5035961132122707591197,4,13
large_integer,40328,3800029279184167632917,3,3827699395294731960343,3,15
large_integer,40329,4943727411754159833122,4,5054407876196417142807,4,15
large_integer,40330,4943727411754159833124,4,5054407876196417142809,4,15
large_integer,40331,4952950783791014608932,4,5063631248233271918617,4,15
large_integer,40332,4943727411754159833126,4,5054407876196417142811,4,15
large_integer,40333,4952950783791014608934,4,5063631248233271918619,4,15
large_integer,40334,4952950783791014608936,4,5063631248233271918621,4,15
large_integer,40335,4962174155827869384744,4,5072854620270126694429,4,15
large_integer,40336,2536427310135063347218,2,2536427310135063347218,2,11
large_integer,40337,3763135791036748529682,3,3864592883442151063576,3,17
large_integer,40338,3763135791036748529684,3,3763135791036748529684,3,11
large_integer,40339,3772359163073603305492,3,5091301364343836246042,4,17
large_integer,40340,3763135791036748529686,3,3763135791036748529686,3,11
large_integer,40341,3772359163073603305494,3,5091301364343836246044,4,17
large_integer,40342,3772359163073603305496,3,3772359163073603305496,3,11
large_integer,40343,3781582535110458081304,3,5100524736380691021854,4,17
large_integer,40344,3763135791036748529688,3,3864592883442151063576,3,17
large_integer,40345,2573320798282482450450,2,2573320798282482450450,2,13
large_integer,40346,3772359163073603305498,3,5091301364343836246042,4,17
large_integer,40347,3781582535110458081306,3,3800029279184167632916,3,13
large_integer,40348,3772359163073603305500,3,5091301364343836246044,4,17
large_integer,40349,3781582535110458081308,3,3800029279184167632918,3,13
large_integer,40350,3781582535110458081310,3,5100524736380691021854,4,17
large_integer,40351,3790805907147312857118,3,3809252651221022408728,3,13
large_integer,40352,3717018930852474650654,3,5017514388048998039578,4,13
large_integer,40353,4943727411754159833118,4,6244222868950683222042,5,13
large_integer,40354,4943727411754159833120,4,6244222868950683222044,5,13
large_integer,40355,4952950783791014608928,4,6253446240987537997852,5,13
large_integer,40356,4943727411754159833122,4,6244222868950683222046,5,13
large_integer,40357,4952950783791014608930,4,6253446240987537997854,5,13
large_integer,40358,4952950783791014608932,4,6253446240987537997856,5,13
large_integer,40359,4962174155827869384740,4,6262669613024392773664,5,13
large_integer,40360,4943727411754159833124,4,5054407876196417142810,4,15
large_integer,40361,4952950783791014608932,4,6281116357098102325274,5,15
large_integer,40362,4952950783791014608934,4,6281116357098102325276,5,15
large_integer,40363,4962174155827869384742,4,6290339729134957101084,5,15
large_integer,40364,4952950783791014608936,4,6281116357098102325278,5,15
large_integer,40365,4962174155827869384744,4,6290339729134957101086,5,15
large_integer,40366,4962174155827869384746,4,6290339729134957101088,5,15
large_integer,40367,4971397527864724160554,4,6299563101171811876896,5,15
large_integer,40368,3726242302889329426462,3,3763135791036748529685,3,11
large_integer,40369,4952950783791014608926,4,5091301364343836246043,4,17
large_integer,40370,4952950783791014608928,4,4989844271938433712151,4,11
large_integer,40371,4962174155827869384736,4,6318009845245521428509,5,17
large_integer,40372,4952950783791014608930,4,4989844271938433712153,4,11
large_integer,40373,4962174155827869384738,4,6318009845245521428511,5,17
large_integer,40374,4962174155827869384740,4,4999067643975288487963,4,11
large_integer,40375,4971397527864724160548,4,6327233217282376204321,5,17
large_integer,40376,4952950783791014608932,4,5091301364343836246043,4,17
large_integer,40377,3800029279184167632917,3,3800029279184167632917,3,13
large_integer,40378,4962174155827869384742,4,6318009845245521428509,5,17
large_integer,40379,4971397527864724160550,4,5026737760085852815383,4,13
large_integer,40380,4962174155827869384744,4,6318009845245521428511,5,17
large_integer,40381,4971397527864724160552,4,5026737760085852815385,4,13
large_integer,40382,4971397527864724160554,4,6327233217282376204321,5,17
large_integer,40383,4980620899901578936362,4,5035961132122707591195,4,13
large_integer,40384,3717018930852474650656,3,5017514388048998039580,4,13
large_integer,40385,4943727411754159833120,4,6244222868950683222044,5,13
large_integer,40386,4943727411754159833122,4,6244222868950683222046,5,13
large_integer,40387,4952950783791014608930,4,6253446240987537997854,5,13
large_integer,40388,4943727411754159833124,4,6244222868950683222048,5,13
large_integer,40389,4952950783791014608932,4,6253446240987537997856,5,13
large_integer,40390,4952950783791014608934,4,6253446240987537997858,5,13
large_integer,40391,4962174155827869384742,4,6262669613024392773666,5,13
large_integer,40392,4943727411754159833126,4,5054407876196417142812,4,15
large_integer,40393,4952950783791014608934,4,6281116357098102325276,5,15
large_integer,40394,4952950783791014608936,4,6281116357098102325278,5,15
large_integer,40395,4962174155827869384744,4,6290339729134957101086,5,15
large_integer,40396,4952950783791014608938,4,6281116357098102325280,5,15
large_integer,40397,4962174155827869384746,4,6290339729134957101088,5,15
large_integer,40398,4962174155827869384748,4,6290339729134957101090,5,15
large_integer,40399,4971397527864724160556,4,6299563101171811876898,5,15
large_integer,40400,3726242302889329426464,3,3763135791036748529687,3,11
large_integer,40401,4952950783791014608928,4,5091301364343836246045,4,17
large_integer,40402,4952950783791014608930,4,4989844271938433712153,4,11
large_integer,40403,4962174155827869384738,4,6318009845245521428511,5,17
large_integer,40404,4952950783791014608932,4,4989844271938433712155,4,11
large_integer,40405,4962174155827869384740,4,6318009845245521428513,5,17
large_integer,40406,4962174155827869384742,4,4999067643975288487965,4,11
large_integer,40407,4971397527864724160550,4,6327233217282376204323,5,17
large_integer,40408,4952950783791014608934,4,5091301364343836246045,4,17
large_integer,40409,3800029279184167632919,3,3800029279184167632919,3,13
large_integer,40410,4962174155827869384744,4,6318009845245521428511,5,17
large_integer,40411,4971397527864724160552,4,5026737760085852815385,4,13
large_integer,40412,4962174155827869384746,4,6318009845245521428513,5,17
large_integer,40413,4971397527864724160554,4,5026737760085852815387,4,13
large_integer,40414,4971397527864724160556,4,6327233217282376204323,5,17
large_integer,40415,4980620899901578936364,4,5035961132122707591197,4,13
large_integer,40416,3726242302889329426466,3,5026737760085852815390,4,13
large_integer,40417,4952950783791014608930,4,6253446240987537997854,5,13
large_integer,40418,4952950783791014608932,4,6253446240987537997856,5,13
large_integer,40419,4962174155827869384740,4,6262669613024392773664,5,13
large_integer,40420,4952950783791014608934,4,6253446240987537997858,5,13
large_integer,40421,4962174155827869384742,4,6262669613024392773666,5,13
large_integer,40422,4962174155827869384744,4,6262669613024392773668,5,13
large_integer,40423,4971397527864724160552,4,6271892985061247549476,5,13
large_integer,40424,4952950783791014608936,4,5063631248233271918622,4,15
large_integer,40425,4962174155827869384744,4,6290339729134957101086,5,15
large_integer,40426,4962174155827869384746,4,6290339729134957101088,5,15
large_integer,40427,4971397527864724160554,4,6299563101171811876896,5,15
large_integer,40428,4962174155827869384748,4,6290339729134957101090,5,15
large_integer,40429,4971397527864724160556,4,6299563101171811876898,5,15
large_integer,40430,4971397527864724160558,4,6299563101171811876900,5,15
large_integer,40431,4980620899901578936366,4,6308786473208666652708,5,15
large_integer,40432,3735465674926184202274,3,3772359163073603305497,3,11
large_integer,40433,4962174155827869384738,4,5100524736380691021855,4,17
large_integer,40434,4962174155827869384740,4,4999067643975288487963,4,11
large_integer,40435,4971397527864724160548,4,6327233217282376204321,5,17
large_integer,40436,4962174155827869384742,4,4999067643975288487965,4,11
large_integer,40437,4971397527864724160550,4,6327233217282376204323,5,17
large_integer,40438,4971397527864724160552,4,5008291016012143263775,4,11
large_integer,40439,4980620899901578936360,4,6336456589319230980133,5,17
large_integer,40440,4962174155827869384744,4,5100524736380691021855,4,17
large_integer,40441,3809252651221022408729,3,3809252651221022408729,3,13
large_integer,40442,4971397527864724160554,4,6327233217282376204321,5,17
large_integer,40443,4980620899901578936362,4,5035961132122707591195,4,13
large_integer,40444,4971397527864724160556,4,6327233217282376204323,5,17
large_integer,40445,4980620899901578936364,4,5035961132122707591197,4,13
large_integer,40446,4980620899901578936366,4,6336456589319230980133,5,17
large_integer,40447,4989844271938433712174,4,5045184504159562367007,4,13
large_integer,40448,2481087077913934692375,2,3726242302889329426454,3,9
large_integer,40449,3707795558815619874839,3,4952950783791014608918,4,9
large_integer,40450,3707795558815619874841,3,4952950783791014608920,4,9
large_integer,40451,3717018930852474650649,3,4962174155827869384728,4,9
large_integer,40452,3707795558815619874843,3,4952950783791014608922,4,9
large_integer,40453,3717018930852474650651,3,4962174155827869384730,4,9
large_integer,40454,3717018930852474650653,3,4962174155827869384732,4,9
large_integer,40455,3726242302889329426461,3,4971397527864724160540,4,9
large_integer,40456,3707795558815619874845,3,4952950783791014608924,4,9
large_integer,40457,3717018930852474650653,3,4962174155827869384732,4,9
large_integer,40458,3717018930852474650655,3,4962174155827869384734,4,9
large_integer,40459,3726242302889329426463,3,4971397527864724160542,4,9
large_integer,40460,3717018930852474650657,3,4962174155827869384736,4,9
large_integer,40461,3726242302889329426465,3,4971397527864724160544,4,9
large_integer,40462,3726242302889329426467,3,4971397527864724160546,4,9
large_integer,40463,3735465674926184202275,3,4980620899901578936354,4,9
large_integer,40464,3707795558815619874840,3,4952950783791014608919,4,9
large_integer,40465,4934504039717305057304,4,6179659264692699791383,5,9
large_integer,40466,4934504039717305057306,4,6179659264692699791385,5,9
large_integer,40467,4943727411754159833114,4,6188882636729554567193,5,9
large_integer,40468,4934504039717305057308,4,6179659264692699791387,5,9
large_integer,40469,4943727411754159833116,4,6188882636729554567195,5,9
large_integer,40470,4943727411754159833118,4,6188882636729554567197,5,9
large_integer,40471,4952950783791014608926,4,6198106008766409343005,5,9
large_integer,40472,4934504039717305057310,4,6179659264692699791389,5,9
large_integer,40473,4943727411754159833118,4,6188882636729554567197,5,9
large_integer,40474,4943727411754159833120,4,6188882636729554567199,5,9
large_integer,40475,4952950783791014608928,4,6198106008766409343007,5,9
large_integer,40476,4943727411754159833122,4,6188882636729554567201,5,9
large_integer,40477,4952950783791014608930,4,6198106008766409343009,5,9
large_integer,40478,4952950783791014608932,4,6198106008766409343011,5,9
large_integer,40479,4962174155827869384740,4,6207329380803264118819,5,9
large_integer,40480,3707795558815619874842,3,4952950783791014608921,4,9
large_integer,40481,4934504039717305057306,4,6179659264692699791385,5,9
large_integer,40482,4934504039717305057308,4,6179659264692699791387,5,9
large_integer,40483,4943727411754159833116,4,6188882636729554567195,5,9
large_integer,40484,4934504039717305057310,4,6179659264692699791389,5,9
large_integer,40485,4943727411754159833118,4,6188882636729554567197,5,9
large_integer,40486,4943727411754159833120,4,6188882636729554567199,5,9
large_integer,40487,4952950783791014608928,4,6198106008766409343007,5,9
large_integer,40488,4934504039717305057312,4,6179659264692699791391,5,9
large_integer,40489,4943727411754159833120,4,6188882636729554567199,5,9
large_integer,40490,4943727411754159833122,4,6188882636729554567201,5,9
large_integer,40491,4952950783791014608930,4,6198106008766409343009,5,9
large_integer,40492,4943727411754159833124,4,6188882636729554567203,5,9
large_integer,40493,4952950783791014608932,4,6198106008766409343011,5,9
large_integer,40494,4952950783791014608934,4,6198106008766409343013,5,9
large_integer,40495,4962174155827869384742,4,6207329380803264118821,5,9
large_integer,40496,3717018930852474650650,3,4962174155827869384729,4,9
large_integer,40497,4943727411754159833114,4,6188882636729554567193,5,9
large_integer,40498,4943727411754159833116,4,6188882636729554567195,5,9
large_integer,40499,4952950783791014608924,4,6198106008766409343003,5,9
large_integer,40500,4943727411754159833118,4,6188882636729554567197,5,9
large_integer,40501,4952950783791014608926,4,6198106008766409343005,5,9
large_integer,40502,4952950783791014608928,4,6198106008766409343007,5,9
large_integer,40503,4962174155827869384736,4,6207329380803264118815,5,9
large_integer,40504,4943727411754159833120,4,6188882636729554567199,5,9
large_integer,40505,4952950783791014608928,4,6198106008766409343007,5,9
large_integer,40506,4952950783791014608930,4,6198106008766409343009,5,9
large_integer,40507,4962174155827869384738,4,6207329380803264118817,5,9
large_integer,40508,4952950783791014608932,4,6198106008766409343011,5,9
large_integer,40509,4962174155827869384740,4,6207329380803264118819,5,9
large_integer,40510,4962174155827869384742,4,6207329380803264118821,5,9
large_integer,40511,4971397527864724160550,4,6216552752840118894629,5,9
large_integer,40512,3707795558815619874844,3,4952950783791014608923,4,9
large_integer,40513,4934504039717305057308,4,6179659264692699791387,5,9
large_integer,40514,4934504039717305057310,4,6179659264692699791389,5,9
large_integer,40515,4943727411754159833118,4,6188882636729554567197,5,9
large_integer,40516,4934504039717305057312,4,6179659264692699791391,5,9
large_integer,40517,4943727411754159833120,4,6188882636729554567199,5,9
large_integer,40518,4943727411754159833122,4,6188882636729554567201,5,9
large_integer,40519,4952950783791014608930,4,6198106008766409343009,5,9
large_integer,40520,4934504039717305057314,4,6179659264692699791393,5,9
large_integer,40521,4943727411754159833122,4,6188882636729554567201,5,9
large_integer,40522,4943727411754159833124,4,6188882636729554567203,5,9
large_integer,40523,4952950783791014608932,4,6198106008766409343011,5,9
large_integer,40524,4943727411754159833126,4,6188882636729554567205,5,9
large_integer,40525,4952950783791014608934,4,6198106008766409343013,5,9
large_integer,40526,4952950783791014608936,4,6198106008766409343015,5,9
large_integer,40527,4962174155827869384744,4,6207329380803264118823,5,9
large_integer,40528,3717018930852474650652,3,4962174155827869384731,4,9
large_integer,40529,4943727411754159833116,4,6188882636729554567195,5,9
large_integer,40530,4943727411754159833118,4,6188882636729554567197,5,9
large_integer,40531,4952950783791014608926,4,6198106008766409343005,5,9
large_integer,40532,4943727411754159833120,4,6188882636729554567199,5,9
large_integer,40533,4952950783791014608928,4,6198106008766409343007,5,9
large_integer,40534,4952950783791014608930,4,6198106008766409343009,5,9
large_integer,40535,4962174155827869384738,4,6207329380803264118817,5,9
large_integer,40536,4943727411754159833122,4,6188882636729554567201,5,9
large_integer,40537,4952950783791014608930,4,6198106008766409343009,5,9
large_integer,40538,4952950783791014608932,4,6198106008766409343011,5,9
large_integer,40539,4962174155827869384740,4,6207329380803264118819,5,9
large_integer,40540,4952950783791014608934,4,6198106008766409343013,5,9
large_integer,40541,4962174155827869384742,4,6207329380803264118821,5,9
large_integer,40542,4962174155827869384744,4,6207329380803264118823,5,9
large_integer,40543,4971397527864724160552,4,6216552752840118894631,5,9
large_integer,40544,3717018930852474650654,3,4962174155827869384733,4,9
large_integer,40545,4943727411754159833118,4,6188882636729554567197,5,9
large_integer,40546,4943727411754159833120,4,6188882636729554567199,5,9
large_integer,40547,4952950783791014608928,4,6198106008766409343007,5,9
large_integer,40548,4943727411754159833122,4,6188882636729554567201,5,9
large_integer,40549,4952950783791014608930,4,6198106008766409343009,5,9
large_integer,40550,4952950783791014608932,4,6198106008766409343011,5,9
large_integer,40551,4962174155827869384740,4,6207329380803264118819,5,9
large_integer,40552,4943727411754159833124,4,6188882636729554567203,5,9
large_integer,40553,4952950783791014608932,4,6198106008766409343011,5,9
large_integer,40554,4952950783791014608934,4,6198106008766409343013,5,9
large_integer,40555,4962174155827869384742,4,6207329380803264118821,5,9
large_integer,40556,4952950783791014608936,4,6198106008766409343015,5,9
large_integer,40557,4962174155827869384744,4,6207329380803264118823,5,9
large_integer,40558,4962174155827869384746,4,6207329380803264118825,5,9
large_integer,40559,4971397527864724160554,4,6216552752840118894633,5,9
large_integer,40560,3726242302889329426462,3,4971397527864724160541,4,9
large_integer,40561,4952950783791014608926,4,6198106008766409343005,5,9
large_integer,40562,4952950783791014608928,4,6198106008766409343007,5,9
large_integer,40563,4962174155827869384736,4,6207329380803264118815,5,9
large_integer,40564,4952950783791014608930,4,6198106008766409343009,5,9
large_integer,40565,4962174155827869384738,4,6207329380803264118817,5,9
large_integer,40566,4962174155827869384740,4,6207329380803264118819,5,9
large_integer,40567,4971397527864724160548,4,6216552752840118894627,5,9
large_integer,40568,4952950783791014608932,4,6198106008766409343011,5,9
large_integer,40569,4962174155827869384740,4,6207329380803264118819,5,9
large_integer,40570,4962174155827869384742,4,6207329380803264118821,5,9
large_integer,40571,4971397527864724160550,4,6216552752840118894629,5,9
large_integer,40572,4962174155827869384744,4,6207329380803264118823,5,9
large_integer,40573,4971397527864724160552,4,6216552752840118894631,5,9
large_integer,40574,4971397527864724160554,4,6216552752840118894633,5,9
large_integer,40575,4980620899901578936362,4,6225776124876973670441,5,9
large_integer,40576,3707795558815619874846,3,3763135791036748529687,3,11
large_integer,40577,4934504039717305057310,4,4989844271938433712151,4,11
large_integer,40578,4934504039717305057312,4,4989844271938433712153,4,11
large_integer,40579,4943727411754159833120,4,4999067643975288487961,4,11
large_integer,40580,4934504039717305057314,4,4989844271938433712155,4,11
large_integer,40581,4943727411754159833122,4,4999067643975288487963,4,11
large_integer,40582,4943727411754159833124,4,4999067643975288487965,4,11
large_integer,40583,4952950783791014608932,4,5008291016012143263773,4,11
large_integer,40584,3800029279184167632919,3,3800029279184167632919,3,13
large_integer,40585,4943727411754159833124,4,5026737760085852815383,4,13
large_integer,40586,4943727411754159833126,4,5026737760085852815385,4,13
large_integer,40587,4952950783791014608934,4,5035961132122707591193,4,13
large_integer,40588,4943727411754159833128,4,5026737760085852815387,4,13
large_integer,40589,4952950783791014608936,4,5035961132122707591195,4,13
large_integer,40590,4952950783791014608938,4,5035961132122707591197,4,13
large_integer,40591,4962174155827869384746,4,5045184504159562367005,4,13
large_integer,40592,3717018930852474650654,3,4989844271938433712152,4,11
large_integer,40593,4943727411754159833118,4,6216552752840118894616,5,11
large_integer,40594,4943727411754159833120,4,6216552752840118894618,5,11
large_integer,40595,4952950783791014608928,4,6225776124876973670426,5,11
large_integer,40596,4943727411754159833122,4,6216552752840118894620,5,11
large_integer,40597,4952950783791014608930,4,6225776124876973670428,5,11
large_integer,40598,4952950783791014608932,4,6225776124876973670430,5,11
large_integer,40599,4962174155827869384740,4,6234999496913828446238,5,11
large_integer,40600,4943727411754159833124,4,5026737760085852815384,4,13
large_integer,40601,4952950783791014608932,4,6253446240987537997848,5,13
large_integer,40602,4952950783791014608934,4,6253446240987537997850,5,13
large_integer,40603,4962174155827869384742,4,6262669613024392773658,5,13
large_integer,40604,4952950783791014608936,4,6253446240987537997852,5,13
large_integer,40605,4962174155827869384744,4,6262669613024392773660,5,13
large_integer,40606,4962174155827869384746,4,6262669613024392773662,5,13
large_integer,40607,4971397527864724160554,4,6271892985061247549470,5,13
large_integer,40608,3717018930852474650656,3,4989844271938433712154,4,11
large_integer,40609,4943727411754159833120,4,6216552752840118894618,5,11
large_integer,40610,4943727411754159833122,4,6216552752840118894620,5,11
large_integer,40611,4952950783791014608930,4,6225776124876973670428,5,11
large_integer,40612,4943727411754159833124,4,6216552752840118894622,5,11
large_integer,40613,4952950783791014608932,4,6225776124876973670430,5,11
large_integer,40614,4952950783791014608934,4,6225776124876973670432,5,11
large_integer,40615,4962174155827869384742,4,6234999496913828446240,5,11
large_integer,40616,4943727411754159833126,4,5026737760085852815386,4,13
large_integer,40617,4952950783791014608934,4,6253446240987537997850,5,13
large_integer,40618,4952950783791014608936,4,6253446240987537997852,5,13
large_integer,40619,4962174155827869384744,4,6262669613024392773660,5,13
large_integer,40620,4952950783791014608938,4,6253446240987537997854,5,13
large_integer,40621,4962174155827869384746,4,6262669613024392773662,5,13
large_integer,40622,4962174155827869384748,4,6262669613024392773664,5,13
large_integer,40623,4971397527864724160556,4,6271892985061247549472,5,13
large_integer,40624,3726242302889329426464,3,4999067643975288487962,4,11
large_integer,40625,4952950783791014608928,4,6225776124876973670426,5,11
large_integer,40626,4952950783791014608930,4,6225776124876973670428,5,11
large_integer,40627,4962174155827869384738,4,6234999496913828446236,5,11
large_integer,40628,4952950783791014608932,4,6225776124876973670430,5,11
large_integer,40629,4962174155827869384740,4,6234999496913828446238,5,11
large_integer,40630,4962174155827869384742,4,6234999496913828446240,5,11
large_integer,40631,4971397527864724160550,4,6244222868950683222048,5,11
large_integer,40632,4952950783791014608934,4,5035961132122707591194,4,13
large_integer,40633,4962174155827869384742,4,6262669613024392773658,5,13
large_integer,40634,4962174155827869384744,4,6262669613024392773660,5,13
large_integer,40635,4971397527864724160552,4,6271892985061247549468,5,13
large_integer,40636,4962174155827869384746,4,6262669613024392773662,5,13
large_integer,40637,4971397527864724160554,4,6271892985061247549470,5,13
large_integer,40638,4971397527864724160556,4,6271892985061247549472,5,13
large_integer,40639,4980620899901578936364,4,6281116357098102325280,5,13
large_integer,40640,3717018930852474650658,3,4989844271938433712156,4,11
large_integer,40641,4943727411754159833122,4,6216552752840118894620,5,11
large_integer,40642,4943727411754159833124,4,6216552752840118894622,5,11
large_integer,40643,4952950783791014608932,4,6225776124876973670430,5,11
large_integer,40644,4943727411754159833126,4,6216552752840118894624,5,11
large_integer,40645,4952950783791014608934,4,6225776124876973670432,5,11
large_integer,40646,4952950783791014608936,4,6225776124876973670434,5,11
large_integer,40647,4962174155827869384744,4,6234999496913828446242,5,11
large_integer,40648,4943727411754159833128,4,5026737760085852815388,4,13
large_integer,40649,4952950783791014608936,4,6253446240987537997852,5,13
large_integer,40650,4952950783791014608938,4,6253446240987537997854,5,13
large_integer,40651,4962174155827869384746,4,6262669613024392773662,5,13
large_integer,40652,4952950783791014608940,4,6253446240987537997856,5,13
large_integer,40653,4962174155827869384748,4,6262669613024392773664,5,13
large_integer,40654,4962174155827869384750,4,6262669613024392773666,5,13
large_integer,40655,4971397527864724160558,4,6271892985061247549474,5,13
large_integer,40656,3726242302889329426466,3,4999067643975288487964,4,11
large_integer,40657,4952950783791014608930,4,6225776124876973670428,5,11
large_integer,40658,4952950783791014608932,4,6225776124876973670430,5,11
large_integer,40659,4962174155827869384740,4,6234999496913828446238,5,11
large_integer,40660,4952950783791014608934,4,6225776124876973670432,5,11
large_integer,40661,4962174155827869384742,4,6234999496913828446240,5,11
large_integer,40662,4962174155827869384744,4,6234999496913828446242,5,11
large_integer,40663,4971397527864724160552,4,6244222868950683222050,5,11
large_integer,40664,4952950783791014608936,4,5035961132122707591196,4,13
large_integer,40665,4962174155827869384744,4,6262669613024392773660,5,13
large_integer,40666,4962174155827869384746,4,6262669613024392773662,5,13
large_integer,40667,4971397527864724160554,4,6271892985061247549470,5,13
large_integer,40668,4962174155827869384748,4,6262669613024392773664,5,13
large_integer,40669,4971397527864724160556,4,6271892985061247549472,5,13
large_integer,40670,4971397527864724160558,4,6271892985061247549474,5,13
large_integer,40671,4980620899901578936366,4,6281116357098102325282,5,13
large_integer,40672,3726242302889329426468,3,4999067643975288487966,4,11
large_integer,40673,4952950783791014608932,4,6225776124876973670430,5,11
large_integer,40674,4952950783791014608934,4,6225776124876973670432,5,11
large_integer,40675,4962174155827869384742,4,6234999496913828446240,5,11
large_integer,40676,4952950783791014608936,4,6225776124876973670434,5,11
large_integer,40677,4962174155827869384744,4,6234999496913828446242,5,11
large_integer,40678,4962174155827869384746,4,6234999496913828446244,5,11
large_integer,40679,4971397527864724160554,4,6244222868950683222052,5,11
large_integer,40680,4952950783791014608938,4,5035961132122707591198,4,13
large_integer,40681,4962174155827869384746,4,6262669613024392773662,5,13
large_integer,40682,4962174155827869384748,4,6262669613024392773664,5,13
large_integer,40683,4971397527864724160556,4,6271892985061247549472,5,13
large_integer,40684,4962174155827869384750,4,6262669613024392773666,5,13
large_integer,40685,4971397527864724160558,4,6271892985061247549474,5,13
large_integer,40686,4971397527864724160560,4,6271892985061247549476,5,13
large_integer,40687,4980620899901578936368,4,6281116357098102325284,5,13
large_integer,40688,3735465674926184202276,3,5008291016012143263774,4,11
large_integer,40689,4962174155827869384740,4,6234999496913828446238,5,11
large_integer,40690,4962174155827869384742,4,6234999496913828446240,5,11
large_integer,40691,4971397527864724160550,4,6244222868950683222048,5,11
large_integer,40692,4962174155827869384744,4,6234999496913828446242,5,11
large_integer,40693,4971397527864724160552,4,6244222868950683222050,5,11
large_integer,40694,4971397527864724160554,4,6244222868950683222052,5,11
large_integer,40695,4980620899901578936362,4,6253446240987537997860,5,11
large_integer,40696,4962174155827869384746,4,5045184504159562367006,4,13
large_integer,40697,4971397527864724160554,4,6271892985061247549470,5,13
large_integer,40698,4971397527864724160556,4,6271892985061247549472,5,13
large_integer,40699,4980620899901578936364,4,6281116357098102325280,5,13
large_integer,40700,4971397527864724160558,4,6271892985061247549474,5,13
large_integer,40701,4980620899901578936366,4,6281116357098102325282,5,13
large_integer,40702,4980620899901578936368,4,6281116357098102325284,5,13
large_integer,40703,4989844271938433712176,4,6290339729134957101092,5,13
large_integer,40704,2490310449950789468183,2,2508757194024499019795,2,9
large_integer,40705,3717018930852474650647,3,3735465674926184202259,3,9
large_integer,40706,3717018930852474650649,3,3735465674926184202261,3,9
large_integer,40707,3726242302889329426457,3,3744689046963038978069,3,9
large_integer,40708,3717018930852474650651,3,3735465674926184202263,3,9
large_integer,40709,3726242302889329426459,3,3744689046963038978071,3,9
large_integer,40710,3726242302889329426461,3,3744689046963038978073,3,9
large_integer,40711,3735465674926184202269,3,3753912418999893753881,3,9
large_integer,40712,3717018930852474650653,3,3735465674926184202265,3,9
large_integer,40713,3726242302889329426461,3,3744689046963038978073,3,9
large_integer,40714,3726242302889329426463,3,3744689046963038978075,3,9
large_integer,40715,3735465674926184202271,3,3753912418999893753883,3,9
large_integer,40716,3726242302889329426465,3,3744689046963038978077,3,9
large_integer,40717,3735465674926184202273,3,3753912418999893753885,3,9
large_integer,40718,3735465674926184202275,3,3753912418999893753887,3,9
large_integer,40719,3744689046963038978083,3,3763135791036748529695,3,9
large_integer,40720,3717018930852474650648,3,3800029279184167632921,3,13
large_integer,40721,3809252651221022408733,3,3836922767331586736153,3,15
large_integer,40722,4943727411754159833114,4,5026737760085852815387,4,13
large_integer,40723,4952950783791014608922,4,5063631248233271918619,4,15
large_integer,40724,4943727411754159833116,4,5026737760085852815389,4,13
large_integer,40725,4952950783791014608924,4,5063631248233271918621,4,15
large_integer,40726,4952950783791014608926,4,5035961132122707591199,4,13
large_integer,40727,4962174155827869384734,4,5072854620270126694431,4,15
large_integer,40728,4943727411754159833118,4,5026737760085852815391,4,13
large_integer,40729,4952950783791014608926,4,5063631248233271918623,4,15
large_integer,40730,4952950783791014608928,4,5035961132122707591201,4,13
large_integer,40731,4962174155827869384736,4,5072854620270126694433,4,15
large_integer,40732,4952950783791014608930,4,5035961132122707591203,4,13
large_integer,40733,4962174155827869384738,4,5072854620270126694435,4,15
large_integer,40734,4962174155827869384740,4,5045184504159562367013,4,13
large_integer,40735,4971397527864724160548,4,5082077992306981470245,4,15
large_integer,40736,3717018930852474650650,3,3735465674926184202262,3,9
large_integer,40737,4943727411754159833114,4,4962174155827869384726,4,9
large_integer,40738,4943727411754159833116,4,4962174155827869384728,4,9
large_integer,40739,4952950783791014608924,4,4971397527864724160536,4,9
large_integer,40740,4943727411754159833118,4,4962174155827869384730,4,9
large_integer,40741,4952950783791014608926,4,4971397527864724160538,4,9
large_integer,40742,4952950783791014608928,4,4971397527864724160540,4,9
large_integer,40743,4962174155827869384736,4,4980620899901578936348,4,9
large_integer,40744,4943727411754159833120,4,4962174155827869384732,4,9
large_integer,40745,4952950783791014608928,4,4971397527864724160540,4,9
large_integer,40746,4952950783791014608930,4,4971397527864724160542,4,9
large_integer,40747,4962174155827869384738,4,4980620899901578936350,4,9
large_integer,40748,4952950783791014608932,4,4971397527864724160544,4,9
large_integer,40749,4962174155827869384740,4,4980620899901578936352,4,9
large_integer,40750,4962174155827869384742,4,4980620899901578936354,4,9
large_integer,40751,4971397527864724160550,4,4989844271938433712162,4,9
large_integer,40752,3726242302889329426458,3,5026737760085852815388,4,13
large_integer,40753,4952950783791014608922,4,5063631248233271918620,4,15
large_integer,40754,4952950783791014608924,4,6253446240987537997854,5,13
large_integer,40755,4962174155827869384732,4,6290339729134957101086,5,15
large_integer,40756,4952950783791014608926,4,6253446240987537997856,5,13
large_integer,40757,4962174155827869384734,4,6290339729134957101088,5,15
large_integer,40758,4962174155827869384736,4,6262669613024392773666,5,13
large_integer,40759,4971397527864724160544,4,6299563101171811876898,5,15
large_integer,40760,4952950783791014608928,4,6253446240987537997858,5,13
large_integer,40761,4962174155827869384736,4,6290339729134957101090,5,15
large_integer,40762,4962174155827869384738,4,6262669613024392773668,5,13
large_integer,40763,4971397527864724160546,4,6299563101171811876900,5,15
large_integer,40764,4962174155827869384740,4,6262669613024392773670,5,13
large_integer,40765,4971397527864724160548,4,6299563101171811876902,5,15
large_integer,40766,4971397527864724160550,4,6271892985061247549480,5,13
large_integer,40767,4980620899901578936358,4,6308786473208666652712,5,15
large_integer,40768,3717018930852474650652,3,3735465674926184202264,3,9
large_integer,40769,4943727411754159833116,4,4962174155827869384728,4,9
large_integer,40770,4943727411754159833118,4,4962174155827869384730,4,9
large_integer,40771,4952950783791014608926,4,4971397527864724160538,4,9
large_integer,40772,4943727411754159833120,4,4962174155827869384732,4,9
large_integer,40773,4952950783791014608928,4,4971397527864724160540,4,9
large_integer,40774,4952950783791014608930,4,4971397527864724160542,4,9
large_integer,40775,4962174155827869384738,4,4980620899901578936350,4,9
large_integer,40776,4943727411754159833122,4,4962174155827869384734,4,9
large_integer,40777,4952950783791014608930,4,4971397527864724160542,4,9
large_integer,40778,4952950783791014608932,4,4971397527864724160544,4,9
large_integer,40779,4962174155827869384740,4,4980620899901578936352,4,9
large_integer,40780,4952950783791014608934,4,4971397527864724160546,4,9
large_integer,40781,4962174155827869384742,4,4980620899901578936354,4,9
large_integer,40782,4962174155827869384744,4,4980620899901578936356,4,9
large_integer,40783,4971397527864724160552,4,4989844271938433712164,4,9
large_integer,40784,3726242302889329426460,3,5026737760085852815390,4,13
large_integer,40785,4952950783791014608924,4,5063631248233271918622,4,15
large_integer,40786,4952950783791014608926,4,6253446240987537997856,5,13
large_integer,40787,4962174155827869384734,4,6290339729134957101088,5,15
large_integer,40788,4952950783791014608928,4,6253446240987537997858,5,13
large_integer,40789,4962174155827869384736,4,6290339729134957101090,5,15
large_integer,40790,4962174155827869384738,4,6262669613024392773668,5,13
large_integer,40791,4971397527864724160546,4,6299563101171811876900,5,15
large_integer,40792,4952950783791014608930,4,6253446240987537997860,5,13
large_integer,40793,4962174155827869384738,4,6290339729134957101092,5,15
large_integer,40794,4962174155827869384740,4,6262669613024392773670,5,13
large_integer,40795,4971397527864724160548,4,6299563101171811876902,5,15
large_integer,40796,4962174155827869384742,4,6262669613024392773672,5,13
large_integer,40797,4971397527864724160550,4,6299563101171811876904,5,15
large_integer,40798,4971397527864724160552,4,6271892985061247549482,5,13
large_integer,40799,4980620899901578936360,4,6308786473208666652714,5,15
large_integer,40800,3726242302889329426462,3,3744689046963038978074,3,9
large_integer,40801,4952950783791014608926,4,4971397527864724160538,4,9
large_integer,40802,4952950783791014608928,4,4971397527864724160540,4,9
large_integer,40803,4962174155827869384736,4,4980620899901578936348,4,9
large_integer,40804,4952950783791014608930,4,4971397527864724160542,4,9
large_integer,40805,4962174155827869384738,4,4980620899901578936350,4,9
large_integer,40806,4962174155827869384740,4,4980620899901578936352,4,9
large_integer,40807,4971397527864724160548,4,4989844271938433712160,4,9
large_integer,40808,4952950783791014608932,4,4971397527864724160544,4,9
large_integer,40809,4962174155827869384740,4,4980620899901578936352,4,9
large_integer,40810,4962174155827869384742,4,4980620899901578936354,4,9
large_integer,40811,4971397527864724160550,4,4989844271938433712162,4,9
large_integer,40812,4962174155827869384744,4,4980620899901578936356,4,9
large_integer,40813,4971397527864724160552,4,4989844271938433712164,4,9
large_integer,40814,4971397527864724160554,4,4989844271938433712166,4,9
large_integer,40815,4980620899901578936362,4,4999067643975288487974,4,9
large_integer,40816,3735465674926184202270,3,5035961132122707591200,4,13
large_integer,40817,4962174155827869384734,4,5072854620270126694432,4,15
large_integer,40818,4962174155827869384736,4,6262669613024392773666,5,13
large_integer,40819,4971397527864724160544,4,6299563101171811876898,5,15
large_integer,40820,4962174155827869384738,4,6262669613024392773668,5,13
large_integer,40821,4971397527864724160546,4,6299563101171811876900,5,15
large_integer,40822,4971397527864724160548,4,6271892985061247549478,5,13
large_integer,40823,4980620899901578936356,4,6308786473208666652710,5,15
large_integer,40824,4962174155827869384740,4,6262669613024392773670,5,13
large_integer,40825,4971397527864724160548,4,6299563101171811876902,5,15
large_integer,40826,4971397527864724160550,4,6271892985061247549480,5,13
large_integer,40827,4980620899901578936358,4,6308786473208666652712,5,15
large_integer,40828,4971397527864724160552,4,6271892985061247549482,5,13
large_integer,40829,4980620899901578936360,4,6308786473208666652714,5,15
large_integer,40830,4980620899901578936362,4,6281116357098102325292,5,13
large_integer,40831,4989844271938433712170,4,6318009845245521428524,5,15
large_integer,40832,3717018930852474650654,3,3800029279184167632921,3,13
large_integer,40833,4943727411754159833118,4,5026737760085852815385,4,13
large_integer,40834,4943727411754159833120,4,5026737760085852815387,4,13
large_integer,40835,4952950783791014608928,4,5035961132122707591195,4,13
large_integer,40836,4943727411754159833122,4,5026737760085852815389,4,13
large_integer,40837,4952950783791014608930,4,5035961132122707591197,4,13
large_integer,40838,4952950783791014608932,4,5035961132122707591199,4,13
large_integer,40839,4962174155827869384740,4,5045184504159562367007,4,13
large_integer,40840,3809252651221022408727,3,3836922767331586736153,3,15
large_integer,40841,4952950783791014608932,4,5063631248233271918617,4,15
large_integer,40842,4952950783791014608934,4,5063631248233271918619,4,15
large_integer,40843,4962174155827869384742,4,5072854620270126694427,4,15
large_integer,40844,4952950783791014608936,4,5063631248233271918621,4,15
large_integer,40845,4962174155827869384744,4,5072854620270126694429,4,15
large_integer,40846,4962174155827869384746,4,5072854620270126694431,4,15
large_integer,40847,4971397527864724160554,4,5082077992306981470239,4,15
large_integer,40848,2545650682171918123028,2,2545650682171918123028,2,11
large_integer,40849,3772359163073603305492,3,3873816255479005839386,3,17
large_integer,40850,3772359163073603305494,3,3772359163073603305494,3,11
large_integer,40851,3781582535110458081302,3,5100524736380691021852,4,17
large_integer,40852,3772359163073603305496,3,3772359163073603305496,3,11
large_integer,40853,3781582535110458081304,3,5100524736380691021854,4,17
large_integer,40854,3781582535110458081306,3,3781582535110458081306,3,11
large_integer,40855,3790805907147312857114,3,5109748108417545797664,4,17
large_integer,40856,3772359163073603305498,3,3873816255479005839386,3,17
large_integer,40857,2582544170319337226260,2,2582544170319337226260,2,13
large_integer,40858,3781582535110458081308,3,5100524736380691021852,4,17
large_integer,40859,3790805907147312857116,3,3809252651221022408726,3,13
large_integer,40860,3781582535110458081310,3,5100524736380691021854,4,17
large_integer,40861,3790805907147312857118,3,3809252651221022408728,3,13
large_integer,40862,3790805907147312857120,3,5109748108417545797664,4,17
large_integer,40863,3800029279184167632928,3,3818476023257877184538,3,13
large_integer,40864,3726242302889329426464,3,5026737760085852815388,4,13
large_integer,40865,4952950783791014608928,4,6253446240987537997852,5,13
large_integer,40866,4952950783791014608930,4,6253446240987537997854,5,13
large_integer,40867,4962174155827869384738,4,6262669613024392773662,5,13
large_integer,40868,4952950783791014608932,4,6253446240987537997856,5,13
large_integer,40869,4962174155827869384740,4,6262669613024392773664,5,13
large_integer,40870,4962174155827869384742,4,6262669613024392773666,5,13
large_integer,40871,4971397527864724160550,4,6271892985061247549474,5,13
large_integer,40872,4952950783791014608934,4,5063631248233271918620,4,15
large_integer,40873,4962174155827869384742,4,6290339729134957101084,5,15
large_integer,40874,4962174155827869384744,4,6290339729134957101086,5,15
large_integer,40875,4971397527864724160552,4,6299563101171811876894,5,15
large_integer,40876,4962174155827869384746,4,6290339729134957101088,5,15
large_integer,40877,4971397527864724160554,4,6299563101171811876896,5,15
large_integer,40878,4971397527864724160556,4,6299563101171811876898,5,15
large_integer,40879,4980620899901578936364,4,6308786473208666652706,5,15
large_integer,40880,3735465674926184202272,3,3772359163073603305495,3,11
large_integer,40881,4962174155827869384736,4,5100524736380691021853,4,17
large_integer,40882,4962174155827869384738,4,4999067643975288487961,4,11
large_integer,40883,4971397527864724160546,4,6327233217282376204319,5,17
large_integer,40884,4962174155827869384740,4,4999067643975288487963,4,11
large_integer,40885,4971397527864724160548,4,6327233217282376204321,5,17
large_integer,40886,4971397527864724160550,4,5008291016012143263773,4,11
large_integer,40887,4980620899901578936358,4,6336456589319230980131,5,17
large_integer,40888,4962174155827869384742,4,5100524736380691021853,4,17
large_integer,40889,3809252651221022408727,3,3809252651221022408727,3,13
large_integer,40890,4971397527864724160552,4,6327233217282376204319,5,17
large_integer,40891,4980620899901578936360,4,5035961132122707591193,4,13
large_integer,40892,4971397527864724160554,4,6327233217282376204321,5,17
large_integer,40893,4980620899901578936362,4,5035961132122707591195,4,13
large_integer,40894,4980620899901578936364,4,6336456589319230980131,5,17
large_integer,40895,4989844271938433712172,4,5045184504159562367005,4,13
large_integer,40896,3726242302889329426466,3,5026737760085852815390,4,13
large_integer,40897,4952950783791014608930,4,6253446240987537997854,5,13
large_integer,40898,4952950783791014608932,4,6253446240987537997856,5,13
large_integer,40899,4962174155827869384740,4,6262669613024392773664,5,13
large_integer,40900,4952950783791014608934,4,6253446240987537997858,5,13
large_integer,40901,4962174155827869384742,4,6262669613024392773666,5,13
large_integer,40902,4962174155827869384744,4,6262669613024392773668,5,13
large_integer,40903,4971397527864724160552,4,6271892985061247549476,5,13
large_integer,40904,4952950783791014608936,4,5063631248233271918622,4,15
large_integer,40905,4962174155827869384744,4,6290339729134957101086,5,15
large_integer,40906,4962174155827869384746,4,6290339729134957101088,5,15
large_integer,40907,4971397527864724160554,4,6299563101171811876896,5,15
large_integer,40908,4962174155827869384748,4,6290339729134957101090,5,15
large_integer,40909,4971397527864724160556,4,6299563101171811876898,5,15
large_integer,40910,4971397527864724160558,4,6299563101171811876900,5,15
large_integer,40911,4980620899901578936366,4,6308786473208666652708,5,15
large_integer,40912,3735465674926184202274,3,3772359163073603305497,3,11
large_integer,40913,4962174155827869384738,4,5100524736380691021855,4,17
large_integer,40914,4962174155827869384740,4,4999067643975288487963,4,11
large_integer,40915,4971397527864724160548,4,6327233217282376204321,5,17
large_integer,40916,4962174155827869384742,4,4999067643975288487965,4,11
large_integer,40917,4971397527864724160550,4,6327233217282376204323,5,17
large_integer,40918,4971397527864724160552,4,5008291016012143263775,4,11
large_integer,40919,4980620899901578936360,4,6336456589319230980133,5,17
large_integer,40920,4962174155827869384744,4,5100524736380691021855,4,17
large_integer,40921,3809252651221022408729,3,3809252651221022408729,3,13
large_integer,40922,4971397527864724160554,4,6327233217282376204321,5,17
large_integer,40923,4980620899901578936362,4,5035961132122707591195,4,13
large_integer,40924,4971397527864724160556,4,6327233217282376204323,5,17
large_integer,40925,4980620899901578936364,4,5035961132122707591197,4,13
large_integer,40926,4980620899901578936366,4,6336456589319230980133,5,17
large_integer,40927,4989844271938433712174,4,5045184504159562367007,4,13
large_integer,40928,3735465674926184202276,3,5035961132122707591200,4,13
large_integer,40929,4962174155827869384740,4,6262669613024392773664,5,13
large_integer,40930,4962174155827869384742,4,6262669613024392773666,5,13
large_integer,40931,4971397527864724160550,4,6271892985061247549474,5,13
large_integer,40932,4962174155827869384744,4,6262669613024392773668,5,13
large_integer,40933,4971397527864724160552,4,6271892985061247549476,5,13
large_integer,40934,4971397527864724160554,4,6271892985061247549478,5,13
large_integer,40935,4980620899901578936362,4,6281116357098102325286,5,13
large_integer,40936,4962174155827869384746,4,5072854620270126694432,4,15
large_integer,40937,4971397527864724160554,4,6299563101171811876896,5,15
large_integer,40938,4971397527864724160556,4,6299563101171811876898,5,15
large_integer,40939,4980620899901578936364,4,6308786473208666652706,5,15
large_integer,40940,4971397527864724160558,4,6299563101171811876900,5,15
large_integer,40941,4980620899901578936366,4,6308786473208666652708,5,15
large_integer,40942,4980620899901578936368,4,6308786473208666652710,5,15
large_integer,40943,4989844271938433712176,4,6318009845245521428518,5,15
large_integer,40944,3744689046963038978084,3,3781582535110458081307,3,11
large_integer,40945,4971397527864724160548,4,5109748108417545797665,4,17
large_integer,40946,4971397527864724160550,4,5008291016012143263773,4,11
large_integer,40947,4980620899901578936358,4,6336456589319230980131,5,17
large_integer,40948,4971397527864724160552,4,5008291016012143263775,4,11
large_integer,40949,4980620899901578936360,4,6336456589319230980133,5,17
large_integer,40950,4980620899901578936362,4,5017514388048998039585,4,11
large_integer,40951,4989844271938433712170,4,6345679961356085755943,5,17
large_integer,40952,4971397527864724160554,4,5109748108417545797665,4,17
large_integer,40953,3818476023257877184539,3,3818476023257877184539,3,13
large_integer,40954,4980620899901578936364,4,6336456589319230980131,5,17
large_integer,40955,4989844271938433712172,4,5045184504159562367005,4,13
large_integer,40956,4980620899901578936366,4,6336456589319230980133,5,17
large_integer,40957,4989844271938433712174,4,5045184504159562367007,4,13
large_integer,40958,4989844271938433712176,4,6345679961356085755943,5,17
large_integer,40959,4999067643975288487984,4,5054407876196417142817,4,13
