regime,mask,cost,blocks,greedy_cost,greedy_blocks,states
unit,0,0,0,0,0,7
unit,1,2,1,2,1,7
unit,2,2,1,2,1,7
unit,3,3,1,3,1,7
unit,4,2,1,2,1,7
unit,5,3,1,3,1,7
unit,6,3,1,3,1,7
unit,7,4,1,4,1,7
unit,8,2,1,2,1,7
unit,9,3,1,3,1,7
unit,10,3,1,3,1,7
unit,11,4,1,4,1,7
unit,12,3,1,3,1,7
unit,13,4,1,4,1,7
unit,14,4,1,4,1,7
unit,15,5,1,5,1,7
unit,16,2,1,2,1,7
unit,17,4,2,4,2,7
unit,18,4,2,4,2,7
unit,19,5,2,5,2,7
unit,20,4,2,4,2,7
unit,21,5,2,5,2,7
unit,22,5,2,5,2,7
unit,23,6,2,6,2,7
unit,24,4,2,4,2,7
unit,25,5,2,5,2,7
unit,26,5,2,5,2,7
unit,27,6,2,6,2,7
unit,28,5,2,5,2,7
unit,29,6,2,6,2,7
unit,30,6,2,6,2,7
unit,31,7,2,7,2,7
unit,32,2,1,2,1,7
unit,33,4,2,4,2,7
unit,34,4,2,4,2,7
unit,35,5,2,5,2,7
unit,36,4,2,4,2,7
unit,37,5,2,5,2,7
unit,38,5,2,5,2,7
unit,39,6,2,6,2,7
unit,40,4,2,4,2,7
unit,41,5,2,5,2,7
unit,42,5,2,5,2,7
unit,43,6,2,6,2,7
unit,44,5,2,5,2,7
unit,45,6,2,6,2,7
unit,46,6,2,6,2,7
unit,47,7,2,7,2,7
unit,48,3,1,3,1,7
unit,49,5,2,5,2,7
unit,50,5,2,5,2,7
unit,51,6,2,6,2,7
unit,52,5,2,5,2,7
unit,53,6,2,6,2,7
unit,54,6,2,6,2,7
unit,55,7,2,7,2,7
unit,56,5,2,5,2,7
unit,57,6,2,6,2,7
unit,58,6,2,6,2,7
unit,59,7,2,7,2,7
unit,60,6,2,6,2,7
unit,61,7,2,7,2,7
unit,62,7,2,7,2,7
unit,63,8,2,8,2,7
unit,64,2,1,2,1,7
unit,65,4,2,4,2,7
unit,66,4,2,4,2,7
unit,67,5,2,5,2,7
unit,68,4,2,4,2,7
unit,69,5,2,5,2,7
unit,70,5,2,5,2,7
unit,71,6,2,6,2,7
unit,72,4,2,4,2,7
unit,73,5,2,5,2,7
unit,74,5,2,5,2,7
unit,75,6,2,6,2,7
unit,76,5,2,5,2,7
unit,77,6,2,6,2,7
unit,78,6,2,6,2,7
unit,79,7,2,7,2,7
unit,80,3,1,3,1,7
unit,81,5,2,5,2,7
unit,82,5,2,5,2,7
unit,83,6,2,6,2,7
unit,84,5,2,5,2,7
unit,85,6,2,6,2,7
unit,86,6,2,6,2,7
unit,87,7,2,7,2,7
unit,88,5,2,5,2,7
unit,89,6,2,6,2,7
unit,90,6,2,6,2,7
unit,91,7,2,7,2,7
unit,92,6,2,6,2,7
unit,93,7,2,7,2,7
unit,94,7,2,7,2,7
unit,95,8,2,8,2,7
unit,96,3,1,3,1,7
unit,97,5,2,5,2,7
unit,98,5,2,5,2,7
unit,99,6,2,6,2,7
unit,100,5,2,5,2,7
unit,101,6,2,6,2,7
unit,102,6,2,6,2,7
unit,103,7,2,7,2,7
unit,104,5,2,5,2,7
unit,105,6,2,6,2,7
unit,106,6,2,6,2,7
unit,107,7,2,7,2,7
unit,108,6,2,6,2,7
unit,109,7,2,7,2,7
unit,110,7,2,7,2,7
unit,111,8,2,8,2,7
unit,112,4,1,4,1,7
unit,113,6,2,6,2,7
unit,114,6,2,6,2,7
unit,115,7,2,7,2,7
unit,116,6,2,6,2,7
unit,117,7,2,7,2,7
unit,118,7,2,7,2,7
unit,119,8,2,8,2,7
unit,120,6,2,6,2,7
unit,121,7,2,7,2,7
unit,122,7,2,7,2,7
unit,123,8,2,8,2,7
unit,124,7,2,7,2,7
unit,125,8,2,8,2,7
unit,126,8,2,8,2,7
unit,127,9,2,9,2,7
unit,128,2,1,2,1,7
unit,129,4,2,4,2,7
unit,130,4,2,4,2,7
unit,131,5,2,5,2,7
unit,132,4,2,4,2,7
unit,133,5,2,5,2,7
unit,134,5,2,5,2,7
unit,135,6,2,6,2,7
unit,136,4,2,4,2,7
unit,137,5,2,5,2,7
unit,138,5,2,5,2,7
unit,139,6,2,6,2,7
unit,140,5,2,5,2,7
unit,141,6,2,6,2,7
unit,142,6,2,6,2,7
unit,143,7,2,7,2,7
unit,144,3,1,3,1,7
unit,145,5,2,5,2,7
unit,146,5,2,5,2,7
unit,147,6,2,6,2,7
unit,148,5,2,5,2,7
unit,149,6,2,6,2,7
unit,150,6,2,6,2,7
unit,151,7,2,7,2,7
unit,152,5,2,5,2,7
unit,153,6,2,6,2,7
unit,154,6,2,6,2,7
unit,155,7,2,7,2,7
unit,156,6,2,6,2,7
unit,157,7,2,7,2,7
unit,158,7,2,7,2,7
unit,159,8,2,8,2,7
unit,160,3,1,3,1,7
unit,161,5,2,5,2,7
unit,162,5,2,5,2,7
unit,163,6,2,6,2,7
unit,164,5,2,5,2,7
unit,165,6,2,6,2,7
unit,166,6,2,6,2,7
unit,167,7,2,7,2,7
unit,168,5,2,5,2,7
unit,169,6,2,6,2,7
unit,170,6,2,6,2,7
unit,171,7,2,7,2,7
unit,172,6,2,6,2,7
unit,173,7,2,7,2,7
unit,174,7,2,7,2,7
unit,175,8,2,8,2,7
unit,176,4,1,4,1,7
unit,177,6,2,6,2,7
unit,178,6,2,6,2,7
unit,179,7,2,7,2,7
unit,180,6,2,6,2,7
unit,181,7,2,7,2,7
unit,182,7,2,7,2,7
unit,183,8,2,8,2,7
unit,184,6,2,6,2,7
unit,185,7,2,7,2,7
unit,186,7,2,7,2,7
unit,187,8,2,8,2,7
unit,188,7,2,7,2,7
unit,189,8,2,8,2,7
unit,190,8,2,8,2,7
unit,191,9,2,9,2,7
unit,192,3,1,3,1,7
unit,193,5,2,5,2,7
unit,194,5,2,5,2,7
unit,195,6,2,6,2,7
unit,196,5,2,5,2,7
unit,197,6,2,6,2,7
unit,198,6,2,6,2,7
unit,199,7,2,7,2,7
unit,200,5,2,5,2,7
unit,201,6,2,6,2,7
unit,202,6,2,6,2,7
unit,203,7,2,7,2,7
unit,204,6,2,6,2,7
unit,205,7,2,7,2,7
unit,206,7,2,7,2,7
unit,207,8,2,8,2,7
unit,208,4,1,4,1,7
unit,209,6,2,6,2,7
unit,210,6,2,6,2,7
unit,211,7,2,7,2,7
unit,212,6,2,6,2,7
unit,213,7,2,7,2,7
unit,214,7,2,7,2,7
unit,215,8,2,8,2,7
unit,216,6,2,6,2,7
unit,217,7,2,7,2,7
unit,218,7,2,7,2,7
unit,219,8,2,8,2,7
unit,220,7,2,7,2,7
unit,221,8,2,8,2,7
unit,222,8,2,8,2,7
unit,223,9,2,9,2,7
unit,224,4,1,4,1,7
unit,225,6,2,6,2,7
unit,226,6,2,6,2,7
unit,227,7,2,7,2,7
unit,228,6,2,6,2,7
unit,229,7,2,7,2,7
unit,230,7,2,7,2,7
unit,231,8,2,8,2,7
unit,232,6,2,6,2,7
unit,233,7,2,7,2,7
unit,234,7,2,7,2,7
unit,235,8,2,8,2,7
unit,236,7,2,7,2,7
unit,237,8,2,8,2,7
unit,238,8,2,8,2,7
unit,239,9,2,9,2,7
unit,240,5,1,5,1,7
unit,241,7,2,7,2,7
unit,242,7,2,7,2,7
unit,243,8,2,8,2,7
unit,244,7,2,7,2,7
unit,245,8,2,8,2,7
unit,246,8,2,8,2,7
unit,247,9,2,9,2,7
unit,248,7,2,7,2,7
unit,249,8,2,8,2,7
unit,250,8,2,8,2,7
unit,251,9,2,9,2,7
unit,252,8,2,8,2,7
unit,253,9,2,9,2,7
unit,254,9,2,9,2,7
unit,255,10,2,10,2,7
unit,256,2,1,2,1,7
unit,257,4,2,4,2,7
unit,258,4,2,4,2,7
unit,259,5,2,5,2,7
unit,260,4,2,4,2,7
unit,261,5,2,5,2,7
unit,262,5,2,5,2,7
unit,263,6,2,6,2,7
unit,264,4,2,4,2,7
unit,265,5,2,5,2,7
unit,266,5,2,5,2,7
unit,267,6,2,6,2,7
unit,268,5,2,5,2,7
unit,269,6,2,6,2,7
unit,270,6,2,6,2,7
unit,271,7,2,7,2,7
unit,272,4,2,4,2,7
unit,273,6,3,6,3,7
unit,274,6,3,6,3,7
unit,275,7,3,7,3,7
unit,276,6,3,6,3,7
unit,277,7,3,7,3,7
unit,278,7,3,7,3,7
unit,279,8,3,8,3,7
unit,280,6,3,6,3,7
unit,281,7,3,7,3,7
unit,282,7,3,7,3,7
unit,283,8,3,8,3,7
unit,284,7,3,7,3,7
unit,285,8,3,8,3,7
unit,286,8,3,8,3,7
unit,287,9,3,9,3,7
unit,288,4,2,4,2,7
unit,289,6,3,6,3,7
unit,290,6,3,6,3,7
unit,291,7,3,7,3,7
unit,292,6,3,6,3,7
unit,293,7,3,7,3,7
unit,294,7,3,7,3,7
unit,295,8,3,8,3,7
unit,296,6,3,6,3,7
unit,297,7,3,7,3,7
unit,298,7,3,7,3,7
unit,299,8,3,8,3,7
unit,300,7,3,7,3,7
unit,301,8,3,8,3,7
unit,302,8,3,8,3,7
unit,303,9,3,9,3,7
unit,304,5,2,5,2,7
unit,305,7,3,7,3,7
unit,306,7,3,7,3,7
unit,307,8,3,8,3,7
unit,308,7,3,7,3,7
unit,309,8,3,8,3,7
unit,310,8,3,8,3,7
unit,311,9,3,9,3,7
unit,312,7,3,7,3,7
unit,313,8,3,8,3,7
unit,314,8,3,8,3,7
unit,315,9,3,9,3,7
unit,316,8,3,8,3,7
unit,317,9,3,9,3,7
unit,318,9,3,9,3,7
unit,319,10,3,10,3,7
unit,320,4,2,4,2,7
unit,321,6,3,6,3,7
unit,322,6,3,6,3,7
unit,323,7,3,7,3,7
unit,324,6,3,6,3,7
unit,325,7,3,7,3,7
unit,326,7,3,7,3,7
unit,327,8,3,8,3,7
unit,328,6,3,6,3,7
unit,329,7,3,7,3,7
unit,330,7,3,7,3,7
unit,331,8,3,8,3,7
unit,332,7,3,7,3,7
unit,333,8,3,8,3,7
unit,334,8,3,8,3,7
unit,335,9,3,9,3,7
unit,336,5,2,5,2,7
unit,337,7,3,7,3,7
unit,338,7,3,7,3,7
unit,339,8,3,8,3,7
unit,340,7,3,7,3,7
unit,341,8,3,8,3,7
unit,342,8,3,8,3,7
unit,343,9,3,9,3,7
unit,344,7,3,7,3,7
unit,345,8,3,8,3,7
unit,346,8,3,8,3,7
unit,347,9,3,9,3,7
unit,348,8,3,8,3,7
unit,349,9,3,9,3,7
unit,350,9,3,9,3,7
unit,351,10,3,10,3,7
unit,352,5,2,5,2,7
unit,353,7,3,7,3,7
unit,354,7,3,7,3,7
unit,355,8,3,8,3,7
unit,356,7,3,7,3,7
unit,357,8,3,8,3,7
unit,358,8,3,8,3,7
unit,359,9,3,9,3,7
unit,360,7,3,7,3,7
unit,361,8,3,8,3,7
unit,362,8,3,8,3,7
unit,363,9,3,9,3,7
unit,364,8,3,8,3,7
unit,365,9,3,9,3,7
unit,366,9,3,9,3,7
unit,367,10,3,10,3,7
unit,368,6,2,6,2,7
unit,369,8,3,8,3,7
unit,370,8,3,8,3,7
unit,371,9,3,9,3,7
unit,372,8,3,8,3,7
unit,373,9,3,9,3,7
unit,374,9,3,9,3,7
unit,375,10,3,10,3,7
unit,376,8,3,8,3,7
unit,377,9,3,9,3,7
unit,378,9,3,9,3,7
unit,379,10,3,10,3,7
unit,380,9,3,9,3,7
unit,381,10,3,10,3,7
unit,382,10,3,10,3,7
unit,383,11,3,11,3,7
unit,384,4,2,4,2,7
unit,385,6,3,6,3,7
unit,386,6,3,6,3,7
unit,387,7,3,7,3,7
unit,388,6,3,6,3,7
unit,389,7,3,7,3,7
unit,390,7,3,7,3,7
unit,391,8,3,8,3,7
unit,392,6,3,6,3,7
unit,393,7,3,7,3,7
unit,394,7,3,7,3,7
unit,395,8,3,8,3,7
unit,396,7,3,7,3,7
unit,397,8,3,8,3,7
unit,398,8,3,8,3,7
unit,399,9,3,9,3,7
unit,400,5,2,5,2,7
unit,401,7,3,7,3,7
unit,402,7,3,7,3,7
unit,403,8,3,8,3,7
unit,404,7,3,7,3,7
unit,405,8,3,8,3,7
unit,406,8,3,8,3,7
unit,407,9,3,9,3,7
unit,408,7,3,7,3,7
unit,409,8,3,8,3,7
unit,410,8,3,8,3,7
unit,411,9,3,9,3,7
unit,412,8,3,8,3,7
unit,413,9,3,9,3,7
unit,414,9,3,9,3,7
unit,415,10,3,10,3,7
unit,416,5,2,5,2,7
unit,417,7,3,7,3,7
unit,418,7,3,7,3,7
unit,419,8,3,8,3,7
unit,420,7,3,7,3,7
unit,421,8,3,8,3,7
unit,422,8,3,8,3,7
unit,423,9,3,9,3,7
unit,424,7,3,7,3,7
unit,425,8,3,8,3,7
unit,426,8,3,8,3,7
unit,427,9,3,9,3,7
unit,428,8,3,8,3,7
unit,429,9,3,9,3,7
unit,430,9,3,9,3,7
unit,431,10,3,10,3,7
unit,432,6,2,6,2,7
unit,433,8,3,8,3,7
unit,434,8,3,8,3,7
unit,435,9,3,9,3,7
unit,436,8,3,8,3,7
unit,437,9,3,9,3,7
unit,438,9,3,9,3,7
unit,439,10,3,10,3,7
unit,440,8,3,8,3,7
unit,441,9,3,9,3,7
unit,442,9,3,9,3,7
unit,443,10,3,10,3,7
unit,444,9,3,9,3,7
unit,445,10,3,10,3,7
unit,446,10,3,10,3,7
unit,447,11,3,11,3,7
unit,448,5,2,5,2,7
unit,449,7,3,7,3,7
unit,450,7,3,7,3,7
unit,451,8,3,8,3,7
unit,452,7,3,7,3,7
unit,453,8,3,8,3,7
unit,454,8,3,8,3,7
unit,455,9,3,9,3,7
unit,456,7,3,7,3,7
unit,457,8,3,8,3,7
unit,458,8,3,8,3,7
unit,459,9,3,9,3,7
unit,460,8,3,8,3,7
unit,461,9,3,9,3,7
unit,462,9,3,9,3,7
unit,463,10,3,10,3,7
unit,464,6,2,6,2,7
unit,465,8,3,8,3,7
unit,466,8,3,8,3,7
unit,467,9,3,9,3,7
unit,468,8,3,8,3,7
unit,469,9,3,9,3,7
unit,470,9,3,9,3,7
unit,471,10,3,10,3,7
unit,472,8,3,8,3,7
unit,473,9,3,9,3,7
unit,474,9,3,9,3,7
unit,475,10,3,10,3,7
unit,476,9,3,9,3,7
unit,477,10,3,10,3,7
unit,478,10,3,10,3,7
unit,479,11,3,11,3,7
unit,480,6,2,6,2,7
unit,481,8,3,8,3,7
unit,482,8,3,8,3,7
unit,483,9,3,9,3,7
unit,484,8,3,8,3,7
unit,485,9,3,9,3,7
unit,486,9,3,9,3,7
unit,487,10,3,10,3,7
unit,488,8,3,8,3,7
unit,489,9,3,9,3,7
unit,490,9,3,9,3,7
unit,491,10,3,10,3,7
unit,492,9,3,9,3,7
unit,493,10,3,10,3,7
unit,494,10,3,10,3,7
unit,495,11,3,11,3,7
unit,496,7,2,7,2,7
unit,497,9,3,9,3,7
unit,498,9,3,9,3,7
unit,499,10,3,10,3,7
unit,500,9,3,9,3,7
unit,501,10,3,10,3,7
unit,502,10,3,10,3,7
unit,503,11,3,11,3,7
unit,504,9,3,9,3,7
unit,505,10,3,10,3,7
unit,506,10,3,10,3,7
unit,507,11,3,11,3,7
unit,508,10,3,10,3,7
unit,509,11,3,11,3,7
unit,510,11,3,11,3,7
unit,511,12,3,12,3,7
unit,512,2,1,2,1,7
unit,513,4,2,4,2,7
unit,514,4,2,4,2,7
unit,515,5,2,5,2,7
unit,516,4,2,4,2,7
unit,517,5,2,5,2,7
unit,518,5,2,5,2,7
unit,519,6,2,6,2,7
unit,520,4,2,4,2,7
unit,521,5,2,5,2,7
unit,522,5,2,5,2,7
unit,523,6,2,6,2,7
unit,524,5,2,5,2,7
unit,525,6,2,6,2,7
unit,526,6,2,6,2,7
unit,527,7,2,7,2,7
unit,528,4,2,4,2,7
unit,529,6,3,6,3,7
unit,530,6,3,6,3,7
unit,531,7,3,7,3,7
unit,532,6,3,6,3,7
unit,533,7,3,7,3,7
unit,534,7,3,7,3,7
unit,535,8,3,8,3,7
unit,536,6,3,6,3,7
unit,537,7,3,7,3,7
unit,538,7,3,7,3,7
unit,539,8,3,8,3,7
unit,540,7,3,7,3,7
unit,541,8,3,8,3,7
unit,542,8,3,8,3,7
unit,543,9,3,9,3,7
unit,544,4,2,4,2,7
unit,545,6,3,6,3,7
unit,546,6,3,6,3,7
unit,547,7,3,7,3,7
unit,548,6,3,6,3,7
unit,549,7,3,7,3,7
unit,550,7,3,7,3,7
unit,551,8,3,8,3,7
unit,552,6,3,6,3,7
unit,553,7,3,7,3,7
unit,554,7,3,7,3,7
unit,555,8,3,8,3,7
unit,556,7,3,7,3,7
unit,557,8,3,8,3,7
unit,558,8,3,8,3,7
unit,559,9,3,9,3,7
unit,560,5,2,5,2,7
unit,561,7,3,7,3,7
unit,562,7,3,7,3,7
unit,563,8,3,8,3,7
unit,564,7,3,7,3,7
unit,565,8,3,8,3,7
unit,566,8,3,8,3,7
unit,567,9,3,9,3,7
unit,568,7,3,7,3,7
unit,569,8,3,8,3,7
unit,570,8,3,8,3,7
unit,571,9,3,9,3,7
unit,572,8,3,8,3,7
unit,573,9,3,9,3,7
unit,574,9,3,9,3,7
unit,575,10,3,10,3,7
unit,576,4,2,4,2,7
unit,577,6,3,6,3,7
unit,578,6,3,6,3,7
unit,579,7,3,7,3,7
unit,580,6,3,6,3,7
unit,581,7,3,7,3,7
unit,582,7,3,7,3,7
unit,583,8,3,8,3,7
unit,584,6,3,6,3,7
unit,585,7,3,7,3,7
unit,586,7,3,7,3,7
unit,587,8,3,8,3,7
unit,588,7,3,7,3,7
unit,589,8,3,8,3,7
unit,590,8,3,8,3,7
unit,591,9,3,9,3,7
unit,592,5,2,5,2,7
unit,593,7,3,7,3,7
unit,594,7,3,7,3,7
unit,595,8,3,8,3,7
unit,596,7,3,7,3,7
unit,597,8,3,8,3,7
unit,598,8,3,8,3,7
unit,599,9,3,9,3,7
unit,600,7,3,7,3,7
unit,601,8,3,8,3,7
unit,602,8,3,8,3,7
unit,603,9,3,9,3,7
unit,604,8,3,8,3,7
unit,605,9,3,9,3,7
unit,606,9,3,9,3,7
unit,607,10,3,10,3,7
unit,608,5,2,5,2,7
unit,609,7,3,7,3,7
unit,610,7,3,7,3,7
unit,611,8,3,8,3,7
unit,612,7,3,7,3,7
unit,613,8,3,8,3,7
unit,614,8,3,8,3,7
unit,615,9,3,9,3,7
unit,616,7,3,7,3,7
unit,617,8,3,8,3,7
unit,618,8,3,8,3,7
unit,619,9,3,9,3,7
unit,620,8,3,8,3,7
unit,621,9,3,9,3,7
unit,622,9,3,9,3,7
unit,623,10,3,10,3,7
unit,624,6,2,6,2,7
unit,625,8,3,8,3,7
unit,626,8,3,8,3,7
unit,627,9,3,9,3,7
unit,628,8,3,8,3,7
unit,629,9,3,9,3,7
unit,630,9,3,9,3,7
unit,631,10,3,10,3,7
unit,632,8,3,8,3,7
unit,633,9,3,9,3,7
unit,634,9,3,9,3,7
unit,635,10,3,10,3,7
unit,636,9,3,9,3,7
unit,637,10,3,10,3,7
unit,638,10,3,10,3,7
unit,639,11,3,11,3,7
unit,640,4,2,4,2,7
unit,641,6,3,6,3,7
unit,642,6,3,6,3,7
unit,643,7,3,7,3,7
unit,644,6,3,6,3,7
unit,645,7,3,7,3,7
unit,646,7,3,7,3,7
unit,647,8,3,8,3,7
unit,648,6,3,6,3,7
unit,649,7,3,7,3,7
unit,650,7,3,7,3,7
unit,651,8,3,8,3,7
unit,652,7,3,7,3,7
unit,653,8,3,8,3,7
unit,654,8,3,8,3,7
unit,655,9,3,9,3,7
unit,656,5,2,5,2,7
unit,657,7,3,7,3,7
unit,658,7,3,7,3,7
unit,659,8,3,8,3,7
unit,660,7,3,7,3,7
unit,661,8,3,8,3,7
unit,662,8,3,8,3,7
unit,663,9,3,9,3,7
unit,664,7,3,7,3,7
unit,665,8,3,8,3,7
unit,666,8,3,8,3,7
unit,667,9,3,9,3,7
unit,668,8,3,8,3,7
unit,669,9,3,9,3,7
unit,670,9,3,9,3,7
unit,671,10,3,10,3,7
unit,672,5,2,5,2,7
unit,673,7,3,7,3,7
unit,674,7,3,7,3,7
unit,675,8,3,8,3,7
unit,676,7,3,7,3,7
unit,677,8,3,8,3,7
unit,678,8,3,8,3,7
unit,679,9,3,9,3,7
unit,680,7,3,7,3,7
unit,681,8,3,8,3,7
unit,682,8,3,8,3,7
unit,683,9,3,9,3,7
unit,684,8,3,8,3,7
unit,685,9,3,9,3,7
unit,686,9,3,9,3,7
unit,687,10,3,10,3,7
unit,688,6,2,6,2,7
unit,689,8,3,8,3,7
unit,690,8,3,8,3,7
unit,691,9,3,9,3,7
unit,692,8,3,8,3,7
unit,693,9,3,9,3,7
unit,694,9,3,9,3,7
unit,695,10,3,10,3,7
unit,696,8,3,8,3,7
unit,697,9,3,9,3,7
unit,698,9,3,9,3,7
unit,699,10,3,10,3,7
unit,700,9,3,9,3,7
unit,701,10,3,10,3,7
unit,702,10,3,10,3,7
unit,703,11,3,11,3,7
unit,704,5,2,5,2,7
unit,705,7,3,7,3,7
unit,706,7,3,7,3,7
unit,707,8,3,8,3,7
unit,708,7,3,7,3,7
unit,709,8,3,8,3,7
unit,710,8,3,8,3,7
unit,711,9,3,9,3,7
unit,712,7,3,7,3,7
unit,713,8,3,8,3,7
unit,714,8,3,8,3,7
unit,715,9,3,9,3,7
unit,716,8,3,8,3,7
unit,717,9,3,9,3,7
unit,718,9,3,9,3,7
unit,719,10,3,10,3,7
unit,720,6,2,6,2,7
unit,721,8,3,8,3,7
unit,722,8,3,8,3,7
unit,723,9,3,9,3,7
unit,724,8,3,8,3,7
unit,725,9,3,9,3,7
unit,726,9,3,9,3,7
unit,727,10,3,10,3,7
unit,728,8,3,8,3,7
unit,729,9,3,9,3,7
unit,730,9,3,9,3,7
unit,731,10,3,10,3,7
unit,732,9,3,9,3,7
unit,733,10,3,10,3,7
unit,734,10,3,10,3,7
unit,735,11,3,11,3,7
unit,736,6,2,6,2,7
unit,737,8,3,8,3,7
unit,738,8,3,8,3,7
unit,739,9,3,9,3,7
unit,740,8,3,8,3,7
unit,741,9,3,9,3,7
unit,742,9,3,9,3,7
unit,743,10,3,10,3,7
unit,744,8,3,8,3,7
unit,745,9,3,9,3,7
unit,746,9,3,9,3,7
unit,747,10,3,10,3,7
unit,748,9,3,9,3,7
unit,749,10,3,10,3,7
unit,750,10,3,10,3,7
unit,751,11,3,11,3,7
unit,752,7,2,7,2,7
unit,753,9,3,9,3,7
unit,754,9,3,9,3,7
unit,755,10,3,10,3,7
unit,756,9,3,9,3,7
unit,757,10,3,10,3,7
unit,758,10,3,10,3,7
unit,759,11,3,11,3,7
unit,760,9,3,9,3,7
unit,761,10,3,10,3,7
unit,762,10,3,10,3,7
unit,763,11,3,11,3,7
unit,764,10,3,10,3,7
unit,765,11,3,11,3,7
unit,766,11,3,11,3,7
unit,767,12,3,12,3,7
unit,768,3,1,3,1,7
unit,769,5,2,5,2,7
unit,770,5,2,5,2,7
unit,771,6,2,6,2,7
unit,772,5,2,5,2,7
unit,773,6,2,6,2,7
unit,774,6,2,6,2,7
unit,775,7,2,7,2,7
unit,776,5,2,5,2,7
unit,777,6,2,6,2,7
unit,778,6,2,6,2,7
unit,779,7,2,7,2,7
unit,780,6,2,6,2,7
unit,781,7,2,7,2,7
unit,782,7,2,7,2,7
unit,783,8,2,8,2,7
unit,784,5,2,5,2,7
unit,785,7,3,7,3,7
unit,786,7,3,7,3,7
unit,787,8,3,8,3,7
unit,788,7,3,7,3,7
unit,789,8,3,8,3,7
unit,790,8,3,8,3,7
unit,791,9,3,9,3,7
unit,792,7,3,7,3,7
unit,793,8,3,8,3,7
unit,794,8,3,8,3,7
unit,795,9,3,9,3,7
unit,796,8,3,8,3,7
unit,797,9,3,9,3,7
unit,798,9,3,9,3,7
unit,799,10,3,10,3,7
unit,800,5,2,5,2,7
unit,801,7,3,7,3,7
unit,802,7,3,7,3,7
unit,803,8,3,8,3,7
unit,804,7,3,7,3,7
unit,805,8,3,8,3,7
unit,806,8,3,8,3,7
unit,807,9,3,9,3,7
unit,808,7,3,7,3,7
unit,809,8,3,8,3,7
unit,810,8,3,8,3,7
unit,811,9,3,9,3,7
unit,812,8,3,8,3,7
unit,813,9,3,9,3,7
unit,814,9,3,9,3,7
unit,815,10,3,10,3,7
unit,816,6,2,6,2,7
unit,817,8,3,8,3,7
unit,818,8,3,8,3,7
unit,819,9,3,9,3,7
unit,820,8,3,8,3,7
unit,821,9,3,9,3,7
unit,822,9,3,9,3,7
unit,823,10,3,10,3,7
unit,824,8,3,8,3,7
unit,825,9,3,9,3,7
unit,826,9,3,9,3,7
unit,827,10,3,10,3,7
unit,828,9,3,9,3,7
unit,829,10,3,10,3,7
unit,830,10,3,10,3,7
unit,831,11,3,11,3,7
unit,832,5,2,5,2,7
unit,833,7,3,7,3,7
unit,834,7,3,7,3,7
unit,835,8,3,8,3,7
unit,836,7,3,7,3,7
unit,837,8,3,8,3,7
unit,838,8,3,8,3,7
unit,839,9,3,9,3,7
unit,840,7,3,7,3,7
unit,841,8,3,8,3,7
unit,842,8,3,8,3,7
unit,843,9,3,9,3,7
unit,844,8,3,8,3,7
unit,845,9,3,9,3,7
unit,846,9,3,9,3,7
unit,847,10,3,10,3,7
unit,848,6,2,6,2,7
unit,849,8,3,8,3,7
unit,850,8,3,8,3,7
unit,851,9,3,9,3,7
unit,852,8,3,8,3,7
unit,853,9,3,9,3,7
unit,854,9,3,9,3,7
unit,855,10,3,10,3,7
unit,856,8,3,8,3,7
unit,857,9,3,9,3,7
unit,858,9,3,9,3,7
unit,859,10,3,10,3,7
unit,860,9,3,9,3,7
unit,861,10,3,10,3,7
unit,862,10,3,10,3,7
unit,863,11,3,11,3,7
unit,864,6,2,6,2,7
unit,865,8,3,8,3,7
unit,866,8,3,8,3,7
unit,867,9,3,9,3,7
unit,868,8,3,8,3,7
unit,869,9,3,9,3,7
unit,870,9,3,9,3,7
unit,871,10,3,10,3,7
unit,872,8,3,8,3,7
unit,873,9,3,9,3,7
unit,874,9,3,9,3,7
unit,875,10,3,10,3,7
unit,876,9,3,9,3,7
unit,877,10,3,10,3,7
unit,878,10,3,10,3,7
unit,879,11,3,11,3,7
unit,880,7,2,7,2,7
unit,881,9,3,9,3,7
unit,882,9,3,9,3,7
unit,883,10,3,10,3,7
unit,884,9,3,9,3,7
unit,885,10,3,10,3,7
unit,886,10,3,10,3,7
unit,887,11,3,11,3,7
unit,888,9,3,9,3,7
unit,889,10,3,10,3,7
unit,890,10,3,10,3,7
unit,891,11,3,11,3,7
unit,892,10,3,10,3,7
unit,893,11,3,11,3,7
unit,894,11,3,11,3,7
unit,895,12,3,12,3,7
unit,896,5,2,5,2,7
unit,897,7,3,7,3,7
unit,898,7,3,7,3,7
unit,899,8,3,8,3,7
unit,900,7,3,7,3,7
unit,901,8,3,8,3,7
unit,902,8,3,8,3,7
unit,903,9,3,9,3,7
unit,904,7,3,7,3,7
unit,905,8,3,8,3,7
unit,906,8,3,8,3,7
unit,907,9,3,9,3,7
unit,908,8,3,8,3,7
unit,909,9,3,9,3,7
unit,910,9,3,9,3,7
unit,911,10,3,10,3,7
unit,912,6,2,6,2,7
unit,913,8,3,8,3,7
unit,914,8,3,8,3,7
unit,915,9,3,9,3,7
unit,916,8,3,8,3,7
unit,917,9,3,9,3,7
unit,918,9,3,9,3,7
unit,919,10,3,10,3,7
unit,920,8,3,8,3,7
unit,921,9,3,9,3,7
unit,922,9,3,9,3,7
unit,923,10,3,10,3,7
unit,924,9,3,9,3,7
unit,925,10,3,10,3,7
unit,926,10,3,10,3,7
unit,927,11,3,11,3,7
unit,928,6,2,6,2,7
unit,929,8,3,8,3,7
unit,930,8,3,8,3,7
unit,931,9,3,9,3,7
unit,932,8,3,8,3,7
unit,933,9,3,9,3,7
unit,934,9,3,9,3,7
unit,935,10,3,10,3,7
unit,936,8,3,8,3,7
unit,937,9,3,9,3,7
unit,938,9,3,9,3,7
unit,939,10,3,10,3,7
unit,940,9,3,9,3,7
unit,941,10,3,10,3,7
unit,942,10,3,10,3,7
unit,943,11,3,11,3,7
unit,944,7,2,7,2,7
unit,945,9,3,9,3,7
unit,946,9,3,9,3,7
unit,947,10,3,10,3,7
unit,948,9,3,9,3,7
unit,949,10,3,10,3,7
unit,950,10,3,10,3,7
unit,951,11,3,11,3,7
unit,952,9,3,9,3,7
unit,953,10,3,10,3,7
unit,954,10,3,10,3,7
unit,955,11,3,11,3,7
unit,956,10,3,10,3,7
unit,957,11,3,11,3,7
unit,958,11,3,11,3,7
unit,959,12,3,12,3,7
unit,960,6,2,6,2,7
unit,961,8,3,8,3,7
unit,962,8,3,8,3,7
unit,963,9,3,9,3,7
unit,964,8,3,8,3,7
unit,965,9,3,9,3,7
unit,966,9,3,9,3,7
unit,967,10,3,10,3,7
unit,968,8,3,8,3,7
unit,969,9,3,9,3,7
unit,970,9,3,9,3,7
unit,971,10,3,10,3,7
unit,972,9,3,9,3,7
unit,973,10,3,10,3,7
unit,974,10,3,10,3,7
unit,975,11,3,11,3,7
unit,976,7,2,7,2,7
unit,977,9,3,9,3,7
unit,978,9,3,9,3,7
unit,979,10,3,10,3,7
unit,980,9,3,9,3,7
unit,981,10,3,10,3,7
unit,982,10,3,10,3,7
unit,983,11,3,11,3,7
unit,984,9,3,9,3,7
unit,985,10,3,10,3,7
unit,986,10,3,10,3,7
unit,987,11,3,11,3,7
unit,988,10,3,10,3,7
unit,989,11,3,11,3,7
unit,990,11,3,11,3,7
unit,991,12,3,12,3,7
unit,992,7,2,7,2,7
unit,993,9,3,9,3,7
unit,994,9,3,9,3,7
unit,995,10,3,10,3,7
unit,996,9,3,9,3,7
unit,997,10,3,10,3,7
unit,998,10,3,10,3,7
unit,999,11,3,11,3,7
unit,1000,9,3,9,3,7
unit,1001,10,3,10,3,7
unit,1002,10,3,10,3,7
unit,1003,11,3,11,3,7
unit,1004,10,3,10,3,7
unit,1005,11,3,11,3,7
unit,1006,11,3,11,3,7
unit,1007,12,3,12,3,7
unit,1008,8,2,8,2,7
unit,1009,10,3,10,3,7
unit,1010,10,3,10,3,7
unit,1011,11,3,11,3,7
unit,1012,10,3,10,3,7
unit,1013,11,3,11,3,7
unit,1014,11,3,11,3,7
unit,1015,12,3,12,3,7
unit,1016,10,3,10,3,7
unit,1017,11,3,11,3,7
unit,1018,11,3,11,3,7
unit,1019,12,3,12,3,7
unit,1020,11,3,11,3,7
unit,1021,12,3,12,3,7
unit,1022,12,3,12,3,7
unit,1023,13,3,13,3,7
unit,1024,2,1,2,1,7
unit,1025,4,2,4,2,7
unit,1026,4,2,4,2,7
unit,1027,5,2,5,2,7
unit,1028,4,2,4,2,7
unit,1029,5,2,5,2,7
unit,1030,5,2,5,2,7
unit,1031,6,2,6,2,7
unit,1032,4,2,4,2,7
unit,1033,5,2,5,2,7
unit,1034,5,2,5,2,7
unit,1035,6,2,6,2,7
unit,1036,5,2,5,2,7
unit,1037,6,2,6,2,7
unit,1038,6,2,6,2,7
unit,1039,7,2,7,2,7
unit,1040,4,2,4,2,7
unit,1041,6,3,6,3,7
unit,1042,6,3,6,3,7
unit,1043,7,3,7,3,7
unit,1044,6,3,6,3,7
unit,1045,7,3,7,3,7
unit,1046,7,3,7,3,7
unit,1047,8,3,8,3,7
unit,1048,6,3,6,3,7
unit,1049,7,3,7,3,7
unit,1050,7,3,7,3,7
unit,1051,8,3,8,3,7
unit,1052,7,3,7,3,7
unit,1053,8,3,8,3,7
unit,1054,8,3,8,3,7
unit,1055,9,3,9,3,7
unit,1056,4,2,4,2,7
unit,1057,6,3,6,3,7
unit,1058,6,3,6,3,7
unit,1059,7,3,7,3,7
unit,1060,6,3,6,3,7
unit,1061,7,3,7,3,7
unit,1062,7,3,7,3,7
unit,1063,8,3,8,3,7
unit,1064,6,3,6,3,7
unit,1065,7,3,7,3,7
unit,1066,7,3,7,3,7
unit,1067,8,3,8,3,7
unit,1068,7,3,7,3,7
unit,1069,8,3,8,3,7
unit,1070,8,3,8,3,7
unit,1071,9,3,9,3,7
unit,1072,5,2,5,2,7
unit,1073,7,3,7,3,7
unit,1074,7,3,7,3,7
unit,1075,8,3,8,3,7
unit,1076,7,3,7,3,7
unit,1077,8,3,8,3,7
unit,1078,8,3,8,3,7
unit,1079,9,3,9,3,7
unit,1080,7,3,7,3,7
unit,1081,8,3,8,3,7
unit,1082,8,3,8,3,7
unit,1083,9,3,9,3,7
unit,1084,8,3,8,3,7
unit,1085,9,3,9,3,7
unit,1086,9,3,9,3,7
unit,1087,10,3,10,3,7
unit,1088,4,2,4,2,7
unit,1089,6,3,6,3,7
unit,1090,6,3,6,3,7
unit,1091,7,3,7,3,7
unit,1092,6,3,6,3,7
unit,1093,7,3,7,3,7
unit,1094,7,3,7,3,7
unit,1095,8,3,8,3,7
unit,1096,6,3,6,3,7
unit,1097,7,3,7,3,7
unit,1098,7,3,7,3,7
unit,1099,8,3,8,3,7
unit,1100,7,3,7,3,7
unit,1101,8,3,8,3,7
unit,1102,8,3,8,3,7
unit,1103,9,3,9,3,7
unit,1104,5,2,5,2,7
unit,1105,7,3,7,3,7
unit,1106,7,3,7,3,7
unit,1107,8,3,8,3,7
unit,1108,7,3,7,3,7
unit,1109,8,3,8,3,7
unit,1110,8,3,8,3,7
unit,1111,9,3,9,3,7
unit,1112,7,3,7,3,7
unit,1113,8,3,8,3,7
unit,1114,8,3,8,3,7
unit,1115,9,3,9,3,7
unit,1116,8,3,8,3,7
unit,1117,9,3,9,3,7
unit,1118,9,3,9,3,7
unit,1119,10,3,10,3,7
unit,1120,5,2,5,2,7
unit,1121,7,3,7,3,7
unit,1122,7,3,7,3,7
unit,1123,8,3,8,3,7
unit,1124,7,3,7,3,7
unit,1125,8,3,8,3,7
unit,1126,8,3,8,3,7
unit,1127,9,3,9,3,7
unit,1128,7,3,7,3,7
unit,1129,8,3,8,3,7
unit,1130,8,3,8,3,7
unit,1131,9,3,9,3,7
unit,1132,8,3,8,3,7
unit,1133,9,3,9,3,7
unit,1134,9,3,9,3,7
unit,1135,10,3,10,3,7
unit,1136,6,2,6,2,7
unit,1137,8,3,8,3,7
unit,1138,8,3,8,3,7
unit,1139,9,3,9,3,7
unit,1140,8,3,8,3,7
unit,1141,9,3,9,3,7
unit,1142,9,3,9,3,7
unit,1143,10,3,10,3,7
unit,1144,8,3,8,3,7
unit,1145,9,3,9,3,7
unit,1146,9,3,9,3,7
unit,1147,10,3,10,3,7
unit,1148,9,3,9,3,7
unit,1149,10,3,10,3,7
unit,1150,10,3,10,3,7
unit,1151,11,3,11,3,7
unit,1152,4,2,4,2,7
unit,1153,6,3,6,3,7
unit,1154,6,3,6,3,7
unit,1155,7,3,7,3,7
unit,1156,6,3,6,3,7
unit,1157,7,3,7,3,7
unit,1158,7,3,7,3,7
unit,1159,8,3,8,3,7
unit,1160,6,3,6,3,7
unit,1161,7,3,7,3,7
unit,1162,7,3,7,3,7
unit,1163,8,3,8,3,7
unit,1164,7,3,7,3,7
unit,1165,8,3,8,3,7
unit,1166,8,3,8,3,7
unit,1167,9,3,9,3,7
unit,1168,5,2,5,2,7
unit,1169,7,3,7,3,7
unit,1170,7,3,7,3,7
unit,1171,8,3,8,3,7
unit,1172,7,3,7,3,7
unit,1173,8,3,8,3,7
unit,1174,8,3,8,3,7
unit,1175,9,3,9,3,7
unit,1176,7,3,7,3,7
unit,1177,8,3,8,3,7
unit,1178,8,3,8,3,7
unit,1179,9,3,9,3,7
unit,1180,8,3,8,3,7
unit,1181,9,3,9,3,7
unit,1182,9,3,9,3,7
unit,1183,10,3,10,3,7
unit,1184,5,2,5,2,7
unit,1185,7,3,7,3,7
unit,1186,7,3,7,3,7
unit,1187,8,3,8,3,7
unit,1188,7,3,7,3,7
unit,1189,8,3,8,3,7
unit,1190,8,3,8,3,7
unit,1191,9,3,9,3,7
unit,1192,7,3,7,3,7
unit,1193,8,3,8,3,7
unit,1194,8,3,8,3,7
unit,1195,9,3,9,3,7
unit,1196,8,3,8,3,7
unit,1197,9,3,9,3,7
unit,1198,9,3,9,3,7
unit,1199,10,3,10,3,7
unit,1200,6,2,6,2,7
unit,1201,8,3,8,3,7
unit,1202,8,3,8,3,7
unit,1203,9,3,9,3,7
unit,1204,8,3,8,3,7
unit,1205,9,3,9,3,7
unit,1206,9,3,9,3,7
unit,1207,10,3,10,3,7
unit,1208,8,3,8,3,7
unit,1209,9,3,9,3,7
unit,1210,9,3,9,3,7
unit,1211,10,3,10,3,7
unit,1212,9,3,9,3,7
unit,1213,10,3,10,3,7
unit,1214,10,3,10,3,7
unit,1215,11,3,11,3,7
unit,1216,5,2,5,2,7
unit,1217,7,3,7,3,7
unit,1218,7,3,7,3,7
unit,1219,8,3,8,3,7
unit,1220,7,3,7,3,7
unit,1221,8,3,8,3,7
unit,1222,8,3,8,3,7
unit,1223,9,3,9,3,7
unit,1224,7,3,7,3,7
unit,1225,8,3,8,3,7
unit,1226,8,3,8,3,7
unit,1227,9,3,9,3,7
unit,1228,8,3,8,3,7
unit,1229,9,3,9,3,7
unit,1230,9,3,9,3,7
unit,1231,10,3,10,3,7
unit,1232,6,2,6,2,7
unit,1233,8,3,8,3,7
unit,1234,8,3,8,3,7
unit,1235,9,3,9,3,7
unit,1236,8,3,8,3,7
unit,1237,9,3,9,3,7
unit,1238,9,3,9,3,7
unit,1239,10,3,10,3,7
unit,1240,8,3,8,3,7
unit,1241,9,3,9,3,7
unit,1242,9,3,9,3,7
unit,1243,10,3,10,3,7
unit,1244,9,3,9,3,7
unit,1245,10,3,10,3,7
unit,1246,10,3,10,3,7
unit,1247,11,3,11,3,7
unit,1248,6,2,6,2,7
unit,1249,8,3,8,3,7
unit,1250,8,3,8,3,7
unit,1251,9,3,9,3,7
unit,1252,8,3,8,3,7
unit,1253,9,3,9,3,7
unit,1254,9,3,9,3,7
unit,1255,10,3,10,3,7
unit,1256,8,3,8,3,7
unit,1257,9,3,9,3,7
unit,1258,9,3,9,3,7
unit,1259,10,3,10,3,7
unit,1260,9,3,9,3,7
unit,1261,10,3,10,3,7
unit,1262,10,3,10,3,7
unit,1263,11,3,11,3,7
unit,1264,7,2,7,2,7
unit,1265,9,3,9,3,7
unit,1266,9,3,9,3,7
unit,1267,10,3,10,3,7
unit,1268,9,3,9,3,7
unit,1269,10,3,10,3,7
unit,1270,10,3,10,3,7
unit,1271,11,3,11,3,7
unit,1272,9,3,9,3,7
unit,1273,10,3,10,3,7
unit,1274,10,3,10,3,7
unit,1275,11,3,11,3,7
unit,1276,10,3,10,3,7
unit,1277,11,3,11,3,7
unit,1278,11,3,11,3,7
unit,1279,12,3,12,3,7
unit,1280,3,1,3,1,7
unit,1281,5,2,5,2,7
unit,1282,5,2,5,2,7
unit,1283,6,2,6,2,7
unit,1284,5,2,5,2,7
unit,1285,6,2,6,2,7
unit,1286,6,2,6,2,7
unit,1287,7,2,7,2,7
unit,1288,5,2,5,2,7
unit,1289,6,2,6,2,7
unit,1290,6,2,6,2,7
unit,1291,7,2,7,2,7
unit,1292,6,2,6,2,7
unit,1293,7,2,7,2,7
unit,1294,7,2,7,2,7
unit,1295,8,2,8,2,7
unit,1296,5,2,5,2,7
unit,1297,7,3,7,3,7
unit,1298,7,3,7,3,7
unit,1299,8,3,8,3,7
unit,1300,7,3,7,3,7
unit,1301,8,3,8,3,7
unit,1302,8,3,8,3,7
unit,1303,9,3,9,3,7
unit,1304,7,3,7,3,7
unit,1305,8,3,8,3,7
unit,1306,8,3,8,3,7
unit,1307,9,3,9,3,7
unit,1308,8,3,8,3,7
unit,1309,9,3,9,3,7
unit,1310,9,3,9,3,7
unit,1311,10,3,10,3,7
unit,1312,5,2,5,2,7
unit,1313,7,3,7,3,7
unit,1314,7,3,7,3,7
unit,1315,8,3,8,3,7
unit,1316,7,3,7,3,7
unit,1317,8,3,8,3,7
unit,1318,8,3,8,3,7
unit,1319,9,3,9,3,7
unit,1320,7,3,7,3,7
unit,1321,8,3,8,3,7
unit,1322,8,3,8,3,7
unit,1323,9,3,9,3,7
unit,1324,8,3,8,3,7
unit,1325,9,3,9,3,7
unit,1326,9,3,9,3,7
unit,1327,10,3,10,3,7
unit,1328,6,2,6,2,7
unit,1329,8,3,8,3,7
unit,1330,8,3,8,3,7
unit,1331,9,3,9,3,7
unit,1332,8,3,8,3,7
unit,1333,9,3,9,3,7
unit,1334,9,3,9,3,7
unit,1335,10,3,10,3,7
unit,1336,8,3,8,3,7
unit,1337,9,3,9,3,7
unit,1338,9,3,9,3,7
unit,1339,10,3,10,3,7
unit,1340,9,3,9,3,7
unit,1341,10,3,10,3,7
unit,1342,10,3,10,3,7
unit,1343,11,3,11,3,7
unit,1344,5,2,5,2,7
unit,1345,7,3,7,3,7
unit,1346,7,3,7,3,7
unit,1347,8,3,8,3,7
unit,1348,7,3,7,3,7
unit,1349,8,3,8,3,7
unit,1350,8,3,8,3,7
unit,1351,9,3,9,3,7
unit,1352,7,3,7,3,7
unit,1353,8,3,8,3,7
unit,1354,8,3,8,3,7
unit,1355,9,3,9,3,7
unit,1356,8,3,8,3,7
unit,1357,9,3,9,3,7
unit,1358,9,3,9,3,7
unit,1359,10,3,10,3,7
unit,1360,6,2,6,2,7
unit,1361,8,3,8,3,7
unit,1362,8,3,8,3,7
unit,1363,9,3,9,3,7
unit,1364,8,3,8,3,7
unit,1365,9,3,9,3,7
unit,1366,9,3,9,3,7
unit,1367,10,3,10,3,7
unit,1368,8,3,8,3,7
unit,1369,9,3,9,3,7
unit,1370,9,3,9,3,7
unit,1371,10,3,10,3,7
unit,1372,9,3,9,3,7
unit,1373,10,3,10,3,7
unit,1374,10,3,10,3,7
unit,1375,11,3,11,3,7
unit,1376,6,2,6,2,7
unit,1377,8,3,8,3,7
unit,1378,8,3,8,3,7
unit,1379,9,3,9,3,7
unit,1380,8,3,8,3,7
unit,1381,9,3,9,3,7
unit,1382,9,3,9,3,7
unit,1383,10,3,10,3,7
unit,1384,8,3,8,3,7
unit,1385,9,3,9,3,7
unit,1386,9,3,9,3,7
unit,1387,10,3,10,3,7
unit,1388,9,3,9,3,7
unit,1389,10,3,10,3,7
unit,1390,10,3,10,3,7
unit,1391,11,3,11,3,7
unit,1392,7,2,7,2,7
unit,1393,9,3,9,3,7
unit,1394,9,3,9,3,7
unit,1395,10,3,10,3,7
unit,1396,9,3,9,3,7
unit,1397,10,3,10,3,7
unit,1398,10,3,10,3,7
unit,1399,11,3,11,3,7
unit,1400,9,3,9,3,7
unit,1401,10,3,10,3,7
unit,1402,10,3,10,3,7
unit,1403,11,3,11,3,7
unit,1404,10,3,10,3,7
unit,1405,11,3,11,3,7
unit,1406,11,3,11,3,7
unit,1407,12,3,12,3,7
unit,1408,5,2,5,2,7
unit,1409,7,3,7,3,7
unit,1410,7,3,7,3,7
unit,1411,8,3,8,3,7
unit,1412,7,3,7,3,7
unit,1413,8,3,8,3,7
unit,1414,8,3,8,3,7
unit,1415,9,3,9,3,7
unit,1416,7,3,7,3,7
unit,1417,8,3,8,3,7
unit,1418,8,3,8,3,7
unit,1419,9,3,9,3,7
unit,1420,8,3,8,3,7
unit,1421,9,3,9,3,7
unit,1422,9,3,9,3,7
unit,1423,10,3,10,3,7
unit,1424,6,2,6,2,7
unit,1425,8,3,8,3,7
unit,1426,8,3,8,3,7
unit,1427,9,3,9,3,7
unit,1428,8,3,8,3,7
unit,1429,9,3,9,3,7
unit,1430,9,3,9,3,7
unit,1431,10,3,10,3,7
unit,1432,8,3,8,3,7
unit,1433,9,3,9,3,7
unit,1434,9,3,9,3,7
unit,1435,10,3,10,3,7
unit,1436,9,3,9,3,7
unit,1437,10,3,10,3,7
unit,1438,10,3,10,3,7
unit,1439,11,3,11,3,7
unit,1440,6,2,6,2,7
unit,1441,8,3,8,3,7
unit,1442,8,3,8,3,7
unit,1443,9,3,9,3,7
unit,1444,8,3,8,3,7
unit,1445,9,3,9,3,7
unit,1446,9,3,9,3,7
unit,1447,10,3,10,3,7
unit,1448,8,3,8,3,7
unit,1449,9,3,9,3,7
unit,1450,9,3,9,3,7
unit,1451,10,3,10,3,7
unit,1452,9,3,9,3,7
unit,1453,10,3,10,3,7
unit,1454,10,3,10,3,7
unit,1455,11,3,11,3,7
unit,1456,7,2,7,2,7
unit,1457,9,3,9,3,7
unit,1458,9,3,9,3,7
unit,1459,10,3,10,3,7
unit,1460,9,3,9,3,7
unit,1461,10,3,10,3,7
unit,1462,10,3,10,3,7
unit,1463,11,3,11,3,7
unit,1464,9,3,9,3,7
unit,1465,10,3,10,3,7
unit,1466,10,3,10,3,7
unit,1467,11,3,11,3,7
unit,1468,10,3,10,3,7
unit,1469,11,3,11,3,7
unit,1470,11,3,11,3,7
unit,1471,12,3,12,3,7
unit,1472,6,2,6,2,7
unit,1473,8,3,8,3,7
unit,1474,8,3,8,3,7
unit,1475,9,3,9,3,7
unit,1476,8,3,8,3,7
unit,1477,9,3,9,3,7
unit,1478,9,3,9,3,7
unit,1479,10,3,10,3,7
unit,1480,8,3,8,3,7
unit,1481,9,3,9,3,7
unit,1482,9,3,9,3,7
unit,1483,10,3,10,3,7
unit,1484,9,3,9,3,7
unit,1485,10,3,10,3,7
unit,1486,10,3,10,3,7
unit,1487,11,3,11,3,7
unit,1488,7,2,7,2,7
unit,1489,9,3,9,3,7
unit,1490,9,3,9,3,7
unit,1491,10,3,10,3,7
unit,1492,9,3,9,3,7
unit,1493,10,3,10,3,7
unit,1494,10,3,10,3,7
unit,1495,11,3,11,3,7
unit,1496,9,3,9,3,7
unit,1497,10,3,10,3,7
unit,1498,10,3,10,3,7
unit,1499,11,3,11,3,7
unit,1500,10,3,10,3,7
unit,1501,11,3,11,3,7
unit,1502,11,3,11,3,7
unit,1503,12,3,12,3,7
unit,1504,7,2,7,2,7
unit,1505,9,3,9,3,7
unit,1506,9,3,9,3,7
unit,1507,10,3,10,3,7
unit,1508,9,3,9,3,7
unit,1509,10,3,10,3,7
unit,1510,10,3,10,3,7
unit,1511,11,3,11,3,7
unit,1512,9,3,9,3,7
unit,1513,10,3,10,3,7
unit,1514,10,3,10,3,7
unit,1515,11,3,11,3,7
unit,1516,10,3,10,3,7
unit,1517,11,3,11,3,7
unit,1518,11,3,11,3,7
unit,1519,12,3,12,3,7
unit,1520,8,2,8,2,7
unit,1521,10,3,10,3,7
unit,1522,10,3,10,3,7
unit,1523,11,3,11,3,7
unit,1524,10,3,10,3,7
unit,1525,11,3,11,3,7
unit,1526,11,3,11,3,7
unit,1527,12,3,12,3,7
unit,1528,10,3,10,3,7
unit,1529,11,3,11,3,7
unit,1530,11,3,11,3,7
unit,1531,12,3,12,3,7
unit,1532,11,3,11,3,7
unit,1533,12,3,12,3,7
unit,1534,12,3,12,3,7
unit,1535,13,3,13,3,7
unit,1536,3,1,3,1,7
unit,1537,5,2,5,2,7
unit,1538,5,2,5,2,7
unit,1539,6,2,6,2,7
unit,1540,5,2,5,2,7
unit,1541,6,2,6,2,7
unit,1542,6,2,6,2,7
unit,1543,7,2,7,2,7
unit,1544,5,2,5,2,7
unit,1545,6,2,6,2,7
unit,1546,6,2,6,2,7
unit,1547,7,2,7,2,7
unit,1548,6,2,6,2,7
unit,1549,7,2,7,2,7
unit,1550,7,2,7,2,7
unit,1551,8,2,8,2,7
unit,1552,5,2,5,2,7
unit,1553,7,3,7,3,7
unit,1554,7,3,7,3,7
unit,1555,8,3,8,3,7
unit,1556,7,3,7,3,7
unit,1557,8,3,8,3,7
unit,1558,8,3,8,3,7
unit,1559,9,3,9,3,7
unit,1560,7,3,7,3,7
unit,1561,8,3,8,3,7
unit,1562,8,3,8,3,7
unit,1563,9,3,9,3,7
unit,1564,8,3,8,3,7
unit,1565,9,3,9,3,7
unit,1566,9,3,9,3,7
unit,1567,10,3,10,3,7
unit,1568,5,2,5,2,7
unit,1569,7,3,7,3,7
unit,1570,7,3,7,3,7
unit,1571,8,3,8,3,7
unit,1572,7,3,7,3,7
unit,1573,8,3,8,3,7
unit,1574,8,3,8,3,7
unit,1575,9,3,9,3,7
unit,1576,7,3,7,3,7
unit,1577,8,3,8,3,7
unit,1578,8,3,8,3,7
unit,1579,9,3,9,3,7
unit,1580,8,3,8,3,7
unit,1581,9,3,9,3,7
unit,1582,9,3,9,3,7
unit,1583,10,3,10,3,7
unit,1584,6,2,6,2,7
unit,1585,8,3,8,3,7
unit,1586,8,3,8,3,7
unit,1587,9,3,9,3,7
unit,1588,8,3,8,3,7
unit,1589,9,3,9,3,7
unit,1590,9,3,9,3,7
unit,1591,10,3,10,3,7
unit,1592,8,3,8,3,7
unit,1593,9,3,9,3,7
unit,1594,9,3,9,3,7
unit,1595,10,3,10,3,7
unit,1596,9,3,9,3,7
unit,1597,10,3,10,3,7
unit,1598,10,3,10,3,7
unit,1599,11,3,11,3,7
unit,1600,5,2,5,2,7
unit,1601,7,3,7,3,7
unit,1602,7,3,7,3,7
unit,1603,8,3,8,3,7
unit,1604,7,3,7,3,7
unit,1605,8,3,8,3,7
unit,1606,8,3,8,3,7
unit,1607,9,3,9,3,7
unit,1608,7,3,7,3,7
unit,1609,8,3,8,3,7
unit,1610,8,3,8,3,7
unit,1611,9,3,9,3,7
unit,1612,8,3,8,3,7
unit,1613,9,3,9,3,7
unit,1614,9,3,9,3,7
unit,1615,10,3,10,3,7
unit,1616,6,2,6,2,7
unit,1617,8,3,8,3,7
unit,1618,8,3,8,3,7
unit,1619,9,3,9,3,7
unit,1620,8,3,8,3,7
unit,1621,9,3,9,3,7
unit,1622,9,3,9,3,7
unit,1623,10,3,10,3,7
unit,1624,8,3,8,3,7
unit,1625,9,3,9,3,7
unit,1626,9,3,9,3,7
unit,1627,10,3,10,3,7
unit,1628,9,3,9,3,7
unit,1629,10,3,10,3,7
unit,1630,10,3,10,3,7
unit,1631,11,3,11,3,7
unit,1632,6,2,6,2,7
unit,1633,8,3,8,3,7
unit,1634,8,3,8,3,7
unit,1635,9,3,9,3,7
unit,1636,8,3,8,3,7
unit,1637,9,3,9,3,7
unit,1638,9,3,9,3,7
unit,1639,10,3,10,3,7
unit,1640,8,3,8,3,7
unit,1641,9,3,9,3,7
unit,1642,9,3,9,3,7
unit,1643,10,3,10,3,7
unit,1644,9,3,9,3,7
unit,1645,10,3,10,3,7
unit,1646,10,3,10,3,7
unit,1647,11,3,11,3,7
unit,1648,7,2,7,2,7
unit,1649,9,3,9,3,7
unit,1650,9,3,9,3,7
unit,1651,10,3,10,3,7
unit,1652,9,3,9,3,7
unit,1653,10,3,10,3,7
unit,1654,10,3,10,3,7
unit,1655,11,3,11,3,7
unit,1656,9,3,9,3,7
unit,1657,10,3,10,3,7
unit,1658,10,3,10,3,7
unit,1659,11,3,11,3,7
unit,1660,10,3,10,3,7
unit,1661,11,3,11,3,7
unit,1662,11,3,11,3,7
unit,1663,12,3,12,3,7
unit,1664,5,2,5,2,7
unit,1665,7,3,7,3,7
unit,1666,7,3,7,3,7
unit,1667,8,3,8,3,7
unit,1668,7,3,7,3,7
unit,1669,8,3,8,3,7
unit,1670,8,3,8,3,7
unit,1671,9,3,9,3,7
unit,1672,7,3,7,3,7
unit,1673,8,3,8,3,7
unit,1674,8,3,8,3,7
unit,1675,9,3,9,3,7
unit,1676,8,3,8,3,7
unit,1677,9,3,9,3,7
unit,1678,9,3,9,3,7
unit,1679,10,3,10,3,7
unit,1680,6,2,6,2,7
unit,1681,8,3,8,3,7
unit,1682,8,3,8,3,7
unit,1683,9,3,9,3,7
unit,1684,8,3,8,3,7
unit,1685,9,3,9,3,7
unit,1686,9,3,9,3,7
unit,1687,10,3,10,3,7
unit,1688,8,3,8,3,7
unit,1689,9,3,9,3,7
unit,1690,9,3,9,3,7
unit,1691,10,3,10,3,7
unit,1692,9,3,9,3,7
unit,1693,10,3,10,3,7
unit,1694,10,3,10,3,7
unit,1695,11,3,11,3,7
unit,1696,6,2,6,2,7
unit,1697,8,3,8,3,7
unit,1698,8,3,8,3,7
unit,1699,9,3,9,3,7
unit,1700,8,3,8,3,7
unit,1701,9,3,9,3,7
unit,1702,9,3,9,3,7
unit,1703,10,3,10,3,7
unit,1704,8,3,8,3,7
unit,1705,9,3,9,3,7
unit,1706,9,3,9,3,7
unit,1707,10,3,10,3,7
unit,1708,9,3,9,3,7
unit,1709,10,3,10,3,7
unit,1710,10,3,10,3,7
unit,1711,11,3,11,3,7
unit,1712,7,2,7,2,7
unit,1713,9,3,9,3,7
unit,1714,9,3,9,3,7
unit,1715,10,3,10,3,7
unit,1716,9,3,9,3,7
unit,1717,10,3,10,3,7
unit,1718,10,3,10,3,7
unit,1719,11,3,11,3,7
unit,1720,9,3,9,3,7
unit,1721,10,3,10,3,7
unit,1722,10,3,10,3,7
unit,1723,11,3,11,3,7
unit,1724,10,3,10,3,7
unit,1725,11,3,11,3,7
unit,1726,11,3,11,3,7
unit,1727,12,3,12,3,7
unit,1728,6,2,6,2,7
unit,1729,8,3,8,3,7
unit,1730,8,3,8,3,7
unit,1731,9,3,9,3,7
unit,1732,8,3,8,3,7
unit,1733,9,3,9,3,7
unit,1734,9,3,9,3,7
unit,1735,10,3,10,3,7
unit,1736,8,3,8,3,7
unit,1737,9,3,9,3,7
unit,1738,9,3,9,3,7
unit,1739,10,3,10,3,7
unit,1740,9,3,9,3,7
unit,1741,10,3,10,3,7
unit,1742,10,3,10,3,7
unit,1743,11,3,11,3,7
unit,1744,7,2,7,2,7
unit,1745,9,3,9,3,7
unit,1746,9,3,9,3,7
unit,1747,10,3,10,3,7
unit,1748,9,3,9,3,7
unit,1749,10,3,10,3,7
unit,1750,10,3,10,3,7
unit,1751,11,3,11,3,7
unit,1752,9,3,9,3,7
unit,1753,10,3,10,3,7
unit,1754,10,3,10,3,7
unit,1755,11,3,11,3,7
unit,1756,10,3,10,3,7
unit,1757,11,3,11,3,7
unit,1758,11,3,11,3,7
unit,1759,12,3,12,3,7
unit,1760,7,2,7,2,7
unit,1761,9,3,9,3,7
unit,1762,9,3,9,3,7
unit,1763,10,3,10,3,7
unit,1764,9,3,9,3,7
unit,1765,10,3,10,3,7
unit,1766,10,3,10,3,7
unit,1767,11,3,11,3,7
unit,1768,9,3,9,3,7
unit,1769,10,3,10,3,7
unit,1770,10,3,10,3,7
unit,1771,11,3,11,3,7
unit,1772,10,3,10,3,7
unit,1773,11,3,11,3,7
unit,1774,11,3,11,3,7
unit,1775,12,3,12,3,7
unit,1776,8,2,8,2,7
unit,1777,10,3,10,3,7
unit,1778,10,3,10,3,7
unit,1779,11,3,11,3,7
unit,1780,10,3,10,3,7
unit,1781,11,3,11,3,7
unit,1782,11,3,11,3,7
unit,1783,12,3,12,3,7
unit,1784,10,3,10,3,7
unit,1785,11,3,11,3,7
unit,1786,11,3,11,3,7
unit,1787,12,3,12,3,7
unit,1788,11,3,11,3,7
unit,1789,12,3,12,3,7
unit,1790,12,3,12,3,7
unit,1791,13,3,13,3,7
unit,1792,4,1,4,1,7
unit,1793,6,2,6,2,7
unit,1794,6,2,6,2,7
unit,1795,7,2,7,2,7
unit,1796,6,2,6,2,7
unit,1797,7,2,7,2,7
unit,1798,7,2,7,2,7
unit,1799,8,2,8,2,7
unit,1800,6,2,6,2,7
unit,1801,7,2,7,2,7
unit,1802,7,2,7,2,7
unit,1803,8,2,8,2,7
unit,1804,7,2,7,2,7
unit,1805,8,2,8,2,7
unit,1806,8,2,8,2,7
unit,1807,9,2,9,2,7
unit,1808,6,2,6,2,7
unit,1809,8,3,8,3,7
unit,1810,8,3,8,3,7
unit,1811,9,3,9,3,7
unit,1812,8,3,8,3,7
unit,1813,9,3,9,3,7
unit,1814,9,3,9,3,7
unit,1815,10,3,10,3,7
unit,1816,8,3,8,3,7
unit,1817,9,3,9,3,7
unit,1818,9,3,9,3,7
unit,1819,10,3,10,3,7
unit,1820,9,3,9,3,7
unit,1821,10,3,10,3,7
unit,1822,10,3,10,3,7
unit,1823,11,3,11,3,7
unit,1824,6,2,6,2,7
unit,1825,8,3,8,3,7
unit,1826,8,3,8,3,7
unit,1827,9,3,9,3,7
unit,1828,8,3,8,3,7
unit,1829,9,3,9,3,7
unit,1830,9,3,9,3,7
unit,1831,10,3,10,3,7
unit,1832,8,3,8,3,7
unit,1833,9,3,9,3,7
unit,1834,9,3,9,3,7
unit,1835,10,3,10,3,7
unit,1836,9,3,9,3,7
unit,1837,10,3,10,3,7
unit,1838,10,3,10,3,7
unit,1839,11,3,11,3,7
unit,1840,7,2,7,2,7
unit,1841,9,3,9,3,7
unit,1842,9,3,9,3,7
unit,1843,10,3,10,3,7
unit,1844,9,3,9,3,7
unit,1845,10,3,10,3,7
unit,1846,10,3,10,3,7
unit,1847,11,3,11,3,7
unit,1848,9,3,9,3,7
unit,1849,10,3,10,3,7
unit,1850,10,3,10,3,7
unit,1851,11,3,11,3,7
unit,1852,10,3,10,3,7
unit,1853,11,3,11,3,7
unit,1854,11,3,11,3,7
unit,1855,12,3,12,3,7
unit,1856,6,2,6,2,7
unit,1857,8,3,8,3,7
unit,1858,8,3,8,3,7
unit,1859,9,3,9,3,7
unit,1860,8,3,8,3,7
unit,1861,9,3,9,3,7
unit,1862,9,3,9,3,7
unit,1863,10,3,10,3,7
unit,1864,8,3,8,3,7
unit,1865,9,3,9,3,7
unit,1866,9,3,9,3,7
unit,1867,10,3,10,3,7
unit,1868,9,3,9,3,7
unit,1869,10,3,10,3,7
unit,1870,10,3,10,3,7
unit,1871,11,3,11,3,7
unit,1872,7,2,7,2,7
unit,1873,9,3,9,3,7
unit,1874,9,3,9,3,7
unit,1875,10,3,10,3,7
unit,1876,9,3,9,3,7
unit,1877,10,3,10,3,7
unit,1878,10,3,10,3,7
unit,1879,11,3,11,3,7
unit,1880,9,3,9,3,7
unit,1881,10,3,10,3,7
unit,1882,10,3,10,3,7
unit,1883,11,3,11,3,7
unit,1884,10,3,10,3,7
unit,1885,11,3,11,3,7
unit,1886,11,3,11,3,7
unit,1887,12,3,12,3,7
unit,1888,7,2,7,2,7
unit,1889,9,3,9,3,7
unit,1890,9,3,9,3,7
unit,1891,10,3,10,3,7
unit,1892,9,3,9,3,7
unit,1893,10,3,10,3,7
unit,1894,10,3,10,3,7
unit,1895,11,3,11,3,7
unit,1896,9,3,9,3,7
unit,1897,10,3,10,3,7
unit,1898,10,3,10,3,7
unit,1899,11,3,11,3,7
unit,1900,10,3,10,3,7
unit,1901,11,3,11,3,7
unit,1902,11,3,11,3,7
unit,1903,12,3,12,3,7
unit,1904,8,2,8,2,7
unit,1905,10,3,10,3,7
unit,1906,10,3,10,3,7
unit,1907,11,3,11,3,7
unit,1908,10,3,10,3,7
unit,1909,11,3,11,3,7
unit,1910,11,3,11,3,7
unit,1911,12,3,12,3,7
unit,1912,10,3,10,3,7
unit,1913,11,3,11,3,7
unit,1914,11,3,11,3,7
unit,1915,12,3,12,3,7
unit,1916,11,3,11,3,7
unit,1917,12,3,12,3,7
unit,1918,12,3,12,3,7
unit,1919,13,3,13,3,7
unit,1920,6,2,6,2,7
unit,1921,8,3,8,3,7
unit,1922,8,3,8,3,7
unit,1923,9,3,9,3,7
unit,1924,8,3,8,3,7
unit,1925,9,3,9,3,7
unit,1926,9,3,9,3,7
unit,1927,10,3,10,3,7
unit,1928,8,3,8,3,7
unit,1929,9,3,9,3,7
unit,1930,9,3,9,3,7
unit,1931,10,3,10,3,7
unit,1932,9,3,9,3,7
unit,1933,10,3,10,3,7
unit,1934,10,3,10,3,7
unit,1935,11,3,11,3,7
unit,1936,7,2,7,2,7
unit,1937,9,3,9,3,7
unit,1938,9,3,9,3,7
unit,1939,10,3,10,3,7
unit,1940,9,3,9,3,7
unit,1941,10,3,10,3,7
unit,1942,10,3,10,3,7
unit,1943,11,3,11,3,7
unit,1944,9,3,9,3,7
unit,1945,10,3,10,3,7
unit,1946,10,3,10,3,7
unit,1947,11,3,11,3,7
unit,1948,10,3,10,3,7
unit,1949,11,3,11,3,7
unit,1950,11,3,11,3,7
unit,1951,12,3,12,3,7
unit,1952,7,2,7,2,7
unit,1953,9,3,9,3,7
unit,1954,9,3,9,3,7
unit,1955,10,3,10,3,7
unit,1956,9,3,9,3,7
unit,1957,10,3,10,3,7
unit,1958,10,3,10,3,7
unit,1959,11,3,11,3,7
unit,1960,9,3,9,3,7
unit,1961,10,3,10,3,7
unit,1962,10,3,10,3,7
unit,1963,11,3,11,3,7
unit,1964,10,3,10,3,7
unit,1965,11,3,11,3,7
unit,1966,11,3,11,3,7
unit,1967,12,3,12,3,7
unit,1968,8,2,8,2,7
unit,1969,10,3,10,3,7
unit,1970,10,3,10,3,7
unit,1971,11,3,11,3,7
unit,1972,10,3,10,3,7
unit,1973,11,3,11,3,7
unit,1974,11,3,11,3,7
unit,1975,12,3,12,3,7
unit,1976,10,3,10,3,7
unit,1977,11,3,11,3,7
unit,1978,11,3,11,3,7
unit,1979,12,3,12,3,7
unit,1980,11,3,11,3,7
unit,1981,12,3,12,3,7
unit,1982,12,3,12,3,7
unit,1983,13,3,13,3,7
unit,1984,7,2,7,2,7
unit,1985,9,3,9,3,7
unit,1986,9,3,9,3,7
unit,1987,10,3,10,3,7
unit,1988,9,3,9,3,7
unit,1989,10,3,10,3,7
unit,1990,10,3,10,3,7
unit,1991,11,3,11,3,7
unit,1992,9,3,9,3,7
unit,1993,10,3,10,3,7
unit,1994,10,3,10,3,7
unit,1995,11,3,11,3,7
unit,1996,10,3,10,3,7
unit,1997,11,3,11,3,7
unit,1998,11,3,11,3,7
unit,1999,12,3,12,3,7
unit,2000,8,2,8,2,7
unit,2001,10,3,10,3,7
unit,2002,10,3,10,3,7
unit,2003,11,3,11,3,7
unit,2004,10,3,10,3,7
unit,2005,11,3,11,3,7
unit,2006,11,3,11,3,7
unit,2007,12,3,12,3,7
unit,2008,10,3,10,3,7
unit,2009,11,3,11,3,7
unit,2010,11,3,11,3,7
unit,2011,12,3,12,3,7
unit,2012,11,3,11,3,7
unit,2013,12,3,12,3,7
unit,2014,12,3,12,3,7
unit,2015,13,3,13,3,7
unit,2016,8,2,8,2,7
unit,2017,10,3,10,3,7
unit,2018,10,3,10,3,7
unit,2019,11,3,11,3,7
unit,2020,10,3,10,3,7
unit,2021,11,3,11,3,7
unit,2022,11,3,11,3,7
unit,2023,12,3,12,3,7
unit,2024,10,3,10,3,7
unit,2025,11,3,11,3,7
unit,2026,11,3,11,3,7
unit,2027,12,3,12,3,7
unit,2028,11,3,11,3,7
unit,2029,12,3,12,3,7
unit,2030,12,3,12,3,7
unit,2031,13,3,13,3,7
unit,2032,9,2,9,2,7
unit,2033,11,3,11,3,7
unit,2034,11,3,11,3,7
unit,2035,12,3,12,3,7
unit,2036,11,3,11,3,7
unit,2037,12,3,12,3,7
unit,2038,12,3,12,3,7
unit,2039,13,3,13,3,7
unit,2040,11,3,11,3,7
unit,2041,12,3,12,3,7
unit,2042,12,3,12,3,7
unit,2043,13,3,13,3,7
unit,2044,12,3,12,3,7
unit,2045,13,3,13,3,7
unit,2046,13,3,13,3,7
unit,2047,14,3,14,3,7
unit,2048,2,1,2,1,7
unit,2049,4,2,4,2,7
unit,2050,4,2,4,2,7
unit,2051,5,2,5,2,7
unit,2052,4,2,4,2,7
unit,2053,5,2,5,2,7
unit,2054,5,2,5,2,7
unit,2055,6,2,6,2,7
unit,2056,4,2,4,2,7
unit,2057,5,2,5,2,7
unit,2058,5,2,5,2,7
unit,2059,6,2,6,2,7
unit,2060,5,2,5,2,7
unit,2061,6,2,6,2,7
unit,2062,6,2,6,2,7
unit,2063,7,2,7,2,7
unit,2064,4,2,4,2,7
unit,2065,6,3,6,3,7
unit,2066,6,3,6,3,7
unit,2067,7,3,7,3,7
unit,2068,6,3,6,3,7
unit,2069,7,3,7,3,7
unit,2070,7,3,7,3,7
unit,2071,8,3,8,3,7
unit,2072,6,3,6,3,7
unit,2073,7,3,7,3,7
unit,2074,7,3,7,3,7
unit,2075,8,3,8,3,7
unit,2076,7,3,7,3,7
unit,2077,8,3,8,3,7
unit,2078,8,3,8,3,7
unit,2079,9,3,9,3,7
unit,2080,4,2,4,2,7
unit,2081,6,3,6,3,7
unit,2082,6,3,6,3,7
unit,2083,7,3,7,3,7
unit,2084,6,3,6,3,7
unit,2085,7,3,7,3,7
unit,2086,7,3,7,3,7
unit,2087,8,3,8,3,7
unit,2088,6,3,6,3,7
unit,2089,7,3,7,3,7
unit,2090,7,3,7,3,7
unit,2091,8,3,8,3,7
unit,2092,7,3,7,3,7
unit,2093,8,3,8,3,7
unit,2094,8,3,8,3,7
unit,2095,9,3,9,3,7
unit,2096,5,2,5,2,7
unit,2097,7,3,7,3,7
unit,2098,7,3,7,3,7
unit,2099,8,3,8,3,7
unit,2100,7,3,7,3,7
unit,2101,8,3,8,3,7
unit,2102,8,3,8,3,7
unit,2103,9,3,9,3,7
unit,2104,7,3,7,3,7
unit,2105,8,3,8,3,7
unit,2106,8,3,8,3,7
unit,2107,9,3,9,3,7
unit,2108,8,3,8,3,7
unit,2109,9,3,9,3,7
unit,2110,9,3,9,3,7
unit,2111,10,3,10,3,7
unit,2112,4,2,4,2,7
unit,2113,6,3,6,3,7
unit,2114,6,3,6,3,7
unit,2115,7,3,7,3,7
unit,2116,6,3,6,3,7
unit,2117,7,3,7,3,7
unit,2118,7,3,7,3,7
unit,2119,8,3,8,3,7
unit,2120,6,3,6,3,7
unit,2121,7,3,7,3,7
unit,2122,7,3,7,3,7
unit,2123,8,3,8,3,7
unit,2124,7,3,7,3,7
unit,2125,8,3,8,3,7
unit,2126,8,3,8,3,7
unit,2127,9,3,9,3,7
unit,2128,5,2,5,2,7
unit,2129,7,3,7,3,7
unit,2130,7,3,7,3,7
unit,2131,8,3,8,3,7
unit,2132,7,3,7,3,7
unit,2133,8,3,8,3,7
unit,2134,8,3,8,3,7
unit,2135,9,3,9,3,7
unit,2136,7,3,7,3,7
unit,2137,8,3,8,3,7
unit,2138,8,3,8,3,7
unit,2139,9,3,9,3,7
unit,2140,8,3,8,3,7
unit,2141,9,3,9,3,7
unit,2142,9,3,9,3,7
unit,2143,10,3,10,3,7
unit,2144,5,2,5,2,7
unit,2145,7,3,7,3,7
unit,2146,7,3,7,3,7
unit,2147,8,3,8,3,7
unit,2148,7,3,7,3,7
unit,2149,8,3,8,3,7
unit,2150,8,3,8,3,7
unit,2151,9,3,9,3,7
unit,2152,7,3,7,3,7
unit,2153,8,3,8,3,7
unit,2154,8,3,8,3,7
unit,2155,9,3,9,3,7
unit,2156,8,3,8,3,7
unit,2157,9,3,9,3,7
unit,2158,9,3,9,3,7
unit,2159,10,3,10,3,7
unit,2160,6,2,6,2,7
unit,2161,8,3,8,3,7
unit,2162,8,3,8,3,7
unit,2163,9,3,9,3,7
unit,2164,8,3,8,3,7
unit,2165,9,3,9,3,7
unit,2166,9,3,9,3,7
unit,2167,10,3,10,3,7
unit,2168,8,3,8,3,7
unit,2169,9,3,9,3,7
unit,2170,9,3,9,3,7
unit,2171,10,3,10,3,7
unit,2172,9,3,9,3,7
unit,2173,10,3,10,3,7
unit,2174,10,3,10,3,7
unit,2175,11,3,11,3,7
unit,2176,4,2,4,2,7
unit,2177,6,3,6,3,7
unit,2178,6,3,6,3,7
unit,2179,7,3,7,3,7
unit,2180,6,3,6,3,7
unit,2181,7,3,7,3,7
unit,2182,7,3,7,3,7
unit,2183,8,3,8,3,7
unit,2184,6,3,6,3,7
unit,2185,7,3,7,3,7
unit,2186,7,3,7,3,7
unit,2187,8,3,8,3,7
unit,2188,7,3,7,3,7
unit,2189,8,3,8,3,7
unit,2190,8,3,8,3,7
unit,2191,9,3,9,3,7
unit,2192,5,2,5,2,7
unit,2193,7,3,7,3,7
unit,2194,7,3,7,3,7
unit,2195,8,3,8,3,7
unit,2196,7,3,7,3,7
unit,2197,8,3,8,3,7
unit,2198,8,3,8,3,7
unit,2199,9,3,9,3,7
unit,2200,7,3,7,3,7
unit,2201,8,3,8,3,7
unit,2202,8,3,8,3,7
unit,2203,9,3,9,3,7
unit,2204,8,3,8,3,7
unit,2205,9,3,9,3,7
unit,2206,9,3,9,3,7
unit,2207,10,3,10,3,7
unit,2208,5,2,5,2,7
unit,2209,7,3,7,3,7
unit,2210,7,3,7,3,7
unit,2211,8,3,8,3,7
unit,2212,7,3,7,3,7
unit,2213,8,3,8,3,7
unit,2214,8,3,8,3,7
unit,2215,9,3,9,3,7
unit,2216,7,3,7,3,7
unit,2217,8,3,8,3,7
unit,2218,8,3,8,3,7
unit,2219,9,3,9,3,7
unit,2220,8,3,8,3,7
unit,2221,9,3,9,3,7
unit,2222,9,3,9,3,7
unit,2223,10,3,10,3,7
unit,2224,6,2,6,2,7
unit,2225,8,3,8,3,7
unit,2226,8,3,8,3,7
unit,2227,9,3,9,3,7
unit,2228,8,3,8,3,7
unit,2229,9,3,9,3,7
unit,2230,9,3,9,3,7
unit,2231,10,3,10,3,7
unit,2232,8,3,8,3,7
unit,2233,9,3,9,3,7
unit,2234,9,3,9,3,7
unit,2235,10,3,10,3,7
unit,2236,9,3,9,3,7
unit,2237,10,3,10,3,7
unit,2238,10,3,10,3,7
unit,2239,11,3,11,3,7
unit,2240,5,2,5,2,7
unit,2241,7,3,7,3,7
unit,2242,7,3,7,3,7
unit,2243,8,3,8,3,7
unit,2244,7,3,7,3,7
unit,2245,8,3,8,3,7
unit,2246,8,3,8,3,7
unit,2247,9,3,9,3,7
unit,2248,7,3,7,3,7
unit,2249,8,3,8,3,7
unit,2250,8,3,8,3,7
unit,2251,9,3,9,3,7
unit,2252,8,3,8,3,7
unit,2253,9,3,9,3,7
unit,2254,9,3,9,3,7
unit,2255,10,3,10,3,7
unit,2256,6,2,6,2,7
unit,2257,8,3,8,3,7
unit,2258,8,3,8,3,7
unit,2259,9,3,9,3,7
unit,2260,8,3,8,3,7
unit,2261,9,3,9,3,7
unit,2262,9,3,9,3,7
unit,2263,10,3,10,3,7
unit,2264,8,3,8,3,7
unit,2265,9,3,9,3,7
unit,2266,9,3,9,3,7
unit,2267,10,3,10,3,7
unit,2268,9,3,9,3,7
unit,2269,10,3,10,3,7
unit,2270,10,3,10,3,7
unit,2271,11,3,11,3,7
unit,2272,6,2,6,2,7
unit,2273,8,3,8,3,7
unit,2274,8,3,8,3,7
unit,2275,9,3,9,3,7
unit,2276,8,3,8,3,7
unit,2277,9,3,9,3,7
unit,2278,9,3,9,3,7
unit,2279,10,3,10,3,7
unit,2280,8,3,8,3,7
unit,2281,9,3,9,3,7
unit,2282,9,3,9,3,7
unit,2283,10,3,10,3,7
unit,2284,9,3,9,3,7
unit,2285,10,3,10,3,7
unit,2286,10,3,10,3,7
unit,2287,11,3,11,3,7
unit,2288,7,2,7,2,7
unit,2289,9,3,9,3,7
unit,2290,9,3,9,3,7
unit,2291,10,3,10,3,7
unit,2292,9,3,9,3,7
unit,2293,10,3,10,3,7
unit,2294,10,3,10,3,7
unit,2295,11,3,11,3,7
unit,2296,9,3,9,3,7
unit,2297,10,3,10,3,7
unit,2298,10,3,10,3,7
unit,2299,11,3,11,3,7
unit,2300,10,3,10,3,7
unit,2301,11,3,11,3,7
unit,2302,11,3,11,3,7
unit,2303,12,3,12,3,7
unit,2304,3,1,3,1,7
unit,2305,5,2,5,2,7
unit,2306,5,2,5,2,7
unit,2307,6,2,6,2,7
unit,2308,5,2,5,2,7
unit,2309,6,2,6,2,7
unit,2310,6,2,6,2,7
unit,2311,7,2,7,2,7
unit,2312,5,2,5,2,7
unit,2313,6,2,6,2,7
unit,2314,6,2,6,2,7
unit,2315,7,2,7,2,7
unit,2316,6,2,6,2,7
unit,2317,7,2,7,2,7
unit,2318,7,2,7,2,7
unit,2319,8,2,8,2,7
unit,2320,5,2,5,2,7
unit,2321,7,3,7,3,7
unit,2322,7,3,7,3,7
unit,2323,8,3,8,3,7
unit,2324,7,3,7,3,7
unit,2325,8,3,8,3,7
unit,2326,8,3,8,3,7
unit,2327,9,3,9,3,7
unit,2328,7,3,7,3,7
unit,2329,8,3,8,3,7
unit,2330,8,3,8,3,7
unit,2331,9,3,9,3,7
unit,2332,8,3,8,3,7
unit,2333,9,3,9,3,7
unit,2334,9,3,9,3,7
unit,2335,10,3,10,3,7
unit,2336,5,2,5,2,7
unit,2337,7,3,7,3,7
unit,2338,7,3,7,3,7
unit,2339,8,3,8,3,7
unit,2340,7,3,7,3,7
unit,2341,8,3,8,3,7
unit,2342,8,3,8,3,7
unit,2343,9,3,9,3,7
unit,2344,7,3,7,3,7
unit,2345,8,3,8,3,7
unit,2346,8,3,8,3,7
unit,2347,9,3,9,3,7
unit,2348,8,3,8,3,7
unit,2349,9,3,9,3,7
unit,2350,9,3,9,3,7
unit,2351,10,3,10,3,7
unit,2352,6,2,6,2,7
unit,2353,8,3,8,3,7
unit,2354,8,3,8,3,7
unit,2355,9,3,9,3,7
unit,2356,8,3,8,3,7
unit,2357,9,3,9,3,7
unit,2358,9,3,9,3,7
unit,2359,10,3,10,3,7
unit,2360,8,3,8,3,7
unit,2361,9,3,9,3,7
unit,2362,9,3,9,3,7
unit,2363,10,3,10,3,7
unit,2364,9,3,9,3,7
unit,2365,10,3,10,3,7
unit,2366,10,3,10,3,7
unit,2367,11,3,11,3,7
unit,2368,5,2,5,2,7
unit,2369,7,3,7,3,7
unit,2370,7,3,7,3,7
unit,2371,8,3,8,3,7
unit,2372,7,3,7,3,7
unit,2373,8,3,8,3,7
unit,2374,8,3,8,3,7
unit,2375,9,3,9,3,7
unit,2376,7,3,7,3,7
unit,2377,8,3,8,3,7
unit,2378,8,3,8,3,7
unit,2379,9,3,9,3,7
unit,2380,8,3,8,3,7
unit,2381,9,3,9,3,7
unit,2382,9,3,9,3,7
unit,2383,10,3,10,3,7
unit,2384,6,2,6,2,7
unit,2385,8,3,8,3,7
unit,2386,8,3,8,3,7
unit,2387,9,3,9,3,7
unit,2388,8,3,8,3,7
unit,2389,9,3,9,3,7
unit,2390,9,3,9,3,7
unit,2391,10,3,10,3,7
unit,2392,8,3,8,3,7
unit,2393,9,3,9,3,7
unit,2394,9,3,9,3,7
unit,2395,10,3,10,3,7
unit,2396,9,3,9,3,7
unit,2397,10,3,10,3,7
unit,2398,10,3,10,3,7
unit,2399,11,3,11,3,7
unit,2400,6,2,6,2,7
unit,2401,8,3,8,3,7
unit,2402,8,3,8,3,7
unit,2403,9,3,9,3,7
unit,2404,8,3,8,3,7
unit,2405,9,3,9,3,7
unit,2406,9,3,9,3,7
unit,2407,10,3,10,3,7
unit,2408,8,3,8,3,7
unit,2409,9,3,9,3,7
unit,2410,9,3,9,3,7
unit,2411,10,3,10,3,7
unit,2412,9,3,9,3,7
unit,2413,10,3,10,3,7
unit,2414,10,3,10,3,7
unit,2415,11,3,11,3,7
unit,2416,7,2,7,2,7
unit,2417,9,3,9,3,7
unit,2418,9,3,9,3,7
unit,2419,10,3,10,3,7
unit,2420,9,3,9,3,7
unit,2421,10,3,10,3,7
unit,2422,10,3,10,3,7
unit,2423,11,3,11,3,7
unit,2424,9,3,9,3,7
unit,2425,10,3,10,3,7
unit,2426,10,3,10,3,7
unit,2427,11,3,11,3,7
unit,2428,10,3,10,3,7
unit,2429,11,3,11,3,7
unit,2430,11,3,11,3,7
unit,2431,12,3,12,3,7
unit,2432,5,2,5,2,7
unit,2433,7,3,7,3,7
unit,2434,7,3,7,3,7
unit,2435,8,3,8,3,7
unit,2436,7,3,7,3,7
unit,2437,8,3,8,3,7
unit,2438,8,3,8,3,7
unit,2439,9,3,9,3,7
unit,2440,7,3,7,3,7
unit,2441,8,3,8,3,7
unit,2442,8,3,8,3,7
unit,2443,9,3,9,3,7
unit,2444,8,3,8,3,7
unit,2445,9,3,9,3,7
unit,2446,9,3,9,3,7
unit,2447,10,3,10,3,7
unit,2448,6,2,6,2,7
unit,2449,8,3,8,3,7
unit,2450,8,3,8,3,7
unit,2451,9,3,9,3,7
unit,2452,8,3,8,3,7
unit,2453,9,3,9,3,7
unit,2454,9,3,9,3,7
unit,2455,10,3,10,3,7
unit,2456,8,3,8,3,7
unit,2457,9,3,9,3,7
unit,2458,9,3,9,3,7
unit,2459,10,3,10,3,7
unit,2460,9,3,9,3,7
unit,2461,10,3,10,3,7
unit,2462,10,3,10,3,7
unit,2463,11,3,11,3,7
unit,2464,6,2,6,2,7
unit,2465,8,3,8,3,7
unit,2466,8,3,8,3,7
unit,2467,9,3,9,3,7
unit,2468,8,3,8,3,7
unit,2469,9,3,9,3,7
unit,2470,9,3,9,3,7
unit,2471,10,3,10,3,7
unit,2472,8,3,8,3,7
unit,2473,9,3,9,3,7
unit,2474,9,3,9,3,7
unit,2475,10,3,10,3,7
unit,2476,9,3,9,3,7
unit,2477,10,3,10,3,7
unit,2478,10,3,10,3,7
unit,2479,11,3,11,3,7
unit,2480,7,2,7,2,7
unit,2481,9,3,9,3,7
unit,2482,9,3,9,3,7
unit,2483,10,3,10,3,7
unit,2484,9,3,9,3,7
unit,2485,10,3,10,3,7
unit,2486,10,3,10,3,7
unit,2487,11,3,11,3,7
unit,2488,9,3,9,3,7
unit,2489,10,3,10,3,7
unit,2490,10,3,10,3,7
unit,2491,11,3,11,3,7
unit,2492,10,3,10,3,7
unit,2493,11,3,11,3,7
unit,2494,11,3,11,3,7
unit,2495,12,3,12,3,7
unit,2496,6,2,6,2,7
unit,2497,8,3,8,3,7
unit,2498,8,3,8,3,7
unit,2499,9,3,9,3,7
unit,2500,8,3,8,3,7
unit,2501,9,3,9,3,7
unit,2502,9,3,9,3,7
unit,2503,10,3,10,3,7
unit,2504,8,3,8,3,7
unit,2505,9,3,9,3,7
unit,2506,9,3,9,3,7
unit,2507,10,3,10,3,7
unit,2508,9,3,9,3,7
unit,2509,10,3,10,3,7
unit,2510,10,3,10,3,7
unit,2511,11,3,11,3,7
unit,2512,7,2,7,2,7
unit,2513,9,3,9,3,7
unit,2514,9,3,9,3,7
unit,2515,10,3,10,3,7
unit,2516,9,3,9,3,7
unit,2517,10,3,10,3,7
unit,2518,10,3,10,3,7
unit,2519,11,3,11,3,7
unit,2520,9,3,9,3,7
unit,2521,10,3,10,3,7
unit,2522,10,3,10,3,7
unit,2523,11,3,11,3,7
unit,2524,10,3,10,3,7
unit,2525,11,3,11,3,7
unit,2526,11,3,11,3,7
unit,2527,12,3,12,3,7
unit,2528,7,2,7,2,7
unit,2529,9,3,9,3,7
unit,2530,9,3,9,3,7
unit,2531,10,3,10,3,7
unit,2532,9,3,9,3,7
unit,2533,10,3,10,3,7
unit,2534,10,3,10,3,7
unit,2535,11,3,11,3,7
unit,2536,9,3,9,3,7
unit,2537,10,3,10,3,7
unit,2538,10,3,10,3,7
unit,2539,11,3,11,3,7
unit,2540,10,3,10,3,7
unit,2541,11,3,11,3,7
unit,2542,11,3,11,3,7
unit,2543,12,3,12,3,7
unit,2544,8,2,8,2,7
unit,2545,10,3,10,3,7
unit,2546,10,3,10,3,7
unit,2547,11,3,11,3,7
unit,2548,10,3,10,3,7
unit,2549,11,3,11,3,7
unit,2550,11,3,11,3,7
unit,2551,12,3,12,3,7
unit,2552,10,3,10,3,7
unit,2553,11,3,11,3,7
unit,2554,11,3,11,3,7
unit,2555,12,3,12,3,7
unit,2556,11,3,11,3,7
unit,2557,12,3,12,3,7
unit,2558,12,3,12,3,7
unit,2559,13,3,13,3,7
unit,2560,3,1,3,1,7
unit,2561,5,2,5,2,7
unit,2562,5,2,5,2,7
unit,2563,6,2,6,2,7
unit,2564,5,2,5,2,7
unit,2565,6,2,6,2,7
unit,2566,6,2,6,2,7
unit,2567,7,2,7,2,7
unit,2568,5,2,5,2,7
unit,2569,6,2,6,2,7
unit,2570,6,2,6,2,7
unit,2571,7,2,7,2,7
unit,2572,6,2,6,2,7
unit,2573,7,2,7,2,7
unit,2574,7,2,7,2,7
unit,2575,8,2,8,2,7
unit,2576,5,2,5,2,7
unit,2577,7,3,7,3,7
unit,2578,7,3,7,3,7
unit,2579,8,3,8,3,7
unit,2580,7,3,7,3,7
unit,2581,8,3,8,3,7
unit,2582,8,3,8,3,7
unit,2583,9,3,9,3,7
unit,2584,7,3,7,3,7
unit,2585,8,3,8,3,7
unit,2586,8,3,8,3,7
unit,2587,9,3,9,3,7
unit,2588,8,3,8,3,7
unit,2589,9,3,9,3,7
unit,2590,9,3,9,3,7
unit,2591,10,3,10,3,7
unit,2592,5,2,5,2,7
unit,2593,7,3,7,3,7
unit,2594,7,3,7,3,7
unit,2595,8,3,8,3,7
unit,2596,7,3,7,3,7
unit,2597,8,3,8,3,7
unit,2598,8,3,8,3,7
unit,2599,9,3,9,3,7
unit,2600,7,3,7,3,7
unit,2601,8,3,8,3,7
unit,2602,8,3,8,3,7
unit,2603,9,3,9,3,7
unit,2604,8,3,8,3,7
unit,2605,9,3,9,3,7
unit,2606,9,3,9,3,7
unit,2607,10,3,10,3,7
unit,2608,6,2,6,2,7
unit,2609,8,3,8,3,7
unit,2610,8,3,8,3,7
unit,2611,9,3,9,3,7
unit,2612,8,3,8,3,7
unit,2613,9,3,9,3,7
unit,2614,9,3,9,3,7
unit,2615,10,3,10,3,7
unit,2616,8,3,8,3,7
unit,2617,9,3,9,3,7
unit,2618,9,3,9,3,7
unit,2619,10,3,10,3,7
unit,2620,9,3,9,3,7
unit,2621,10,3,10,3,7
unit,2622,10,3,10,3,7
unit,2623,11,3,11,3,7
unit,2624,5,2,5,2,7
unit,2625,7,3,7,3,7
unit,2626,7,3,7,3,7
unit,2627,8,3,8,3,7
unit,2628,7,3,7,3,7
unit,2629,8,3,8,3,7
unit,2630,8,3,8,3,7
unit,2631,9,3,9,3,7
unit,2632,7,3,7,3,7
unit,2633,8,3,8,3,7
unit,2634,8,3,8,3,7
unit,2635,9,3,9,3,7
unit,2636,8,3,8,3,7
unit,2637,9,3,9,3,7
unit,2638,9,3,9,3,7
unit,2639,10,3,10,3,7
unit,2640,6,2,6,2,7
unit,2641,8,3,8,3,7
unit,2642,8,3,8,3,7
unit,2643,9,3,9,3,7
unit,2644,8,3,8,3,7
unit,2645,9,3,9,3,7
unit,2646,9,3,9,3,7
unit,2647,10,3,10,3,7
unit,2648,8,3,8,3,7
unit,2649,9,3,9,3,7
unit,2650,9,3,9,3,7
unit,2651,10,3,10,3,7
unit,2652,9,3,9,3,7
unit,2653,10,3,10,3,7
unit,2654,10,3,10,3,7
unit,2655,11,3,11,3,7
unit,2656,6,2,6,2,7
unit,2657,8,3,8,3,7
unit,2658,8,3,8,3,7
unit,2659,9,3,9,3,7
unit,2660,8,3,8,3,7
unit,2661,9,3,9,3,7
unit,2662,9,3,9,3,7
unit,2663,10,3,10,3,7
unit,2664,8,3,8,3,7
unit,2665,9,3,9,3,7
unit,2666,9,3,9,3,7
unit,2667,10,3,10,3,7
unit,2668,9,3,9,3,7
unit,2669,10,3,10,3,7
unit,2670,10,3,10,3,7
unit,2671,11,3,11,3,7
unit,2672,7,2,7,2,7
unit,2673,9,3,9,3,7
unit,2674,9,3,9,3,7
unit,2675,10,3,10,3,7
unit,2676,9,3,9,3,7
unit,2677,10,3,10,3,7
unit,2678,10,3,10,3,7
unit,2679,11,3,11,3,7
unit,2680,9,3,9,3,7
unit,2681,10,3,10,3,7
unit,2682,10,3,10,3,7
unit,2683,11,3,11,3,7
unit,2684,10,3,10,3,7
unit,2685,11,3,11,3,7
unit,2686,11,3,11,3,7
unit,2687,12,3,12,3,7
unit,2688,5,2,5,2,7
unit,2689,7,3,7,3,7
unit,2690,7,3,7,3,7
unit,2691,8,3,8,3,7
unit,2692,7,3,7,3,7
unit,2693,8,3,8,3,7
unit,2694,8,3,8,3,7
unit,2695,9,3,9,3,7
unit,2696,7,3,7,3,7
unit,2697,8,3,8,3,7
unit,2698,8,3,8,3,7
unit,2699,9,3,9,3,7
unit,2700,8,3,8,3,7
unit,2701,9,3,9,3,7
unit,2702,9,3,9,3,7
unit,2703,10,3,10,3,7
unit,2704,6,2,6,2,7
unit,2705,8,3,8,3,7
unit,2706,8,3,8,3,7
unit,2707,9,3,9,3,7
unit,2708,8,3,8,3,7
unit,2709,9,3,9,3,7
unit,2710,9,3,9,3,7
unit,2711,10,3,10,3,7
unit,2712,8,3,8,3,7
unit,2713,9,3,9,3,7
unit,2714,9,3,9,3,7
unit,2715,10,3,10,3,7
unit,2716,9,3,9,3,7
unit,2717,10,3,10,3,7
unit,2718,10,3,10,3,7
unit,2719,11,3,11,3,7
unit,2720,6,2,6,2,7
unit,2721,8,3,8,3,7
unit,2722,8,3,8,3,7
unit,2723,9,3,9,3,7
unit,2724,8,3,8,3,7
unit,2725,9,3,9,3,7
unit,2726,9,3,9,3,7
unit,2727,10,3,10,3,7
unit,2728,8,3,8,3,7
unit,2729,9,3,9,3,7
unit,2730,9,3,9,3,7
unit,2731,10,3,10,3,7
unit,2732,9,3,9,3,7
unit,2733,10,3,10,3,7
unit,2734,10,3,10,3,7
unit,2735,11,3,11,3,7
unit,2736,7,2,7,2,7
unit,2737,9,3,9,3,7
unit,2738,9,3,9,3,7
unit,2739,10,3,10,3,7
unit,2740,9,3,9,3,7
unit,2741,10,3,10,3,7
unit,2742,10,3,10,3,7
unit,2743,11,3,11,3,7
unit,2744,9,3,9,3,7
unit,2745,10,3,10,3,7
unit,2746,10,3,10,3,7
unit,2747,11,3,11,3,7
unit,2748,10,3,10,3,7
unit,2749,11,3,11,3,7
unit,2750,11,3,11,3,7
unit,2751,12,3,12,3,7
unit,2752,6,2,6,2,7
unit,2753,8,3,8,3,7
unit,2754,8,3,8,3,7
unit,2755,9,3,9,3,7
unit,2756,8,3,8,3,7
unit,2757,9,3,9,3,7
unit,2758,9,3,9,3,7
unit,2759,10,3,10,3,7
unit,2760,8,3,8,3,7
unit,2761,9,3,9,3,7
unit,2762,9,3,9,3,7
unit,2763,10,3,10,3,7
unit,2764,9,3,9,3,7
unit,2765,10,3,10,3,7
unit,2766,10,3,10,3,7
unit,2767,11,3,11,3,7
unit,2768,7,2,7,2,7
unit,2769,9,3,9,3,7
unit,2770,9,3,9,3,7
unit,2771,10,3,10,3,7
unit,2772,9,3,9,3,7
unit,2773,10,3,10,3,7
unit,2774,10,3,10,3,7
unit,2775,11,3,11,3,7
unit,2776,9,3,9,3,7
unit,2777,10,3,10,3,7
unit,2778,10,3,10,3,7
unit,2779,11,3,11,3,7
unit,2780,10,3,10,3,7
unit,2781,11,3,11,3,7
unit,2782,11,3,11,3,7
unit,2783,12,3,12,3,7
unit,2784,7,2,7,2,7
unit,2785,9,3,9,3,7
unit,2786,9,3,9,3,7
unit,2787,10,3,10,3,7
unit,2788,9,3,9,3,7
unit,2789,10,3,10,3,7
unit,2790,10,3,10,3,7
unit,2791,11,3,11,3,7
unit,2792,9,3,9,3,7
unit,2793,10,3,10,3,7
unit,2794,10,3,10,3,7
unit,2795,11,3,11,3,7
unit,2796,10,3,10,3,7
unit,2797,11,3,11,3,7
unit,2798,11,3,11,3,7
unit,2799,12,3,12,3,7
unit,2800,8,2,8,2,7
unit,2801,10,3,10,3,7
unit,2802,10,3,10,3,7
unit,2803,11,3,11,3,7
unit,2804,10,3,10,3,7
unit,2805,11,3,11,3,7
unit,2806,11,3,11,3,7
unit,2807,12,3,12,3,7
unit,2808,10,3,10,3,7
unit,2809,11,3,11,3,7
unit,2810,11,3,11,3,7
unit,2811,12,3,12,3,7
unit,2812,11,3,11,3,7
unit,2813,12,3,12,3,7
unit,2814,12,3,12,3,7
unit,2815,13,3,13,3,7
unit,2816,4,1,4,1,7
unit,2817,6,2,6,2,7
unit,2818,6,2,6,2,7
unit,2819,7,2,7,2,7
unit,2820,6,2,6,2,7
unit,2821,7,2,7,2,7
unit,2822,7,2,7,2,7
unit,2823,8,2,8,2,7
unit,2824,6,2,6,2,7
unit,2825,7,2,7,2,7
unit,2826,7,2,7,2,7
unit,2827,8,2,8,2,7
unit,2828,7,2,7,2,7
unit,2829,8,2,8,2,7
unit,2830,8,2,8,2,7
unit,2831,9,2,9,2,7
unit,2832,6,2,6,2,7
unit,2833,8,3,8,3,7
unit,2834,8,3,8,3,7
unit,2835,9,3,9,3,7
unit,2836,8,3,8,3,7
unit,2837,9,3,9,3,7
unit,2838,9,3,9,3,7
unit,2839,10,3,10,3,7
unit,2840,8,3,8,3,7
unit,2841,9,3,9,3,7
unit,2842,9,3,9,3,7
unit,2843,10,3,10,3,7
unit,2844,9,3,9,3,7
unit,2845,10,3,10,3,7
unit,2846,10,3,10,3,7
unit,2847,11,3,11,3,7
unit,2848,6,2,6,2,7
unit,2849,8,3,8,3,7
unit,2850,8,3,8,3,7
unit,2851,9,3,9,3,7
unit,2852,8,3,8,3,7
unit,2853,9,3,9,3,7
unit,2854,9,3,9,3,7
unit,2855,10,3,10,3,7
unit,2856,8,3,8,3,7
unit,2857,9,3,9,3,7
unit,2858,9,3,9,3,7
unit,2859,10,3,10,3,7
unit,2860,9,3,9,3,7
unit,2861,10,3,10,3,7
unit,2862,10,3,10,3,7
unit,2863,11,3,11,3,7
unit,2864,7,2,7,2,7
unit,2865,9,3,9,3,7
unit,2866,9,3,9,3,7
unit,2867,10,3,10,3,7
unit,2868,9,3,9,3,7
unit,2869,10,3,10,3,7
unit,2870,10,3,10,3,7
unit,2871,11,3,11,3,7
unit,2872,9,3,9,3,7
unit,2873,10,3,10,3,7
unit,2874,10,3,10,3,7
unit,2875,11,3,11,3,7
unit,2876,10,3,10,3,7
unit,2877,11,3,11,3,7
unit,2878,11,3,11,3,7
unit,2879,12,3,12,3,7
unit,2880,6,2,6,2,7
unit,2881,8,3,8,3,7
unit,2882,8,3,8,3,7
unit,2883,9,3,9,3,7
unit,2884,8,3,8,3,7
unit,2885,9,3,9,3,7
unit,2886,9,3,9,3,7
unit,2887,10,3,10,3,7
unit,2888,8,3,8,3,7
unit,2889,9,3,9,3,7
unit,2890,9,3,9,3,7
unit,2891,10,3,10,3,7
unit,2892,9,3,9,3,7
unit,2893,10,3,10,3,7
unit,2894,10,3,10,3,7
unit,2895,11,3,11,3,7
unit,2896,7,2,7,2,7
unit,2897,9,3,9,3,7
unit,2898,9,3,9,3,7
unit,2899,10,3,10,3,7
unit,2900,9,3,9,3,7
unit,2901,10,3,10,3,7
unit,2902,10,3,10,3,7
unit,2903,11,3,11,3,7
unit,2904,9,3,9,3,7
unit,2905,10,3,10,3,7
unit,2906,10,3,10,3,7
unit,2907,11,3,11,3,7
unit,2908,10,3,10,3,7
unit,2909,11,3,11,3,7
unit,2910,11,3,11,3,7
unit,2911,12,3,12,3,7
unit,2912,7,2,7,2,7
unit,2913,9,3,9,3,7
unit,2914,9,3,9,3,7
unit,2915,10,3,10,3,7
unit,2916,9,3,9,3,7
unit,2917,10,3,10,3,7
unit,2918,10,3,10,3,7
unit,2919,11,3,11,3,7
unit,2920,9,3,9,3,7
unit,2921,10,3,10,3,7
unit,2922,10,3,10,3,7
unit,2923,11,3,11,3,7
unit,2924,10,3,10,3,7
unit,2925,11,3,11,3,7
unit,2926,11,3,11,3,7
unit,2927,12,3,12,3,7
unit,2928,8,2,8,2,7
unit,2929,10,3,10,3,7
unit,2930,10,3,10,3,7
unit,2931,11,3,11,3,7
unit,2932,10,3,10,3,7
unit,2933,11,3,11,3,7
unit,2934,11,3,11,3,7
unit,2935,12,3,12,3,7
unit,2936,10,3,10,3,7
unit,2937,11,3,11,3,7
unit,2938,11,3,11,3,7
unit,2939,12,3,12,3,7
unit,2940,11,3,11,3,7
unit,2941,12,3,12,3,7
unit,2942,12,3,12,3,7
unit,2943,13,3,13,3,7
unit,2944,6,2,6,2,7
unit,2945,8,3,8,3,7
unit,2946,8,3,8,3,7
unit,2947,9,3,9,3,7
unit,2948,8,3,8,3,7
unit,2949,9,3,9,3,7
unit,2950,9,3,9,3,7
unit,2951,10,3,10,3,7
unit,2952,8,3,8,3,7
unit,2953,9,3,9,3,7
unit,2954,9,3,9,3,7
unit,2955,10,3,10,3,7
unit,2956,9,3,9,3,7
unit,2957,10,3,10,3,7
unit,2958,10,3,10,3,7
unit,2959,11,3,11,3,7
unit,2960,7,2,7,2,7
unit,2961,9,3,9,3,7
unit,2962,9,3,9,3,7
unit,2963,10,3,10,3,7
unit,2964,9,3,9,3,7
unit,2965,10,3,10,3,7
unit,2966,10,3,10,3,7
unit,2967,11,3,11,3,7
unit,2968,9,3,9,3,7
unit,2969,10,3,10,3,7
unit,2970,10,3,10,3,7
unit,2971,11,3,11,3,7
unit,2972,10,3,10,3,7
unit,2973,11,3,11,3,7
unit,2974,11,3,11,3,7
unit,2975,12,3,12,3,7
unit,2976,7,2,7,2,7
unit,2977,9,3,9,3,7
unit,2978,9,3,9,3,7
unit,2979,10,3,10,3,7
unit,2980,9,3,9,3,7
unit,2981,10,3,10,3,7
unit,2982,10,3,10,3,7
unit,2983,11,3,11,3,7
unit,2984,9,3,9,3,7
unit,2985,10,3,10,3,7
unit,2986,10,3,10,3,7
unit,2987,11,3,11,3,7
unit,2988,10,3,10,3,7
unit,2989,11,3,11,3,7
unit,2990,11,3,11,3,7
unit,2991,12,3,12,3,7
unit,2992,8,2,8,2,7
unit,2993,10,3,10,3,7
unit,2994,10,3,10,3,7
unit,2995,11,3,11,3,7
unit,2996,10,3,10,3,7
unit,2997,11,3,11,3,7
unit,2998,11,3,11,3,7
unit,2999,12,3,12,3,7
unit,3000,10,3,10,3,7
unit,3001,11,3,11,3,7
unit,3002,11,3,11,3,7
unit,3003,12,3,12,3,7
unit,3004,11,3,11,3,7
unit,3005,12,3,12,3,7
unit,3006,12,3,12,3,7
unit,3007,13,3,13,3,7
unit,3008,7,2,7,2,7
unit,3009,9,3,9,3,7
unit,3010,9,3,9,3,7
unit,3011,10,3,10,3,7
unit,3012,9,3,9,3,7
unit,3013,10,3,10,3,7
unit,3014,10,3,10,3,7
unit,3015,11,3,11,3,7
unit,3016,9,3,9,3,7
unit,3017,10,3,10,3,7
unit,3018,10,3,10,3,7
unit,3019,11,3,11,3,7
unit,3020,10,3,10,3,7
unit,3021,11,3,11,3,7
unit,3022,11,3,11,3,7
unit,3023,12,3,12,3,7
unit,3024,8,2,8,2,7
unit,3025,10,3,10,3,7
unit,3026,10,3,10,3,7
unit,3027,11,3,11,3,7
unit,3028,10,3,10,3,7
unit,3029,11,3,11,3,7
unit,3030,11,3,11,3,7
unit,3031,12,3,12,3,7
unit,3032,10,3,10,3,7
unit,3033,11,3,11,3,7
unit,3034,11,3,11,3,7
unit,3035,12,3,12,3,7
unit,3036,11,3,11,3,7
unit,3037,12,3,12,3,7
unit,3038,12,3,12,3,7
unit,3039,13,3,13,3,7
unit,3040,8,2,8,2,7
unit,3041,10,3,10,3,7
unit,3042,10,3,10,3,7
unit,3043,11,3,11,3,7
unit,3044,10,3,10,3,7
unit,3045,11,3,11,3,7
unit,3046,11,3,11,3,7
unit,3047,12,3,12,3,7
unit,3048,10,3,10,3,7
unit,3049,11,3,11,3,7
unit,3050,11,3,11,3,7
unit,3051,12,3,12,3,7
unit,3052,11,3,11,3,7
unit,3053,12,3,12,3,7
unit,3054,12,3,12,3,7
unit,3055,13,3,13,3,7
unit,3056,9,2,9,2,7
unit,3057,11,3,11,3,7
unit,3058,11,3,11,3,7
unit,3059,12,3,12,3,7
unit,3060,11,3,11,3,7
unit,3061,12,3,12,3,7
unit,3062,12,3,12,3,7
unit,3063,13,3,13,3,7
unit,3064,11,3,11,3,7
unit,3065,12,3,12,3,7
unit,3066,12,3,12,3,7
unit,3067,13,3,13,3,7
unit,3068,12,3,12,3,7
unit,3069,13,3,13,3,7
unit,3070,13,3,13,3,7
unit,3071,14,3,14,3,7
unit,3072,3,1,3,1,7
unit,3073,5,2,5,2,7
unit,3074,5,2,5,2,7
unit,3075,6,2,6,2,7
unit,3076,5,2,5,2,7
unit,3077,6,2,6,2,7
unit,3078,6,2,6,2,7
unit,3079,7,2,7,2,7
unit,3080,5,2,5,2,7
unit,3081,6,2,6,2,7
unit,3082,6,2,6,2,7
unit,3083,7,2,7,2,7
unit,3084,6,2,6,2,7
unit,3085,7,2,7,2,7
unit,3086,7,2,7,2,7
unit,3087,8,2,8,2,7
unit,3088,5,2,5,2,7
unit,3089,7,3,7,3,7
unit,3090,7,3,7,3,7
unit,3091,8,3,8,3,7
unit,3092,7,3,7,3,7
unit,3093,8,3,8,3,7
unit,3094,8,3,8,3,7
unit,3095,9,3,9,3,7
unit,3096,7,3,7,3,7
unit,3097,8,3,8,3,7
unit,3098,8,3,8,3,7
unit,3099,9,3,9,3,7
unit,3100,8,3,8,3,7
unit,3101,9,3,9,3,7
unit,3102,9,3,9,3,7
unit,3103,10,3,10,3,7
unit,3104,5,2,5,2,7
unit,3105,7,3,7,3,7
unit,3106,7,3,7,3,7
unit,3107,8,3,8,3,7
unit,3108,7,3,7,3,7
unit,3109,8,3,8,3,7
unit,3110,8,3,8,3,7
unit,3111,9,3,9,3,7
unit,3112,7,3,7,3,7
unit,3113,8,3,8,3,7
unit,3114,8,3,8,3,7
unit,3115,9,3,9,3,7
unit,3116,8,3,8,3,7
unit,3117,9,3,9,3,7
unit,3118,9,3,9,3,7
unit,3119,10,3,10,3,7
unit,3120,6,2,6,2,7
unit,3121,8,3,8,3,7
unit,3122,8,3,8,3,7
unit,3123,9,3,9,3,7
unit,3124,8,3,8,3,7
unit,3125,9,3,9,3,7
unit,3126,9,3,9,3,7
unit,3127,10,3,10,3,7
unit,3128,8,3,8,3,7
unit,3129,9,3,9,3,7
unit,3130,9,3,9,3,7
unit,3131,10,3,10,3,7
unit,3132,9,3,9,3,7
unit,3133,10,3,10,3,7
unit,3134,10,3,10,3,7
unit,3135,11,3,11,3,7
unit,3136,5,2,5,2,7
unit,3137,7,3,7,3,7
unit,3138,7,3,7,3,7
unit,3139,8,3,8,3,7
unit,3140,7,3,7,3,7
unit,3141,8,3,8,3,7
unit,3142,8,3,8,3,7
unit,3143,9,3,9,3,7
unit,3144,7,3,7,3,7
unit,3145,8,3,8,3,7
unit,3146,8,3,8,3,7
unit,3147,9,3,9,3,7
unit,3148,8,3,8,3,7
unit,3149,9,3,9,3,7
unit,3150,9,3,9,3,7
unit,3151,10,3,10,3,7
unit,3152,6,2,6,2,7
unit,3153,8,3,8,3,7
unit,3154,8,3,8,3,7
unit,3155,9,3,9,3,7
unit,3156,8,3,8,3,7
unit,3157,9,3,9,3,7
unit,3158,9,3,9,3,7
unit,3159,10,3,10,3,7
unit,3160,8,3,8,3,7
unit,3161,9,3,9,3,7
unit,3162,9,3,9,3,7
unit,3163,10,3,10,3,7
unit,3164,9,3,9,3,7
unit,3165,10,3,10,3,7
unit,3166,10,3,10,3,7
unit,3167,11,3,11,3,7
unit,3168,6,2,6,2,7
unit,3169,8,3,8,3,7
unit,3170,8,3,8,3,7
unit,3171,9,3,9,3,7
unit,3172,8,3,8,3,7
unit,3173,9,3,9,3,7
unit,3174,9,3,9,3,7
unit,3175,10,3,10,3,7
unit,3176,8,3,8,3,7
unit,3177,9,3,9,3,7
unit,3178,9,3,9,3,7
unit,3179,10,3,10,3,7
unit,3180,9,3,9,3,7
unit,3181,10,3,10,3,7
unit,3182,10,3,10,3,7
unit,3183,11,3,11,3,7
unit,3184,7,2,7,2,7
unit,3185,9,3,9,3,7
unit,3186,9,3,9,3,7
unit,3187,10,3,10,3,7
unit,3188,9,3,9,3,7
unit,3189,10,3,10,3,7
unit,3190,10,3,10,3,7
unit,3191,11,3,11,3,7
unit,3192,9,3,9,3,7
unit,3193,10,3,10,3,7
unit,3194,10,3,10,3,7
unit,3195,11,3,11,3,7
unit,3196,10,3,10,3,7
unit,3197,11,3,11,3,7
unit,3198,11,3,11,3,7
unit,3199,12,3,12,3,7
unit,3200,5,2,5,2,7
unit,3201,7,3,7,3,7
unit,3202,7,3,7,3,7
unit,3203,8,3,8,3,7
unit,3204,7,3,7,3,7
unit,3205,8,3,8,3,7
unit,3206,8,3,8,3,7
unit,3207,9,3,9,3,7
unit,3208,7,3,7,3,7
unit,3209,8,3,8,3,7
unit,3210,8,3,8,3,7
unit,3211,9,3,9,3,7
unit,3212,8,3,8,3,7
unit,3213,9,3,9,3,7
unit,3214,9,3,9,3,7
unit,3215,10,3,10,3,7
unit,3216,6,2,6,2,7
unit,3217,8,3,8,3,7
unit,3218,8,3,8,3,7
unit,3219,9,3,9,3,7
unit,3220,8,3,8,3,7
unit,3221,9,3,9,3,7
unit,3222,9,3,9,3,7
unit,3223,10,3,10,3,7
unit,3224,8,3,8,3,7
unit,3225,9,3,9,3,7
unit,3226,9,3,9,3,7
unit,3227,10,3,10,3,7
unit,3228,9,3,9,3,7
unit,3229,10,3,10,3,7
unit,3230,10,3,10,3,7
unit,3231,11,3,11,3,7
unit,3232,6,2,6,2,7
unit,3233,8,3,8,3,7
unit,3234,8,3,8,3,7
unit,3235,9,3,9,3,7
unit,3236,8,3,8,3,7
unit,3237,9,3,9,3,7
unit,3238,9,3,9,3,7
unit,3239,10,3,10,3,7
unit,3240,8,3,8,3,7
unit,3241,9,3,9,3,7
unit,3242,9,3,9,3,7
unit,3243,10,3,10,3,7
unit,3244,9,3,9,3,7
unit,3245,10,3,10,3,7
unit,3246,10,3,10,3,7
unit,3247,11,3,11,3,7
unit,3248,7,2,7,2,7
unit,3249,9,3,9,3,7
unit,3250,9,3,9,3,7
unit,3251,10,3,10,3,7
unit,3252,9,3,9,3,7
unit,3253,10,3,10,3,7
unit,3254,10,3,10,3,7
unit,3255,11,3,11,3,7
unit,3256,9,3,9,3,7
unit,3257,10,3,10,3,7
unit,3258,10,3,10,3,7
unit,3259,11,3,11,3,7
unit,3260,10,3,10,3,7
unit,3261,11,3,11,3,7
unit,3262,11,3,11,3,7
unit,3263,12,3,12,3,7
unit,3264,6,2,6,2,7
unit,3265,8,3,8,3,7
unit,3266,8,3,8,3,7
unit,3267,9,3,9,3,7
unit,3268,8,3,8,3,7
unit,3269,9,3,9,3,7
unit,3270,9,3,9,3,7
unit,3271,10,3,10,3,7
unit,3272,8,3,8,3,7
unit,3273,9,3,9,3,7
unit,3274,9,3,9,3,7
unit,3275,10,3,10,3,7
unit,3276,9,3,9,3,7
unit,3277,10,3,10,3,7
unit,3278,10,3,10,3,7
unit,3279,11,3,11,3,7
unit,3280,7,2,7,2,7
unit,3281,9,3,9,3,7
unit,3282,9,3,9,3,7
unit,3283,10,3,10,3,7
unit,3284,9,3,9,3,7
unit,3285,10,3,10,3,7
unit,3286,10,3,10,3,7
unit,3287,11,3,11,3,7
unit,3288,9,3,9,3,7
unit,3289,10,3,10,3,7
unit,3290,10,3,10,3,7
unit,3291,11,3,11,3,7
unit,3292,10,3,10,3,7
unit,3293,11,3,11,3,7
unit,3294,11,3,11,3,7
unit,3295,12,3,12,3,7
unit,3296,7,2,7,2,7
unit,3297,9,3,9,3,7
unit,3298,9,3,9,3,7
unit,3299,10,3,10,3,7
unit,3300,9,3,9,3,7
unit,3301,10,3,10,3,7
unit,3302,10,3,10,3,7
unit,3303,11,3,11,3,7
unit,3304,9,3,9,3,7
unit,3305,10,3,10,3,7
unit,3306,10,3,10,3,7
unit,3307,11,3,11,3,7
unit,3308,10,3,10,3,7
unit,3309,11,3,11,3,7
unit,3310,11,3,11,3,7
unit,3311,12,3,12,3,7
unit,3312,8,2,8,2,7
unit,3313,10,3,10,3,7
unit,3314,10,3,10,3,7
unit,3315,11,3,11,3,7
unit,3316,10,3,10,3,7
unit,3317,11,3,11,3,7
unit,3318,11,3,11,3,7
unit,3319,12,3,12,3,7
unit,3320,10,3,10,3,7
unit,3321,11,3,11,3,7
unit,3322,11,3,11,3,7
unit,3323,12,3,12,3,7
unit,3324,11,3,11,3,7
unit,3325,12,3,12,3,7
unit,3326,12,3,12,3,7
unit,3327,13,3,13,3,7
unit,3328,4,1,4,1,7
unit,3329,6,2,6,2,7
unit,3330,6,2,6,2,7
unit,3331,7,2,7,2,7
unit,3332,6,2,6,2,7
unit,3333,7,2,7,2,7
unit,3334,7,2,7,2,7
unit,3335,8,2,8,2,7
unit,3336,6,2,6,2,7
unit,3337,7,2,7,2,7
unit,3338,7,2,7,2,7
unit,3339,8,2,8,2,7
unit,3340,7,2,7,2,7
unit,3341,8,2,8,2,7
unit,3342,8,2,8,2,7
unit,3343,9,2,9,2,7
unit,3344,6,2,6,2,7
unit,3345,8,3,8,3,7
unit,3346,8,3,8,3,7
unit,3347,9,3,9,3,7
unit,3348,8,3,8,3,7
unit,3349,9,3,9,3,7
unit,3350,9,3,9,3,7
unit,3351,10,3,10,3,7
unit,3352,8,3,8,3,7
unit,3353,9,3,9,3,7
unit,3354,9,3,9,3,7
unit,3355,10,3,10,3,7
unit,3356,9,3,9,3,7
unit,3357,10,3,10,3,7
unit,3358,10,3,10,3,7
unit,3359,11,3,11,3,7
unit,3360,6,2,6,2,7
unit,3361,8,3,8,3,7
unit,3362,8,3,8,3,7
unit,3363,9,3,9,3,7
unit,3364,8,3,8,3,7
unit,3365,9,3,9,3,7
unit,3366,9,3,9,3,7
unit,3367,10,3,10,3,7
unit,3368,8,3,8,3,7
unit,3369,9,3,9,3,7
unit,3370,9,3,9,3,7
unit,3371,10,3,10,3,7
unit,3372,9,3,9,3,7
unit,3373,10,3,10,3,7
unit,3374,10,3,10,3,7
unit,3375,11,3,11,3,7
unit,3376,7,2,7,2,7
unit,3377,9,3,9,3,7
unit,3378,9,3,9,3,7
unit,3379,10,3,10,3,7
unit,3380,9,3,9,3,7
unit,3381,10,3,10,3,7
unit,3382,10,3,10,3,7
unit,3383,11,3,11,3,7
unit,3384,9,3,9,3,7
unit,3385,10,3,10,3,7
unit,3386,10,3,10,3,7
unit,3387,11,3,11,3,7
unit,3388,10,3,10,3,7
unit,3389,11,3,11,3,7
unit,3390,11,3,11,3,7
unit,3391,12,3,12,3,7
unit,3392,6,2,6,2,7
unit,3393,8,3,8,3,7
unit,3394,8,3,8,3,7
unit,3395,9,3,9,3,7
unit,3396,8,3,8,3,7
unit,3397,9,3,9,3,7
unit,3398,9,3,9,3,7
unit,3399,10,3,10,3,7
unit,3400,8,3,8,3,7
unit,3401,9,3,9,3,7
unit,3402,9,3,9,3,7
unit,3403,10,3,10,3,7
unit,3404,9,3,9,3,7
unit,3405,10,3,10,3,7
unit,3406,10,3,10,3,7
unit,3407,11,3,11,3,7
unit,3408,7,2,7,2,7
unit,3409,9,3,9,3,7
unit,3410,9,3,9,3,7
unit,3411,10,3,10,3,7
unit,3412,9,3,9,3,7
unit,3413,10,3,10,3,7
unit,3414,10,3,10,3,7
unit,3415,11,3,11,3,7
unit,3416,9,3,9,3,7
unit,3417,10,3,10,3,7
unit,3418,10,3,10,3,7
unit,3419,11,3,11,3,7
unit,3420,10,3,10,3,7
unit,3421,11,3,11,3,7
unit,3422,11,3,11,3,7
unit,3423,12,3,12,3,7
unit,3424,7,2,7,2,7
unit,3425,9,3,9,3,7
unit,3426,9,3,9,3,7
unit,3427,10,3,10,3,7
unit,3428,9,3,9,3,7
unit,3429,10,3,10,3,7
unit,3430,10,3,10,3,7
unit,3431,11,3,11,3,7
unit,3432,9,3,9,3,7
unit,3433,10,3,10,3,7
unit,3434,10,3,10,3,7
unit,3435,11,3,11,3,7
unit,3436,10,3,10,3,7
unit,3437,11,3,11,3,7
unit,3438,11,3,11,3,7
unit,3439,12,3,12,3,7
unit,3440,8,2,8,2,7
unit,3441,10,3,10,3,7
unit,3442,10,3,10,3,7
unit,3443,11,3,11,3,7
unit,3444,10,3,10,3,7
unit,3445,11,3,11,3,7
unit,3446,11,3,11,3,7
unit,3447,12,3,12,3,7
unit,3448,10,3,10,3,7
unit,3449,11,3,11,3,7
unit,3450,11,3,11,3,7
unit,3451,12,3,12,3,7
unit,3452,11,3,11,3,7
unit,3453,12,3,12,3,7
unit,3454,12,3,12,3,7
unit,3455,13,3,13,3,7
unit,3456,6,2,6,2,7
unit,3457,8,3,8,3,7
unit,3458,8,3,8,3,7
unit,3459,9,3,9,3,7
unit,3460,8,3,8,3,7
unit,3461,9,3,9,3,7
unit,3462,9,3,9,3,7
unit,3463,10,3,10,3,7
unit,3464,8,3,8,3,7
unit,3465,9,3,9,3,7
unit,3466,9,3,9,3,7
unit,3467,10,3,10,3,7
unit,3468,9,3,9,3,7
unit,3469,10,3,10,3,7
unit,3470,10,3,10,3,7
unit,3471,11,3,11,3,7
unit,3472,7,2,7,2,7
unit,3473,9,3,9,3,7
unit,3474,9,3,9,3,7
unit,3475,10,3,10,3,7
unit,3476,9,3,9,3,7
unit,3477,10,3,10,3,7
unit,3478,10,3,10,3,7
unit,3479,11,3,11,3,7
unit,3480,9,3,9,3,7
unit,3481,10,3,10,3,7
unit,3482,10,3,10,3,7
unit,3483,11,3,11,3,7
unit,3484,10,3,10,3,7
unit,3485,11,3,11,3,7
unit,3486,11,3,11,3,7
unit,3487,12,3,12,3,7
unit,3488,7,2,7,2,7
unit,3489,9,3,9,3,7
unit,3490,9,3,9,3,7
unit,3491,10,3,10,3,7
unit,3492,9,3,9,3,7
unit,3493,10,3,10,3,7
unit,3494,10,3,10,3,7
unit,3495,11,3,11,3,7
unit,3496,9,3,9,3,7
unit,3497,10,3,10,3,7
unit,3498,10,3,10,3,7
unit,3499,11,3,11,3,7
unit,3500,10,3,10,3,7
unit,3501,11,3,11,3,7
unit,3502,11,3,11,3,7
unit,3503,12,3,12,3,7
unit,3504,8,2,8,2,7
unit,3505,10,3,10,3,7
unit,3506,10,3,10,3,7
unit,3507,11,3,11,3,7
unit,3508,10,3,10,3,7
unit,3509,11,3,11,3,7
unit,3510,11,3,11,3,7
unit,3511,12,3,12,3,7
unit,3512,10,3,10,3,7
unit,3513,11,3,11,3,7
unit,3514,11,3,11,3,7
unit,3515,12,3,12,3,7
unit,3516,11,3,11,3,7
unit,3517,12,3,12,3,7
unit,3518,12,3,12,3,7
unit,3519,13,3,13,3,7
unit,3520,7,2,7,2,7
unit,3521,9,3,9,3,7
unit,3522,9,3,9,3,7
unit,3523,10,3,10,3,7
unit,3524,9,3,9,3,7
unit,3525,10,3,10,3,7
unit,3526,10,3,10,3,7
unit,3527,11,3,11,3,7
unit,3528,9,3,9,3,7
unit,3529,10,3,10,3,7
unit,3530,10,3,10,3,7
unit,3531,11,3,11,3,7
unit,3532,10,3,10,3,7
unit,3533,11,3,11,3,7
unit,3534,11,3,11,3,7
unit,3535,12,3,12,3,7
unit,3536,8,2,8,2,7
unit,3537,10,3,10,3,7
unit,3538,10,3,10,3,7
unit,3539,11,3,11,3,7
unit,3540,10,3,10,3,7
unit,3541,11,3,11,3,7
unit,3542,11,3,11,3,7
unit,3543,12,3,12,3,7
unit,3544,10,3,10,3,7
unit,3545,11,3,11,3,7
unit,3546,11,3,11,3,7
unit,3547,12,3,12,3,7
unit,3548,11,3,11,3,7
unit,3549,12,3,12,3,7
unit,3550,12,3,12,3,7
unit,3551,13,3,13,3,7
unit,3552,8,2,8,2,7
unit,3553,10,3,10,3,7
unit,3554,10,3,10,3,7
unit,3555,11,3,11,3,7
unit,3556,10,3,10,3,7
unit,3557,11,3,11,3,7
unit,3558,11,3,11,3,7
unit,3559,12,3,12,3,7
unit,3560,10,3,10,3,7
unit,3561,11,3,11,3,7
unit,3562,11,3,11,3,7
unit,3563,12,3,12,3,7
unit,3564,11,3,11,3,7
unit,3565,12,3,12,3,7
unit,3566,12,3,12,3,7
unit,3567,13,3,13,3,7
unit,3568,9,2,9,2,7
unit,3569,11,3,11,3,7
unit,3570,11,3,11,3,7
unit,3571,12,3,12,3,7
unit,3572,11,3,11,3,7
unit,3573,12,3,12,3,7
unit,3574,12,3,12,3,7
unit,3575,13,3,13,3,7
unit,3576,11,3,11,3,7
unit,3577,12,3,12,3,7
unit,3578,12,3,12,3,7
unit,3579,13,3,13,3,7
unit,3580,12,3,12,3,7
unit,3581,13,3,13,3,7
unit,3582,13,3,13,3,7
unit,3583,14,3,14,3,7
unit,3584,4,1,4,1,7
unit,3585,6,2,6,2,7
unit,3586,6,2,6,2,7
unit,3587,7,2,7,2,7
unit,3588,6,2,6,2,7
unit,3589,7,2,7,2,7
unit,3590,7,2,7,2,7
unit,3591,8,2,8,2,7
unit,3592,6,2,6,2,7
unit,3593,7,2,7,2,7
unit,3594,7,2,7,2,7
unit,3595,8,2,8,2,7
unit,3596,7,2,7,2,7
unit,3597,8,2,8,2,7
unit,3598,8,2,8,2,7
unit,3599,9,2,9,2,7
unit,3600,6,2,6,2,7
unit,3601,8,3,8,3,7
unit,3602,8,3,8,3,7
unit,3603,9,3,9,3,7
unit,3604,8,3,8,3,7
unit,3605,9,3,9,3,7
unit,3606,9,3,9,3,7
unit,3607,10,3,10,3,7
unit,3608,8,3,8,3,7
unit,3609,9,3,9,3,7
unit,3610,9,3,9,3,7
unit,3611,10,3,10,3,7
unit,3612,9,3,9,3,7
unit,3613,10,3,10,3,7
unit,3614,10,3,10,3,7
unit,3615,11,3,11,3,7
unit,3616,6,2,6,2,7
unit,3617,8,3,8,3,7
unit,3618,8,3,8,3,7
unit,3619,9,3,9,3,7
unit,3620,8,3,8,3,7
unit,3621,9,3,9,3,7
unit,3622,9,3,9,3,7
unit,3623,10,3,10,3,7
unit,3624,8,3,8,3,7
unit,3625,9,3,9,3,7
unit,3626,9,3,9,3,7
unit,3627,10,3,10,3,7
unit,3628,9,3,9,3,7
unit,3629,10,3,10,3,7
unit,3630,10,3,10,3,7
unit,3631,11,3,11,3,7
unit,3632,7,2,7,2,7
unit,3633,9,3,9,3,7
unit,3634,9,3,9,3,7
unit,3635,10,3,10,3,7
unit,3636,9,3,9,3,7
unit,3637,10,3,10,3,7
unit,3638,10,3,10,3,7
unit,3639,11,3,11,3,7
unit,3640,9,3,9,3,7
unit,3641,10,3,10,3,7
unit,3642,10,3,10,3,7
unit,3643,11,3,11,3,7
unit,3644,10,3,10,3,7
unit,3645,11,3,11,3,7
unit,3646,11,3,11,3,7
unit,3647,12,3,12,3,7
unit,3648,6,2,6,2,7
unit,3649,8,3,8,3,7
unit,3650,8,3,8,3,7
unit,3651,9,3,9,3,7
unit,3652,8,3,8,3,7
unit,3653,9,3,9,3,7
unit,3654,9,3,9,3,7
unit,3655,10,3,10,3,7
unit,3656,8,3,8,3,7
unit,3657,9,3,9,3,7
unit,3658,9,3,9,3,7
unit,3659,10,3,10,3,7
unit,3660,9,3,9,3,7
unit,3661,10,3,10,3,7
unit,3662,10,3,10,3,7
unit,3663,11,3,11,3,7
unit,3664,7,2,7,2,7
unit,3665,9,3,9,3,7
unit,3666,9,3,9,3,7
unit,3667,10,3,10,3,7
unit,3668,9,3,9,3,7
unit,3669,10,3,10,3,7
unit,3670,10,3,10,3,7
unit,3671,11,3,11,3,7
unit,3672,9,3,9,3,7
unit,3673,10,3,10,3,7
unit,3674,10,3,10,3,7
unit,3675,11,3,11,3,7
unit,3676,10,3,10,3,7
unit,3677,11,3,11,3,7
unit,3678,11,3,11,3,7
unit,3679,12,3,12,3,7
unit,3680,7,2,7,2,7
unit,3681,9,3,9,3,7
unit,3682,9,3,9,3,7
unit,3683,10,3,10,3,7
unit,3684,9,3,9,3,7
unit,3685,10,3,10,3,7
unit,3686,10,3,10,3,7
unit,3687,11,3,11,3,7
unit,3688,9,3,9,3,7
unit,3689,10,3,10,3,7
unit,3690,10,3,10,3,7
unit,3691,11,3,11,3,7
unit,3692,10,3,10,3,7
unit,3693,11,3,11,3,7
unit,3694,11,3,11,3,7
unit,3695,12,3,12,3,7
unit,3696,8,2,8,2,7
unit,3697,10,3,10,3,7
unit,3698,10,3,10,3,7
unit,3699,11,3,11,3,7
unit,3700,10,3,10,3,7
unit,3701,11,3,11,3,7
unit,3702,11,3,11,3,7
unit,3703,12,3,12,3,7
unit,3704,10,3,10,3,7
unit,3705,11,3,11,3,7
unit,3706,11,3,11,3,7
unit,3707,12,3,12,3,7
unit,3708,11,3,11,3,7
unit,3709,12,3,12,3,7
unit,3710,12,3,12,3,7
unit,3711,13,3,13,3,7
unit,3712,6,2,6,2,7
unit,3713,8,3,8,3,7
unit,3714,8,3,8,3,7
unit,3715,9,3,9,3,7
unit,3716,8,3,8,3,7
unit,3717,9,3,9,3,7
unit,3718,9,3,9,3,7
unit,3719,10,3,10,3,7
unit,3720,8,3,8,3,7
unit,3721,9,3,9,3,7
unit,3722,9,3,9,3,7
unit,3723,10,3,10,3,7
unit,3724,9,3,9,3,7
unit,3725,10,3,10,3,7
unit,3726,10,3,10,3,7
unit,3727,11,3,11,3,7
unit,3728,7,2,7,2,7
unit,3729,9,3,9,3,7
unit,3730,9,3,9,3,7
unit,3731,10,3,10,3,7
unit,3732,9,3,9,3,7
unit,3733,10,3,10,3,7
unit,3734,10,3,10,3,7
unit,3735,11,3,11,3,7
unit,3736,9,3,9,3,7
unit,3737,10,3,10,3,7
unit,3738,10,3,10,3,7
unit,3739,11,3,11,3,7
unit,3740,10,3,10,3,7
unit,3741,11,3,11,3,7
unit,3742,11,3,11,3,7
unit,3743,12,3,12,3,7
unit,3744,7,2,7,2,7
unit,3745,9,3,9,3,7
unit,3746,9,3,9,3,7
unit,3747,10,3,10,3,7
unit,3748,9,3,9,3,7
unit,3749,10,3,10,3,7
unit,3750,10,3,10,3,7
unit,3751,11,3,11,3,7
unit,3752,9,3,9,3,7
unit,3753,10,3,10,3,7
unit,3754,10,3,10,3,7
unit,3755,11,3,11,3,7
unit,3756,10,3,10,3,7
unit,3757,11,3,11,3,7
unit,3758,11,3,11,3,7
unit,3759,12,3,12,3,7
unit,3760,8,2,8,2,7
unit,3761,10,3,10,3,7
unit,3762,10,3,10,3,7
unit,3763,11,3,11,3,7
unit,3764,10,3,10,3,7
unit,3765,11,3,11,3,7
unit,3766,11,3,11,3,7
unit,3767,12,3,12,3,7
unit,3768,10,3,10,3,7
unit,3769,11,3,11,3,7
unit,3770,11,3,11,3,7
unit,3771,12,3,12,3,7
unit,3772,11,3,11,3,7
unit,3773,12,3,12,3,7
unit,3774,12,3,12,3,7
unit,3775,13,3,13,3,7
unit,3776,7,2,7,2,7
unit,3777,9,3,9,3,7
unit,3778,9,3,9,3,7
unit,3779,10,3,10,3,7
unit,3780,9,3,9,3,7
unit,3781,10,3,10,3,7
unit,3782,10,3,10,3,7
unit,3783,11,3,11,3,7
unit,3784,9,3,9,3,7
unit,3785,10,3,10,3,7
unit,3786,10,3,10,3,7
unit,3787,11,3,11,3,7
unit,3788,10,3,10,3,7
unit,3789,11,3,11,3,7
unit,3790,11,3,11,3,7
unit,3791,12,3,12,3,7
unit,3792,8,2,8,2,7
unit,3793,10,3,10,3,7
unit,3794,10,3,10,3,7
unit,3795,11,3,11,3,7
unit,3796,10,3,10,3,7
unit,3797,11,3,11,3,7
unit,3798,11,3,11,3,7
unit,3799,12,3,12,3,7
unit,3800,10,3,10,3,7
unit,3801,11,3,11,3,7
unit,3802,11,3,11,3,7
unit,3803,12,3,12,3,7
unit,3804,11,3,11,3,7
unit,3805,12,3,12,3,7
unit,3806,12,3,12,3,7
unit,3807,13,3,13,3,7
unit,3808,8,2,8,2,7
unit,3809,10,3,10,3,7
unit,3810,10,3,10,3,7
unit,3811,11,3,11,3,7
unit,3812,10,3,10,3,7
unit,3813,11,3,11,3,7
unit,3814,11,3,11,3,7
unit,3815,12,3,12,3,7
unit,3816,10,3,10,3,7
unit,3817,11,3,11,3,7
unit,3818,11,3,11,3,7
unit,3819,12,3,12,3,7
unit,3820,11,3,11,3,7
unit,3821,12,3,12,3,7
unit,3822,12,3,12,3,7
unit,3823,13,3,13,3,7
unit,3824,9,2,9,2,7
unit,3825,11,3,11,3,7
unit,3826,11,3,11,3,7
unit,3827,12,3,12,3,7
unit,3828,11,3,11,3,7
unit,3829,12,3,12,3,7
unit,3830,12,3,12,3,7
unit,3831,13,3,13,3,7
unit,3832,11,3,11,3,7
unit,3833,12,3,12,3,7
unit,3834,12,3,12,3,7
unit,3835,13,3,13,3,7
unit,3836,12,3,12,3,7
unit,3837,13,3,13,3,7
unit,3838,13,3,13,3,7
unit,3839,14,3,14,3,7
unit,3840,5,1,5,1,7
unit,3841,7,2,7,2,7
unit,3842,7,2,7,2,7
unit,3843,8,2,8,2,7
unit,3844,7,2,7,2,7
unit,3845,8,2,8,2,7
unit,3846,8,2,8,2,7
unit,3847,9,2,9,2,7
unit,3848,7,2,7,2,7
unit,3849,8,2,8,2,7
unit,3850,8,2,8,2,7
unit,3851,9,2,9,2,7
unit,3852,8,2,8,2,7
unit,3853,9,2,9,2,7
unit,3854,9,2,9,2,7
unit,3855,10,2,10,2,7
unit,3856,7,2,7,2,7
unit,3857,9,3,9,3,7
unit,3858,9,3,9,3,7
unit,3859,10,3,10,3,7
unit,3860,9,3,9,3,7
unit,3861,10,3,10,3,7
unit,3862,10,3,10,3,7
unit,3863,11,3,11,3,7
unit,3864,9,3,9,3,7
unit,3865,10,3,10,3,7
unit,3866,10,3,10,3,7
unit,3867,11,3,11,3,7
unit,3868,10,3,10,3,7
unit,3869,11,3,11,3,7
unit,3870,11,3,11,3,7
unit,3871,12,3,12,3,7
unit,3872,7,2,7,2,7
unit,3873,9,3,9,3,7
unit,3874,9,3,9,3,7
unit,3875,10,3,10,3,7
unit,3876,9,3,9,3,7
unit,3877,10,3,10,3,7
unit,3878,10,3,10,3,7
unit,3879,11,3,11,3,7
unit,3880,9,3,9,3,7
unit,3881,10,3,10,3,7
unit,3882,10,3,10,3,7
unit,3883,11,3,11,3,7
unit,3884,10,3,10,3,7
unit,3885,11,3,11,3,7
unit,3886,11,3,11,3,7
unit,3887,12,3,12,3,7
unit,3888,8,2,8,2,7
unit,3889,10,3,10,3,7
unit,3890,10,3,10,3,7
unit,3891,11,3,11,3,7
unit,3892,10,3,10,3,7
unit,3893,11,3,11,3,7
unit,3894,11,3,11,3,7
unit,3895,12,3,12,3,7
unit,3896,10,3,10,3,7
unit,3897,11,3,11,3,7
unit,3898,11,3,11,3,7
unit,3899,12,3,12,3,7
unit,3900,11,3,11,3,7
unit,3901,12,3,12,3,7
unit,3902,12,3,12,3,7
unit,3903,13,3,13,3,7
unit,3904,7,2,7,2,7
unit,3905,9,3,9,3,7
unit,3906,9,3,9,3,7
unit,3907,10,3,10,3,7
unit,3908,9,3,9,3,7
unit,3909,10,3,10,3,7
unit,3910,10,3,10,3,7
unit,3911,11,3,11,3,7
unit,3912,9,3,9,3,7
unit,3913,10,3,10,3,7
unit,3914,10,3,10,3,7
unit,3915,11,3,11,3,7
unit,3916,10,3,10,3,7
unit,3917,11,3,11,3,7
unit,3918,11,3,11,3,7
unit,3919,12,3,12,3,7
unit,3920,8,2,8,2,7
unit,3921,10,3,10,3,7
unit,3922,10,3,10,3,7
unit,3923,11,3,11,3,7
unit,3924,10,3,10,3,7
unit,3925,11,3,11,3,7
unit,3926,11,3,11,3,7
unit,3927,12,3,12,3,7
unit,3928,10,3,10,3,7
unit,3929,11,3,11,3,7
unit,3930,11,3,11,3,7
unit,3931,12,3,12,3,7
unit,3932,11,3,11,3,7
unit,3933,12,3,12,3,7
unit,3934,12,3,12,3,7
unit,3935,13,3,13,3,7
unit,3936,8,2,8,2,7
unit,3937,10,3,10,3,7
unit,3938,10,3,10,3,7
unit,3939,11,3,11,3,7
unit,3940,10,3,10,3,7
unit,3941,11,3,11,3,7
unit,3942,11,3,11,3,7
unit,3943,12,3,12,3,7
unit,3944,10,3,10,3,7
unit,3945,11,3,11,3,7
unit,3946,11,3,11,3,7
unit,3947,12,3,12,3,7
unit,3948,11,3,11,3,7
unit,3949,12,3,12,3,7
unit,3950,12,3,12,3,7
unit,3951,13,3,13,3,7
unit,3952,9,2,9,2,7
unit,3953,11,3,11,3,7
unit,3954,11,3,11,3,7
unit,3955,12,3,12,3,7
unit,3956,11,3,11,3,7
unit,3957,12,3,12,3,7
unit,3958,12,3,12,3,7
unit,3959,13,3,13,3,7
unit,3960,11,3,11,3,7
unit,3961,12,3,12,3,7
unit,3962,12,3,12,3,7
unit,3963,13,3,13,3,7
unit,3964,12,3,12,3,7
unit,3965,13,3,13,3,7
unit,3966,13,3,13,3,7
unit,3967,14,3,14,3,7
unit,3968,7,2,7,2,7
unit,3969,9,3,9,3,7
unit,3970,9,3,9,3,7
unit,3971,10,3,10,3,7
unit,3972,9,3,9,3,7
unit,3973,10,3,10,3,7
unit,3974,10,3,10,3,7
unit,3975,11,3,11,3,7
unit,3976,9,3,9,3,7
unit,3977,10,3,10,3,7
unit,3978,10,3,10,3,7
unit,3979,11,3,11,3,7
unit,3980,10,3,10,3,7
unit,3981,11,3,11,3,7
unit,3982,11,3,11,3,7
unit,3983,12,3,12,3,7
unit,3984,8,2,8,2,7
unit,3985,10,3,10,3,7
unit,3986,10,3,10,3,7
unit,3987,11,3,11,3,7
unit,3988,10,3,10,3,7
unit,3989,11,3,11,3,7
unit,3990,11,3,11,3,7
unit,3991,12,3,12,3,7
unit,3992,10,3,10,3,7
unit,3993,11,3,11,3,7
unit,3994,11,3,11,3,7
unit,3995,12,3,12,3,7
unit,3996,11,3,11,3,7
unit,3997,12,3,12,3,7
unit,3998,12,3,12,3,7
unit,3999,13,3,13,3,7
unit,4000,8,2,8,2,7
unit,4001,10,3,10,3,7
unit,4002,10,3,10,3,7
unit,4003,11,3,11,3,7
unit,4004,10,3,10,3,7
unit,4005,11,3,11,3,7
unit,4006,11,3,11,3,7
unit,4007,12,3,12,3,7
unit,4008,10,3,10,3,7
unit,4009,11,3,11,3,7
unit,4010,11,3,11,3,7
unit,4011,12,3,12,3,7
unit,4012,11,3,11,3,7
unit,4013,12,3,12,3,7
unit,4014,12,3,12,3,7
unit,4015,13,3,13,3,7
unit,4016,9,2,9,2,7
unit,4017,11,3,11,3,7
unit,4018,11,3,11,3,7
unit,4019,12,3,12,3,7
unit,4020,11,3,11,3,7
unit,4021,12,3,12,3,7
unit,4022,12,3,12,3,7
unit,4023,13,3,13,3,7
unit,4024,11,3,11,3,7
unit,4025,12,3,12,3,7
unit,4026,12,3,12,3,7
unit,4027,13,3,13,3,7
unit,4028,12,3,12,3,7
unit,4029,13,3,13,3,7
unit,4030,13,3,13,3,7
unit,4031,14,3,14,3,7
unit,4032,8,2,8,2,7
unit,4033,10,3,10,3,7
unit,4034,10,3,10,3,7
unit,4035,11,3,11,3,7
unit,4036,10,3,10,3,7
unit,4037,11,3,11,3,7
unit,4038,11,3,11,3,7
unit,4039,12,3,12,3,7
unit,4040,10,3,10,3,7
unit,4041,11,3,11,3,7
unit,4042,11,3,11,3,7
unit,4043,12,3,12,3,7
unit,4044,11,3,11,3,7
unit,4045,12,3,12,3,7
unit,4046,12,3,12,3,7
unit,4047,13,3,13,3,7
unit,4048,9,2,9,2,7
unit,4049,11,3,11,3,7
unit,4050,11,3,11,3,7
unit,4051,12,3,12,3,7
unit,4052,11,3,11,3,7
unit,4053,12,3,12,3,7
unit,4054,12,3,12,3,7
unit,4055,13,3,13,3,7
unit,4056,11,3,11,3,7
unit,4057,12,3,12,3,7
unit,4058,12,3,12,3,7
unit,4059,13,3,13,3,7
unit,4060,12,3,12,3,7
unit,4061,13,3,13,3,7
unit,4062,13,3,13,3,7
unit,4063,14,3,14,3,7
unit,4064,9,2,9,2,7
unit,4065,11,3,11,3,7
unit,4066,11,3,11,3,7
unit,4067,12,3,12,3,7
unit,4068,11,3,11,3,7
unit,4069,12,3,12,3,7
unit,4070,12,3,12,3,7
unit,4071,13,3,13,3,7
unit,4072,11,3,11,3,7
unit,4073,12,3,12,3,7
unit,4074,12,3,12,3,7
unit,4075,13,3,13,3,7
unit,4076,12,3,12,3,7
unit,4077,13,3,13,3,7
unit,4078,13,3,13,3,7
unit,4079,14,3,14,3,7
unit,4080,10,2,10,2,7
unit,4081,12,3,12,3,7
unit,4082,12,3,12,3,7
unit,4083,13,3,13,3,7
unit,4084,12,3,12,3,7
unit,4085,13,3,13,3,7
unit,4086,13,3,13,3,7
unit,4087,14,3,14,3,7
unit,4088,12,3,12,3,7
unit,4089,13,3,13,3,7
unit,4090,13,3,13,3,7
unit,4091,14,3,14,3,7
unit,4092,13,3,13,3,7
unit,4093,14,3,14,3,7
unit,4094,14,3,14,3,7
unit,4095,15,3,15,3,7
unit,4096,2,1,2,1,7
unit,4097,4,2,4,2,7
unit,4098,4,2,4,2,7
unit,4099,5,2,5,2,7
unit,4100,4,2,4,2,7
unit,4101,5,2,5,2,7
unit,4102,5,2,5,2,7
unit,4103,6,2,6,2,7
unit,4104,4,2,4,2,7
unit,4105,5,2,5,2,7
unit,4106,5,2,5,2,7
unit,4107,6,2,6,2,7
unit,4108,5,2,5,2,7
unit,4109,6,2,6,2,7
unit,4110,6,2,6,2,7
unit,4111,7,2,7,2,7
unit,4112,4,2,4,2,7
unit,4113,6,3,6,3,7
unit,4114,6,3,6,3,7
unit,4115,7,3,7,3,7
unit,4116,6,3,6,3,7
unit,4117,7,3,7,3,7
unit,4118,7,3,7,3,7
unit,4119,8,3,8,3,7
unit,4120,6,3,6,3,7
unit,4121,7,3,7,3,7
unit,4122,7,3,7,3,7
unit,4123,8,3,8,3,7
unit,4124,7,3,7,3,7
unit,4125,8,3,8,3,7
unit,4126,8,3,8,3,7
unit,4127,9,3,9,3,7
unit,4128,4,2,4,2,7
unit,4129,6,3,6,3,7
unit,4130,6,3,6,3,7
unit,4131,7,3,7,3,7
unit,4132,6,3,6,3,7
unit,4133,7,3,7,3,7
unit,4134,7,3,7,3,7
unit,4135,8,3,8,3,7
unit,4136,6,3,6,3,7
unit,4137,7,3,7,3,7
unit,4138,7,3,7,3,7
unit,4139,8,3,8,3,7
unit,4140,7,3,7,3,7
unit,4141,8,3,8,3,7
unit,4142,8,3,8,3,7
unit,4143,9,3,9,3,7
unit,4144,5,2,5,2,7
unit,4145,7,3,7,3,7
unit,4146,7,3,7,3,7
unit,4147,8,3,8,3,7
unit,4148,7,3,7,3,7
unit,4149,8,3,8,3,7
unit,4150,8,3,8,3,7
unit,4151,9,3,9,3,7
unit,4152,7,3,7,3,7
unit,4153,8,3,8,3,7
unit,4154,8,3,8,3,7
unit,4155,9,3,9,3,7
unit,4156,8,3,8,3,7
unit,4157,9,3,9,3,7
unit,4158,9,3,9,3,7
unit,4159,10,3,10,3,7
unit,4160,4,2,4,2,7
unit,4161,6,3,6,3,7
unit,4162,6,3,6,3,7
unit,4163,7,3,7,3,7
unit,4164,6,3,6,3,7
unit,4165,7,3,7,3,7
unit,4166,7,3,7,3,7
unit,4167,8,3,8,3,7
unit,4168,6,3,6,3,7
unit,4169,7,3,7,3,7
unit,4170,7,3,7,3,7
unit,4171,8,3,8,3,7
unit,4172,7,3,7,3,7
unit,4173,8,3,8,3,7
unit,4174,8,3,8,3,7
unit,4175,9,3,9,3,7
unit,4176,5,2,5,2,7
unit,4177,7,3,7,3,7
unit,4178,7,3,7,3,7
unit,4179,8,3,8,3,7
unit,4180,7,3,7,3,7
unit,4181,8,3,8,3,7
unit,4182,8,3,8,3,7
unit,4183,9,3,9,3,7
unit,4184,7,3,7,3,7
unit,4185,8,3,8,3,7
unit,4186,8,3,8,3,7
unit,4187,9,3,9,3,7
unit,4188,8,3,8,3,7
unit,4189,9,3,9,3,7
unit,4190,9,3,9,3,7
unit,4191,10,3,10,3,7
unit,4192,5,2,5,2,7
unit,4193,7,3,7,3,7
unit,4194,7,3,7,3,7
unit,4195,8,3,8,3,7
unit,4196,7,3,7,3,7
unit,4197,8,3,8,3,7
unit,4198,8,3,8,3,7
unit,4199,9,3,9,3,7
unit,4200,7,3,7,3,7
unit,4201,8,3,8,3,7
unit,4202,8,3,8,3,7
unit,4203,9,3,9,3,7
unit,4204,8,3,8,3,7
unit,4205,9,3,9,3,7
unit,4206,9,3,9,3,7
unit,4207,10,3,10,3,7
unit,4208,6,2,6,2,7
unit,4209,8,3,8,3,7
unit,4210,8,3,8,3,7
unit,4211,9,3,9,3,7
unit,4212,8,3,8,3,7
unit,4213,9,3,9,3,7
unit,4214,9,3,9,3,7
unit,4215,10,3,10,3,7
unit,4216,8,3,8,3,7
unit,4217,9,3,9,3,7
unit,4218,9,3,9,3,7
unit,4219,10,3,10,3,7
unit,4220,9,3,9,3,7
unit,4221,10,3,10,3,7
unit,4222,10,3,10,3,7
unit,4223,11,3,11,3,7
unit,4224,4,2,4,2,7
unit,4225,6,3,6,3,7
unit,4226,6,3,6,3,7
unit,4227,7,3,7,3,7
unit,4228,6,3,6,3,7
unit,4229,7,3,7,3,7
unit,4230,7,3,7,3,7
unit,4231,8,3,8,3,7
unit,4232,6,3,6,3,7
unit,4233,7,3,7,3,7
unit,4234,7,3,7,3,7
unit,4235,8,3,8,3,7
unit,4236,7,3,7,3,7
unit,4237,8,3,8,3,7
unit,4238,8,3,8,3,7
unit,4239,9,3,9,3,7
unit,4240,5,2,5,2,7
unit,4241,7,3,7,3,7
unit,4242,7,3,7,3,7
unit,4243,8,3,8,3,7
unit,4244,7,3,7,3,7
unit,4245,8,3,8,3,7
unit,4246,8,3,8,3,7
unit,4247,9,3,9,3,7
unit,4248,7,3,7,3,7
unit,4249,8,3,8,3,7
unit,4250,8,3,8,3,7
unit,4251,9,3,9,3,7
unit,4252,8,3,8,3,7
unit,4253,9,3,9,3,7
unit,4254,9,3,9,3,7
unit,4255,10,3,10,3,7
unit,4256,5,2,5,2,7
unit,4257,7,3,7,3,7
unit,4258,7,3,7,3,7
unit,4259,8,3,8,3,7
unit,4260,7,3,7,3,7
unit,4261,8,3,8,3,7
unit,4262,8,3,8,3,7
unit,4263,9,3,9,3,7
unit,4264,7,3,7,3,7
unit,4265,8,3,8,3,7
unit,4266,8,3,8,3,7
unit,4267,9,3,9,3,7
unit,4268,8,3,8,3,7
unit,4269,9,3,9,3,7
unit,4270,9,3,9,3,7
unit,4271,10,3,10,3,7
unit,4272,6,2,6,2,7
unit,4273,8,3,8,3,7
unit,4274,8,3,8,3,7
unit,4275,9,3,9,3,7
unit,4276,8,3,8,3,7
unit,4277,9,3,9,3,7
unit,4278,9,3,9,3,7
unit,4279,10,3,10,3,7
unit,4280,8,3,8,3,7
unit,4281,9,3,9,3,7
unit,4282,9,3,9,3,7
unit,4283,10,3,10,3,7
unit,4284,9,3,9,3,7
unit,4285,10,3,10,3,7
unit,4286,10,3,10,3,7
unit,4287,11,3,11,3,7
unit,4288,5,2,5,2,7
unit,4289,7,3,7,3,7
unit,4290,7,3,7,3,7
unit,4291,8,3,8,3,7
unit,4292,7,3,7,3,7
unit,4293,8,3,8,3,7
unit,4294,8,3,8,3,7
unit,4295,9,3,9,3,7
unit,4296,7,3,7,3,7
unit,4297,8,3,8,3,7
unit,4298,8,3,8,3,7
unit,4299,9,3,9,3,7
unit,4300,8,3,8,3,7
unit,4301,9,3,9,3,7
unit,4302,9,3,9,3,7
unit,4303,10,3,10,3,7
unit,4304,6,2,6,2,7
unit,4305,8,3,8,3,7
unit,4306,8,3,8,3,7
unit,4307,9,3,9,3,7
unit,4308,8,3,8,3,7
unit,4309,9,3,9,3,7
unit,4310,9,3,9,3,7
unit,4311,10,3,10,3,7
unit,4312,8,3,8,3,7
unit,4313,9,3,9,3,7
unit,4314,9,3,9,3,7
unit,4315,10,3,10,3,7
unit,4316,9,3,9,3,7
unit,4317,10,3,10,3,7
unit,4318,10,3,10,3,7
unit,4319,11,3,11,3,7
unit,4320,6,2,6,2,7
unit,4321,8,3,8,3,7
unit,4322,8,3,8,3,7
unit,4323,9,3,9,3,7
unit,4324,8,3,8,3,7
unit,4325,9,3,9,3,7
unit,4326,9,3,9,3,7
unit,4327,10,3,10,3,7
unit,4328,8,3,8,3,7
unit,4329,9,3,9,3,7
unit,4330,9,3,9,3,7
unit,4331,10,3,10,3,7
unit,4332,9,3,9,3,7
unit,4333,10,3,10,3,7
unit,4334,10,3,10,3,7
unit,4335,11,3,11,3,7
unit,4336,7,2,7,2,7
unit,4337,9,3,9,3,7
unit,4338,9,3,9,3,7
unit,4339,10,3,10,3,7
unit,4340,9,3,9,3,7
unit,4341,10,3,10,3,7
unit,4342,10,3,10,3,7
unit,4343,11,3,11,3,7
unit,4344,9,3,9,3,7
unit,4345,10,3,10,3,7
unit,4346,10,3,10,3,7
unit,4347,11,3,11,3,7
unit,4348,10,3,10,3,7
unit,4349,11,3,11,3,7
unit,4350,11,3,11,3,7
unit,4351,12,3,12,3,7
unit,4352,3,1,3,1,9
unit,4353,5,2,5,2,9
unit,4354,5,2,5,2,9
unit,4355,6,2,6,2,9
unit,4356,5,2,5,2,9
unit,4357,6,2,6,2,9
unit,4358,6,2,6,2,9
unit,4359,7,2,7,2,9
unit,4360,5,2,5,2,9
unit,4361,6,2,6,2,9
unit,4362,6,2,6,2,9
unit,4363,7,2,7,2,9
unit,4364,6,2,6,2,9
unit,4365,7,2,7,2,9
unit,4366,7,2,7,2,9
unit,4367,8,2,8,2,9
unit,4368,4,1,4,1,11
unit,4369,5,1,5,1,13
unit,4370,6,2,6,2,11
unit,4371,7,2,7,2,13
unit,4372,6,2,6,2,11
unit,4373,7,2,7,2,13
unit,4374,7,2,7,2,11
unit,4375,8,2,8,2,13
unit,4376,6,2,6,2,11
unit,4377,7,2,7,2,13
unit,4378,7,2,7,2,11
unit,4379,8,2,8,2,13
unit,4380,7,2,7,2,11
unit,4381,8,2,8,2,13
unit,4382,8,2,8,2,11
unit,4383,9,2,9,2,13
unit,4384,5,2,5,2,9
unit,4385,7,3,7,3,9
unit,4386,7,3,7,3,9
unit,4387,8,3,8,3,9
unit,4388,7,3,7,3,9
unit,4389,8,3,8,3,9
unit,4390,8,3,8,3,9
unit,4391,9,3,9,3,9
unit,4392,7,3,7,3,9
unit,4393,8,3,8,3,9
unit,4394,8,3,8,3,9
unit,4395,9,3,9,3,9
unit,4396,8,3,8,3,9
unit,4397,9,3,9,3,9
unit,4398,9,3,9,3,9
unit,4399,10,3,10,3,9
unit,4400,6,2,6,2,11
unit,4401,7,2,7,2,13
unit,4402,8,3,8,3,11
unit,4403,9,3,9,3,13
unit,4404,8,3,8,3,11
unit,4405,9,3,9,3,13
unit,4406,9,3,9,3,11
unit,4407,10,3,10,3,13
unit,4408,8,3,8,3,11
unit,4409,9,3,9,3,13
unit,4410,9,3,9,3,11
unit,4411,10,3,10,3,13
unit,4412,9,3,9,3,11
unit,4413,10,3,10,3,13
unit,4414,10,3,10,3,11
unit,4415,11,3,11,3,13
unit,4416,5,2,5,2,9
unit,4417,7,3,7,3,9
unit,4418,7,3,7,3,9
unit,4419,8,3,8,3,9
unit,4420,7,3,7,3,9
unit,4421,8,3,8,3,9
unit,4422,8,3,8,3,9
unit,4423,9,3,9,3,9
unit,4424,7,3,7,3,9
unit,4425,8,3,8,3,9
unit,4426,8,3,8,3,9
unit,4427,9,3,9,3,9
unit,4428,8,3,8,3,9
unit,4429,9,3,9,3,9
unit,4430,9,3,9,3,9
unit,4431,10,3,10,3,9
unit,4432,6,2,6,2,11
unit,4433,7,2,7,2,13
unit,4434,8,3,8,3,11
unit,4435,9,3,9,3,13
unit,4436,8,3,8,3,11
unit,4437,9,3,9,3,13
unit,4438,9,3,9,3,11
unit,4439,10,3,10,3,13
unit,4440,8,3,8,3,11
unit,4441,9,3,9,3,13
unit,4442,9,3,9,3,11
unit,4443,10,3,10,3,13
unit,4444,9,3,9,3,11
unit,4445,10,3,10,3,13
unit,4446,10,3,10,3,11
unit,4447,11,3,11,3,13
unit,4448,6,2,6,2,9
unit,4449,8,3,8,3,9
unit,4450,8,3,8,3,9
unit,4451,9,3,9,3,9
unit,4452,8,3,8,3,9
unit,4453,9,3,9,3,9
unit,4454,9,3,9,3,9
unit,4455,10,3,10,3,9
unit,4456,8,3,8,3,9
unit,4457,9,3,9,3,9
unit,4458,9,3,9,3,9
unit,4459,10,3,10,3,9
unit,4460,9,3,9,3,9
unit,4461,10,3,10,3,9
unit,4462,10,3,10,3,9
unit,4463,11,3,11,3,9
unit,4464,7,2,7,2,11
unit,4465,8,2,8,2,13
unit,4466,9,3,9,3,11
unit,4467,10,3,10,3,13
unit,4468,9,3,9,3,11
unit,4469,10,3,10,3,13
unit,4470,10,3,10,3,11
unit,4471,11,3,11,3,13
unit,4472,9,3,9,3,11
unit,4473,10,3,10,3,13
unit,4474,10,3,10,3,11
unit,4475,11,3,11,3,13
unit,4476,10,3,10,3,11
unit,4477,11,3,11,3,13
unit,4478,11,3,11,3,11
unit,4479,12,3,12,3,13
unit,4480,5,2,5,2,9
unit,4481,7,3,7,3,9
unit,4482,7,3,7,3,9
unit,4483,8,3,8,3,9
unit,4484,7,3,7,3,9
unit,4485,8,3,8,3,9
unit,4486,8,3,8,3,9
unit,4487,9,3,9,3,9
unit,4488,7,3,7,3,9
unit,4489,8,3,8,3,9
unit,4490,8,3,8,3,9
unit,4491,9,3,9,3,9
unit,4492,8,3,8,3,9
unit,4493,9,3,9,3,9
unit,4494,9,3,9,3,9
unit,4495,10,3,10,3,9
unit,4496,6,2,6,2,11
unit,4497,7,2,7,2,13
unit,4498,8,3,8,3,11
unit,4499,9,3,9,3,13
unit,4500,8,3,8,3,11
unit,4501,9,3,9,3,13
unit,4502,9,3,9,3,11
unit,4503,10,3,10,3,13
unit,4504,8,3,8,3,11
unit,4505,9,3,9,3,13
unit,4506,9,3,9,3,11
unit,4507,10,3,10,3,13
unit,4508,9,3,9,3,11
unit,4509,10,3,10,3,13
unit,4510,10,3,10,3,11
unit,4511,11,3,11,3,13
unit,4512,6,2,6,2,9
unit,4513,8,3,8,3,9
unit,4514,8,3,8,3,9
unit,4515,9,3,9,3,9
unit,4516,8,3,8,3,9
unit,4517,9,3,9,3,9
unit,4518,9,3,9,3,9
unit,4519,10,3,10,3,9
unit,4520,8,3,8,3,9
unit,4521,9,3,9,3,9
unit,4522,9,3,9,3,9
unit,4523,10,3,10,3,9
unit,4524,9,3,9,3,9
unit,4525,10,3,10,3,9
unit,4526,10,3,10,3,9
unit,4527,11,3,11,3,9
unit,4528,7,2,7,2,11
unit,4529,8,2,8,2,13
unit,4530,9,3,9,3,11
unit,4531,10,3,10,3,13
unit,4532,9,3,9,3,11
unit,4533,10,3,10,3,13
unit,4534,10,3,10,3,11
unit,4535,11,3,11,3,13
unit,4536,9,3,9,3,11
unit,4537,10,3,10,3,13
unit,4538,10,3,10,3,11
unit,4539,11,3,11,3,13
unit,4540,10,3,10,3,11
unit,4541,11,3,11,3,13
unit,4542,11,3,11,3,11
unit,4543,12,3,12,3,13
unit,4544,6,2,6,2,9
unit,4545,8,3,8,3,9
unit,4546,8,3,8,3,9
unit,4547,9,3,9,3,9
unit,4548,8,3,8,3,9
unit,4549,9,3,9,3,9
unit,4550,9,3,9,3,9
unit,4551,10,3,10,3,9
unit,4552,8,3,8,3,9
unit,4553,9,3,9,3,9
unit,4554,9,3,9,3,9
unit,4555,10,3,10,3,9
unit,4556,9,3,9,3,9
unit,4557,10,3,10,3,9
unit,4558,10,3,10,3,9
unit,4559,11,3,11,3,9
unit,4560,7,2,7,2,11
unit,4561,8,2,8,2,13
unit,4562,9,3,9,3,11
unit,4563,10,3,10,3,13
unit,4564,9,3,9,3,11
unit,4565,10,3,10,3,13
unit,4566,10,3,10,3,11
unit,4567,11,3,11,3,13
unit,4568,9,3,9,3,11
unit,4569,10,3,10,3,13
unit,4570,10,3,10,3,11
unit,4571,11,3,11,3,13
unit,4572,10,3,10,3,11
unit,4573,11,3,11,3,13
unit,4574,11,3,11,3,11
unit,4575,12,3,12,3,13
unit,4576,7,2,7,2,9
unit,4577,9,3,9,3,9
unit,4578,9,3,9,3,9
unit,4579,10,3,10,3,9
unit,4580,9,3,9,3,9
unit,4581,10,3,10,3,9
unit,4582,10,3,10,3,9
unit,4583,11,3,11,3,9
unit,4584,9,3,9,3,9
unit,4585,10,3,10,3,9
unit,4586,10,3,10,3,9
unit,4587,11,3,11,3,9
unit,4588,10,3,10,3,9
unit,4589,11,3,11,3,9
unit,4590,11,3,11,3,9
unit,4591,12,3,12,3,9
unit,4592,8,2,8,2,11
unit,4593,9,2,9,2,13
unit,4594,10,3,10,3,11
unit,4595,11,3,11,3,13
unit,4596,10,3,10,3,11
unit,4597,11,3,11,3,13
unit,4598,11,3,11,3,11
unit,4599,12,3,12,3,13
unit,4600,10,3,10,3,11
unit,4601,11,3,11,3,13
unit,4602,11,3,11,3,11
unit,4603,12,3,12,3,13
unit,4604,11,3,11,3,11
unit,4605,12,3,12,3,13
unit,4606,12,3,12,3,11
unit,4607,13,3,13,3,13
unit,4608,4,2,4,2,7
unit,4609,6,3,6,3,7
unit,4610,6,3,6,3,7
unit,4611,7,3,7,3,7
unit,4612,6,3,6,3,7
unit,4613,7,3,7,3,7
unit,4614,7,3,7,3,7
unit,4615,8,3,8,3,7
unit,4616,6,3,6,3,7
unit,4617,7,3,7,3,7
unit,4618,7,3,7,3,7
unit,4619,8,3,8,3,7
unit,4620,7,3,7,3,7
unit,4621,8,3,8,3,7
unit,4622,8,3,8,3,7
unit,4623,9,3,9,3,7
unit,4624,6,3,6,3,7
unit,4625,8,4,8,4,7
unit,4626,8,4,8,4,7
unit,4627,9,4,9,4,7
unit,4628,8,4,8,4,7
unit,4629,9,4,9,4,7
unit,4630,9,4,9,4,7
unit,4631,10,4,10,4,7
unit,4632,8,4,8,4,7
unit,4633,9,4,9,4,7
unit,4634,9,4,9,4,7
unit,4635,10,4,10,4,7
unit,4636,9,4,9,4,7
unit,4637,10,4,10,4,7
unit,4638,10,4,10,4,7
unit,4639,11,4,11,4,7
unit,4640,6,3,6,3,7
unit,4641,8,4,8,4,7
unit,4642,8,4,8,4,7
unit,4643,9,4,9,4,7
unit,4644,8,4,8,4,7
unit,4645,9,4,9,4,7
unit,4646,9,4,9,4,7
unit,4647,10,4,10,4,7
unit,4648,8,4,8,4,7
unit,4649,9,4,9,4,7
unit,4650,9,4,9,4,7
unit,4651,10,4,10,4,7
unit,4652,9,4,9,4,7
unit,4653,10,4,10,4,7
unit,4654,10,4,10,4,7
unit,4655,11,4,11,4,7
unit,4656,7,3,7,3,7
unit,4657,9,4,9,4,7
unit,4658,9,4,9,4,7
unit,4659,10,4,10,4,7
unit,4660,9,4,9,4,7
unit,4661,10,4,10,4,7
unit,4662,10,4,10,4,7
unit,4663,11,4,11,4,7
unit,4664,9,4,9,4,7
unit,4665,10,4,10,4,7
unit,4666,10,4,10,4,7
unit,4667,11,4,11,4,7
unit,4668,10,4,10,4,7
unit,4669,11,4,11,4,7
unit,4670,11,4,11,4,7
unit,4671,12,4,12,4,7
unit,4672,6,3,6,3,7
unit,4673,8,4,8,4,7
unit,4674,8,4,8,4,7
unit,4675,9,4,9,4,7
unit,4676,8,4,8,4,7
unit,4677,9,4,9,4,7
unit,4678,9,4,9,4,7
unit,4679,10,4,10,4,7
unit,4680,8,4,8,4,7
unit,4681,9,4,9,4,7
unit,4682,9,4,9,4,7
unit,4683,10,4,10,4,7
unit,4684,9,4,9,4,7
unit,4685,10,4,10,4,7
unit,4686,10,4,10,4,7
unit,4687,11,4,11,4,7
unit,4688,7,3,7,3,7
unit,4689,9,4,9,4,7
unit,4690,9,4,9,4,7
unit,4691,10,4,10,4,7
unit,4692,9,4,9,4,7
unit,4693,10,4,10,4,7
unit,4694,10,4,10,4,7
unit,4695,11,4,11,4,7
unit,4696,9,4,9,4,7
unit,4697,10,4,10,4,7
unit,4698,10,4,10,4,7
unit,4699,11,4,11,4,7
unit,4700,10,4,10,4,7
unit,4701,11,4,11,4,7
unit,4702,11,4,11,4,7
unit,4703,12,4,12,4,7
unit,4704,7,3,7,3,7
unit,4705,9,4,9,4,7
unit,4706,9,4,9,4,7
unit,4707,10,4,10,4,7
unit,4708,9,4,9,4,7
unit,4709,10,4,10,4,7
unit,4710,10,4,10,4,7
unit,4711,11,4,11,4,7
unit,4712,9,4,9,4,7
unit,4713,10,4,10,4,7
unit,4714,10,4,10,4,7
unit,4715,11,4,11,4,7
unit,4716,10,4,10,4,7
unit,4717,11,4,11,4,7
unit,4718,11,4,11,4,7
unit,4719,12,4,12,4,7
unit,4720,8,3,8,3,7
unit,4721,10,4,10,4,7
unit,4722,10,4,10,4,7
unit,4723,11,4,11,4,7
unit,4724,10,4,10,4,7
unit,4725,11,4,11,4,7
unit,4726,11,4,11,4,7
unit,4727,12,4,12,4,7
unit,4728,10,4,10,4,7
unit,4729,11,4,11,4,7
unit,4730,11,4,11,4,7
unit,4731,12,4,12,4,7
unit,4732,11,4,11,4,7
unit,4733,12,4,12,4,7
unit,4734,12,4,12,4,7
unit,4735,13,4,13,4,7
unit,4736,6,3,6,3,7
unit,4737,8,4,8,4,7
unit,4738,8,4,8,4,7
unit,4739,9,4,9,4,7
unit,4740,8,4,8,4,7
unit,4741,9,4,9,4,7
unit,4742,9,4,9,4,7
unit,4743,10,4,10,4,7
unit,4744,8,4,8,4,7
unit,4745,9,4,9,4,7
unit,4746,9,4,9,4,7
unit,4747,10,4,10,4,7
unit,4748,9,4,9,4,7
unit,4749,10,4,10,4,7
unit,4750,10,4,10,4,7
unit,4751,11,4,11,4,7
unit,4752,7,3,7,3,7
unit,4753,9,4,9,4,7
unit,4754,9,4,9,4,7
unit,4755,10,4,10,4,7
unit,4756,9,4,9,4,7
unit,4757,10,4,10,4,7
unit,4758,10,4,10,4,7
unit,4759,11,4,11,4,7
unit,4760,9,4,9,4,7
unit,4761,10,4,10,4,7
unit,4762,10,4,10,4,7
unit,4763,11,4,11,4,7
unit,4764,10,4,10,4,7
unit,4765,11,4,11,4,7
unit,4766,11,4,11,4,7
unit,4767,12,4,12,4,7
unit,4768,7,3,7,3,7
unit,4769,9,4,9,4,7
unit,4770,9,4,9,4,7
unit,4771,10,4,10,4,7
unit,4772,9,4,9,4,7
unit,4773,10,4,10,4,7
unit,4774,10,4,10,4,7
unit,4775,11,4,11,4,7
unit,4776,9,4,9,4,7
unit,4777,10,4,10,4,7
unit,4778,10,4,10,4,7
unit,4779,11,4,11,4,7
unit,4780,10,4,10,4,7
unit,4781,11,4,11,4,7
unit,4782,11,4,11,4,7
unit,4783,12,4,12,4,7
unit,4784,8,3,8,3,7
unit,4785,10,4,10,4,7
unit,4786,10,4,10,4,7
unit,4787,11,4,11,4,7
unit,4788,10,4,10,4,7
unit,4789,11,4,11,4,7
unit,4790,11,4,11,4,7
unit,4791,12,4,12,4,7
unit,4792,10,4,10,4,7
unit,4793,11,4,11,4,7
unit,4794,11,4,11,4,7
unit,4795,12,4,12,4,7
unit,4796,11,4,11,4,7
unit,4797,12,4,12,4,7
unit,4798,12,4,12,4,7
unit,4799,13,4,13,4,7
unit,4800,7,3,7,3,7
unit,4801,9,4,9,4,7
unit,4802,9,4,9,4,7
unit,4803,10,4,10,4,7
unit,4804,9,4,9,4,7
unit,4805,10,4,10,4,7
unit,4806,10,4,10,4,7
unit,4807,11,4,11,4,7
unit,4808,9,4,9,4,7
unit,4809,10,4,10,4,7
unit,4810,10,4,10,4,7
unit,4811,11,4,11,4,7
unit,4812,10,4,10,4,7
unit,4813,11,4,11,4,7
unit,4814,11,4,11,4,7
unit,4815,12,4,12,4,7
unit,4816,8,3,8,3,7
unit,4817,10,4,10,4,7
unit,4818,10,4,10,4,7
unit,4819,11,4,11,4,7
unit,4820,10,4,10,4,7
unit,4821,11,4,11,4,7
unit,4822,11,4,11,4,7
unit,4823,12,4,12,4,7
unit,4824,10,4,10,4,7
unit,4825,11,4,11,4,7
unit,4826,11,4,11,4,7
unit,4827,12,4,12,4,7
unit,4828,11,4,11,4,7
unit,4829,12,4,12,4,7
unit,4830,12,4,12,4,7
unit,4831,13,4,13,4,7
unit,4832,8,3,8,3,7
unit,4833,10,4,10,4,7
unit,4834,10,4,10,4,7
unit,4835,11,4,11,4,7
unit,4836,10,4,10,4,7
unit,4837,11,4,11,4,7
unit,4838,11,4,11,4,7
unit,4839,12,4,12,4,7
unit,4840,10,4,10,4,7
unit,4841,11,4,11,4,7
unit,4842,11,4,11,4,7
unit,4843,12,4,12,4,7
unit,4844,11,4,11,4,7
unit,4845,12,4,12,4,7
unit,4846,12,4,12,4,7
unit,4847,13,4,13,4,7
unit,4848,9,3,9,3,7
unit,4849,11,4,11,4,7
unit,4850,11,4,11,4,7
unit,4851,12,4,12,4,7
unit,4852,11,4,11,4,7
unit,4853,12,4,12,4,7
unit,4854,12,4,12,4,7
unit,4855,13,4,13,4,7
unit,4856,11,4,11,4,7
unit,4857,12,4,12,4,7
unit,4858,12,4,12,4,7
unit,4859,13,4,13,4,7
unit,4860,12,4,12,4,7
unit,4861,13,4,13,4,7
unit,4862,13,4,13,4,7
unit,4863,14,4,14,4,7
unit,4864,5,2,5,2,9
unit,4865,7,3,7,3,9
unit,4866,7,3,7,3,9
unit,4867,8,3,8,3,9
unit,4868,7,3,7,3,9
unit,4869,8,3,8,3,9
unit,4870,8,3,8,3,9
unit,4871,9,3,9,3,9
unit,4872,7,3,7,3,9
unit,4873,8,3,8,3,9
unit,4874,8,3,8,3,9
unit,4875,9,3,9,3,9
unit,4876,8,3,8,3,9
unit,4877,9,3,9,3,9
unit,4878,9,3,9,3,9
unit,4879,10,3,10,3,9
unit,4880,6,2,6,2,11
unit,4881,7,2,7,2,13
unit,4882,8,3,8,3,11
unit,4883,9,3,9,3,13
unit,4884,8,3,8,3,11
unit,4885,9,3,9,3,13
unit,4886,9,3,9,3,11
unit,4887,10,3,10,3,13
unit,4888,8,3,8,3,11
unit,4889,9,3,9,3,13
unit,4890,9,3,9,3,11
unit,4891,10,3,10,3,13
unit,4892,9,3,9,3,11
unit,4893,10,3,10,3,13
unit,4894,10,3,10,3,11
unit,4895,11,3,11,3,13
unit,4896,7,3,7,3,9
unit,4897,9,4,9,4,9
unit,4898,9,4,9,4,9
unit,4899,10,4,10,4,9
unit,4900,9,4,9,4,9
unit,4901,10,4,10,4,9
unit,4902,10,4,10,4,9
unit,4903,11,4,11,4,9
unit,4904,9,4,9,4,9
unit,4905,10,4,10,4,9
unit,4906,10,4,10,4,9
unit,4907,11,4,11,4,9
unit,4908,10,4,10,4,9
unit,4909,11,4,11,4,9
unit,4910,11,4,11,4,9
unit,4911,12,4,12,4,9
unit,4912,8,3,8,3,11
unit,4913,9,3,9,3,13
unit,4914,10,4,10,4,11
unit,4915,11,4,11,4,13
unit,4916,10,4,10,4,11
unit,4917,11,4,11,4,13
unit,4918,11,4,11,4,11
unit,4919,12,4,12,4,13
unit,4920,10,4,10,4,11
unit,4921,11,4,11,4,13
unit,4922,11,4,11,4,11
unit,4923,12,4,12,4,13
unit,4924,11,4,11,4,11
unit,4925,12,4,12,4,13
unit,4926,12,4,12,4,11
unit,4927,13,4,13,4,13
unit,4928,7,3,7,3,9
unit,4929,9,4,9,4,9
unit,4930,9,4,9,4,9
unit,4931,10,4,10,4,9
unit,4932,9,4,9,4,9
unit,4933,10,4,10,4,9
unit,4934,10,4,10,4,9
unit,4935,11,4,11,4,9
unit,4936,9,4,9,4,9
unit,4937,10,4,10,4,9
unit,4938,10,4,10,4,9
unit,4939,11,4,11,4,9
unit,4940,10,4,10,4,9
unit,4941,11,4,11,4,9
unit,4942,11,4,11,4,9
unit,4943,12,4,12,4,9
unit,4944,8,3,8,3,11
unit,4945,9,3,9,3,13
unit,4946,10,4,10,4,11
unit,4947,11,4,11,4,13
unit,4948,10,4,10,4,11
unit,4949,11,4,11,4,13
unit,4950,11,4,11,4,11
unit,4951,12,4,12,4,13
unit,4952,10,4,10,4,11
unit,4953,11,4,11,4,13
unit,4954,11,4,11,4,11
unit,4955,12,4,12,4,13
unit,4956,11,4,11,4,11
unit,4957,12,4,12,4,13
unit,4958,12,4,12,4,11
unit,4959,13,4,13,4,13
unit,4960,8,3,8,3,9
unit,4961,10,4,10,4,9
unit,4962,10,4,10,4,9
unit,4963,11,4,11,4,9
unit,4964,10,4,10,4,9
unit,4965,11,4,11,4,9
unit,4966,11,4,11,4,9
unit,4967,12,4,12,4,9
unit,4968,10,4,10,4,9
unit,4969,11,4,11,4,9
unit,4970,11,4,11,4,9
unit,4971,12,4,12,4,9
unit,4972,11,4,11,4,9
unit,4973,12,4,12,4,9
unit,4974,12,4,12,4,9
unit,4975,13,4,13,4,9
unit,4976,9,3,9,3,11
unit,4977,10,3,10,3,13
unit,4978,11,4,11,4,11
unit,4979,12,4,12,4,13
unit,4980,11,4,11,4,11
unit,4981,12,4,12,4,13
unit,4982,12,4,12,4,11
unit,4983,13,4,13,4,13
unit,4984,11,4,11,4,11
unit,4985,12,4,12,4,13
unit,4986,12,4,12,4,11
unit,4987,13,4,13,4,13
unit,4988,12,4,12,4,11
unit,4989,13,4,13,4,13
unit,4990,13,4,13,4,11
unit,4991,14,4,14,4,13
unit,4992,7,3,7,3,9
unit,4993,9,4,9,4,9
unit,4994,9,4,9,4,9
unit,4995,10,4,10,4,9
unit,4996,9,4,9,4,9
unit,4997,10,4,10,4,9
unit,4998,10,4,10,4,9
unit,4999,11,4,11,4,9
unit,5000,9,4,9,4,9
unit,5001,10,4,10,4,9
unit,5002,10,4,10,4,9
unit,5003,11,4,11,4,9
unit,5004,10,4,10,4,9
unit,5005,11,4,11,4,9
unit,5006,11,4,11,4,9
unit,5007,12,4,12,4,9
unit,5008,8,3,8,3,11
unit,5009,9,3,9,3,13
unit,5010,10,4,10,4,11
unit,5011,11,4,11,4,13
unit,5012,10,4,10,4,11
unit,5013,11,4,11,4,13
unit,5014,11,4,11,4,11
unit,5015,12,4,12,4,13
unit,5016,10,4,10,4,11
unit,5017,11,4,11,4,13
unit,5018,11,4,11,4,11
unit,5019,12,4,12,4,13
unit,5020,11,4,11,4,11
unit,5021,12,4,12,4,13
unit,5022,12,4,12,4,11
unit,5023,13,4,13,4,13
unit,5024,8,3,8,3,9
unit,5025,10,4,10,4,9
unit,5026,10,4,10,4,9
unit,5027,11,4,11,4,9
unit,5028,10,4,10,4,9
unit,5029,11,4,11,4,9
unit,5030,11,4,11,4,9
unit,5031,12,4,12,4,9
unit,5032,10,4,10,4,9
unit,5033,11,4,11,4,9
unit,5034,11,4,11,4,9
unit,5035,12,4,12,4,9
unit,5036,11,4,11,4,9
unit,5037,12,4,12,4,9
unit,5038,12,4,12,4,9
unit,5039,13,4,13,4,9
unit,5040,9,3,9,3,11
unit,5041,10,3,10,3,13
unit,5042,11,4,11,4,11
unit,5043,12,4,12,4,13
unit,5044,11,4,11,4,11
unit,5045,12,4,12,4,13
unit,5046,12,4,12,4,11
unit,5047,13,4,13,4,13
unit,5048,11,4,11,4,11
unit,5049,12,4,12,4,13
unit,5050,12,4,12,4,11
unit,5051,13,4,13,4,13
unit,5052,12,4,12,4,11
unit,5053,13,4,13,4,13
unit,5054,13,4,13,4,11
unit,5055,14,4,14,4,13
unit,5056,8,3,8,3,9
unit,5057,10,4,10,4,9
unit,5058,10,4,10,4,9
unit,5059,11,4,11,4,9
unit,5060,10,4,10,4,9
unit,5061,11,4,11,4,9
unit,5062,11,4,11,4,9
unit,5063,12,4,12,4,9
unit,5064,10,4,10,4,9
unit,5065,11,4,11,4,9
unit,5066,11,4,11,4,9
unit,5067,12,4,12,4,9
unit,5068,11,4,11,4,9
unit,5069,12,4,12,4,9
unit,5070,12,4,12,4,9
unit,5071,13,4,13,4,9
unit,5072,9,3,9,3,11
unit,5073,10,3,10,3,13
unit,5074,11,4,11,4,11
unit,5075,12,4,12,4,13
unit,5076,11,4,11,4,11
unit,5077,12,4,12,4,13
unit,5078,12,4,12,4,11
unit,5079,13,4,13,4,13
unit,5080,11,4,11,4,11
unit,5081,12,4,12,4,13
unit,5082,12,4,12,4,11
unit,5083,13,4,13,4,13
unit,5084,12,4,12,4,11
unit,5085,13,4,13,4,13
unit,5086,13,4,13,4,11
unit,5087,14,4,14,4,13
unit,5088,9,3,9,3,9
unit,5089,11,4,11,4,9
unit,5090,11,4,11,4,9
unit,5091,12,4,12,4,9
unit,5092,11,4,11,4,9
unit,5093,12,4,12,4,9
unit,5094,12,4,12,4,9
unit,5095,13,4,13,4,9
unit,5096,11,4,11,4,9
unit,5097,12,4,12,4,9
unit,5098,12,4,12,4,9
unit,5099,13,4,13,4,9
unit,5100,12,4,12,4,9
unit,5101,13,4,13,4,9
unit,5102,13,4,13,4,9
unit,5103,14,4,14,4,9
unit,5104,10,3,10,3,11
unit,5105,11,3,11,3,13
unit,5106,12,4,12,4,11
unit,5107,13,4,13,4,13
unit,5108,12,4,12,4,11
unit,5109,13,4,13,4,13
unit,5110,13,4,13,4,11
unit,5111,14,4,14,4,13
unit,5112,12,4,12,4,11
unit,5113,13,4,13,4,13
unit,5114,13,4,13,4,11
unit,5115,14,4,14,4,13
unit,5116,13,4,13,4,11
unit,5117,14,4,14,4,13
unit,5118,14,4,14,4,11
unit,5119,15,4,15,4,13
unit,5120,4,2,4,2,7
unit,5121,6,3,6,3,7
unit,5122,6,3,6,3,7
unit,5123,7,3,7,3,7
unit,5124,6,3,6,3,7
unit,5125,7,3,7,3,7
unit,5126,7,3,7,3,7
unit,5127,8,3,8,3,7
unit,5128,6,3,6,3,7
unit,5129,7,3,7,3,7
unit,5130,7,3,7,3,7
unit,5131,8,3,8,3,7
unit,5132,7,3,7,3,7
unit,5133,8,3,8,3,7
unit,5134,8,3,8,3,7
unit,5135,9,3,9,3,7
unit,5136,6,3,6,3,7
unit,5137,8,4,8,4,7
unit,5138,8,4,8,4,7
unit,5139,9,4,9,4,7
unit,5140,8,4,8,4,7
unit,5141,9,4,9,4,7
unit,5142,9,4,9,4,7
unit,5143,10,4,10,4,7
unit,5144,8,4,8,4,7
unit,5145,9,4,9,4,7
unit,5146,9,4,9,4,7
unit,5147,10,4,10,4,7
unit,5148,9,4,9,4,7
unit,5149,10,4,10,4,7
unit,5150,10,4,10,4,7
unit,5151,11,4,11,4,7
unit,5152,6,3,6,3,7
unit,5153,8,4,8,4,7
unit,5154,8,4,8,4,7
unit,5155,9,4,9,4,7
unit,5156,8,4,8,4,7
unit,5157,9,4,9,4,7
unit,5158,9,4,9,4,7
unit,5159,10,4,10,4,7
unit,5160,8,4,8,4,7
unit,5161,9,4,9,4,7
unit,5162,9,4,9,4,7
unit,5163,10,4,10,4,7
unit,5164,9,4,9,4,7
unit,5165,10,4,10,4,7
unit,5166,10,4,10,4,7
unit,5167,11,4,11,4,7
unit,5168,7,3,7,3,7
unit,5169,9,4,9,4,7
unit,5170,9,4,9,4,7
unit,5171,10,4,10,4,7
unit,5172,9,4,9,4,7
unit,5173,10,4,10,4,7
unit,5174,10,4,10,4,7
unit,5175,11,4,11,4,7
unit,5176,9,4,9,4,7
unit,5177,10,4,10,4,7
unit,5178,10,4,10,4,7
unit,5179,11,4,11,4,7
unit,5180,10,4,10,4,7
unit,5181,11,4,11,4,7
unit,5182,11,4,11,4,7
unit,5183,12,4,12,4,7
unit,5184,6,3,6,3,7
unit,5185,8,4,8,4,7
unit,5186,8,4,8,4,7
unit,5187,9,4,9,4,7
unit,5188,8,4,8,4,7
unit,5189,9,4,9,4,7
unit,5190,9,4,9,4,7
unit,5191,10,4,10,4,7
unit,5192,8,4,8,4,7
unit,5193,9,4,9,4,7
unit,5194,9,4,9,4,7
unit,5195,10,4,10,4,7
unit,5196,9,4,9,4,7
unit,5197,10,4,10,4,7
unit,5198,10,4,10,4,7
unit,5199,11,4,11,4,7
unit,5200,7,3,7,3,7
unit,5201,9,4,9,4,7
unit,5202,9,4,9,4,7
unit,5203,10,4,10,4,7
unit,5204,9,4,9,4,7
unit,5205,10,4,10,4,7
unit,5206,10,4,10,4,7
unit,5207,11,4,11,4,7
unit,5208,9,4,9,4,7
unit,5209,10,4,10,4,7
unit,5210,10,4,10,4,7
unit,5211,11,4,11,4,7
unit,5212,10,4,10,4,7
unit,5213,11,4,11,4,7
unit,5214,11,4,11,4,7
unit,5215,12,4,12,4,7
unit,5216,7,3,7,3,7
unit,5217,9,4,9,4,7
unit,5218,9,4,9,4,7
unit,5219,10,4,10,4,7
unit,5220,9,4,9,4,7
unit,5221,10,4,10,4,7
unit,5222,10,4,10,4,7
unit,5223,11,4,11,4,7
unit,5224,9,4,9,4,7
unit,5225,10,4,10,4,7
unit,5226,10,4,10,4,7
unit,5227,11,4,11,4,7
unit,5228,10,4,10,4,7
unit,5229,11,4,11,4,7
unit,5230,11,4,11,4,7
unit,5231,12,4,12,4,7
unit,5232,8,3,8,3,7
unit,5233,10,4,10,4,7
unit,5234,10,4,10,4,7
unit,5235,11,4,11,4,7
unit,5236,10,4,10,4,7
unit,5237,11,4,11,4,7
unit,5238,11,4,11,4,7
unit,5239,12,4,12,4,7
unit,5240,10,4,10,4,7
unit,5241,11,4,11,4,7
unit,5242,11,4,11,4,7
unit,5243,12,4,12,4,7
unit,5244,11,4,11,4,7
unit,5245,12,4,12,4,7
unit,5246,12,4,12,4,7
unit,5247,13,4,13,4,7
unit,5248,6,3,6,3,7
unit,5249,8,4,8,4,7
unit,5250,8,4,8,4,7
unit,5251,9,4,9,4,7
unit,5252,8,4,8,4,7
unit,5253,9,4,9,4,7
unit,5254,9,4,9,4,7
unit,5255,10,4,10,4,7
unit,5256,8,4,8,4,7
unit,5257,9,4,9,4,7
unit,5258,9,4,9,4,7
unit,5259,10,4,10,4,7
unit,5260,9,4,9,4,7
unit,5261,10,4,10,4,7
unit,5262,10,4,10,4,7
unit,5263,11,4,11,4,7
unit,5264,7,3,7,3,7
unit,5265,9,4,9,4,7
unit,5266,9,4,9,4,7
unit,5267,10,4,10,4,7
unit,5268,9,4,9,4,7
unit,5269,10,4,10,4,7
unit,5270,10,4,10,4,7
unit,5271,11,4,11,4,7
unit,5272,9,4,9,4,7
unit,5273,10,4,10,4,7
unit,5274,10,4,10,4,7
unit,5275,11,4,11,4,7
unit,5276,10,4,10,4,7
unit,5277,11,4,11,4,7
unit,5278,11,4,11,4,7
unit,5279,12,4,12,4,7
unit,5280,7,3,7,3,7
unit,5281,9,4,9,4,7
unit,5282,9,4,9,4,7
unit,5283,10,4,10,4,7
unit,5284,9,4,9,4,7
unit,5285,10,4,10,4,7
unit,5286,10,4,10,4,7
unit,5287,11,4,11,4,7
unit,5288,9,4,9,4,7
unit,5289,10,4,10,4,7
unit,5290,10,4,10,4,7
unit,5291,11,4,11,4,7
unit,5292,10,4,10,4,7
unit,5293,11,4,11,4,7
unit,5294,11,4,11,4,7
unit,5295,12,4,12,4,7
unit,5296,8,3,8,3,7
unit,5297,10,4,10,4,7
unit,5298,10,4,10,4,7
unit,5299,11,4,11,4,7
unit,5300,10,4,10,4,7
unit,5301,11,4,11,4,7
unit,5302,11,4,11,4,7
unit,5303,12,4,12,4,7
unit,5304,10,4,10,4,7
unit,5305,11,4,11,4,7
unit,5306,11,4,11,4,7
unit,5307,12,4,12,4,7
unit,5308,11,4,11,4,7
unit,5309,12,4,12,4,7
unit,5310,12,4,12,4,7
unit,5311,13,4,13,4,7
unit,5312,7,3,7,3,7
unit,5313,9,4,9,4,7
unit,5314,9,4,9,4,7
unit,5315,10,4,10,4,7
unit,5316,9,4,9,4,7
unit,5317,10,4,10,4,7
unit,5318,10,4,10,4,7
unit,5319,11,4,11,4,7
unit,5320,9,4,9,4,7
unit,5321,10,4,10,4,7
unit,5322,10,4,10,4,7
unit,5323,11,4,11,4,7
unit,5324,10,4,10,4,7
unit,5325,11,4,11,4,7
unit,5326,11,4,11,4,7
unit,5327,12,4,12,4,7
unit,5328,8,3,8,3,7
unit,5329,10,4,10,4,7
unit,5330,10,4,10,4,7
unit,5331,11,4,11,4,7
unit,5332,10,4,10,4,7
unit,5333,11,4,11,4,7
unit,5334,11,4,11,4,7
unit,5335,12,4,12,4,7
unit,5336,10,4,10,4,7
unit,5337,11,4,11,4,7
unit,5338,11,4,11,4,7
unit,5339,12,4,12,4,7
unit,5340,11,4,11,4,7
unit,5341,12,4,12,4,7
unit,5342,12,4,12,4,7
unit,5343,13,4,13,4,7
unit,5344,8,3,8,3,7
unit,5345,10,4,10,4,7
unit,5346,10,4,10,4,7
unit,5347,11,4,11,4,7
unit,5348,10,4,10,4,7
unit,5349,11,4,11,4,7
unit,5350,11,4,11,4,7
unit,5351,12,4,12,4,7
unit,5352,10,4,10,4,7
unit,5353,11,4,11,4,7
unit,5354,11,4,11,4,7
unit,5355,12,4,12,4,7
unit,5356,11,4,11,4,7
unit,5357,12,4,12,4,7
unit,5358,12,4,12,4,7
unit,5359,13,4,13,4,7
unit,5360,9,3,9,3,7
unit,5361,11,4,11,4,7
unit,5362,11,4,11,4,7
unit,5363,12,4,12,4,7
unit,5364,11,4,11,4,7
unit,5365,12,4,12,4,7
unit,5366,12,4,12,4,7
unit,5367,13,4,13,4,7
unit,5368,11,4,11,4,7
unit,5369,12,4,12,4,7
unit,5370,12,4,12,4,7
unit,5371,13,4,13,4,7
unit,5372,12,4,12,4,7
unit,5373,13,4,13,4,7
unit,5374,13,4,13,4,7
unit,5375,14,4,14,4,7
unit,5376,5,2,5,2,9
unit,5377,7,3,7,3,9
unit,5378,7,3,7,3,9
unit,5379,8,3,8,3,9
unit,5380,7,3,7,3,9
unit,5381,8,3,8,3,9
unit,5382,8,3,8,3,9
unit,5383,9,3,9,3,9
unit,5384,7,3,7,3,9
unit,5385,8,3,8,3,9
unit,5386,8,3,8,3,9
unit,5387,9,3,9,3,9
unit,5388,8,3,8,3,9
unit,5389,9,3,9,3,9
unit,5390,9,3,9,3,9
unit,5391,10,3,10,3,9
unit,5392,6,2,6,2,11
unit,5393,7,2,7,2,13
unit,5394,8,3,8,3,11
unit,5395,9,3,9,3,13
unit,5396,8,3,8,3,11
unit,5397,9,3,9,3,13
unit,5398,9,3,9,3,11
unit,5399,10,3,10,3,13
unit,5400,8,3,8,3,11
unit,5401,9,3,9,3,13
unit,5402,9,3,9,3,11
unit,5403,10,3,10,3,13
unit,5404,9,3,9,3,11
unit,5405,10,3,10,3,13
unit,5406,10,3,10,3,11
unit,5407,11,3,11,3,13
unit,5408,7,3,7,3,9
unit,5409,9,4,9,4,9
unit,5410,9,4,9,4,9
unit,5411,10,4,10,4,9
unit,5412,9,4,9,4,9
unit,5413,10,4,10,4,9
unit,5414,10,4,10,4,9
unit,5415,11,4,11,4,9
unit,5416,9,4,9,4,9
unit,5417,10,4,10,4,9
unit,5418,10,4,10,4,9
unit,5419,11,4,11,4,9
unit,5420,10,4,10,4,9
unit,5421,11,4,11,4,9
unit,5422,11,4,11,4,9
unit,5423,12,4,12,4,9
unit,5424,8,3,8,3,11
unit,5425,9,3,9,3,13
unit,5426,10,4,10,4,11
unit,5427,11,4,11,4,13
unit,5428,10,4,10,4,11
unit,5429,11,4,11,4,13
unit,5430,11,4,11,4,11
unit,5431,12,4,12,4,13
unit,5432,10,4,10,4,11
unit,5433,11,4,11,4,13
unit,5434,11,4,11,4,11
unit,5435,12,4,12,4,13
unit,5436,11,4,11,4,11
unit,5437,12,4,12,4,13
unit,5438,12,4,12,4,11
unit,5439,13,4,13,4,13
unit,5440,7,3,7,3,9
unit,5441,9,4,9,4,9
unit,5442,9,4,9,4,9
unit,5443,10,4,10,4,9
unit,5444,9,4,9,4,9
unit,5445,10,4,10,4,9
unit,5446,10,4,10,4,9
unit,5447,11,4,11,4,9
unit,5448,9,4,9,4,9
unit,5449,10,4,10,4,9
unit,5450,10,4,10,4,9
unit,5451,11,4,11,4,9
unit,5452,10,4,10,4,9
unit,5453,11,4,11,4,9
unit,5454,11,4,11,4,9
unit,5455,12,4,12,4,9
unit,5456,8,3,8,3,11
unit,5457,9,3,9,3,13
unit,5458,10,4,10,4,11
unit,5459,11,4,11,4,13
unit,5460,10,4,10,4,11
unit,5461,11,4,11,4,13
unit,5462,11,4,11,4,11
unit,5463,12,4,12,4,13
unit,5464,10,4,10,4,11
unit,5465,11,4,11,4,13
unit,5466,11,4,11,4,11
unit,5467,12,4,12,4,13
unit,5468,11,4,11,4,11
unit,5469,12,4,12,4,13
unit,5470,12,4,12,4,11
unit,5471,13,4,13,4,13
unit,5472,8,3,8,3,9
unit,5473,10,4,10,4,9
unit,5474,10,4,10,4,9
unit,5475,11,4,11,4,9
unit,5476,10,4,10,4,9
unit,5477,11,4,11,4,9
unit,5478,11,4,11,4,9
unit,5479,12,4,12,4,9
unit,5480,10,4,10,4,9
unit,5481,11,4,11,4,9
unit,5482,11,4,11,4,9
unit,5483,12,4,12,4,9
unit,5484,11,4,11,4,9
unit,5485,12,4,12,4,9
unit,5486,12,4,12,4,9
unit,5487,13,4,13,4,9
unit,5488,9,3,9,3,11
unit,5489,10,3,10,3,13
unit,5490,11,4,11,4,11
unit,5491,12,4,12,4,13
unit,5492,11,4,11,4,11
unit,5493,12,4,12,4,13
unit,5494,12,4,12,4,11
unit,5495,13,4,13,4,13
unit,5496,11,4,11,4,11
unit,5497,12,4,12,4,13
unit,5498,12,4,12,4,11
unit,5499,13,4,13,4,13
unit,5500,12,4,12,4,11
unit,5501,13,4,13,4,13
unit,5502,13,4,13,4,11
unit,5503,14,4,14,4,13
unit,5504,7,3,7,3,9
unit,5505,9,4,9,4,9
unit,5506,9,4,9,4,9
unit,5507,10,4,10,4,9
unit,5508,9,4,9,4,9
unit,5509,10,4,10,4,9
unit,5510,10,4,10,4,9
unit,5511,11,4,11,4,9
unit,5512,9,4,9,4,9
unit,5513,10,4,10,4,9
unit,5514,10,4,10,4,9
unit,5515,11,4,11,4,9
unit,5516,10,4,10,4,9
unit,5517,11,4,11,4,9
unit,5518,11,4,11,4,9
unit,5519,12,4,12,4,9
unit,5520,8,3,8,3,11
unit,5521,9,3,9,3,13
unit,5522,10,4,10,4,11
unit,5523,11,4,11,4,13
unit,5524,10,4,10,4,11
unit,5525,11,4,11,4,13
unit,5526,11,4,11,4,11
unit,5527,12,4,12,4,13
unit,5528,10,4,10,4,11
unit,5529,11,4,11,4,13
unit,5530,11,4,11,4,11
unit,5531,12,4,12,4,13
unit,5532,11,4,11,4,11
unit,5533,12,4,12,4,13
unit,5534,12,4,12,4,11
unit,5535,13,4,13,4,13
unit,5536,8,3,8,3,9
unit,5537,10,4,10,4,9
unit,5538,10,4,10,4,9
unit,5539,11,4,11,4,9
unit,5540,10,4,10,4,9
unit,5541,11,4,11,4,9
unit,5542,11,4,11,4,9
unit,5543,12,4,12,4,9
unit,5544,10,4,10,4,9
unit,5545,11,4,11,4,9
unit,5546,11,4,11,4,9
unit,5547,12,4,12,4,9
unit,5548,11,4,11,4,9
unit,5549,12,4,12,4,9
unit,5550,12,4,12,4,9
unit,5551,13,4,13,4,9
unit,5552,9,3,9,3,11
unit,5553,10,3,10,3,13
unit,5554,11,4,11,4,11
unit,5555,12,4,12,4,13
unit,5556,11,4,11,4,11
unit,5557,12,4,12,4,13
unit,5558,12,4,12,4,11
unit,5559,13,4,13,4,13
unit,5560,11,4,11,4,11
unit,5561,12,4,12,4,13
unit,5562,12,4,12,4,11
unit,5563,13,4,13,4,13
unit,5564,12,4,12,4,11
unit,5565,13,4,13,4,13
unit,5566,13,4,13,4,11
unit,5567,14,4,14,4,13
unit,5568,8,3,8,3,9
unit,5569,10,4,10,4,9
unit,5570,10,4,10,4,9
unit,5571,11,4,11,4,9
unit,5572,10,4,10,4,9
unit,5573,11,4,11,4,9
unit,5574,11,4,11,4,9
unit,5575,12,4,12,4,9
unit,5576,10,4,10,4,9
unit,5577,11,4,11,4,9
unit,5578,11,4,11,4,9
unit,5579,12,4,12,4,9
unit,5580,11,4,11,4,9
unit,5581,12,4,12,4,9
unit,5582,12,4,12,4,9
unit,5583,13,4,13,4,9
unit,5584,9,3,9,3,11
unit,5585,10,3,10,3,13
unit,5586,11,4,11,4,11
unit,5587,12,4,12,4,13
unit,5588,11,4,11,4,11
unit,5589,12,4,12,4,13
unit,5590,12,4,12,4,11
unit,5591,13,4,13,4,13
unit,5592,11,4,11,4,11
unit,5593,12,4,12,4,13
unit,5594,12,4,12,4,11
unit,5595,13,4,13,4,13
unit,5596,12,4,12,4,11
unit,5597,13,4,13,4,13
unit,5598,13,4,13,4,11
unit,5599,14,4,14,4,13
unit,5600,9,3,9,3,9
unit,5601,11,4,11,4,9
unit,5602,11,4,11,4,9
unit,5603,12,4,12,4,9
unit,5604,11,4,11,4,9
unit,5605,12,4,12,4,9
unit,5606,12,4,12,4,9
unit,5607,13,4,13,4,9
unit,5608,11,4,11,4,9
unit,5609,12,4,12,4,9
unit,5610,12,4,12,4,9
unit,5611,13,4,13,4,9
unit,5612,12,4,12,4,9
unit,5613,13,4,13,4,9
unit,5614,13,4,13,4,9
unit,5615,14,4,14,4,9
unit,5616,10,3,10,3,11
unit,5617,11,3,11,3,13
unit,5618,12,4,12,4,11
unit,5619,13,4,13,4,13
unit,5620,12,4,12,4,11
unit,5621,13,4,13,4,13
unit,5622,13,4,13,4,11
unit,5623,14,4,14,4,13
unit,5624,12,4,12,4,11
unit,5625,13,4,13,4,13
unit,5626,13,4,13,4,11
unit,5627,14,4,14,4,13
unit,5628,13,4,13,4,11
unit,5629,14,4,14,4,13
unit,5630,14,4,14,4,11
unit,5631,15,4,15,4,13
unit,5632,5,2,5,2,7
unit,5633,7,3,7,3,7
unit,5634,7,3,7,3,7
unit,5635,8,3,8,3,7
unit,5636,7,3,7,3,7
unit,5637,8,3,8,3,7
unit,5638,8,3,8,3,7
unit,5639,9,3,9,3,7
unit,5640,7,3,7,3,7
unit,5641,8,3,8,3,7
unit,5642,8,3,8,3,7
unit,5643,9,3,9,3,7
unit,5644,8,3,8,3,7
unit,5645,9,3,9,3,7
unit,5646,9,3,9,3,7
unit,5647,10,3,10,3,7
unit,5648,7,3,7,3,7
unit,5649,9,4,9,4,7
unit,5650,9,4,9,4,7
unit,5651,10,4,10,4,7
unit,5652,9,4,9,4,7
unit,5653,10,4,10,4,7
unit,5654,10,4,10,4,7
unit,5655,11,4,11,4,7
unit,5656,9,4,9,4,7
unit,5657,10,4,10,4,7
unit,5658,10,4,10,4,7
unit,5659,11,4,11,4,7
unit,5660,10,4,10,4,7
unit,5661,11,4,11,4,7
unit,5662,11,4,11,4,7
unit,5663,12,4,12,4,7
unit,5664,7,3,7,3,7
unit,5665,9,4,9,4,7
unit,5666,9,4,9,4,7
unit,5667,10,4,10,4,7
unit,5668,9,4,9,4,7
unit,5669,10,4,10,4,7
unit,5670,10,4,10,4,7
unit,5671,11,4,11,4,7
unit,5672,9,4,9,4,7
unit,5673,10,4,10,4,7
unit,5674,10,4,10,4,7
unit,5675,11,4,11,4,7
unit,5676,10,4,10,4,7
unit,5677,11,4,11,4,7
unit,5678,11,4,11,4,7
unit,5679,12,4,12,4,7
unit,5680,8,3,8,3,7
unit,5681,10,4,10,4,7
unit,5682,10,4,10,4,7
unit,5683,11,4,11,4,7
unit,5684,10,4,10,4,7
unit,5685,11,4,11,4,7
unit,5686,11,4,11,4,7
unit,5687,12,4,12,4,7
unit,5688,10,4,10,4,7
unit,5689,11,4,11,4,7
unit,5690,11,4,11,4,7
unit,5691,12,4,12,4,7
unit,5692,11,4,11,4,7
unit,5693,12,4,12,4,7
unit,5694,12,4,12,4,7
unit,5695,13,4,13,4,7
unit,5696,7,3,7,3,7
unit,5697,9,4,9,4,7
unit,5698,9,4,9,4,7
unit,5699,10,4,10,4,7
unit,5700,9,4,9,4,7
unit,5701,10,4,10,4,7
unit,5702,10,4,10,4,7
unit,5703,11,4,11,4,7
unit,5704,9,4,9,4,7
unit,5705,10,4,10,4,7
unit,5706,10,4,10,4,7
unit,5707,11,4,11,4,7
unit,5708,10,4,10,4,7
unit,5709,11,4,11,4,7
unit,5710,11,4,11,4,7
unit,5711,12,4,12,4,7
unit,5712,8,3,8,3,7
unit,5713,10,4,10,4,7
unit,5714,10,4,10,4,7
unit,5715,11,4,11,4,7
unit,5716,10,4,10,4,7
unit,5717,11,4,11,4,7
unit,5718,11,4,11,4,7
unit,5719,12,4,12,4,7
unit,5720,10,4,10,4,7
unit,5721,11,4,11,4,7
unit,5722,11,4,11,4,7
unit,5723,12,4,12,4,7
unit,5724,11,4,11,4,7
unit,5725,12,4,12,4,7
unit,5726,12,4,12,4,7
unit,5727,13,4,13,4,7
unit,5728,8,3,8,3,7
unit,5729,10,4,10,4,7
unit,5730,10,4,10,4,7
unit,5731,11,4,11,4,7
unit,5732,10,4,10,4,7
unit,5733,11,4,11,4,7
unit,5734,11,4,11,4,7
unit,5735,12,4,12,4,7
unit,5736,10,4,10,4,7
unit,5737,11,4,11,4,7
unit,5738,11,4,11,4,7
unit,5739,12,4,12,4,7
unit,5740,11,4,11,4,7
unit,5741,12,4,12,4,7
unit,5742,12,4,12,4,7
unit,5743,13,4,13,4,7
unit,5744,9,3,9,3,7
unit,5745,11,4,11,4,7
unit,5746,11,4,11,4,7
unit,5747,12,4,12,4,7
unit,5748,11,4,11,4,7
unit,5749,12,4,12,4,7
unit,5750,12,4,12,4,7
unit,5751,13,4,13,4,7
unit,5752,11,4,11,4,7
unit,5753,12,4,12,4,7
unit,5754,12,4,12,4,7
unit,5755,13,4,13,4,7
unit,5756,12,4,12,4,7
unit,5757,13,4,13,4,7
unit,5758,13,4,13,4,7
unit,5759,14,4,14,4,7
unit,5760,7,3,7,3,7
unit,5761,9,4,9,4,7
unit,5762,9,4,9,4,7
unit,5763,10,4,10,4,7
unit,5764,9,4,9,4,7
unit,5765,10,4,10,4,7
unit,5766,10,4,10,4,7
unit,5767,11,4,11,4,7
unit,5768,9,4,9,4,7
unit,5769,10,4,10,4,7
unit,5770,10,4,10,4,7
unit,5771,11,4,11,4,7
unit,5772,10,4,10,4,7
unit,5773,11,4,11,4,7
unit,5774,11,4,11,4,7
unit,5775,12,4,12,4,7
unit,5776,8,3,8,3,7
unit,5777,10,4,10,4,7
unit,5778,10,4,10,4,7
unit,5779,11,4,11,4,7
unit,5780,10,4,10,4,7
unit,5781,11,4,11,4,7
unit,5782,11,4,11,4,7
unit,5783,12,4,12,4,7
unit,5784,10,4,10,4,7
unit,5785,11,4,11,4,7
unit,5786,11,4,11,4,7
unit,5787,12,4,12,4,7
unit,5788,11,4,11,4,7
unit,5789,12,4,12,4,7
unit,5790,12,4,12,4,7
unit,5791,13,4,13,4,7
unit,5792,8,3,8,3,7
unit,5793,10,4,10,4,7
unit,5794,10,4,10,4,7
unit,5795,11,4,11,4,7
unit,5796,10,4,10,4,7
unit,5797,11,4,11,4,7
unit,5798,11,4,11,4,7
unit,5799,12,4,12,4,7
unit,5800,10,4,10,4,7
unit,5801,11,4,11,4,7
unit,5802,11,4,11,4,7
unit,5803,12,4,12,4,7
unit,5804,11,4,11,4,7
unit,5805,12,4,12,4,7
unit,5806,12,4,12,4,7
unit,5807,13,4,13,4,7
unit,5808,9,3,9,3,7
unit,5809,11,4,11,4,7
unit,5810,11,4,11,4,7
unit,5811,12,4,12,4,7
unit,5812,11,4,11,4,7
unit,5813,12,4,12,4,7
unit,5814,12,4,12,4,7
unit,5815,13,4,13,4,7
unit,5816,11,4,11,4,7
unit,5817,12,4,12,4,7
unit,5818,12,4,12,4,7
unit,5819,13,4,13,4,7
unit,5820,12,4,12,4,7
unit,5821,13,4,13,4,7
unit,5822,13,4,13,4,7
unit,5823,14,4,14,4,7
unit,5824,8,3,8,3,7
unit,5825,10,4,10,4,7
unit,5826,10,4,10,4,7
unit,5827,11,4,11,4,7
unit,5828,10,4,10,4,7
unit,5829,11,4,11,4,7
unit,5830,11,4,11,4,7
unit,5831,12,4,12,4,7
unit,5832,10,4,10,4,7
unit,5833,11,4,11,4,7
unit,5834,11,4,11,4,7
unit,5835,12,4,12,4,7
unit,5836,11,4,11,4,7
unit,5837,12,4,12,4,7
unit,5838,12,4,12,4,7
unit,5839,13,4,13,4,7
unit,5840,9,3,9,3,7
unit,5841,11,4,11,4,7
unit,5842,11,4,11,4,7
unit,5843,12,4,12,4,7
unit,5844,11,4,11,4,7
unit,5845,12,4,12,4,7
unit,5846,12,4,12,4,7
unit,5847,13,4,13,4,7
unit,5848,11,4,11,4,7
unit,5849,12,4,12,4,7
unit,5850,12,4,12,4,7
unit,5851,13,4,13,4,7
unit,5852,12,4,12,4,7
unit,5853,13,4,13,4,7
unit,5854,13,4,13,4,7
unit,5855,14,4,14,4,7
unit,5856,9,3,9,3,7
unit,5857,11,4,11,4,7
unit,5858,11,4,11,4,7
unit,5859,12,4,12,4,7
unit,5860,11,4,11,4,7
unit,5861,12,4,12,4,7
unit,5862,12,4,12,4,7
unit,5863,13,4,13,4,7
unit,5864,11,4,11,4,7
unit,5865,12,4,12,4,7
unit,5866,12,4,12,4,7
unit,5867,13,4,13,4,7
unit,5868,12,4,12,4,7
unit,5869,13,4,13,4,7
unit,5870,13,4,13,4,7
unit,5871,14,4,14,4,7
unit,5872,10,3,10,3,7
unit,5873,12,4,12,4,7
unit,5874,12,4,12,4,7
unit,5875,13,4,13,4,7
unit,5876,12,4,12,4,7
unit,5877,13,4,13,4,7
unit,5878,13,4,13,4,7
unit,5879,14,4,14,4,7
unit,5880,12,4,12,4,7
unit,5881,13,4,13,4,7
unit,5882,13,4,13,4,7
unit,5883,14,4,14,4,7
unit,5884,13,4,13,4,7
unit,5885,14,4,14,4,7
unit,5886,14,4,14,4,7
unit,5887,15,4,15,4,7
unit,5888,6,2,6,2,9
unit,5889,8,3,8,3,9
unit,5890,8,3,8,3,9
unit,5891,9,3,9,3,9
unit,5892,8,3,8,3,9
unit,5893,9,3,9,3,9
unit,5894,9,3,9,3,9
unit,5895,10,3,10,3,9
unit,5896,8,3,8,3,9
unit,5897,9,3,9,3,9
unit,5898,9,3,9,3,9
unit,5899,10,3,10,3,9
unit,5900,9,3,9,3,9
unit,5901,10,3,10,3,9
unit,5902,10,3,10,3,9
unit,5903,11,3,11,3,9
unit,5904,7,2,7,2,11
unit,5905,8,2,8,2,13
unit,5906,9,3,9,3,11
unit,5907,10,3,10,3,13
unit,5908,9,3,9,3,11
unit,5909,10,3,10,3,13
unit,5910,10,3,10,3,11
unit,5911,11,3,11,3,13
unit,5912,9,3,9,3,11
unit,5913,10,3,10,3,13
unit,5914,10,3,10,3,11
unit,5915,11,3,11,3,13
unit,5916,10,3,10,3,11
unit,5917,11,3,11,3,13
unit,5918,11,3,11,3,11
unit,5919,12,3,12,3,13
unit,5920,8,3,8,3,9
unit,5921,10,4,10,4,9
unit,5922,10,4,10,4,9
unit,5923,11,4,11,4,9
unit,5924,10,4,10,4,9
unit,5925,11,4,11,4,9
unit,5926,11,4,11,4,9
unit,5927,12,4,12,4,9
unit,5928,10,4,10,4,9
unit,5929,11,4,11,4,9
unit,5930,11,4,11,4,9
unit,5931,12,4,12,4,9
unit,5932,11,4,11,4,9
unit,5933,12,4,12,4,9
unit,5934,12,4,12,4,9
unit,5935,13,4,13,4,9
unit,5936,9,3,9,3,11
unit,5937,10,3,10,3,13
unit,5938,11,4,11,4,11
unit,5939,12,4,12,4,13
unit,5940,11,4,11,4,11
unit,5941,12,4,12,4,13
unit,5942,12,4,12,4,11
unit,5943,13,4,13,4,13
unit,5944,11,4,11,4,11
unit,5945,12,4,12,4,13
unit,5946,12,4,12,4,11
unit,5947,13,4,13,4,13
unit,5948,12,4,12,4,11
unit,5949,13,4,13,4,13
unit,5950,13,4,13,4,11
unit,5951,14,4,14,4,13
unit,5952,8,3,8,3,9
unit,5953,10,4,10,4,9
unit,5954,10,4,10,4,9
unit,5955,11,4,11,4,9
unit,5956,10,4,10,4,9
unit,5957,11,4,11,4,9
unit,5958,11,4,11,4,9
unit,5959,12,4,12,4,9
unit,5960,10,4,10,4,9
unit,5961,11,4,11,4,9
unit,5962,11,4,11,4,9
unit,5963,12,4,12,4,9
unit,5964,11,4,11,4,9
unit,5965,12,4,12,4,9
unit,5966,12,4,12,4,9
unit,5967,13,4,13,4,9
unit,5968,9,3,9,3,11
unit,5969,10,3,10,3,13
unit,5970,11,4,11,4,11
unit,5971,12,4,12,4,13
unit,5972,11,4,11,4,11
unit,5973,12,4,12,4,13
unit,5974,12,4,12,4,11
unit,5975,13,4,13,4,13
unit,5976,11,4,11,4,11
unit,5977,12,4,12,4,13
unit,5978,12,4,12,4,11
unit,5979,13,4,13,4,13
unit,5980,12,4,12,4,11
unit,5981,13,4,13,4,13
unit,5982,13,4,13,4,11
unit,5983,14,4,14,4,13
unit,5984,9,3,9,3,9
unit,5985,11,4,11,4,9
unit,5986,11,4,11,4,9
unit,5987,12,4,12,4,9
unit,5988,11,4,11,4,9
unit,5989,12,4,12,4,9
unit,5990,12,4,12,4,9
unit,5991,13,4,13,4,9
unit,5992,11,4,11,4,9
unit,5993,12,4,12,4,9
unit,5994,12,4,12,4,9
unit,5995,13,4,13,4,9
unit,5996,12,4,12,4,9
unit,5997,13,4,13,4,9
unit,5998,13,4,13,4,9
unit,5999,14,4,14,4,9
unit,6000,10,3,10,3,11
unit,6001,11,3,11,3,13
unit,6002,12,4,12,4,11
unit,6003,13,4,13,4,13
unit,6004,12,4,12,4,11
unit,6005,13,4,13,4,13
unit,6006,13,4,13,4,11
unit,6007,14,4,14,4,13
unit,6008,12,4,12,4,11
unit,6009,13,4,13,4,13
unit,6010,13,4,13,4,11
unit,6011,14,4,14,4,13
unit,6012,13,4,13,4,11
unit,6013,14,4,14,4,13
unit,6014,14,4,14,4,11
unit,6015,15,4,15,4,13
unit,6016,8,3,8,3,9
unit,6017,10,4,10,4,9
unit,6018,10,4,10,4,9
unit,6019,11,4,11,4,9
unit,6020,10,4,10,4,9
unit,6021,11,4,11,4,9
unit,6022,11,4,11,4,9
unit,6023,12,4,12,4,9
unit,6024,10,4,10,4,9
unit,6025,11,4,11,4,9
unit,6026,11,4,11,4,9
unit,6027,12,4,12,4,9
unit,6028,11,4,11,4,9
unit,6029,12,4,12,4,9
unit,6030,12,4,12,4,9
unit,6031,13,4,13,4,9
unit,6032,9,3,9,3,11
unit,6033,10,3,10,3,13
unit,6034,11,4,11,4,11
unit,6035,12,4,12,4,13
unit,6036,11,4,11,4,11
unit,6037,12,4,12,4,13
unit,6038,12,4,12,4,11
unit,6039,13,4,13,4,13
unit,6040,11,4,11,4,11
unit,6041,12,4,12,4,13
unit,6042,12,4,12,4,11
unit,6043,13,4,13,4,13
unit,6044,12,4,12,4,11
unit,6045,13,4,13,4,13
unit,6046,13,4,13,4,11
unit,6047,14,4,14,4,13
unit,6048,9,3,9,3,9
unit,6049,11,4,11,4,9
unit,6050,11,4,11,4,9
unit,6051,12,4,12,4,9
unit,6052,11,4,11,4,9
unit,6053,12,4,12,4,9
unit,6054,12,4,12,4,9
unit,6055,13,4,13,4,9
unit,6056,11,4,11,4,9
unit,6057,12,4,12,4,9
unit,6058,12,4,12,4,9
unit,6059,13,4,13,4,9
unit,6060,12,4,12,4,9
unit,6061,13,4,13,4,9
unit,6062,13,4,13,4,9
unit,6063,14,4,14,4,9
unit,6064,10,3,10,3,11
unit,6065,11,3,11,3,13
unit,6066,12,4,12,4,11
unit,6067,13,4,13,4,13
unit,6068,12,4,12,4,11
unit,6069,13,4,13,4,13
unit,6070,13,4,13,4,11
unit,6071,14,4,14,4,13
unit,6072,12,4,12,4,11
unit,6073,13,4,13,4,13
unit,6074,13,4,13,4,11
unit,6075,14,4,14,4,13
unit,6076,13,4,13,4,11
unit,6077,14,4,14,4,13
unit,6078,14,4,14,4,11
unit,6079,15,4,15,4,13
unit,6080,9,3,9,3,9
unit,6081,11,4,11,4,9
unit,6082,11,4,11,4,9
unit,6083,12,4,12,4,9
unit,6084,11,4,11,4,9
unit,6085,12,4,12,4,9
unit,6086,12,4,12,4,9
unit,6087,13,4,13,4,9
unit,6088,11,4,11,4,9
unit,6089,12,4,12,4,9
unit,6090,12,4,12,4,9
unit,6091,13,4,13,4,9
unit,6092,12,4,12,4,9
unit,6093,13,4,13,4,9
unit,6094,13,4,13,4,9
unit,6095,14,4,14,4,9
unit,6096,10,3,10,3,11
unit,6097,11,3,11,3,13
unit,6098,12,4,12,4,11
unit,6099,13,4,13,4,13
unit,6100,12,4,12,4,11
unit,6101,13,4,13,4,13
unit,6102,13,4,13,4,11
unit,6103,14,4,14,4,13
unit,6104,12,4,12,4,11
unit,6105,13,4,13,4,13
unit,6106,13,4,13,4,11
unit,6107,14,4,14,4,13
unit,6108,13,4,13,4,11
unit,6109,14,4,14,4,13
unit,6110,14,4,14,4,11
unit,6111,15,4,15,4,13
unit,6112,10,3,10,3,9
unit,6113,12,4,12,4,9
unit,6114,12,4,12,4,9
unit,6115,13,4,13,4,9
unit,6116,12,4,12,4,9
unit,6117,13,4,13,4,9
unit,6118,13,4,13,4,9
unit,6119,14,4,14,4,9
unit,6120,12,4,12,4,9
unit,6121,13,4,13,4,9
unit,6122,13,4,13,4,9
unit,6123,14,4,14,4,9
unit,6124,13,4,13,4,9
unit,6125,14,4,14,4,9
unit,6126,14,4,14,4,9
unit,6127,15,4,15,4,9
unit,6128,11,3,11,3,11
unit,6129,12,3,12,3,13
unit,6130,13,4,13,4,11
unit,6131,14,4,14,4,13
unit,6132,13,4,13,4,11
unit,6133,14,4,14,4,13
unit,6134,14,4,14,4,11
unit,6135,15,4,15,4,13
unit,6136,13,4,13,4,11
unit,6137,14,4,14,4,13
unit,6138,14,4,14,4,11
unit,6139,15,4,15,4,13
unit,6140,14,4,14,4,11
unit,6141,15,4,15,4,13
unit,6142,15,4,15,4,11
unit,6143,16,4,16,4,13
unit,6144,4,2,4,2,7
unit,6145,6,3,6,3,7
unit,6146,6,3,6,3,7
unit,6147,7,3,7,3,7
unit,6148,6,3,6,3,7
unit,6149,7,3,7,3,7
unit,6150,7,3,7,3,7
unit,6151,8,3,8,3,7
unit,6152,6,3,6,3,7
unit,6153,7,3,7,3,7
unit,6154,7,3,7,3,7
unit,6155,8,3,8,3,7
unit,6156,7,3,7,3,7
unit,6157,8,3,8,3,7
unit,6158,8,3,8,3,7
unit,6159,9,3,9,3,7
unit,6160,6,3,6,3,7
unit,6161,8,4,8,4,7
unit,6162,8,4,8,4,7
unit,6163,9,4,9,4,7
unit,6164,8,4,8,4,7
unit,6165,9,4,9,4,7
unit,6166,9,4,9,4,7
unit,6167,10,4,10,4,7
unit,6168,8,4,8,4,7
unit,6169,9,4,9,4,7
unit,6170,9,4,9,4,7
unit,6171,10,4,10,4,7
unit,6172,9,4,9,4,7
unit,6173,10,4,10,4,7
unit,6174,10,4,10,4,7
unit,6175,11,4,11,4,7
unit,6176,6,3,6,3,7
unit,6177,8,4,8,4,7
unit,6178,8,4,8,4,7
unit,6179,9,4,9,4,7
unit,6180,8,4,8,4,7
unit,6181,9,4,9,4,7
unit,6182,9,4,9,4,7
unit,6183,10,4,10,4,7
unit,6184,8,4,8,4,7
unit,6185,9,4,9,4,7
unit,6186,9,4,9,4,7
unit,6187,10,4,10,4,7
unit,6188,9,4,9,4,7
unit,6189,10,4,10,4,7
unit,6190,10,4,10,4,7
unit,6191,11,4,11,4,7
unit,6192,7,3,7,3,7
unit,6193,9,4,9,4,7
unit,6194,9,4,9,4,7
unit,6195,10,4,10,4,7
unit,6196,9,4,9,4,7
unit,6197,10,4,10,4,7
unit,6198,10,4,10,4,7
unit,6199,11,4,11,4,7
unit,6200,9,4,9,4,7
unit,6201,10,4,10,4,7
unit,6202,10,4,10,4,7
unit,6203,11,4,11,4,7
unit,6204,10,4,10,4,7
unit,6205,11,4,11,4,7
unit,6206,11,4,11,4,7
unit,6207,12,4,12,4,7
unit,6208,6,3,6,3,7
unit,6209,8,4,8,4,7
unit,6210,8,4,8,4,7
unit,6211,9,4,9,4,7
unit,6212,8,4,8,4,7
unit,6213,9,4,9,4,7
unit,6214,9,4,9,4,7
unit,6215,10,4,10,4,7
unit,6216,8,4,8,4,7
unit,6217,9,4,9,4,7
unit,6218,9,4,9,4,7
unit,6219,10,4,10,4,7
unit,6220,9,4,9,4,7
unit,6221,10,4,10,4,7
unit,6222,10,4,10,4,7
unit,6223,11,4,11,4,7
unit,6224,7,3,7,3,7
unit,6225,9,4,9,4,7
unit,6226,9,4,9,4,7
unit,6227,10,4,10,4,7
unit,6228,9,4,9,4,7
unit,6229,10,4,10,4,7
unit,6230,10,4,10,4,7
unit,6231,11,4,11,4,7
unit,6232,9,4,9,4,7
unit,6233,10,4,10,4,7
unit,6234,10,4,10,4,7
unit,6235,11,4,11,4,7
unit,6236,10,4,10,4,7
unit,6237,11,4,11,4,7
unit,6238,11,4,11,4,7
unit,6239,12,4,12,4,7
unit,6240,7,3,7,3,7
unit,6241,9,4,9,4,7
unit,6242,9,4,9,4,7
unit,6243,10,4,10,4,7
unit,6244,9,4,9,4,7
unit,6245,10,4,10,4,7
unit,6246,10,4,10,4,7
unit,6247,11,4,11,4,7
unit,6248,9,4,9,4,7
unit,6249,10,4,10,4,7
unit,6250,10,4,10,4,7
unit,6251,11,4,11,4,7
unit,6252,10,4,10,4,7
unit,6253,11,4,11,4,7
unit,6254,11,4,11,4,7
unit,6255,12,4,12,4,7
unit,6256,8,3,8,3,7
unit,6257,10,4,10,4,7
unit,6258,10,4,10,4,7
unit,6259,11,4,11,4,7
unit,6260,10,4,10,4,7
unit,6261,11,4,11,4,7
unit,6262,11,4,11,4,7
unit,6263,12,4,12,4,7
unit,6264,10,4,10,4,7
unit,6265,11,4,11,4,7
unit,6266,11,4,11,4,7
unit,6267,12,4,12,4,7
unit,6268,11,4,11,4,7
unit,6269,12,4,12,4,7
unit,6270,12,4,12,4,7
unit,6271,13,4,13,4,7
unit,6272,6,3,6,3,7
unit,6273,8,4,8,4,7
unit,6274,8,4,8,4,7
unit,6275,9,4,9,4,7
unit,6276,8,4,8,4,7
unit,6277,9,4,9,4,7
unit,6278,9,4,9,4,7
unit,6279,10,4,10,4,7
unit,6280,8,4,8,4,7
unit,6281,9,4,9,4,7
unit,6282,9,4,9,4,7
unit,6283,10,4,10,4,7
unit,6284,9,4,9,4,7
unit,6285,10,4,10,4,7
unit,6286,10,4,10,4,7
unit,6287,11,4,11,4,7
unit,6288,7,3,7,3,7
unit,6289,9,4,9,4,7
unit,6290,9,4,9,4,7
unit,6291,10,4,10,4,7
unit,6292,9,4,9,4,7
unit,6293,10,4,10,4,7
unit,6294,10,4,10,4,7
unit,6295,11,4,11,4,7
unit,6296,9,4,9,4,7
unit,6297,10,4,10,4,7
unit,6298,10,4,10,4,7
unit,6299,11,4,11,4,7
unit,6300,10,4,10,4,7
unit,6301,11,4,11,4,7
unit,6302,11,4,11,4,7
unit,6303,12,4,12,4,7
unit,6304,7,3,7,3,7
unit,6305,9,4,9,4,7
unit,6306,9,4,9,4,7
unit,6307,10,4,10,4,7
unit,6308,9,4,9,4,7
unit,6309,10,4,10,4,7
unit,6310,10,4,10,4,7
unit,6311,11,4,11,4,7
unit,6312,9,4,9,4,7
unit,6313,10,4,10,4,7
unit,6314,10,4,10,4,7
unit,6315,11,4,11,4,7
unit,6316,10,4,10,4,7
unit,6317,11,4,11,4,7
unit,6318,11,4,11,4,7
unit,6319,12,4,12,4,7
unit,6320,8,3,8,3,7
unit,6321,10,4,10,4,7
unit,6322,10,4,10,4,7
unit,6323,11,4,11,4,7
unit,6324,10,4,10,4,7
unit,6325,11,4,11,4,7
unit,6326,11,4,11,4,7
unit,6327,12,4,12,4,7
unit,6328,10,4,10,4,7
unit,6329,11,4,11,4,7
unit,6330,11,4,11,4,7
unit,6331,12,4,12,4,7
unit,6332,11,4,11,4,7
unit,6333,12,4,12,4,7
unit,6334,12,4,12,4,7
unit,6335,13,4,13,4,7
unit,6336,7,3,7,3,7
unit,6337,9,4,9,4,7
unit,6338,9,4,9,4,7
unit,6339,10,4,10,4,7
unit,6340,9,4,9,4,7
unit,6341,10,4,10,4,7
unit,6342,10,4,10,4,7
unit,6343,11,4,11,4,7
unit,6344,9,4,9,4,7
unit,6345,10,4,10,4,7
unit,6346,10,4,10,4,7
unit,6347,11,4,11,4,7
unit,6348,10,4,10,4,7
unit,6349,11,4,11,4,7
unit,6350,11,4,11,4,7
unit,6351,12,4,12,4,7
unit,6352,8,3,8,3,7
unit,6353,10,4,10,4,7
unit,6354,10,4,10,4,7
unit,6355,11,4,11,4,7
unit,6356,10,4,10,4,7
unit,6357,11,4,11,4,7
unit,6358,11,4,11,4,7
unit,6359,12,4,12,4,7
unit,6360,10,4,10,4,7
unit,6361,11,4,11,4,7
unit,6362,11,4,11,4,7
unit,6363,12,4,12,4,7
unit,6364,11,4,11,4,7
unit,6365,12,4,12,4,7
unit,6366,12,4,12,4,7
unit,6367,13,4,13,4,7
unit,6368,8,3,8,3,7
unit,6369,10,4,10,4,7
unit,6370,10,4,10,4,7
unit,6371,11,4,11,4,7
unit,6372,10,4,10,4,7
unit,6373,11,4,11,4,7
unit,6374,11,4,11,4,7
unit,6375,12,4,12,4,7
unit,6376,10,4,10,4,7
unit,6377,11,4,11,4,7
unit,6378,11,4,11,4,7
unit,6379,12,4,12,4,7
unit,6380,11,4,11,4,7
unit,6381,12,4,12,4,7
unit,6382,12,4,12,4,7
unit,6383,13,4,13,4,7
unit,6384,9,3,9,3,7
unit,6385,11,4,11,4,7
unit,6386,11,4,11,4,7
unit,6387,12,4,12,4,7
unit,6388,11,4,11,4,7
unit,6389,12,4,12,4,7
unit,6390,12,4,12,4,7
unit,6391,13,4,13,4,7
unit,6392,11,4,11,4,7
unit,6393,12,4,12,4,7
unit,6394,12,4,12,4,7
unit,6395,13,4,13,4,7
unit,6396,12,4,12,4,7
unit,6397,13,4,13,4,7
unit,6398,13,4,13,4,7
unit,6399,14,4,14,4,7
unit,6400,5,2,5,2,9
unit,6401,7,3,7,3,9
unit,6402,7,3,7,3,9
unit,6403,8,3,8,3,9
unit,6404,7,3,7,3,9
unit,6405,8,3,8,3,9
unit,6406,8,3,8,3,9
unit,6407,9,3,9,3,9
unit,6408,7,3,7,3,9
unit,6409,8,3,8,3,9
unit,6410,8,3,8,3,9
unit,6411,9,3,9,3,9
unit,6412,8,3,8,3,9
unit,6413,9,3,9,3,9
unit,6414,9,3,9,3,9
unit,6415,10,3,10,3,9
unit,6416,6,2,6,2,11
unit,6417,7,2,7,2,13
unit,6418,8,3,8,3,11
unit,6419,9,3,9,3,13
unit,6420,8,3,8,3,11
unit,6421,9,3,9,3,13
unit,6422,9,3,9,3,11
unit,6423,10,3,10,3,13
unit,6424,8,3,8,3,11
unit,6425,9,3,9,3,13
unit,6426,9,3,9,3,11
unit,6427,10,3,10,3,13
unit,6428,9,3,9,3,11
unit,6429,10,3,10,3,13
unit,6430,10,3,10,3,11
unit,6431,11,3,11,3,13
unit,6432,7,3,7,3,9
unit,6433,9,4,9,4,9
unit,6434,9,4,9,4,9
unit,6435,10,4,10,4,9
unit,6436,9,4,9,4,9
unit,6437,10,4,10,4,9
unit,6438,10,4,10,4,9
unit,6439,11,4,11,4,9
unit,6440,9,4,9,4,9
unit,6441,10,4,10,4,9
unit,6442,10,4,10,4,9
unit,6443,11,4,11,4,9
unit,6444,10,4,10,4,9
unit,6445,11,4,11,4,9
unit,6446,11,4,11,4,9
unit,6447,12,4,12,4,9
unit,6448,8,3,8,3,11
unit,6449,9,3,9,3,13
unit,6450,10,4,10,4,11
unit,6451,11,4,11,4,13
unit,6452,10,4,10,4,11
unit,6453,11,4,11,4,13
unit,6454,11,4,11,4,11
unit,6455,12,4,12,4,13
unit,6456,10,4,10,4,11
unit,6457,11,4,11,4,13
unit,6458,11,4,11,4,11
unit,6459,12,4,12,4,13
unit,6460,11,4,11,4,11
unit,6461,12,4,12,4,13
unit,6462,12,4,12,4,11
unit,6463,13,4,13,4,13
unit,6464,7,3,7,3,9
unit,6465,9,4,9,4,9
unit,6466,9,4,9,4,9
unit,6467,10,4,10,4,9
unit,6468,9,4,9,4,9
unit,6469,10,4,10,4,9
unit,6470,10,4,10,4,9
unit,6471,11,4,11,4,9
unit,6472,9,4,9,4,9
unit,6473,10,4,10,4,9
unit,6474,10,4,10,4,9
unit,6475,11,4,11,4,9
unit,6476,10,4,10,4,9
unit,6477,11,4,11,4,9
unit,6478,11,4,11,4,9
unit,6479,12,4,12,4,9
unit,6480,8,3,8,3,11
unit,6481,9,3,9,3,13
unit,6482,10,4,10,4,11
unit,6483,11,4,11,4,13
unit,6484,10,4,10,4,11
unit,6485,11,4,11,4,13
unit,6486,11,4,11,4,11
unit,6487,12,4,12,4,13
unit,6488,10,4,10,4,11
unit,6489,11,4,11,4,13
unit,6490,11,4,11,4,11
unit,6491,12,4,12,4,13
unit,6492,11,4,11,4,11
unit,6493,12,4,12,4,13
unit,6494,12,4,12,4,11
unit,6495,13,4,13,4,13
unit,6496,8,3,8,3,9
unit,6497,10,4,10,4,9
unit,6498,10,4,10,4,9
unit,6499,11,4,11,4,9
unit,6500,10,4,10,4,9
unit,6501,11,4,11,4,9
unit,6502,11,4,11,4,9
unit,6503,12,4,12,4,9
unit,6504,10,4,10,4,9
unit,6505,11,4,11,4,9
unit,6506,11,4,11,4,9
unit,6507,12,4,12,4,9
unit,6508,11,4,11,4,9
unit,6509,12,4,12,4,9
unit,6510,12,4,12,4,9
unit,6511,13,4,13,4,9
unit,6512,9,3,9,3,11
unit,6513,10,3,10,3,13
unit,6514,11,4,11,4,11
unit,6515,12,4,12,4,13
unit,6516,11,4,11,4,11
unit,6517,12,4,12,4,13
unit,6518,12,4,12,4,11
unit,6519,13,4,13,4,13
unit,6520,11,4,11,4,11
unit,6521,12,4,12,4,13
unit,6522,12,4,12,4,11
unit,6523,13,4,13,4,13
unit,6524,12,4,12,4,11
unit,6525,13,4,13,4,13
unit,6526,13,4,13,4,11
unit,6527,14,4,14,4,13
unit,6528,7,3,7,3,9
unit,6529,9,4,9,4,9
unit,6530,9,4,9,4,9
unit,6531,10,4,10,4,9
unit,6532,9,4,9,4,9
unit,6533,10,4,10,4,9
unit,6534,10,4,10,4,9
unit,6535,11,4,11,4,9
unit,6536,9,4,9,4,9
unit,6537,10,4,10,4,9
unit,6538,10,4,10,4,9
unit,6539,11,4,11,4,9
unit,6540,10,4,10,4,9
unit,6541,11,4,11,4,9
unit,6542,11,4,11,4,9
unit,6543,12,4,12,4,9
unit,6544,8,3,8,3,11
unit,6545,9,3,9,3,13
unit,6546,10,4,10,4,11
unit,6547,11,4,11,4,13
unit,6548,10,4,10,4,11
unit,6549,11,4,11,4,13
unit,6550,11,4,11,4,11
unit,6551,12,4,12,4,13
unit,6552,10,4,10,4,11
unit,6553,11,4,11,4,13
unit,6554,11,4,11,4,11
unit,6555,12,4,12,4,13
unit,6556,11,4,11,4,11
unit,6557,12,4,12,4,13
unit,6558,12,4,12,4,11
unit,6559,13,4,13,4,13
unit,6560,8,3,8,3,9
unit,6561,10,4,10,4,9
unit,6562,10,4,10,4,9
unit,6563,11,4,11,4,9
unit,6564,10,4,10,4,9
unit,6565,11,4,11,4,9
unit,6566,11,4,11,4,9
unit,6567,12,4,12,4,9
unit,6568,10,4,10,4,9
unit,6569,11,4,11,4,9
unit,6570,11,4,11,4,9
unit,6571,12,4,12,4,9
unit,6572,11,4,11,4,9
unit,6573,12,4,12,4,9
unit,6574,12,4,12,4,9
unit,6575,13,4,13,4,9
unit,6576,9,3,9,3,11
unit,6577,10,3,10,3,13
unit,6578,11,4,11,4,11
unit,6579,12,4,12,4,13
unit,6580,11,4,11,4,11
unit,6581,12,4,12,4,13
unit,6582,12,4,12,4,11
unit,6583,13,4,13,4,13
unit,6584,11,4,11,4,11
unit,6585,12,4,12,4,13
unit,6586,12,4,12,4,11
unit,6587,13,4,13,4,13
unit,6588,12,4,12,4,11
unit,6589,13,4,13,4,13
unit,6590,13,4,13,4,11
unit,6591,14,4,14,4,13
unit,6592,8,3,8,3,9
unit,6593,10,4,10,4,9
unit,6594,10,4,10,4,9
unit,6595,11,4,11,4,9
unit,6596,10,4,10,4,9
unit,6597,11,4,11,4,9
unit,6598,11,4,11,4,9
unit,6599,12,4,12,4,9
unit,6600,10,4,10,4,9
unit,6601,11,4,11,4,9
unit,6602,11,4,11,4,9
unit,6603,12,4,12,4,9
unit,6604,11,4,11,4,9
unit,6605,12,4,12,4,9
unit,6606,12,4,12,4,9
unit,6607,13,4,13,4,9
unit,6608,9,3,9,3,11
unit,6609,10,3,10,3,13
unit,6610,11,4,11,4,11
unit,6611,12,4,12,4,13
unit,6612,11,4,11,4,11
unit,6613,12,4,12,4,13
unit,6614,12,4,12,4,11
unit,6615,13,4,13,4,13
unit,6616,11,4,11,4,11
unit,6617,12,4,12,4,13
unit,6618,12,4,12,4,11
unit,6619,13,4,13,4,13
unit,6620,12,4,12,4,11
unit,6621,13,4,13,4,13
unit,6622,13,4,13,4,11
unit,6623,14,4,14,4,13
unit,6624,9,3,9,3,9
unit,6625,11,4,11,4,9
unit,6626,11,4,11,4,9
unit,6627,12,4,12,4,9
unit,6628,11,4,11,4,9
unit,6629,12,4,12,4,9
unit,6630,12,4,12,4,9
unit,6631,13,4,13,4,9
unit,6632,11,4,11,4,9
unit,6633,12,4,12,4,9
unit,6634,12,4,12,4,9
unit,6635,13,4,13,4,9
unit,6636,12,4,12,4,9
unit,6637,13,4,13,4,9
unit,6638,13,4,13,4,9
unit,6639,14,4,14,4,9
unit,6640,10,3,10,3,11
unit,6641,11,3,11,3,13
unit,6642,12,4,12,4,11
unit,6643,13,4,13,4,13
unit,6644,12,4,12,4,11
unit,6645,13,4,13,4,13
unit,6646,13,4,13,4,11
unit,6647,14,4,14,4,13
unit,6648,12,4,12,4,11
unit,6649,13,4,13,4,13
unit,6650,13,4,13,4,11
unit,6651,14,4,14,4,13
unit,6652,13,4,13,4,11
unit,6653,14,4,14,4,13
unit,6654,14,4,14,4,11
unit,6655,15,4,15,4,13
unit,6656,5,2,5,2,7
unit,6657,7,3,7,3,7
unit,6658,7,3,7,3,7
unit,6659,8,3,8,3,7
unit,6660,7,3,7,3,7
unit,6661,8,3,8,3,7
unit,6662,8,3,8,3,7
unit,6663,9,3,9,3,7
unit,6664,7,3,7,3,7
unit,6665,8,3,8,3,7
unit,6666,8,3,8,3,7
unit,6667,9,3,9,3,7
unit,6668,8,3,8,3,7
unit,6669,9,3,9,3,7
unit,6670,9,3,9,3,7
unit,6671,10,3,10,3,7
unit,6672,7,3,7,3,7
unit,6673,9,4,9,4,7
unit,6674,9,4,9,4,7
unit,6675,10,4,10,4,7
unit,6676,9,4,9,4,7
unit,6677,10,4,10,4,7
unit,6678,10,4,10,4,7
unit,6679,11,4,11,4,7
unit,6680,9,4,9,4,7
unit,6681,10,4,10,4,7
unit,6682,10,4,10,4,7
unit,6683,11,4,11,4,7
unit,6684,10,4,10,4,7
unit,6685,11,4,11,4,7
unit,6686,11,4,11,4,7
unit,6687,12,4,12,4,7
unit,6688,7,3,7,3,7
unit,6689,9,4,9,4,7
unit,6690,9,4,9,4,7
unit,6691,10,4,10,4,7
unit,6692,9,4,9,4,7
unit,6693,10,4,10,4,7
unit,6694,10,4,10,4,7
unit,6695,11,4,11,4,7
unit,6696,9,4,9,4,7
unit,6697,10,4,10,4,7
unit,6698,10,4,10,4,7
unit,6699,11,4,11,4,7
unit,6700,10,4,10,4,7
unit,6701,11,4,11,4,7
unit,6702,11,4,11,4,7
unit,6703,12,4,12,4,7
unit,6704,8,3,8,3,7
unit,6705,10,4,10,4,7
unit,6706,10,4,10,4,7
unit,6707,11,4,11,4,7
unit,6708,10,4,10,4,7
unit,6709,11,4,11,4,7
unit,6710,11,4,11,4,7
unit,6711,12,4,12,4,7
unit,6712,10,4,10,4,7
unit,6713,11,4,11,4,7
unit,6714,11,4,11,4,7
unit,6715,12,4,12,4,7
unit,6716,11,4,11,4,7
unit,6717,12,4,12,4,7
unit,6718,12,4,12,4,7
unit,6719,13,4,13,4,7
unit,6720,7,3,7,3,7
unit,6721,9,4,9,4,7
unit,6722,9,4,9,4,7
unit,6723,10,4,10,4,7
unit,6724,9,4,9,4,7
unit,6725,10,4,10,4,7
unit,6726,10,4,10,4,7
unit,6727,11,4,11,4,7
unit,6728,9,4,9,4,7
unit,6729,10,4,10,4,7
unit,6730,10,4,10,4,7
unit,6731,11,4,11,4,7
unit,6732,10,4,10,4,7
unit,6733,11,4,11,4,7
unit,6734,11,4,11,4,7
unit,6735,12,4,12,4,7
unit,6736,8,3,8,3,7
unit,6737,10,4,10,4,7
unit,6738,10,4,10,4,7
unit,6739,11,4,11,4,7
unit,6740,10,4,10,4,7
unit,6741,11,4,11,4,7
unit,6742,11,4,11,4,7
unit,6743,12,4,12,4,7
unit,6744,10,4,10,4,7
unit,6745,11,4,11,4,7
unit,6746,11,4,11,4,7
unit,6747,12,4,12,4,7
unit,6748,11,4,11,4,7
unit,6749,12,4,12,4,7
unit,6750,12,4,12,4,7
unit,6751,13,4,13,4,7
unit,6752,8,3,8,3,7
unit,6753,10,4,10,4,7
unit,6754,10,4,10,4,7
unit,6755,11,4,11,4,7
unit,6756,10,4,10,4,7
unit,6757,11,4,11,4,7
unit,6758,11,4,11,4,7
unit,6759,12,4,12,4,7
unit,6760,10,4,10,4,7
unit,6761,11,4,11,4,7
unit,6762,11,4,11,4,7
unit,6763,12,4,12,4,7
unit,6764,11,4,11,4,7
unit,6765,12,4,12,4,7
unit,6766,12,4,12,4,7
unit,6767,13,4,13,4,7
unit,6768,9,3,9,3,7
unit,6769,11,4,11,4,7
unit,6770,11,4,11,4,7
unit,6771,12,4,12,4,7
unit,6772,11,4,11,4,7
unit,6773,12,4,12,4,7
unit,6774,12,4,12,4,7
unit,6775,13,4,13,4,7
unit,6776,11,4,11,4,7
unit,6777,12,4,12,4,7
unit,6778,12,4,12,4,7
unit,6779,13,4,13,4,7
unit,6780,12,4,12,4,7
unit,6781,13,4,13,4,7
unit,6782,13,4,13,4,7
unit,6783,14,4,14,4,7
unit,6784,7,3,7,3,7
unit,6785,9,4,9,4,7
unit,6786,9,4,9,4,7
unit,6787,10,4,10,4,7
unit,6788,9,4,9,4,7
unit,6789,10,4,10,4,7
unit,6790,10,4,10,4,7
unit,6791,11,4,11,4,7
unit,6792,9,4,9,4,7
unit,6793,10,4,10,4,7
unit,6794,10,4,10,4,7
unit,6795,11,4,11,4,7
unit,6796,10,4,10,4,7
unit,6797,11,4,11,4,7
unit,6798,11,4,11,4,7
unit,6799,12,4,12,4,7
unit,6800,8,3,8,3,7
unit,6801,10,4,10,4,7
unit,6802,10,4,10,4,7
unit,6803,11,4,11,4,7
unit,6804,10,4,10,4,7
unit,6805,11,4,11,4,7
unit,6806,11,4,11,4,7
unit,6807,12,4,12,4,7
unit,6808,10,4,10,4,7
unit,6809,11,4,11,4,7
unit,6810,11,4,11,4,7
unit,6811,12,4,12,4,7
unit,6812,11,4,11,4,7
unit,6813,12,4,12,4,7
unit,6814,12,4,12,4,7
unit,6815,13,4,13,4,7
unit,6816,8,3,8,3,7
unit,6817,10,4,10,4,7
unit,6818,10,4,10,4,7
unit,6819,11,4,11,4,7
unit,6820,10,4,10,4,7
unit,6821,11,4,11,4,7
unit,6822,11,4,11,4,7
unit,6823,12,4,12,4,7
unit,6824,10,4,10,4,7
unit,6825,11,4,11,4,7
unit,6826,11,4,11,4,7
unit,6827,12,4,12,4,7
unit,6828,11,4,11,4,7
unit,6829,12,4,12,4,7
unit,6830,12,4,12,4,7
unit,6831,13,4,13,4,7
unit,6832,9,3,9,3,7
unit,6833,11,4,11,4,7
unit,6834,11,4,11,4,7
unit,6835,12,4,12,4,7
unit,6836,11,4,11,4,7
unit,6837,12,4,12,4,7
unit,6838,12,4,12,4,7
unit,6839,13,4,13,4,7
unit,6840,11,4,11,4,7
unit,6841,12,4,12,4,7
unit,6842,12,4,12,4,7
unit,6843,13,4,13,4,7
unit,6844,12,4,12,4,7
unit,6845,13,4,13,4,7
unit,6846,13,4,13,4,7
unit,6847,14,4,14,4,7
unit,6848,8,3,8,3,7
unit,6849,10,4,10,4,7
unit,6850,10,4,10,4,7
unit,6851,11,4,11,4,7
unit,6852,10,4,10,4,7
unit,6853,11,4,11,4,7
unit,6854,11,4,11,4,7
unit,6855,12,4,12,4,7
unit,6856,10,4,10,4,7
unit,6857,11,4,11,4,7
unit,6858,11,4,11,4,7
unit,6859,12,4,12,4,7
unit,6860,11,4,11,4,7
unit,6861,12,4,12,4,7
unit,6862,12,4,12,4,7
unit,6863,13,4,13,4,7
unit,6864,9,3,9,3,7
unit,6865,11,4,11,4,7
unit,6866,11,4,11,4,7
unit,6867,12,4,12,4,7
unit,6868,11,4,11,4,7
unit,6869,12,4,12,4,7
unit,6870,12,4,12,4,7
unit,6871,13,4,13,4,7
unit,6872,11,4,11,4,7
unit,6873,12,4,12,4,7
unit,6874,12,4,12,4,7
unit,6875,13,4,13,4,7
unit,6876,12,4,12,4,7
unit,6877,13,4,13,4,7
unit,6878,13,4,13,4,7
unit,6879,14,4,14,4,7
unit,6880,9,3,9,3,7
unit,6881,11,4,11,4,7
unit,6882,11,4,11,4,7
unit,6883,12,4,12,4,7
unit,6884,11,4,11,4,7
unit,6885,12,4,12,4,7
unit,6886,12,4,12,4,7
unit,6887,13,4,13,4,7
unit,6888,11,4,11,4,7
unit,6889,12,4,12,4,7
unit,6890,12,4,12,4,7
unit,6891,13,4,13,4,7
unit,6892,12,4,12,4,7
unit,6893,13,4,13,4,7
unit,6894,13,4,13,4,7
unit,6895,14,4,14,4,7
unit,6896,10,3,10,3,7
unit,6897,12,4,12,4,7
unit,6898,12,4,12,4,7
unit,6899,13,4,13,4,7
unit,6900,12,4,12,4,7
unit,6901,13,4,13,4,7
unit,6902,13,4,13,4,7
unit,6903,14,4,14,4,7
unit,6904,12,4,12,4,7
unit,6905,13,4,13,4,7
unit,6906,13,4,13,4,7
unit,6907,14,4,14,4,7
unit,6908,13,4,13,4,7
unit,6909,14,4,14,4,7
unit,6910,14,4,14,4,7
unit,6911,15,4,15,4,7
unit,6912,6,2,6,2,9
unit,6913,8,3,8,3,9
unit,6914,8,3,8,3,9
unit,6915,9,3,9,3,9
unit,6916,8,3,8,3,9
unit,6917,9,3,9,3,9
unit,6918,9,3,9,3,9
unit,6919,10,3,10,3,9
unit,6920,8,3,8,3,9
unit,6921,9,3,9,3,9
unit,6922,9,3,9,3,9
unit,6923,10,3,10,3,9
unit,6924,9,3,9,3,9
unit,6925,10,3,10,3,9
unit,6926,10,3,10,3,9
unit,6927,11,3,11,3,9
unit,6928,7,2,7,2,11
unit,6929,8,2,8,2,13
unit,6930,9,3,9,3,11
unit,6931,10,3,10,3,13
unit,6932,9,3,9,3,11
unit,6933,10,3,10,3,13
unit,6934,10,3,10,3,11
unit,6935,11,3,11,3,13
unit,6936,9,3,9,3,11
unit,6937,10,3,10,3,13
unit,6938,10,3,10,3,11
unit,6939,11,3,11,3,13
unit,6940,10,3,10,3,11
unit,6941,11,3,11,3,13
unit,6942,11,3,11,3,11
unit,6943,12,3,12,3,13
unit,6944,8,3,8,3,9
unit,6945,10,4,10,4,9
unit,6946,10,4,10,4,9
unit,6947,11,4,11,4,9
unit,6948,10,4,10,4,9
unit,6949,11,4,11,4,9
unit,6950,11,4,11,4,9
unit,6951,12,4,12,4,9
unit,6952,10,4,10,4,9
unit,6953,11,4,11,4,9
unit,6954,11,4,11,4,9
unit,6955,12,4,12,4,9
unit,6956,11,4,11,4,9
unit,6957,12,4,12,4,9
unit,6958,12,4,12,4,9
unit,6959,13,4,13,4,9
unit,6960,9,3,9,3,11
unit,6961,10,3,10,3,13
unit,6962,11,4,11,4,11
unit,6963,12,4,12,4,13
unit,6964,11,4,11,4,11
unit,6965,12,4,12,4,13
unit,6966,12,4,12,4,11
unit,6967,13,4,13,4,13
unit,6968,11,4,11,4,11
unit,6969,12,4,12,4,13
unit,6970,12,4,12,4,11
unit,6971,13,4,13,4,13
unit,6972,12,4,12,4,11
unit,6973,13,4,13,4,13
unit,6974,13,4,13,4,11
unit,6975,14,4,14,4,13
unit,6976,8,3,8,3,9
unit,6977,10,4,10,4,9
unit,6978,10,4,10,4,9
unit,6979,11,4,11,4,9
unit,6980,10,4,10,4,9
unit,6981,11,4,11,4,9
unit,6982,11,4,11,4,9
unit,6983,12,4,12,4,9
unit,6984,10,4,10,4,9
unit,6985,11,4,11,4,9
unit,6986,11,4,11,4,9
unit,6987,12,4,12,4,9
unit,6988,11,4,11,4,9
unit,6989,12,4,12,4,9
unit,6990,12,4,12,4,9
unit,6991,13,4,13,4,9
unit,6992,9,3,9,3,11
unit,6993,10,3,10,3,13
unit,6994,11,4,11,4,11
unit,6995,12,4,12,4,13
unit,6996,11,4,11,4,11
unit,6997,12,4,12,4,13
unit,6998,12,4,12,4,11
unit,6999,13,4,13,4,13
unit,7000,11,4,11,4,11
unit,7001,12,4,12,4,13
unit,7002,12,4,12,4,11
unit,7003,13,4,13,4,13
unit,7004,12,4,12,4,11
unit,7005,13,4,13,4,13
unit,7006,13,4,13,4,11
unit,7007,14,4,14,4,13
unit,7008,9,3,9,3,9
unit,7009,11,4,11,4,9
unit,7010,11,4,11,4,9
unit,7011,12,4,12,4,9
unit,7012,11,4,11,4,9
unit,7013,12,4,12,4,9
unit,7014,12,4,12,4,9
unit,7015,13,4,13,4,9
unit,7016,11,4,11,4,9
unit,7017,12,4,12,4,9
unit,7018,12,4,12,4,9
unit,7019,13,4,13,4,9
unit,7020,12,4,12,4,9
unit,7021,13,4,13,4,9
unit,7022,13,4,13,4,9
unit,7023,14,4,14,4,9
unit,7024,10,3,10,3,11
unit,7025,11,3,11,3,13
unit,7026,12,4,12,4,11
unit,7027,13,4,13,4,13
unit,7028,12,4,12,4,11
unit,7029,13,4,13,4,13
unit,7030,13,4,13,4,11
unit,7031,14,4,14,4,13
unit,7032,12,4,12,4,11
unit,7033,13,4,13,4,13
unit,7034,13,4,13,4,11
unit,7035,14,4,14,4,13
unit,7036,13,4,13,4,11
unit,7037,14,4,14,4,13
unit,7038,14,4,14,4,11
unit,7039,15,4,15,4,13
unit,7040,8,3,8,3,9
unit,7041,10,4,10,4,9
unit,7042,10,4,10,4,9
unit,7043,11,4,11,4,9
unit,7044,10,4,10,4,9
unit,7045,11,4,11,4,9
unit,7046,11,4,11,4,9
unit,7047,12,4,12,4,9
unit,7048,10,4,10,4,9
unit,7049,11,4,11,4,9
unit,7050,11,4,11,4,9
unit,7051,12,4,12,4,9
unit,7052,11,4,11,4,9
unit,7053,12,4,12,4,9
unit,7054,12,4,12,4,9
unit,7055,13,4,13,4,9
unit,7056,9,3,9,3,11
unit,7057,10,3,10,3,13
unit,7058,11,4,11,4,11
unit,7059,12,4,12,4,13
unit,7060,11,4,11,4,11
unit,7061,12,4,12,4,13
unit,7062,12,4,12,4,11
unit,7063,13,4,13,4,13
unit,7064,11,4,11,4,11
unit,7065,12,4,12,4,13
unit,7066,12,4,12,4,11
unit,7067,13,4,13,4,13
unit,7068,12,4,12,4,11
unit,7069,13,4,13,4,13
unit,7070,13,4,13,4,11
unit,7071,14,4,14,4,13
unit,7072,9,3,9,3,9
unit,7073,11,4,11,4,9
unit,7074,11,4,11,4,9
unit,7075,12,4,12,4,9
unit,7076,11,4,11,4,9
unit,7077,12,4,12,4,9
unit,7078,12,4,12,4,9
unit,7079,13,4,13,4,9
unit,7080,11,4,11,4,9
unit,7081,12,4,12,4,9
unit,7082,12,4,12,4,9
unit,7083,13,4,13,4,9
unit,7084,12,4,12,4,9
unit,7085,13,4,13,4,9
unit,7086,13,4,13,4,9
unit,7087,14,4,14,4,9
unit,7088,10,3,10,3,11
unit,7089,11,3,11,3,13
unit,7090,12,4,12,4,11
unit,7091,13,4,13,4,13
unit,7092,12,4,12,4,11
unit,7093,13,4,13,4,13
unit,7094,13,4,13,4,11
unit,7095,14,4,14,4,13
unit,7096,12,4,12,4,11
unit,7097,13,4,13,4,13
unit,7098,13,4,13,4,11
unit,7099,14,4,14,4,13
unit,7100,13,4,13,4,11
unit,7101,14,4,14,4,13
unit,7102,14,4,14,4,11
unit,7103,15,4,15,4,13
unit,7104,9,3,9,3,9
unit,7105,11,4,11,4,9
unit,7106,11,4,11,4,9
unit,7107,12,4,12,4,9
unit,7108,11,4,11,4,9
unit,7109,12,4,12,4,9
unit,7110,12,4,12,4,9
unit,7111,13,4,13,4,9
unit,7112,11,4,11,4,9
unit,7113,12,4,12,4,9
unit,7114,12,4,12,4,9
unit,7115,13,4,13,4,9
unit,7116,12,4,12,4,9
unit,7117,13,4,13,4,9
unit,7118,13,4,13,4,9
unit,7119,14,4,14,4,9
unit,7120,10,3,10,3,11
unit,7121,11,3,11,3,13
unit,7122,12,4,12,4,11
unit,7123,13,4,13,4,13
unit,7124,12,4,12,4,11
unit,7125,13,4,13,4,13
unit,7126,13,4,13,4,11
unit,7127,14,4,14,4,13
unit,7128,12,4,12,4,11
unit,7129,13,4,13,4,13
unit,7130,13,4,13,4,11
unit,7131,14,4,14,4,13
unit,7132,13,4,13,4,11
unit,7133,14,4,14,4,13
unit,7134,14,4,14,4,11
unit,7135,15,4,15,4,13
unit,7136,10,3,10,3,9
unit,7137,12,4,12,4,9
unit,7138,12,4,12,4,9
unit,7139,13,4,13,4,9
unit,7140,12,4,12,4,9
unit,7141,13,4,13,4,9
unit,7142,13,4,13,4,9
unit,7143,14,4,14,4,9
unit,7144,12,4,12,4,9
unit,7145,13,4,13,4,9
unit,7146,13,4,13,4,9
unit,7147,14,4,14,4,9
unit,7148,13,4,13,4,9
unit,7149,14,4,14,4,9
unit,7150,14,4,14,4,9
unit,7151,15,4,15,4,9
unit,7152,11,3,11,3,11
unit,7153,12,3,12,3,13
unit,7154,13,4,13,4,11
unit,7155,14,4,14,4,13
unit,7156,13,4,13,4,11
unit,7157,14,4,14,4,13
unit,7158,14,4,14,4,11
unit,7159,15,4,15,4,13
unit,7160,13,4,13,4,11
unit,7161,14,4,14,4,13
unit,7162,14,4,14,4,11
unit,7163,15,4,15,4,13
unit,7164,14,4,14,4,11
unit,7165,15,4,15,4,13
unit,7166,15,4,15,4,11
unit,7167,16,4,16,4,13
unit,7168,5,2,5,2,7
unit,7169,7,3,7,3,7
unit,7170,7,3,7,3,7
unit,7171,8,3,8,3,7
unit,7172,7,3,7,3,7
unit,7173,8,3,8,3,7
unit,7174,8,3,8,3,7
unit,7175,9,3,9,3,7
unit,7176,7,3,7,3,7
unit,7177,8,3,8,3,7
unit,7178,8,3,8,3,7
unit,7179,9,3,9,3,7
unit,7180,8,3,8,3,7
unit,7181,9,3,9,3,7
unit,7182,9,3,9,3,7
unit,7183,10,3,10,3,7
unit,7184,7,3,7,3,7
unit,7185,9,4,9,4,7
unit,7186,9,4,9,4,7
unit,7187,10,4,10,4,7
unit,7188,9,4,9,4,7
unit,7189,10,4,10,4,7
unit,7190,10,4,10,4,7
unit,7191,11,4,11,4,7
unit,7192,9,4,9,4,7
unit,7193,10,4,10,4,7
unit,7194,10,4,10,4,7
unit,7195,11,4,11,4,7
unit,7196,10,4,10,4,7
unit,7197,11,4,11,4,7
unit,7198,11,4,11,4,7
unit,7199,12,4,12,4,7
unit,7200,7,3,7,3,7
unit,7201,9,4,9,4,7
unit,7202,9,4,9,4,7
unit,7203,10,4,10,4,7
unit,7204,9,4,9,4,7
unit,7205,10,4,10,4,7
unit,7206,10,4,10,4,7
unit,7207,11,4,11,4,7
unit,7208,9,4,9,4,7
unit,7209,10,4,10,4,7
unit,7210,10,4,10,4,7
unit,7211,11,4,11,4,7
unit,7212,10,4,10,4,7
unit,7213,11,4,11,4,7
unit,7214,11,4,11,4,7
unit,7215,12,4,12,4,7
unit,7216,8,3,8,3,7
unit,7217,10,4,10,4,7
unit,7218,10,4,10,4,7
unit,7219,11,4,11,4,7
unit,7220,10,4,10,4,7
unit,7221,11,4,11,4,7
unit,7222,11,4,11,4,7
unit,7223,12,4,12,4,7
unit,7224,10,4,10,4,7
unit,7225,11,4,11,4,7
unit,7226,11,4,11,4,7
unit,7227,12,4,12,4,7
unit,7228,11,4,11,4,7
unit,7229,12,4,12,4,7
unit,7230,12,4,12,4,7
unit,7231,13,4,13,4,7
unit,7232,7,3,7,3,7
unit,7233,9,4,9,4,7
unit,7234,9,4,9,4,7
unit,7235,10,4,10,4,7
unit,7236,9,4,9,4,7
unit,7237,10,4,10,4,7
unit,7238,10,4,10,4,7
unit,7239,11,4,11,4,7
unit,7240,9,4,9,4,7
unit,7241,10,4,10,4,7
unit,7242,10,4,10,4,7
unit,7243,11,4,11,4,7
unit,7244,10,4,10,4,7
unit,7245,11,4,11,4,7
unit,7246,11,4,11,4,7
unit,7247,12,4,12,4,7
unit,7248,8,3,8,3,7
unit,7249,10,4,10,4,7
unit,7250,10,4,10,4,7
unit,7251,11,4,11,4,7
unit,7252,10,4,10,4,7
unit,7253,11,4,11,4,7
unit,7254,11,4,11,4,7
unit,7255,12,4,12,4,7
unit,7256,10,4,10,4,7
unit,7257,11,4,11,4,7
unit,7258,11,4,11,4,7
unit,7259,12,4,12,4,7
unit,7260,11,4,11,4,7
unit,7261,12,4,12,4,7
unit,7262,12,4,12,4,7
unit,7263,13,4,13,4,7
unit,7264,8,3,8,3,7
unit,7265,10,4,10,4,7
unit,7266,10,4,10,4,7
unit,7267,11,4,11,4,7
unit,7268,10,4,10,4,7
unit,7269,11,4,11,4,7
unit,7270,11,4,11,4,7
unit,7271,12,4,12,4,7
unit,7272,10,4,10,4,7
unit,7273,11,4,11,4,7
unit,7274,11,4,11,4,7
unit,7275,12,4,12,4,7
unit,7276,11,4,11,4,7
unit,7277,12,4,12,4,7
unit,7278,12,4,12,4,7
unit,7279,13,4,13,4,7
unit,7280,9,3,9,3,7
unit,7281,11,4,11,4,7
unit,7282,11,4,11,4,7
unit,7283,12,4,12,4,7
unit,7284,11,4,11,4,7
unit,7285,12,4,12,4,7
unit,7286,12,4,12,4,7
unit,7287,13,4,13,4,7
unit,7288,11,4,11,4,7
unit,7289,12,4,12,4,7
unit,7290,12,4,12,4,7
unit,7291,13,4,13,4,7
unit,7292,12,4,12,4,7
unit,7293,13,4,13,4,7
unit,7294,13,4,13,4,7
unit,7295,14,4,14,4,7
unit,7296,7,3,7,3,7
unit,7297,9,4,9,4,7
unit,7298,9,4,9,4,7
unit,7299,10,4,10,4,7
unit,7300,9,4,9,4,7
unit,7301,10,4,10,4,7
unit,7302,10,4,10,4,7
unit,7303,11,4,11,4,7
unit,7304,9,4,9,4,7
unit,7305,10,4,10,4,7
unit,7306,10,4,10,4,7
unit,7307,11,4,11,4,7
unit,7308,10,4,10,4,7
unit,7309,11,4,11,4,7
unit,7310,11,4,11,4,7
unit,7311,12,4,12,4,7
unit,7312,8,3,8,3,7
unit,7313,10,4,10,4,7
unit,7314,10,4,10,4,7
unit,7315,11,4,11,4,7
unit,7316,10,4,10,4,7
unit,7317,11,4,11,4,7
unit,7318,11,4,11,4,7
unit,7319,12,4,12,4,7
unit,7320,10,4,10,4,7
unit,7321,11,4,11,4,7
unit,7322,11,4,11,4,7
unit,7323,12,4,12,4,7
unit,7324,11,4,11,4,7
unit,7325,12,4,12,4,7
unit,7326,12,4,12,4,7
unit,7327,13,4,13,4,7
unit,7328,8,3,8,3,7
unit,7329,10,4,10,4,7
unit,7330,10,4,10,4,7
unit,7331,11,4,11,4,7
unit,7332,10,4,10,4,7
unit,7333,11,4,11,4,7
unit,7334,11,4,11,4,7
unit,7335,12,4,12,4,7
unit,7336,10,4,10,4,7
unit,7337,11,4,11,4,7
unit,7338,11,4,11,4,7
unit,7339,12,4,12,4,7
unit,7340,11,4,11,4,7
unit,7341,12,4,12,4,7
unit,7342,12,4,12,4,7
unit,7343,13,4,13,4,7
unit,7344,9,3,9,3,7
unit,7345,11,4,11,4,7
unit,7346,11,4,11,4,7
unit,7347,12,4,12,4,7
unit,7348,11,4,11,4,7
unit,7349,12,4,12,4,7
unit,7350,12,4,12,4,7
unit,7351,13,4,13,4,7
unit,7352,11,4,11,4,7
unit,7353,12,4,12,4,7
unit,7354,12,4,12,4,7
unit,7355,13,4,13,4,7
unit,7356,12,4,12,4,7
unit,7357,13,4,13,4,7
unit,7358,13,4,13,4,7
unit,7359,14,4,14,4,7
unit,7360,8,3,8,3,7
unit,7361,10,4,10,4,7
unit,7362,10,4,10,4,7
unit,7363,11,4,11,4,7
unit,7364,10,4,10,4,7
unit,7365,11,4,11,4,7
unit,7366,11,4,11,4,7
unit,7367,12,4,12,4,7
unit,7368,10,4,10,4,7
unit,7369,11,4,11,4,7
unit,7370,11,4,11,4,7
unit,7371,12,4,12,4,7
unit,7372,11,4,11,4,7
unit,7373,12,4,12,4,7
unit,7374,12,4,12,4,7
unit,7375,13,4,13,4,7
unit,7376,9,3,9,3,7
unit,7377,11,4,11,4,7
unit,7378,11,4,11,4,7
unit,7379,12,4,12,4,7
unit,7380,11,4,11,4,7
unit,7381,12,4,12,4,7
unit,7382,12,4,12,4,7
unit,7383,13,4,13,4,7
unit,7384,11,4,11,4,7
unit,7385,12,4,12,4,7
unit,7386,12,4,12,4,7
unit,7387,13,4,13,4,7
unit,7388,12,4,12,4,7
unit,7389,13,4,13,4,7
unit,7390,13,4,13,4,7
unit,7391,14,4,14,4,7
unit,7392,9,3,9,3,7
unit,7393,11,4,11,4,7
unit,7394,11,4,11,4,7
unit,7395,12,4,12,4,7
unit,7396,11,4,11,4,7
unit,7397,12,4,12,4,7
unit,7398,12,4,12,4,7
unit,7399,13,4,13,4,7
unit,7400,11,4,11,4,7
unit,7401,12,4,12,4,7
unit,7402,12,4,12,4,7
unit,7403,13,4,13,4,7
unit,7404,12,4,12,4,7
unit,7405,13,4,13,4,7
unit,7406,13,4,13,4,7
unit,7407,14,4,14,4,7
unit,7408,10,3,10,3,7
unit,7409,12,4,12,4,7
unit,7410,12,4,12,4,7
unit,7411,13,4,13,4,7
unit,7412,12,4,12,4,7
unit,7413,13,4,13,4,7
unit,7414,13,4,13,4,7
unit,7415,14,4,14,4,7
unit,7416,12,4,12,4,7
unit,7417,13,4,13,4,7
unit,7418,13,4,13,4,7
unit,7419,14,4,14,4,7
unit,7420,13,4,13,4,7
unit,7421,14,4,14,4,7
unit,7422,14,4,14,4,7
unit,7423,15,4,15,4,7
unit,7424,6,2,6,2,9
unit,7425,8,3,8,3,9
unit,7426,8,3,8,3,9
unit,7427,9,3,9,3,9
unit,7428,8,3,8,3,9
unit,7429,9,3,9,3,9
unit,7430,9,3,9,3,9
unit,7431,10,3,10,3,9
unit,7432,8,3,8,3,9
unit,7433,9,3,9,3,9
unit,7434,9,3,9,3,9
unit,7435,10,3,10,3,9
unit,7436,9,3,9,3,9
unit,7437,10,3,10,3,9
unit,7438,10,3,10,3,9
unit,7439,11,3,11,3,9
unit,7440,7,2,7,2,11
unit,7441,8,2,8,2,13
unit,7442,9,3,9,3,11
unit,7443,10,3,10,3,13
unit,7444,9,3,9,3,11
unit,7445,10,3,10,3,13
unit,7446,10,3,10,3,11
unit,7447,11,3,11,3,13
unit,7448,9,3,9,3,11
unit,7449,10,3,10,3,13
unit,7450,10,3,10,3,11
unit,7451,11,3,11,3,13
unit,7452,10,3,10,3,11
unit,7453,11,3,11,3,13
unit,7454,11,3,11,3,11
unit,7455,12,3,12,3,13
unit,7456,8,3,8,3,9
unit,7457,10,4,10,4,9
unit,7458,10,4,10,4,9
unit,7459,11,4,11,4,9
unit,7460,10,4,10,4,9
unit,7461,11,4,11,4,9
unit,7462,11,4,11,4,9
unit,7463,12,4,12,4,9
unit,7464,10,4,10,4,9
unit,7465,11,4,11,4,9
unit,7466,11,4,11,4,9
unit,7467,12,4,12,4,9
unit,7468,11,4,11,4,9
unit,7469,12,4,12,4,9
unit,7470,12,4,12,4,9
unit,7471,13,4,13,4,9
unit,7472,9,3,9,3,11
unit,7473,10,3,10,3,13
unit,7474,11,4,11,4,11
unit,7475,12,4,12,4,13
unit,7476,11,4,11,4,11
unit,7477,12,4,12,4,13
unit,7478,12,4,12,4,11
unit,7479,13,4,13,4,13
unit,7480,11,4,11,4,11
unit,7481,12,4,12,4,13
unit,7482,12,4,12,4,11
unit,7483,13,4,13,4,13
unit,7484,12,4,12,4,11
unit,7485,13,4,13,4,13
unit,7486,13,4,13,4,11
unit,7487,14,4,14,4,13
unit,7488,8,3,8,3,9
unit,7489,10,4,10,4,9
unit,7490,10,4,10,4,9
unit,7491,11,4,11,4,9
unit,7492,10,4,10,4,9
unit,7493,11,4,11,4,9
unit,7494,11,4,11,4,9
unit,7495,12,4,12,4,9
unit,7496,10,4,10,4,9
unit,7497,11,4,11,4,9
unit,7498,11,4,11,4,9
unit,7499,12,4,12,4,9
unit,7500,11,4,11,4,9
unit,7501,12,4,12,4,9
unit,7502,12,4,12,4,9
unit,7503,13,4,13,4,9
unit,7504,9,3,9,3,11
unit,7505,10,3,10,3,13
unit,7506,11,4,11,4,11
unit,7507,12,4,12,4,13
unit,7508,11,4,11,4,11
unit,7509,12,4,12,4,13
unit,7510,12,4,12,4,11
unit,7511,13,4,13,4,13
unit,7512,11,4,11,4,11
unit,7513,12,4,12,4,13
unit,7514,12,4,12,4,11
unit,7515,13,4,13,4,13
unit,7516,12,4,12,4,11
unit,7517,13,4,13,4,13
unit,7518,13,4,13,4,11
unit,7519,14,4,14,4,13
unit,7520,9,3,9,3,9
unit,7521,11,4,11,4,9
unit,7522,11,4,11,4,9
unit,7523,12,4,12,4,9
unit,7524,11,4,11,4,9
unit,7525,12,4,12,4,9
unit,7526,12,4,12,4,9
unit,7527,13,4,13,4,9
unit,7528,11,4,11,4,9
unit,7529,12,4,12,4,9
unit,7530,12,4,12,4,9
unit,7531,13,4,13,4,9
unit,7532,12,4,12,4,9
unit,7533,13,4,13,4,9
unit,7534,13,4,13,4,9
unit,7535,14,4,14,4,9
unit,7536,10,3,10,3,11
unit,7537,11,3,11,3,13
unit,7538,12,4,12,4,11
unit,7539,13,4,13,4,13
unit,7540,12,4,12,4,11
unit,7541,13,4,13,4,13
unit,7542,13,4,13,4,11
unit,7543,14,4,14,4,13
unit,7544,12,4,12,4,11
unit,7545,13,4,13,4,13
unit,7546,13,4,13,4,11
unit,7547,14,4,14,4,13
unit,7548,13,4,13,4,11
unit,7549,14,4,14,4,13
unit,7550,14,4,14,4,11
unit,7551,15,4,15,4,13
unit,7552,8,3,8,3,9
unit,7553,10,4,10,4,9
unit,7554,10,4,10,4,9
unit,7555,11,4,11,4,9
unit,7556,10,4,10,4,9
unit,7557,11,4,11,4,9
unit,7558,11,4,11,4,9
unit,7559,12,4,12,4,9
unit,7560,10,4,10,4,9
unit,7561,11,4,11,4,9
unit,7562,11,4,11,4,9
unit,7563,12,4,12,4,9
unit,7564,11,4,11,4,9
unit,7565,12,4,12,4,9
unit,7566,12,4,12,4,9
unit,7567,13,4,13,4,9
unit,7568,9,3,9,3,11
unit,7569,10,3,10,3,13
unit,7570,11,4,11,4,11
unit,7571,12,4,12,4,13
unit,7572,11,4,11,4,11
unit,7573,12,4,12,4,13
unit,7574,12,4,12,4,11
unit,7575,13,4,13,4,13
unit,7576,11,4,11,4,11
unit,7577,12,4,12,4,13
unit,7578,12,4,12,4,11
unit,7579,13,4,13,4,13
unit,7580,12,4,12,4,11
unit,7581,13,4,13,4,13
unit,7582,13,4,13,4,11
unit,7583,14,4,14,4,13
unit,7584,9,3,9,3,9
unit,7585,11,4,11,4,9
unit,7586,11,4,11,4,9
unit,7587,12,4,12,4,9
unit,7588,11,4,11,4,9
unit,7589,12,4,12,4,9
unit,7590,12,4,12,4,9
unit,7591,13,4,13,4,9
unit,7592,11,4,11,4,9
unit,7593,12,4,12,4,9
unit,7594,12,4,12,4,9
unit,7595,13,4,13,4,9
unit,7596,12,4,12,4,9
unit,7597,13,4,13,4,9
unit,7598,13,4,13,4,9
unit,7599,14,4,14,4,9
unit,7600,10,3,10,3,11
unit,7601,11,3,11,3,13
unit,7602,12,4,12,4,11
unit,7603,13,4,13,4,13
unit,7604,12,4,12,4,11
unit,7605,13,4,13,4,13
unit,7606,13,4,13,4,11
unit,7607,14,4,14,4,13
unit,7608,12,4,12,4,11
unit,7609,13,4,13,4,13
unit,7610,13,4,13,4,11
unit,7611,14,4,14,4,13
unit,7612,13,4,13,4,11
unit,7613,14,4,14,4,13
unit,7614,14,4,14,4,11
unit,7615,15,4,15,4,13
unit,7616,9,3,9,3,9
unit,7617,11,4,11,4,9
unit,7618,11,4,11,4,9
unit,7619,12,4,12,4,9
unit,7620,11,4,11,4,9
unit,7621,12,4,12,4,9
unit,7622,12,4,12,4,9
unit,7623,13,4,13,4,9
unit,7624,11,4,11,4,9
unit,7625,12,4,12,4,9
unit,7626,12,4,12,4,9
unit,7627,13,4,13,4,9
unit,7628,12,4,12,4,9
unit,7629,13,4,13,4,9
unit,7630,13,4,13,4,9
unit,7631,14,4,14,4,9
unit,7632,10,3,10,3,11
unit,7633,11,3,11,3,13
unit,7634,12,4,12,4,11
unit,7635,13,4,13,4,13
unit,7636,12,4,12,4,11
unit,7637,13,4,13,4,13
unit,7638,13,4,13,4,11
unit,7639,14,4,14,4,13
unit,7640,12,4,12,4,11
unit,7641,13,4,13,4,13
unit,7642,13,4,13,4,11
unit,7643,14,4,14,4,13
unit,7644,13,4,13,4,11
unit,7645,14,4,14,4,13
unit,7646,14,4,14,4,11
unit,7647,15,4,15,4,13
unit,7648,10,3,10,3,9
unit,7649,12,4,12,4,9
unit,7650,12,4,12,4,9
unit,7651,13,4,13,4,9
unit,7652,12,4,12,4,9
unit,7653,13,4,13,4,9
unit,7654,13,4,13,4,9
unit,7655,14,4,14,4,9
unit,7656,12,4,12,4,9
unit,7657,13,4,13,4,9
unit,7658,13,4,13,4,9
unit,7659,14,4,14,4,9
unit,7660,13,4,13,4,9
unit,7661,14,4,14,4,9
unit,7662,14,4,14,4,9
unit,7663,15,4,15,4,9
unit,7664,11,3,11,3,11
unit,7665,12,3,12,3,13
unit,7666,13,4,13,4,11
unit,7667,14,4,14,4,13
unit,7668,13,4,13,4,11
unit,7669,14,4,14,4,13
unit,7670,14,4,14,4,11
unit,7671,15,4,15,4,13
unit,7672,13,4,13,4,11
unit,7673,14,4,14,4,13
unit,7674,14,4,14,4,11
unit,7675,15,4,15,4,13
unit,7676,14,4,14,4,11
unit,7677,15,4,15,4,13
unit,7678,15,4,15,4,11
unit,7679,16,4,16,4,13
unit,7680,6,2,6,2,7
unit,7681,8,3,8,3,7
unit,7682,8,3,8,3,7
unit,7683,9,3,9,3,7
unit,7684,8,3,8,3,7
unit,7685,9,3,9,3,7
unit,7686,9,3,9,3,7
unit,7687,10,3,10,3,7
unit,7688,8,3,8,3,7
unit,7689,9,3,9,3,7
unit,7690,9,3,9,3,7
unit,7691,10,3,10,3,7
unit,7692,9,3,9,3,7
unit,7693,10,3,10,3,7
unit,7694,10,3,10,3,7
unit,7695,11,3,11,3,7
unit,7696,8,3,8,3,7
unit,7697,10,4,10,4,7
unit,7698,10,4,10,4,7
unit,7699,11,4,11,4,7
unit,7700,10,4,10,4,7
unit,7701,11,4,11,4,7
unit,7702,11,4,11,4,7
unit,7703,12,4,12,4,7
unit,7704,10,4,10,4,7
unit,7705,11,4,11,4,7
unit,7706,11,4,11,4,7
unit,7707,12,4,12,4,7
unit,7708,11,4,11,4,7
unit,7709,12,4,12,4,7
unit,7710,12,4,12,4,7
unit,7711,13,4,13,4,7
unit,7712,8,3,8,3,7
unit,7713,10,4,10,4,7
unit,7714,10,4,10,4,7
unit,7715,11,4,11,4,7
unit,7716,10,4,10,4,7
unit,7717,11,4,11,4,7
unit,7718,11,4,11,4,7
unit,7719,12,4,12,4,7
unit,7720,10,4,10,4,7
unit,7721,11,4,11,4,7
unit,7722,11,4,11,4,7
unit,7723,12,4,12,4,7
unit,7724,11,4,11,4,7
unit,7725,12,4,12,4,7
unit,7726,12,4,12,4,7
unit,7727,13,4,13,4,7
unit,7728,9,3,9,3,7
unit,7729,11,4,11,4,7
unit,7730,11,4,11,4,7
unit,7731,12,4,12,4,7
unit,7732,11,4,11,4,7
unit,7733,12,4,12,4,7
unit,7734,12,4,12,4,7
unit,7735,13,4,13,4,7
unit,7736,11,4,11,4,7
unit,7737,12,4,12,4,7
unit,7738,12,4,12,4,7
unit,7739,13,4,13,4,7
unit,7740,12,4,12,4,7
unit,7741,13,4,13,4,7
unit,7742,13,4,13,4,7
unit,7743,14,4,14,4,7
unit,7744,8,3,8,3,7
unit,7745,10,4,10,4,7
unit,7746,10,4,10,4,7
unit,7747,11,4,11,4,7
unit,7748,10,4,10,4,7
unit,7749,11,4,11,4,7
unit,7750,11,4,11,4,7
unit,7751,12,4,12,4,7
unit,7752,10,4,10,4,7
unit,7753,11,4,11,4,7
unit,7754,11,4,11,4,7
unit,7755,12,4,12,4,7
unit,7756,11,4,11,4,7
unit,7757,12,4,12,4,7
unit,7758,12,4,12,4,7
unit,7759,13,4,13,4,7
unit,7760,9,3,9,3,7
unit,7761,11,4,11,4,7
unit,7762,11,4,11,4,7
unit,7763,12,4,12,4,7
unit,7764,11,4,11,4,7
unit,7765,12,4,12,4,7
unit,7766,12,4,12,4,7
unit,7767,13,4,13,4,7
unit,7768,11,4,11,4,7
unit,7769,12,4,12,4,7
unit,7770,12,4,12,4,7
unit,7771,13,4,13,4,7
unit,7772,12,4,12,4,7
unit,7773,13,4,13,4,7
unit,7774,13,4,13,4,7
unit,7775,14,4,14,4,7
unit,7776,9,3,9,3,7
unit,7777,11,4,11,4,7
unit,7778,11,4,11,4,7
unit,7779,12,4,12,4,7
unit,7780,11,4,11,4,7
unit,7781,12,4,12,4,7
unit,7782,12,4,12,4,7
unit,7783,13,4,13,4,7
unit,7784,11,4,11,4,7
unit,7785,12,4,12,4,7
unit,7786,12,4,12,4,7
unit,7787,13,4,13,4,7
unit,7788,12,4,12,4,7
unit,7789,13,4,13,4,7
unit,7790,13,4,13,4,7
unit,7791,14,4,14,4,7
unit,7792,10,3,10,3,7
unit,7793,12,4,12,4,7
unit,7794,12,4,12,4,7
unit,7795,13,4,13,4,7
unit,7796,12,4,12,4,7
unit,7797,13,4,13,4,7
unit,7798,13,4,13,4,7
unit,7799,14,4,14,4,7
unit,7800,12,4,12,4,7
unit,7801,13,4,13,4,7
unit,7802,13,4,13,4,7
unit,7803,14,4,14,4,7
unit,7804,13,4,13,4,7
unit,7805,14,4,14,4,7
unit,7806,14,4,14,4,7
unit,7807,15,4,15,4,7
unit,7808,8,3,8,3,7
unit,7809,10,4,10,4,7
unit,7810,10,4,10,4,7
unit,7811,11,4,11,4,7
unit,7812,10,4,10,4,7
unit,7813,11,4,11,4,7
unit,7814,11,4,11,4,7
unit,7815,12,4,12,4,7
unit,7816,10,4,10,4,7
unit,7817,11,4,11,4,7
unit,7818,11,4,11,4,7
unit,7819,12,4,12,4,7
unit,7820,11,4,11,4,7
unit,7821,12,4,12,4,7
unit,7822,12,4,12,4,7
unit,7823,13,4,13,4,7
unit,7824,9,3,9,3,7
unit,7825,11,4,11,4,7
unit,7826,11,4,11,4,7
unit,7827,12,4,12,4,7
unit,7828,11,4,11,4,7
unit,7829,12,4,12,4,7
unit,7830,12,4,12,4,7
unit,7831,13,4,13,4,7
unit,7832,11,4,11,4,7
unit,7833,12,4,12,4,7
unit,7834,12,4,12,4,7
unit,7835,13,4,13,4,7
unit,7836,12,4,12,4,7
unit,7837,13,4,13,4,7
unit,7838,13,4,13,4,7
unit,7839,14,4,14,4,7
unit,7840,9,3,9,3,7
unit,7841,11,4,11,4,7
unit,7842,11,4,11,4,7
unit,7843,12,4,12,4,7
unit,7844,11,4,11,4,7
unit,7845,12,4,12,4,7
unit,7846,12,4,12,4,7
unit,7847,13,4,13,4,7
unit,7848,11,4,11,4,7
unit,7849,12,4,12,4,7
unit,7850,12,4,12,4,7
unit,7851,13,4,13,4,7
unit,7852,12,4,12,4,7
unit,7853,13,4,13,4,7
unit,7854,13,4,13,4,7
unit,7855,14,4,14,4,7
unit,7856,10,3,10,3,7
unit,7857,12,4,12,4,7
unit,7858,12,4,12,4,7
unit,7859,13,4,13,4,7
unit,7860,12,4,12,4,7
unit,7861,13,4,13,4,7
unit,7862,13,4,13,4,7
unit,7863,14,4,14,4,7
unit,7864,12,4,12,4,7
unit,7865,13,4,13,4,7
unit,7866,13,4,13,4,7
unit,7867,14,4,14,4,7
unit,7868,13,4,13,4,7
unit,7869,14,4,14,4,7
unit,7870,14,4,14,4,7
unit,7871,15,4,15,4,7
unit,7872,9,3,9,3,7
unit,7873,11,4,11,4,7
unit,7874,11,4,11,4,7
unit,7875,12,4,12,4,7
unit,7876,11,4,11,4,7
unit,7877,12,4,12,4,7
unit,7878,12,4,12,4,7
unit,7879,13,4,13,4,7
unit,7880,11,4,11,4,7
unit,7881,12,4,12,4,7
unit,7882,12,4,12,4,7
unit,7883,13,4,13,4,7
unit,7884,12,4,12,4,7
unit,7885,13,4,13,4,7
unit,7886,13,4,13,4,7
unit,7887,14,4,14,4,7
unit,7888,10,3,10,3,7
unit,7889,12,4,12,4,7
unit,7890,12,4,12,4,7
unit,7891,13,4,13,4,7
unit,7892,12,4,12,4,7
unit,7893,13,4,13,4,7
unit,7894,13,4,13,4,7
unit,7895,14,4,14,4,7
unit,7896,12,4,12,4,7
unit,7897,13,4,13,4,7
unit,7898,13,4,13,4,7
unit,7899,14,4,14,4,7
unit,7900,13,4,13,4,7
unit,7901,14,4,14,4,7
unit,7902,14,4,14,4,7
unit,7903,15,4,15,4,7
unit,7904,10,3,10,3,7
unit,7905,12,4,12,4,7
unit,7906,12,4,12,4,7
unit,7907,13,4,13,4,7
unit,7908,12,4,12,4,7
unit,7909,13,4,13,4,7
unit,7910,13,4,13,4,7
unit,7911,14,4,14,4,7
unit,7912,12,4,12,4,7
unit,7913,13,4,13,4,7
unit,7914,13,4,13,4,7
unit,7915,14,4,14,4,7
unit,7916,13,4,13,4,7
unit,7917,14,4,14,4,7
unit,7918,14,4,14,4,7
unit,7919,15,4,15,4,7
unit,7920,11,3,11,3,7
unit,7921,13,4,13,4,7
unit,7922,13,4,13,4,7
unit,7923,14,4,14,4,7
unit,7924,13,4,13,4,7
unit,7925,14,4,14,4,7
unit,7926,14,4,14,4,7
unit,7927,15,4,15,4,7
unit,7928,13,4,13,4,7
unit,7929,14,4,14,4,7
unit,7930,14,4,14,4,7
unit,7931,15,4,15,4,7
unit,7932,14,4,14,4,7
unit,7933,15,4,15,4,7
unit,7934,15,4,15,4,7
unit,7935,16,4,16,4,7
unit,7936,7,2,7,2,9
unit,7937,9,3,9,3,9
unit,7938,9,3,9,3,9
unit,7939,10,3,10,3,9
unit,7940,9,3,9,3,9
unit,7941,10,3,10,3,9
unit,7942,10,3,10,3,9
unit,7943,11,3,11,3,9
unit,7944,9,3,9,3,9
unit,7945,10,3,10,3,9
unit,7946,10,3,10,3,9
unit,7947,11,3,11,3,9
unit,7948,10,3,10,3,9
unit,7949,11,3,11,3,9
unit,7950,11,3,11,3,9
unit,7951,12,3,12,3,9
unit,7952,8,2,8,2,11
unit,7953,9,2,9,2,13
unit,7954,10,3,10,3,11
unit,7955,11,3,11,3,13
unit,7956,10,3,10,3,11
unit,7957,11,3,11,3,13
unit,7958,11,3,11,3,11
unit,7959,12,3,12,3,13
unit,7960,10,3,10,3,11
unit,7961,11,3,11,3,13
unit,7962,11,3,11,3,11
unit,7963,12,3,12,3,13
unit,7964,11,3,11,3,11
unit,7965,12,3,12,3,13
unit,7966,12,3,12,3,11
unit,7967,13,3,13,3,13
unit,7968,9,3,9,3,9
unit,7969,11,4,11,4,9
unit,7970,11,4,11,4,9
unit,7971,12,4,12,4,9
unit,7972,11,4,11,4,9
unit,7973,12,4,12,4,9
unit,7974,12,4,12,4,9
unit,7975,13,4,13,4,9
unit,7976,11,4,11,4,9
unit,7977,12,4,12,4,9
unit,7978,12,4,12,4,9
unit,7979,13,4,13,4,9
unit,7980,12,4,12,4,9
unit,7981,13,4,13,4,9
unit,7982,13,4,13,4,9
unit,7983,14,4,14,4,9
unit,7984,10,3,10,3,11
unit,7985,11,3,11,3,13
unit,7986,12,4,12,4,11
unit,7987,13,4,13,4,13
unit,7988,12,4,12,4,11
unit,7989,13,4,13,4,13
unit,7990,13,4,13,4,11
unit,7991,14,4,14,4,13
unit,7992,12,4,12,4,11
unit,7993,13,4,13,4,13
unit,7994,13,4,13,4,11
unit,7995,14,4,14,4,13
unit,7996,13,4,13,4,11
unit,7997,14,4,14,4,13
unit,7998,14,4,14,4,11
unit,7999,15,4,15,4,13
unit,8000,9,3,9,3,9
unit,8001,11,4,11,4,9
unit,8002,11,4,11,4,9
unit,8003,12,4,12,4,9
unit,8004,11,4,11,4,9
unit,8005,12,4,12,4,9
unit,8006,12,4,12,4,9
unit,8007,13,4,13,4,9
unit,8008,11,4,11,4,9
unit,8009,12,4,12,4,9
unit,8010,12,4,12,4,9
unit,8011,13,4,13,4,9
unit,8012,12,4,12,4,9
unit,8013,13,4,13,4,9
unit,8014,13,4,13,4,9
unit,8015,14,4,14,4,9
unit,8016,10,3,10,3,11
unit,8017,11,3,11,3,13
unit,8018,12,4,12,4,11
unit,8019,13,4,13,4,13
unit,8020,12,4,12,4,11
unit,8021,13,4,13,4,13
unit,8022,13,4,13,4,11
unit,8023,14,4,14,4,13
unit,8024,12,4,12,4,11
unit,8025,13,4,13,4,13
unit,8026,13,4,13,4,11
unit,8027,14,4,14,4,13
unit,8028,13,4,13,4,11
unit,8029,14,4,14,4,13
unit,8030,14,4,14,4,11
unit,8031,15,4,15,4,13
unit,8032,10,3,10,3,9
unit,8033,12,4,12,4,9
unit,8034,12,4,12,4,9
unit,8035,13,4,13,4,9
unit,8036,12,4,12,4,9
unit,8037,13,4,13,4,9
unit,8038,13,4,13,4,9
unit,8039,14,4,14,4,9
unit,8040,12,4,12,4,9
unit,8041,13,4,13,4,9
unit,8042,13,4,13,4,9
unit,8043,14,4,14,4,9
unit,8044,13,4,13,4,9
unit,8045,14,4,14,4,9
unit,8046,14,4,14,4,9
unit,8047,15,4,15,4,9
unit,8048,11,3,11,3,11
unit,8049,12,3,12,3,13
unit,8050,13,4,13,4,11
unit,8051,14,4,14,4,13
unit,8052,13,4,13,4,11
unit,8053,14,4,14,4,13
unit,8054,14,4,14,4,11
unit,8055,15,4,15,4,13
unit,8056,13,4,13,4,11
unit,8057,14,4,14,4,13
unit,8058,14,4,14,4,11
unit,8059,15,4,15,4,13
unit,8060,14,4,14,4,11
unit,8061,15,4,15,4,13
unit,8062,15,4,15,4,11
unit,8063,16,4,16,4,13
unit,8064,9,3,9,3,9
unit,8065,11,4,11,4,9
unit,8066,11,4,11,4,9
unit,8067,12,4,12,4,9
unit,8068,11,4,11,4,9
unit,8069,12,4,12,4,9
unit,8070,12,4,12,4,9
unit,8071,13,4,13,4,9
unit,8072,11,4,11,4,9
unit,8073,12,4,12,4,9
unit,8074,12,4,12,4,9
unit,8075,13,4,13,4,9
unit,8076,12,4,12,4,9
unit,8077,13,4,13,4,9
unit,8078,13,4,13,4,9
unit,8079,14,4,14,4,9
unit,8080,10,3,10,3,11
unit,8081,11,3,11,3,13
unit,8082,12,4,12,4,11
unit,8083,13,4,13,4,13
unit,8084,12,4,12,4,11
unit,8085,13,4,13,4,13
unit,8086,13,4,13,4,11
unit,8087,14,4,14,4,13
unit,8088,12,4,12,4,11
unit,8089,13,4,13,4,13
unit,8090,13,4,13,4,11
unit,8091,14,4,14,4,13
unit,8092,13,4,13,4,11
unit,8093,14,4,14,4,13
unit,8094,14,4,14,4,11
unit,8095,15,4,15,4,13
unit,8096,10,3,10,3,9
unit,8097,12,4,12,4,9
unit,8098,12,4,12,4,9
unit,8099,13,4,13,4,9
unit,8100,12,4,12,4,9
unit,8101,13,4,13,4,9
unit,8102,13,4,13,4,9
unit,8103,14,4,14,4,9
unit,8104,12,4,12,4,9
unit,8105,13,4,13,4,9
unit,8106,13,4,13,4,9
unit,8107,14,4,14,4,9
unit,8108,13,4,13,4,9
unit,8109,14,4,14,4,9
unit,8110,14,4,14,4,9
unit,8111,15,4,15,4,9
unit,8112,11,3,11,3,11
unit,8113,12,3,12,3,13
unit,8114,13,4,13,4,11
unit,8115,14,4,14,4,13
unit,8116,13,4,13,4,11
unit,8117,14,4,14,4,13
unit,8118,14,4,14,4,11
unit,8119,15,4,15,4,13
unit,8120,13,4,13,4,11
unit,8121,14,4,14,4,13
unit,8122,14,4,14,4,11
unit,8123,15,4,15,4,13
unit,8124,14,4,14,4,11
unit,8125,15,4,15,4,13
unit,8126,15,4,15,4,11
unit,8127,16,4,16,4,13
unit,8128,10,3,10,3,9
unit,8129,12,4,12,4,9
unit,8130,12,4,12,4,9
unit,8131,13,4,13,4,9
unit,8132,12,4,12,4,9
unit,8133,13,4,13,4,9
unit,8134,13,4,13,4,9
unit,8135,14,4,14,4,9
unit,8136,12,4,12,4,9
unit,8137,13,4,13,4,9
unit,8138,13,4,13,4,9
unit,8139,14,4,14,4,9
unit,8140,13,4,13,4,9
unit,8141,14,4,14,4,9
unit,8142,14,4,14,4,9
unit,8143,15,4,15,4,9
unit,8144,11,3,11,3,11
unit,8145,12,3,12,3,13
unit,8146,13,4,13,4,11
unit,8147,14,4,14,4,13
unit,8148,13,4,13,4,11
unit,8149,14,4,14,4,13
unit,8150,14,4,14,4,11
unit,8151,15,4,15,4,13
unit,8152,13,4,13,4,11
unit,8153,14,4,14,4,13
unit,8154,14,4,14,4,11
unit,8155,15,4,15,4,13
unit,8156,14,4,14,4,11
unit,8157,15,4,15,4,13
unit,8158,15,4,15,4,11
unit,8159,16,4,16,4,13
unit,8160,11,3,11,3,9
unit,8161,13,4,13,4,9
unit,8162,13,4,13,4,9
unit,8163,14,4,14,4,9
unit,8164,13,4,13,4,9
unit,8165,14,4,14,4,9
unit,8166,14,4,14,4,9
unit,8167,15,4,15,4,9
unit,8168,13,4,13,4,9
unit,8169,14,4,14,4,9
unit,8170,14,4,14,4,9
unit,8171,15,4,15,4,9
unit,8172,14,4,14,4,9
unit,8173,15,4,15,4,9
unit,8174,15,4,15,4,9
unit,8175,16,4,16,4,9
unit,8176,12,3,12,3,11
unit,8177,13,3,13,3,13
unit,8178,14,4,14,4,11
unit,8179,15,4,15,4,13
unit,8180,14,4,14,4,11
unit,8181,15,4,15,4,13
unit,8182,15,4,15,4,11
unit,8183,16,4,16,4,13
unit,8184,14,4,14,4,11
unit,8185,15,4,15,4,13
unit,8186,15,4,15,4,11
unit,8187,16,4,16,4,13
unit,8188,15,4,15,4,11
unit,8189,16,4,16,4,13
unit,8190,16,4,16,4,11
unit,8191,17,4,17,4,13
skew,0,0,0,0,0,7
skew,1,10,1,10,1,7
skew,2,15,1,15,1,7
skew,3,16,1,16,1,7
skew,4,20,1,20,1,7
skew,5,21,1,21,1,7
skew,6,26,1,26,1,7
skew,7,27,1,27,1,7
skew,8,25,1,25,1,7
skew,9,26,1,26,1,7
skew,10,31,1,31,1,7
skew,11,32,1,32,1,7
skew,12,36,1,36,1,7
skew,13,37,1,37,1,7
skew,14,42,1,42,1,7
skew,15,43,1,43,1,7
skew,16,13,1,13,1,7
skew,17,23,2,23,2,7
skew,18,28,2,28,2,7
skew,19,29,2,29,2,7
skew,20,33,2,33,2,7
skew,21,34,2,34,2,7
skew,22,39,2,39,2,7
skew,23,40,2,40,2,7
skew,24,38,2,38,2,7
skew,25,39,2,39,2,7
skew,26,44,2,44,2,7
skew,27,45,2,45,2,7
skew,28,49,2,49,2,7
skew,29,50,2,50,2,7
skew,30,55,2,55,2,7
skew,31,56,2,56,2,7
skew,32,18,1,18,1,7
skew,33,28,2,28,2,7
skew,34,33,2,33,2,7
skew,35,34,2,34,2,7
skew,36,38,2,38,2,7
skew,37,39,2,39,2,7
skew,38,44,2,44,2,7
skew,39,45,2,45,2,7
skew,40,43,2,43,2,7
skew,41,44,2,44,2,7
skew,42,49,2,49,2,7
skew,43,50,2,50,2,7
skew,44,54,2,54,2,7
skew,45,55,2,55,2,7
skew,46,60,2,60,2,7
skew,47,61,2,61,2,7
skew,48,19,1,19,1,7
skew,49,29,2,29,2,7
skew,50,34,2,34,2,7
skew,51,35,2,35,2,7
skew,52,39,2,39,2,7
skew,53,40,2,40,2,7
skew,54,45,2,45,2,7
skew,55,46,2,46,2,7
skew,56,44,2,44,2,7
skew,57,45,2,45,2,7
skew,58,50,2,50,2,7
skew,59,51,2,51,2,7
skew,60,55,2,55,2,7
skew,61,56,2,56,2,7
skew,62,61,2,61,2,7
skew,63,62,2,62,2,7
skew,64,23,1,23,1,7
skew,65,33,2,33,2,7
skew,66,38,2,38,2,7
skew,67,39,2,39,2,7
skew,68,43,2,43,2,7
skew,69,44,2,44,2,7
skew,70,49,2,49,2,7
skew,71,50,2,50,2,7
skew,72,48,2,48,2,7
skew,73,49,2,49,2,7
skew,74,54,2,54,2,7
skew,75,55,2,55,2,7
skew,76,59,2,59,2,7
skew,77,60,2,60,2,7
skew,78,65,2,65,2,7
skew,79,66,2,66,2,7
skew,80,24,1,24,1,7
skew,81,34,2,34,2,7
skew,82,39,2,39,2,7
skew,83,40,2,40,2,7
skew,84,44,2,44,2,7
skew,85,45,2,45,2,7
skew,86,50,2,50,2,7
skew,87,51,2,51,2,7
skew,88,49,2,49,2,7
skew,89,50,2,50,2,7
skew,90,55,2,55,2,7
skew,91,56,2,56,2,7
skew,92,60,2,60,2,7
skew,93,61,2,61,2,7
skew,94,66,2,66,2,7
skew,95,67,2,67,2,7
skew,96,29,1,29,1,7
skew,97,39,2,39,2,7
skew,98,44,2,44,2,7
skew,99,45,2,45,2,7
skew,100,49,2,49,2,7
skew,101,50,2,50,2,7
skew,102,55,2,55,2,7
skew,103,56,2,56,2,7
skew,104,54,2,54,2,7
skew,105,55,2,55,2,7
skew,106,60,2,60,2,7
skew,107,61,2,61,2,7
skew,108,65,2,65,2,7
skew,109,66,2,66,2,7
skew,110,71,2,71,2,7
skew,111,72,2,72,2,7
skew,112,30,1,30,1,7
skew,113,40,2,40,2,7
skew,114,45,2,45,2,7
skew,115,46,2,46,2,7
skew,116,50,2,50,2,7
skew,117,51,2,51,2,7
skew,118,56,2,56,2,7
skew,119,57,2,57,2,7
skew,120,55,2,55,2,7
skew,121,56,2,56,2,7
skew,122,61,2,61,2,7
skew,123,62,2,62,2,7
skew,124,66,2,66,2,7
skew,125,67,2,67,2,7
skew,126,72,2,72,2,7
skew,127,73,2,73,2,7
skew,128,28,1,28,1,7
skew,129,38,2,38,2,7
skew,130,43,2,43,2,7
skew,131,44,2,44,2,7
skew,132,48,2,48,2,7
skew,133,49,2,49,2,7
skew,134,54,2,54,2,7
skew,135,55,2,55,2,7
skew,136,53,2,53,2,7
skew,137,54,2,54,2,7
skew,138,59,2,59,2,7
skew,139,60,2,60,2,7
skew,140,64,2,64,2,7
skew,141,65,2,65,2,7
skew,142,70,2,70,2,7
skew,143,71,2,71,2,7
skew,144,29,1,29,1,7
skew,145,39,2,39,2,7
skew,146,44,2,44,2,7
skew,147,45,2,45,2,7
skew,148,49,2,49,2,7
skew,149,50,2,50,2,7
skew,150,55,2,55,2,7
skew,151,56,2,56,2,7
skew,152,54,2,54,2,7
skew,153,55,2,55,2,7
skew,154,60,2,60,2,7
skew,155,61,2,61,2,7
skew,156,65,2,65,2,7
skew,157,66,2,66,2,7
skew,158,71,2,71,2,7
skew,159,72,2,72,2,7
skew,160,34,1,34,1,7
skew,161,44,2,44,2,7
skew,162,49,2,49,2,7
skew,163,50,2,50,2,7
skew,164,54,2,54,2,7
skew,165,55,2,55,2,7
skew,166,60,2,60,2,7
skew,167,61,2,61,2,7
skew,168,59,2,59,2,7
skew,169,60,2,60,2,7
skew,170,65,2,65,2,7
skew,171,66,2,66,2,7
skew,172,70,2,70,2,7
skew,173,71,2,71,2,7
skew,174,76,2,76,2,7
skew,175,77,2,77,2,7
skew,176,35,1,35,1,7
skew,177,45,2,45,2,7
skew,178,50,2,50,2,7
skew,179,51,2,51,2,7
skew,180,55,2,55,2,7
skew,181,56,2,56,2,7
skew,182,61,2,61,2,7
skew,183,62,2,62,2,7
skew,184,60,2,60,2,7
skew,185,61,2,61,2,7
skew,186,66,2,66,2,7
skew,187,67,2,67,2,7
skew,188,71,2,71,2,7
skew,189,72,2,72,2,7
skew,190,77,2,77,2,7
skew,191,78,2,78,2,7
skew,192,39,1,39,1,7
skew,193,49,2,49,2,7
skew,194,54,2,54,2,7
skew,195,55,2,55,2,7
skew,196,59,2,59,2,7
skew,197,60,2,60,2,7
skew,198,65,2,65,2,7
skew,199,66,2,66,2,7
skew,200,64,2,64,2,7
skew,201,65,2,65,2,7
skew,202,70,2,70,2,7
skew,203,71,2,71,2,7
skew,204,75,2,75,2,7
skew,205,76,2,76,2,7
skew,206,81,2,81,2,7
skew,207,82,2,82,2,7
skew,208,40,1,40,1,7
skew,209,50,2,50,2,7
skew,210,55,2,55,2,7
skew,211,56,2,56,2,7
skew,212,60,2,60,2,7
skew,213,61,2,61,2,7
skew,214,66,2,66,2,7
skew,215,67,2,67,2,7
skew,216,65,2,65,2,7
skew,217,66,2,66,2,7
skew,218,71,2,71,2,7
skew,219,72,2,72,2,7
skew,220,76,2,76,2,7
skew,221,77,2,77,2,7
skew,222,82,2,82,2,7
skew,223,83,2,83,2,7
skew,224,45,1,45,1,7
skew,225,55,2,55,2,7
skew,226,60,2,60,2,7
skew,227,61,2,61,2,7
skew,228,65,2,65,2,7
skew,229,66,2,66,2,7
skew,230,71,2,71,2,7
skew,231,72,2,72,2,7
skew,232,70,2,70,2,7
skew,233,71,2,71,2,7
skew,234,76,2,76,2,7
skew,235,77,2,77,2,7
skew,236,81,2,81,2,7
skew,237,82,2,82,2,7
skew,238,87,2,87,2,7
skew,239,88,2,88,2,7
skew,240,46,1,46,1,7
skew,241,56,2,56,2,7
skew,242,61,2,61,2,7
skew,243,62,2,62,2,7
skew,244,66,2,66,2,7
skew,245,67,2,67,2,7
skew,246,72,2,72,2,7
skew,247,73,2,73,2,7
skew,248,71,2,71,2,7
skew,249,72,2,72,2,7
skew,250,77,2,77,2,7
skew,251,78,2,78,2,7
skew,252,82,2,82,2,7
skew,253,83,2,83,2,7
skew,254,88,2,88,2,7
skew,255,89,2,89,2,7
skew,256,16,1,16,1,7
skew,257,26,2,26,2,7
skew,258,31,2,31,2,7
skew,259,32,2,32,2,7
skew,260,36,2,36,2,7
skew,261,37,2,37,2,7
skew,262,42,2,42,2,7
skew,263,43,2,43,2,7
skew,264,41,2,41,2,7
skew,265,42,2,42,2,7
skew,266,47,2,47,2,7
skew,267,48,2,48,2,7
skew,268,52,2,52,2,7
skew,269,53,2,53,2,7
skew,270,58,2,58,2,7
skew,271,59,2,59,2,7
skew,272,29,2,29,2,7
skew,273,39,3,39,3,7
skew,274,44,3,44,3,7
skew,275,45,3,45,3,7
skew,276,49,3,49,3,7
skew,277,50,3,50,3,7
skew,278,55,3,55,3,7
skew,279,56,3,56,3,7
skew,280,54,3,54,3,7
skew,281,55,3,55,3,7
skew,282,60,3,60,3,7
skew,283,61,3,61,3,7
skew,284,65,3,65,3,7
skew,285,66,3,66,3,7
skew,286,71,3,71,3,7
skew,287,72,3,72,3,7
skew,288,34,2,34,2,7
skew,289,44,3,44,3,7
skew,290,49,3,49,3,7
skew,291,50,3,50,3,7
skew,292,54,3,54,3,7
skew,293,55,3,55,3,7
skew,294,60,3,60,3,7
skew,295,61,3,61,3,7
skew,296,59,3,59,3,7
skew,297,60,3,60,3,7
skew,298,65,3,65,3,7
skew,299,66,3,66,3,7
skew,300,70,3,70,3,7
skew,301,71,3,71,3,7
skew,302,76,3,76,3,7
skew,303,77,3,77,3,7
skew,304,35,2,35,2,7
skew,305,45,3,45,3,7
skew,306,50,3,50,3,7
skew,307,51,3,51,3,7
skew,308,55,3,55,3,7
skew,309,56,3,56,3,7
skew,310,61,3,61,3,7
skew,311,62,3,62,3,7
skew,312,60,3,60,3,7
skew,313,61,3,61,3,7
skew,314,66,3,66,3,7
skew,315,67,3,67,3,7
skew,316,71,3,71,3,7
skew,317,72,3,72,3,7
skew,318,77,3,77,3,7
skew,319,78,3,78,3,7
skew,320,39,2,39,2,7
skew,321,49,3,49,3,7
skew,322,54,3,54,3,7
skew,323,55,3,55,3,7
skew,324,59,3,59,3,7
skew,325,60,3,60,3,7
skew,326,65,3,65,3,7
skew,327,66,3,66,3,7
skew,328,64,3,64,3,7
skew,329,65,3,65,3,7
skew,330,70,3,70,3,7
skew,331,71,3,71,3,7
skew,332,75,3,75,3,7
skew,333,76,3,76,3,7
skew,334,81,3,81,3,7
skew,335,82,3,82,3,7
skew,336,40,2,40,2,7
skew,337,50,3,50,3,7
skew,338,55,3,55,3,7
skew,339,56,3,56,3,7
skew,340,60,3,60,3,7
skew,341,61,3,61,3,7
skew,342,66,3,66,3,7
skew,343,67,3,67,3,7
skew,344,65,3,65,3,7
skew,345,66,3,66,3,7
skew,346,71,3,71,3,7
skew,347,72,3,72,3,7
skew,348,76,3,76,3,7
skew,349,77,3,77,3,7
skew,350,82,3,82,3,7
skew,351,83,3,83,3,7
skew,352,45,2,45,2,7
skew,353,55,3,55,3,7
skew,354,60,3,60,3,7
skew,355,61,3,61,3,7
skew,356,65,3,65,3,7
skew,357,66,3,66,3,7
skew,358,71,3,71,3,7
skew,359,72,3,72,3,7
skew,360,70,3,70,3,7
skew,361,71,3,71,3,7
skew,362,76,3,76,3,7
skew,363,77,3,77,3,7
skew,364,81,3,81,3,7
skew,365,82,3,82,3,7
skew,366,87,3,87,3,7
skew,367,88,3,88,3,7
skew,368,46,2,46,2,7
skew,369,56,3,56,3,7
skew,370,61,3,61,3,7
skew,371,62,3,62,3,7
skew,372,66,3,66,3,7
skew,373,67,3,67,3,7
skew,374,72,3,72,3,7
skew,375,73,3,73,3,7
skew,376,71,3,71,3,7
skew,377,72,3,72,3,7
skew,378,77,3,77,3,7
skew,379,78,3,78,3,7
skew,380,82,3,82,3,7
skew,381,83,3,83,3,7
skew,382,88,3,88,3,7
skew,383,89,3,89,3,7
skew,384,44,2,44,2,7
skew,385,54,3,54,3,7
skew,386,59,3,59,3,7
skew,387,60,3,60,3,7
skew,388,64,3,64,3,7
skew,389,65,3,65,3,7
skew,390,70,3,70,3,7
skew,391,71,3,71,3,7
skew,392,69,3,69,3,7
skew,393,70,3,70,3,7
skew,394,75,3,75,3,7
skew,395,76,3,76,3,7
skew,396,80,3,80,3,7
skew,397,81,3,81,3,7
skew,398,86,3,86,3,7
skew,399,87,3,87,3,7
skew,400,45,2,45,2,7
skew,401,55,3,55,3,7
skew,402,60,3,60,3,7
skew,403,61,3,61,3,7
skew,404,65,3,65,3,7
skew,405,66,3,66,3,7
skew,406,71,3,71,3,7
skew,407,72,3,72,3,7
skew,408,70,3,70,3,7
skew,409,71,3,71,3,7
skew,410,76,3,76,3,7
skew,411,77,3,77,3,7
skew,412,81,3,81,3,7
skew,413,82,3,82,3,7
skew,414,87,3,87,3,7
skew,415,88,3,88,3,7
skew,416,50,2,50,2,7
skew,417,60,3,60,3,7
skew,418,65,3,65,3,7
skew,419,66,3,66,3,7
skew,420,70,3,70,3,7
skew,421,71,3,71,3,7
skew,422,76,3,76,3,7
skew,423,77,3,77,3,7
skew,424,75,3,75,3,7
skew,425,76,3,76,3,7
skew,426,81,3,81,3,7
skew,427,82,3,82,3,7
skew,428,86,3,86,3,7
skew,429,87,3,87,3,7
skew,430,92,3,92,3,7
skew,431,93,3,93,3,7
skew,432,51,2,51,2,7
skew,433,61,3,61,3,7
skew,434,66,3,66,3,7
skew,435,67,3,67,3,7
skew,436,71,3,71,3,7
skew,437,72,3,72,3,7
skew,438,77,3,77,3,7
skew,439,78,3,78,3,7
skew,440,76,3,76,3,7
skew,441,77,3,77,3,7
skew,442,82,3,82,3,7
skew,443,83,3,83,3,7
skew,444,87,3,87,3,7
skew,445,88,3,88,3,7
skew,446,93,3,93,3,7
skew,447,94,3,94,3,7
skew,448,55,2,55,2,7
skew,449,65,3,65,3,7
skew,450,70,3,70,3,7
skew,451,71,3,71,3,7
skew,452,75,3,75,3,7
skew,453,76,3,76,3,7
skew,454,81,3,81,3,7
skew,455,82,3,82,3,7
skew,456,80,3,80,3,7
skew,457,81,3,81,3,7
skew,458,86,3,86,3,7
skew,459,87,3,87,3,7
skew,460,91,3,91,3,7
skew,461,92,3,92,3,7
skew,462,97,3,97,3,7
skew,463,98,3,98,3,7
skew,464,56,2,56,2,7
skew,465,66,3,66,3,7
skew,466,71,3,71,3,7
skew,467,72,3,72,3,7
skew,468,76,3,76,3,7
skew,469,77,3,77,3,7
skew,470,82,3,82,3,7
skew,471,83,3,83,3,7
skew,472,81,3,81,3,7
skew,473,82,3,82,3,7
skew,474,87,3,87,3,7
skew,475,88,3,88,3,7
skew,476,92,3,92,3,7
skew,477,93,3,93,3,7
skew,478,98,3,98,3,7
skew,479,99,3,99,3,7
skew,480,61,2,61,2,7
skew,481,71,3,71,3,7
skew,482,76,3,76,3,7
skew,483,77,3,77,3,7
skew,484,81,3,81,3,7
skew,485,82,3,82,3,7
skew,486,87,3,87,3,7
skew,487,88,3,88,3,7
skew,488,86,3,86,3,7
skew,489,87,3,87,3,7
skew,490,92,3,92,3,7
skew,491,93,3,93,3,7
skew,492,97,3,97,3,7
skew,493,98,3,98,3,7
skew,494,103,3,103,3,7
skew,495,104,3,104,3,7
skew,496,62,2,62,2,7
skew,497,72,3,72,3,7
skew,498,77,3,77,3,7
skew,499,78,3,78,3,7
skew,500,82,3,82,3,7
skew,501,83,3,83,3,7
skew,502,88,3,88,3,7
skew,503,89,3,89,3,7
skew,504,87,3,87,3,7
skew,505,88,3,88,3,7
skew,506,93,3,93,3,7
skew,507,94,3,94,3,7
skew,508,98,3,98,3,7
skew,509,99,3,99,3,7
skew,510,104,3,104,3,7
skew,511,105,3,105,3,7
skew,512,21,1,21,1,7
skew,513,31,2,31,2,7
skew,514,36,2,36,2,7
skew,515,37,2,37,2,7
skew,516,41,2,41,2,7
skew,517,42,2,42,2,7
skew,518,47,2,47,2,7
skew,519,48,2,48,2,7
skew,520,46,2,46,2,7
skew,521,47,2,47,2,7
skew,522,52,2,52,2,7
skew,523,53,2,53,2,7
skew,524,57,2,57,2,7
skew,525,58,2,58,2,7
skew,526,63,2,63,2,7
skew,527,64,2,64,2,7
skew,528,34,2,34,2,7
skew,529,44,3,44,3,7
skew,530,49,3,49,3,7
skew,531,50,3,50,3,7
skew,532,54,3,54,3,7
skew,533,55,3,55,3,7
skew,534,60,3,60,3,7
skew,535,61,3,61,3,7
skew,536,59,3,59,3,7
skew,537,60,3,60,3,7
skew,538,65,3,65,3,7
skew,539,66,3,66,3,7
skew,540,70,3,70,3,7
skew,541,71,3,71,3,7
skew,542,76,3,76,3,7
skew,543,77,3,77,3,7
skew,544,39,2,39,2,7
skew,545,49,3,49,3,7
skew,546,54,3,54,3,7
skew,547,55,3,55,3,7
skew,548,59,3,59,3,7
skew,549,60,3,60,3,7
skew,550,65,3,65,3,7
skew,551,66,3,66,3,7
skew,552,64,3,64,3,7
skew,553,65,3,65,3,7
skew,554,70,3,70,3,7
skew,555,71,3,71,3,7
skew,556,75,3,75,3,7
skew,557,76,3,76,3,7
skew,558,81,3,81,3,7
skew,559,82,3,82,3,7
skew,560,40,2,40,2,7
skew,561,50,3,50,3,7
skew,562,55,3,55,3,7
skew,563,56,3,56,3,7
skew,564,60,3,60,3,7
skew,565,61,3,61,3,7
skew,566,66,3,66,3,7
skew,567,67,3,67,3,7
skew,568,65,3,65,3,7
skew,569,66,3,66,3,7
skew,570,71,3,71,3,7
skew,571,72,3,72,3,7
skew,572,76,3,76,3,7
skew,573,77,3,77,3,7
skew,574,82,3,82,3,7
skew,575,83,3,83,3,7
skew,576,44,2,44,2,7
skew,577,54,3,54,3,7
skew,578,59,3,59,3,7
skew,579,60,3,60,3,7
skew,580,64,3,64,3,7
skew,581,65,3,65,3,7
skew,582,70,3,70,3,7
skew,583,71,3,71,3,7
skew,584,69,3,69,3,7
skew,585,70,3,70,3,7
skew,586,75,3,75,3,7
skew,587,76,3,76,3,7
skew,588,80,3,80,3,7
skew,589,81,3,81,3,7
skew,590,86,3,86,3,7
skew,591,87,3,87,3,7
skew,592,45,2,45,2,7
skew,593,55,3,55,3,7
skew,594,60,3,60,3,7
skew,595,61,3,61,3,7
skew,596,65,3,65,3,7
skew,597,66,3,66,3,7
skew,598,71,3,71,3,7
skew,599,72,3,72,3,7
skew,600,70,3,70,3,7
skew,601,71,3,71,3,7
skew,602,76,3,76,3,7
skew,603,77,3,77,3,7
skew,604,81,3,81,3,7
skew,605,82,3,82,3,7
skew,606,87,3,87,3,7
skew,607,88,3,88,3,7
skew,608,50,2,50,2,7
skew,609,60,3,60,3,7
skew,610,65,3,65,3,7
skew,611,66,3,66,3,7
skew,612,70,3,70,3,7
skew,613,71,3,71,3,7
skew,614,76,3,76,3,7
skew,615,77,3,77,3,7
skew,616,75,3,75,3,7
skew,617,76,3,76,3,7
skew,618,81,3,81,3,7
skew,619,82,3,82,3,7
skew,620,86,3,86,3,7
skew,621,87,3,87,3,7
skew,622,92,3,92,3,7
skew,623,93,3,93,3,7
skew,624,51,2,51,2,7
skew,625,61,3,61,3,7
skew,626,66,3,66,3,7
skew,627,67,3,67,3,7
skew,628,71,3,71,3,7
skew,629,72,3,72,3,7
skew,630,77,3,77,3,7
skew,631,78,3,78,3,7
skew,632,76,3,76,3,7
skew,633,77,3,77,3,7
skew,634,82,3,82,3,7
skew,635,83,3,83,3,7
skew,636,87,3,87,3,7
skew,637,88,3,88,3,7
skew,638,93,3,93,3,7
skew,639,94,3,94,3,7
skew,640,49,2,49,2,7
skew,641,59,3,59,3,7
skew,642,64,3,64,3,7
skew,643,65,3,65,3,7
skew,644,69,3,69,3,7
skew,645,70,3,70,3,7
skew,646,75,3,75,3,7
skew,647,76,3,76,3,7
skew,648,74,3,74,3,7
skew,649,75,3,75,3,7
skew,650,80,3,80,3,7
skew,651,81,3,81,3,7
skew,652,85,3,85,3,7
skew,653,86,3,86,3,7
skew,654,91,3,91,3,7
skew,655,92,3,92,3,7
skew,656,50,2,50,2,7
skew,657,60,3,60,3,7
skew,658,65,3,65,3,7
skew,659,66,3,66,3,7
skew,660,70,3,70,3,7
skew,661,71,3,71,3,7
skew,662,76,3,76,3,7
skew,663,77,3,77,3,7
skew,664,75,3,75,3,7
skew,665,76,3,76,3,7
skew,666,81,3,81,3,7
skew,667,82,3,82,3,7
skew,668,86,3,86,3,7
skew,669,87,3,87,3,7
skew,670,92,3,92,3,7
skew,671,93,3,93,3,7
skew,672,55,2,55,2,7
skew,673,65,3,65,3,7
skew,674,70,3,70,3,7
skew,675,71,3,71,3,7
skew,676,75,3,75,3,7
skew,677,76,3,76,3,7
skew,678,81,3,81,3,7
skew,679,82,3,82,3,7
skew,680,80,3,80,3,7
skew,681,81,3,81,3,7
skew,682,86,3,86,3,7
skew,683,87,3,87,3,7
skew,684,91,3,91,3,7
skew,685,92,3,92,3,7
skew,686,97,3,97,3,7
skew,687,98,3,98,3,7
skew,688,56,2,56,2,7
skew,689,66,3,66,3,7
skew,690,71,3,71,3,7
skew,691,72,3,72,3,7
skew,692,76,3,76,3,7
skew,693,77,3,77,3,7
skew,694,82,3,82,3,7
skew,695,83,3,83,3,7
skew,696,81,3,81,3,7
skew,697,82,3,82,3,7
skew,698,87,3,87,3,7
skew,699,88,3,88,3,7
skew,700,92,3,92,3,7
skew,701,93,3,93,3,7
skew,702,98,3,98,3,7
skew,703,99,3,99,3,7
skew,704,60,2,60,2,7
skew,705,70,3,70,3,7
skew,706,75,3,75,3,7
skew,707,76,3,76,3,7
skew,708,80,3,80,3,7
skew,709,81,3,81,3,7
skew,710,86,3,86,3,7
skew,711,87,3,87,3,7
skew,712,85,3,85,3,7
skew,713,86,3,86,3,7
skew,714,91,3,91,3,7
skew,715,92,3,92,3,7
skew,716,96,3,96,3,7
skew,717,97,3,97,3,7
skew,718,102,3,102,3,7
skew,719,103,3,103,3,7
skew,720,61,2,61,2,7
skew,721,71,3,71,3,7
skew,722,76,3,76,3,7
skew,723,77,3,77,3,7
skew,724,81,3,81,3,7
skew,725,82,3,82,3,7
skew,726,87,3,87,3,7
skew,727,88,3,88,3,7
skew,728,86,3,86,3,7
skew,729,87,3,87,3,7
skew,730,92,3,92,3,7
skew,731,93,3,93,3,7
skew,732,97,3,97,3,7
skew,733,98,3,98,3,7
skew,734,103,3,103,3,7
skew,735,104,3,104,3,7
skew,736,66,2,66,2,7
skew,737,76,3,76,3,7
skew,738,81,3,81,3,7
skew,739,82,3,82,3,7
skew,740,86,3,86,3,7
skew,741,87,3,87,3,7
skew,742,92,3,92,3,7
skew,743,93,3,93,3,7
skew,744,91,3,91,3,7
skew,745,92,3,92,3,7
skew,746,97,3,97,3,7
skew,747,98,3,98,3,7
skew,748,102,3,102,3,7
skew,749,103,3,103,3,7
skew,750,108,3,108,3,7
skew,751,109,3,109,3,7
skew,752,67,2,67,2,7
skew,753,77,3,77,3,7
skew,754,82,3,82,3,7
skew,755,83,3,83,3,7
skew,756,87,3,87,3,7
skew,757,88,3,88,3,7
skew,758,93,3,93,3,7
skew,759,94,3,94,3,7
skew,760,92,3,92,3,7
skew,761,93,3,93,3,7
skew,762,98,3,98,3,7
skew,763,99,3,99,3,7
skew,764,103,3,103,3,7
skew,765,104,3,104,3,7
skew,766,109,3,109,3,7
skew,767,110,3,110,3,7
skew,768,22,1,22,1,7
skew,769,32,2,32,2,7
skew,770,37,2,37,2,7
skew,771,38,2,38,2,7
skew,772,42,2,42,2,7
skew,773,43,2,43,2,7
skew,774,48,2,48,2,7
skew,775,49,2,49,2,7
skew,776,47,2,47,2,7
skew,777,48,2,48,2,7
skew,778,53,2,53,2,7
skew,779,54,2,54,2,7
skew,780,58,2,58,2,7
skew,781,59,2,59,2,7
skew,782,64,2,64,2,7
skew,783,65,2,65,2,7
skew,784,35,2,35,2,7
skew,785,45,3,45,3,7
skew,786,50,3,50,3,7
skew,787,51,3,51,3,7
skew,788,55,3,55,3,7
skew,789,56,3,56,3,7
skew,790,61,3,61,3,7
skew,791,62,3,62,3,7
skew,792,60,3,60,3,7
skew,793,61,3,61,3,7
skew,794,66,3,66,3,7
skew,795,67,3,67,3,7
skew,796,71,3,71,3,7
skew,797,72,3,72,3,7
skew,798,77,3,77,3,7
skew,799,78,3,78,3,7
skew,800,40,2,40,2,7
skew,801,50,3,50,3,7
skew,802,55,3,55,3,7
skew,803,56,3,56,3,7
skew,804,60,3,60,3,7
skew,805,61,3,61,3,7
skew,806,66,3,66,3,7
skew,807,67,3,67,3,7
skew,808,65,3,65,3,7
skew,809,66,3,66,3,7
skew,810,71,3,71,3,7
skew,811,72,3,72,3,7
skew,812,76,3,76,3,7
skew,813,77,3,77,3,7
skew,814,82,3,82,3,7
skew,815,83,3,83,3,7
skew,816,41,2,41,2,7
skew,817,51,3,51,3,7
skew,818,56,3,56,3,7
skew,819,57,3,57,3,7
skew,820,61,3,61,3,7
skew,821,62,3,62,3,7
skew,822,67,3,67,3,7
skew,823,68,3,68,3,7
skew,824,66,3,66,3,7
skew,825,67,3,67,3,7
skew,826,72,3,72,3,7
skew,827,73,3,73,3,7
skew,828,77,3,77,3,7
skew,829,78,3,78,3,7
skew,830,83,3,83,3,7
skew,831,84,3,84,3,7
skew,832,45,2,45,2,7
skew,833,55,3,55,3,7
skew,834,60,3,60,3,7
skew,835,61,3,61,3,7
skew,836,65,3,65,3,7
skew,837,66,3,66,3,7
skew,838,71,3,71,3,7
skew,839,72,3,72,3,7
skew,840,70,3,70,3,7
skew,841,71,3,71,3,7
skew,842,76,3,76,3,7
skew,843,77,3,77,3,7
skew,844,81,3,81,3,7
skew,845,82,3,82,3,7
skew,846,87,3,87,3,7
skew,847,88,3,88,3,7
skew,848,46,2,46,2,7
skew,849,56,3,56,3,7
skew,850,61,3,61,3,7
skew,851,62,3,62,3,7
skew,852,66,3,66,3,7
skew,853,67,3,67,3,7
skew,854,72,3,72,3,7
skew,855,73,3,73,3,7
skew,856,71,3,71,3,7
skew,857,72,3,72,3,7
skew,858,77,3,77,3,7
skew,859,78,3,78,3,7
skew,860,82,3,82,3,7
skew,861,83,3,83,3,7
skew,862,88,3,88,3,7
skew,863,89,3,89,3,7
skew,864,51,2,51,2,7
skew,865,61,3,61,3,7
skew,866,66,3,66,3,7
skew,867,67,3,67,3,7
skew,868,71,3,71,3,7
skew,869,72,3,72,3,7
skew,870,77,3,77,3,7
skew,871,78,3,78,3,7
skew,872,76,3,76,3,7
skew,873,77,3,77,3,7
skew,874,82,3,82,3,7
skew,875,83,3,83,3,7
skew,876,87,3,87,3,7
skew,877,88,3,88,3,7
skew,878,93,3,93,3,7
skew,879,94,3,94,3,7
skew,880,52,2,52,2,7
skew,881,62,3,62,3,7
skew,882,67,3,67,3,7
skew,883,68,3,68,3,7
skew,884,72,3,72,3,7
skew,885,73,3,73,3,7
skew,886,78,3,78,3,7
skew,887,79,3,79,3,7
skew,888,77,3,77,3,7
skew,889,78,3,78,3,7
skew,890,83,3,83,3,7
skew,891,84,3,84,3,7
skew,892,88,3,88,3,7
skew,893,89,3,89,3,7
skew,894,94,3,94,3,7
skew,895,95,3,95,3,7
skew,896,50,2,50,2,7
skew,897,60,3,60,3,7
skew,898,65,3,65,3,7
skew,899,66,3,66,3,7
skew,900,70,3,70,3,7
skew,901,71,3,71,3,7
skew,902,76,3,76,3,7
skew,903,77,3,77,3,7
skew,904,75,3,75,3,7
skew,905,76,3,76,3,7
skew,906,81,3,81,3,7
skew,907,82,3,82,3,7
skew,908,86,3,86,3,7
skew,909,87,3,87,3,7
skew,910,92,3,92,3,7
skew,911,93,3,93,3,7
skew,912,51,2,51,2,7
skew,913,61,3,61,3,7
skew,914,66,3,66,3,7
skew,915,67,3,67,3,7
skew,916,71,3,71,3,7
skew,917,72,3,72,3,7
skew,918,77,3,77,3,7
skew,919,78,3,78,3,7
skew,920,76,3,76,3,7
skew,921,77,3,77,3,7
skew,922,82,3,82,3,7
skew,923,83,3,83,3,7
skew,924,87,3,87,3,7
skew,925,88,3,88,3,7
skew,926,93,3,93,3,7
skew,927,94,3,94,3,7
skew,928,56,2,56,2,7
skew,929,66,3,66,3,7
skew,930,71,3,71,3,7
skew,931,72,3,72,3,7
skew,932,76,3,76,3,7
skew,933,77,3,77,3,7
skew,934,82,3,82,3,7
skew,935,83,3,83,3,7
skew,936,81,3,81,3,7
skew,937,82,3,82,3,7
skew,938,87,3,87,3,7
skew,939,88,3,88,3,7
skew,940,92,3,92,3,7
skew,941,93,3,93,3,7
skew,942,98,3,98,3,7
skew,943,99,3,99,3,7
skew,944,57,2,57,2,7
skew,945,67,3,67,3,7
skew,946,72,3,72,3,7
skew,947,73,3,73,3,7
skew,948,77,3,77,3,7
skew,949,78,3,78,3,7
skew,950,83,3,83,3,7
skew,951,84,3,84,3,7
skew,952,82,3,82,3,7
skew,953,83,3,83,3,7
skew,954,88,3,88,3,7
skew,955,89,3,89,3,7
skew,956,93,3,93,3,7
skew,957,94,3,94,3,7
skew,958,99,3,99,3,7
skew,959,100,3,100,3,7
skew,960,61,2,61,2,7
skew,961,71,3,71,3,7
skew,962,76,3,76,3,7
skew,963,77,3,77,3,7
skew,964,81,3,81,3,7
skew,965,82,3,82,3,7
skew,966,87,3,87,3,7
skew,967,88,3,88,3,7
skew,968,86,3,86,3,7
skew,969,87,3,87,3,7
skew,970,92,3,92,3,7
skew,971,93,3,93,3,7
skew,972,97,3,97,3,7
skew,973,98,3,98,3,7
skew,974,103,3,103,3,7
skew,975,104,3,104,3,7
skew,976,62,2,62,2,7
skew,977,72,3,72,3,7
skew,978,77,3,77,3,7
skew,979,78,3,78,3,7
skew,980,82,3,82,3,7
skew,981,83,3,83,3,7
skew,982,88,3,88,3,7
skew,983,89,3,89,3,7
skew,984,87,3,87,3,7
skew,985,88,3,88,3,7
skew,986,93,3,93,3,7
skew,987,94,3,94,3,7
skew,988,98,3,98,3,7
skew,989,99,3,99,3,7
skew,990,104,3,104,3,7
skew,991,105,3,105,3,7
skew,992,67,2,67,2,7
skew,993,77,3,77,3,7
skew,994,82,3,82,3,7
skew,995,83,3,83,3,7
skew,996,87,3,87,3,7
skew,997,88,3,88,3,7
skew,998,93,3,93,3,7
skew,999,94,3,94,3,7
skew,1000,92,3,92,3,7
skew,1001,93,3,93,3,7
skew,1002,98,3,98,3,7
skew,1003,99,3,99,3,7
skew,1004,103,3,103,3,7
skew,1005,104,3,104,3,7
skew,1006,109,3,109,3,7
skew,1007,110,3,110,3,7
skew,1008,68,2,68,2,7
skew,1009,78,3,78,3,7
skew,1010,83,3,83,3,7
skew,1011,84,3,84,3,7
skew,1012,88,3,88,3,7
skew,1013,89,3,89,3,7
skew,1014,94,3,94,3,7
skew,1015,95,3,95,3,7
skew,1016,93,3,93,3,7
skew,1017,94,3,94,3,7
skew,1018,99,3,99,3,7
skew,1019,100,3,100,3,7
skew,1020,104,3,104,3,7
skew,1021,105,3,105,3,7
skew,1022,110,3,110,3,7
skew,1023,111,3,111,3,7
skew,1024,26,1,26,1,7
skew,1025,36,2,36,2,7
skew,1026,41,2,41,2,7
skew,1027,42,2,42,2,7
skew,1028,46,2,46,2,7
skew,1029,47,2,47,2,7
skew,1030,52,2,52,2,7
skew,1031,53,2,53,2,7
skew,1032,51,2,51,2,7
skew,1033,52,2,52,2,7
skew,1034,57,2,57,2,7
skew,1035,58,2,58,2,7
skew,1036,62,2,62,2,7
skew,1037,63,2,63,2,7
skew,1038,68,2,68,2,7
skew,1039,69,2,69,2,7
skew,1040,39,2,39,2,7
skew,1041,49,3,49,3,7
skew,1042,54,3,54,3,7
skew,1043,55,3,55,3,7
skew,1044,59,3,59,3,7
skew,1045,60,3,60,3,7
skew,1046,65,3,65,3,7
skew,1047,66,3,66,3,7
skew,1048,64,3,64,3,7
skew,1049,65,3,65,3,7
skew,1050,70,3,70,3,7
skew,1051,71,3,71,3,7
skew,1052,75,3,75,3,7
skew,1053,76,3,76,3,7
skew,1054,81,3,81,3,7
skew,1055,82,3,82,3,7
skew,1056,44,2,44,2,7
skew,1057,54,3,54,3,7
skew,1058,59,3,59,3,7
skew,1059,60,3,60,3,7
skew,1060,64,3,64,3,7
skew,1061,65,3,65,3,7
skew,1062,70,3,70,3,7
skew,1063,71,3,71,3,7
skew,1064,69,3,69,3,7
skew,1065,70,3,70,3,7
skew,1066,75,3,75,3,7
skew,1067,76,3,76,3,7
skew,1068,80,3,80,3,7
skew,1069,81,3,81,3,7
skew,1070,86,3,86,3,7
skew,1071,87,3,87,3,7
skew,1072,45,2,45,2,7
skew,1073,55,3,55,3,7
skew,1074,60,3,60,3,7
skew,1075,61,3,61,3,7
skew,1076,65,3,65,3,7
skew,1077,66,3,66,3,7
skew,1078,71,3,71,3,7
skew,1079,72,3,72,3,7
skew,1080,70,3,70,3,7
skew,1081,71,3,71,3,7
skew,1082,76,3,76,3,7
skew,1083,77,3,77,3,7
skew,1084,81,3,81,3,7
skew,1085,82,3,82,3,7
skew,1086,87,3,87,3,7
skew,1087,88,3,88,3,7
skew,1088,49,2,49,2,7
skew,1089,59,3,59,3,7
skew,1090,64,3,64,3,7
skew,1091,65,3,65,3,7
skew,1092,69,3,69,3,7
skew,1093,70,3,70,3,7
skew,1094,75,3,75,3,7
skew,1095,76,3,76,3,7
skew,1096,74,3,74,3,7
skew,1097,75,3,75,3,7
skew,1098,80,3,80,3,7
skew,1099,81,3,81,3,7
skew,1100,85,3,85,3,7
skew,1101,86,3,86,3,7
skew,1102,91,3,91,3,7
skew,1103,92,3,92,3,7
skew,1104,50,2,50,2,7
skew,1105,60,3,60,3,7
skew,1106,65,3,65,3,7
skew,1107,66,3,66,3,7
skew,1108,70,3,70,3,7
skew,1109,71,3,71,3,7
skew,1110,76,3,76,3,7
skew,1111,77,3,77,3,7
skew,1112,75,3,75,3,7
skew,1113,76,3,76,3,7
skew,1114,81,3,81,3,7
skew,1115,82,3,82,3,7
skew,1116,86,3,86,3,7
skew,1117,87,3,87,3,7
skew,1118,92,3,92,3,7
skew,1119,93,3,93,3,7
skew,1120,55,2,55,2,7
skew,1121,65,3,65,3,7
skew,1122,70,3,70,3,7
skew,1123,71,3,71,3,7
skew,1124,75,3,75,3,7
skew,1125,76,3,76,3,7
skew,1126,81,3,81,3,7
skew,1127,82,3,82,3,7
skew,1128,80,3,80,3,7
skew,1129,81,3,81,3,7
skew,1130,86,3,86,3,7
skew,1131,87,3,87,3,7
skew,1132,91,3,91,3,7
skew,1133,92,3,92,3,7
skew,1134,97,3,97,3,7
skew,1135,98,3,98,3,7
skew,1136,56,2,56,2,7
skew,1137,66,3,66,3,7
skew,1138,71,3,71,3,7
skew,1139,72,3,72,3,7
skew,1140,76,3,76,3,7
skew,1141,77,3,77,3,7
skew,1142,82,3,82,3,7
skew,1143,83,3,83,3,7
skew,1144,81,3,81,3,7
skew,1145,82,3,82,3,7
skew,1146,87,3,87,3,7
skew,1147,88,3,88,3,7
skew,1148,92,3,92,3,7
skew,1149,93,3,93,3,7
skew,1150,98,3,98,3,7
skew,1151,99,3,99,3,7
skew,1152,54,2,54,2,7
skew,1153,64,3,64,3,7
skew,1154,69,3,69,3,7
skew,1155,70,3,70,3,7
skew,1156,74,3,74,3,7
skew,1157,75,3,75,3,7
skew,1158,80,3,80,3,7
skew,1159,81,3,81,3,7
skew,1160,79,3,79,3,7
skew,1161,80,3,80,3,7
skew,1162,85,3,85,3,7
skew,1163,86,3,86,3,7
skew,1164,90,3,90,3,7
skew,1165,91,3,91,3,7
skew,1166,96,3,96,3,7
skew,1167,97,3,97,3,7
skew,1168,55,2,55,2,7
skew,1169,65,3,65,3,7
skew,1170,70,3,70,3,7
skew,1171,71,3,71,3,7
skew,1172,75,3,75,3,7
skew,1173,76,3,76,3,7
skew,1174,81,3,81,3,7
skew,1175,82,3,82,3,7
skew,1176,80,3,80,3,7
skew,1177,81,3,81,3,7
skew,1178,86,3,86,3,7
skew,1179,87,3,87,3,7
skew,1180,91,3,91,3,7
skew,1181,92,3,92,3,7
skew,1182,97,3,97,3,7
skew,1183,98,3,98,3,7
skew,1184,60,2,60,2,7
skew,1185,70,3,70,3,7
skew,1186,75,3,75,3,7
skew,1187,76,3,76,3,7
skew,1188,80,3,80,3,7
skew,1189,81,3,81,3,7
skew,1190,86,3,86,3,7
skew,1191,87,3,87,3,7
skew,1192,85,3,85,3,7
skew,1193,86,3,86,3,7
skew,1194,91,3,91,3,7
skew,1195,92,3,92,3,7
skew,1196,96,3,96,3,7
skew,1197,97,3,97,3,7
skew,1198,102,3,102,3,7
skew,1199,103,3,103,3,7
skew,1200,61,2,61,2,7
skew,1201,71,3,71,3,7
skew,1202,76,3,76,3,7
skew,1203,77,3,77,3,7
skew,1204,81,3,81,3,7
skew,1205,82,3,82,3,7
skew,1206,87,3,87,3,7
skew,1207,88,3,88,3,7
skew,1208,86,3,86,3,7
skew,1209,87,3,87,3,7
skew,1210,92,3,92,3,7
skew,1211,93,3,93,3,7
skew,1212,97,3,97,3,7
skew,1213,98,3,98,3,7
skew,1214,103,3,103,3,7
skew,1215,104,3,104,3,7
skew,1216,65,2,65,2,7
skew,1217,75,3,75,3,7
skew,1218,80,3,80,3,7
skew,1219,81,3,81,3,7
skew,1220,85,3,85,3,7
skew,1221,86,3,86,3,7
skew,1222,91,3,91,3,7
skew,1223,92,3,92,3,7
skew,1224,90,3,90,3,7
skew,1225,91,3,91,3,7
skew,1226,96,3,96,3,7
skew,1227,97,3,97,3,7
skew,1228,101,3,101,3,7
skew,1229,102,3,102,3,7
skew,1230,107,3,107,3,7
skew,1231,108,3,108,3,7
skew,1232,66,2,66,2,7
skew,1233,76,3,76,3,7
skew,1234,81,3,81,3,7
skew,1235,82,3,82,3,7
skew,1236,86,3,86,3,7
skew,1237,87,3,87,3,7
skew,1238,92,3,92,3,7
skew,1239,93,3,93,3,7
skew,1240,91,3,91,3,7
skew,1241,92,3,92,3,7
skew,1242,97,3,97,3,7
skew,1243,98,3,98,3,7
skew,1244,102,3,102,3,7
skew,1245,103,3,103,3,7
skew,1246,108,3,108,3,7
skew,1247,109,3,109,3,7
skew,1248,71,2,71,2,7
skew,1249,81,3,81,3,7
skew,1250,86,3,86,3,7
skew,1251,87,3,87,3,7
skew,1252,91,3,91,3,7
skew,1253,92,3,92,3,7
skew,1254,97,3,97,3,7
skew,1255,98,3,98,3,7
skew,1256,96,3,96,3,7
skew,1257,97,3,97,3,7
skew,1258,102,3,102,3,7
skew,1259,103,3,103,3,7
skew,1260,107,3,107,3,7
skew,1261,108,3,108,3,7
skew,1262,113,3,113,3,7
skew,1263,114,3,114,3,7
skew,1264,72,2,72,2,7
skew,1265,82,3,82,3,7
skew,1266,87,3,87,3,7
skew,1267,88,3,88,3,7
skew,1268,92,3,92,3,7
skew,1269,93,3,93,3,7
skew,1270,98,3,98,3,7
skew,1271,99,3,99,3,7
skew,1272,97,3,97,3,7
skew,1273,98,3,98,3,7
skew,1274,103,3,103,3,7
skew,1275,104,3,104,3,7
skew,1276,108,3,108,3,7
skew,1277,109,3,109,3,7
skew,1278,114,3,114,3,7
skew,1279,115,3,115,3,7
skew,1280,27,1,27,1,7
skew,1281,37,2,37,2,7
skew,1282,42,2,42,2,7
skew,1283,43,2,43,2,7
skew,1284,47,2,47,2,7
skew,1285,48,2,48,2,7
skew,1286,53,2,53,2,7
skew,1287,54,2,54,2,7
skew,1288,52,2,52,2,7
skew,1289,53,2,53,2,7
skew,1290,58,2,58,2,7
skew,1291,59,2,59,2,7
skew,1292,63,2,63,2,7
skew,1293,64,2,64,2,7
skew,1294,69,2,69,2,7
skew,1295,70,2,70,2,7
skew,1296,40,2,40,2,7
skew,1297,50,3,50,3,7
skew,1298,55,3,55,3,7
skew,1299,56,3,56,3,7
skew,1300,60,3,60,3,7
skew,1301,61,3,61,3,7
skew,1302,66,3,66,3,7
skew,1303,67,3,67,3,7
skew,1304,65,3,65,3,7
skew,1305,66,3,66,3,7
skew,1306,71,3,71,3,7
skew,1307,72,3,72,3,7
skew,1308,76,3,76,3,7
skew,1309,77,3,77,3,7
skew,1310,82,3,82,3,7
skew,1311,83,3,83,3,7
skew,1312,45,2,45,2,7
skew,1313,55,3,55,3,7
skew,1314,60,3,60,3,7
skew,1315,61,3,61,3,7
skew,1316,65,3,65,3,7
skew,1317,66,3,66,3,7
skew,1318,71,3,71,3,7
skew,1319,72,3,72,3,7
skew,1320,70,3,70,3,7
skew,1321,71,3,71,3,7
skew,1322,76,3,76,3,7
skew,1323,77,3,77,3,7
skew,1324,81,3,81,3,7
skew,1325,82,3,82,3,7
skew,1326,87,3,87,3,7
skew,1327,88,3,88,3,7
skew,1328,46,2,46,2,7
skew,1329,56,3,56,3,7
skew,1330,61,3,61,3,7
skew,1331,62,3,62,3,7
skew,1332,66,3,66,3,7
skew,1333,67,3,67,3,7
skew,1334,72,3,72,3,7
skew,1335,73,3,73,3,7
skew,1336,71,3,71,3,7
skew,1337,72,3,72,3,7
skew,1338,77,3,77,3,7
skew,1339,78,3,78,3,7
skew,1340,82,3,82,3,7
skew,1341,83,3,83,3,7
skew,1342,88,3,88,3,7
skew,1343,89,3,89,3,7
skew,1344,50,2,50,2,7
skew,1345,60,3,60,3,7
skew,1346,65,3,65,3,7
skew,1347,66,3,66,3,7
skew,1348,70,3,70,3,7
skew,1349,71,3,71,3,7
skew,1350,76,3,76,3,7
skew,1351,77,3,77,3,7
skew,1352,75,3,75,3,7
skew,1353,76,3,76,3,7
skew,1354,81,3,81,3,7
skew,1355,82,3,82,3,7
skew,1356,86,3,86,3,7
skew,1357,87,3,87,3,7
skew,1358,92,3,92,3,7
skew,1359,93,3,93,3,7
skew,1360,51,2,51,2,7
skew,1361,61,3,61,3,7
skew,1362,66,3,66,3,7
skew,1363,67,3,67,3,7
skew,1364,71,3,71,3,7
skew,1365,72,3,72,3,7
skew,1366,77,3,77,3,7
skew,1367,78,3,78,3,7
skew,1368,76,3,76,3,7
skew,1369,77,3,77,3,7
skew,1370,82,3,82,3,7
skew,1371,83,3,83,3,7
skew,1372,87,3,87,3,7
skew,1373,88,3,88,3,7
skew,1374,93,3,93,3,7
skew,1375,94,3,94,3,7
skew,1376,56,2,56,2,7
skew,1377,66,3,66,3,7
skew,1378,71,3,71,3,7
skew,1379,72,3,72,3,7
skew,1380,76,3,76,3,7
skew,1381,77,3,77,3,7
skew,1382,82,3,82,3,7
skew,1383,83,3,83,3,7
skew,1384,81,3,81,3,7
skew,1385,82,3,82,3,7
skew,1386,87,3,87,3,7
skew,1387,88,3,88,3,7
skew,1388,92,3,92,3,7
skew,1389,93,3,93,3,7
skew,1390,98,3,98,3,7
skew,1391,99,3,99,3,7
skew,1392,57,2,57,2,7
skew,1393,67,3,67,3,7
skew,1394,72,3,72,3,7
skew,1395,73,3,73,3,7
skew,1396,77,3,77,3,7
skew,1397,78,3,78,3,7
skew,1398,83,3,83,3,7
skew,1399,84,3,84,3,7
skew,1400,82,3,82,3,7
skew,1401,83,3,83,3,7
skew,1402,88,3,88,3,7
skew,1403,89,3,89,3,7
skew,1404,93,3,93,3,7
skew,1405,94,3,94,3,7
skew,1406,99,3,99,3,7
skew,1407,100,3,100,3,7
skew,1408,55,2,55,2,7
skew,1409,65,3,65,3,7
skew,1410,70,3,70,3,7
skew,1411,71,3,71,3,7
skew,1412,75,3,75,3,7
skew,1413,76,3,76,3,7
skew,1414,81,3,81,3,7
skew,1415,82,3,82,3,7
skew,1416,80,3,80,3,7
skew,1417,81,3,81,3,7
skew,1418,86,3,86,3,7
skew,1419,87,3,87,3,7
skew,1420,91,3,91,3,7
skew,1421,92,3,92,3,7
skew,1422,97,3,97,3,7
skew,1423,98,3,98,3,7
skew,1424,56,2,56,2,7
skew,1425,66,3,66,3,7
skew,1426,71,3,71,3,7
skew,1427,72,3,72,3,7
skew,1428,76,3,76,3,7
skew,1429,77,3,77,3,7
skew,1430,82,3,82,3,7
skew,1431,83,3,83,3,7
skew,1432,81,3,81,3,7
skew,1433,82,3,82,3,7
skew,1434,87,3,87,3,7
skew,1435,88,3,88,3,7
skew,1436,92,3,92,3,7
skew,1437,93,3,93,3,7
skew,1438,98,3,98,3,7
skew,1439,99,3,99,3,7
skew,1440,61,2,61,2,7
skew,1441,71,3,71,3,7
skew,1442,76,3,76,3,7
skew,1443,77,3,77,3,7
skew,1444,81,3,81,3,7
skew,1445,82,3,82,3,7
skew,1446,87,3,87,3,7
skew,1447,88,3,88,3,7
skew,1448,86,3,86,3,7
skew,1449,87,3,87,3,7
skew,1450,92,3,92,3,7
skew,1451,93,3,93,3,7
skew,1452,97,3,97,3,7
skew,1453,98,3,98,3,7
skew,1454,103,3,103,3,7
skew,1455,104,3,104,3,7
skew,1456,62,2,62,2,7
skew,1457,72,3,72,3,7
skew,1458,77,3,77,3,7
skew,1459,78,3,78,3,7
skew,1460,82,3,82,3,7
skew,1461,83,3,83,3,7
skew,1462,88,3,88,3,7
skew,1463,89,3,89,3,7
skew,1464,87,3,87,3,7
skew,1465,88,3,88,3,7
skew,1466,93,3,93,3,7
skew,1467,94,3,94,3,7
skew,1468,98,3,98,3,7
skew,1469,99,3,99,3,7
skew,1470,104,3,104,3,7
skew,1471,105,3,105,3,7
skew,1472,66,2,66,2,7
skew,1473,76,3,76,3,7
skew,1474,81,3,81,3,7
skew,1475,82,3,82,3,7
skew,1476,86,3,86,3,7
skew,1477,87,3,87,3,7
skew,1478,92,3,92,3,7
skew,1479,93,3,93,3,7
skew,1480,91,3,91,3,7
skew,1481,92,3,92,3,7
skew,1482,97,3,97,3,7
skew,1483,98,3,98,3,7
skew,1484,102,3,102,3,7
skew,1485,103,3,103,3,7
skew,1486,108,3,108,3,7
skew,1487,109,3,109,3,7
skew,1488,67,2,67,2,7
skew,1489,77,3,77,3,7
skew,1490,82,3,82,3,7
skew,1491,83,3,83,3,7
skew,1492,87,3,87,3,7
skew,1493,88,3,88,3,7
skew,1494,93,3,93,3,7
skew,1495,94,3,94,3,7
skew,1496,92,3,92,3,7
skew,1497,93,3,93,3,7
skew,1498,98,3,98,3,7
skew,1499,99,3,99,3,7
skew,1500,103,3,103,3,7
skew,1501,104,3,104,3,7
skew,1502,109,3,109,3,7
skew,1503,110,3,110,3,7
skew,1504,72,2,72,2,7
skew,1505,82,3,82,3,7
skew,1506,87,3,87,3,7
skew,1507,88,3,88,3,7
skew,1508,92,3,92,3,7
skew,1509,93,3,93,3,7
skew,1510,98,3,98,3,7
skew,1511,99,3,99,3,7
skew,1512,97,3,97,3,7
skew,1513,98,3,98,3,7
skew,1514,103,3,103,3,7
skew,1515,104,3,104,3,7
skew,1516,108,3,108,3,7
skew,1517,109,3,109,3,7
skew,1518,114,3,114,3,7
skew,1519,115,3,115,3,7
skew,1520,73,2,73,2,7
skew,1521,83,3,83,3,7
skew,1522,88,3,88,3,7
skew,1523,89,3,89,3,7
skew,1524,93,3,93,3,7
skew,1525,94,3,94,3,7
skew,1526,99,3,99,3,7
skew,1527,100,3,100,3,7
skew,1528,98,3,98,3,7
skew,1529,99,3,99,3,7
skew,1530,104,3,104,3,7
skew,1531,105,3,105,3,7
skew,1532,109,3,109,3,7
skew,1533,110,3,110,3,7
skew,1534,115,3,115,3,7
skew,1535,116,3,116,3,7
skew,1536,32,1,32,1,7
skew,1537,42,2,42,2,7
skew,1538,47,2,47,2,7
skew,1539,48,2,48,2,7
skew,1540,52,2,52,2,7
skew,1541,53,2,53,2,7
skew,1542,58,2,58,2,7
skew,1543,59,2,59,2,7
skew,1544,57,2,57,2,7
skew,1545,58,2,58,2,7
skew,1546,63,2,63,2,7
skew,1547,64,2,64,2,7
skew,1548,68,2,68,2,7
skew,1549,69,2,69,2,7
skew,1550,74,2,74,2,7
skew,1551,75,2,75,2,7
skew,1552,45,2,45,2,7
skew,1553,55,3,55,3,7
skew,1554,60,3,60,3,7
skew,1555,61,3,61,3,7
skew,1556,65,3,65,3,7
skew,1557,66,3,66,3,7
skew,1558,71,3,71,3,7
skew,1559,72,3,72,3,7
skew,1560,70,3,70,3,7
skew,1561,71,3,71,3,7
skew,1562,76,3,76,3,7
skew,1563,77,3,77,3,7
skew,1564,81,3,81,3,7
skew,1565,82,3,82,3,7
skew,1566,87,3,87,3,7
skew,1567,88,3,88,3,7
skew,1568,50,2,50,2,7
skew,1569,60,3,60,3,7
skew,1570,65,3,65,3,7
skew,1571,66,3,66,3,7
skew,1572,70,3,70,3,7
skew,1573,71,3,71,3,7
skew,1574,76,3,76,3,7
skew,1575,77,3,77,3,7
skew,1576,75,3,75,3,7
skew,1577,76,3,76,3,7
skew,1578,81,3,81,3,7
skew,1579,82,3,82,3,7
skew,1580,86,3,86,3,7
skew,1581,87,3,87,3,7
skew,1582,92,3,92,3,7
skew,1583,93,3,93,3,7
skew,1584,51,2,51,2,7
skew,1585,61,3,61,3,7
skew,1586,66,3,66,3,7
skew,1587,67,3,67,3,7
skew,1588,71,3,71,3,7
skew,1589,72,3,72,3,7
skew,1590,77,3,77,3,7
skew,1591,78,3,78,3,7
skew,1592,76,3,76,3,7
skew,1593,77,3,77,3,7
skew,1594,82,3,82,3,7
skew,1595,83,3,83,3,7
skew,1596,87,3,87,3,7
skew,1597,88,3,88,3,7
skew,1598,93,3,93,3,7
skew,1599,94,3,94,3,7
skew,1600,55,2,55,2,7
skew,1601,65,3,65,3,7
skew,1602,70,3,70,3,7
skew,1603,71,3,71,3,7
skew,1604,75,3,75,3,7
skew,1605,76,3,76,3,7
skew,1606,81,3,81,3,7
skew,1607,82,3,82,3,7
skew,1608,80,3,80,3,7
skew,1609,81,3,81,3,7
skew,1610,86,3,86,3,7
skew,1611,87,3,87,3,7
skew,1612,91,3,91,3,7
skew,1613,92,3,92,3,7
skew,1614,97,3,97,3,7
skew,1615,98,3,98,3,7
skew,1616,56,2,56,2,7
skew,1617,66,3,66,3,7
skew,1618,71,3,71,3,7
skew,1619,72,3,72,3,7
skew,1620,76,3,76,3,7
skew,1621,77,3,77,3,7
skew,1622,82,3,82,3,7
skew,1623,83,3,83,3,7
skew,1624,81,3,81,3,7
skew,1625,82,3,82,3,7
skew,1626,87,3,87,3,7
skew,1627,88,3,88,3,7
skew,1628,92,3,92,3,7
skew,1629,93,3,93,3,7
skew,1630,98,3,98,3,7
skew,1631,99,3,99,3,7
skew,1632,61,2,61,2,7
skew,1633,71,3,71,3,7
skew,1634,76,3,76,3,7
skew,1635,77,3,77,3,7
skew,1636,81,3,81,3,7
skew,1637,82,3,82,3,7
skew,1638,87,3,87,3,7
skew,1639,88,3,88,3,7
skew,1640,86,3,86,3,7
skew,1641,87,3,87,3,7
skew,1642,92,3,92,3,7
skew,1643,93,3,93,3,7
skew,1644,97,3,97,3,7
skew,1645,98,3,98,3,7
skew,1646,103,3,103,3,7
skew,1647,104,3,104,3,7
skew,1648,62,2,62,2,7
skew,1649,72,3,72,3,7
skew,1650,77,3,77,3,7
skew,1651,78,3,78,3,7
skew,1652,82,3,82,3,7
skew,1653,83,3,83,3,7
skew,1654,88,3,88,3,7
skew,1655,89,3,89,3,7
skew,1656,87,3,87,3,7
skew,1657,88,3,88,3,7
skew,1658,93,3,93,3,7
skew,1659,94,3,94,3,7
skew,1660,98,3,98,3,7
skew,1661,99,3,99,3,7
skew,1662,104,3,104,3,7
skew,1663,105,3,105,3,7
skew,1664,60,2,60,2,7
skew,1665,70,3,70,3,7
skew,1666,75,3,75,3,7
skew,1667,76,3,76,3,7
skew,1668,80,3,80,3,7
skew,1669,81,3,81,3,7
skew,1670,86,3,86,3,7
skew,1671,87,3,87,3,7
skew,1672,85,3,85,3,7
skew,1673,86,3,86,3,7
skew,1674,91,3,91,3,7
skew,1675,92,3,92,3,7
skew,1676,96,3,96,3,7
skew,1677,97,3,97,3,7
skew,1678,102,3,102,3,7
skew,1679,103,3,103,3,7
skew,1680,61,2,61,2,7
skew,1681,71,3,71,3,7
skew,1682,76,3,76,3,7
skew,1683,77,3,77,3,7
skew,1684,81,3,81,3,7
skew,1685,82,3,82,3,7
skew,1686,87,3,87,3,7
skew,1687,88,3,88,3,7
skew,1688,86,3,86,3,7
skew,1689,87,3,87,3,7
skew,1690,92,3,92,3,7
skew,1691,93,3,93,3,7
skew,1692,97,3,97,3,7
skew,1693,98,3,98,3,7
skew,1694,103,3,103,3,7
skew,1695,104,3,104,3,7
skew,1696,66,2,66,2,7
skew,1697,76,3,76,3,7
skew,1698,81,3,81,3,7
skew,1699,82,3,82,3,7
skew,1700,86,3,86,3,7
skew,1701,87,3,87,3,7
skew,1702,92,3,92,3,7
skew,1703,93,3,93,3,7
skew,1704,91,3,91,3,7
skew,1705,92,3,92,3,7
skew,1706,97,3,97,3,7
skew,1707,98,3,98,3,7
skew,1708,102,3,102,3,7
skew,1709,103,3,103,3,7
skew,1710,108,3,108,3,7
skew,1711,109,3,109,3,7
skew,1712,67,2,67,2,7
skew,1713,77,3,77,3,7
skew,1714,82,3,82,3,7
skew,1715,83,3,83,3,7
skew,1716,87,3,87,3,7
skew,1717,88,3,88,3,7
skew,1718,93,3,93,3,7
skew,1719,94,3,94,3,7
skew,1720,92,3,92,3,7
skew,1721,93,3,93,3,7
skew,1722,98,3,98,3,7
skew,1723,99,3,99,3,7
skew,1724,103,3,103,3,7
skew,1725,104,3,104,3,7
skew,1726,109,3,109,3,7
skew,1727,110,3,110,3,7
skew,1728,71,2,71,2,7
skew,1729,81,3,81,3,7
skew,1730,86,3,86,3,7
skew,1731,87,3,87,3,7
skew,1732,91,3,91,3,7
skew,1733,92,3,92,3,7
skew,1734,97,3,97,3,7
skew,1735,98,3,98,3,7
skew,1736,96,3,96,3,7
skew,1737,97,3,97,3,7
skew,1738,102,3,102,3,7
skew,1739,103,3,103,3,7
skew,1740,107,3,107,3,7
skew,1741,108,3,108,3,7
skew,1742,113,3,113,3,7
skew,1743,114,3,114,3,7
skew,1744,72,2,72,2,7
skew,1745,82,3,82,3,7
skew,1746,87,3,87,3,7
skew,1747,88,3,88,3,7
skew,1748,92,3,92,3,7
skew,1749,93,3,93,3,7
skew,1750,98,3,98,3,7
skew,1751,99,3,99,3,7
skew,1752,97,3,97,3,7
skew,1753,98,3,98,3,7
skew,1754,103,3,103,3,7
skew,1755,104,3,104,3,7
skew,1756,108,3,108,3,7
skew,1757,109,3,109,3,7
skew,1758,114,3,114,3,7
skew,1759,115,3,115,3,7
skew,1760,77,2,77,2,7
skew,1761,87,3,87,3,7
skew,1762,92,3,92,3,7
skew,1763,93,3,93,3,7
skew,1764,97,3,97,3,7
skew,1765,98,3,98,3,7
skew,1766,103,3,103,3,7
skew,1767,104,3,104,3,7
skew,1768,102,3,102,3,7
skew,1769,103,3,103,3,7
skew,1770,108,3,108,3,7
skew,1771,109,3,109,3,7
skew,1772,113,3,113,3,7
skew,1773,114,3,114,3,7
skew,1774,119,3,119,3,7
skew,1775,120,3,120,3,7
skew,1776,78,2,78,2,7
skew,1777,88,3,88,3,7
skew,1778,93,3,93,3,7
skew,1779,94,3,94,3,7
skew,1780,98,3,98,3,7
skew,1781,99,3,99,3,7
skew,1782,104,3,104,3,7
skew,1783,105,3,105,3,7
skew,1784,103,3,103,3,7
skew,1785,104,3,104,3,7
skew,1786,109,3,109,3,7
skew,1787,110,3,110,3,7
skew,1788,114,3,114,3,7
skew,1789,115,3,115,3,7
skew,1790,120,3,120,3,7
skew,1791,121,3,121,3,7
skew,1792,33,1,33,1,7
skew,1793,43,2,43,2,7
skew,1794,48,2,48,2,7
skew,1795,49,2,49,2,7
skew,1796,53,2,53,2,7
skew,1797,54,2,54,2,7
skew,1798,59,2,59,2,7
skew,1799,60,2,60,2,7
skew,1800,58,2,58,2,7
skew,1801,59,2,59,2,7
skew,1802,64,2,64,2,7
skew,1803,65,2,65,2,7
skew,1804,69,2,69,2,7
skew,1805,70,2,70,2,7
skew,1806,75,2,75,2,7
skew,1807,76,2,76,2,7
skew,1808,46,2,46,2,7
skew,1809,56,3,56,3,7
skew,1810,61,3,61,3,7
skew,1811,62,3,62,3,7
skew,1812,66,3,66,3,7
skew,1813,67,3,67,3,7
skew,1814,72,3,72,3,7
skew,1815,73,3,73,3,7
skew,1816,71,3,71,3,7
skew,1817,72,3,72,3,7
skew,1818,77,3,77,3,7
skew,1819,78,3,78,3,7
skew,1820,82,3,82,3,7
skew,1821,83,3,83,3,7
skew,1822,88,3,88,3,7
skew,1823,89,3,89,3,7
skew,1824,51,2,51,2,7
skew,1825,61,3,61,3,7
skew,1826,66,3,66,3,7
skew,1827,67,3,67,3,7
skew,1828,71,3,71,3,7
skew,1829,72,3,72,3,7
skew,1830,77,3,77,3,7
skew,1831,78,3,78,3,7
skew,1832,76,3,76,3,7
skew,1833,77,3,77,3,7
skew,1834,82,3,82,3,7
skew,1835,83,3,83,3,7
skew,1836,87,3,87,3,7
skew,1837,88,3,88,3,7
skew,1838,93,3,93,3,7
skew,1839,94,3,94,3,7
skew,1840,52,2,52,2,7
skew,1841,62,3,62,3,7
skew,1842,67,3,67,3,7
skew,1843,68,3,68,3,7
skew,1844,72,3,72,3,7
skew,1845,73,3,73,3,7
skew,1846,78,3,78,3,7
skew,1847,79,3,79,3,7
skew,1848,77,3,77,3,7
skew,1849,78,3,78,3,7
skew,1850,83,3,83,3,7
skew,1851,84,3,84,3,7
skew,1852,88,3,88,3,7
skew,1853,89,3,89,3,7
skew,1854,94,3,94,3,7
skew,1855,95,3,95,3,7
skew,1856,56,2,56,2,7
skew,1857,66,3,66,3,7
skew,1858,71,3,71,3,7
skew,1859,72,3,72,3,7
skew,1860,76,3,76,3,7
skew,1861,77,3,77,3,7
skew,1862,82,3,82,3,7
skew,1863,83,3,83,3,7
skew,1864,81,3,81,3,7
skew,1865,82,3,82,3,7
skew,1866,87,3,87,3,7
skew,1867,88,3,88,3,7
skew,1868,92,3,92,3,7
skew,1869,93,3,93,3,7
skew,1870,98,3,98,3,7
skew,1871,99,3,99,3,7
skew,1872,57,2,57,2,7
skew,1873,67,3,67,3,7
skew,1874,72,3,72,3,7
skew,1875,73,3,73,3,7
skew,1876,77,3,77,3,7
skew,1877,78,3,78,3,7
skew,1878,83,3,83,3,7
skew,1879,84,3,84,3,7
skew,1880,82,3,82,3,7
skew,1881,83,3,83,3,7
skew,1882,88,3,88,3,7
skew,1883,89,3,89,3,7
skew,1884,93,3,93,3,7
skew,1885,94,3,94,3,7
skew,1886,99,3,99,3,7
skew,1887,100,3,100,3,7
skew,1888,62,2,62,2,7
skew,1889,72,3,72,3,7
skew,1890,77,3,77,3,7
skew,1891,78,3,78,3,7
skew,1892,82,3,82,3,7
skew,1893,83,3,83,3,7
skew,1894,88,3,88,3,7
skew,1895,89,3,89,3,7
skew,1896,87,3,87,3,7
skew,1897,88,3,88,3,7
skew,1898,93,3,93,3,7
skew,1899,94,3,94,3,7
skew,1900,98,3,98,3,7
skew,1901,99,3,99,3,7
skew,1902,104,3,104,3,7
skew,1903,105,3,105,3,7
skew,1904,63,2,63,2,7
skew,1905,73,3,73,3,7
skew,1906,78,3,78,3,7
skew,1907,79,3,79,3,7
skew,1908,83,3,83,3,7
skew,1909,84,3,84,3,7
skew,1910,89,3,89,3,7
skew,1911,90,3,90,3,7
skew,1912,88,3,88,3,7
skew,1913,89,3,89,3,7
skew,1914,94,3,94,3,7
skew,1915,95,3,95,3,7
skew,1916,99,3,99,3,7
skew,1917,100,3,100,3,7
skew,1918,105,3,105,3,7
skew,1919,106,3,106,3,7
skew,1920,61,2,61,2,7
skew,1921,71,3,71,3,7
skew,1922,76,3,76,3,7
skew,1923,77,3,77,3,7
skew,1924,81,3,81,3,7
skew,1925,82,3,82,3,7
skew,1926,87,3,87,3,7
skew,1927,88,3,88,3,7
skew,1928,86,3,86,3,7
skew,1929,87,3,87,3,7
skew,1930,92,3,92,3,7
skew,1931,93,3,93,3,7
skew,1932,97,3,97,3,7
skew,1933,98,3,98,3,7
skew,1934,103,3,103,3,7
skew,1935,104,3,104,3,7
skew,1936,62,2,62,2,7
skew,1937,72,3,72,3,7
skew,1938,77,3,77,3,7
skew,1939,78,3,78,3,7
skew,1940,82,3,82,3,7
skew,1941,83,3,83,3,7
skew,1942,88,3,88,3,7
skew,1943,89,3,89,3,7
skew,1944,87,3,87,3,7
skew,1945,88,3,88,3,7
skew,1946,93,3,93,3,7
skew,1947,94,3,94,3,7
skew,1948,98,3,98,3,7
skew,1949,99,3,99,3,7
skew,1950,104,3,104,3,7
skew,1951,105,3,105,3,7
skew,1952,67,2,67,2,7
skew,1953,77,3,77,3,7
skew,1954,82,3,82,3,7
skew,1955,83,3,83,3,7
skew,1956,87,3,87,3,7
skew,1957,88,3,88,3,7
skew,1958,93,3,93,3,7
skew,1959,94,3,94,3,7
skew,1960,92,3,92,3,7
skew,1961,93,3,93,3,7
skew,1962,98,3,98,3,7
skew,1963,99,3,99,3,7
skew,1964,103,3,103,3,7
skew,1965,104,3,104,3,7
skew,1966,109,3,109,3,7
skew,1967,110,3,110,3,7
skew,1968,68,2,68,2,7
skew,1969,78,3,78,3,7
skew,1970,83,3,83,3,7
skew,1971,84,3,84,3,7
skew,1972,88,3,88,3,7
skew,1973,89,3,89,3,7
skew,1974,94,3,94,3,7
skew,1975,95,3,95,3,7
skew,1976,93,3,93,3,7
skew,1977,94,3,94,3,7
skew,1978,99,3,99,3,7
skew,1979,100,3,100,3,7
skew,1980,104,3,104,3,7
skew,1981,105,3,105,3,7
skew,1982,110,3,110,3,7
skew,1983,111,3,111,3,7
skew,1984,72,2,72,2,7
skew,1985,82,3,82,3,7
skew,1986,87,3,87,3,7
skew,1987,88,3,88,3,7
skew,1988,92,3,92,3,7
skew,1989,93,3,93,3,7
skew,1990,98,3,98,3,7
skew,1991,99,3,99,3,7
skew,1992,97,3,97,3,7
skew,1993,98,3,98,3,7
skew,1994,103,3,103,3,7
skew,1995,104,3,104,3,7
skew,1996,108,3,108,3,7
skew,1997,109,3,109,3,7
skew,1998,114,3,114,3,7
skew,1999,115,3,115,3,7
skew,2000,73,2,73,2,7
skew,2001,83,3,83,3,7
skew,2002,88,3,88,3,7
skew,2003,89,3,89,3,7
skew,2004,93,3,93,3,7
skew,2005,94,3,94,3,7
skew,2006,99,3,99,3,7
skew,2007,100,3,100,3,7
skew,2008,98,3,98,3,7
skew,2009,99,3,99,3,7
skew,2010,104,3,104,3,7
skew,2011,105,3,105,3,7
skew,2012,109,3,109,3,7
skew,2013,110,3,110,3,7
skew,2014,115,3,115,3,7
skew,2015,116,3,116,3,7
skew,2016,78,2,78,2,7
skew,2017,88,3,88,3,7
skew,2018,93,3,93,3,7
skew,2019,94,3,94,3,7
skew,2020,98,3,98,3,7
skew,2021,99,3,99,3,7
skew,2022,104,3,104,3,7
skew,2023,105,3,105,3,7
skew,2024,103,3,103,3,7
skew,2025,104,3,104,3,7
skew,2026,109,3,109,3,7
skew,2027,110,3,110,3,7
skew,2028,114,3,114,3,7
skew,2029,115,3,115,3,7
skew,2030,120,3,120,3,7
skew,2031,121,3,121,3,7
skew,2032,79,2,79,2,7
skew,2033,89,3,89,3,7
skew,2034,94,3,94,3,7
skew,2035,95,3,95,3,7
skew,2036,99,3,99,3,7
skew,2037,100,3,100,3,7
skew,2038,105,3,105,3,7
skew,2039,106,3,106,3,7
skew,2040,104,3,104,3,7
skew,2041,105,3,105,3,7
skew,2042,110,3,110,3,7
skew,2043,111,3,111,3,7
skew,2044,115,3,115,3,7
skew,2045,116,3,116,3,7
skew,2046,121,3,121,3,7
skew,2047,122,3,122,3,7
skew,2048,31,1,31,1,7
skew,2049,41,2,41,2,7
skew,2050,46,2,46,2,7
skew,2051,47,2,47,2,7
skew,2052,51,2,51,2,7
skew,2053,52,2,52,2,7
skew,2054,57,2,57,2,7
skew,2055,58,2,58,2,7
skew,2056,56,2,56,2,7
skew,2057,57,2,57,2,7
skew,2058,62,2,62,2,7
skew,2059,63,2,63,2,7
skew,2060,67,2,67,2,7
skew,2061,68,2,68,2,7
skew,2062,73,2,73,2,7
skew,2063,74,2,74,2,7
skew,2064,44,2,44,2,7
skew,2065,54,3,54,3,7
skew,2066,59,3,59,3,7
skew,2067,60,3,60,3,7
skew,2068,64,3,64,3,7
skew,2069,65,3,65,3,7
skew,2070,70,3,70,3,7
skew,2071,71,3,71,3,7
skew,2072,69,3,69,3,7
skew,2073,70,3,70,3,7
skew,2074,75,3,75,3,7
skew,2075,76,3,76,3,7
skew,2076,80,3,80,3,7
skew,2077,81,3,81,3,7
skew,2078,86,3,86,3,7
skew,2079,87,3,87,3,7
skew,2080,49,2,49,2,7
skew,2081,59,3,59,3,7
skew,2082,64,3,64,3,7
skew,2083,65,3,65,3,7
skew,2084,69,3,69,3,7
skew,2085,70,3,70,3,7
skew,2086,75,3,75,3,7
skew,2087,76,3,76,3,7
skew,2088,74,3,74,3,7
skew,2089,75,3,75,3,7
skew,2090,80,3,80,3,7
skew,2091,81,3,81,3,7
skew,2092,85,3,85,3,7
skew,2093,86,3,86,3,7
skew,2094,91,3,91,3,7
skew,2095,92,3,92,3,7
skew,2096,50,2,50,2,7
skew,2097,60,3,60,3,7
skew,2098,65,3,65,3,7
skew,2099,66,3,66,3,7
skew,2100,70,3,70,3,7
skew,2101,71,3,71,3,7
skew,2102,76,3,76,3,7
skew,2103,77,3,77,3,7
skew,2104,75,3,75,3,7
skew,2105,76,3,76,3,7
skew,2106,81,3,81,3,7
skew,2107,82,3,82,3,7
skew,2108,86,3,86,3,7
skew,2109,87,3,87,3,7
skew,2110,92,3,92,3,7
skew,2111,93,3,93,3,7
skew,2112,54,2,54,2,7
skew,2113,64,3,64,3,7
skew,2114,69,3,69,3,7
skew,2115,70,3,70,3,7
skew,2116,74,3,74,3,7
skew,2117,75,3,75,3,7
skew,2118,80,3,80,3,7
skew,2119,81,3,81,3,7
skew,2120,79,3,79,3,7
skew,2121,80,3,80,3,7
skew,2122,85,3,85,3,7
skew,2123,86,3,86,3,7
skew,2124,90,3,90,3,7
skew,2125,91,3,91,3,7
skew,2126,96,3,96,3,7
skew,2127,97,3,97,3,7
skew,2128,55,2,55,2,7
skew,2129,65,3,65,3,7
skew,2130,70,3,70,3,7
skew,2131,71,3,71,3,7
skew,2132,75,3,75,3,7
skew,2133,76,3,76,3,7
skew,2134,81,3,81,3,7
skew,2135,82,3,82,3,7
skew,2136,80,3,80,3,7
skew,2137,81,3,81,3,7
skew,2138,86,3,86,3,7
skew,2139,87,3,87,3,7
skew,2140,91,3,91,3,7
skew,2141,92,3,92,3,7
skew,2142,97,3,97,3,7
skew,2143,98,3,98,3,7
skew,2144,60,2,60,2,7
skew,2145,70,3,70,3,7
skew,2146,75,3,75,3,7
skew,2147,76,3,76,3,7
skew,2148,80,3,80,3,7
skew,2149,81,3,81,3,7
skew,2150,86,3,86,3,7
skew,2151,87,3,87,3,7
skew,2152,85,3,85,3,7
skew,2153,86,3,86,3,7
skew,2154,91,3,91,3,7
skew,2155,92,3,92,3,7
skew,2156,96,3,96,3,7
skew,2157,97,3,97,3,7
skew,2158,102,3,102,3,7
skew,2159,103,3,103,3,7
skew,2160,61,2,61,2,7
skew,2161,71,3,71,3,7
skew,2162,76,3,76,3,7
skew,2163,77,3,77,3,7
skew,2164,81,3,81,3,7
skew,2165,82,3,82,3,7
skew,2166,87,3,87,3,7
skew,2167,88,3,88,3,7
skew,2168,86,3,86,3,7
skew,2169,87,3,87,3,7
skew,2170,92,3,92,3,7
skew,2171,93,3,93,3,7
skew,2172,97,3,97,3,7
skew,2173,98,3,98,3,7
skew,2174,103,3,103,3,7
skew,2175,104,3,104,3,7
skew,2176,59,2,59,2,7
skew,2177,69,3,69,3,7
skew,2178,74,3,74,3,7
skew,2179,75,3,75,3,7
skew,2180,79,3,79,3,7
skew,2181,80,3,80,3,7
skew,2182,85,3,85,3,7
skew,2183,86,3,86,3,7
skew,2184,84,3,84,3,7
skew,2185,85,3,85,3,7
skew,2186,90,3,90,3,7
skew,2187,91,3,91,3,7
skew,2188,95,3,95,3,7
skew,2189,96,3,96,3,7
skew,2190,101,3,101,3,7
skew,2191,102,3,102,3,7
skew,2192,60,2,60,2,7
skew,2193,70,3,70,3,7
skew,2194,75,3,75,3,7
skew,2195,76,3,76,3,7
skew,2196,80,3,80,3,7
skew,2197,81,3,81,3,7
skew,2198,86,3,86,3,7
skew,2199,87,3,87,3,7
skew,2200,85,3,85,3,7
skew,2201,86,3,86,3,7
skew,2202,91,3,91,3,7
skew,2203,92,3,92,3,7
skew,2204,96,3,96,3,7
skew,2205,97,3,97,3,7
skew,2206,102,3,102,3,7
skew,2207,103,3,103,3,7
skew,2208,65,2,65,2,7
skew,2209,75,3,75,3,7
skew,2210,80,3,80,3,7
skew,2211,81,3,81,3,7
skew,2212,85,3,85,3,7
skew,2213,86,3,86,3,7
skew,2214,91,3,91,3,7
skew,2215,92,3,92,3,7
skew,2216,90,3,90,3,7
skew,2217,91,3,91,3,7
skew,2218,96,3,96,3,7
skew,2219,97,3,97,3,7
skew,2220,101,3,101,3,7
skew,2221,102,3,102,3,7
skew,2222,107,3,107,3,7
skew,2223,108,3,108,3,7
skew,2224,66,2,66,2,7
skew,2225,76,3,76,3,7
skew,2226,81,3,81,3,7
skew,2227,82,3,82,3,7
skew,2228,86,3,86,3,7
skew,2229,87,3,87,3,7
skew,2230,92,3,92,3,7
skew,2231,93,3,93,3,7
skew,2232,91,3,91,3,7
skew,2233,92,3,92,3,7
skew,2234,97,3,97,3,7
skew,2235,98,3,98,3,7
skew,2236,102,3,102,3,7
skew,2237,103,3,103,3,7
skew,2238,108,3,108,3,7
skew,2239,109,3,109,3,7
skew,2240,70,2,70,2,7
skew,2241,80,3,80,3,7
skew,2242,85,3,85,3,7
skew,2243,86,3,86,3,7
skew,2244,90,3,90,3,7
skew,2245,91,3,91,3,7
skew,2246,96,3,96,3,7
skew,2247,97,3,97,3,7
skew,2248,95,3,95,3,7
skew,2249,96,3,96,3,7
skew,2250,101,3,101,3,7
skew,2251,102,3,102,3,7
skew,2252,106,3,106,3,7
skew,2253,107,3,107,3,7
skew,2254,112,3,112,3,7
skew,2255,113,3,113,3,7
skew,2256,71,2,71,2,7
skew,2257,81,3,81,3,7
skew,2258,86,3,86,3,7
skew,2259,87,3,87,3,7
skew,2260,91,3,91,3,7
skew,2261,92,3,92,3,7
skew,2262,97,3,97,3,7
skew,2263,98,3,98,3,7
skew,2264,96,3,96,3,7
skew,2265,97,3,97,3,7
skew,2266,102,3,102,3,7
skew,2267,103,3,103,3,7
skew,2268,107,3,107,3,7
skew,2269,108,3,108,3,7
skew,2270,113,3,113,3,7
skew,2271,114,3,114,3,7
skew,2272,76,2,76,2,7
skew,2273,86,3,86,3,7
skew,2274,91,3,91,3,7
skew,2275,92,3,92,3,7
skew,2276,96,3,96,3,7
skew,2277,97,3,97,3,7
skew,2278,102,3,102,3,7
skew,2279,103,3,103,3,7
skew,2280,101,3,101,3,7
skew,2281,102,3,102,3,7
skew,2282,107,3,107,3,7
skew,2283,108,3,108,3,7
skew,2284,112,3,112,3,7
skew,2285,113,3,113,3,7
skew,2286,118,3,118,3,7
skew,2287,119,3,119,3,7
skew,2288,77,2,77,2,7
skew,2289,87,3,87,3,7
skew,2290,92,3,92,3,7
skew,2291,93,3,93,3,7
skew,2292,97,3,97,3,7
skew,2293,98,3,98,3,7
skew,2294,103,3,103,3,7
skew,2295,104,3,104,3,7
skew,2296,102,3,102,3,7
skew,2297,103,3,103,3,7
skew,2298,108,3,108,3,7
skew,2299,109,3,109,3,7
skew,2300,113,3,113,3,7
skew,2301,114,3,114,3,7
skew,2302,119,3,119,3,7
skew,2303,120,3,120,3,7
skew,2304,32,1,32,1,7
skew,2305,42,2,42,2,7
skew,2306,47,2,47,2,7
skew,2307,48,2,48,2,7
skew,2308,52,2,52,2,7
skew,2309,53,2,53,2,7
skew,2310,58,2,58,2,7
skew,2311,59,2,59,2,7
skew,2312,57,2,57,2,7
skew,2313,58,2,58,2,7
skew,2314,63,2,63,2,7
skew,2315,64,2,64,2,7
skew,2316,68,2,68,2,7
skew,2317,69,2,69,2,7
skew,2318,74,2,74,2,7
skew,2319,75,2,75,2,7
skew,2320,45,2,45,2,7
skew,2321,55,3,55,3,7
skew,2322,60,3,60,3,7
skew,2323,61,3,61,3,7
skew,2324,65,3,65,3,7
skew,2325,66,3,66,3,7
skew,2326,71,3,71,3,7
skew,2327,72,3,72,3,7
skew,2328,70,3,70,3,7
skew,2329,71,3,71,3,7
skew,2330,76,3,76,3,7
skew,2331,77,3,77,3,7
skew,2332,81,3,81,3,7
skew,2333,82,3,82,3,7
skew,2334,87,3,87,3,7
skew,2335,88,3,88,3,7
skew,2336,50,2,50,2,7
skew,2337,60,3,60,3,7
skew,2338,65,3,65,3,7
skew,2339,66,3,66,3,7
skew,2340,70,3,70,3,7
skew,2341,71,3,71,3,7
skew,2342,76,3,76,3,7
skew,2343,77,3,77,3,7
skew,2344,75,3,75,3,7
skew,2345,76,3,76,3,7
skew,2346,81,3,81,3,7
skew,2347,82,3,82,3,7
skew,2348,86,3,86,3,7
skew,2349,87,3,87,3,7
skew,2350,92,3,92,3,7
skew,2351,93,3,93,3,7
skew,2352,51,2,51,2,7
skew,2353,61,3,61,3,7
skew,2354,66,3,66,3,7
skew,2355,67,3,67,3,7
skew,2356,71,3,71,3,7
skew,2357,72,3,72,3,7
skew,2358,77,3,77,3,7
skew,2359,78,3,78,3,7
skew,2360,76,3,76,3,7
skew,2361,77,3,77,3,7
skew,2362,82,3,82,3,7
skew,2363,83,3,83,3,7
skew,2364,87,3,87,3,7
skew,2365,88,3,88,3,7
skew,2366,93,3,93,3,7
skew,2367,94,3,94,3,7
skew,2368,55,2,55,2,7
skew,2369,65,3,65,3,7
skew,2370,70,3,70,3,7
skew,2371,71,3,71,3,7
skew,2372,75,3,75,3,7
skew,2373,76,3,76,3,7
skew,2374,81,3,81,3,7
skew,2375,82,3,82,3,7
skew,2376,80,3,80,3,7
skew,2377,81,3,81,3,7
skew,2378,86,3,86,3,7
skew,2379,87,3,87,3,7
skew,2380,91,3,91,3,7
skew,2381,92,3,92,3,7
skew,2382,97,3,97,3,7
skew,2383,98,3,98,3,7
skew,2384,56,2,56,2,7
skew,2385,66,3,66,3,7
skew,2386,71,3,71,3,7
skew,2387,72,3,72,3,7
skew,2388,76,3,76,3,7
skew,2389,77,3,77,3,7
skew,2390,82,3,82,3,7
skew,2391,83,3,83,3,7
skew,2392,81,3,81,3,7
skew,2393,82,3,82,3,7
skew,2394,87,3,87,3,7
skew,2395,88,3,88,3,7
skew,2396,92,3,92,3,7
skew,2397,93,3,93,3,7
skew,2398,98,3,98,3,7
skew,2399,99,3,99,3,7
skew,2400,61,2,61,2,7
skew,2401,71,3,71,3,7
skew,2402,76,3,76,3,7
skew,2403,77,3,77,3,7
skew,2404,81,3,81,3,7
skew,2405,82,3,82,3,7
skew,2406,87,3,87,3,7
skew,2407,88,3,88,3,7
skew,2408,86,3,86,3,7
skew,2409,87,3,87,3,7
skew,2410,92,3,92,3,7
skew,2411,93,3,93,3,7
skew,2412,97,3,97,3,7
skew,2413,98,3,98,3,7
skew,2414,103,3,103,3,7
skew,2415,104,3,104,3,7
skew,2416,62,2,62,2,7
skew,2417,72,3,72,3,7
skew,2418,77,3,77,3,7
skew,2419,78,3,78,3,7
skew,2420,82,3,82,3,7
skew,2421,83,3,83,3,7
skew,2422,88,3,88,3,7
skew,2423,89,3,89,3,7
skew,2424,87,3,87,3,7
skew,2425,88,3,88,3,7
skew,2426,93,3,93,3,7
skew,2427,94,3,94,3,7
skew,2428,98,3,98,3,7
skew,2429,99,3,99,3,7
skew,2430,104,3,104,3,7
skew,2431,105,3,105,3,7
skew,2432,60,2,60,2,7
skew,2433,70,3,70,3,7
skew,2434,75,3,75,3,7
skew,2435,76,3,76,3,7
skew,2436,80,3,80,3,7
skew,2437,81,3,81,3,7
skew,2438,86,3,86,3,7
skew,2439,87,3,87,3,7
skew,2440,85,3,85,3,7
skew,2441,86,3,86,3,7
skew,2442,91,3,91,3,7
skew,2443,92,3,92,3,7
skew,2444,96,3,96,3,7
skew,2445,97,3,97,3,7
skew,2446,102,3,102,3,7
skew,2447,103,3,103,3,7
skew,2448,61,2,61,2,7
skew,2449,71,3,71,3,7
skew,2450,76,3,76,3,7
skew,2451,77,3,77,3,7
skew,2452,81,3,81,3,7
skew,2453,82,3,82,3,7
skew,2454,87,3,87,3,7
skew,2455,88,3,88,3,7
skew,2456,86,3,86,3,7
skew,2457,87,3,87,3,7
skew,2458,92,3,92,3,7
skew,2459,93,3,93,3,7
skew,2460,97,3,97,3,7
skew,2461,98,3,98,3,7
skew,2462,103,3,103,3,7
skew,2463,104,3,104,3,7
skew,2464,66,2,66,2,7
skew,2465,76,3,76,3,7
skew,2466,81,3,81,3,7
skew,2467,82,3,82,3,7
skew,2468,86,3,86,3,7
skew,2469,87,3,87,3,7
skew,2470,92,3,92,3,7
skew,2471,93,3,93,3,7
skew,2472,91,3,91,3,7
skew,2473,92,3,92,3,7
skew,2474,97,3,97,3,7
skew,2475,98,3,98,3,7
skew,2476,102,3,102,3,7
skew,2477,103,3,103,3,7
skew,2478,108,3,108,3,7
skew,2479,109,3,109,3,7
skew,2480,67,2,67,2,7
skew,2481,77,3,77,3,7
skew,2482,82,3,82,3,7
skew,2483,83,3,83,3,7
skew,2484,87,3,87,3,7
skew,2485,88,3,88,3,7
skew,2486,93,3,93,3,7
skew,2487,94,3,94,3,7
skew,2488,92,3,92,3,7
skew,2489,93,3,93,3,7
skew,2490,98,3,98,3,7
skew,2491,99,3,99,3,7
skew,2492,103,3,103,3,7
skew,2493,104,3,104,3,7
skew,2494,109,3,109,3,7
skew,2495,110,3,110,3,7
skew,2496,71,2,71,2,7
skew,2497,81,3,81,3,7
skew,2498,86,3,86,3,7
skew,2499,87,3,87,3,7
skew,2500,91,3,91,3,7
skew,2501,92,3,92,3,7
skew,2502,97,3,97,3,7
skew,2503,98,3,98,3,7
skew,2504,96,3,96,3,7
skew,2505,97,3,97,3,7
skew,2506,102,3,102,3,7
skew,2507,103,3,103,3,7
skew,2508,107,3,107,3,7
skew,2509,108,3,108,3,7
skew,2510,113,3,113,3,7
skew,2511,114,3,114,3,7
skew,2512,72,2,72,2,7
skew,2513,82,3,82,3,7
skew,2514,87,3,87,3,7
skew,2515,88,3,88,3,7
skew,2516,92,3,92,3,7
skew,2517,93,3,93,3,7
skew,2518,98,3,98,3,7
skew,2519,99,3,99,3,7
skew,2520,97,3,97,3,7
skew,2521,98,3,98,3,7
skew,2522,103,3,103,3,7
skew,2523,104,3,104,3,7
skew,2524,108,3,108,3,7
skew,2525,109,3,109,3,7
skew,2526,114,3,114,3,7
skew,2527,115,3,115,3,7
skew,2528,77,2,77,2,7
skew,2529,87,3,87,3,7
skew,2530,92,3,92,3,7
skew,2531,93,3,93,3,7
skew,2532,97,3,97,3,7
skew,2533,98,3,98,3,7
skew,2534,103,3,103,3,7
skew,2535,104,3,104,3,7
skew,2536,102,3,102,3,7
skew,2537,103,3,103,3,7
skew,2538,108,3,108,3,7
skew,2539,109,3,109,3,7
skew,2540,113,3,113,3,7
skew,2541,114,3,114,3,7
skew,2542,119,3,119,3,7
skew,2543,120,3,120,3,7
skew,2544,78,2,78,2,7
skew,2545,88,3,88,3,7
skew,2546,93,3,93,3,7
skew,2547,94,3,94,3,7
skew,2548,98,3,98,3,7
skew,2549,99,3,99,3,7
skew,2550,104,3,104,3,7
skew,2551,105,3,105,3,7
skew,2552,103,3,103,3,7
skew,2553,104,3,104,3,7
skew,2554,109,3,109,3,7
skew,2555,110,3,110,3,7
skew,2556,114,3,114,3,7
skew,2557,115,3,115,3,7
skew,2558,120,3,120,3,7
skew,2559,121,3,121,3,7
skew,2560,37,1,37,1,7
skew,2561,47,2,47,2,7
skew,2562,52,2,52,2,7
skew,2563,53,2,53,2,7
skew,2564,57,2,57,2,7
skew,2565,58,2,58,2,7
skew,2566,63,2,63,2,7
skew,2567,64,2,64,2,7
skew,2568,62,2,62,2,7
skew,2569,63,2,63,2,7
skew,2570,68,2,68,2,7
skew,2571,69,2,69,2,7
skew,2572,73,2,73,2,7
skew,2573,74,2,74,2,7
skew,2574,79,2,79,2,7
skew,2575,80,2,80,2,7
skew,2576,50,2,50,2,7
skew,2577,60,3,60,3,7
skew,2578,65,3,65,3,7
skew,2579,66,3,66,3,7
skew,2580,70,3,70,3,7
skew,2581,71,3,71,3,7
skew,2582,76,3,76,3,7
skew,2583,77,3,77,3,7
skew,2584,75,3,75,3,7
skew,2585,76,3,76,3,7
skew,2586,81,3,81,3,7
skew,2587,82,3,82,3,7
skew,2588,86,3,86,3,7
skew,2589,87,3,87,3,7
skew,2590,92,3,92,3,7
skew,2591,93,3,93,3,7
skew,2592,55,2,55,2,7
skew,2593,65,3,65,3,7
skew,2594,70,3,70,3,7
skew,2595,71,3,71,3,7
skew,2596,75,3,75,3,7
skew,2597,76,3,76,3,7
skew,2598,81,3,81,3,7
skew,2599,82,3,82,3,7
skew,2600,80,3,80,3,7
skew,2601,81,3,81,3,7
skew,2602,86,3,86,3,7
skew,2603,87,3,87,3,7
skew,2604,91,3,91,3,7
skew,2605,92,3,92,3,7
skew,2606,97,3,97,3,7
skew,2607,98,3,98,3,7
skew,2608,56,2,56,2,7
skew,2609,66,3,66,3,7
skew,2610,71,3,71,3,7
skew,2611,72,3,72,3,7
skew,2612,76,3,76,3,7
skew,2613,77,3,77,3,7
skew,2614,82,3,82,3,7
skew,2615,83,3,83,3,7
skew,2616,81,3,81,3,7
skew,2617,82,3,82,3,7
skew,2618,87,3,87,3,7
skew,2619,88,3,88,3,7
skew,2620,92,3,92,3,7
skew,2621,93,3,93,3,7
skew,2622,98,3,98,3,7
skew,2623,99,3,99,3,7
skew,2624,60,2,60,2,7
skew,2625,70,3,70,3,7
skew,2626,75,3,75,3,7
skew,2627,76,3,76,3,7
skew,2628,80,3,80,3,7
skew,2629,81,3,81,3,7
skew,2630,86,3,86,3,7
skew,2631,87,3,87,3,7
skew,2632,85,3,85,3,7
skew,2633,86,3,86,3,7
skew,2634,91,3,91,3,7
skew,2635,92,3,92,3,7
skew,2636,96,3,96,3,7
skew,2637,97,3,97,3,7
skew,2638,102,3,102,3,7
skew,2639,103,3,103,3,7
skew,2640,61,2,61,2,7
skew,2641,71,3,71,3,7
skew,2642,76,3,76,3,7
skew,2643,77,3,77,3,7
skew,2644,81,3,81,3,7
skew,2645,82,3,82,3,7
skew,2646,87,3,87,3,7
skew,2647,88,3,88,3,7
skew,2648,86,3,86,3,7
skew,2649,87,3,87,3,7
skew,2650,92,3,92,3,7
skew,2651,93,3,93,3,7
skew,2652,97,3,97,3,7
skew,2653,98,3,98,3,7
skew,2654,103,3,103,3,7
skew,2655,104,3,104,3,7
skew,2656,66,2,66,2,7
skew,2657,76,3,76,3,7
skew,2658,81,3,81,3,7
skew,2659,82,3,82,3,7
skew,2660,86,3,86,3,7
skew,2661,87,3,87,3,7
skew,2662,92,3,92,3,7
skew,2663,93,3,93,3,7
skew,2664,91,3,91,3,7
skew,2665,92,3,92,3,7
skew,2666,97,3,97,3,7
skew,2667,98,3,98,3,7
skew,2668,102,3,102,3,7
skew,2669,103,3,103,3,7
skew,2670,108,3,108,3,7
skew,2671,109,3,109,3,7
skew,2672,67,2,67,2,7
skew,2673,77,3,77,3,7
skew,2674,82,3,82,3,7
skew,2675,83,3,83,3,7
skew,2676,87,3,87,3,7
skew,2677,88,3,88,3,7
skew,2678,93,3,93,3,7
skew,2679,94,3,94,3,7
skew,2680,92,3,92,3,7
skew,2681,93,3,93,3,7
skew,2682,98,3,98,3,7
skew,2683,99,3,99,3,7
skew,2684,103,3,103,3,7
skew,2685,104,3,104,3,7
skew,2686,109,3,109,3,7
skew,2687,110,3,110,3,7
skew,2688,65,2,65,2,7
skew,2689,75,3,75,3,7
skew,2690,80,3,80,3,7
skew,2691,81,3,81,3,7
skew,2692,85,3,85,3,7
skew,2693,86,3,86,3,7
skew,2694,91,3,91,3,7
skew,2695,92,3,92,3,7
skew,2696,90,3,90,3,7
skew,2697,91,3,91,3,7
skew,2698,96,3,96,3,7
skew,2699,97,3,97,3,7
skew,2700,101,3,101,3,7
skew,2701,102,3,102,3,7
skew,2702,107,3,107,3,7
skew,2703,108,3,108,3,7
skew,2704,66,2,66,2,7
skew,2705,76,3,76,3,7
skew,2706,81,3,81,3,7
skew,2707,82,3,82,3,7
skew,2708,86,3,86,3,7
skew,2709,87,3,87,3,7
skew,2710,92,3,92,3,7
skew,2711,93,3,93,3,7
skew,2712,91,3,91,3,7
skew,2713,92,3,92,3,7
skew,2714,97,3,97,3,7
skew,2715,98,3,98,3,7
skew,2716,102,3,102,3,7
skew,2717,103,3,103,3,7
skew,2718,108,3,108,3,7
skew,2719,109,3,109,3,7
skew,2720,71,2,71,2,7
skew,2721,81,3,81,3,7
skew,2722,86,3,86,3,7
skew,2723,87,3,87,3,7
skew,2724,91,3,91,3,7
skew,2725,92,3,92,3,7
skew,2726,97,3,97,3,7
skew,2727,98,3,98,3,7
skew,2728,96,3,96,3,7
skew,2729,97,3,97,3,7
skew,2730,102,3,102,3,7
skew,2731,103,3,103,3,7
skew,2732,107,3,107,3,7
skew,2733,108,3,108,3,7
skew,2734,113,3,113,3,7
skew,2735,114,3,114,3,7
skew,2736,72,2,72,2,7
skew,2737,82,3,82,3,7
skew,2738,87,3,87,3,7
skew,2739,88,3,88,3,7
skew,2740,92,3,92,3,7
skew,2741,93,3,93,3,7
skew,2742,98,3,98,3,7
skew,2743,99,3,99,3,7
skew,2744,97,3,97,3,7
skew,2745,98,3,98,3,7
skew,2746,103,3,103,3,7
skew,2747,104,3,104,3,7
skew,2748,108,3,108,3,7
skew,2749,109,3,109,3,7
skew,2750,114,3,114,3,7
skew,2751,115,3,115,3,7
skew,2752,76,2,76,2,7
skew,2753,86,3,86,3,7
skew,2754,91,3,91,3,7
skew,2755,92,3,92,3,7
skew,2756,96,3,96,3,7
skew,2757,97,3,97,3,7
skew,2758,102,3,102,3,7
skew,2759,103,3,103,3,7
skew,2760,101,3,101,3,7
skew,2761,102,3,102,3,7
skew,2762,107,3,107,3,7
skew,2763,108,3,108,3,7
skew,2764,112,3,112,3,7
skew,2765,113,3,113,3,7
skew,2766,118,3,118,3,7
skew,2767,119,3,119,3,7
skew,2768,77,2,77,2,7
skew,2769,87,3,87,3,7
skew,2770,92,3,92,3,7
skew,2771,93,3,93,3,7
skew,2772,97,3,97,3,7
skew,2773,98,3,98,3,7
skew,2774,103,3,103,3,7
skew,2775,104,3,104,3,7
skew,2776,102,3,102,3,7
skew,2777,103,3,103,3,7
skew,2778,108,3,108,3,7
skew,2779,109,3,109,3,7
skew,2780,113,3,113,3,7
skew,2781,114,3,114,3,7
skew,2782,119,3,119,3,7
skew,2783,120,3,120,3,7
skew,2784,82,2,82,2,7
skew,2785,92,3,92,3,7
skew,2786,97,3,97,3,7
skew,2787,98,3,98,3,7
skew,2788,102,3,102,3,7
skew,2789,103,3,103,3,7
skew,2790,108,3,108,3,7
skew,2791,109,3,109,3,7
skew,2792,107,3,107,3,7
skew,2793,108,3,108,3,7
skew,2794,113,3,113,3,7
skew,2795,114,3,114,3,7
skew,2796,118,3,118,3,7
skew,2797,119,3,119,3,7
skew,2798,124,3,124,3,7
skew,2799,125,3,125,3,7
skew,2800,83,2,83,2,7
skew,2801,93,3,93,3,7
skew,2802,98,3,98,3,7
skew,2803,99,3,99,3,7
skew,2804,103,3,103,3,7
skew,2805,104,3,104,3,7
skew,2806,109,3,109,3,7
skew,2807,110,3,110,3,7
skew,2808,108,3,108,3,7
skew,2809,109,3,109,3,7
skew,2810,114,3,114,3,7
skew,2811,115,3,115,3,7
skew,2812,119,3,119,3,7
skew,2813,120,3,120,3,7
skew,2814,125,3,125,3,7
skew,2815,126,3,126,3,7
skew,2816,38,1,38,1,7
skew,2817,48,2,48,2,7
skew,2818,53,2,53,2,7
skew,2819,54,2,54,2,7
skew,2820,58,2,58,2,7
skew,2821,59,2,59,2,7
skew,2822,64,2,64,2,7
skew,2823,65,2,65,2,7
skew,2824,63,2,63,2,7
skew,2825,64,2,64,2,7
skew,2826,69,2,69,2,7
skew,2827,70,2,70,2,7
skew,2828,74,2,74,2,7
skew,2829,75,2,75,2,7
skew,2830,80,2,80,2,7
skew,2831,81,2,81,2,7
skew,2832,51,2,51,2,7
skew,2833,61,3,61,3,7
skew,2834,66,3,66,3,7
skew,2835,67,3,67,3,7
skew,2836,71,3,71,3,7
skew,2837,72,3,72,3,7
skew,2838,77,3,77,3,7
skew,2839,78,3,78,3,7
skew,2840,76,3,76,3,7
skew,2841,77,3,77,3,7
skew,2842,82,3,82,3,7
skew,2843,83,3,83,3,7
skew,2844,87,3,87,3,7
skew,2845,88,3,88,3,7
skew,2846,93,3,93,3,7
skew,2847,94,3,94,3,7
skew,2848,56,2,56,2,7
skew,2849,66,3,66,3,7
skew,2850,71,3,71,3,7
skew,2851,72,3,72,3,7
skew,2852,76,3,76,3,7
skew,2853,77,3,77,3,7
skew,2854,82,3,82,3,7
skew,2855,83,3,83,3,7
skew,2856,81,3,81,3,7
skew,2857,82,3,82,3,7
skew,2858,87,3,87,3,7
skew,2859,88,3,88,3,7
skew,2860,92,3,92,3,7
skew,2861,93,3,93,3,7
skew,2862,98,3,98,3,7
skew,2863,99,3,99,3,7
skew,2864,57,2,57,2,7
skew,2865,67,3,67,3,7
skew,2866,72,3,72,3,7
skew,2867,73,3,73,3,7
skew,2868,77,3,77,3,7
skew,2869,78,3,78,3,7
skew,2870,83,3,83,3,7
skew,2871,84,3,84,3,7
skew,2872,82,3,82,3,7
skew,2873,83,3,83,3,7
skew,2874,88,3,88,3,7
skew,2875,89,3,89,3,7
skew,2876,93,3,93,3,7
skew,2877,94,3,94,3,7
skew,2878,99,3,99,3,7
skew,2879,100,3,100,3,7
skew,2880,61,2,61,2,7
skew,2881,71,3,71,3,7
skew,2882,76,3,76,3,7
skew,2883,77,3,77,3,7
skew,2884,81,3,81,3,7
skew,2885,82,3,82,3,7
skew,2886,87,3,87,3,7
skew,2887,88,3,88,3,7
skew,2888,86,3,86,3,7
skew,2889,87,3,87,3,7
skew,2890,92,3,92,3,7
skew,2891,93,3,93,3,7
skew,2892,97,3,97,3,7
skew,2893,98,3,98,3,7
skew,2894,103,3,103,3,7
skew,2895,104,3,104,3,7
skew,2896,62,2,62,2,7
skew,2897,72,3,72,3,7
skew,2898,77,3,77,3,7
skew,2899,78,3,78,3,7
skew,2900,82,3,82,3,7
skew,2901,83,3,83,3,7
skew,2902,88,3,88,3,7
skew,2903,89,3,89,3,7
skew,2904,87,3,87,3,7
skew,2905,88,3,88,3,7
skew,2906,93,3,93,3,7
skew,2907,94,3,94,3,7
skew,2908,98,3,98,3,7
skew,2909,99,3,99,3,7
skew,2910,104,3,104,3,7
skew,2911,105,3,105,3,7
skew,2912,67,2,67,2,7
skew,2913,77,3,77,3,7
skew,2914,82,3,82,3,7
skew,2915,83,3,83,3,7
skew,2916,87,3,87,3,7
skew,2917,88,3,88,3,7
skew,2918,93,3,93,3,7
skew,2919,94,3,94,3,7
skew,2920,92,3,92,3,7
skew,2921,93,3,93,3,7
skew,2922,98,3,98,3,7
skew,2923,99,3,99,3,7
skew,2924,103,3,103,3,7
skew,2925,104,3,104,3,7
skew,2926,109,3,109,3,7
skew,2927,110,3,110,3,7
skew,2928,68,2,68,2,7
skew,2929,78,3,78,3,7
skew,2930,83,3,83,3,7
skew,2931,84,3,84,3,7
skew,2932,88,3,88,3,7
skew,2933,89,3,89,3,7
skew,2934,94,3,94,3,7
skew,2935,95,3,95,3,7
skew,2936,93,3,93,3,7
skew,2937,94,3,94,3,7
skew,2938,99,3,99,3,7
skew,2939,100,3,100,3,7
skew,2940,104,3,104,3,7
skew,2941,105,3,105,3,7
skew,2942,110,3,110,3,7
skew,2943,111,3,111,3,7
skew,2944,66,2,66,2,7
skew,2945,76,3,76,3,7
skew,2946,81,3,81,3,7
skew,2947,82,3,82,3,7
skew,2948,86,3,86,3,7
skew,2949,87,3,87,3,7
skew,2950,92,3,92,3,7
skew,2951,93,3,93,3,7
skew,2952,91,3,91,3,7
skew,2953,92,3,92,3,7
skew,2954,97,3,97,3,7
skew,2955,98,3,98,3,7
skew,2956,102,3,102,3,7
skew,2957,103,3,103,3,7
skew,2958,108,3,108,3,7
skew,2959,109,3,109,3,7
skew,2960,67,2,67,2,7
skew,2961,77,3,77,3,7
skew,2962,82,3,82,3,7
skew,2963,83,3,83,3,7
skew,2964,87,3,87,3,7
skew,2965,88,3,88,3,7
skew,2966,93,3,93,3,7
skew,2967,94,3,94,3,7
skew,2968,92,3,92,3,7
skew,2969,93,3,93,3,7
skew,2970,98,3,98,3,7
skew,2971,99,3,99,3,7
skew,2972,103,3,103,3,7
skew,2973,104,3,104,3,7
skew,2974,109,3,109,3,7
skew,2975,110,3,110,3,7
skew,2976,72,2,72,2,7
skew,2977,82,3,82,3,7
skew,2978,87,3,87,3,7
skew,2979,88,3,88,3,7
skew,2980,92,3,92,3,7
skew,2981,93,3,93,3,7
skew,2982,98,3,98,3,7
skew,2983,99,3,99,3,7
skew,2984,97,3,97,3,7
skew,2985,98,3,98,3,7
skew,2986,103,3,103,3,7
skew,2987,104,3,104,3,7
skew,2988,108,3,108,3,7
skew,2989,109,3,109,3,7
skew,2990,114,3,114,3,7
skew,2991,115,3,115,3,7
skew,2992,73,2,73,2,7
skew,2993,83,3,83,3,7
skew,2994,88,3,88,3,7
skew,2995,89,3,89,3,7
skew,2996,93,3,93,3,7
skew,2997,94,3,94,3,7
skew,2998,99,3,99,3,7
skew,2999,100,3,100,3,7
skew,3000,98,3,98,3,7
skew,3001,99,3,99,3,7
skew,3002,104,3,104,3,7
skew,3003,105,3,105,3,7
skew,3004,109,3,109,3,7
skew,3005,110,3,110,3,7
skew,3006,115,3,115,3,7
skew,3007,116,3,116,3,7
skew,3008,77,2,77,2,7
skew,3009,87,3,87,3,7
skew,3010,92,3,92,3,7
skew,3011,93,3,93,3,7
skew,3012,97,3,97,3,7
skew,3013,98,3,98,3,7
skew,3014,103,3,103,3,7
skew,3015,104,3,104,3,7
skew,3016,102,3,102,3,7
skew,3017,103,3,103,3,7
skew,3018,108,3,108,3,7
skew,3019,109,3,109,3,7
skew,3020,113,3,113,3,7
skew,3021,114,3,114,3,7
skew,3022,119,3,119,3,7
skew,3023,120,3,120,3,7
skew,3024,78,2,78,2,7
skew,3025,88,3,88,3,7
skew,3026,93,3,93,3,7
skew,3027,94,3,94,3,7
skew,3028,98,3,98,3,7
skew,3029,99,3,99,3,7
skew,3030,104,3,104,3,7
skew,3031,105,3,105,3,7
skew,3032,103,3,103,3,7
skew,3033,104,3,104,3,7
skew,3034,109,3,109,3,7
skew,3035,110,3,110,3,7
skew,3036,114,3,114,3,7
skew,3037,115,3,115,3,7
skew,3038,120,3,120,3,7
skew,3039,121,3,121,3,7
skew,3040,83,2,83,2,7
skew,3041,93,3,93,3,7
skew,3042,98,3,98,3,7
skew,3043,99,3,99,3,7
skew,3044,103,3,103,3,7
skew,3045,104,3,104,3,7
skew,3046,109,3,109,3,7
skew,3047,110,3,110,3,7
skew,3048,108,3,108,3,7
skew,3049,109,3,109,3,7
skew,3050,114,3,114,3,7
skew,3051,115,3,115,3,7
skew,3052,119,3,119,3,7
skew,3053,120,3,120,3,7
skew,3054,125,3,125,3,7
skew,3055,126,3,126,3,7
skew,3056,84,2,84,2,7
skew,3057,94,3,94,3,7
skew,3058,99,3,99,3,7
skew,3059,100,3,100,3,7
skew,3060,104,3,104,3,7
skew,3061,105,3,105,3,7
skew,3062,110,3,110,3,7
skew,3063,111,3,111,3,7
skew,3064,109,3,109,3,7
skew,3065,110,3,110,3,7
skew,3066,115,3,115,3,7
skew,3067,116,3,116,3,7
skew,3068,120,3,120,3,7
skew,3069,121,3,121,3,7
skew,3070,126,3,126,3,7
skew,3071,127,3,127,3,7
skew,3072,42,1,42,1,7
skew,3073,52,2,52,2,7
skew,3074,57,2,57,2,7
skew,3075,58,2,58,2,7
skew,3076,62,2,62,2,7
skew,3077,63,2,63,2,7
skew,3078,68,2,68,2,7
skew,3079,69,2,69,2,7
skew,3080,67,2,67,2,7
skew,3081,68,2,68,2,7
skew,3082,73,2,73,2,7
skew,3083,74,2,74,2,7
skew,3084,78,2,78,2,7
skew,3085,79,2,79,2,7
skew,3086,84,2,84,2,7
skew,3087,85,2,85,2,7
skew,3088,55,2,55,2,7
skew,3089,65,3,65,3,7
skew,3090,70,3,70,3,7
skew,3091,71,3,71,3,7
skew,3092,75,3,75,3,7
skew,3093,76,3,76,3,7
skew,3094,81,3,81,3,7
skew,3095,82,3,82,3,7
skew,3096,80,3,80,3,7
skew,3097,81,3,81,3,7
skew,3098,86,3,86,3,7
skew,3099,87,3,87,3,7
skew,3100,91,3,91,3,7
skew,3101,92,3,92,3,7
skew,3102,97,3,97,3,7
skew,3103,98,3,98,3,7
skew,3104,60,2,60,2,7
skew,3105,70,3,70,3,7
skew,3106,75,3,75,3,7
skew,3107,76,3,76,3,7
skew,3108,80,3,80,3,7
skew,3109,81,3,81,3,7
skew,3110,86,3,86,3,7
skew,3111,87,3,87,3,7
skew,3112,85,3,85,3,7
skew,3113,86,3,86,3,7
skew,3114,91,3,91,3,7
skew,3115,92,3,92,3,7
skew,3116,96,3,96,3,7
skew,3117,97,3,97,3,7
skew,3118,102,3,102,3,7
skew,3119,103,3,103,3,7
skew,3120,61,2,61,2,7
skew,3121,71,3,71,3,7
skew,3122,76,3,76,3,7
skew,3123,77,3,77,3,7
skew,3124,81,3,81,3,7
skew,3125,82,3,82,3,7
skew,3126,87,3,87,3,7
skew,3127,88,3,88,3,7
skew,3128,86,3,86,3,7
skew,3129,87,3,87,3,7
skew,3130,92,3,92,3,7
skew,3131,93,3,93,3,7
skew,3132,97,3,97,3,7
skew,3133,98,3,98,3,7
skew,3134,103,3,103,3,7
skew,3135,104,3,104,3,7
skew,3136,65,2,65,2,7
skew,3137,75,3,75,3,7
skew,3138,80,3,80,3,7
skew,3139,81,3,81,3,7
skew,3140,85,3,85,3,7
skew,3141,86,3,86,3,7
skew,3142,91,3,91,3,7
skew,3143,92,3,92,3,7
skew,3144,90,3,90,3,7
skew,3145,91,3,91,3,7
skew,3146,96,3,96,3,7
skew,3147,97,3,97,3,7
skew,3148,101,3,101,3,7
skew,3149,102,3,102,3,7
skew,3150,107,3,107,3,7
skew,3151,108,3,108,3,7
skew,3152,66,2,66,2,7
skew,3153,76,3,76,3,7
skew,3154,81,3,81,3,7
skew,3155,82,3,82,3,7
skew,3156,86,3,86,3,7
skew,3157,87,3,87,3,7
skew,3158,92,3,92,3,7
skew,3159,93,3,93,3,7
skew,3160,91,3,91,3,7
skew,3161,92,3,92,3,7
skew,3162,97,3,97,3,7
skew,3163,98,3,98,3,7
skew,3164,102,3,102,3,7
skew,3165,103,3,103,3,7
skew,3166,108,3,108,3,7
skew,3167,109,3,109,3,7
skew,3168,71,2,71,2,7
skew,3169,81,3,81,3,7
skew,3170,86,3,86,3,7
skew,3171,87,3,87,3,7
skew,3172,91,3,91,3,7
skew,3173,92,3,92,3,7
skew,3174,97,3,97,3,7
skew,3175,98,3,98,3,7
skew,3176,96,3,96,3,7
skew,3177,97,3,97,3,7
skew,3178,102,3,102,3,7
skew,3179,103,3,103,3,7
skew,3180,107,3,107,3,7
skew,3181,108,3,108,3,7
skew,3182,113,3,113,3,7
skew,3183,114,3,114,3,7
skew,3184,72,2,72,2,7
skew,3185,82,3,82,3,7
skew,3186,87,3,87,3,7
skew,3187,88,3,88,3,7
skew,3188,92,3,92,3,7
skew,3189,93,3,93,3,7
skew,3190,98,3,98,3,7
skew,3191,99,3,99,3,7
skew,3192,97,3,97,3,7
skew,3193,98,3,98,3,7
skew,3194,103,3,103,3,7
skew,3195,104,3,104,3,7
skew,3196,108,3,108,3,7
skew,3197,109,3,109,3,7
skew,3198,114,3,114,3,7
skew,3199,115,3,115,3,7
skew,3200,70,2,70,2,7
skew,3201,80,3,80,3,7
skew,3202,85,3,85,3,7
skew,3203,86,3,86,3,7
skew,3204,90,3,90,3,7
skew,3205,91,3,91,3,7
skew,3206,96,3,96,3,7
skew,3207,97,3,97,3,7
skew,3208,95,3,95,3,7
skew,3209,96,3,96,3,7
skew,3210,101,3,101,3,7
skew,3211,102,3,102,3,7
skew,3212,106,3,106,3,7
skew,3213,107,3,107,3,7
skew,3214,112,3,112,3,7
skew,3215,113,3,113,3,7
skew,3216,71,2,71,2,7
skew,3217,81,3,81,3,7
skew,3218,86,3,86,3,7
skew,3219,87,3,87,3,7
skew,3220,91,3,91,3,7
skew,3221,92,3,92,3,7
skew,3222,97,3,97,3,7
skew,3223,98,3,98,3,7
skew,3224,96,3,96,3,7
skew,3225,97,3,97,3,7
skew,3226,102,3,102,3,7
skew,3227,103,3,103,3,7
skew,3228,107,3,107,3,7
skew,3229,108,3,108,3,7
skew,3230,113,3,113,3,7
skew,3231,114,3,114,3,7
skew,3232,76,2,76,2,7
skew,3233,86,3,86,3,7
skew,3234,91,3,91,3,7
skew,3235,92,3,92,3,7
skew,3236,96,3,96,3,7
skew,3237,97,3,97,3,7
skew,3238,102,3,102,3,7
skew,3239,103,3,103,3,7
skew,3240,101,3,101,3,7
skew,3241,102,3,102,3,7
skew,3242,107,3,107,3,7
skew,3243,108,3,108,3,7
skew,3244,112,3,112,3,7
skew,3245,113,3,113,3,7
skew,3246,118,3,118,3,7
skew,3247,119,3,119,3,7
skew,3248,77,2,77,2,7
skew,3249,87,3,87,3,7
skew,3250,92,3,92,3,7
skew,3251,93,3,93,3,7
skew,3252,97,3,97,3,7
skew,3253,98,3,98,3,7
skew,3254,103,3,103,3,7
skew,3255,104,3,104,3,7
skew,3256,102,3,102,3,7
skew,3257,103,3,103,3,7
skew,3258,108,3,108,3,7
skew,3259,109,3,109,3,7
skew,3260,113,3,113,3,7
skew,3261,114,3,114,3,7
skew,3262,119,3,119,3,7
skew,3263,120,3,120,3,7
skew,3264,81,2,81,2,7
skew,3265,91,3,91,3,7
skew,3266,96,3,96,3,7
skew,3267,97,3,97,3,7
skew,3268,101,3,101,3,7
skew,3269,102,3,102,3,7
skew,3270,107,3,107,3,7
skew,3271,108,3,108,3,7
skew,3272,106,3,106,3,7
skew,3273,107,3,107,3,7
skew,3274,112,3,112,3,7
skew,3275,113,3,113,3,7
skew,3276,117,3,117,3,7
skew,3277,118,3,118,3,7
skew,3278,123,3,123,3,7
skew,3279,124,3,124,3,7
skew,3280,82,2,82,2,7
skew,3281,92,3,92,3,7
skew,3282,97,3,97,3,7
skew,3283,98,3,98,3,7
skew,3284,102,3,102,3,7
skew,3285,103,3,103,3,7
skew,3286,108,3,108,3,7
skew,3287,109,3,109,3,7
skew,3288,107,3,107,3,7
skew,3289,108,3,108,3,7
skew,3290,113,3,113,3,7
skew,3291,114,3,114,3,7
skew,3292,118,3,118,3,7
skew,3293,119,3,119,3,7
skew,3294,124,3,124,3,7
skew,3295,125,3,125,3,7
skew,3296,87,2,87,2,7
skew,3297,97,3,97,3,7
skew,3298,102,3,102,3,7
skew,3299,103,3,103,3,7
skew,3300,107,3,107,3,7
skew,3301,108,3,108,3,7
skew,3302,113,3,113,3,7
skew,3303,114,3,114,3,7
skew,3304,112,3,112,3,7
skew,3305,113,3,113,3,7
skew,3306,118,3,118,3,7
skew,3307,119,3,119,3,7
skew,3308,123,3,123,3,7
skew,3309,124,3,124,3,7
skew,3310,129,3,129,3,7
skew,3311,130,3,130,3,7
skew,3312,88,2,88,2,7
skew,3313,98,3,98,3,7
skew,3314,103,3,103,3,7
skew,3315,104,3,104,3,7
skew,3316,108,3,108,3,7
skew,3317,109,3,109,3,7
skew,3318,114,3,114,3,7
skew,3319,115,3,115,3,7
skew,3320,113,3,113,3,7
skew,3321,114,3,114,3,7
skew,3322,119,3,119,3,7
skew,3323,120,3,120,3,7
skew,3324,124,3,124,3,7
skew,3325,125,3,125,3,7
skew,3326,130,3,130,3,7
skew,3327,131,3,131,3,7
skew,3328,43,1,43,1,7
skew,3329,53,2,53,2,7
skew,3330,58,2,58,2,7
skew,3331,59,2,59,2,7
skew,3332,63,2,63,2,7
skew,3333,64,2,64,2,7
skew,3334,69,2,69,2,7
skew,3335,70,2,70,2,7
skew,3336,68,2,68,2,7
skew,3337,69,2,69,2,7
skew,3338,74,2,74,2,7
skew,3339,75,2,75,2,7
skew,3340,79,2,79,2,7
skew,3341,80,2,80,2,7
skew,3342,85,2,85,2,7
skew,3343,86,2,86,2,7
skew,3344,56,2,56,2,7
skew,3345,66,3,66,3,7
skew,3346,71,3,71,3,7
skew,3347,72,3,72,3,7
skew,3348,76,3,76,3,7
skew,3349,77,3,77,3,7
skew,3350,82,3,82,3,7
skew,3351,83,3,83,3,7
skew,3352,81,3,81,3,7
skew,3353,82,3,82,3,7
skew,3354,87,3,87,3,7
skew,3355,88,3,88,3,7
skew,3356,92,3,92,3,7
skew,3357,93,3,93,3,7
skew,3358,98,3,98,3,7
skew,3359,99,3,99,3,7
skew,3360,61,2,61,2,7
skew,3361,71,3,71,3,7
skew,3362,76,3,76,3,7
skew,3363,77,3,77,3,7
skew,3364,81,3,81,3,7
skew,3365,82,3,82,3,7
skew,3366,87,3,87,3,7
skew,3367,88,3,88,3,7
skew,3368,86,3,86,3,7
skew,3369,87,3,87,3,7
skew,3370,92,3,92,3,7
skew,3371,93,3,93,3,7
skew,3372,97,3,97,3,7
skew,3373,98,3,98,3,7
skew,3374,103,3,103,3,7
skew,3375,104,3,104,3,7
skew,3376,62,2,62,2,7
skew,3377,72,3,72,3,7
skew,3378,77,3,77,3,7
skew,3379,78,3,78,3,7
skew,3380,82,3,82,3,7
skew,3381,83,3,83,3,7
skew,3382,88,3,88,3,7
skew,3383,89,3,89,3,7
skew,3384,87,3,87,3,7
skew,3385,88,3,88,3,7
skew,3386,93,3,93,3,7
skew,3387,94,3,94,3,7
skew,3388,98,3,98,3,7
skew,3389,99,3,99,3,7
skew,3390,104,3,104,3,7
skew,3391,105,3,105,3,7
skew,3392,66,2,66,2,7
skew,3393,76,3,76,3,7
skew,3394,81,3,81,3,7
skew,3395,82,3,82,3,7
skew,3396,86,3,86,3,7
skew,3397,87,3,87,3,7
skew,3398,92,3,92,3,7
skew,3399,93,3,93,3,7
skew,3400,91,3,91,3,7
skew,3401,92,3,92,3,7
skew,3402,97,3,97,3,7
skew,3403,98,3,98,3,7
skew,3404,102,3,102,3,7
skew,3405,103,3,103,3,7
skew,3406,108,3,108,3,7
skew,3407,109,3,109,3,7
skew,3408,67,2,67,2,7
skew,3409,77,3,77,3,7
skew,3410,82,3,82,3,7
skew,3411,83,3,83,3,7
skew,3412,87,3,87,3,7
skew,3413,88,3,88,3,7
skew,3414,93,3,93,3,7
skew,3415,94,3,94,3,7
skew,3416,92,3,92,3,7
skew,3417,93,3,93,3,7
skew,3418,98,3,98,3,7
skew,3419,99,3,99,3,7
skew,3420,103,3,103,3,7
skew,3421,104,3,104,3,7
skew,3422,109,3,109,3,7
skew,3423,110,3,110,3,7
skew,3424,72,2,72,2,7
skew,3425,82,3,82,3,7
skew,3426,87,3,87,3,7
skew,3427,88,3,88,3,7
skew,3428,92,3,92,3,7
skew,3429,93,3,93,3,7
skew,3430,98,3,98,3,7
skew,3431,99,3,99,3,7
skew,3432,97,3,97,3,7
skew,3433,98,3,98,3,7
skew,3434,103,3,103,3,7
skew,3435,104,3,104,3,7
skew,3436,108,3,108,3,7
skew,3437,109,3,109,3,7
skew,3438,114,3,114,3,7
skew,3439,115,3,115,3,7
skew,3440,73,2,73,2,7
skew,3441,83,3,83,3,7
skew,3442,88,3,88,3,7
skew,3443,89,3,89,3,7
skew,3444,93,3,93,3,7
skew,3445,94,3,94,3,7
skew,3446,99,3,99,3,7
skew,3447,100,3,100,3,7
skew,3448,98,3,98,3,7
skew,3449,99,3,99,3,7
skew,3450,104,3,104,3,7
skew,3451,105,3,105,3,7
skew,3452,109,3,109,3,7
skew,3453,110,3,110,3,7
skew,3454,115,3,115,3,7
skew,3455,116,3,116,3,7
skew,3456,71,2,71,2,7
skew,3457,81,3,81,3,7
skew,3458,86,3,86,3,7
skew,3459,87,3,87,3,7
skew,3460,91,3,91,3,7
skew,3461,92,3,92,3,7
skew,3462,97,3,97,3,7
skew,3463,98,3,98,3,7
skew,3464,96,3,96,3,7
skew,3465,97,3,97,3,7
skew,3466,102,3,102,3,7
skew,3467,103,3,103,3,7
skew,3468,107,3,107,3,7
skew,3469,108,3,108,3,7
skew,3470,113,3,113,3,7
skew,3471,114,3,114,3,7
skew,3472,72,2,72,2,7
skew,3473,82,3,82,3,7
skew,3474,87,3,87,3,7
skew,3475,88,3,88,3,7
skew,3476,92,3,92,3,7
skew,3477,93,3,93,3,7
skew,3478,98,3,98,3,7
skew,3479,99,3,99,3,7
skew,3480,97,3,97,3,7
skew,3481,98,3,98,3,7
skew,3482,103,3,103,3,7
skew,3483,104,3,104,3,7
skew,3484,108,3,108,3,7
skew,3485,109,3,109,3,7
skew,3486,114,3,114,3,7
skew,3487,115,3,115,3,7
skew,3488,77,2,77,2,7
skew,3489,87,3,87,3,7
skew,3490,92,3,92,3,7
skew,3491,93,3,93,3,7
skew,3492,97,3,97,3,7
skew,3493,98,3,98,3,7
skew,3494,103,3,103,3,7
skew,3495,104,3,104,3,7
skew,3496,102,3,102,3,7
skew,3497,103,3,103,3,7
skew,3498,108,3,108,3,7
skew,3499,109,3,109,3,7
skew,3500,113,3,113,3,7
skew,3501,114,3,114,3,7
skew,3502,119,3,119,3,7
skew,3503,120,3,120,3,7
skew,3504,78,2,78,2,7
skew,3505,88,3,88,3,7
skew,3506,93,3,93,3,7
skew,3507,94,3,94,3,7
skew,3508,98,3,98,3,7
skew,3509,99,3,99,3,7
skew,3510,104,3,104,3,7
skew,3511,105,3,105,3,7
skew,3512,103,3,103,3,7
skew,3513,104,3,104,3,7
skew,3514,109,3,109,3,7
skew,3515,110,3,110,3,7
skew,3516,114,3,114,3,7
skew,3517,115,3,115,3,7
skew,3518,120,3,120,3,7
skew,3519,121,3,121,3,7
skew,3520,82,2,82,2,7
skew,3521,92,3,92,3,7
skew,3522,97,3,97,3,7
skew,3523,98,3,98,3,7
skew,3524,102,3,102,3,7
skew,3525,103,3,103,3,7
skew,3526,108,3,108,3,7
skew,3527,109,3,109,3,7
skew,3528,107,3,107,3,7
skew,3529,108,3,108,3,7
skew,3530,113,3,113,3,7
skew,3531,114,3,114,3,7
skew,3532,118,3,118,3,7
skew,3533,119,3,119,3,7
skew,3534,124,3,124,3,7
skew,3535,125,3,125,3,7
skew,3536,83,2,83,2,7
skew,3537,93,3,93,3,7
skew,3538,98,3,98,3,7
skew,3539,99,3,99,3,7
skew,3540,103,3,103,3,7
skew,3541,104,3,104,3,7
skew,3542,109,3,109,3,7
skew,3543,110,3,110,3,7
skew,3544,108,3,108,3,7
skew,3545,109,3,109,3,7
skew,3546,114,3,114,3,7
skew,3547,115,3,115,3,7
skew,3548,119,3,119,3,7
skew,3549,120,3,120,3,7
skew,3550,125,3,125,3,7
skew,3551,126,3,126,3,7
skew,3552,88,2,88,2,7
skew,3553,98,3,98,3,7
skew,3554,103,3,103,3,7
skew,3555,104,3,104,3,7
skew,3556,108,3,108,3,7
skew,3557,109,3,109,3,7
skew,3558,114,3,114,3,7
skew,3559,115,3,115,3,7
skew,3560,113,3,113,3,7
skew,3561,114,3,114,3,7
skew,3562,119,3,119,3,7
skew,3563,120,3,120,3,7
skew,3564,124,3,124,3,7
skew,3565,125,3,125,3,7
skew,3566,130,3,130,3,7
skew,3567,131,3,131,3,7
skew,3568,89,2,89,2,7
skew,3569,99,3,99,3,7
skew,3570,104,3,104,3,7
skew,3571,105,3,105,3,7
skew,3572,109,3,109,3,7
skew,3573,110,3,110,3,7
skew,3574,115,3,115,3,7
skew,3575,116,3,116,3,7
skew,3576,114,3,114,3,7
skew,3577,115,3,115,3,7
skew,3578,120,3,120,3,7
skew,3579,121,3,121,3,7
skew,3580,125,3,125,3,7
skew,3581,126,3,126,3,7
skew,3582,131,3,131,3,7
skew,3583,132,3,132,3,7
skew,3584,48,1,48,1,7
skew,3585,58,2,58,2,7
skew,3586,63,2,63,2,7
skew,3587,64,2,64,2,7
skew,3588,68,2,68,2,7
skew,3589,69,2,69,2,7
skew,3590,74,2,74,2,7
skew,3591,75,2,75,2,7
skew,3592,73,2,73,2,7
skew,3593,74,2,74,2,7
skew,3594,79,2,79,2,7
skew,3595,80,2,80,2,7
skew,3596,84,2,84,2,7
skew,3597,85,2,85,2,7
skew,3598,90,2,90,2,7
skew,3599,91,2,91,2,7
skew,3600,61,2,61,2,7
skew,3601,71,3,71,3,7
skew,3602,76,3,76,3,7
skew,3603,77,3,77,3,7
skew,3604,81,3,81,3,7
skew,3605,82,3,82,3,7
skew,3606,87,3,87,3,7
skew,3607,88,3,88,3,7
skew,3608,86,3,86,3,7
skew,3609,87,3,87,3,7
skew,3610,92,3,92,3,7
skew,3611,93,3,93,3,7
skew,3612,97,3,97,3,7
skew,3613,98,3,98,3,7
skew,3614,103,3,103,3,7
skew,3615,104,3,104,3,7
skew,3616,66,2,66,2,7
skew,3617,76,3,76,3,7
skew,3618,81,3,81,3,7
skew,3619,82,3,82,3,7
skew,3620,86,3,86,3,7
skew,3621,87,3,87,3,7
skew,3622,92,3,92,3,7
skew,3623,93,3,93,3,7
skew,3624,91,3,91,3,7
skew,3625,92,3,92,3,7
skew,3626,97,3,97,3,7
skew,3627,98,3,98,3,7
skew,3628,102,3,102,3,7
skew,3629,103,3,103,3,7
skew,3630,108,3,108,3,7
skew,3631,109,3,109,3,7
skew,3632,67,2,67,2,7
skew,3633,77,3,77,3,7
skew,3634,82,3,82,3,7
skew,3635,83,3,83,3,7
skew,3636,87,3,87,3,7
skew,3637,88,3,88,3,7
skew,3638,93,3,93,3,7
skew,3639,94,3,94,3,7
skew,3640,92,3,92,3,7
skew,3641,93,3,93,3,7
skew,3642,98,3,98,3,7
skew,3643,99,3,99,3,7
skew,3644,103,3,103,3,7
skew,3645,104,3,104,3,7
skew,3646,109,3,109,3,7
skew,3647,110,3,110,3,7
skew,3648,71,2,71,2,7
skew,3649,81,3,81,3,7
skew,3650,86,3,86,3,7
skew,3651,87,3,87,3,7
skew,3652,91,3,91,3,7
skew,3653,92,3,92,3,7
skew,3654,97,3,97,3,7
skew,3655,98,3,98,3,7
skew,3656,96,3,96,3,7
skew,3657,97,3,97,3,7
skew,3658,102,3,102,3,7
skew,3659,103,3,103,3,7
skew,3660,107,3,107,3,7
skew,3661,108,3,108,3,7
skew,3662,113,3,113,3,7
skew,3663,114,3,114,3,7
skew,3664,72,2,72,2,7
skew,3665,82,3,82,3,7
skew,3666,87,3,87,3,7
skew,3667,88,3,88,3,7
skew,3668,92,3,92,3,7
skew,3669,93,3,93,3,7
skew,3670,98,3,98,3,7
skew,3671,99,3,99,3,7
skew,3672,97,3,97,3,7
skew,3673,98,3,98,3,7
skew,3674,103,3,103,3,7
skew,3675,104,3,104,3,7
skew,3676,108,3,108,3,7
skew,3677,109,3,109,3,7
skew,3678,114,3,114,3,7
skew,3679,115,3,115,3,7
skew,3680,77,2,77,2,7
skew,3681,87,3,87,3,7
skew,3682,92,3,92,3,7
skew,3683,93,3,93,3,7
skew,3684,97,3,97,3,7
skew,3685,98,3,98,3,7
skew,3686,103,3,103,3,7
skew,3687,104,3,104,3,7
skew,3688,102,3,102,3,7
skew,3689,103,3,103,3,7
skew,3690,108,3,108,3,7
skew,3691,109,3,109,3,7
skew,3692,113,3,113,3,7
skew,3693,114,3,114,3,7
skew,3694,119,3,119,3,7
skew,3695,120,3,120,3,7
skew,3696,78,2,78,2,7
skew,3697,88,3,88,3,7
skew,3698,93,3,93,3,7
skew,3699,94,3,94,3,7
skew,3700,98,3,98,3,7
skew,3701,99,3,99,3,7
skew,3702,104,3,104,3,7
skew,3703,105,3,105,3,7
skew,3704,103,3,103,3,7
skew,3705,104,3,104,3,7
skew,3706,109,3,109,3,7
skew,3707,110,3,110,3,7
skew,3708,114,3,114,3,7
skew,3709,115,3,115,3,7
skew,3710,120,3,120,3,7
skew,3711,121,3,121,3,7
skew,3712,76,2,76,2,7
skew,3713,86,3,86,3,7
skew,3714,91,3,91,3,7
skew,3715,92,3,92,3,7
skew,3716,96,3,96,3,7
skew,3717,97,3,97,3,7
skew,3718,102,3,102,3,7
skew,3719,103,3,103,3,7
skew,3720,101,3,101,3,7
skew,3721,102,3,102,3,7
skew,3722,107,3,107,3,7
skew,3723,108,3,108,3,7
skew,3724,112,3,112,3,7
skew,3725,113,3,113,3,7
skew,3726,118,3,118,3,7
skew,3727,119,3,119,3,7
skew,3728,77,2,77,2,7
skew,3729,87,3,87,3,7
skew,3730,92,3,92,3,7
skew,3731,93,3,93,3,7
skew,3732,97,3,97,3,7
skew,3733,98,3,98,3,7
skew,3734,103,3,103,3,7
skew,3735,104,3,104,3,7
skew,3736,102,3,102,3,7
skew,3737,103,3,103,3,7
skew,3738,108,3,108,3,7
skew,3739,109,3,109,3,7
skew,3740,113,3,113,3,7
skew,3741,114,3,114,3,7
skew,3742,119,3,119,3,7
skew,3743,120,3,120,3,7
skew,3744,82,2,82,2,7
skew,3745,92,3,92,3,7
skew,3746,97,3,97,3,7
skew,3747,98,3,98,3,7
skew,3748,102,3,102,3,7
skew,3749,103,3,103,3,7
skew,3750,108,3,108,3,7
skew,3751,109,3,109,3,7
skew,3752,107,3,107,3,7
skew,3753,108,3,108,3,7
skew,3754,113,3,113,3,7
skew,3755,114,3,114,3,7
skew,3756,118,3,118,3,7
skew,3757,119,3,119,3,7
skew,3758,124,3,124,3,7
skew,3759,125,3,125,3,7
skew,3760,83,2,83,2,7
skew,3761,93,3,93,3,7
skew,3762,98,3,98,3,7
skew,3763,99,3,99,3,7
skew,3764,103,3,103,3,7
skew,3765,104,3,104,3,7
skew,3766,109,3,109,3,7
skew,3767,110,3,110,3,7
skew,3768,108,3,108,3,7
skew,3769,109,3,109,3,7
skew,3770,114,3,114,3,7
skew,3771,115,3,115,3,7
skew,3772,119,3,119,3,7
skew,3773,120,3,120,3,7
skew,3774,125,3,125,3,7
skew,3775,126,3,126,3,7
skew,3776,87,2,87,2,7
skew,3777,97,3,97,3,7
skew,3778,102,3,102,3,7
skew,3779,103,3,103,3,7
skew,3780,107,3,107,3,7
skew,3781,108,3,108,3,7
skew,3782,113,3,113,3,7
skew,3783,114,3,114,3,7
skew,3784,112,3,112,3,7
skew,3785,113,3,113,3,7
skew,3786,118,3,118,3,7
skew,3787,119,3,119,3,7
skew,3788,123,3,123,3,7
skew,3789,124,3,124,3,7
skew,3790,129,3,129,3,7
skew,3791,130,3,130,3,7
skew,3792,88,2,88,2,7
skew,3793,98,3,98,3,7
skew,3794,103,3,103,3,7
skew,3795,104,3,104,3,7
skew,3796,108,3,108,3,7
skew,3797,109,3,109,3,7
skew,3798,114,3,114,3,7
skew,3799,115,3,115,3,7
skew,3800,113,3,113,3,7
skew,3801,114,3,114,3,7
skew,3802,119,3,119,3,7
skew,3803,120,3,120,3,7
skew,3804,124,3,124,3,7
skew,3805,125,3,125,3,7
skew,3806,130,3,130,3,7
skew,3807,131,3,131,3,7
skew,3808,93,2,93,2,7
skew,3809,103,3,103,3,7
skew,3810,108,3,108,3,7
skew,3811,109,3,109,3,7
skew,3812,113,3,113,3,7
skew,3813,114,3,114,3,7
skew,3814,119,3,119,3,7
skew,3815,120,3,120,3,7
skew,3816,118,3,118,3,7
skew,3817,119,3,119,3,7
skew,3818,124,3,124,3,7
skew,3819,125,3,125,3,7
skew,3820,129,3,129,3,7
skew,3821,130,3,130,3,7
skew,3822,135,3,135,3,7
skew,3823,136,3,136,3,7
skew,3824,94,2,94,2,7
skew,3825,104,3,104,3,7
skew,3826,109,3,109,3,7
skew,3827,110,3,110,3,7
skew,3828,114,3,114,3,7
skew,3829,115,3,115,3,7
skew,3830,120,3,120,3,7
skew,3831,121,3,121,3,7
skew,3832,119,3,119,3,7
skew,3833,120,3,120,3,7
skew,3834,125,3,125,3,7
skew,3835,126,3,126,3,7
skew,3836,130,3,130,3,7
skew,3837,131,3,131,3,7
skew,3838,136,3,136,3,7
skew,3839,137,3,137,3,7
skew,3840,49,1,49,1,7
skew,3841,59,2,59,2,7
skew,3842,64,2,64,2,7
skew,3843,65,2,65,2,7
skew,3844,69,2,69,2,7
skew,3845,70,2,70,2,7
skew,3846,75,2,75,2,7
skew,3847,76,2,76,2,7
skew,3848,74,2,74,2,7
skew,3849,75,2,75,2,7
skew,3850,80,2,80,2,7
skew,3851,81,2,81,2,7
skew,3852,85,2,85,2,7
skew,3853,86,2,86,2,7
skew,3854,91,2,91,2,7
skew,3855,92,2,92,2,7
skew,3856,62,2,62,2,7
skew,3857,72,3,72,3,7
skew,3858,77,3,77,3,7
skew,3859,78,3,78,3,7
skew,3860,82,3,82,3,7
skew,3861,83,3,83,3,7
skew,3862,88,3,88,3,7
skew,3863,89,3,89,3,7
skew,3864,87,3,87,3,7
skew,3865,88,3,88,3,7
skew,3866,93,3,93,3,7
skew,3867,94,3,94,3,7
skew,3868,98,3,98,3,7
skew,3869,99,3,99,3,7
skew,3870,104,3,104,3,7
skew,3871,105,3,105,3,7
skew,3872,67,2,67,2,7
skew,3873,77,3,77,3,7
skew,3874,82,3,82,3,7
skew,3875,83,3,83,3,7
skew,3876,87,3,87,3,7
skew,3877,88,3,88,3,7
skew,3878,93,3,93,3,7
skew,3879,94,3,94,3,7
skew,3880,92,3,92,3,7
skew,3881,93,3,93,3,7
skew,3882,98,3,98,3,7
skew,3883,99,3,99,3,7
skew,3884,103,3,103,3,7
skew,3885,104,3,104,3,7
skew,3886,109,3,109,3,7
skew,3887,110,3,110,3,7
skew,3888,68,2,68,2,7
skew,3889,78,3,78,3,7
skew,3890,83,3,83,3,7
skew,3891,84,3,84,3,7
skew,3892,88,3,88,3,7
skew,3893,89,3,89,3,7
skew,3894,94,3,94,3,7
skew,3895,95,3,95,3,7
skew,3896,93,3,93,3,7
skew,3897,94,3,94,3,7
skew,3898,99,3,99,3,7
skew,3899,100,3,100,3,7
skew,3900,104,3,104,3,7
skew,3901,105,3,105,3,7
skew,3902,110,3,110,3,7
skew,3903,111,3,111,3,7
skew,3904,72,2,72,2,7
skew,3905,82,3,82,3,7
skew,3906,87,3,87,3,7
skew,3907,88,3,88,3,7
skew,3908,92,3,92,3,7
skew,3909,93,3,93,3,7
skew,3910,98,3,98,3,7
skew,3911,99,3,99,3,7
skew,3912,97,3,97,3,7
skew,3913,98,3,98,3,7
skew,3914,103,3,103,3,7
skew,3915,104,3,104,3,7
skew,3916,108,3,108,3,7
skew,3917,109,3,109,3,7
skew,3918,114,3,114,3,7
skew,3919,115,3,115,3,7
skew,3920,73,2,73,2,7
skew,3921,83,3,83,3,7
skew,3922,88,3,88,3,7
skew,3923,89,3,89,3,7
skew,3924,93,3,93,3,7
skew,3925,94,3,94,3,7
skew,3926,99,3,99,3,7
skew,3927,100,3,100,3,7
skew,3928,98,3,98,3,7
skew,3929,99,3,99,3,7
skew,3930,104,3,104,3,7
skew,3931,105,3,105,3,7
skew,3932,109,3,109,3,7
skew,3933,110,3,110,3,7
skew,3934,115,3,115,3,7
skew,3935,116,3,116,3,7
skew,3936,78,2,78,2,7
skew,3937,88,3,88,3,7
skew,3938,93,3,93,3,7
skew,3939,94,3,94,3,7
skew,3940,98,3,98,3,7
skew,3941,99,3,99,3,7
skew,3942,104,3,104,3,7
skew,3943,105,3,105,3,7
skew,3944,103,3,103,3,7
skew,3945,104,3,104,3,7
skew,3946,109,3,109,3,7
skew,3947,110,3,110,3,7
skew,3948,114,3,114,3,7
skew,3949,115,3,115,3,7
skew,3950,120,3,120,3,7
skew,3951,121,3,121,3,7
skew,3952,79,2,79,2,7
skew,3953,89,3,89,3,7
skew,3954,94,3,94,3,7
skew,3955,95,3,95,3,7
skew,3956,99,3,99,3,7
skew,3957,100,3,100,3,7
skew,3958,105,3,105,3,7
skew,3959,106,3,106,3,7
skew,3960,104,3,104,3,7
skew,3961,105,3,105,3,7
skew,3962,110,3,110,3,7
skew,3963,111,3,111,3,7
skew,3964,115,3,115,3,7
skew,3965,116,3,116,3,7
skew,3966,121,3,121,3,7
skew,3967,122,3,122,3,7
skew,3968,77,2,77,2,7
skew,3969,87,3,87,3,7
skew,3970,92,3,92,3,7
skew,3971,93,3,93,3,7
skew,3972,97,3,97,3,7
skew,3973,98,3,98,3,7
skew,3974,103,3,103,3,7
skew,3975,104,3,104,3,7
skew,3976,102,3,102,3,7
skew,3977,103,3,103,3,7
skew,3978,108,3,108,3,7
skew,3979,109,3,109,3,7
skew,3980,113,3,113,3,7
skew,3981,114,3,114,3,7
skew,3982,119,3,119,3,7
skew,3983,120,3,120,3,7
skew,3984,78,2,78,2,7
skew,3985,88,3,88,3,7
skew,3986,93,3,93,3,7
skew,3987,94,3,94,3,7
skew,3988,98,3,98,3,7
skew,3989,99,3,99,3,7
skew,3990,104,3,104,3,7
skew,3991,105,3,105,3,7
skew,3992,103,3,103,3,7
skew,3993,104,3,104,3,7
skew,3994,109,3,109,3,7
skew,3995,110,3,110,3,7
skew,3996,114,3,114,3,7
skew,3997,115,3,115,3,7
skew,3998,120,3,120,3,7
skew,3999,121,3,121,3,7
skew,4000,83,2,83,2,7
skew,4001,93,3,93,3,7
skew,4002,98,3,98,3,7
skew,4003,99,3,99,3,7
skew,4004,103,3,103,3,7
skew,4005,104,3,104,3,7
skew,4006,109,3,109,3,7
skew,4007,110,3,110,3,7
skew,4008,108,3,108,3,7
skew,4009,109,3,109,3,7
skew,4010,114,3,114,3,7
skew,4011,115,3,115,3,7
skew,4012,119,3,119,3,7
skew,4013,120,3,120,3,7
skew,4014,125,3,125,3,7
skew,4015,126,3,126,3,7
skew,4016,84,2,84,2,7
skew,4017,94,3,94,3,7
skew,4018,99,3,99,3,7
skew,4019,100,3,100,3,7
skew,4020,104,3,104,3,7
skew,4021,105,3,105,3,7
skew,4022,110,3,110,3,7
skew,4023,111,3,111,3,7
skew,4024,109,3,109,3,7
skew,4025,110,3,110,3,7
skew,4026,115,3,115,3,7
skew,4027,116,3,116,3,7
skew,4028,120,3,120,3,7
skew,4029,121,3,121,3,7
skew,4030,126,3,126,3,7
skew,4031,127,3,127,3,7
skew,4032,88,2,88,2,7
skew,4033,98,3,98,3,7
skew,4034,103,3,103,3,7
skew,4035,104,3,104,3,7
skew,4036,108,3,108,3,7
skew,4037,109,3,109,3,7
skew,4038,114,3,114,3,7
skew,4039,115,3,115,3,7
skew,4040,113,3,113,3,7
skew,4041,114,3,114,3,7
skew,4042,119,3,119,3,7
skew,4043,120,3,120,3,7
skew,4044,124,3,124,3,7
skew,4045,125,3,125,3,7
skew,4046,130,3,130,3,7
skew,4047,131,3,131,3,7
skew,4048,89,2,89,2,7
skew,4049,99,3,99,3,7
skew,4050,104,3,104,3,7
skew,4051,105,3,105,3,7
skew,4052,109,3,109,3,7
skew,4053,110,3,110,3,7
skew,4054,115,3,115,3,7
skew,4055,116,3,116,3,7
skew,4056,114,3,114,3,7
skew,4057,115,3,115,3,7
skew,4058,120,3,120,3,7
skew,4059,121,3,121,3,7
skew,4060,125,3,125,3,7
skew,4061,126,3,126,3,7
skew,4062,131,3,131,3,7
skew,4063,132,3,132,3,7
skew,4064,94,2,94,2,7
skew,4065,104,3,104,3,7
skew,4066,109,3,109,3,7
skew,4067,110,3,110,3,7
skew,4068,114,3,114,3,7
skew,4069,115,3,115,3,7
skew,4070,120,3,120,3,7
skew,4071,121,3,121,3,7
skew,4072,119,3,119,3,7
skew,4073,120,3,120,3,7
skew,4074,125,3,125,3,7
skew,4075,126,3,126,3,7
skew,4076,130,3,130,3,7
skew,4077,131,3,131,3,7
skew,4078,136,3,136,3,7
skew,4079,137,3,137,3,7
skew,4080,95,2,95,2,7
skew,4081,105,3,105,3,7
skew,4082,110,3,110,3,7
skew,4083,111,3,111,3,7
skew,4084,115,3,115,3,7
skew,4085,116,3,116,3,7
skew,4086,121,3,121,3,7
skew,4087,122,3,122,3,7
skew,4088,120,3,120,3,7
skew,4089,121,3,121,3,7
skew,4090,126,3,126,3,7
skew,4091,127,3,127,3,7
skew,4092,131,3,131,3,7
skew,4093,132,3,132,3,7
skew,4094,137,3,137,3,7
skew,4095,138,3,138,3,7
skew,4096,19,1,19,1,7
skew,4097,29,2,29,2,7
skew,4098,34,2,34,2,7
skew,4099,35,2,35,2,7
skew,4100,39,2,39,2,7
skew,4101,40,2,40,2,7
skew,4102,45,2,45,2,7
skew,4103,46,2,46,2,7
skew,4104,44,2,44,2,7
skew,4105,45,2,45,2,7
skew,4106,50,2,50,2,7
skew,4107,51,2,51,2,7
skew,4108,55,2,55,2,7
skew,4109,56,2,56,2,7
skew,4110,61,2,61,2,7
skew,4111,62,2,62,2,7
skew,4112,32,2,32,2,7
skew,4113,42,3,42,3,7
skew,4114,47,3,47,3,7
skew,4115,48,3,48,3,7
skew,4116,52,3,52,3,7
skew,4117,53,3,53,3,7
skew,4118,58,3,58,3,7
skew,4119,59,3,59,3,7
skew,4120,57,3,57,3,7
skew,4121,58,3,58,3,7
skew,4122,63,3,63,3,7
skew,4123,64,3,64,3,7
skew,4124,68,3,68,3,7
skew,4125,69,3,69,3,7
skew,4126,74,3,74,3,7
skew,4127,75,3,75,3,7
skew,4128,37,2,37,2,7
skew,4129,47,3,47,3,7
skew,4130,52,3,52,3,7
skew,4131,53,3,53,3,7
skew,4132,57,3,57,3,7
skew,4133,58,3,58,3,7
skew,4134,63,3,63,3,7
skew,4135,64,3,64,3,7
skew,4136,62,3,62,3,7
skew,4137,63,3,63,3,7
skew,4138,68,3,68,3,7
skew,4139,69,3,69,3,7
skew,4140,73,3,73,3,7
skew,4141,74,3,74,3,7
skew,4142,79,3,79,3,7
skew,4143,80,3,80,3,7
skew,4144,38,2,38,2,7
skew,4145,48,3,48,3,7
skew,4146,53,3,53,3,7
skew,4147,54,3,54,3,7
skew,4148,58,3,58,3,7
skew,4149,59,3,59,3,7
skew,4150,64,3,64,3,7
skew,4151,65,3,65,3,7
skew,4152,63,3,63,3,7
skew,4153,64,3,64,3,7
skew,4154,69,3,69,3,7
skew,4155,70,3,70,3,7
skew,4156,74,3,74,3,7
skew,4157,75,3,75,3,7
skew,4158,80,3,80,3,7
skew,4159,81,3,81,3,7
skew,4160,42,2,42,2,7
skew,4161,52,3,52,3,7
skew,4162,57,3,57,3,7
skew,4163,58,3,58,3,7
skew,4164,62,3,62,3,7
skew,4165,63,3,63,3,7
skew,4166,68,3,68,3,7
skew,4167,69,3,69,3,7
skew,4168,67,3,67,3,7
skew,4169,68,3,68,3,7
skew,4170,73,3,73,3,7
skew,4171,74,3,74,3,7
skew,4172,78,3,78,3,7
skew,4173,79,3,79,3,7
skew,4174,84,3,84,3,7
skew,4175,85,3,85,3,7
skew,4176,43,2,43,2,7
skew,4177,53,3,53,3,7
skew,4178,58,3,58,3,7
skew,4179,59,3,59,3,7
skew,4180,63,3,63,3,7
skew,4181,64,3,64,3,7
skew,4182,69,3,69,3,7
skew,4183,70,3,70,3,7
skew,4184,68,3,68,3,7
skew,4185,69,3,69,3,7
skew,4186,74,3,74,3,7
skew,4187,75,3,75,3,7
skew,4188,79,3,79,3,7
skew,4189,80,3,80,3,7
skew,4190,85,3,85,3,7
skew,4191,86,3,86,3,7
skew,4192,48,2,48,2,7
skew,4193,58,3,58,3,7
skew,4194,63,3,63,3,7
skew,4195,64,3,64,3,7
skew,4196,68,3,68,3,7
skew,4197,69,3,69,3,7
skew,4198,74,3,74,3,7
skew,4199,75,3,75,3,7
skew,4200,73,3,73,3,7
skew,4201,74,3,74,3,7
skew,4202,79,3,79,3,7
skew,4203,80,3,80,3,7
skew,4204,84,3,84,3,7
skew,4205,85,3,85,3,7
skew,4206,90,3,90,3,7
skew,4207,91,3,91,3,7
skew,4208,49,2,49,2,7
skew,4209,59,3,59,3,7
skew,4210,64,3,64,3,7
skew,4211,65,3,65,3,7
skew,4212,69,3,69,3,7
skew,4213,70,3,70,3,7
skew,4214,75,3,75,3,7
skew,4215,76,3,76,3,7
skew,4216,74,3,74,3,7
skew,4217,75,3,75,3,7
skew,4218,80,3,80,3,7
skew,4219,81,3,81,3,7
skew,4220,85,3,85,3,7
skew,4221,86,3,86,3,7
skew,4222,91,3,91,3,7
skew,4223,92,3,92,3,7
skew,4224,47,2,47,2,7
skew,4225,57,3,57,3,7
skew,4226,62,3,62,3,7
skew,4227,63,3,63,3,7
skew,4228,67,3,67,3,7
skew,4229,68,3,68,3,7
skew,4230,73,3,73,3,7
skew,4231,74,3,74,3,7
skew,4232,72,3,72,3,7
skew,4233,73,3,73,3,7
skew,4234,78,3,78,3,7
skew,4235,79,3,79,3,7
skew,4236,83,3,83,3,7
skew,4237,84,3,84,3,7
skew,4238,89,3,89,3,7
skew,4239,90,3,90,3,7
skew,4240,48,2,48,2,7
skew,4241,58,3,58,3,7
skew,4242,63,3,63,3,7
skew,4243,64,3,64,3,7
skew,4244,68,3,68,3,7
skew,4245,69,3,69,3,7
skew,4246,74,3,74,3,7
skew,4247,75,3,75,3,7
skew,4248,73,3,73,3,7
skew,4249,74,3,74,3,7
skew,4250,79,3,79,3,7
skew,4251,80,3,80,3,7
skew,4252,84,3,84,3,7
skew,4253,85,3,85,3,7
skew,4254,90,3,90,3,7
skew,4255,91,3,91,3,7
skew,4256,53,2,53,2,7
skew,4257,63,3,63,3,7
skew,4258,68,3,68,3,7
skew,4259,69,3,69,3,7
skew,4260,73,3,73,3,7
skew,4261,74,3,74,3,7
skew,4262,79,3,79,3,7
skew,4263,80,3,80,3,7
skew,4264,78,3,78,3,7
skew,4265,79,3,79,3,7
skew,4266,84,3,84,3,7
skew,4267,85,3,85,3,7
skew,4268,89,3,89,3,7
skew,4269,90,3,90,3,7
skew,4270,95,3,95,3,7
skew,4271,96,3,96,3,7
skew,4272,54,2,54,2,7
skew,4273,64,3,64,3,7
skew,4274,69,3,69,3,7
skew,4275,70,3,70,3,7
skew,4276,74,3,74,3,7
skew,4277,75,3,75,3,7
skew,4278,80,3,80,3,7
skew,4279,81,3,81,3,7
skew,4280,79,3,79,3,7
skew,4281,80,3,80,3,7
skew,4282,85,3,85,3,7
skew,4283,86,3,86,3,7
skew,4284,90,3,90,3,7
skew,4285,91,3,91,3,7
skew,4286,96,3,96,3,7
skew,4287,97,3,97,3,7
skew,4288,58,2,58,2,7
skew,4289,68,3,68,3,7
skew,4290,73,3,73,3,7
skew,4291,74,3,74,3,7
skew,4292,78,3,78,3,7
skew,4293,79,3,79,3,7
skew,4294,84,3,84,3,7
skew,4295,85,3,85,3,7
skew,4296,83,3,83,3,7
skew,4297,84,3,84,3,7
skew,4298,89,3,89,3,7
skew,4299,90,3,90,3,7
skew,4300,94,3,94,3,7
skew,4301,95,3,95,3,7
skew,4302,100,3,100,3,7
skew,4303,101,3,101,3,7
skew,4304,59,2,59,2,7
skew,4305,69,3,69,3,7
skew,4306,74,3,74,3,7
skew,4307,75,3,75,3,7
skew,4308,79,3,79,3,7
skew,4309,80,3,80,3,7
skew,4310,85,3,85,3,7
skew,4311,86,3,86,3,7
skew,4312,84,3,84,3,7
skew,4313,85,3,85,3,7
skew,4314,90,3,90,3,7
skew,4315,91,3,91,3,7
skew,4316,95,3,95,3,7
skew,4317,96,3,96,3,7
skew,4318,101,3,101,3,7
skew,4319,102,3,102,3,7
skew,4320,64,2,64,2,7
skew,4321,74,3,74,3,7
skew,4322,79,3,79,3,7
skew,4323,80,3,80,3,7
skew,4324,84,3,84,3,7
skew,4325,85,3,85,3,7
skew,4326,90,3,90,3,7
skew,4327,91,3,91,3,7
skew,4328,89,3,89,3,7
skew,4329,90,3,90,3,7
skew,4330,95,3,95,3,7
skew,4331,96,3,96,3,7
skew,4332,100,3,100,3,7
skew,4333,101,3,101,3,7
skew,4334,106,3,106,3,7
skew,4335,107,3,107,3,7
skew,4336,65,2,65,2,7
skew,4337,75,3,75,3,7
skew,4338,80,3,80,3,7
skew,4339,81,3,81,3,7
skew,4340,85,3,85,3,7
skew,4341,86,3,86,3,7
skew,4342,91,3,91,3,7
skew,4343,92,3,92,3,7
skew,4344,90,3,90,3,7
skew,4345,91,3,91,3,7
skew,4346,96,3,96,3,7
skew,4347,97,3,97,3,7
skew,4348,101,3,101,3,7
skew,4349,102,3,102,3,7
skew,4350,107,3,107,3,7
skew,4351,108,3,108,3,7
skew,4352,27,1,27,1,9
skew,4353,37,2,37,2,9
skew,4354,42,2,42,2,9
skew,4355,43,2,43,2,9
skew,4356,47,2,47,2,9
skew,4357,48,2,48,2,9
skew,4358,53,2,53,2,9
skew,4359,54,2,54,2,9
skew,4360,52,2,52,2,9
skew,4361,53,2,53,2,9
skew,4362,58,2,58,2,9
skew,4363,59,2,59,2,9
skew,4364,63,2,63,2,9
skew,4365,64,2,64,2,9
skew,4366,69,2,69,2,9
skew,4367,70,2,70,2,9
skew,4368,32,1,32,1,11
skew,4369,34,1,34,1,13
skew,4370,47,2,47,2,11
skew,4371,48,2,49,2,13
skew,4372,52,2,52,2,11
skew,4373,53,2,54,2,13
skew,4374,58,2,58,2,11
skew,4375,59,2,60,2,13
skew,4376,57,2,57,2,11
skew,4377,58,2,59,2,13
skew,4378,63,2,63,2,11
skew,4379,64,2,65,2,13
skew,4380,68,2,68,2,11
skew,4381,69,2,70,2,13
skew,4382,74,2,74,2,11
skew,4383,75,2,76,2,13
skew,4384,45,2,45,2,9
skew,4385,55,3,55,3,9
skew,4386,60,3,60,3,9
skew,4387,61,3,61,3,9
skew,4388,65,3,65,3,9
skew,4389,66,3,66,3,9
skew,4390,71,3,71,3,9
skew,4391,72,3,72,3,9
skew,4392,70,3,70,3,9
skew,4393,71,3,71,3,9
skew,4394,76,3,76,3,9
skew,4395,77,3,77,3,9
skew,4396,81,3,81,3,9
skew,4397,82,3,82,3,9
skew,4398,87,3,87,3,9
skew,4399,88,3,88,3,9
skew,4400,46,2,50,2,11
skew,4401,52,2,52,2,13
skew,4402,61,3,65,3,11
skew,4403,62,3,67,3,13
skew,4404,66,3,70,3,11
skew,4405,67,3,72,3,13
skew,4406,72,3,76,3,11
skew,4407,73,3,78,3,13
skew,4408,71,3,75,3,11
skew,4409,72,3,77,3,13
skew,4410,77,3,81,3,11
skew,4411,78,3,83,3,13
skew,4412,82,3,86,3,11
skew,4413,83,3,88,3,13
skew,4414,88,3,92,3,11
skew,4415,89,3,94,3,13
skew,4416,50,2,50,2,9
skew,4417,60,3,60,3,9
skew,4418,65,3,65,3,9
skew,4419,66,3,66,3,9
skew,4420,70,3,70,3,9
skew,4421,71,3,71,3,9
skew,4422,76,3,76,3,9
skew,4423,77,3,77,3,9
skew,4424,75,3,75,3,9
skew,4425,76,3,76,3,9
skew,4426,81,3,81,3,9
skew,4427,82,3,82,3,9
skew,4428,86,3,86,3,9
skew,4429,87,3,87,3,9
skew,4430,92,3,92,3,9
skew,4431,93,3,93,3,9
skew,4432,51,2,55,2,11
skew,4433,57,2,57,2,13
skew,4434,66,3,70,3,11
skew,4435,67,3,72,3,13
skew,4436,71,3,75,3,11
skew,4437,72,3,77,3,13
skew,4438,77,3,81,3,11
skew,4439,78,3,83,3,13
skew,4440,76,3,80,3,11
skew,4441,77,3,82,3,13
skew,4442,82,3,86,3,11
skew,4443,83,3,88,3,13
skew,4444,87,3,91,3,11
skew,4445,88,3,93,3,13
skew,4446,93,3,97,3,11
skew,4447,94,3,99,3,13
skew,4448,56,2,56,2,9
skew,4449,66,3,66,3,9
skew,4450,71,3,71,3,9
skew,4451,72,3,72,3,9
skew,4452,76,3,76,3,9
skew,4453,77,3,77,3,9
skew,4454,82,3,82,3,9
skew,4455,83,3,83,3,9
skew,4456,81,3,81,3,9
skew,4457,82,3,82,3,9
skew,4458,87,3,87,3,9
skew,4459,88,3,88,3,9
skew,4460,92,3,92,3,9
skew,4461,93,3,93,3,9
skew,4462,98,3,98,3,9
skew,4463,99,3,99,3,9
skew,4464,57,2,61,2,11
skew,4465,63,2,63,2,13
skew,4466,72,3,76,3,11
skew,4467,73,3,78,3,13
skew,4468,77,3,81,3,11
skew,4469,78,3,83,3,13
skew,4470,83,3,87,3,11
skew,4471,84,3,89,3,13
skew,4472,82,3,86,3,11
skew,4473,83,3,88,3,13
skew,4474,88,3,92,3,11
skew,4475,89,3,94,3,13
skew,4476,93,3,97,3,11
skew,4477,94,3,99,3,13
skew,4478,99,3,103,3,11
skew,4479,100,3,105,3,13
skew,4480,55,2,55,2,9
skew,4481,65,3,65,3,9
skew,4482,70,3,70,3,9
skew,4483,71,3,71,3,9
skew,4484,75,3,75,3,9
skew,4485,76,3,76,3,9
skew,4486,81,3,81,3,9
skew,4487,82,3,82,3,9
skew,4488,80,3,80,3,9
skew,4489,81,3,81,3,9
skew,4490,86,3,86,3,9
skew,4491,87,3,87,3,9
skew,4492,91,3,91,3,9
skew,4493,92,3,92,3,9
skew,4494,97,3,97,3,9
skew,4495,98,3,98,3,9
skew,4496,56,2,60,2,11
skew,4497,62,2,62,2,13
skew,4498,71,3,75,3,11
skew,4499,72,3,77,3,13
skew,4500,76,3,80,3,11
skew,4501,77,3,82,3,13
skew,4502,82,3,86,3,11
skew,4503,83,3,88,3,13
skew,4504,81,3,85,3,11
skew,4505,82,3,87,3,13
skew,4506,87,3,91,3,11
skew,4507,88,3,93,3,13
skew,4508,92,3,96,3,11
skew,4509,93,3,98,3,13
skew,4510,98,3,102,3,11
skew,4511,99,3,104,3,13
skew,4512,61,2,61,2,9
skew,4513,71,3,71,3,9
skew,4514,76,3,76,3,9
skew,4515,77,3,77,3,9
skew,4516,81,3,81,3,9
skew,4517,82,3,82,3,9
skew,4518,87,3,87,3,9
skew,4519,88,3,88,3,9
skew,4520,86,3,86,3,9
skew,4521,87,3,87,3,9
skew,4522,92,3,92,3,9
skew,4523,93,3,93,3,9
skew,4524,97,3,97,3,9
skew,4525,98,3,98,3,9
skew,4526,103,3,103,3,9
skew,4527,104,3,104,3,9
skew,4528,62,2,66,2,11
skew,4529,68,2,68,2,13
skew,4530,77,3,81,3,11
skew,4531,78,3,83,3,13
skew,4532,82,3,86,3,11
skew,4533,83,3,88,3,13
skew,4534,88,3,92,3,11
skew,4535,89,3,94,3,13
skew,4536,87,3,91,3,11
skew,4537,88,3,93,3,13
skew,4538,93,3,97,3,11
skew,4539,94,3,99,3,13
skew,4540,98,3,102,3,11
skew,4541,99,3,104,3,13
skew,4542,104,3,108,3,11
skew,4543,105,3,110,3,13
skew,4544,66,2,66,2,9
skew,4545,76,3,76,3,9
skew,4546,81,3,81,3,9
skew,4547,82,3,82,3,9
skew,4548,86,3,86,3,9
skew,4549,87,3,87,3,9
skew,4550,92,3,92,3,9
skew,4551,93,3,93,3,9
skew,4552,91,3,91,3,9
skew,4553,92,3,92,3,9
skew,4554,97,3,97,3,9
skew,4555,98,3,98,3,9
skew,4556,102,3,102,3,9
skew,4557,103,3,103,3,9
skew,4558,108,3,108,3,9
skew,4559,109,3,109,3,9
skew,4560,67,2,71,2,11
skew,4561,73,2,73,2,13
skew,4562,82,3,86,3,11
skew,4563,83,3,88,3,13
skew,4564,87,3,91,3,11
skew,4565,88,3,93,3,13
skew,4566,93,3,97,3,11
skew,4567,94,3,99,3,13
skew,4568,92,3,96,3,11
skew,4569,93,3,98,3,13
skew,4570,98,3,102,3,11
skew,4571,99,3,104,3,13
skew,4572,103,3,107,3,11
skew,4573,104,3,109,3,13
skew,4574,109,3,113,3,11
skew,4575,110,3,115,3,13
skew,4576,72,2,72,2,9
skew,4577,82,3,82,3,9
skew,4578,87,3,87,3,9
skew,4579,88,3,88,3,9
skew,4580,92,3,92,3,9
skew,4581,93,3,93,3,9
skew,4582,98,3,98,3,9
skew,4583,99,3,99,3,9
skew,4584,97,3,97,3,9
skew,4585,98,3,98,3,9
skew,4586,103,3,103,3,9
skew,4587,104,3,104,3,9
skew,4588,108,3,108,3,9
skew,4589,109,3,109,3,9
skew,4590,114,3,114,3,9
skew,4591,115,3,115,3,9
skew,4592,73,2,77,2,11
skew,4593,79,2,79,2,13
skew,4594,88,3,92,3,11
skew,4595,89,3,94,3,13
skew,4596,93,3,97,3,11
skew,4597,94,3,99,3,13
skew,4598,99,3,103,3,11
skew,4599,100,3,105,3,13
skew,4600,98,3,102,3,11
skew,4601,99,3,104,3,13
skew,4602,104,3,108,3,11
skew,4603,105,3,110,3,13
skew,4604,109,3,113,3,11
skew,4605,110,3,115,3,13
skew,4606,115,3,119,3,11
skew,4607,116,3,121,3,13
skew,4608,40,2,40,2,7
skew,4609,50,3,50,3,7
skew,4610,55,3,55,3,7
skew,4611,56,3,56,3,7
skew,4612,60,3,60,3,7
skew,4613,61,3,61,3,7
skew,4614,66,3,66,3,7
skew,4615,67,3,67,3,7
skew,4616,65,3,65,3,7
skew,4617,66,3,66,3,7
skew,4618,71,3,71,3,7
skew,4619,72,3,72,3,7
skew,4620,76,3,76,3,7
skew,4621,77,3,77,3,7
skew,4622,82,3,82,3,7
skew,4623,83,3,83,3,7
skew,4624,53,3,53,3,7
skew,4625,63,4,63,4,7
skew,4626,68,4,68,4,7
skew,4627,69,4,69,4,7
skew,4628,73,4,73,4,7
skew,4629,74,4,74,4,7
skew,4630,79,4,79,4,7
skew,4631,80,4,80,4,7
skew,4632,78,4,78,4,7
skew,4633,79,4,79,4,7
skew,4634,84,4,84,4,7
skew,4635,85,4,85,4,7
skew,4636,89,4,89,4,7
skew,4637,90,4,90,4,7
skew,4638,95,4,95,4,7
skew,4639,96,4,96,4,7
skew,4640,58,3,58,3,7
skew,4641,68,4,68,4,7
skew,4642,73,4,73,4,7
skew,4643,74,4,74,4,7
skew,4644,78,4,78,4,7
skew,4645,79,4,79,4,7
skew,4646,84,4,84,4,7
skew,4647,85,4,85,4,7
skew,4648,83,4,83,4,7
skew,4649,84,4,84,4,7
skew,4650,89,4,89,4,7
skew,4651,90,4,90,4,7
skew,4652,94,4,94,4,7
skew,4653,95,4,95,4,7
skew,4654,100,4,100,4,7
skew,4655,101,4,101,4,7
skew,4656,59,3,59,3,7
skew,4657,69,4,69,4,7
skew,4658,74,4,74,4,7
skew,4659,75,4,75,4,7
skew,4660,79,4,79,4,7
skew,4661,80,4,80,4,7
skew,4662,85,4,85,4,7
skew,4663,86,4,86,4,7
skew,4664,84,4,84,4,7
skew,4665,85,4,85,4,7
skew,4666,90,4,90,4,7
skew,4667,91,4,91,4,7
skew,4668,95,4,95,4,7
skew,4669,96,4,96,4,7
skew,4670,101,4,101,4,7
skew,4671,102,4,102,4,7
skew,4672,63,3,63,3,7
skew,4673,73,4,73,4,7
skew,4674,78,4,78,4,7
skew,4675,79,4,79,4,7
skew,4676,83,4,83,4,7
skew,4677,84,4,84,4,7
skew,4678,89,4,89,4,7
skew,4679,90,4,90,4,7
skew,4680,88,4,88,4,7
skew,4681,89,4,89,4,7
skew,4682,94,4,94,4,7
skew,4683,95,4,95,4,7
skew,4684,99,4,99,4,7
skew,4685,100,4,100,4,7
skew,4686,105,4,105,4,7
skew,4687,106,4,106,4,7
skew,4688,64,3,64,3,7
skew,4689,74,4,74,4,7
skew,4690,79,4,79,4,7
skew,4691,80,4,80,4,7
skew,4692,84,4,84,4,7
skew,4693,85,4,85,4,7
skew,4694,90,4,90,4,7
skew,4695,91,4,91,4,7
skew,4696,89,4,89,4,7
skew,4697,90,4,90,4,7
skew,4698,95,4,95,4,7
skew,4699,96,4,96,4,7
skew,4700,100,4,100,4,7
skew,4701,101,4,101,4,7
skew,4702,106,4,106,4,7
skew,4703,107,4,107,4,7
skew,4704,69,3,69,3,7
skew,4705,79,4,79,4,7
skew,4706,84,4,84,4,7
skew,4707,85,4,85,4,7
skew,4708,89,4,89,4,7
skew,4709,90,4,90,4,7
skew,4710,95,4,95,4,7
skew,4711,96,4,96,4,7
skew,4712,94,4,94,4,7
skew,4713,95,4,95,4,7
skew,4714,100,4,100,4,7
skew,4715,101,4,101,4,7
skew,4716,105,4,105,4,7
skew,4717,106,4,106,4,7
skew,4718,111,4,111,4,7
skew,4719,112,4,112,4,7
skew,4720,70,3,70,3,7
skew,4721,80,4,80,4,7
skew,4722,85,4,85,4,7
skew,4723,86,4,86,4,7
skew,4724,90,4,90,4,7
skew,4725,91,4,91,4,7
skew,4726,96,4,96,4,7
skew,4727,97,4,97,4,7
skew,4728,95,4,95,4,7
skew,4729,96,4,96,4,7
skew,4730,101,4,101,4,7
skew,4731,102,4,102,4,7
skew,4732,106,4,106,4,7
skew,4733,107,4,107,4,7
skew,4734,112,4,112,4,7
skew,4735,113,4,113,4,7
skew,4736,68,3,68,3,7
skew,4737,78,4,78,4,7
skew,4738,83,4,83,4,7
skew,4739,84,4,84,4,7
skew,4740,88,4,88,4,7
skew,4741,89,4,89,4,7
skew,4742,94,4,94,4,7
skew,4743,95,4,95,4,7
skew,4744,93,4,93,4,7
skew,4745,94,4,94,4,7
skew,4746,99,4,99,4,7
skew,4747,100,4,100,4,7
skew,4748,104,4,104,4,7
skew,4749,105,4,105,4,7
skew,4750,110,4,110,4,7
skew,4751,111,4,111,4,7
skew,4752,69,3,69,3,7
skew,4753,79,4,79,4,7
skew,4754,84,4,84,4,7
skew,4755,85,4,85,4,7
skew,4756,89,4,89,4,7
skew,4757,90,4,90,4,7
skew,4758,95,4,95,4,7
skew,4759,96,4,96,4,7
skew,4760,94,4,94,4,7
skew,4761,95,4,95,4,7
skew,4762,100,4,100,4,7
skew,4763,101,4,101,4,7
skew,4764,105,4,105,4,7
skew,4765,106,4,106,4,7
skew,4766,111,4,111,4,7
skew,4767,112,4,112,4,7
skew,4768,74,3,74,3,7
skew,4769,84,4,84,4,7
skew,4770,89,4,89,4,7
skew,4771,90,4,90,4,7
skew,4772,94,4,94,4,7
skew,4773,95,4,95,4,7
skew,4774,100,4,100,4,7
skew,4775,101,4,101,4,7
skew,4776,99,4,99,4,7
skew,4777,100,4,100,4,7
skew,4778,105,4,105,4,7
skew,4779,106,4,106,4,7
skew,4780,110,4,110,4,7
skew,4781,111,4,111,4,7
skew,4782,116,4,116,4,7
skew,4783,117,4,117,4,7
skew,4784,75,3,75,3,7
skew,4785,85,4,85,4,7
skew,4786,90,4,90,4,7
skew,4787,91,4,91,4,7
skew,4788,95,4,95,4,7
skew,4789,96,4,96,4,7
skew,4790,101,4,101,4,7
skew,4791,102,4,102,4,7
skew,4792,100,4,100,4,7
skew,4793,101,4,101,4,7
skew,4794,106,4,106,4,7
skew,4795,107,4,107,4,7
skew,4796,111,4,111,4,7
skew,4797,112,4,112,4,7
skew,4798,117,4,117,4,7
skew,4799,118,4,118,4,7
skew,4800,79,3,79,3,7
skew,4801,89,4,89,4,7
skew,4802,94,4,94,4,7
skew,4803,95,4,95,4,7
skew,4804,99,4,99,4,7
skew,4805,100,4,100,4,7
skew,4806,105,4,105,4,7
skew,4807,106,4,106,4,7
skew,4808,104,4,104,4,7
skew,4809,105,4,105,4,7
skew,4810,110,4,110,4,7
skew,4811,111,4,111,4,7
skew,4812,115,4,115,4,7
skew,4813,116,4,116,4,7
skew,4814,121,4,121,4,7
skew,4815,122,4,122,4,7
skew,4816,80,3,80,3,7
skew,4817,90,4,90,4,7
skew,4818,95,4,95,4,7
skew,4819,96,4,96,4,7
skew,4820,100,4,100,4,7
skew,4821,101,4,101,4,7
skew,4822,106,4,106,4,7
skew,4823,107,4,107,4,7
skew,4824,105,4,105,4,7
skew,4825,106,4,106,4,7
skew,4826,111,4,111,4,7
skew,4827,112,4,112,4,7
skew,4828,116,4,116,4,7
skew,4829,117,4,117,4,7
skew,4830,122,4,122,4,7
skew,4831,123,4,123,4,7
skew,4832,85,3,85,3,7
skew,4833,95,4,95,4,7
skew,4834,100,4,100,4,7
skew,4835,101,4,101,4,7
skew,4836,105,4,105,4,7
skew,4837,106,4,106,4,7
skew,4838,111,4,111,4,7
skew,4839,112,4,112,4,7
skew,4840,110,4,110,4,7
skew,4841,111,4,111,4,7
skew,4842,116,4,116,4,7
skew,4843,117,4,117,4,7
skew,4844,121,4,121,4,7
skew,4845,122,4,122,4,7
skew,4846,127,4,127,4,7
skew,4847,128,4,128,4,7
skew,4848,86,3,86,3,7
skew,4849,96,4,96,4,7
skew,4850,101,4,101,4,7
skew,4851,102,4,102,4,7
skew,4852,106,4,106,4,7
skew,4853,107,4,107,4,7
skew,4854,112,4,112,4,7
skew,4855,113,4,113,4,7
skew,4856,111,4,111,4,7
skew,4857,112,4,112,4,7
skew,4858,117,4,117,4,7
skew,4859,118,4,118,4,7
skew,4860,122,4,122,4,7
skew,4861,123,4,123,4,7
skew,4862,128,4,128,4,7
skew,4863,129,4,129,4,7
skew,4864,41,2,48,2,9
skew,4865,51,3,58,3,9
skew,4866,56,3,63,3,9
skew,4867,57,3,64,3,9
skew,4868,61,3,68,3,9
skew,4869,62,3,69,3,9
skew,4870,67,3,74,3,9
skew,4871,68,3,75,3,9
skew,4872,66,3,73,3,9
skew,4873,67,3,74,3,9
skew,4874,72,3,79,3,9
skew,4875,73,3,80,3,9
skew,4876,77,3,84,3,9
skew,4877,78,3,85,3,9
skew,4878,83,3,90,3,9
skew,4879,84,3,91,3,9
skew,4880,53,2,53,2,11
skew,4881,55,2,55,2,13
skew,4882,68,3,68,3,11
skew,4883,69,3,70,3,13
skew,4884,73,3,73,3,11
skew,4885,74,3,75,3,13
skew,4886,79,3,79,3,11
skew,4887,80,3,81,3,13
skew,4888,78,3,78,3,11
skew,4889,79,3,80,3,13
skew,4890,84,3,84,3,11
skew,4891,85,3,86,3,13
skew,4892,89,3,89,3,11
skew,4893,90,3,91,3,13
skew,4894,95,3,95,3,11
skew,4895,96,3,97,3,13
skew,4896,59,3,66,3,9
skew,4897,69,4,76,4,9
skew,4898,74,4,81,4,9
skew,4899,75,4,82,4,9
skew,4900,79,4,86,4,9
skew,4901,80,4,87,4,9
skew,4902,85,4,92,4,9
skew,4903,86,4,93,4,9
skew,4904,84,4,91,4,9
skew,4905,85,4,92,4,9
skew,4906,90,4,97,4,9
skew,4907,91,4,98,4,9
skew,4908,95,4,102,4,9
skew,4909,96,4,103,4,9
skew,4910,101,4,108,4,9
skew,4911,102,4,109,4,9
skew,4912,60,3,71,3,11
skew,4913,70,4,73,3,13
skew,4914,75,4,86,4,11
skew,4915,76,4,88,4,13
skew,4916,80,4,91,4,11
skew,4917,81,4,93,4,13
skew,4918,86,4,97,4,11
skew,4919,87,4,99,4,13
skew,4920,85,4,96,4,11
skew,4921,86,4,98,4,13
skew,4922,91,4,102,4,11
skew,4923,92,4,104,4,13
skew,4924,96,4,107,4,11
skew,4925,97,4,109,4,13
skew,4926,102,4,113,4,11
skew,4927,103,4,115,4,13
skew,4928,64,3,71,3,9
skew,4929,74,4,81,4,9
skew,4930,79,4,86,4,9
skew,4931,80,4,87,4,9
skew,4932,84,4,91,4,9
skew,4933,85,4,92,4,9
skew,4934,90,4,97,4,9
skew,4935,91,4,98,4,9
skew,4936,89,4,96,4,9
skew,4937,90,4,97,4,9
skew,4938,95,4,102,4,9
skew,4939,96,4,103,4,9
skew,4940,100,4,107,4,9
skew,4941,101,4,108,4,9
skew,4942,106,4,113,4,9
skew,4943,107,4,114,4,9
skew,4944,65,3,76,3,11
skew,4945,75,4,78,3,13
skew,4946,80,4,91,4,11
skew,4947,81,4,93,4,13
skew,4948,85,4,96,4,11
skew,4949,86,4,98,4,13
skew,4950,91,4,102,4,11
skew,4951,92,4,104,4,13
skew,4952,90,4,101,4,11
skew,4953,91,4,103,4,13
skew,4954,96,4,107,4,11
skew,4955,97,4,109,4,13
skew,4956,101,4,112,4,11
skew,4957,102,4,114,4,13
skew,4958,107,4,118,4,11
skew,4959,108,4,120,4,13
skew,4960,70,3,77,3,9
skew,4961,80,4,87,4,9
skew,4962,85,4,92,4,9
skew,4963,86,4,93,4,9
skew,4964,90,4,97,4,9
skew,4965,91,4,98,4,9
skew,4966,96,4,103,4,9
skew,4967,97,4,104,4,9
skew,4968,95,4,102,4,9
skew,4969,96,4,103,4,9
skew,4970,101,4,108,4,9
skew,4971,102,4,109,4,9
skew,4972,106,4,113,4,9
skew,4973,107,4,114,4,9
skew,4974,112,4,119,4,9
skew,4975,113,4,120,4,9
skew,4976,71,3,82,3,11
skew,4977,81,4,84,3,13
skew,4978,86,4,97,4,11
skew,4979,87,4,99,4,13
skew,4980,91,4,102,4,11
skew,4981,92,4,104,4,13
skew,4982,97,4,108,4,11
skew,4983,98,4,110,4,13
skew,4984,96,4,107,4,11
skew,4985,97,4,109,4,13
skew,4986,102,4,113,4,11
skew,4987,103,4,115,4,13
skew,4988,107,4,118,4,11
skew,4989,108,4,120,4,13
skew,4990,113,4,124,4,11
skew,4991,114,4,126,4,13
skew,4992,69,3,76,3,9
skew,4993,79,4,86,4,9
skew,4994,84,4,91,4,9
skew,4995,85,4,92,4,9
skew,4996,89,4,96,4,9
skew,4997,90,4,97,4,9
skew,4998,95,4,102,4,9
skew,4999,96,4,103,4,9
skew,5000,94,4,101,4,9
skew,5001,95,4,102,4,9
skew,5002,100,4,107,4,9
skew,5003,101,4,108,4,9
skew,5004,105,4,112,4,9
skew,5005,106,4,113,4,9
skew,5006,111,4,118,4,9
skew,5007,112,4,119,4,9
skew,5008,70,3,81,3,11
skew,5009,80,4,83,3,13
skew,5010,85,4,96,4,11
skew,5011,86,4,98,4,13
skew,5012,90,4,101,4,11
skew,5013,91,4,103,4,13
skew,5014,96,4,107,4,11
skew,5015,97,4,109,4,13
skew,5016,95,4,106,4,11
skew,5017,96,4,108,4,13
skew,5018,101,4,112,4,11
skew,5019,102,4,114,4,13
skew,5020,106,4,117,4,11
skew,5021,107,4,119,4,13
skew,5022,112,4,123,4,11
skew,5023,113,4,125,4,13
skew,5024,75,3,82,3,9
skew,5025,85,4,92,4,9
skew,5026,90,4,97,4,9
skew,5027,91,4,98,4,9
skew,5028,95,4,102,4,9
skew,5029,96,4,103,4,9
skew,5030,101,4,108,4,9
skew,5031,102,4,109,4,9
skew,5032,100,4,107,4,9
skew,5033,101,4,108,4,9
skew,5034,106,4,113,4,9
skew,5035,107,4,114,4,9
skew,5036,111,4,118,4,9
skew,5037,112,4,119,4,9
skew,5038,117,4,124,4,9
skew,5039,118,4,125,4,9
skew,5040,76,3,87,3,11
skew,5041,86,4,89,3,13
skew,5042,91,4,102,4,11
skew,5043,92,4,104,4,13
skew,5044,96,4,107,4,11
skew,5045,97,4,109,4,13
skew,5046,102,4,113,4,11
skew,5047,103,4,115,4,13
skew,5048,101,4,112,4,11
skew,5049,102,4,114,4,13
skew,5050,107,4,118,4,11
skew,5051,108,4,120,4,13
skew,5052,112,4,123,4,11
skew,5053,113,4,125,4,13
skew,5054,118,4,129,4,11
skew,5055,119,4,131,4,13
skew,5056,80,3,87,3,9
skew,5057,90,4,97,4,9
skew,5058,95,4,102,4,9
skew,5059,96,4,103,4,9
skew,5060,100,4,107,4,9
skew,5061,101,4,108,4,9
skew,5062,106,4,113,4,9
skew,5063,107,4,114,4,9
skew,5064,105,4,112,4,9
skew,5065,106,4,113,4,9
skew,5066,111,4,118,4,9
skew,5067,112,4,119,4,9
skew,5068,116,4,123,4,9
skew,5069,117,4,124,4,9
skew,5070,122,4,129,4,9
skew,5071,123,4,130,4,9
skew,5072,81,3,92,3,11
skew,5073,91,4,94,3,13
skew,5074,96,4,107,4,11
skew,5075,97,4,109,4,13
skew,5076,101,4,112,4,11
skew,5077,102,4,114,4,13
skew,5078,107,4,118,4,11
skew,5079,108,4,120,4,13
skew,5080,106,4,117,4,11
skew,5081,107,4,119,4,13
skew,5082,112,4,123,4,11
skew,5083,113,4,125,4,13
skew,5084,117,4,128,4,11
skew,5085,118,4,130,4,13
skew,5086,123,4,134,4,11
skew,5087,124,4,136,4,13
skew,5088,86,3,93,3,9
skew,5089,96,4,103,4,9
skew,5090,101,4,108,4,9
skew,5091,102,4,109,4,9
skew,5092,106,4,113,4,9
skew,5093,107,4,114,4,9
skew,5094,112,4,119,4,9
skew,5095,113,4,120,4,9
skew,5096,111,4,118,4,9
skew,5097,112,4,119,4,9
skew,5098,117,4,124,4,9
skew,5099,118,4,125,4,9
skew,5100,122,4,129,4,9
skew,5101,123,4,130,4,9
skew,5102,128,4,135,4,9
skew,5103,129,4,136,4,9
skew,5104,87,3,98,3,11
skew,5105,97,4,100,3,13
skew,5106,102,4,113,4,11
skew,5107,103,4,115,4,13
skew,5108,107,4,118,4,11
skew,5109,108,4,120,4,13
skew,5110,113,4,124,4,11
skew,5111,114,4,126,4,13
skew,5112,112,4,123,4,11
skew,5113,113,4,125,4,13
skew,5114,118,4,129,4,11
skew,5115,119,4,131,4,13
skew,5116,123,4,134,4,11
skew,5117,124,4,136,4,13
skew,5118,129,4,140,4,11
skew,5119,130,4,142,4,13
skew,5120,45,2,45,2,7
skew,5121,55,3,55,3,7
skew,5122,60,3,60,3,7
skew,5123,61,3,61,3,7
skew,5124,65,3,65,3,7
skew,5125,66,3,66,3,7
skew,5126,71,3,71,3,7
skew,5127,72,3,72,3,7
skew,5128,70,3,70,3,7
skew,5129,71,3,71,3,7
skew,5130,76,3,76,3,7
skew,5131,77,3,77,3,7
skew,5132,81,3,81,3,7
skew,5133,82,3,82,3,7
skew,5134,87,3,87,3,7
skew,5135,88,3,88,3,7
skew,5136,58,3,58,3,7
skew,5137,68,4,68,4,7
skew,5138,73,4,73,4,7
skew,5139,74,4,74,4,7
skew,5140,78,4,78,4,7
skew,5141,79,4,79,4,7
skew,5142,84,4,84,4,7
skew,5143,85,4,85,4,7
skew,5144,83,4,83,4,7
skew,5145,84,4,84,4,7
skew,5146,89,4,89,4,7
skew,5147,90,4,90,4,7
skew,5148,94,4,94,4,7
skew,5149,95,4,95,4,7
skew,5150,100,4,100,4,7
skew,5151,101,4,101,4,7
skew,5152,63,3,63,3,7
skew,5153,73,4,73,4,7
skew,5154,78,4,78,4,7
skew,5155,79,4,79,4,7
skew,5156,83,4,83,4,7
skew,5157,84,4,84,4,7
skew,5158,89,4,89,4,7
skew,5159,90,4,90,4,7
skew,5160,88,4,88,4,7
skew,5161,89,4,89,4,7
skew,5162,94,4,94,4,7
skew,5163,95,4,95,4,7
skew,5164,99,4,99,4,7
skew,5165,100,4,100,4,7
skew,5166,105,4,105,4,7
skew,5167,106,4,106,4,7
skew,5168,64,3,64,3,7
skew,5169,74,4,74,4,7
skew,5170,79,4,79,4,7
skew,5171,80,4,80,4,7
skew,5172,84,4,84,4,7
skew,5173,85,4,85,4,7
skew,5174,90,4,90,4,7
skew,5175,91,4,91,4,7
skew,5176,89,4,89,4,7
skew,5177,90,4,90,4,7
skew,5178,95,4,95,4,7
skew,5179,96,4,96,4,7
skew,5180,100,4,100,4,7
skew,5181,101,4,101,4,7
skew,5182,106,4,106,4,7
skew,5183,107,4,107,4,7
skew,5184,68,3,68,3,7
skew,5185,78,4,78,4,7
skew,5186,83,4,83,4,7
skew,5187,84,4,84,4,7
skew,5188,88,4,88,4,7
skew,5189,89,4,89,4,7
skew,5190,94,4,94,4,7
skew,5191,95,4,95,4,7
skew,5192,93,4,93,4,7
skew,5193,94,4,94,4,7
skew,5194,99,4,99,4,7
skew,5195,100,4,100,4,7
skew,5196,104,4,104,4,7
skew,5197,105,4,105,4,7
skew,5198,110,4,110,4,7
skew,5199,111,4,111,4,7
skew,5200,69,3,69,3,7
skew,5201,79,4,79,4,7
skew,5202,84,4,84,4,7
skew,5203,85,4,85,4,7
skew,5204,89,4,89,4,7
skew,5205,90,4,90,4,7
skew,5206,95,4,95,4,7
skew,5207,96,4,96,4,7
skew,5208,94,4,94,4,7
skew,5209,95,4,95,4,7
skew,5210,100,4,100,4,7
skew,5211,101,4,101,4,7
skew,5212,105,4,105,4,7
skew,5213,106,4,106,4,7
skew,5214,111,4,111,4,7
skew,5215,112,4,112,4,7
skew,5216,74,3,74,3,7
skew,5217,84,4,84,4,7
skew,5218,89,4,89,4,7
skew,5219,90,4,90,4,7
skew,5220,94,4,94,4,7
skew,5221,95,4,95,4,7
skew,5222,100,4,100,4,7
skew,5223,101,4,101,4,7
skew,5224,99,4,99,4,7
skew,5225,100,4,100,4,7
skew,5226,105,4,105,4,7
skew,5227,106,4,106,4,7
skew,5228,110,4,110,4,7
skew,5229,111,4,111,4,7
skew,5230,116,4,116,4,7
skew,5231,117,4,117,4,7
skew,5232,75,3,75,3,7
skew,5233,85,4,85,4,7
skew,5234,90,4,90,4,7
skew,5235,91,4,91,4,7
skew,5236,95,4,95,4,7
skew,5237,96,4,96,4,7
skew,5238,101,4,101,4,7
skew,5239,102,4,102,4,7
skew,5240,100,4,100,4,7
skew,5241,101,4,101,4,7
skew,5242,106,4,106,4,7
skew,5243,107,4,107,4,7
skew,5244,111,4,111,4,7
skew,5245,112,4,112,4,7
skew,5246,117,4,117,4,7
skew,5247,118,4,118,4,7
skew,5248,73,3,73,3,7
skew,5249,83,4,83,4,7
skew,5250,88,4,88,4,7
skew,5251,89,4,89,4,7
skew,5252,93,4,93,4,7
skew,5253,94,4,94,4,7
skew,5254,99,4,99,4,7
skew,5255,100,4,100,4,7
skew,5256,98,4,98,4,7
skew,5257,99,4,99,4,7
skew,5258,104,4,104,4,7
skew,5259,105,4,105,4,7
skew,5260,109,4,109,4,7
skew,5261,110,4,110,4,7
skew,5262,115,4,115,4,7
skew,5263,116,4,116,4,7
skew,5264,74,3,74,3,7
skew,5265,84,4,84,4,7
skew,5266,89,4,89,4,7
skew,5267,90,4,90,4,7
skew,5268,94,4,94,4,7
skew,5269,95,4,95,4,7
skew,5270,100,4,100,4,7
skew,5271,101,4,101,4,7
skew,5272,99,4,99,4,7
skew,5273,100,4,100,4,7
skew,5274,105,4,105,4,7
skew,5275,106,4,106,4,7
skew,5276,110,4,110,4,7
skew,5277,111,4,111,4,7
skew,5278,116,4,116,4,7
skew,5279,117,4,117,4,7
skew,5280,79,3,79,3,7
skew,5281,89,4,89,4,7
skew,5282,94,4,94,4,7
skew,5283,95,4,95,4,7
skew,5284,99,4,99,4,7
skew,5285,100,4,100,4,7
skew,5286,105,4,105,4,7
skew,5287,106,4,106,4,7
skew,5288,104,4,104,4,7
skew,5289,105,4,105,4,7
skew,5290,110,4,110,4,7
skew,5291,111,4,111,4,7
skew,5292,115,4,115,4,7
skew,5293,116,4,116,4,7
skew,5294,121,4,121,4,7
skew,5295,122,4,122,4,7
skew,5296,80,3,80,3,7
skew,5297,90,4,90,4,7
skew,5298,95,4,95,4,7
skew,5299,96,4,96,4,7
skew,5300,100,4,100,4,7
skew,5301,101,4,101,4,7
skew,5302,106,4,106,4,7
skew,5303,107,4,107,4,7
skew,5304,105,4,105,4,7
skew,5305,106,4,106,4,7
skew,5306,111,4,111,4,7
skew,5307,112,4,112,4,7
skew,5308,116,4,116,4,7
skew,5309,117,4,117,4,7
skew,5310,122,4,122,4,7
skew,5311,123,4,123,4,7
skew,5312,84,3,84,3,7
skew,5313,94,4,94,4,7
skew,5314,99,4,99,4,7
skew,5315,100,4,100,4,7
skew,5316,104,4,104,4,7
skew,5317,105,4,105,4,7
skew,5318,110,4,110,4,7
skew,5319,111,4,111,4,7
skew,5320,109,4,109,4,7
skew,5321,110,4,110,4,7
skew,5322,115,4,115,4,7
skew,5323,116,4,116,4,7
skew,5324,120,4,120,4,7
skew,5325,121,4,121,4,7
skew,5326,126,4,126,4,7
skew,5327,127,4,127,4,7
skew,5328,85,3,85,3,7
skew,5329,95,4,95,4,7
skew,5330,100,4,100,4,7
skew,5331,101,4,101,4,7
skew,5332,105,4,105,4,7
skew,5333,106,4,106,4,7
skew,5334,111,4,111,4,7
skew,5335,112,4,112,4,7
skew,5336,110,4,110,4,7
skew,5337,111,4,111,4,7
skew,5338,116,4,116,4,7
skew,5339,117,4,117,4,7
skew,5340,121,4,121,4,7
skew,5341,122,4,122,4,7
skew,5342,127,4,127,4,7
skew,5343,128,4,128,4,7
skew,5344,90,3,90,3,7
skew,5345,100,4,100,4,7
skew,5346,105,4,105,4,7
skew,5347,106,4,106,4,7
skew,5348,110,4,110,4,7
skew,5349,111,4,111,4,7
skew,5350,116,4,116,4,7
skew,5351,117,4,117,4,7
skew,5352,115,4,115,4,7
skew,5353,116,4,116,4,7
skew,5354,121,4,121,4,7
skew,5355,122,4,122,4,7
skew,5356,126,4,126,4,7
skew,5357,127,4,127,4,7
skew,5358,132,4,132,4,7
skew,5359,133,4,133,4,7
skew,5360,91,3,91,3,7
skew,5361,101,4,101,4,7
skew,5362,106,4,106,4,7
skew,5363,107,4,107,4,7
skew,5364,111,4,111,4,7
skew,5365,112,4,112,4,7
skew,5366,117,4,117,4,7
skew,5367,118,4,118,4,7
skew,5368,116,4,116,4,7
skew,5369,117,4,117,4,7
skew,5370,122,4,122,4,7
skew,5371,123,4,123,4,7
skew,5372,127,4,127,4,7
skew,5373,128,4,128,4,7
skew,5374,133,4,133,4,7
skew,5375,134,4,134,4,7
skew,5376,46,2,53,2,9
skew,5377,56,3,63,3,9
skew,5378,61,3,68,3,9
skew,5379,62,3,69,3,9
skew,5380,66,3,73,3,9
skew,5381,67,3,74,3,9
skew,5382,72,3,79,3,9
skew,5383,73,3,80,3,9
skew,5384,71,3,78,3,9
skew,5385,72,3,79,3,9
skew,5386,77,3,84,3,9
skew,5387,78,3,85,3,9
skew,5388,82,3,89,3,9
skew,5389,83,3,90,3,9
skew,5390,88,3,95,3,9
skew,5391,89,3,96,3,9
skew,5392,58,2,58,2,11
skew,5393,60,2,60,2,13
skew,5394,73,3,73,3,11
skew,5395,74,3,75,3,13
skew,5396,78,3,78,3,11
skew,5397,79,3,80,3,13
skew,5398,84,3,84,3,11
skew,5399,85,3,86,3,13
skew,5400,83,3,83,3,11
skew,5401,84,3,85,3,13
skew,5402,89,3,89,3,11
skew,5403,90,3,91,3,13
skew,5404,94,3,94,3,11
skew,5405,95,3,96,3,13
skew,5406,100,3,100,3,11
skew,5407,101,3,102,3,13
skew,5408,64,3,71,3,9
skew,5409,74,4,81,4,9
skew,5410,79,4,86,4,9
skew,5411,80,4,87,4,9
skew,5412,84,4,91,4,9
skew,5413,85,4,92,4,9
skew,5414,90,4,97,4,9
skew,5415,91,4,98,4,9
skew,5416,89,4,96,4,9
skew,5417,90,4,97,4,9
skew,5418,95,4,102,4,9
skew,5419,96,4,103,4,9
skew,5420,100,4,107,4,9
skew,5421,101,4,108,4,9
skew,5422,106,4,113,4,9
skew,5423,107,4,114,4,9
skew,5424,65,3,76,3,11
skew,5425,75,4,78,3,13
skew,5426,80,4,91,4,11
skew,5427,81,4,93,4,13
skew,5428,85,4,96,4,11
skew,5429,86,4,98,4,13
skew,5430,91,4,102,4,11
skew,5431,92,4,104,4,13
skew,5432,90,4,101,4,11
skew,5433,91,4,103,4,13
skew,5434,96,4,107,4,11
skew,5435,97,4,109,4,13
skew,5436,101,4,112,4,11
skew,5437,102,4,114,4,13
skew,5438,107,4,118,4,11
skew,5439,108,4,120,4,13
skew,5440,69,3,76,3,9
skew,5441,79,4,86,4,9
skew,5442,84,4,91,4,9
skew,5443,85,4,92,4,9
skew,5444,89,4,96,4,9
skew,5445,90,4,97,4,9
skew,5446,95,4,102,4,9
skew,5447,96,4,103,4,9
skew,5448,94,4,101,4,9
skew,5449,95,4,102,4,9
skew,5450,100,4,107,4,9
skew,5451,101,4,108,4,9
skew,5452,105,4,112,4,9
skew,5453,106,4,113,4,9
skew,5454,111,4,118,4,9
skew,5455,112,4,119,4,9
skew,5456,70,3,81,3,11
skew,5457,80,4,83,3,13
skew,5458,85,4,96,4,11
skew,5459,86,4,98,4,13
skew,5460,90,4,101,4,11
skew,5461,91,4,103,4,13
skew,5462,96,4,107,4,11
skew,5463,97,4,109,4,13
skew,5464,95,4,106,4,11
skew,5465,96,4,108,4,13
skew,5466,101,4,112,4,11
skew,5467,102,4,114,4,13
skew,5468,106,4,117,4,11
skew,5469,107,4,119,4,13
skew,5470,112,4,123,4,11
skew,5471,113,4,125,4,13
skew,5472,75,3,82,3,9
skew,5473,85,4,92,4,9
skew,5474,90,4,97,4,9
skew,5475,91,4,98,4,9
skew,5476,95,4,102,4,9
skew,5477,96,4,103,4,9
skew,5478,101,4,108,4,9
skew,5479,102,4,109,4,9
skew,5480,100,4,107,4,9
skew,5481,101,4,108,4,9
skew,5482,106,4,113,4,9
skew,5483,107,4,114,4,9
skew,5484,111,4,118,4,9
skew,5485,112,4,119,4,9
skew,5486,117,4,124,4,9
skew,5487,118,4,125,4,9
skew,5488,76,3,87,3,11
skew,5489,86,4,89,3,13
skew,5490,91,4,102,4,11
skew,5491,92,4,104,4,13
skew,5492,96,4,107,4,11
skew,5493,97,4,109,4,13
skew,5494,102,4,113,4,11
skew,5495,103,4,115,4,13
skew,5496,101,4,112,4,11
skew,5497,102,4,114,4,13
skew,5498,107,4,118,4,11
skew,5499,108,4,120,4,13
skew,5500,112,4,123,4,11
skew,5501,113,4,125,4,13
skew,5502,118,4,129,4,11
skew,5503,119,4,131,4,13
skew,5504,74,3,81,3,9
skew,5505,84,4,91,4,9
skew,5506,89,4,96,4,9
skew,5507,90,4,97,4,9
skew,5508,94,4,101,4,9
skew,5509,95,4,102,4,9
skew,5510,100,4,107,4,9
skew,5511,101,4,108,4,9
skew,5512,99,4,106,4,9
skew,5513,100,4,107,4,9
skew,5514,105,4,112,4,9
skew,5515,106,4,113,4,9
skew,5516,110,4,117,4,9
skew,5517,111,4,118,4,9
skew,5518,116,4,123,4,9
skew,5519,117,4,124,4,9
skew,5520,75,3,86,3,11
skew,5521,85,4,88,3,13
skew,5522,90,4,101,4,11
skew,5523,91,4,103,4,13
skew,5524,95,4,106,4,11
skew,5525,96,4,108,4,13
skew,5526,101,4,112,4,11
skew,5527,102,4,114,4,13
skew,5528,100,4,111,4,11
skew,5529,101,4,113,4,13
skew,5530,106,4,117,4,11
skew,5531,107,4,119,4,13
skew,5532,111,4,122,4,11
skew,5533,112,4,124,4,13
skew,5534,117,4,128,4,11
skew,5535,118,4,130,4,13
skew,5536,80,3,87,3,9
skew,5537,90,4,97,4,9
skew,5538,95,4,102,4,9
skew,5539,96,4,103,4,9
skew,5540,100,4,107,4,9
skew,5541,101,4,108,4,9
skew,5542,106,4,113,4,9
skew,5543,107,4,114,4,9
skew,5544,105,4,112,4,9
skew,5545,106,4,113,4,9
skew,5546,111,4,118,4,9
skew,5547,112,4,119,4,9
skew,5548,116,4,123,4,9
skew,5549,117,4,124,4,9
skew,5550,122,4,129,4,9
skew,5551,123,4,130,4,9
skew,5552,81,3,92,3,11
skew,5553,91,4,94,3,13
skew,5554,96,4,107,4,11
skew,5555,97,4,109,4,13
skew,5556,101,4,112,4,11
skew,5557,102,4,114,4,13
skew,5558,107,4,118,4,11
skew,5559,108,4,120,4,13
skew,5560,106,4,117,4,11
skew,5561,107,4,119,4,13
skew,5562,112,4,123,4,11
skew,5563,113,4,125,4,13
skew,5564,117,4,128,4,11
skew,5565,118,4,130,4,13
skew,5566,123,4,134,4,11
skew,5567,124,4,136,4,13
skew,5568,85,3,92,3,9
skew,5569,95,4,102,4,9
skew,5570,100,4,107,4,9
skew,5571,101,4,108,4,9
skew,5572,105,4,112,4,9
skew,5573,106,4,113,4,9
skew,5574,111,4,118,4,9
skew,5575,112,4,119,4,9
skew,5576,110,4,117,4,9
skew,5577,111,4,118,4,9
skew,5578,116,4,123,4,9
skew,5579,117,4,124,4,9
skew,5580,121,4,128,4,9
skew,5581,122,4,129,4,9
skew,5582,127,4,134,4,9
skew,5583,128,4,135,4,9
skew,5584,86,3,97,3,11
skew,5585,96,4,99,3,13
skew,5586,101,4,112,4,11
skew,5587,102,4,114,4,13
skew,5588,106,4,117,4,11
skew,5589,107,4,119,4,13
skew,5590,112,4,123,4,11
skew,5591,113,4,125,4,13
skew,5592,111,4,122,4,11
skew,5593,112,4,124,4,13
skew,5594,117,4,128,4,11
skew,5595,118,4,130,4,13
skew,5596,122,4,133,4,11
skew,5597,123,4,135,4,13
skew,5598,128,4,139,4,11
skew,5599,129,4,141,4,13
skew,5600,91,3,98,3,9
skew,5601,101,4,108,4,9
skew,5602,106,4,113,4,9
skew,5603,107,4,114,4,9
skew,5604,111,4,118,4,9
skew,5605,112,4,119,4,9
skew,5606,117,4,124,4,9
skew,5607,118,4,125,4,9
skew,5608,116,4,123,4,9
skew,5609,117,4,124,4,9
skew,5610,122,4,129,4,9
skew,5611,123,4,130,4,9
skew,5612,127,4,134,4,9
skew,5613,128,4,135,4,9
skew,5614,133,4,140,4,9
skew,5615,134,4,141,4,9
skew,5616,92,3,103,3,11
skew,5617,102,4,105,3,13
skew,5618,107,4,118,4,11
skew,5619,108,4,120,4,13
skew,5620,112,4,123,4,11
skew,5621,113,4,125,4,13
skew,5622,118,4,129,4,11
skew,5623,119,4,131,4,13
skew,5624,117,4,128,4,11
skew,5625,118,4,130,4,13
skew,5626,123,4,134,4,11
skew,5627,124,4,136,4,13
skew,5628,128,4,139,4,11
skew,5629,129,4,141,4,13
skew,5630,134,4,145,4,11
skew,5631,135,4,147,4,13
skew,5632,51,2,51,2,7
skew,5633,61,3,61,3,7
skew,5634,66,3,66,3,7
skew,5635,67,3,67,3,7
skew,5636,71,3,71,3,7
skew,5637,72,3,72,3,7
skew,5638,77,3,77,3,7
skew,5639,78,3,78,3,7
skew,5640,76,3,76,3,7
skew,5641,77,3,77,3,7
skew,5642,82,3,82,3,7
skew,5643,83,3,83,3,7
skew,5644,87,3,87,3,7
skew,5645,88,3,88,3,7
skew,5646,93,3,93,3,7
skew,5647,94,3,94,3,7
skew,5648,64,3,64,3,7
skew,5649,74,4,74,4,7
skew,5650,79,4,79,4,7
skew,5651,80,4,80,4,7
skew,5652,84,4,84,4,7
skew,5653,85,4,85,4,7
skew,5654,90,4,90,4,7
skew,5655,91,4,91,4,7
skew,5656,89,4,89,4,7
skew,5657,90,4,90,4,7
skew,5658,95,4,95,4,7
skew,5659,96,4,96,4,7
skew,5660,100,4,100,4,7
skew,5661,101,4,101,4,7
skew,5662,106,4,106,4,7
skew,5663,107,4,107,4,7
skew,5664,69,3,69,3,7
skew,5665,79,4,79,4,7
skew,5666,84,4,84,4,7
skew,5667,85,4,85,4,7
skew,5668,89,4,89,4,7
skew,5669,90,4,90,4,7
skew,5670,95,4,95,4,7
skew,5671,96,4,96,4,7
skew,5672,94,4,94,4,7
skew,5673,95,4,95,4,7
skew,5674,100,4,100,4,7
skew,5675,101,4,101,4,7
skew,5676,105,4,105,4,7
skew,5677,106,4,106,4,7
skew,5678,111,4,111,4,7
skew,5679,112,4,112,4,7
skew,5680,70,3,70,3,7
skew,5681,80,4,80,4,7
skew,5682,85,4,85,4,7
skew,5683,86,4,86,4,7
skew,5684,90,4,90,4,7
skew,5685,91,4,91,4,7
skew,5686,96,4,96,4,7
skew,5687,97,4,97,4,7
skew,5688,95,4,95,4,7
skew,5689,96,4,96,4,7
skew,5690,101,4,101,4,7
skew,5691,102,4,102,4,7
skew,5692,106,4,106,4,7
skew,5693,107,4,107,4,7
skew,5694,112,4,112,4,7
skew,5695,113,4,113,4,7
skew,5696,74,3,74,3,7
skew,5697,84,4,84,4,7
skew,5698,89,4,89,4,7
skew,5699,90,4,90,4,7
skew,5700,94,4,94,4,7
skew,5701,95,4,95,4,7
skew,5702,100,4,100,4,7
skew,5703,101,4,101,4,7
skew,5704,99,4,99,4,7
skew,5705,100,4,100,4,7
skew,5706,105,4,105,4,7
skew,5707,106,4,106,4,7
skew,5708,110,4,110,4,7
skew,5709,111,4,111,4,7
skew,5710,116,4,116,4,7
skew,5711,117,4,117,4,7
skew,5712,75,3,75,3,7
skew,5713,85,4,85,4,7
skew,5714,90,4,90,4,7
skew,5715,91,4,91,4,7
skew,5716,95,4,95,4,7
skew,5717,96,4,96,4,7
skew,5718,101,4,101,4,7
skew,5719,102,4,102,4,7
skew,5720,100,4,100,4,7
skew,5721,101,4,101,4,7
skew,5722,106,4,106,4,7
skew,5723,107,4,107,4,7
skew,5724,111,4,111,4,7
skew,5725,112,4,112,4,7
skew,5726,117,4,117,4,7
skew,5727,118,4,118,4,7
skew,5728,80,3,80,3,7
skew,5729,90,4,90,4,7
skew,5730,95,4,95,4,7
skew,5731,96,4,96,4,7
skew,5732,100,4,100,4,7
skew,5733,101,4,101,4,7
skew,5734,106,4,106,4,7
skew,5735,107,4,107,4,7
skew,5736,105,4,105,4,7
skew,5737,106,4,106,4,7
skew,5738,111,4,111,4,7
skew,5739,112,4,112,4,7
skew,5740,116,4,116,4,7
skew,5741,117,4,117,4,7
skew,5742,122,4,122,4,7
skew,5743,123,4,123,4,7
skew,5744,81,3,81,3,7
skew,5745,91,4,91,4,7
skew,5746,96,4,96,4,7
skew,5747,97,4,97,4,7
skew,5748,101,4,101,4,7
skew,5749,102,4,102,4,7
skew,5750,107,4,107,4,7
skew,5751,108,4,108,4,7
skew,5752,106,4,106,4,7
skew,5753,107,4,107,4,7
skew,5754,112,4,112,4,7
skew,5755,113,4,113,4,7
skew,5756,117,4,117,4,7
skew,5757,118,4,118,4,7
skew,5758,123,4,123,4,7
skew,5759,124,4,124,4,7
skew,5760,79,3,79,3,7
skew,5761,89,4,89,4,7
skew,5762,94,4,94,4,7
skew,5763,95,4,95,4,7
skew,5764,99,4,99,4,7
skew,5765,100,4,100,4,7
skew,5766,105,4,105,4,7
skew,5767,106,4,106,4,7
skew,5768,104,4,104,4,7
skew,5769,105,4,105,4,7
skew,5770,110,4,110,4,7
skew,5771,111,4,111,4,7
skew,5772,115,4,115,4,7
skew,5773,116,4,116,4,7
skew,5774,121,4,121,4,7
skew,5775,122,4,122,4,7
skew,5776,80,3,80,3,7
skew,5777,90,4,90,4,7
skew,5778,95,4,95,4,7
skew,5779,96,4,96,4,7
skew,5780,100,4,100,4,7
skew,5781,101,4,101,4,7
skew,5782,106,4,106,4,7
skew,5783,107,4,107,4,7
skew,5784,105,4,105,4,7
skew,5785,106,4,106,4,7
skew,5786,111,4,111,4,7
skew,5787,112,4,112,4,7
skew,5788,116,4,116,4,7
skew,5789,117,4,117,4,7
skew,5790,122,4,122,4,7
skew,5791,123,4,123,4,7
skew,5792,85,3,85,3,7
skew,5793,95,4,95,4,7
skew,5794,100,4,100,4,7
skew,5795,101,4,101,4,7
skew,5796,105,4,105,4,7
skew,5797,106,4,106,4,7
skew,5798,111,4,111,4,7
skew,5799,112,4,112,4,7
skew,5800,110,4,110,4,7
skew,5801,111,4,111,4,7
skew,5802,116,4,116,4,7
skew,5803,117,4,117,4,7
skew,5804,121,4,121,4,7
skew,5805,122,4,122,4,7
skew,5806,127,4,127,4,7
skew,5807,128,4,128,4,7
skew,5808,86,3,86,3,7
skew,5809,96,4,96,4,7
skew,5810,101,4,101,4,7
skew,5811,102,4,102,4,7
skew,5812,106,4,106,4,7
skew,5813,107,4,107,4,7
skew,5814,112,4,112,4,7
skew,5815,113,4,113,4,7
skew,5816,111,4,111,4,7
skew,5817,112,4,112,4,7
skew,5818,117,4,117,4,7
skew,5819,118,4,118,4,7
skew,5820,122,4,122,4,7
skew,5821,123,4,123,4,7
skew,5822,128,4,128,4,7
skew,5823,129,4,129,4,7
skew,5824,90,3,90,3,7
skew,5825,100,4,100,4,7
skew,5826,105,4,105,4,7
skew,5827,106,4,106,4,7
skew,5828,110,4,110,4,7
skew,5829,111,4,111,4,7
skew,5830,116,4,116,4,7
skew,5831,117,4,117,4,7
skew,5832,115,4,115,4,7
skew,5833,116,4,116,4,7
skew,5834,121,4,121,4,7
skew,5835,122,4,122,4,7
skew,5836,126,4,126,4,7
skew,5837,127,4,127,4,7
skew,5838,132,4,132,4,7
skew,5839,133,4,133,4,7
skew,5840,91,3,91,3,7
skew,5841,101,4,101,4,7
skew,5842,106,4,106,4,7
skew,5843,107,4,107,4,7
skew,5844,111,4,111,4,7
skew,5845,112,4,112,4,7
skew,5846,117,4,117,4,7
skew,5847,118,4,118,4,7
skew,5848,116,4,116,4,7
skew,5849,117,4,117,4,7
skew,5850,122,4,122,4,7
skew,5851,123,4,123,4,7
skew,5852,127,4,127,4,7
skew,5853,128,4,128,4,7
skew,5854,133,4,133,4,7
skew,5855,134,4,134,4,7
skew,5856,96,3,96,3,7
skew,5857,106,4,106,4,7
skew,5858,111,4,111,4,7
skew,5859,112,4,112,4,7
skew,5860,116,4,116,4,7
skew,5861,117,4,117,4,7
skew,5862,122,4,122,4,7
skew,5863,123,4,123,4,7
skew,5864,121,4,121,4,7
skew,5865,122,4,122,4,7
skew,5866,127,4,127,4,7
skew,5867,128,4,128,4,7
skew,5868,132,4,132,4,7
skew,5869,133,4,133,4,7
skew,5870,138,4,138,4,7
skew,5871,139,4,139,4,7
skew,5872,97,3,97,3,7
skew,5873,107,4,107,4,7
skew,5874,112,4,112,4,7
skew,5875,113,4,113,4,7
skew,5876,117,4,117,4,7
skew,5877,118,4,118,4,7
skew,5878,123,4,123,4,7
skew,5879,124,4,124,4,7
skew,5880,122,4,122,4,7
skew,5881,123,4,123,4,7
skew,5882,128,4,128,4,7
skew,5883,129,4,129,4,7
skew,5884,133,4,133,4,7
skew,5885,134,4,134,4,7
skew,5886,139,4,139,4,7
skew,5887,140,4,140,4,7
skew,5888,52,2,59,2,9
skew,5889,62,3,69,3,9
skew,5890,67,3,74,3,9
skew,5891,68,3,75,3,9
skew,5892,72,3,79,3,9
skew,5893,73,3,80,3,9
skew,5894,78,3,85,3,9
skew,5895,79,3,86,3,9
skew,5896,77,3,84,3,9
skew,5897,78,3,85,3,9
skew,5898,83,3,90,3,9
skew,5899,84,3,91,3,9
skew,5900,88,3,95,3,9
skew,5901,89,3,96,3,9
skew,5902,94,3,101,3,9
skew,5903,95,3,102,3,9
skew,5904,64,2,64,2,11
skew,5905,66,2,66,2,13
skew,5906,79,3,79,3,11
skew,5907,80,3,81,3,13
skew,5908,84,3,84,3,11
skew,5909,85,3,86,3,13
skew,5910,90,3,90,3,11
skew,5911,91,3,92,3,13
skew,5912,89,3,89,3,11
skew,5913,90,3,91,3,13
skew,5914,95,3,95,3,11
skew,5915,96,3,97,3,13
skew,5916,100,3,100,3,11
skew,5917,101,3,102,3,13
skew,5918,106,3,106,3,11
skew,5919,107,3,108,3,13
skew,5920,70,3,77,3,9
skew,5921,80,4,87,4,9
skew,5922,85,4,92,4,9
skew,5923,86,4,93,4,9
skew,5924,90,4,97,4,9
skew,5925,91,4,98,4,9
skew,5926,96,4,103,4,9
skew,5927,97,4,104,4,9
skew,5928,95,4,102,4,9
skew,5929,96,4,103,4,9
skew,5930,101,4,108,4,9
skew,5931,102,4,109,4,9
skew,5932,106,4,113,4,9
skew,5933,107,4,114,4,9
skew,5934,112,4,119,4,9
skew,5935,113,4,120,4,9
skew,5936,71,3,82,3,11
skew,5937,81,4,84,3,13
skew,5938,86,4,97,4,11
skew,5939,87,4,99,4,13
skew,5940,91,4,102,4,11
skew,5941,92,4,104,4,13
skew,5942,97,4,108,4,11
skew,5943,98,4,110,4,13
skew,5944,96,4,107,4,11
skew,5945,97,4,109,4,13
skew,5946,102,4,113,4,11
skew,5947,103,4,115,4,13
skew,5948,107,4,118,4,11
skew,5949,108,4,120,4,13
skew,5950,113,4,124,4,11
skew,5951,114,4,126,4,13
skew,5952,75,3,82,3,9
skew,5953,85,4,92,4,9
skew,5954,90,4,97,4,9
skew,5955,91,4,98,4,9
skew,5956,95,4,102,4,9
skew,5957,96,4,103,4,9
skew,5958,101,4,108,4,9
skew,5959,102,4,109,4,9
skew,5960,100,4,107,4,9
skew,5961,101,4,108,4,9
skew,5962,106,4,113,4,9
skew,5963,107,4,114,4,9
skew,5964,111,4,118,4,9
skew,5965,112,4,119,4,9
skew,5966,117,4,124,4,9
skew,5967,118,4,125,4,9
skew,5968,76,3,87,3,11
skew,5969,86,4,89,3,13
skew,5970,91,4,102,4,11
skew,5971,92,4,104,4,13
skew,5972,96,4,107,4,11
skew,5973,97,4,109,4,13
skew,5974,102,4,113,4,11
skew,5975,103,4,115,4,13
skew,5976,101,4,112,4,11
skew,5977,102,4,114,4,13
skew,5978,107,4,118,4,11
skew,5979,108,4,120,4,13
skew,5980,112,4,123,4,11
skew,5981,113,4,125,4,13
skew,5982,118,4,129,4,11
skew,5983,119,4,131,4,13
skew,5984,81,3,88,3,9
skew,5985,91,4,98,4,9
skew,5986,96,4,103,4,9
skew,5987,97,4,104,4,9
skew,5988,101,4,108,4,9
skew,5989,102,4,109,4,9
skew,5990,107,4,114,4,9
skew,5991,108,4,115,4,9
skew,5992,106,4,113,4,9
skew,5993,107,4,114,4,9
skew,5994,112,4,119,4,9
skew,5995,113,4,120,4,9
skew,5996,117,4,124,4,9
skew,5997,118,4,125,4,9
skew,5998,123,4,130,4,9
skew,5999,124,4,131,4,9
skew,6000,82,3,93,3,11
skew,6001,92,4,95,3,13
skew,6002,97,4,108,4,11
skew,6003,98,4,110,4,13
skew,6004,102,4,113,4,11
skew,6005,103,4,115,4,13
skew,6006,108,4,119,4,11
skew,6007,109,4,121,4,13
skew,6008,107,4,118,4,11
skew,6009,108,4,120,4,13
skew,6010,113,4,124,4,11
skew,6011,114,4,126,4,13
skew,6012,118,4,129,4,11
skew,6013,119,4,131,4,13
skew,6014,124,4,135,4,11
skew,6015,125,4,137,4,13
skew,6016,80,3,87,3,9
skew,6017,90,4,97,4,9
skew,6018,95,4,102,4,9
skew,6019,96,4,103,4,9
skew,6020,100,4,107,4,9
skew,6021,101,4,108,4,9
skew,6022,106,4,113,4,9
skew,6023,107,4,114,4,9
skew,6024,105,4,112,4,9
skew,6025,106,4,113,4,9
skew,6026,111,4,118,4,9
skew,6027,112,4,119,4,9
skew,6028,116,4,123,4,9
skew,6029,117,4,124,4,9
skew,6030,122,4,129,4,9
skew,6031,123,4,130,4,9
skew,6032,81,3,92,3,11
skew,6033,91,4,94,3,13
skew,6034,96,4,107,4,11
skew,6035,97,4,109,4,13
skew,6036,101,4,112,4,11
skew,6037,102,4,114,4,13
skew,6038,107,4,118,4,11
skew,6039,108,4,120,4,13
skew,6040,106,4,117,4,11
skew,6041,107,4,119,4,13
skew,6042,112,4,123,4,11
skew,6043,113,4,125,4,13
skew,6044,117,4,128,4,11
skew,6045,118,4,130,4,13
skew,6046,123,4,134,4,11
skew,6047,124,4,136,4,13
skew,6048,86,3,93,3,9
skew,6049,96,4,103,4,9
skew,6050,101,4,108,4,9
skew,6051,102,4,109,4,9
skew,6052,106,4,113,4,9
skew,6053,107,4,114,4,9
skew,6054,112,4,119,4,9
skew,6055,113,4,120,4,9
skew,6056,111,4,118,4,9
skew,6057,112,4,119,4,9
skew,6058,117,4,124,4,9
skew,6059,118,4,125,4,9
skew,6060,122,4,129,4,9
skew,6061,123,4,130,4,9
skew,6062,128,4,135,4,9
skew,6063,129,4,136,4,9
skew,6064,87,3,98,3,11
skew,6065,97,4,100,3,13
skew,6066,102,4,113,4,11
skew,6067,103,4,115,4,13
skew,6068,107,4,118,4,11
skew,6069,108,4,120,4,13
skew,6070,113,4,124,4,11
skew,6071,114,4,126,4,13
skew,6072,112,4,123,4,11
skew,6073,113,4,125,4,13
skew,6074,118,4,129,4,11
skew,6075,119,4,131,4,13
skew,6076,123,4,134,4,11
skew,6077,124,4,136,4,13
skew,6078,129,4,140,4,11
skew,6079,130,4,142,4,13
skew,6080,91,3,98,3,9
skew,6081,101,4,108,4,9
skew,6082,106,4,113,4,9
skew,6083,107,4,114,4,9
skew,6084,111,4,118,4,9
skew,6085,112,4,119,4,9
skew,6086,117,4,124,4,9
skew,6087,118,4,125,4,9
skew,6088,116,4,123,4,9
skew,6089,117,4,124,4,9
skew,6090,122,4,129,4,9
skew,6091,123,4,130,4,9
skew,6092,127,4,134,4,9
skew,6093,128,4,135,4,9
skew,6094,133,4,140,4,9
skew,6095,134,4,141,4,9
skew,6096,92,3,103,3,11
skew,6097,102,4,105,3,13
skew,6098,107,4,118,4,11
skew,6099,108,4,120,4,13
skew,6100,112,4,123,4,11
skew,6101,113,4,125,4,13
skew,6102,118,4,129,4,11
skew,6103,119,4,131,4,13
skew,6104,117,4,128,4,11
skew,6105,118,4,130,4,13
skew,6106,123,4,134,4,11
skew,6107,124,4,136,4,13
skew,6108,128,4,139,4,11
skew,6109,129,4,141,4,13
skew,6110,134,4,145,4,11
skew,6111,135,4,147,4,13
skew,6112,97,3,104,3,9
skew,6113,107,4,114,4,9
skew,6114,112,4,119,4,9
skew,6115,113,4,120,4,9
skew,6116,117,4,124,4,9
skew,6117,118,4,125,4,9
skew,6118,123,4,130,4,9
skew,6119,124,4,131,4,9
skew,6120,122,4,129,4,9
skew,6121,123,4,130,4,9
skew,6122,128,4,135,4,9
skew,6123,129,4,136,4,9
skew,6124,133,4,140,4,9
skew,6125,134,4,141,4,9
skew,6126,139,4,146,4,9
skew,6127,140,4,147,4,9
skew,6128,98,3,109,3,11
skew,6129,108,4,111,3,13
skew,6130,113,4,124,4,11
skew,6131,114,4,126,4,13
skew,6132,118,4,129,4,11
skew,6133,119,4,131,4,13
skew,6134,124,4,135,4,11
skew,6135,125,4,137,4,13
skew,6136,123,4,134,4,11
skew,6137,124,4,136,4,13
skew,6138,129,4,140,4,11
skew,6139,130,4,142,4,13
skew,6140,134,4,145,4,11
skew,6141,135,4,147,4,13
skew,6142,140,4,151,4,11
skew,6143,141,4,153,4,13
skew,6144,50,2,50,2,7
skew,6145,60,3,60,3,7
skew,6146,65,3,65,3,7
skew,6147,66,3,66,3,7
skew,6148,70,3,70,3,7
skew,6149,71,3,71,3,7
skew,6150,76,3,76,3,7
skew,6151,77,3,77,3,7
skew,6152,75,3,75,3,7
skew,6153,76,3,76,3,7
skew,6154,81,3,81,3,7
skew,6155,82,3,82,3,7
skew,6156,86,3,86,3,7
skew,6157,87,3,87,3,7
skew,6158,92,3,92,3,7
skew,6159,93,3,93,3,7
skew,6160,63,3,63,3,7
skew,6161,73,4,73,4,7
skew,6162,78,4,78,4,7
skew,6163,79,4,79,4,7
skew,6164,83,4,83,4,7
skew,6165,84,4,84,4,7
skew,6166,89,4,89,4,7
skew,6167,90,4,90,4,7
skew,6168,88,4,88,4,7
skew,6169,89,4,89,4,7
skew,6170,94,4,94,4,7
skew,6171,95,4,95,4,7
skew,6172,99,4,99,4,7
skew,6173,100,4,100,4,7
skew,6174,105,4,105,4,7
skew,6175,106,4,106,4,7
skew,6176,68,3,68,3,7
skew,6177,78,4,78,4,7
skew,6178,83,4,83,4,7
skew,6179,84,4,84,4,7
skew,6180,88,4,88,4,7
skew,6181,89,4,89,4,7
skew,6182,94,4,94,4,7
skew,6183,95,4,95,4,7
skew,6184,93,4,93,4,7
skew,6185,94,4,94,4,7
skew,6186,99,4,99,4,7
skew,6187,100,4,100,4,7
skew,6188,104,4,104,4,7
skew,6189,105,4,105,4,7
skew,6190,110,4,110,4,7
skew,6191,111,4,111,4,7
skew,6192,69,3,69,3,7
skew,6193,79,4,79,4,7
skew,6194,84,4,84,4,7
skew,6195,85,4,85,4,7
skew,6196,89,4,89,4,7
skew,6197,90,4,90,4,7
skew,6198,95,4,95,4,7
skew,6199,96,4,96,4,7
skew,6200,94,4,94,4,7
skew,6201,95,4,95,4,7
skew,6202,100,4,100,4,7
skew,6203,101,4,101,4,7
skew,6204,105,4,105,4,7
skew,6205,106,4,106,4,7
skew,6206,111,4,111,4,7
skew,6207,112,4,112,4,7
skew,6208,73,3,73,3,7
skew,6209,83,4,83,4,7
skew,6210,88,4,88,4,7
skew,6211,89,4,89,4,7
skew,6212,93,4,93,4,7
skew,6213,94,4,94,4,7
skew,6214,99,4,99,4,7
skew,6215,100,4,100,4,7
skew,6216,98,4,98,4,7
skew,6217,99,4,99,4,7
skew,6218,104,4,104,4,7
skew,6219,105,4,105,4,7
skew,6220,109,4,109,4,7
skew,6221,110,4,110,4,7
skew,6222,115,4,115,4,7
skew,6223,116,4,116,4,7
skew,6224,74,3,74,3,7
skew,6225,84,4,84,4,7
skew,6226,89,4,89,4,7
skew,6227,90,4,90,4,7
skew,6228,94,4,94,4,7
skew,6229,95,4,95,4,7
skew,6230,100,4,100,4,7
skew,6231,101,4,101,4,7
skew,6232,99,4,99,4,7
skew,6233,100,4,100,4,7
skew,6234,105,4,105,4,7
skew,6235,106,4,106,4,7
skew,6236,110,4,110,4,7
skew,6237,111,4,111,4,7
skew,6238,116,4,116,4,7
skew,6239,117,4,117,4,7
skew,6240,79,3,79,3,7
skew,6241,89,4,89,4,7
skew,6242,94,4,94,4,7
skew,6243,95,4,95,4,7
skew,6244,99,4,99,4,7
skew,6245,100,4,100,4,7
skew,6246,105,4,105,4,7
skew,6247,106,4,106,4,7
skew,6248,104,4,104,4,7
skew,6249,105,4,105,4,7
skew,6250,110,4,110,4,7
skew,6251,111,4,111,4,7
skew,6252,115,4,115,4,7
skew,6253,116,4,116,4,7
skew,6254,121,4,121,4,7
skew,6255,122,4,122,4,7
skew,6256,80,3,80,3,7
skew,6257,90,4,90,4,7
skew,6258,95,4,95,4,7
skew,6259,96,4,96,4,7
skew,6260,100,4,100,4,7
skew,6261,101,4,101,4,7
skew,6262,106,4,106,4,7
skew,6263,107,4,107,4,7
skew,6264,105,4,105,4,7
skew,6265,106,4,106,4,7
skew,6266,111,4,111,4,7
skew,6267,112,4,112,4,7
skew,6268,116,4,116,4,7
skew,6269,117,4,117,4,7
skew,6270,122,4,122,4,7
skew,6271,123,4,123,4,7
skew,6272,78,3,78,3,7
skew,6273,88,4,88,4,7
skew,6274,93,4,93,4,7
skew,6275,94,4,94,4,7
skew,6276,98,4,98,4,7
skew,6277,99,4,99,4,7
skew,6278,104,4,104,4,7
skew,6279,105,4,105,4,7
skew,6280,103,4,103,4,7
skew,6281,104,4,104,4,7
skew,6282,109,4,109,4,7
skew,6283,110,4,110,4,7
skew,6284,114,4,114,4,7
skew,6285,115,4,115,4,7
skew,6286,120,4,120,4,7
skew,6287,121,4,121,4,7
skew,6288,79,3,79,3,7
skew,6289,89,4,89,4,7
skew,6290,94,4,94,4,7
skew,6291,95,4,95,4,7
skew,6292,99,4,99,4,7
skew,6293,100,4,100,4,7
skew,6294,105,4,105,4,7
skew,6295,106,4,106,4,7
skew,6296,104,4,104,4,7
skew,6297,105,4,105,4,7
skew,6298,110,4,110,4,7
skew,6299,111,4,111,4,7
skew,6300,115,4,115,4,7
skew,6301,116,4,116,4,7
skew,6302,121,4,121,4,7
skew,6303,122,4,122,4,7
skew,6304,84,3,84,3,7
skew,6305,94,4,94,4,7
skew,6306,99,4,99,4,7
skew,6307,100,4,100,4,7
skew,6308,104,4,104,4,7
skew,6309,105,4,105,4,7
skew,6310,110,4,110,4,7
skew,6311,111,4,111,4,7
skew,6312,109,4,109,4,7
skew,6313,110,4,110,4,7
skew,6314,115,4,115,4,7
skew,6315,116,4,116,4,7
skew,6316,120,4,120,4,7
skew,6317,121,4,121,4,7
skew,6318,126,4,126,4,7
skew,6319,127,4,127,4,7
skew,6320,85,3,85,3,7
skew,6321,95,4,95,4,7
skew,6322,100,4,100,4,7
skew,6323,101,4,101,4,7
skew,6324,105,4,105,4,7
skew,6325,106,4,106,4,7
skew,6326,111,4,111,4,7
skew,6327,112,4,112,4,7
skew,6328,110,4,110,4,7
skew,6329,111,4,111,4,7
skew,6330,116,4,116,4,7
skew,6331,117,4,117,4,7
skew,6332,121,4,121,4,7
skew,6333,122,4,122,4,7
skew,6334,127,4,127,4,7
skew,6335,128,4,128,4,7
skew,6336,89,3,89,3,7
skew,6337,99,4,99,4,7
skew,6338,104,4,104,4,7
skew,6339,105,4,105,4,7
skew,6340,109,4,109,4,7
skew,6341,110,4,110,4,7
skew,6342,115,4,115,4,7
skew,6343,116,4,116,4,7
skew,6344,114,4,114,4,7
skew,6345,115,4,115,4,7
skew,6346,120,4,120,4,7
skew,6347,121,4,121,4,7
skew,6348,125,4,125,4,7
skew,6349,126,4,126,4,7
skew,6350,131,4,131,4,7
skew,6351,132,4,132,4,7
skew,6352,90,3,90,3,7
skew,6353,100,4,100,4,7
skew,6354,105,4,105,4,7
skew,6355,106,4,106,4,7
skew,6356,110,4,110,4,7
skew,6357,111,4,111,4,7
skew,6358,116,4,116,4,7
skew,6359,117,4,117,4,7
skew,6360,115,4,115,4,7
skew,6361,116,4,116,4,7
skew,6362,121,4,121,4,7
skew,6363,122,4,122,4,7
skew,6364,126,4,126,4,7
skew,6365,127,4,127,4,7
skew,6366,132,4,132,4,7
skew,6367,133,4,133,4,7
skew,6368,95,3,95,3,7
skew,6369,105,4,105,4,7
skew,6370,110,4,110,4,7
skew,6371,111,4,111,4,7
skew,6372,115,4,115,4,7
skew,6373,116,4,116,4,7
skew,6374,121,4,121,4,7
skew,6375,122,4,122,4,7
skew,6376,120,4,120,4,7
skew,6377,121,4,121,4,7
skew,6378,126,4,126,4,7
skew,6379,127,4,127,4,7
skew,6380,131,4,131,4,7
skew,6381,132,4,132,4,7
skew,6382,137,4,137,4,7
skew,6383,138,4,138,4,7
skew,6384,96,3,96,3,7
skew,6385,106,4,106,4,7
skew,6386,111,4,111,4,7
skew,6387,112,4,112,4,7
skew,6388,116,4,116,4,7
skew,6389,117,4,117,4,7
skew,6390,122,4,122,4,7
skew,6391,123,4,123,4,7
skew,6392,121,4,121,4,7
skew,6393,122,4,122,4,7
skew,6394,127,4,127,4,7
skew,6395,128,4,128,4,7
skew,6396,132,4,132,4,7
skew,6397,133,4,133,4,7
skew,6398,138,4,138,4,7
skew,6399,139,4,139,4,7
skew,6400,51,2,58,2,9
skew,6401,61,3,68,3,9
skew,6402,66,3,73,3,9
skew,6403,67,3,74,3,9
skew,6404,71,3,78,3,9
skew,6405,72,3,79,3,9
skew,6406,77,3,84,3,9
skew,6407,78,3,85,3,9
skew,6408,76,3,83,3,9
skew,6409,77,3,84,3,9
skew,6410,82,3,89,3,9
skew,6411,83,3,90,3,9
skew,6412,87,3,94,3,9
skew,6413,88,3,95,3,9
skew,6414,93,3,100,3,9
skew,6415,94,3,101,3,9
skew,6416,63,2,63,2,11
skew,6417,65,2,65,2,13
skew,6418,78,3,78,3,11
skew,6419,79,3,80,3,13
skew,6420,83,3,83,3,11
skew,6421,84,3,85,3,13
skew,6422,89,3,89,3,11
skew,6423,90,3,91,3,13
skew,6424,88,3,88,3,11
skew,6425,89,3,90,3,13
skew,6426,94,3,94,3,11
skew,6427,95,3,96,3,13
skew,6428,99,3,99,3,11
skew,6429,100,3,101,3,13
skew,6430,105,3,105,3,11
skew,6431,106,3,107,3,13
skew,6432,69,3,76,3,9
skew,6433,79,4,86,4,9
skew,6434,84,4,91,4,9
skew,6435,85,4,92,4,9
skew,6436,89,4,96,4,9
skew,6437,90,4,97,4,9
skew,6438,95,4,102,4,9
skew,6439,96,4,103,4,9
skew,6440,94,4,101,4,9
skew,6441,95,4,102,4,9
skew,6442,100,4,107,4,9
skew,6443,101,4,108,4,9
skew,6444,105,4,112,4,9
skew,6445,106,4,113,4,9
skew,6446,111,4,118,4,9
skew,6447,112,4,119,4,9
skew,6448,70,3,81,3,11
skew,6449,80,4,83,3,13
skew,6450,85,4,96,4,11
skew,6451,86,4,98,4,13
skew,6452,90,4,101,4,11
skew,6453,91,4,103,4,13
skew,6454,96,4,107,4,11
skew,6455,97,4,109,4,13
skew,6456,95,4,106,4,11
skew,6457,96,4,108,4,13
skew,6458,101,4,112,4,11
skew,6459,102,4,114,4,13
skew,6460,106,4,117,4,11
skew,6461,107,4,119,4,13
skew,6462,112,4,123,4,11
skew,6463,113,4,125,4,13
skew,6464,74,3,81,3,9
skew,6465,84,4,91,4,9
skew,6466,89,4,96,4,9
skew,6467,90,4,97,4,9
skew,6468,94,4,101,4,9
skew,6469,95,4,102,4,9
skew,6470,100,4,107,4,9
skew,6471,101,4,108,4,9
skew,6472,99,4,106,4,9
skew,6473,100,4,107,4,9
skew,6474,105,4,112,4,9
skew,6475,106,4,113,4,9
skew,6476,110,4,117,4,9
skew,6477,111,4,118,4,9
skew,6478,116,4,123,4,9
skew,6479,117,4,124,4,9
skew,6480,75,3,86,3,11
skew,6481,85,4,88,3,13
skew,6482,90,4,101,4,11
skew,6483,91,4,103,4,13
skew,6484,95,4,106,4,11
skew,6485,96,4,108,4,13
skew,6486,101,4,112,4,11
skew,6487,102,4,114,4,13
skew,6488,100,4,111,4,11
skew,6489,101,4,113,4,13
skew,6490,106,4,117,4,11
skew,6491,107,4,119,4,13
skew,6492,111,4,122,4,11
skew,6493,112,4,124,4,13
skew,6494,117,4,128,4,11
skew,6495,118,4,130,4,13
skew,6496,80,3,87,3,9
skew,6497,90,4,97,4,9
skew,6498,95,4,102,4,9
skew,6499,96,4,103,4,9
skew,6500,100,4,107,4,9
skew,6501,101,4,108,4,9
skew,6502,106,4,113,4,9
skew,6503,107,4,114,4,9
skew,6504,105,4,112,4,9
skew,6505,106,4,113,4,9
skew,6506,111,4,118,4,9
skew,6507,112,4,119,4,9
skew,6508,116,4,123,4,9
skew,6509,117,4,124,4,9
skew,6510,122,4,129,4,9
skew,6511,123,4,130,4,9
skew,6512,81,3,92,3,11
skew,6513,91,4,94,3,13
skew,6514,96,4,107,4,11
skew,6515,97,4,109,4,13
skew,6516,101,4,112,4,11
skew,6517,102,4,114,4,13
skew,6518,107,4,118,4,11
skew,6519,108,4,120,4,13
skew,6520,106,4,117,4,11
skew,6521,107,4,119,4,13
skew,6522,112,4,123,4,11
skew,6523,113,4,125,4,13
skew,6524,117,4,128,4,11
skew,6525,118,4,130,4,13
skew,6526,123,4,134,4,11
skew,6527,124,4,136,4,13
skew,6528,79,3,86,3,9
skew,6529,89,4,96,4,9
skew,6530,94,4,101,4,9
skew,6531,95,4,102,4,9
skew,6532,99,4,106,4,9
skew,6533,100,4,107,4,9
skew,6534,105,4,112,4,9
skew,6535,106,4,113,4,9
skew,6536,104,4,111,4,9
skew,6537,105,4,112,4,9
skew,6538,110,4,117,4,9
skew,6539,111,4,118,4,9
skew,6540,115,4,122,4,9
skew,6541,116,4,123,4,9
skew,6542,121,4,128,4,9
skew,6543,122,4,129,4,9
skew,6544,80,3,91,3,11
skew,6545,90,4,93,3,13
skew,6546,95,4,106,4,11
skew,6547,96,4,108,4,13
skew,6548,100,4,111,4,11
skew,6549,101,4,113,4,13
skew,6550,106,4,117,4,11
skew,6551,107,4,119,4,13
skew,6552,105,4,116,4,11
skew,6553,106,4,118,4,13
skew,6554,111,4,122,4,11
skew,6555,112,4,124,4,13
skew,6556,116,4,127,4,11
skew,6557,117,4,129,4,13
skew,6558,122,4,133,4,11
skew,6559,123,4,135,4,13
skew,6560,85,3,92,3,9
skew,6561,95,4,102,4,9
skew,6562,100,4,107,4,9
skew,6563,101,4,108,4,9
skew,6564,105,4,112,4,9
skew,6565,106,4,113,4,9
skew,6566,111,4,118,4,9
skew,6567,112,4,119,4,9
skew,6568,110,4,117,4,9
skew,6569,111,4,118,4,9
skew,6570,116,4,123,4,9
skew,6571,117,4,124,4,9
skew,6572,121,4,128,4,9
skew,6573,122,4,129,4,9
skew,6574,127,4,134,4,9
skew,6575,128,4,135,4,9
skew,6576,86,3,97,3,11
skew,6577,96,4,99,3,13
skew,6578,101,4,112,4,11
skew,6579,102,4,114,4,13
skew,6580,106,4,117,4,11
skew,6581,107,4,119,4,13
skew,6582,112,4,123,4,11
skew,6583,113,4,125,4,13
skew,6584,111,4,122,4,11
skew,6585,112,4,124,4,13
skew,6586,117,4,128,4,11
skew,6587,118,4,130,4,13
skew,6588,122,4,133,4,11
skew,6589,123,4,135,4,13
skew,6590,128,4,139,4,11
skew,6591,129,4,141,4,13
skew,6592,90,3,97,3,9
skew,6593,100,4,107,4,9
skew,6594,105,4,112,4,9
skew,6595,106,4,113,4,9
skew,6596,110,4,117,4,9
skew,6597,111,4,118,4,9
skew,6598,116,4,123,4,9
skew,6599,117,4,124,4,9
skew,6600,115,4,122,4,9
skew,6601,116,4,123,4,9
skew,6602,121,4,128,4,9
skew,6603,122,4,129,4,9
skew,6604,126,4,133,4,9
skew,6605,127,4,134,4,9
skew,6606,132,4,139,4,9
skew,6607,133,4,140,4,9
skew,6608,91,3,102,3,11
skew,6609,101,4,104,3,13
skew,6610,106,4,117,4,11
skew,6611,107,4,119,4,13
skew,6612,111,4,122,4,11
skew,6613,112,4,124,4,13
skew,6614,117,4,128,4,11
skew,6615,118,4,130,4,13
skew,6616,116,4,127,4,11
skew,6617,117,4,129,4,13
skew,6618,122,4,133,4,11
skew,6619,123,4,135,4,13
skew,6620,127,4,138,4,11
skew,6621,128,4,140,4,13
skew,6622,133,4,144,4,11
skew,6623,134,4,146,4,13
skew,6624,96,3,103,3,9
skew,6625,106,4,113,4,9
skew,6626,111,4,118,4,9
skew,6627,112,4,119,4,9
skew,6628,116,4,123,4,9
skew,6629,117,4,124,4,9
skew,6630,122,4,129,4,9
skew,6631,123,4,130,4,9
skew,6632,121,4,128,4,9
skew,6633,122,4,129,4,9
skew,6634,127,4,134,4,9
skew,6635,128,4,135,4,9
skew,6636,132,4,139,4,9
skew,6637,133,4,140,4,9
skew,6638,138,4,145,4,9
skew,6639,139,4,146,4,9
skew,6640,97,3,108,3,11
skew,6641,107,4,110,3,13
skew,6642,112,4,123,4,11
skew,6643,113,4,125,4,13
skew,6644,117,4,128,4,11
skew,6645,118,4,130,4,13
skew,6646,123,4,134,4,11
skew,6647,124,4,136,4,13
skew,6648,122,4,133,4,11
skew,6649,123,4,135,4,13
skew,6650,128,4,139,4,11
skew,6651,129,4,141,4,13
skew,6652,133,4,144,4,11
skew,6653,134,4,146,4,13
skew,6654,139,4,150,4,11
skew,6655,140,4,152,4,13
skew,6656,56,2,56,2,7
skew,6657,66,3,66,3,7
skew,6658,71,3,71,3,7
skew,6659,72,3,72,3,7
skew,6660,76,3,76,3,7
skew,6661,77,3,77,3,7
skew,6662,82,3,82,3,7
skew,6663,83,3,83,3,7
skew,6664,81,3,81,3,7
skew,6665,82,3,82,3,7
skew,6666,87,3,87,3,7
skew,6667,88,3,88,3,7
skew,6668,92,3,92,3,7
skew,6669,93,3,93,3,7
skew,6670,98,3,98,3,7
skew,6671,99,3,99,3,7
skew,6672,69,3,69,3,7
skew,6673,79,4,79,4,7
skew,6674,84,4,84,4,7
skew,6675,85,4,85,4,7
skew,6676,89,4,89,4,7
skew,6677,90,4,90,4,7
skew,6678,95,4,95,4,7
skew,6679,96,4,96,4,7
skew,6680,94,4,94,4,7
skew,6681,95,4,95,4,7
skew,6682,100,4,100,4,7
skew,6683,101,4,101,4,7
skew,6684,105,4,105,4,7
skew,6685,106,4,106,4,7
skew,6686,111,4,111,4,7
skew,6687,112,4,112,4,7
skew,6688,74,3,74,3,7
skew,6689,84,4,84,4,7
skew,6690,89,4,89,4,7
skew,6691,90,4,90,4,7
skew,6692,94,4,94,4,7
skew,6693,95,4,95,4,7
skew,6694,100,4,100,4,7
skew,6695,101,4,101,4,7
skew,6696,99,4,99,4,7
skew,6697,100,4,100,4,7
skew,6698,105,4,105,4,7
skew,6699,106,4,106,4,7
skew,6700,110,4,110,4,7
skew,6701,111,4,111,4,7
skew,6702,116,4,116,4,7
skew,6703,117,4,117,4,7
skew,6704,75,3,75,3,7
skew,6705,85,4,85,4,7
skew,6706,90,4,90,4,7
skew,6707,91,4,91,4,7
skew,6708,95,4,95,4,7
skew,6709,96,4,96,4,7
skew,6710,101,4,101,4,7
skew,6711,102,4,102,4,7
skew,6712,100,4,100,4,7
skew,6713,101,4,101,4,7
skew,6714,106,4,106,4,7
skew,6715,107,4,107,4,7
skew,6716,111,4,111,4,7
skew,6717,112,4,112,4,7
skew,6718,117,4,117,4,7
skew,6719,118,4,118,4,7
skew,6720,79,3,79,3,7
skew,6721,89,4,89,4,7
skew,6722,94,4,94,4,7
skew,6723,95,4,95,4,7
skew,6724,99,4,99,4,7
skew,6725,100,4,100,4,7
skew,6726,105,4,105,4,7
skew,6727,106,4,106,4,7
skew,6728,104,4,104,4,7
skew,6729,105,4,105,4,7
skew,6730,110,4,110,4,7
skew,6731,111,4,111,4,7
skew,6732,115,4,115,4,7
skew,6733,116,4,116,4,7
skew,6734,121,4,121,4,7
skew,6735,122,4,122,4,7
skew,6736,80,3,80,3,7
skew,6737,90,4,90,4,7
skew,6738,95,4,95,4,7
skew,6739,96,4,96,4,7
skew,6740,100,4,100,4,7
skew,6741,101,4,101,4,7
skew,6742,106,4,106,4,7
skew,6743,107,4,107,4,7
skew,6744,105,4,105,4,7
skew,6745,106,4,106,4,7
skew,6746,111,4,111,4,7
skew,6747,112,4,112,4,7
skew,6748,116,4,116,4,7
skew,6749,117,4,117,4,7
skew,6750,122,4,122,4,7
skew,6751,123,4,123,4,7
skew,6752,85,3,85,3,7
skew,6753,95,4,95,4,7
skew,6754,100,4,100,4,7
skew,6755,101,4,101,4,7
skew,6756,105,4,105,4,7
skew,6757,106,4,106,4,7
skew,6758,111,4,111,4,7
skew,6759,112,4,112,4,7
skew,6760,110,4,110,4,7
skew,6761,111,4,111,4,7
skew,6762,116,4,116,4,7
skew,6763,117,4,117,4,7
skew,6764,121,4,121,4,7
skew,6765,122,4,122,4,7
skew,6766,127,4,127,4,7
skew,6767,128,4,128,4,7
skew,6768,86,3,86,3,7
skew,6769,96,4,96,4,7
skew,6770,101,4,101,4,7
skew,6771,102,4,102,4,7
skew,6772,106,4,106,4,7
skew,6773,107,4,107,4,7
skew,6774,112,4,112,4,7
skew,6775,113,4,113,4,7
skew,6776,111,4,111,4,7
skew,6777,112,4,112,4,7
skew,6778,117,4,117,4,7
skew,6779,118,4,118,4,7
skew,6780,122,4,122,4,7
skew,6781,123,4,123,4,7
skew,6782,128,4,128,4,7
skew,6783,129,4,129,4,7
skew,6784,84,3,84,3,7
skew,6785,94,4,94,4,7
skew,6786,99,4,99,4,7
skew,6787,100,4,100,4,7
skew,6788,104,4,104,4,7
skew,6789,105,4,105,4,7
skew,6790,110,4,110,4,7
skew,6791,111,4,111,4,7
skew,6792,109,4,109,4,7
skew,6793,110,4,110,4,7
skew,6794,115,4,115,4,7
skew,6795,116,4,116,4,7
skew,6796,120,4,120,4,7
skew,6797,121,4,121,4,7
skew,6798,126,4,126,4,7
skew,6799,127,4,127,4,7
skew,6800,85,3,85,3,7
skew,6801,95,4,95,4,7
skew,6802,100,4,100,4,7
skew,6803,101,4,101,4,7
skew,6804,105,4,105,4,7
skew,6805,106,4,106,4,7
skew,6806,111,4,111,4,7
skew,6807,112,4,112,4,7
skew,6808,110,4,110,4,7
skew,6809,111,4,111,4,7
skew,6810,116,4,116,4,7
skew,6811,117,4,117,4,7
skew,6812,121,4,121,4,7
skew,6813,122,4,122,4,7
skew,6814,127,4,127,4,7
skew,6815,128,4,128,4,7
skew,6816,90,3,90,3,7
skew,6817,100,4,100,4,7
skew,6818,105,4,105,4,7
skew,6819,106,4,106,4,7
skew,6820,110,4,110,4,7
skew,6821,111,4,111,4,7
skew,6822,116,4,116,4,7
skew,6823,117,4,117,4,7
skew,6824,115,4,115,4,7
skew,6825,116,4,116,4,7
skew,6826,121,4,121,4,7
skew,6827,122,4,122,4,7
skew,6828,126,4,126,4,7
skew,6829,127,4,127,4,7
skew,6830,132,4,132,4,7
skew,6831,133,4,133,4,7
skew,6832,91,3,91,3,7
skew,6833,101,4,101,4,7
skew,6834,106,4,106,4,7
skew,6835,107,4,107,4,7
skew,6836,111,4,111,4,7
skew,6837,112,4,112,4,7
skew,6838,117,4,117,4,7
skew,6839,118,4,118,4,7
skew,6840,116,4,116,4,7
skew,6841,117,4,117,4,7
skew,6842,122,4,122,4,7
skew,6843,123,4,123,4,7
skew,6844,127,4,127,4,7
skew,6845,128,4,128,4,7
skew,6846,133,4,133,4,7
skew,6847,134,4,134,4,7
skew,6848,95,3,95,3,7
skew,6849,105,4,105,4,7
skew,6850,110,4,110,4,7
skew,6851,111,4,111,4,7
skew,6852,115,4,115,4,7
skew,6853,116,4,116,4,7
skew,6854,121,4,121,4,7
skew,6855,122,4,122,4,7
skew,6856,120,4,120,4,7
skew,6857,121,4,121,4,7
skew,6858,126,4,126,4,7
skew,6859,127,4,127,4,7
skew,6860,131,4,131,4,7
skew,6861,132,4,132,4,7
skew,6862,137,4,137,4,7
skew,6863,138,4,138,4,7
skew,6864,96,3,96,3,7
skew,6865,106,4,106,4,7
skew,6866,111,4,111,4,7
skew,6867,112,4,112,4,7
skew,6868,116,4,116,4,7
skew,6869,117,4,117,4,7
skew,6870,122,4,122,4,7
skew,6871,123,4,123,4,7
skew,6872,121,4,121,4,7
skew,6873,122,4,122,4,7
skew,6874,127,4,127,4,7
skew,6875,128,4,128,4,7
skew,6876,132,4,132,4,7
skew,6877,133,4,133,4,7
skew,6878,138,4,138,4,7
skew,6879,139,4,139,4,7
skew,6880,101,3,101,3,7
skew,6881,111,4,111,4,7
skew,6882,116,4,116,4,7
skew,6883,117,4,117,4,7
skew,6884,121,4,121,4,7
skew,6885,122,4,122,4,7
skew,6886,127,4,127,4,7
skew,6887,128,4,128,4,7
skew,6888,126,4,126,4,7
skew,6889,127,4,127,4,7
skew,6890,132,4,132,4,7
skew,6891,133,4,133,4,7
skew,6892,137,4,137,4,7
skew,6893,138,4,138,4,7
skew,6894,143,4,143,4,7
skew,6895,144,4,144,4,7
skew,6896,102,3,102,3,7
skew,6897,112,4,112,4,7
skew,6898,117,4,117,4,7
skew,6899,118,4,118,4,7
skew,6900,122,4,122,4,7
skew,6901,123,4,123,4,7
skew,6902,128,4,128,4,7
skew,6903,129,4,129,4,7
skew,6904,127,4,127,4,7
skew,6905,128,4,128,4,7
skew,6906,133,4,133,4,7
skew,6907,134,4,134,4,7
skew,6908,138,4,138,4,7
skew,6909,139,4,139,4,7
skew,6910,144,4,144,4,7
skew,6911,145,4,145,4,7
skew,6912,57,2,64,2,9
skew,6913,67,3,74,3,9
skew,6914,72,3,79,3,9
skew,6915,73,3,80,3,9
skew,6916,77,3,84,3,9
skew,6917,78,3,85,3,9
skew,6918,83,3,90,3,9
skew,6919,84,3,91,3,9
skew,6920,82,3,89,3,9
skew,6921,83,3,90,3,9
skew,6922,88,3,95,3,9
skew,6923,89,3,96,3,9
skew,6924,93,3,100,3,9
skew,6925,94,3,101,3,9
skew,6926,99,3,106,3,9
skew,6927,100,3,107,3,9
skew,6928,69,2,69,2,11
skew,6929,71,2,71,2,13
skew,6930,84,3,84,3,11
skew,6931,85,3,86,3,13
skew,6932,89,3,89,3,11
skew,6933,90,3,91,3,13
skew,6934,95,3,95,3,11
skew,6935,96,3,97,3,13
skew,6936,94,3,94,3,11
skew,6937,95,3,96,3,13
skew,6938,100,3,100,3,11
skew,6939,101,3,102,3,13
skew,6940,105,3,105,3,11
skew,6941,106,3,107,3,13
skew,6942,111,3,111,3,11
skew,6943,112,3,113,3,13
skew,6944,75,3,82,3,9
skew,6945,85,4,92,4,9
skew,6946,90,4,97,4,9
skew,6947,91,4,98,4,9
skew,6948,95,4,102,4,9
skew,6949,96,4,103,4,9
skew,6950,101,4,108,4,9
skew,6951,102,4,109,4,9
skew,6952,100,4,107,4,9
skew,6953,101,4,108,4,9
skew,6954,106,4,113,4,9
skew,6955,107,4,114,4,9
skew,6956,111,4,118,4,9
skew,6957,112,4,119,4,9
skew,6958,117,4,124,4,9
skew,6959,118,4,125,4,9
skew,6960,76,3,87,3,11
skew,6961,86,4,89,3,13
skew,6962,91,4,102,4,11
skew,6963,92,4,104,4,13
skew,6964,96,4,107,4,11
skew,6965,97,4,109,4,13
skew,6966,102,4,113,4,11
skew,6967,103,4,115,4,13
skew,6968,101,4,112,4,11
skew,6969,102,4,114,4,13
skew,6970,107,4,118,4,11
skew,6971,108,4,120,4,13
skew,6972,112,4,123,4,11
skew,6973,113,4,125,4,13
skew,6974,118,4,129,4,11
skew,6975,119,4,131,4,13
skew,6976,80,3,87,3,9
skew,6977,90,4,97,4,9
skew,6978,95,4,102,4,9
skew,6979,96,4,103,4,9
skew,6980,100,4,107,4,9
skew,6981,101,4,108,4,9
skew,6982,106,4,113,4,9
skew,6983,107,4,114,4,9
skew,6984,105,4,112,4,9
skew,6985,106,4,113,4,9
skew,6986,111,4,118,4,9
skew,6987,112,4,119,4,9
skew,6988,116,4,123,4,9
skew,6989,117,4,124,4,9
skew,6990,122,4,129,4,9
skew,6991,123,4,130,4,9
skew,6992,81,3,92,3,11
skew,6993,91,4,94,3,13
skew,6994,96,4,107,4,11
skew,6995,97,4,109,4,13
skew,6996,101,4,112,4,11
skew,6997,102,4,114,4,13
skew,6998,107,4,118,4,11
skew,6999,108,4,120,4,13
skew,7000,106,4,117,4,11
skew,7001,107,4,119,4,13
skew,7002,112,4,123,4,11
skew,7003,113,4,125,4,13
skew,7004,117,4,128,4,11
skew,7005,118,4,130,4,13
skew,7006,123,4,134,4,11
skew,7007,124,4,136,4,13
skew,7008,86,3,93,3,9
skew,7009,96,4,103,4,9
skew,7010,101,4,108,4,9
skew,7011,102,4,109,4,9
skew,7012,106,4,113,4,9
skew,7013,107,4,114,4,9
skew,7014,112,4,119,4,9
skew,7015,113,4,120,4,9
skew,7016,111,4,118,4,9
skew,7017,112,4,119,4,9
skew,7018,117,4,124,4,9
skew,7019,118,4,125,4,9
skew,7020,122,4,129,4,9
skew,7021,123,4,130,4,9
skew,7022,128,4,135,4,9
skew,7023,129,4,136,4,9
skew,7024,87,3,98,3,11
skew,7025,97,4,100,3,13
skew,7026,102,4,113,4,11
skew,7027,103,4,115,4,13
skew,7028,107,4,118,4,11
skew,7029,108,4,120,4,13
skew,7030,113,4,124,4,11
skew,7031,114,4,126,4,13
skew,7032,112,4,123,4,11
skew,7033,113,4,125,4,13
skew,7034,118,4,129,4,11
skew,7035,119,4,131,4,13
skew,7036,123,4,134,4,11
skew,7037,124,4,136,4,13
skew,7038,129,4,140,4,11
skew,7039,130,4,142,4,13
skew,7040,85,3,92,3,9
skew,7041,95,4,102,4,9
skew,7042,100,4,107,4,9
skew,7043,101,4,108,4,9
skew,7044,105,4,112,4,9
skew,7045,106,4,113,4,9
skew,7046,111,4,118,4,9
skew,7047,112,4,119,4,9
skew,7048,110,4,117,4,9
skew,7049,111,4,118,4,9
skew,7050,116,4,123,4,9
skew,7051,117,4,124,4,9
skew,7052,121,4,128,4,9
skew,7053,122,4,129,4,9
skew,7054,127,4,134,4,9
skew,7055,128,4,135,4,9
skew,7056,86,3,97,3,11
skew,7057,96,4,99,3,13
skew,7058,101,4,112,4,11
skew,7059,102,4,114,4,13
skew,7060,106,4,117,4,11
skew,7061,107,4,119,4,13
skew,7062,112,4,123,4,11
skew,7063,113,4,125,4,13
skew,7064,111,4,122,4,11
skew,7065,112,4,124,4,13
skew,7066,117,4,128,4,11
skew,7067,118,4,130,4,13
skew,7068,122,4,133,4,11
skew,7069,123,4,135,4,13
skew,7070,128,4,139,4,11
skew,7071,129,4,141,4,13
skew,7072,91,3,98,3,9
skew,7073,101,4,108,4,9
skew,7074,106,4,113,4,9
skew,7075,107,4,114,4,9
skew,7076,111,4,118,4,9
skew,7077,112,4,119,4,9
skew,7078,117,4,124,4,9
skew,7079,118,4,125,4,9
skew,7080,116,4,123,4,9
skew,7081,117,4,124,4,9
skew,7082,122,4,129,4,9
skew,7083,123,4,130,4,9
skew,7084,127,4,134,4,9
skew,7085,128,4,135,4,9
skew,7086,133,4,140,4,9
skew,7087,134,4,141,4,9
skew,7088,92,3,103,3,11
skew,7089,102,4,105,3,13
skew,7090,107,4,118,4,11
skew,7091,108,4,120,4,13
skew,7092,112,4,123,4,11
skew,7093,113,4,125,4,13
skew,7094,118,4,129,4,11
skew,7095,119,4,131,4,13
skew,7096,117,4,128,4,11
skew,7097,118,4,130,4,13
skew,7098,123,4,134,4,11
skew,7099,124,4,136,4,13
skew,7100,128,4,139,4,11
skew,7101,129,4,141,4,13
skew,7102,134,4,145,4,11
skew,7103,135,4,147,4,13
skew,7104,96,3,103,3,9
skew,7105,106,4,113,4,9
skew,7106,111,4,118,4,9
skew,7107,112,4,119,4,9
skew,7108,116,4,123,4,9
skew,7109,117,4,124,4,9
skew,7110,122,4,129,4,9
skew,7111,123,4,130,4,9
skew,7112,121,4,128,4,9
skew,7113,122,4,129,4,9
skew,7114,127,4,134,4,9
skew,7115,128,4,135,4,9
skew,7116,132,4,139,4,9
skew,7117,133,4,140,4,9
skew,7118,138,4,145,4,9
skew,7119,139,4,146,4,9
skew,7120,97,3,108,3,11
skew,7121,107,4,110,3,13
skew,7122,112,4,123,4,11
skew,7123,113,4,125,4,13
skew,7124,117,4,128,4,11
skew,7125,118,4,130,4,13
skew,7126,123,4,134,4,11
skew,7127,124,4,136,4,13
skew,7128,122,4,133,4,11
skew,7129,123,4,135,4,13
skew,7130,128,4,139,4,11
skew,7131,129,4,141,4,13
skew,7132,133,4,144,4,11
skew,7133,134,4,146,4,13
skew,7134,139,4,150,4,11
skew,7135,140,4,152,4,13
skew,7136,102,3,109,3,9
skew,7137,112,4,119,4,9
skew,7138,117,4,124,4,9
skew,7139,118,4,125,4,9
skew,7140,122,4,129,4,9
skew,7141,123,4,130,4,9
skew,7142,128,4,135,4,9
skew,7143,129,4,136,4,9
skew,7144,127,4,134,4,9
skew,7145,128,4,135,4,9
skew,7146,133,4,140,4,9
skew,7147,134,4,141,4,9
skew,7148,138,4,145,4,9
skew,7149,139,4,146,4,9
skew,7150,144,4,151,4,9
skew,7151,145,4,152,4,9
skew,7152,103,3,114,3,11
skew,7153,113,4,116,3,13
skew,7154,118,4,129,4,11
skew,7155,119,4,131,4,13
skew,7156,123,4,134,4,11
skew,7157,124,4,136,4,13
skew,7158,129,4,140,4,11
skew,7159,130,4,142,4,13
skew,7160,128,4,139,4,11
skew,7161,129,4,141,4,13
skew,7162,134,4,145,4,11
skew,7163,135,4,147,4,13
skew,7164,139,4,150,4,11
skew,7165,140,4,152,4,13
skew,7166,145,4,156,4,11
skew,7167,146,4,158,4,13
skew,7168,61,2,61,2,7
skew,7169,71,3,71,3,7
skew,7170,76,3,76,3,7
skew,7171,77,3,77,3,7
skew,7172,81,3,81,3,7
skew,7173,82,3,82,3,7
skew,7174,87,3,87,3,7
skew,7175,88,3,88,3,7
skew,7176,86,3,86,3,7
skew,7177,87,3,87,3,7
skew,7178,92,3,92,3,7
skew,7179,93,3,93,3,7
skew,7180,97,3,97,3,7
skew,7181,98,3,98,3,7
skew,7182,103,3,103,3,7
skew,7183,104,3,104,3,7
skew,7184,74,3,74,3,7
skew,7185,84,4,84,4,7
skew,7186,89,4,89,4,7
skew,7187,90,4,90,4,7
skew,7188,94,4,94,4,7
skew,7189,95,4,95,4,7
skew,7190,100,4,100,4,7
skew,7191,101,4,101,4,7
skew,7192,99,4,99,4,7
skew,7193,100,4,100,4,7
skew,7194,105,4,105,4,7
skew,7195,106,4,106,4,7
skew,7196,110,4,110,4,7
skew,7197,111,4,111,4,7
skew,7198,116,4,116,4,7
skew,7199,117,4,117,4,7
skew,7200,79,3,79,3,7
skew,7201,89,4,89,4,7
skew,7202,94,4,94,4,7
skew,7203,95,4,95,4,7
skew,7204,99,4,99,4,7
skew,7205,100,4,100,4,7
skew,7206,105,4,105,4,7
skew,7207,106,4,106,4,7
skew,7208,104,4,104,4,7
skew,7209,105,4,105,4,7
skew,7210,110,4,110,4,7
skew,7211,111,4,111,4,7
skew,7212,115,4,115,4,7
skew,7213,116,4,116,4,7
skew,7214,121,4,121,4,7
skew,7215,122,4,122,4,7
skew,7216,80,3,80,3,7
skew,7217,90,4,90,4,7
skew,7218,95,4,95,4,7
skew,7219,96,4,96,4,7
skew,7220,100,4,100,4,7
skew,7221,101,4,101,4,7
skew,7222,106,4,106,4,7
skew,7223,107,4,107,4,7
skew,7224,105,4,105,4,7
skew,7225,106,4,106,4,7
skew,7226,111,4,111,4,7
skew,7227,112,4,112,4,7
skew,7228,116,4,116,4,7
skew,7229,117,4,117,4,7
skew,7230,122,4,122,4,7
skew,7231,123,4,123,4,7
skew,7232,84,3,84,3,7
skew,7233,94,4,94,4,7
skew,7234,99,4,99,4,7
skew,7235,100,4,100,4,7
skew,7236,104,4,104,4,7
skew,7237,105,4,105,4,7
skew,7238,110,4,110,4,7
skew,7239,111,4,111,4,7
skew,7240,109,4,109,4,7
skew,7241,110,4,110,4,7
skew,7242,115,4,115,4,7
skew,7243,116,4,116,4,7
skew,7244,120,4,120,4,7
skew,7245,121,4,121,4,7
skew,7246,126,4,126,4,7
skew,7247,127,4,127,4,7
skew,7248,85,3,85,3,7
skew,7249,95,4,95,4,7
skew,7250,100,4,100,4,7
skew,7251,101,4,101,4,7
skew,7252,105,4,105,4,7
skew,7253,106,4,106,4,7
skew,7254,111,4,111,4,7
skew,7255,112,4,112,4,7
skew,7256,110,4,110,4,7
skew,7257,111,4,111,4,7
skew,7258,116,4,116,4,7
skew,7259,117,4,117,4,7
skew,7260,121,4,121,4,7
skew,7261,122,4,122,4,7
skew,7262,127,4,127,4,7
skew,7263,128,4,128,4,7
skew,7264,90,3,90,3,7
skew,7265,100,4,100,4,7
skew,7266,105,4,105,4,7
skew,7267,106,4,106,4,7
skew,7268,110,4,110,4,7
skew,7269,111,4,111,4,7
skew,7270,116,4,116,4,7
skew,7271,117,4,117,4,7
skew,7272,115,4,115,4,7
skew,7273,116,4,116,4,7
skew,7274,121,4,121,4,7
skew,7275,122,4,122,4,7
skew,7276,126,4,126,4,7
skew,7277,127,4,127,4,7
skew,7278,132,4,132,4,7
skew,7279,133,4,133,4,7
skew,7280,91,3,91,3,7
skew,7281,101,4,101,4,7
skew,7282,106,4,106,4,7
skew,7283,107,4,107,4,7
skew,7284,111,4,111,4,7
skew,7285,112,4,112,4,7
skew,7286,117,4,117,4,7
skew,7287,118,4,118,4,7
skew,7288,116,4,116,4,7
skew,7289,117,4,117,4,7
skew,7290,122,4,122,4,7
skew,7291,123,4,123,4,7
skew,7292,127,4,127,4,7
skew,7293,128,4,128,4,7
skew,7294,133,4,133,4,7
skew,7295,134,4,134,4,7
skew,7296,89,3,89,3,7
skew,7297,99,4,99,4,7
skew,7298,104,4,104,4,7
skew,7299,105,4,105,4,7
skew,7300,109,4,109,4,7
skew,7301,110,4,110,4,7
skew,7302,115,4,115,4,7
skew,7303,116,4,116,4,7
skew,7304,114,4,114,4,7
skew,7305,115,4,115,4,7
skew,7306,120,4,120,4,7
skew,7307,121,4,121,4,7
skew,7308,125,4,125,4,7
skew,7309,126,4,126,4,7
skew,7310,131,4,131,4,7
skew,7311,132,4,132,4,7
skew,7312,90,3,90,3,7
skew,7313,100,4,100,4,7
skew,7314,105,4,105,4,7
skew,7315,106,4,106,4,7
skew,7316,110,4,110,4,7
skew,7317,111,4,111,4,7
skew,7318,116,4,116,4,7
skew,7319,117,4,117,4,7
skew,7320,115,4,115,4,7
skew,7321,116,4,116,4,7
skew,7322,121,4,121,4,7
skew,7323,122,4,122,4,7
skew,7324,126,4,126,4,7
skew,7325,127,4,127,4,7
skew,7326,132,4,132,4,7
skew,7327,133,4,133,4,7
skew,7328,95,3,95,3,7
skew,7329,105,4,105,4,7
skew,7330,110,4,110,4,7
skew,7331,111,4,111,4,7
skew,7332,115,4,115,4,7
skew,7333,116,4,116,4,7
skew,7334,121,4,121,4,7
skew,7335,122,4,122,4,7
skew,7336,120,4,120,4,7
skew,7337,121,4,121,4,7
skew,7338,126,4,126,4,7
skew,7339,127,4,127,4,7
skew,7340,131,4,131,4,7
skew,7341,132,4,132,4,7
skew,7342,137,4,137,4,7
skew,7343,138,4,138,4,7
skew,7344,96,3,96,3,7
skew,7345,106,4,106,4,7
skew,7346,111,4,111,4,7
skew,7347,112,4,112,4,7
skew,7348,116,4,116,4,7
skew,7349,117,4,117,4,7
skew,7350,122,4,122,4,7
skew,7351,123,4,123,4,7
skew,7352,121,4,121,4,7
skew,7353,122,4,122,4,7
skew,7354,127,4,127,4,7
skew,7355,128,4,128,4,7
skew,7356,132,4,132,4,7
skew,7357,133,4,133,4,7
skew,7358,138,4,138,4,7
skew,7359,139,4,139,4,7
skew,7360,100,3,100,3,7
skew,7361,110,4,110,4,7
skew,7362,115,4,115,4,7
skew,7363,116,4,116,4,7
skew,7364,120,4,120,4,7
skew,7365,121,4,121,4,7
skew,7366,126,4,126,4,7
skew,7367,127,4,127,4,7
skew,7368,125,4,125,4,7
skew,7369,126,4,126,4,7
skew,7370,131,4,131,4,7
skew,7371,132,4,132,4,7
skew,7372,136,4,136,4,7
skew,7373,137,4,137,4,7
skew,7374,142,4,142,4,7
skew,7375,143,4,143,4,7
skew,7376,101,3,101,3,7
skew,7377,111,4,111,4,7
skew,7378,116,4,116,4,7
skew,7379,117,4,117,4,7
skew,7380,121,4,121,4,7
skew,7381,122,4,122,4,7
skew,7382,127,4,127,4,7
skew,7383,128,4,128,4,7
skew,7384,126,4,126,4,7
skew,7385,127,4,127,4,7
skew,7386,132,4,132,4,7
skew,7387,133,4,133,4,7
skew,7388,137,4,137,4,7
skew,7389,138,4,138,4,7
skew,7390,143,4,143,4,7
skew,7391,144,4,144,4,7
skew,7392,106,3,106,3,7
skew,7393,116,4,116,4,7
skew,7394,121,4,121,4,7
skew,7395,122,4,122,4,7
skew,7396,126,4,126,4,7
skew,7397,127,4,127,4,7
skew,7398,132,4,132,4,7
skew,7399,133,4,133,4,7
skew,7400,131,4,131,4,7
skew,7401,132,4,132,4,7
skew,7402,137,4,137,4,7
skew,7403,138,4,138,4,7
skew,7404,142,4,142,4,7
skew,7405,143,4,143,4,7
skew,7406,148,4,148,4,7
skew,7407,149,4,149,4,7
skew,7408,107,3,107,3,7
skew,7409,117,4,117,4,7
skew,7410,122,4,122,4,7
skew,7411,123,4,123,4,7
skew,7412,127,4,127,4,7
skew,7413,128,4,128,4,7
skew,7414,133,4,133,4,7
skew,7415,134,4,134,4,7
skew,7416,132,4,132,4,7
skew,7417,133,4,133,4,7
skew,7418,138,4,138,4,7
skew,7419,139,4,139,4,7
skew,7420,143,4,143,4,7
skew,7421,144,4,144,4,7
skew,7422,149,4,149,4,7
skew,7423,150,4,150,4,7
skew,7424,62,2,69,2,9
skew,7425,72,3,79,3,9
skew,7426,77,3,84,3,9
skew,7427,78,3,85,3,9
skew,7428,82,3,89,3,9
skew,7429,83,3,90,3,9
skew,7430,88,3,95,3,9
skew,7431,89,3,96,3,9
skew,7432,87,3,94,3,9
skew,7433,88,3,95,3,9
skew,7434,93,3,100,3,9
skew,7435,94,3,101,3,9
skew,7436,98,3,105,3,9
skew,7437,99,3,106,3,9
skew,7438,104,3,111,3,9
skew,7439,105,3,112,3,9
skew,7440,74,2,74,2,11
skew,7441,76,2,76,2,13
skew,7442,89,3,89,3,11
skew,7443,90,3,91,3,13
skew,7444,94,3,94,3,11
skew,7445,95,3,96,3,13
skew,7446,100,3,100,3,11
skew,7447,101,3,102,3,13
skew,7448,99,3,99,3,11
skew,7449,100,3,101,3,13
skew,7450,105,3,105,3,11
skew,7451,106,3,107,3,13
skew,7452,110,3,110,3,11
skew,7453,111,3,112,3,13
skew,7454,116,3,116,3,11
skew,7455,117,3,118,3,13
skew,7456,80,3,87,3,9
skew,7457,90,4,97,4,9
skew,7458,95,4,102,4,9
skew,7459,96,4,103,4,9
skew,7460,100,4,107,4,9
skew,7461,101,4,108,4,9
skew,7462,106,4,113,4,9
skew,7463,107,4,114,4,9
skew,7464,105,4,112,4,9
skew,7465,106,4,113,4,9
skew,7466,111,4,118,4,9
skew,7467,112,4,119,4,9
skew,7468,116,4,123,4,9
skew,7469,117,4,124,4,9
skew,7470,122,4,129,4,9
skew,7471,123,4,130,4,9
skew,7472,81,3,92,3,11
skew,7473,91,4,94,3,13
skew,7474,96,4,107,4,11
skew,7475,97,4,109,4,13
skew,7476,101,4,112,4,11
skew,7477,102,4,114,4,13
skew,7478,107,4,118,4,11
skew,7479,108,4,120,4,13
skew,7480,106,4,117,4,11
skew,7481,107,4,119,4,13
skew,7482,112,4,123,4,11
skew,7483,113,4,125,4,13
skew,7484,117,4,128,4,11
skew,7485,118,4,130,4,13
skew,7486,123,4,134,4,11
skew,7487,124,4,136,4,13
skew,7488,85,3,92,3,9
skew,7489,95,4,102,4,9
skew,7490,100,4,107,4,9
skew,7491,101,4,108,4,9
skew,7492,105,4,112,4,9
skew,7493,106,4,113,4,9
skew,7494,111,4,118,4,9
skew,7495,112,4,119,4,9
skew,7496,110,4,117,4,9
skew,7497,111,4,118,4,9
skew,7498,116,4,123,4,9
skew,7499,117,4,124,4,9
skew,7500,121,4,128,4,9
skew,7501,122,4,129,4,9
skew,7502,127,4,134,4,9
skew,7503,128,4,135,4,9
skew,7504,86,3,97,3,11
skew,7505,96,4,99,3,13
skew,7506,101,4,112,4,11
skew,7507,102,4,114,4,13
skew,7508,106,4,117,4,11
skew,7509,107,4,119,4,13
skew,7510,112,4,123,4,11
skew,7511,113,4,125,4,13
skew,7512,111,4,122,4,11
skew,7513,112,4,124,4,13
skew,7514,117,4,128,4,11
skew,7515,118,4,130,4,13
skew,7516,122,4,133,4,11
skew,7517,123,4,135,4,13
skew,7518,128,4,139,4,11
skew,7519,129,4,141,4,13
skew,7520,91,3,98,3,9
skew,7521,101,4,108,4,9
skew,7522,106,4,113,4,9
skew,7523,107,4,114,4,9
skew,7524,111,4,118,4,9
skew,7525,112,4,119,4,9
skew,7526,117,4,124,4,9
skew,7527,118,4,125,4,9
skew,7528,116,4,123,4,9
skew,7529,117,4,124,4,9
skew,7530,122,4,129,4,9
skew,7531,123,4,130,4,9
skew,7532,127,4,134,4,9
skew,7533,128,4,135,4,9
skew,7534,133,4,140,4,9
skew,7535,134,4,141,4,9
skew,7536,92,3,103,3,11
skew,7537,102,4,105,3,13
skew,7538,107,4,118,4,11
skew,7539,108,4,120,4,13
skew,7540,112,4,123,4,11
skew,7541,113,4,125,4,13
skew,7542,118,4,129,4,11
skew,7543,119,4,131,4,13
skew,7544,117,4,128,4,11
skew,7545,118,4,130,4,13
skew,7546,123,4,134,4,11
skew,7547,124,4,136,4,13
skew,7548,128,4,139,4,11
skew,7549,129,4,141,4,13
skew,7550,134,4,145,4,11
skew,7551,135,4,147,4,13
skew,7552,90,3,97,3,9
skew,7553,100,4,107,4,9
skew,7554,105,4,112,4,9
skew,7555,106,4,113,4,9
skew,7556,110,4,117,4,9
skew,7557,111,4,118,4,9
skew,7558,116,4,123,4,9
skew,7559,117,4,124,4,9
skew,7560,115,4,122,4,9
skew,7561,116,4,123,4,9
skew,7562,121,4,128,4,9
skew,7563,122,4,129,4,9
skew,7564,126,4,133,4,9
skew,7565,127,4,134,4,9
skew,7566,132,4,139,4,9
skew,7567,133,4,140,4,9
skew,7568,91,3,102,3,11
skew,7569,101,4,104,3,13
skew,7570,106,4,117,4,11
skew,7571,107,4,119,4,13
skew,7572,111,4,122,4,11
skew,7573,112,4,124,4,13
skew,7574,117,4,128,4,11
skew,7575,118,4,130,4,13
skew,7576,116,4,127,4,11
skew,7577,117,4,129,4,13
skew,7578,122,4,133,4,11
skew,7579,123,4,135,4,13
skew,7580,127,4,138,4,11
skew,7581,128,4,140,4,13
skew,7582,133,4,144,4,11
skew,7583,134,4,146,4,13
skew,7584,96,3,103,3,9
skew,7585,106,4,113,4,9
skew,7586,111,4,118,4,9
skew,7587,112,4,119,4,9
skew,7588,116,4,123,4,9
skew,7589,117,4,124,4,9
skew,7590,122,4,129,4,9
skew,7591,123,4,130,4,9
skew,7592,121,4,128,4,9
skew,7593,122,4,129,4,9
skew,7594,127,4,134,4,9
skew,7595,128,4,135,4,9
skew,7596,132,4,139,4,9
skew,7597,133,4,140,4,9
skew,7598,138,4,145,4,9
skew,7599,139,4,146,4,9
skew,7600,97,3,108,3,11
skew,7601,107,4,110,3,13
skew,7602,112,4,123,4,11
skew,7603,113,4,125,4,13
skew,7604,117,4,128,4,11
skew,7605,118,4,130,4,13
skew,7606,123,4,134,4,11
skew,7607,124,4,136,4,13
skew,7608,122,4,133,4,11
skew,7609,123,4,135,4,13
skew,7610,128,4,139,4,11
skew,7611,129,4,141,4,13
skew,7612,133,4,144,4,11
skew,7613,134,4,146,4,13
skew,7614,139,4,150,4,11
skew,7615,140,4,152,4,13
skew,7616,101,3,108,3,9
skew,7617,111,4,118,4,9
skew,7618,116,4,123,4,9
skew,7619,117,4,124,4,9
skew,7620,121,4,128,4,9
skew,7621,122,4,129,4,9
skew,7622,127,4,134,4,9
skew,7623,128,4,135,4,9
skew,7624,126,4,133,4,9
skew,7625,127,4,134,4,9
skew,7626,132,4,139,4,9
skew,7627,133,4,140,4,9
skew,7628,137,4,144,4,9
skew,7629,138,4,145,4,9
skew,7630,143,4,150,4,9
skew,7631,144,4,151,4,9
skew,7632,102,3,113,3,11
skew,7633,112,4,115,3,13
skew,7634,117,4,128,4,11
skew,7635,118,4,130,4,13
skew,7636,122,4,133,4,11
skew,7637,123,4,135,4,13
skew,7638,128,4,139,4,11
skew,7639,129,4,141,4,13
skew,7640,127,4,138,4,11
skew,7641,128,4,140,4,13
skew,7642,133,4,144,4,11
skew,7643,134,4,146,4,13
skew,7644,138,4,149,4,11
skew,7645,139,4,151,4,13
skew,7646,144,4,155,4,11
skew,7647,145,4,157,4,13
skew,7648,107,3,114,3,9
skew,7649,117,4,124,4,9
skew,7650,122,4,129,4,9
skew,7651,123,4,130,4,9
skew,7652,127,4,134,4,9
skew,7653,128,4,135,4,9
skew,7654,133,4,140,4,9
skew,7655,134,4,141,4,9
skew,7656,132,4,139,4,9
skew,7657,133,4,140,4,9
skew,7658,138,4,145,4,9
skew,7659,139,4,146,4,9
skew,7660,143,4,150,4,9
skew,7661,144,4,151,4,9
skew,7662,149,4,156,4,9
skew,7663,150,4,157,4,9
skew,7664,108,3,119,3,11
skew,7665,118,4,121,3,13
skew,7666,123,4,134,4,11
skew,7667,124,4,136,4,13
skew,7668,128,4,139,4,11
skew,7669,129,4,141,4,13
skew,7670,134,4,145,4,11
skew,7671,135,4,147,4,13
skew,7672,133,4,144,4,11
skew,7673,134,4,146,4,13
skew,7674,139,4,150,4,11
skew,7675,140,4,152,4,13
skew,7676,144,4,155,4,11
skew,7677,145,4,157,4,13
skew,7678,150,4,161,4,11
skew,7679,151,4,163,4,13
skew,7680,67,2,67,2,7
skew,7681,77,3,77,3,7
skew,7682,82,3,82,3,7
skew,7683,83,3,83,3,7
skew,7684,87,3,87,3,7
skew,7685,88,3,88,3,7
skew,7686,93,3,93,3,7
skew,7687,94,3,94,3,7
skew,7688,92,3,92,3,7
skew,7689,93,3,93,3,7
skew,7690,98,3,98,3,7
skew,7691,99,3,99,3,7
skew,7692,103,3,103,3,7
skew,7693,104,3,104,3,7
skew,7694,109,3,109,3,7
skew,7695,110,3,110,3,7
skew,7696,80,3,80,3,7
skew,7697,90,4,90,4,7
skew,7698,95,4,95,4,7
skew,7699,96,4,96,4,7
skew,7700,100,4,100,4,7
skew,7701,101,4,101,4,7
skew,7702,106,4,106,4,7
skew,7703,107,4,107,4,7
skew,7704,105,4,105,4,7
skew,7705,106,4,106,4,7
skew,7706,111,4,111,4,7
skew,7707,112,4,112,4,7
skew,7708,116,4,116,4,7
skew,7709,117,4,117,4,7
skew,7710,122,4,122,4,7
skew,7711,123,4,123,4,7
skew,7712,85,3,85,3,7
skew,7713,95,4,95,4,7
skew,7714,100,4,100,4,7
skew,7715,101,4,101,4,7
skew,7716,105,4,105,4,7
skew,7717,106,4,106,4,7
skew,7718,111,4,111,4,7
skew,7719,112,4,112,4,7
skew,7720,110,4,110,4,7
skew,7721,111,4,111,4,7
skew,7722,116,4,116,4,7
skew,7723,117,4,117,4,7
skew,7724,121,4,121,4,7
skew,7725,122,4,122,4,7
skew,7726,127,4,127,4,7
skew,7727,128,4,128,4,7
skew,7728,86,3,86,3,7
skew,7729,96,4,96,4,7
skew,7730,101,4,101,4,7
skew,7731,102,4,102,4,7
skew,7732,106,4,106,4,7
skew,7733,107,4,107,4,7
skew,7734,112,4,112,4,7
skew,7735,113,4,113,4,7
skew,7736,111,4,111,4,7
skew,7737,112,4,112,4,7
skew,7738,117,4,117,4,7
skew,7739,118,4,118,4,7
skew,7740,122,4,122,4,7
skew,7741,123,4,123,4,7
skew,7742,128,4,128,4,7
skew,7743,129,4,129,4,7
skew,7744,90,3,90,3,7
skew,7745,100,4,100,4,7
skew,7746,105,4,105,4,7
skew,7747,106,4,106,4,7
skew,7748,110,4,110,4,7
skew,7749,111,4,111,4,7
skew,7750,116,4,116,4,7
skew,7751,117,4,117,4,7
skew,7752,115,4,115,4,7
skew,7753,116,4,116,4,7
skew,7754,121,4,121,4,7
skew,7755,122,4,122,4,7
skew,7756,126,4,126,4,7
skew,7757,127,4,127,4,7
skew,7758,132,4,132,4,7
skew,7759,133,4,133,4,7
skew,7760,91,3,91,3,7
skew,7761,101,4,101,4,7
skew,7762,106,4,106,4,7
skew,7763,107,4,107,4,7
skew,7764,111,4,111,4,7
skew,7765,112,4,112,4,7
skew,7766,117,4,117,4,7
skew,7767,118,4,118,4,7
skew,7768,116,4,116,4,7
skew,7769,117,4,117,4,7
skew,7770,122,4,122,4,7
skew,7771,123,4,123,4,7
skew,7772,127,4,127,4,7
skew,7773,128,4,128,4,7
skew,7774,133,4,133,4,7
skew,7775,134,4,134,4,7
skew,7776,96,3,96,3,7
skew,7777,106,4,106,4,7
skew,7778,111,4,111,4,7
skew,7779,112,4,112,4,7
skew,7780,116,4,116,4,7
skew,7781,117,4,117,4,7
skew,7782,122,4,122,4,7
skew,7783,123,4,123,4,7
skew,7784,121,4,121,4,7
skew,7785,122,4,122,4,7
skew,7786,127,4,127,4,7
skew,7787,128,4,128,4,7
skew,7788,132,4,132,4,7
skew,7789,133,4,133,4,7
skew,7790,138,4,138,4,7
skew,7791,139,4,139,4,7
skew,7792,97,3,97,3,7
skew,7793,107,4,107,4,7
skew,7794,112,4,112,4,7
skew,7795,113,4,113,4,7
skew,7796,117,4,117,4,7
skew,7797,118,4,118,4,7
skew,7798,123,4,123,4,7
skew,7799,124,4,124,4,7
skew,7800,122,4,122,4,7
skew,7801,123,4,123,4,7
skew,7802,128,4,128,4,7
skew,7803,129,4,129,4,7
skew,7804,133,4,133,4,7
skew,7805,134,4,134,4,7
skew,7806,139,4,139,4,7
skew,7807,140,4,140,4,7
skew,7808,95,3,95,3,7
skew,7809,105,4,105,4,7
skew,7810,110,4,110,4,7
skew,7811,111,4,111,4,7
skew,7812,115,4,115,4,7
skew,7813,116,4,116,4,7
skew,7814,121,4,121,4,7
skew,7815,122,4,122,4,7
skew,7816,120,4,120,4,7
skew,7817,121,4,121,4,7
skew,7818,126,4,126,4,7
skew,7819,127,4,127,4,7
skew,7820,131,4,131,4,7
skew,7821,132,4,132,4,7
skew,7822,137,4,137,4,7
skew,7823,138,4,138,4,7
skew,7824,96,3,96,3,7
skew,7825,106,4,106,4,7
skew,7826,111,4,111,4,7
skew,7827,112,4,112,4,7
skew,7828,116,4,116,4,7
skew,7829,117,4,117,4,7
skew,7830,122,4,122,4,7
skew,7831,123,4,123,4,7
skew,7832,121,4,121,4,7
skew,7833,122,4,122,4,7
skew,7834,127,4,127,4,7
skew,7835,128,4,128,4,7
skew,7836,132,4,132,4,7
skew,7837,133,4,133,4,7
skew,7838,138,4,138,4,7
skew,7839,139,4,139,4,7
skew,7840,101,3,101,3,7
skew,7841,111,4,111,4,7
skew,7842,116,4,116,4,7
skew,7843,117,4,117,4,7
skew,7844,121,4,121,4,7
skew,7845,122,4,122,4,7
skew,7846,127,4,127,4,7
skew,7847,128,4,128,4,7
skew,7848,126,4,126,4,7
skew,7849,127,4,127,4,7
skew,7850,132,4,132,4,7
skew,7851,133,4,133,4,7
skew,7852,137,4,137,4,7
skew,7853,138,4,138,4,7
skew,7854,143,4,143,4,7
skew,7855,144,4,144,4,7
skew,7856,102,3,102,3,7
skew,7857,112,4,112,4,7
skew,7858,117,4,117,4,7
skew,7859,118,4,118,4,7
skew,7860,122,4,122,4,7
skew,7861,123,4,123,4,7
skew,7862,128,4,128,4,7
skew,7863,129,4,129,4,7
skew,7864,127,4,127,4,7
skew,7865,128,4,128,4,7
skew,7866,133,4,133,4,7
skew,7867,134,4,134,4,7
skew,7868,138,4,138,4,7
skew,7869,139,4,139,4,7
skew,7870,144,4,144,4,7
skew,7871,145,4,145,4,7
skew,7872,106,3,106,3,7
skew,7873,116,4,116,4,7
skew,7874,121,4,121,4,7
skew,7875,122,4,122,4,7
skew,7876,126,4,126,4,7
skew,7877,127,4,127,4,7
skew,7878,132,4,132,4,7
skew,7879,133,4,133,4,7
skew,7880,131,4,131,4,7
skew,7881,132,4,132,4,7
skew,7882,137,4,137,4,7
skew,7883,138,4,138,4,7
skew,7884,142,4,142,4,7
skew,7885,143,4,143,4,7
skew,7886,148,4,148,4,7
skew,7887,149,4,149,4,7
skew,7888,107,3,107,3,7
skew,7889,117,4,117,4,7
skew,7890,122,4,122,4,7
skew,7891,123,4,123,4,7
skew,7892,127,4,127,4,7
skew,7893,128,4,128,4,7
skew,7894,133,4,133,4,7
skew,7895,134,4,134,4,7
skew,7896,132,4,132,4,7
skew,7897,133,4,133,4,7
skew,7898,138,4,138,4,7
skew,7899,139,4,139,4,7
skew,7900,143,4,143,4,7
skew,7901,144,4,144,4,7
skew,7902,149,4,149,4,7
skew,7903,150,4,150,4,7
skew,7904,112,3,112,3,7
skew,7905,122,4,122,4,7
skew,7906,127,4,127,4,7
skew,7907,128,4,128,4,7
skew,7908,132,4,132,4,7
skew,7909,133,4,133,4,7
skew,7910,138,4,138,4,7
skew,7911,139,4,139,4,7
skew,7912,137,4,137,4,7
skew,7913,138,4,138,4,7
skew,7914,143,4,143,4,7
skew,7915,144,4,144,4,7
skew,7916,148,4,148,4,7
skew,7917,149,4,149,4,7
skew,7918,154,4,154,4,7
skew,7919,155,4,155,4,7
skew,7920,113,3,113,3,7
skew,7921,123,4,123,4,7
skew,7922,128,4,128,4,7
skew,7923,129,4,129,4,7
skew,7924,133,4,133,4,7
skew,7925,134,4,134,4,7
skew,7926,139,4,139,4,7
skew,7927,140,4,140,4,7
skew,7928,138,4,138,4,7
skew,7929,139,4,139,4,7
skew,7930,144,4,144,4,7
skew,7931,145,4,145,4,7
skew,7932,149,4,149,4,7
skew,7933,150,4,150,4,7
skew,7934,155,4,155,4,7
skew,7935,156,4,156,4,7
skew,7936,68,2,75,2,9
skew,7937,78,3,85,3,9
skew,7938,83,3,90,3,9
skew,7939,84,3,91,3,9
skew,7940,88,3,95,3,9
skew,7941,89,3,96,3,9
skew,7942,94,3,101,3,9
skew,7943,95,3,102,3,9
skew,7944,93,3,100,3,9
skew,7945,94,3,101,3,9
skew,7946,99,3,106,3,9
skew,7947,100,3,107,3,9
skew,7948,104,3,111,3,9
skew,7949,105,3,112,3,9
skew,7950,110,3,117,3,9
skew,7951,111,3,118,3,9
skew,7952,80,2,80,2,11
skew,7953,82,2,82,2,13
skew,7954,95,3,95,3,11
skew,7955,96,3,97,3,13
skew,7956,100,3,100,3,11
skew,7957,101,3,102,3,13
skew,7958,106,3,106,3,11
skew,7959,107,3,108,3,13
skew,7960,105,3,105,3,11
skew,7961,106,3,107,3,13
skew,7962,111,3,111,3,11
skew,7963,112,3,113,3,13
skew,7964,116,3,116,3,11
skew,7965,117,3,118,3,13
skew,7966,122,3,122,3,11
skew,7967,123,3,124,3,13
skew,7968,86,3,93,3,9
skew,7969,96,4,103,4,9
skew,7970,101,4,108,4,9
skew,7971,102,4,109,4,9
skew,7972,106,4,113,4,9
skew,7973,107,4,114,4,9
skew,7974,112,4,119,4,9
skew,7975,113,4,120,4,9
skew,7976,111,4,118,4,9
skew,7977,112,4,119,4,9
skew,7978,117,4,124,4,9
skew,7979,118,4,125,4,9
skew,7980,122,4,129,4,9
skew,7981,123,4,130,4,9
skew,7982,128,4,135,4,9
skew,7983,129,4,136,4,9
skew,7984,87,3,98,3,11
skew,7985,97,4,100,3,13
skew,7986,102,4,113,4,11
skew,7987,103,4,115,4,13
skew,7988,107,4,118,4,11
skew,7989,108,4,120,4,13
skew,7990,113,4,124,4,11
skew,7991,114,4,126,4,13
skew,7992,112,4,123,4,11
skew,7993,113,4,125,4,13
skew,7994,118,4,129,4,11
skew,7995,119,4,131,4,13
skew,7996,123,4,134,4,11
skew,7997,124,4,136,4,13
skew,7998,129,4,140,4,11
skew,7999,130,4,142,4,13
skew,8000,91,3,98,3,9
skew,8001,101,4,108,4,9
skew,8002,106,4,113,4,9
skew,8003,107,4,114,4,9
skew,8004,111,4,118,4,9
skew,8005,112,4,119,4,9
skew,8006,117,4,124,4,9
skew,8007,118,4,125,4,9
skew,8008,116,4,123,4,9
skew,8009,117,4,124,4,9
skew,8010,122,4,129,4,9
skew,8011,123,4,130,4,9
skew,8012,127,4,134,4,9
skew,8013,128,4,135,4,9
skew,8014,133,4,140,4,9
skew,8015,134,4,141,4,9
skew,8016,92,3,103,3,11
skew,8017,102,4,105,3,13
skew,8018,107,4,118,4,11
skew,8019,108,4,120,4,13
skew,8020,112,4,123,4,11
skew,8021,113,4,125,4,13
skew,8022,118,4,129,4,11
skew,8023,119,4,131,4,13
skew,8024,117,4,128,4,11
skew,8025,118,4,130,4,13
skew,8026,123,4,134,4,11
skew,8027,124,4,136,4,13
skew,8028,128,4,139,4,11
skew,8029,129,4,141,4,13
skew,8030,134,4,145,4,11
skew,8031,135,4,147,4,13
skew,8032,97,3,104,3,9
skew,8033,107,4,114,4,9
skew,8034,112,4,119,4,9
skew,8035,113,4,120,4,9
skew,8036,117,4,124,4,9
skew,8037,118,4,125,4,9
skew,8038,123,4,130,4,9
skew,8039,124,4,131,4,9
skew,8040,122,4,129,4,9
skew,8041,123,4,130,4,9
skew,8042,128,4,135,4,9
skew,8043,129,4,136,4,9
skew,8044,133,4,140,4,9
skew,8045,134,4,141,4,9
skew,8046,139,4,146,4,9
skew,8047,140,4,147,4,9
skew,8048,98,3,109,3,11
skew,8049,108,4,111,3,13
skew,8050,113,4,124,4,11
skew,8051,114,4,126,4,13
skew,8052,118,4,129,4,11
skew,8053,119,4,131,4,13
skew,8054,124,4,135,4,11
skew,8055,125,4,137,4,13
skew,8056,123,4,134,4,11
skew,8057,124,4,136,4,13
skew,8058,129,4,140,4,11
skew,8059,130,4,142,4,13
skew,8060,134,4,145,4,11
skew,8061,135,4,147,4,13
skew,8062,140,4,151,4,11
skew,8063,141,4,153,4,13
skew,8064,96,3,103,3,9
skew,8065,106,4,113,4,9
skew,8066,111,4,118,4,9
skew,8067,112,4,119,4,9
skew,8068,116,4,123,4,9
skew,8069,117,4,124,4,9
skew,8070,122,4,129,4,9
skew,8071,123,4,130,4,9
skew,8072,121,4,128,4,9
skew,8073,122,4,129,4,9
skew,8074,127,4,134,4,9
skew,8075,128,4,135,4,9
skew,8076,132,4,139,4,9
skew,8077,133,4,140,4,9
skew,8078,138,4,145,4,9
skew,8079,139,4,146,4,9
skew,8080,97,3,108,3,11
skew,8081,107,4,110,3,13
skew,8082,112,4,123,4,11
skew,8083,113,4,125,4,13
skew,8084,117,4,128,4,11
skew,8085,118,4,130,4,13
skew,8086,123,4,134,4,11
skew,8087,124,4,136,4,13
skew,8088,122,4,133,4,11
skew,8089,123,4,135,4,13
skew,8090,128,4,139,4,11
skew,8091,129,4,141,4,13
skew,8092,133,4,144,4,11
skew,8093,134,4,146,4,13
skew,8094,139,4,150,4,11
skew,8095,140,4,152,4,13
skew,8096,102,3,109,3,9
skew,8097,112,4,119,4,9
skew,8098,117,4,124,4,9
skew,8099,118,4,125,4,9
skew,8100,122,4,129,4,9
skew,8101,123,4,130,4,9
skew,8102,128,4,135,4,9
skew,8103,129,4,136,4,9
skew,8104,127,4,134,4,9
skew,8105,128,4,135,4,9
skew,8106,133,4,140,4,9
skew,8107,134,4,141,4,9
skew,8108,138,4,145,4,9
skew,8109,139,4,146,4,9
skew,8110,144,4,151,4,9
skew,8111,145,4,152,4,9
skew,8112,103,3,114,3,11
skew,8113,113,4,116,3,13
skew,8114,118,4,129,4,11
skew,8115,119,4,131,4,13
skew,8116,123,4,134,4,11
skew,8117,124,4,136,4,13
skew,8118,129,4,140,4,11
skew,8119,130,4,142,4,13
skew,8120,128,4,139,4,11
skew,8121,129,4,141,4,13
skew,8122,134,4,145,4,11
skew,8123,135,4,147,4,13
skew,8124,139,4,150,4,11
skew,8125,140,4,152,4,13
skew,8126,145,4,156,4,11
skew,8127,146,4,158,4,13
skew,8128,107,3,114,3,9
skew,8129,117,4,124,4,9
skew,8130,122,4,129,4,9
skew,8131,123,4,130,4,9
skew,8132,127,4,134,4,9
skew,8133,128,4,135,4,9
skew,8134,133,4,140,4,9
skew,8135,134,4,141,4,9
skew,8136,132,4,139,4,9
skew,8137,133,4,140,4,9
skew,8138,138,4,145,4,9
skew,8139,139,4,146,4,9
skew,8140,143,4,150,4,9
skew,8141,144,4,151,4,9
skew,8142,149,4,156,4,9
skew,8143,150,4,157,4,9
skew,8144,108,3,119,3,11
skew,8145,118,4,121,3,13
skew,8146,123,4,134,4,11
skew,8147,124,4,136,4,13
skew,8148,128,4,139,4,11
skew,8149,129,4,141,4,13
skew,8150,134,4,145,4,11
skew,8151,135,4,147,4,13
skew,8152,133,4,144,4,11
skew,8153,134,4,146,4,13
skew,8154,139,4,150,4,11
skew,8155,140,4,152,4,13
skew,8156,144,4,155,4,11
skew,8157,145,4,157,4,13
skew,8158,150,4,161,4,11
skew,8159,151,4,163,4,13
skew,8160,113,3,120,3,9
skew,8161,123,4,130,4,9
skew,8162,128,4,135,4,9
skew,8163,129,4,136,4,9
skew,8164,133,4,140,4,9
skew,8165,134,4,141,4,9
skew,8166,139,4,146,4,9
skew,8167,140,4,147,4,9
skew,8168,138,4,145,4,9
skew,8169,139,4,146,4,9
skew,8170,144,4,151,4,9
skew,8171,145,4,152,4,9
skew,8172,149,4,156,4,9
skew,8173,150,4,157,4,9
skew,8174,155,4,162,4,9
skew,8175,156,4,163,4,9
skew,8176,114,3,125,3,11
skew,8177,124,4,127,3,13
skew,8178,129,4,140,4,11
skew,8179,130,4,142,4,13
skew,8180,134,4,145,4,11
skew,8181,135,4,147,4,13
skew,8182,140,4,151,4,11
skew,8183,141,4,153,4,13
skew,8184,139,4,150,4,11
skew,8185,140,4,152,4,13
skew,8186,145,4,156,4,11
skew,8187,146,4,158,4,13
skew,8188,150,4,161,4,11
skew,8189,151,4,163,4,13
skew,8190,156,4,167,4,11
skew,8191,157,4,169,4,13
large_integer,0,0,0,0,0,7
large_integer,1,1226708480901685182464,1,1226708480901685182464,1,7
large_integer,2,1226708480901685182466,1,1226708480901685182466,1,7
large_integer,3,1235931852938539958274,1,1235931852938539958274,1,7
large_integer,4,1226708480901685182468,1,1226708480901685182468,1,7
large_integer,5,1235931852938539958276,1,1235931852938539958276,1,7
large_integer,6,1235931852938539958278,1,1235931852938539958278,1,7
large_integer,7,1245155224975394734086,1,1245155224975394734086,1,7
large_integer,8,1226708480901685182470,1,1226708480901685182470,1,7
large_integer,9,1235931852938539958278,1,1235931852938539958278,1,7
large_integer,10,1235931852938539958280,1,1235931852938539958280,1,7
large_integer,11,1245155224975394734088,1,1245155224975394734088,1,7
large_integer,12,1235931852938539958282,1,1235931852938539958282,1,7
large_integer,13,1245155224975394734090,1,1245155224975394734090,1,7
large_integer,14,1245155224975394734092,1,1245155224975394734092,1,7
large_integer,15,1254378597012249509900,1,1254378597012249509900,1,7
large_integer,16,1226708480901685182465,1,1226708480901685182465,1,7
large_integer,17,2453416961803370364929,2,2453416961803370364929,2,7
large_integer,18,2453416961803370364931,2,2453416961803370364931,2,7
large_integer,19,2462640333840225140739,2,2462640333840225140739,2,7
large_integer,20,2453416961803370364933,2,2453416961803370364933,2,7
large_integer,21,2462640333840225140741,2,2462640333840225140741,2,7
large_integer,22,2462640333840225140743,2,2462640333840225140743,2,7
large_integer,23,2471863705877079916551,2,2471863705877079916551,2,7
large_integer,24,2453416961803370364935,2,2453416961803370364935,2,7
large_integer,25,2462640333840225140743,2,2462640333840225140743,2,7
large_integer,26,2462640333840225140745,2,2462640333840225140745,2,7
large_integer,27,2471863705877079916553,2,2471863705877079916553,2,7
large_integer,28,2462640333840225140747,2,2462640333840225140747,2,7
large_integer,29,2471863705877079916555,2,2471863705877079916555,2,7
large_integer,30,2471863705877079916557,2,2471863705877079916557,2,7
large_integer,31,2481087077913934692365,2,2481087077913934692365,2,7
large_integer,32,1226708480901685182467,1,1226708480901685182467,1,7
large_integer,33,2453416961803370364931,2,2453416961803370364931,2,7
large_integer,34,2453416961803370364933,2,2453416961803370364933,2,7
large_integer,35,2462640333840225140741,2,2462640333840225140741,2,7
large_integer,36,2453416961803370364935,2,2453416961803370364935,2,7
large_integer,37,2462640333840225140743,2,2462640333840225140743,2,7
large_integer,38,2462640333840225140745,2,2462640333840225140745,2,7
large_integer,39,2471863705877079916553,2,2471863705877079916553,2,7
large_integer,40,2453416961803370364937,2,2453416961803370364937,2,7
large_integer,41,2462640333840225140745,2,2462640333840225140745,2,7
large_integer,42,2462640333840225140747,2,2462640333840225140747,2,7
large_integer,43,2471863705877079916555,2,2471863705877079916555,2,7
large_integer,44,2462640333840225140749,2,2462640333840225140749,2,7
large_integer,45,2471863705877079916557,2,2471863705877079916557,2,7
large_integer,46,2471863705877079916559,2,2471863705877079916559,2,7
large_integer,47,2481087077913934692367,2,2481087077913934692367,2,7
large_integer,48,1235931852938539958275,1,1235931852938539958275,1,7
large_integer,49,2462640333840225140739,2,2462640333840225140739,2,7
large_integer,50,2462640333840225140741,2,2462640333840225140741,2,7
large_integer,51,2471863705877079916549,2,2471863705877079916549,2,7
large_integer,52,2462640333840225140743,2,2462640333840225140743,2,7
large_integer,53,2471863705877079916551,2,2471863705877079916551,2,7
large_integer,54,2471863705877079916553,2,2471863705877079916553,2,7
large_integer,55,2481087077913934692361,2,2481087077913934692361,2,7
large_integer,56,2462640333840225140745,2,2462640333840225140745,2,7
large_integer,57,2471863705877079916553,2,2471863705877079916553,2,7
large_integer,58,2471863705877079916555,2,2471863705877079916555,2,7
large_integer,59,2481087077913934692363,2,2481087077913934692363,2,7
large_integer,60,2471863705877079916557,2,2471863705877079916557,2,7
large_integer,61,2481087077913934692365,2,2481087077913934692365,2,7
large_integer,62,2481087077913934692367,2,2481087077913934692367,2,7
large_integer,63,2490310449950789468175,2,2490310449950789468175,2,7
large_integer,64,1226708480901685182469,1,1226708480901685182469,1,7
large_integer,65,2453416961803370364933,2,2453416961803370364933,2,7
large_integer,66,2453416961803370364935,2,2453416961803370364935,2,7
large_integer,67,2462640333840225140743,2,2462640333840225140743,2,7
large_integer,68,2453416961803370364937,2,2453416961803370364937,2,7
large_integer,69,2462640333840225140745,2,2462640333840225140745,2,7
large_integer,70,2462640333840225140747,2,2462640333840225140747,2,7
large_integer,71,2471863705877079916555,2,2471863705877079916555,2,7
large_integer,72,2453416961803370364939,2,2453416961803370364939,2,7
large_integer,73,2462640333840225140747,2,2462640333840225140747,2,7
large_integer,74,2462640333840225140749,2,2462640333840225140749,2,7
large_integer,75,2471863705877079916557,2,2471863705877079916557,2,7
large_integer,76,2462640333840225140751,2,2462640333840225140751,2,7
large_integer,77,2471863705877079916559,2,2471863705877079916559,2,7
large_integer,78,2471863705877079916561,2,2471863705877079916561,2,7
large_integer,79,2481087077913934692369,2,2481087077913934692369,2,7
large_integer,80,1235931852938539958277,1,1235931852938539958277,1,7
large_integer,81,2462640333840225140741,2,2462640333840225140741,2,7
large_integer,82,2462640333840225140743,2,2462640333840225140743,2,7
large_integer,83,2471863705877079916551,2,2471863705877079916551,2,7
large_integer,84,2462640333840225140745,2,2462640333840225140745,2,7
large_integer,85,2471863705877079916553,2,2471863705877079916553,2,7
large_integer,86,2471863705877079916555,2,2471863705877079916555,2,7
large_integer,87,2481087077913934692363,2,2481087077913934692363,2,7
large_integer,88,2462640333840225140747,2,2462640333840225140747,2,7
large_integer,89,2471863705877079916555,2,2471863705877079916555,2,7
large_integer,90,2471863705877079916557,2,2471863705877079916557,2,7
large_integer,91,2481087077913934692365,2,2481087077913934692365,2,7
large_integer,92,2471863705877079916559,2,2471863705877079916559,2,7
large_integer,93,2481087077913934692367,2,2481087077913934692367,2,7
large_integer,94,2481087077913934692369,2,2481087077913934692369,2,7
large_integer,95,2490310449950789468177,2,2490310449950789468177,2,7
large_integer,96,1235931852938539958279,1,1235931852938539958279,1,7
large_integer,97,2462640333840225140743,2,2462640333840225140743,2,7
large_integer,98,2462640333840225140745,2,2462640333840225140745,2,7
large_integer,99,2471863705877079916553,2,2471863705877079916553,2,7
large_integer,100,2462640333840225140747,2,2462640333840225140747,2,7
large_integer,101,2471863705877079916555,2,2471863705877079916555,2,7
large_integer,102,2471863705877079916557,2,2471863705877079916557,2,7
large_integer,103,2481087077913934692365,2,2481087077913934692365,2,7
large_integer,104,2462640333840225140749,2,2462640333840225140749,2,7
large_integer,105,2471863705877079916557,2,2471863705877079916557,2,7
large_integer,106,2471863705877079916559,2,2471863705877079916559,2,7
large_integer,107,2481087077913934692367,2,2481087077913934692367,2,7
large_integer,108,2471863705877079916561,2,2471863705877079916561,2,7
large_integer,109,2481087077913934692369,2,2481087077913934692369,2,7
large_integer,110,2481087077913934692371,2,2481087077913934692371,2,7
large_integer,111,2490310449950789468179,2,2490310449950789468179,2,7
large_integer,112,1245155224975394734087,1,1245155224975394734087,1,7
large_integer,113,2471863705877079916551,2,2471863705877079916551,2,7
large_integer,114,2471863705877079916553,2,2471863705877079916553,2,7
large_integer,115,2481087077913934692361,2,2481087077913934692361,2,7
large_integer,116,2471863705877079916555,2,2471863705877079916555,2,7
large_integer,117,2481087077913934692363,2,2481087077913934692363,2,7
large_integer,118,2481087077913934692365,2,2481087077913934692365,2,7
large_integer,119,2490310449950789468173,2,2490310449950789468173,2,7
large_integer,120,2471863705877079916557,2,2471863705877079916557,2,7
large_integer,121,2481087077913934692365,2,2481087077913934692365,2,7
large_integer,122,2481087077913934692367,2,2481087077913934692367,2,7
large_integer,123,2490310449950789468175,2,2490310449950789468175,2,7
large_integer,124,2481087077913934692369,2,2481087077913934692369,2,7
large_integer,125,2490310449950789468177,2,2490310449950789468177,2,7
large_integer,126,2490310449950789468179,2,2490310449950789468179,2,7
large_integer,127,2499533821987644243987,2,2499533821987644243987,2,7
large_integer,128,1226708480901685182471,1,1226708480901685182471,1,7
large_integer,129,2453416961803370364935,2,2453416961803370364935,2,7
large_integer,130,2453416961803370364937,2,2453416961803370364937,2,7
large_integer,131,2462640333840225140745,2,2462640333840225140745,2,7
large_integer,132,2453416961803370364939,2,2453416961803370364939,2,7
large_integer,133,2462640333840225140747,2,2462640333840225140747,2,7
large_integer,134,2462640333840225140749,2,2462640333840225140749,2,7
large_integer,135,2471863705877079916557,2,2471863705877079916557,2,7
large_integer,136,2453416961803370364941,2,2453416961803370364941,2,7
large_integer,137,2462640333840225140749,2,2462640333840225140749,2,7
large_integer,138,2462640333840225140751,2,2462640333840225140751,2,7
large_integer,139,2471863705877079916559,2,2471863705877079916559,2,7
large_integer,140,2462640333840225140753,2,2462640333840225140753,2,7
large_integer,141,2471863705877079916561,2,2471863705877079916561,2,7
large_integer,142,2471863705877079916563,2,2471863705877079916563,2,7
large_integer,143,2481087077913934692371,2,2481087077913934692371,2,7
large_integer,144,1235931852938539958279,1,1235931852938539958279,1,7
large_integer,145,2462640333840225140743,2,2462640333840225140743,2,7
large_integer,146,2462640333840225140745,2,2462640333840225140745,2,7
large_integer,147,2471863705877079916553,2,2471863705877079916553,2,7
large_integer,148,2462640333840225140747,2,2462640333840225140747,2,7
large_integer,149,2471863705877079916555,2,2471863705877079916555,2,7
large_integer,150,2471863705877079916557,2,2471863705877079916557,2,7
large_integer,151,2481087077913934692365,2,2481087077913934692365,2,7
large_integer,152,2462640333840225140749,2,2462640333840225140749,2,7
large_integer,153,2471863705877079916557,2,2471863705877079916557,2,7
large_integer,154,2471863705877079916559,2,2471863705877079916559,2,7
large_integer,155,2481087077913934692367,2,2481087077913934692367,2,7
large_integer,156,2471863705877079916561,2,2471863705877079916561,2,7
large_integer,157,2481087077913934692369,2,2481087077913934692369,2,7
large_integer,158,2481087077913934692371,2,2481087077913934692371,2,7
large_integer,159,2490310449950789468179,2,2490310449950789468179,2,7
large_integer,160,1235931852938539958281,1,1235931852938539958281,1,7
large_integer,161,2462640333840225140745,2,2462640333840225140745,2,7
large_integer,162,2462640333840225140747,2,2462640333840225140747,2,7
large_integer,163,2471863705877079916555,2,2471863705877079916555,2,7
large_integer,164,2462640333840225140749,2,2462640333840225140749,2,7
large_integer,165,2471863705877079916557,2,2471863705877079916557,2,7
large_integer,166,2471863705877079916559,2,2471863705877079916559,2,7
large_integer,167,2481087077913934692367,2,2481087077913934692367,2,7
large_integer,168,2462640333840225140751,2,2462640333840225140751,2,7
large_integer,169,2471863705877079916559,2,2471863705877079916559,2,7
large_integer,170,2471863705877079916561,2,2471863705877079916561,2,7
large_integer,171,2481087077913934692369,2,2481087077913934692369,2,7
large_integer,172,2471863705877079916563,2,2471863705877079916563,2,7
large_integer,173,2481087077913934692371,2,2481087077913934692371,2,7
large_integer,174,2481087077913934692373,2,2481087077913934692373,2,7
large_integer,175,2490310449950789468181,2,2490310449950789468181,2,7
large_integer,176,1245155224975394734089,1,1245155224975394734089,1,7
large_integer,177,2471863705877079916553,2,2471863705877079916553,2,7
large_integer,178,2471863705877079916555,2,2471863705877079916555,2,7
large_integer,179,2481087077913934692363,2,2481087077913934692363,2,7
large_integer,180,2471863705877079916557,2,2471863705877079916557,2,7
large_integer,181,2481087077913934692365,2,2481087077913934692365,2,7
large_integer,182,2481087077913934692367,2,2481087077913934692367,2,7
large_integer,183,2490310449950789468175,2,2490310449950789468175,2,7
large_integer,184,2471863705877079916559,2,2471863705877079916559,2,7
large_integer,185,2481087077913934692367,2,2481087077913934692367,2,7
large_integer,186,2481087077913934692369,2,2481087077913934692369,2,7
large_integer,187,2490310449950789468177,2,2490310449950789468177,2,7
large_integer,188,2481087077913934692371,2,2481087077913934692371,2,7
large_integer,189,2490310449950789468179,2,2490310449950789468179,2,7
large_integer,190,2490310449950789468181,2,2490310449950789468181,2,7
large_integer,191,2499533821987644243989,2,2499533821987644243989,2,7
large_integer,192,1235931852938539958283,1,1235931852938539958283,1,7
large_integer,193,2462640333840225140747,2,2462640333840225140747,2,7
large_integer,194,2462640333840225140749,2,2462640333840225140749,2,7
large_integer,195,2471863705877079916557,2,2471863705877079916557,2,7
large_integer,196,2462640333840225140751,2,2462640333840225140751,2,7
large_integer,197,2471863705877079916559,2,2471863705877079916559,2,7
large_integer,198,2471863705877079916561,2,2471863705877079916561,2,7
large_integer,199,2481087077913934692369,2,2481087077913934692369,2,7
large_integer,200,2462640333840225140753,2,2462640333840225140753,2,7
large_integer,201,2471863705877079916561,2,2471863705877079916561,2,7
large_integer,202,2471863705877079916563,2,2471863705877079916563,2,7
large_integer,203,2481087077913934692371,2,2481087077913934692371,2,7
large_integer,204,2471863705877079916565,2,2471863705877079916565,2,7
large_integer,205,2481087077913934692373,2,2481087077913934692373,2,7
large_integer,206,2481087077913934692375,2,2481087077913934692375,2,7
large_integer,207,2490310449950789468183,2,2490310449950789468183,2,7
large_integer,208,1245155224975394734091,1,1245155224975394734091,1,7
large_integer,209,2471863705877079916555,2,2471863705877079916555,2,7
large_integer,210,2471863705877079916557,2,2471863705877079916557,2,7
large_integer,211,2481087077913934692365,2,2481087077913934692365,2,7
large_integer,212,2471863705877079916559,2,2471863705877079916559,2,7
large_integer,213,2481087077913934692367,2,2481087077913934692367,2,7
large_integer,214,2481087077913934692369,2,2481087077913934692369,2,7
large_integer,215,2490310449950789468177,2,2490310449950789468177,2,7
large_integer,216,2471863705877079916561,2,2471863705877079916561,2,7
large_integer,217,2481087077913934692369,2,2481087077913934692369,2,7
large_integer,218,2481087077913934692371,2,2481087077913934692371,2,7
large_integer,219,2490310449950789468179,2,2490310449950789468179,2,7
large_integer,220,2481087077913934692373,2,2481087077913934692373,2,7
large_integer,221,2490310449950789468181,2,2490310449950789468181,2,7
large_integer,222,2490310449950789468183,2,2490310449950789468183,2,7
large_integer,223,2499533821987644243991,2,2499533821987644243991,2,7
large_integer,224,1245155224975394734093,1,1245155224975394734093,1,7
large_integer,225,2471863705877079916557,2,2471863705877079916557,2,7
large_integer,226,2471863705877079916559,2,2471863705877079916559,2,7
large_integer,227,2481087077913934692367,2,2481087077913934692367,2,7
large_integer,228,2471863705877079916561,2,2471863705877079916561,2,7
large_integer,229,2481087077913934692369,2,2481087077913934692369,2,7
large_integer,230,2481087077913934692371,2,2481087077913934692371,2,7
large_integer,231,2490310449950789468179,2,2490310449950789468179,2,7
large_integer,232,2471863705877079916563,2,2471863705877079916563,2,7
large_integer,233,2481087077913934692371,2,2481087077913934692371,2,7
large_integer,234,2481087077913934692373,2,2481087077913934692373,2,7
large_integer,235,2490310449950789468181,2,2490310449950789468181,2,7
large_integer,236,2481087077913934692375,2,2481087077913934692375,2,7
large_integer,237,2490310449950789468183,2,2490310449950789468183,2,7
large_integer,238,2490310449950789468185,2,2490310449950789468185,2,7
large_integer,239,2499533821987644243993,2,2499533821987644243993,2,7
large_integer,240,1254378597012249509901,1,1254378597012249509901,1,7
large_integer,241,2481087077913934692365,2,2481087077913934692365,2,7
large_integer,242,2481087077913934692367,2,2481087077913934692367,2,7
large_integer,243,2490310449950789468175,2,2490310449950789468175,2,7
large_integer,244,2481087077913934692369,2,2481087077913934692369,2,7
large_integer,245,2490310449950789468177,2,2490310449950789468177,2,7
large_integer,246,2490310449950789468179,2,2490310449950789468179,2,7
large_integer,247,2499533821987644243987,2,2499533821987644243987,2,7
large_integer,248,2481087077913934692371,2,2481087077913934692371,2,7
large_integer,249,2490310449950789468179,2,2490310449950789468179,2,7
large_integer,250,2490310449950789468181,2,2490310449950789468181,2,7
large_integer,251,2499533821987644243989,2,2499533821987644243989,2,7
large_integer,252,2490310449950789468183,2,2490310449950789468183,2,7
large_integer,253,2499533821987644243991,2,2499533821987644243991,2,7
large_integer,254,2499533821987644243993,2,2499533821987644243993,2,7
large_integer,255,2508757194024499019801,2,2508757194024499019801,2,7
large_integer,256,1226708480901685182466,1,1226708480901685182466,1,7
large_integer,257,2453416961803370364930,2,2453416961803370364930,2,7
large_integer,258,2453416961803370364932,2,2453416961803370364932,2,7
large_integer,259,2462640333840225140740,2,2462640333840225140740,2,7
large_integer,260,2453416961803370364934,2,2453416961803370364934,2,7
large_integer,261,2462640333840225140742,2,2462640333840225140742,2,7
large_integer,262,2462640333840225140744,2,2462640333840225140744,2,7
large_integer,263,2471863705877079916552,2,2471863705877079916552,2,7
large_integer,264,2453416961803370364936,2,2453416961803370364936,2,7
large_integer,265,2462640333840225140744,2,2462640333840225140744,2,7
large_integer,266,2462640333840225140746,2,2462640333840225140746,2,7
large_integer,267,2471863705877079916554,2,2471863705877079916554,2,7
large_integer,268,2462640333840225140748,2,2462640333840225140748,2,7
large_integer,269,2471863705877079916556,2,2471863705877079916556,2,7
large_integer,270,2471863705877079916558,2,2471863705877079916558,2,7
large_integer,271,2481087077913934692366,2,2481087077913934692366,2,7
large_integer,272,2453416961803370364931,2,2453416961803370364931,2,7
large_integer,273,3680125442705055547395,3,3680125442705055547395,3,7
large_integer,274,3680125442705055547397,3,3680125442705055547397,3,7
large_integer,275,3689348814741910323205,3,3689348814741910323205,3,7
large_integer,276,3680125442705055547399,3,3680125442705055547399,3,7
large_integer,277,3689348814741910323207,3,3689348814741910323207,3,7
large_integer,278,3689348814741910323209,3,3689348814741910323209,3,7
large_integer,279,3698572186778765099017,3,3698572186778765099017,3,7
large_integer,280,3680125442705055547401,3,3680125442705055547401,3,7
large_integer,281,3689348814741910323209,3,3689348814741910323209,3,7
large_integer,282,3689348814741910323211,3,3689348814741910323211,3,7
large_integer,283,3698572186778765099019,3,3698572186778765099019,3,7
large_integer,284,3689348814741910323213,3,3689348814741910323213,3,7
large_integer,285,3698572186778765099021,3,3698572186778765099021,3,7
large_integer,286,3698572186778765099023,3,3698572186778765099023,3,7
large_integer,287,3707795558815619874831,3,3707795558815619874831,3,7
large_integer,288,2453416961803370364933,2,2453416961803370364933,2,7
large_integer,289,3680125442705055547397,3,3680125442705055547397,3,7
large_integer,290,3680125442705055547399,3,3680125442705055547399,3,7
large_integer,291,3689348814741910323207,3,3689348814741910323207,3,7
large_integer,292,3680125442705055547401,3,3680125442705055547401,3,7
large_integer,293,3689348814741910323209,3,3689348814741910323209,3,7
large_integer,294,3689348814741910323211,3,3689348814741910323211,3,7
large_integer,295,3698572186778765099019,3,3698572186778765099019,3,7
large_integer,296,3680125442705055547403,3,3680125442705055547403,3,7
large_integer,297,3689348814741910323211,3,3689348814741910323211,3,7
large_integer,298,3689348814741910323213,3,3689348814741910323213,3,7
large_integer,299,3698572186778765099021,3,3698572186778765099021,3,7
large_integer,300,3689348814741910323215,3,3689348814741910323215,3,7
large_integer,301,3698572186778765099023,3,3698572186778765099023,3,7
large_integer,302,3698572186778765099025,3,3698572186778765099025,3,7
large_integer,303,3707795558815619874833,3,3707795558815619874833,3,7
large_integer,304,2462640333840225140741,2,2462640333840225140741,2,7
large_integer,305,3689348814741910323205,3,3689348814741910323205,3,7
large_integer,306,3689348814741910323207,3,3689348814741910323207,3,7
large_integer,307,3698572186778765099015,3,3698572186778765099015,3,7
large_integer,308,3689348814741910323209,3,3689348814741910323209,3,7
large_integer,309,3698572186778765099017,3,3698572186778765099017,3,7
large_integer,310,3698572186778765099019,3,3698572186778765099019,3,7
large_integer,311,3707795558815619874827,3,3707795558815619874827,3,7
large_integer,312,3689348814741910323211,3,3689348814741910323211,3,7
large_integer,313,3698572186778765099019,3,3698572186778765099019,3,7
large_integer,314,3698572186778765099021,3,3698572186778765099021,3,7
large_integer,315,3707795558815619874829,3,3707795558815619874829,3,7
large_integer,316,3698572186778765099023,3,3698572186778765099023,3,7
large_integer,317,3707795558815619874831,3,3707795558815619874831,3,7
large_integer,318,3707795558815619874833,3,3707795558815619874833,3,7
large_integer,319,3717018930852474650641,3,3717018930852474650641,3,7
large_integer,320,2453416961803370364935,2,2453416961803370364935,2,7
large_integer,321,3680125442705055547399,3,3680125442705055547399,3,7
large_integer,322,3680125442705055547401,3,3680125442705055547401,3,7
large_integer,323,3689348814741910323209,3,3689348814741910323209,3,7
large_integer,324,3680125442705055547403,3,3680125442705055547403,3,7
large_integer,325,3689348814741910323211,3,3689348814741910323211,3,7
large_integer,326,3689348814741910323213,3,3689348814741910323213,3,7
large_integer,327,3698572186778765099021,3,3698572186778765099021,3,7
large_integer,328,3680125442705055547405,3,3680125442705055547405,3,7
large_integer,329,3689348814741910323213,3,3689348814741910323213,3,7
large_integer,330,3689348814741910323215,3,3689348814741910323215,3,7
large_integer,331,3698572186778765099023,3,3698572186778765099023,3,7
large_integer,332,3689348814741910323217,3,3689348814741910323217,3,7
large_integer,333,3698572186778765099025,3,3698572186778765099025,3,7
large_integer,334,3698572186778765099027,3,3698572186778765099027,3,7
large_integer,335,3707795558815619874835,3,3707795558815619874835,3,7
large_integer,336,2462640333840225140743,2,2462640333840225140743,2,7
large_integer,337,3689348814741910323207,3,3689348814741910323207,3,7
large_integer,338,3689348814741910323209,3,3689348814741910323209,3,7
large_integer,339,3698572186778765099017,3,3698572186778765099017,3,7
large_integer,340,3689348814741910323211,3,3689348814741910323211,3,7
large_integer,341,3698572186778765099019,3,3698572186778765099019,3,7
large_integer,342,3698572186778765099021,3,3698572186778765099021,3,7
large_integer,343,3707795558815619874829,3,3707795558815619874829,3,7
large_integer,344,3689348814741910323213,3,3689348814741910323213,3,7
large_integer,345,3698572186778765099021,3,3698572186778765099021,3,7
large_integer,346,3698572186778765099023,3,3698572186778765099023,3,7
large_integer,347,3707795558815619874831,3,3707795558815619874831,3,7
large_integer,348,3698572186778765099025,3,3698572186778765099025,3,7
large_integer,349,3707795558815619874833,3,3707795558815619874833,3,7
large_integer,350,3707795558815619874835,3,3707795558815619874835,3,7
large_integer,351,3717018930852474650643,3,3717018930852474650643,3,7
large_integer,352,2462640333840225140745,2,2462640333840225140745,2,7
large_integer,353,3689348814741910323209,3,3689348814741910323209,3,7
large_integer,354,3689348814741910323211,3,3689348814741910323211,3,7
large_integer,355,3698572186778765099019,3,3698572186778765099019,3,7
large_integer,356,3689348814741910323213,3,3689348814741910323213,3,7
large_integer,357,3698572186778765099021,3,3698572186778765099021,3,7
large_integer,358,3698572186778765099023,3,3698572186778765099023,3,7
large_integer,359,3707795558815619874831,3,3707795558815619874831,3,7
large_integer,360,3689348814741910323215,3,3689348814741910323215,3,7
large_integer,361,3698572186778765099023,3,3698572186778765099023,3,7
large_integer,362,3698572186778765099025,3,3698572186778765099025,3,7
large_integer,363,3707795558815619874833,3,3707795558815619874833,3,7
large_integer,364,3698572186778765099027,3,3698572186778765099027,3,7
large_integer,365,3707795558815619874835,3,3707795558815619874835,3,7
large_integer,366,3707795558815619874837,3,3707795558815619874837,3,7
large_integer,367,3717018930852474650645,3,3717018930852474650645,3,7
large_integer,368,2471863705877079916553,2,2471863705877079916553,2,7
large_integer,369,3698572186778765099017,3,3698572186778765099017,3,7
large_integer,370,3698572186778765099019,3,3698572186778765099019,3,7
large_integer,371,3707795558815619874827,3,3707795558815619874827,3,7
large_integer,372,3698572186778765099021,3,3698572186778765099021,3,7
large_integer,373,3707795558815619874829,3,3707795558815619874829,3,7
large_integer,374,3707795558815619874831,3,3707795558815619874831,3,7
large_integer,375,3717018930852474650639,3,3717018930852474650639,3,7
large_integer,376,3698572186778765099023,3,3698572186778765099023,3,7
large_integer,377,3707795558815619874831,3,3707795558815619874831,3,7
large_integer,378,3707795558815619874833,3,3707795558815619874833,3,7
large_integer,379,3717018930852474650641,3,3717018930852474650641,3,7
large_integer,380,3707795558815619874835,3,3707795558815619874835,3,7
large_integer,381,3717018930852474650643,3,3717018930852474650643,3,7
large_integer,382,3717018930852474650645,3,3717018930852474650645,3,7
large_integer,383,3726242302889329426453,3,3726242302889329426453,3,7
large_integer,384,2453416961803370364937,2,2453416961803370364937,2,7
large_integer,385,3680125442705055547401,3,3680125442705055547401,3,7
large_integer,386,3680125442705055547403,3,3680125442705055547403,3,7
large_integer,387,3689348814741910323211,3,3689348814741910323211,3,7
large_integer,388,3680125442705055547405,3,3680125442705055547405,3,7
large_integer,389,3689348814741910323213,3,3689348814741910323213,3,7
large_integer,390,3689348814741910323215,3,3689348814741910323215,3,7
large_integer,391,3698572186778765099023,3,3698572186778765099023,3,7
large_integer,392,3680125442705055547407,3,3680125442705055547407,3,7
large_integer,393,3689348814741910323215,3,3689348814741910323215,3,7
large_integer,394,3689348814741910323217,3,3689348814741910323217,3,7
large_integer,395,3698572186778765099025,3,3698572186778765099025,3,7
large_integer,396,3689348814741910323219,3,3689348814741910323219,3,7
large_integer,397,3698572186778765099027,3,3698572186778765099027,3,7
large_integer,398,3698572186778765099029,3,3698572186778765099029,3,7
large_integer,399,3707795558815619874837,3,3707795558815619874837,3,7
large_integer,400,2462640333840225140745,2,2462640333840225140745,2,7
large_integer,401,3689348814741910323209,3,3689348814741910323209,3,7
large_integer,402,3689348814741910323211,3,3689348814741910323211,3,7
large_integer,403,3698572186778765099019,3,3698572186778765099019,3,7
large_integer,404,3689348814741910323213,3,3689348814741910323213,3,7
large_integer,405,3698572186778765099021,3,3698572186778765099021,3,7
large_integer,406,3698572186778765099023,3,3698572186778765099023,3,7
large_integer,407,3707795558815619874831,3,3707795558815619874831,3,7
large_integer,408,3689348814741910323215,3,3689348814741910323215,3,7
large_integer,409,3698572186778765099023,3,3698572186778765099023,3,7
large_integer,410,3698572186778765099025,3,3698572186778765099025,3,7
large_integer,411,3707795558815619874833,3,3707795558815619874833,3,7
large_integer,412,3698572186778765099027,3,3698572186778765099027,3,7
large_integer,413,3707795558815619874835,3,3707795558815619874835,3,7
large_integer,414,3707795558815619874837,3,3707795558815619874837,3,7
large_integer,415,3717018930852474650645,3,3717018930852474650645,3,7
large_integer,416,2462640333840225140747,2,2462640333840225140747,2,7
large_integer,417,3689348814741910323211,3,3689348814741910323211,3,7
large_integer,418,3689348814741910323213,3,3689348814741910323213,3,7
large_integer,419,3698572186778765099021,3,3698572186778765099021,3,7
large_integer,420,3689348814741910323215,3,3689348814741910323215,3,7
large_integer,421,3698572186778765099023,3,3698572186778765099023,3,7
large_integer,422,3698572186778765099025,3,3698572186778765099025,3,7
large_integer,423,3707795558815619874833,3,3707795558815619874833,3,7
large_integer,424,3689348814741910323217,3,3689348814741910323217,3,7
large_integer,425,3698572186778765099025,3,3698572186778765099025,3,7
large_integer,426,3698572186778765099027,3,3698572186778765099027,3,7
large_integer,427,3707795558815619874835,3,3707795558815619874835,3,7
large_integer,428,3698572186778765099029,3,3698572186778765099029,3,7
large_integer,429,3707795558815619874837,3,3707795558815619874837,3,7
large_integer,430,3707795558815619874839,3,3707795558815619874839,3,7
large_integer,431,3717018930852474650647,3,3717018930852474650647,3,7
large_integer,432,2471863705877079916555,2,2471863705877079916555,2,7
large_integer,433,3698572186778765099019,3,3698572186778765099019,3,7
large_integer,434,3698572186778765099021,3,3698572186778765099021,3,7
large_integer,435,3707795558815619874829,3,3707795558815619874829,3,7
large_integer,436,3698572186778765099023,3,3698572186778765099023,3,7
large_integer,437,3707795558815619874831,3,3707795558815619874831,3,7
large_integer,438,3707795558815619874833,3,3707795558815619874833,3,7
large_integer,439,3717018930852474650641,3,3717018930852474650641,3,7
large_integer,440,3698572186778765099025,3,3698572186778765099025,3,7
large_integer,441,3707795558815619874833,3,3707795558815619874833,3,7
large_integer,442,3707795558815619874835,3,3707795558815619874835,3,7
large_integer,443,3717018930852474650643,3,3717018930852474650643,3,7
large_integer,444,3707795558815619874837,3,3707795558815619874837,3,7
large_integer,445,3717018930852474650645,3,3717018930852474650645,3,7
large_integer,446,3717018930852474650647,3,3717018930852474650647,3,7
large_integer,447,3726242302889329426455,3,3726242302889329426455,3,7
large_integer,448,2462640333840225140749,2,2462640333840225140749,2,7
large_integer,449,3689348814741910323213,3,3689348814741910323213,3,7
large_integer,450,3689348814741910323215,3,3689348814741910323215,3,7
large_integer,451,3698572186778765099023,3,3698572186778765099023,3,7
large_integer,452,3689348814741910323217,3,3689348814741910323217,3,7
large_integer,453,3698572186778765099025,3,3698572186778765099025,3,7
large_integer,454,3698572186778765099027,3,3698572186778765099027,3,7
large_integer,455,3707795558815619874835,3,3707795558815619874835,3,7
large_integer,456,3689348814741910323219,3,3689348814741910323219,3,7
large_integer,457,3698572186778765099027,3,3698572186778765099027,3,7
large_integer,458,3698572186778765099029,3,3698572186778765099029,3,7
large_integer,459,3707795558815619874837,3,3707795558815619874837,3,7
large_integer,460,3698572186778765099031,3,3698572186778765099031,3,7
large_integer,461,3707795558815619874839,3,3707795558815619874839,3,7
large_integer,462,3707795558815619874841,3,3707795558815619874841,3,7
large_integer,463,3717018930852474650649,3,3717018930852474650649,3,7
large_integer,464,2471863705877079916557,2,2471863705877079916557,2,7
large_integer,465,3698572186778765099021,3,3698572186778765099021,3,7
large_integer,466,3698572186778765099023,3,3698572186778765099023,3,7
large_integer,467,3707795558815619874831,3,3707795558815619874831,3,7
large_integer,468,3698572186778765099025,3,3698572186778765099025,3,7
large_integer,469,3707795558815619874833,3,3707795558815619874833,3,7
large_integer,470,3707795558815619874835,3,3707795558815619874835,3,7
large_integer,471,3717018930852474650643,3,3717018930852474650643,3,7
large_integer,472,3698572186778765099027,3,3698572186778765099027,3,7
large_integer,473,3707795558815619874835,3,3707795558815619874835,3,7
large_integer,474,3707795558815619874837,3,3707795558815619874837,3,7
large_integer,475,3717018930852474650645,3,3717018930852474650645,3,7
large_integer,476,3707795558815619874839,3,3707795558815619874839,3,7
large_integer,477,3717018930852474650647,3,3717018930852474650647,3,7
large_integer,478,3717018930852474650649,3,3717018930852474650649,3,7
large_integer,479,3726242302889329426457,3,3726242302889329426457,3,7
large_integer,480,2471863705877079916559,2,2471863705877079916559,2,7
large_integer,481,3698572186778765099023,3,3698572186778765099023,3,7
large_integer,482,3698572186778765099025,3,3698572186778765099025,3,7
large_integer,483,3707795558815619874833,3,3707795558815619874833,3,7
large_integer,484,3698572186778765099027,3,3698572186778765099027,3,7
large_integer,485,3707795558815619874835,3,3707795558815619874835,3,7
large_integer,486,3707795558815619874837,3,3707795558815619874837,3,7
large_integer,487,3717018930852474650645,3,3717018930852474650645,3,7
large_integer,488,3698572186778765099029,3,3698572186778765099029,3,7
large_integer,489,3707795558815619874837,3,3707795558815619874837,3,7
large_integer,490,3707795558815619874839,3,3707795558815619874839,3,7
large_integer,491,3717018930852474650647,3,3717018930852474650647,3,7
large_integer,492,3707795558815619874841,3,3707795558815619874841,3,7
large_integer,493,3717018930852474650649,3,3717018930852474650649,3,7
large_integer,494,3717018930852474650651,3,3717018930852474650651,3,7
large_integer,495,3726242302889329426459,3,3726242302889329426459,3,7
large_integer,496,2481087077913934692367,2,2481087077913934692367,2,7
large_integer,497,3707795558815619874831,3,3707795558815619874831,3,7
large_integer,498,3707795558815619874833,3,3707795558815619874833,3,7
large_integer,499,3717018930852474650641,3,3717018930852474650641,3,7
large_integer,500,3707795558815619874835,3,3707795558815619874835,3,7
large_integer,501,3717018930852474650643,3,3717018930852474650643,3,7
large_integer,502,3717018930852474650645,3,3717018930852474650645,3,7
large_integer,503,3726242302889329426453,3,3726242302889329426453,3,7
large_integer,504,3707795558815619874837,3,3707795558815619874837,3,7
large_integer,505,3717018930852474650645,3,3717018930852474650645,3,7
large_integer,506,3717018930852474650647,3,3717018930852474650647,3,7
large_integer,507,3726242302889329426455,3,3726242302889329426455,3,7
large_integer,508,3717018930852474650649,3,3717018930852474650649,3,7
large_integer,509,3726242302889329426457,3,3726242302889329426457,3,7
large_integer,510,3726242302889329426459,3,3726242302889329426459,3,7
large_integer,511,3735465674926184202267,3,3735465674926184202267,3,7
large_integer,512,1226708480901685182468,1,1226708480901685182468,1,7
large_integer,513,2453416961803370364932,2,2453416961803370364932,2,7
large_integer,514,2453416961803370364934,2,2453416961803370364934,2,7
large_integer,515,2462640333840225140742,2,2462640333840225140742,2,7
large_integer,516,2453416961803370364936,2,2453416961803370364936,2,7
large_integer,517,2462640333840225140744,2,2462640333840225140744,2,7
large_integer,518,2462640333840225140746,2,2462640333840225140746,2,7
large_integer,519,2471863705877079916554,2,2471863705877079916554,2,7
large_integer,520,2453416961803370364938,2,2453416961803370364938,2,7
large_integer,521,2462640333840225140746,2,2462640333840225140746,2,7
large_integer,522,2462640333840225140748,2,2462640333840225140748,2,7
large_integer,523,2471863705877079916556,2,2471863705877079916556,2,7
large_integer,524,2462640333840225140750,2,2462640333840225140750,2,7
large_integer,525,2471863705877079916558,2,2471863705877079916558,2,7
large_integer,526,2471863705877079916560,2,2471863705877079916560,2,7
large_integer,527,2481087077913934692368,2,2481087077913934692368,2,7
large_integer,528,2453416961803370364933,2,2453416961803370364933,2,7
large_integer,529,3680125442705055547397,3,3680125442705055547397,3,7
large_integer,530,3680125442705055547399,3,3680125442705055547399,3,7
large_integer,531,3689348814741910323207,3,3689348814741910323207,3,7
large_integer,532,3680125442705055547401,3,3680125442705055547401,3,7
large_integer,533,3689348814741910323209,3,3689348814741910323209,3,7
large_integer,534,3689348814741910323211,3,3689348814741910323211,3,7
large_integer,535,3698572186778765099019,3,3698572186778765099019,3,7
large_integer,536,3680125442705055547403,3,3680125442705055547403,3,7
large_integer,537,3689348814741910323211,3,3689348814741910323211,3,7
large_integer,538,3689348814741910323213,3,3689348814741910323213,3,7
large_integer,539,3698572186778765099021,3,3698572186778765099021,3,7
large_integer,540,3689348814741910323215,3,3689348814741910323215,3,7
large_integer,541,3698572186778765099023,3,3698572186778765099023,3,7
large_integer,542,3698572186778765099025,3,3698572186778765099025,3,7
large_integer,543,3707795558815619874833,3,3707795558815619874833,3,7
large_integer,544,2453416961803370364935,2,2453416961803370364935,2,7
large_integer,545,3680125442705055547399,3,3680125442705055547399,3,7
large_integer,546,3680125442705055547401,3,3680125442705055547401,3,7
large_integer,547,3689348814741910323209,3,3689348814741910323209,3,7
large_integer,548,3680125442705055547403,3,3680125442705055547403,3,7
large_integer,549,3689348814741910323211,3,3689348814741910323211,3,7
large_integer,550,3689348814741910323213,3,3689348814741910323213,3,7
large_integer,551,3698572186778765099021,3,3698572186778765099021,3,7
large_integer,552,3680125442705055547405,3,3680125442705055547405,3,7
large_integer,553,3689348814741910323213,3,3689348814741910323213,3,7
large_integer,554,3689348814741910323215,3,3689348814741910323215,3,7
large_integer,555,3698572186778765099023,3,3698572186778765099023,3,7
large_integer,556,3689348814741910323217,3,3689348814741910323217,3,7
large_integer,557,3698572186778765099025,3,3698572186778765099025,3,7
large_integer,558,3698572186778765099027,3,3698572186778765099027,3,7
large_integer,559,3707795558815619874835,3,3707795558815619874835,3,7
large_integer,560,2462640333840225140743,2,2462640333840225140743,2,7
large_integer,561,3689348814741910323207,3,3689348814741910323207,3,7
large_integer,562,3689348814741910323209,3,3689348814741910323209,3,7
large_integer,563,3698572186778765099017,3,3698572186778765099017,3,7
large_integer,564,3689348814741910323211,3,3689348814741910323211,3,7
large_integer,565,3698572186778765099019,3,3698572186778765099019,3,7
large_integer,566,3698572186778765099021,3,3698572186778765099021,3,7
large_integer,567,3707795558815619874829,3,3707795558815619874829,3,7
large_integer,568,3689348814741910323213,3,3689348814741910323213,3,7
large_integer,569,3698572186778765099021,3,3698572186778765099021,3,7
large_integer,570,3698572186778765099023,3,3698572186778765099023,3,7
large_integer,571,3707795558815619874831,3,3707795558815619874831,3,7
large_integer,572,3698572186778765099025,3,3698572186778765099025,3,7
large_integer,573,3707795558815619874833,3,3707795558815619874833,3,7
large_integer,574,3707795558815619874835,3,3707795558815619874835,3,7
large_integer,575,3717018930852474650643,3,3717018930852474650643,3,7
large_integer,576,2453416961803370364937,2,2453416961803370364937,2,7
large_integer,577,3680125442705055547401,3,3680125442705055547401,3,7
large_integer,578,3680125442705055547403,3,3680125442705055547403,3,7
large_integer,579,3689348814741910323211,3,3689348814741910323211,3,7
large_integer,580,3680125442705055547405,3,3680125442705055547405,3,7
large_integer,581,3689348814741910323213,3,3689348814741910323213,3,7
large_integer,582,3689348814741910323215,3,3689348814741910323215,3,7
large_integer,583,3698572186778765099023,3,3698572186778765099023,3,7
large_integer,584,3680125442705055547407,3,3680125442705055547407,3,7
large_integer,585,3689348814741910323215,3,3689348814741910323215,3,7
large_integer,586,3689348814741910323217,3,3689348814741910323217,3,7
large_integer,587,3698572186778765099025,3,3698572186778765099025,3,7
large_integer,588,3689348814741910323219,3,3689348814741910323219,3,7
large_integer,589,3698572186778765099027,3,3698572186778765099027,3,7
large_integer,590,3698572186778765099029,3,3698572186778765099029,3,7
large_integer,591,3707795558815619874837,3,3707795558815619874837,3,7
large_integer,592,2462640333840225140745,2,2462640333840225140745,2,7
large_integer,593,3689348814741910323209,3,3689348814741910323209,3,7
large_integer,594,3689348814741910323211,3,3689348814741910323211,3,7
large_integer,595,3698572186778765099019,3,3698572186778765099019,3,7
large_integer,596,3689348814741910323213,3,3689348814741910323213,3,7
large_integer,597,3698572186778765099021,3,3698572186778765099021,3,7
large_integer,598,3698572186778765099023,3,3698572186778765099023,3,7
large_integer,599,3707795558815619874831,3,3707795558815619874831,3,7
large_integer,600,3689348814741910323215,3,3689348814741910323215,3,7
large_integer,601,3698572186778765099023,3,3698572186778765099023,3,7
large_integer,602,3698572186778765099025,3,3698572186778765099025,3,7
large_integer,603,3707795558815619874833,3,3707795558815619874833,3,7
large_integer,604,3698572186778765099027,3,3698572186778765099027,3,7
large_integer,605,3707795558815619874835,3,3707795558815619874835,3,7
large_integer,606,3707795558815619874837,3,3707795558815619874837,3,7
large_integer,607,3717018930852474650645,3,3717018930852474650645,3,7
large_integer,608,2462640333840225140747,2,2462640333840225140747,2,7
large_integer,609,3689348814741910323211,3,3689348814741910323211,3,7
large_integer,610,3689348814741910323213,3,3689348814741910323213,3,7
large_integer,611,3698572186778765099021,3,3698572186778765099021,3,7
large_integer,612,3689348814741910323215,3,3689348814741910323215,3,7
large_integer,613,3698572186778765099023,3,3698572186778765099023,3,7
large_integer,614,3698572186778765099025,3,3698572186778765099025,3,7
large_integer,615,3707795558815619874833,3,3707795558815619874833,3,7
large_integer,616,3689348814741910323217,3,3689348814741910323217,3,7
large_integer,617,3698572186778765099025,3,3698572186778765099025,3,7
large_integer,618,3698572186778765099027,3,3698572186778765099027,3,7
large_integer,619,3707795558815619874835,3,3707795558815619874835,3,7
large_integer,620,3698572186778765099029,3,3698572186778765099029,3,7
large_integer,621,3707795558815619874837,3,3707795558815619874837,3,7
large_integer,622,3707795558815619874839,3,3707795558815619874839,3,7
large_integer,623,3717018930852474650647,3,3717018930852474650647,3,7
large_integer,624,2471863705877079916555,2,2471863705877079916555,2,7
large_integer,625,3698572186778765099019,3,3698572186778765099019,3,7
large_integer,626,3698572186778765099021,3,3698572186778765099021,3,7
large_integer,627,3707795558815619874829,3,3707795558815619874829,3,7
large_integer,628,3698572186778765099023,3,3698572186778765099023,3,7
large_integer,629,3707795558815619874831,3,3707795558815619874831,3,7
large_integer,630,3707795558815619874833,3,3707795558815619874833,3,7
large_integer,631,3717018930852474650641,3,3717018930852474650641,3,7
large_integer,632,3698572186778765099025,3,3698572186778765099025,3,7
large_integer,633,3707795558815619874833,3,3707795558815619874833,3,7
large_integer,634,3707795558815619874835,3,3707795558815619874835,3,7
large_integer,635,3717018930852474650643,3,3717018930852474650643,3,7
large_integer,636,3707795558815619874837,3,3707795558815619874837,3,7
large_integer,637,3717018930852474650645,3,3717018930852474650645,3,7
large_integer,638,3717018930852474650647,3,3717018930852474650647,3,7
large_integer,639,3726242302889329426455,3,3726242302889329426455,3,7
large_integer,640,2453416961803370364939,2,2453416961803370364939,2,7
large_integer,641,3680125442705055547403,3,3680125442705055547403,3,7
large_integer,642,3680125442705055547405,3,3680125442705055547405,3,7
large_integer,643,3689348814741910323213,3,3689348814741910323213,3,7
large_integer,644,3680125442705055547407,3,3680125442705055547407,3,7
large_integer,645,3689348814741910323215,3,3689348814741910323215,3,7
large_integer,646,3689348814741910323217,3,3689348814741910323217,3,7
large_integer,647,3698572186778765099025,3,3698572186778765099025,3,7
large_integer,648,3680125442705055547409,3,3680125442705055547409,3,7
large_integer,649,3689348814741910323217,3,3689348814741910323217,3,7
large_integer,650,3689348814741910323219,3,3689348814741910323219,3,7
large_integer,651,3698572186778765099027,3,3698572186778765099027,3,7
large_integer,652,3689348814741910323221,3,3689348814741910323221,3,7
large_integer,653,3698572186778765099029,3,3698572186778765099029,3,7
large_integer,654,3698572186778765099031,3,3698572186778765099031,3,7
large_integer,655,3707795558815619874839,3,3707795558815619874839,3,7
large_integer,656,2462640333840225140747,2,2462640333840225140747,2,7
large_integer,657,3689348814741910323211,3,3689348814741910323211,3,7
large_integer,658,3689348814741910323213,3,3689348814741910323213,3,7
large_integer,659,3698572186778765099021,3,3698572186778765099021,3,7
large_integer,660,3689348814741910323215,3,3689348814741910323215,3,7
large_integer,661,3698572186778765099023,3,3698572186778765099023,3,7
large_integer,662,3698572186778765099025,3,3698572186778765099025,3,7
large_integer,663,3707795558815619874833,3,3707795558815619874833,3,7
large_integer,664,3689348814741910323217,3,3689348814741910323217,3,7
large_integer,665,3698572186778765099025,3,3698572186778765099025,3,7
large_integer,666,3698572186778765099027,3,3698572186778765099027,3,7
large_integer,667,3707795558815619874835,3,3707795558815619874835,3,7
large_integer,668,3698572186778765099029,3,3698572186778765099029,3,7
large_integer,669,3707795558815619874837,3,3707795558815619874837,3,7
large_integer,670,3707795558815619874839,3,3707795558815619874839,3,7
large_integer,671,3717018930852474650647,3,3717018930852474650647,3,7
large_integer,672,2462640333840225140749,2,2462640333840225140749,2,7
large_integer,673,3689348814741910323213,3,3689348814741910323213,3,7
large_integer,674,3689348814741910323215,3,3689348814741910323215,3,7
large_integer,675,3698572186778765099023,3,3698572186778765099023,3,7
large_integer,676,3689348814741910323217,3,3689348814741910323217,3,7
large_integer,677,3698572186778765099025,3,3698572186778765099025,3,7
large_integer,678,3698572186778765099027,3,3698572186778765099027,3,7
large_integer,679,3707795558815619874835,3,3707795558815619874835,3,7
large_integer,680,3689348814741910323219,3,3689348814741910323219,3,7
large_integer,681,3698572186778765099027,3,3698572186778765099027,3,7
large_integer,682,3698572186778765099029,3,3698572186778765099029,3,7
large_integer,683,3707795558815619874837,3,3707795558815619874837,3,7
large_integer,684,3698572186778765099031,3,3698572186778765099031,3,7
large_integer,685,3707795558815619874839,3,3707795558815619874839,3,7
large_integer,686,3707795558815619874841,3,3707795558815619874841,3,7
large_integer,687,3717018930852474650649,3,3717018930852474650649,3,7
large_integer,688,2471863705877079916557,2,2471863705877079916557,2,7
large_integer,689,3698572186778765099021,3,3698572186778765099021,3,7
large_integer,690,3698572186778765099023,3,3698572186778765099023,3,7
large_integer,691,3707795558815619874831,3,3707795558815619874831,3,7
large_integer,692,3698572186778765099025,3,3698572186778765099025,3,7
large_integer,693,3707795558815619874833,3,3707795558815619874833,3,7
large_integer,694,3707795558815619874835,3,3707795558815619874835,3,7
large_integer,695,3717018930852474650643,3,3717018930852474650643,3,7
large_integer,696,3698572186778765099027,3,3698572186778765099027,3,7
large_integer,697,3707795558815619874835,3,3707795558815619874835,3,7
large_integer,698,3707795558815619874837,3,3707795558815619874837,3,7
large_integer,699,3717018930852474650645,3,3717018930852474650645,3,7
large_integer,700,3707795558815619874839,3,3707795558815619874839,3,7
large_integer,701,3717018930852474650647,3,3717018930852474650647,3,7
large_integer,702,3717018930852474650649,3,3717018930852474650649,3,7
large_integer,703,3726242302889329426457,3,3726242302889329426457,3,7
large_integer,704,2462640333840225140751,2,2462640333840225140751,2,7
large_integer,705,3689348814741910323215,3,3689348814741910323215,3,7
large_integer,706,3689348814741910323217,3,3689348814741910323217,3,7
large_integer,707,3698572186778765099025,3,3698572186778765099025,3,7
large_integer,708,3689348814741910323219,3,3689348814741910323219,3,7
large_integer,709,3698572186778765099027,3,3698572186778765099027,3,7
large_integer,710,3698572186778765099029,3,3698572186778765099029,3,7
large_integer,711,3707795558815619874837,3,3707795558815619874837,3,7
large_integer,712,3689348814741910323221,3,3689348814741910323221,3,7
large_integer,713,3698572186778765099029,3,3698572186778765099029,3,7
large_integer,714,3698572186778765099031,3,3698572186778765099031,3,7
large_integer,715,3707795558815619874839,3,3707795558815619874839,3,7
large_integer,716,3698572186778765099033,3,3698572186778765099033,3,7
large_integer,717,3707795558815619874841,3,3707795558815619874841,3,7
large_integer,718,3707795558815619874843,3,3707795558815619874843,3,7
large_integer,719,3717018930852474650651,3,3717018930852474650651,3,7
large_integer,720,2471863705877079916559,2,2471863705877079916559,2,7
large_integer,721,3698572186778765099023,3,3698572186778765099023,3,7
large_integer,722,3698572186778765099025,3,3698572186778765099025,3,7
large_integer,723,3707795558815619874833,3,3707795558815619874833,3,7
large_integer,724,3698572186778765099027,3,3698572186778765099027,3,7
large_integer,725,3707795558815619874835,3,3707795558815619874835,3,7
large_integer,726,3707795558815619874837,3,3707795558815619874837,3,7
large_integer,727,3717018930852474650645,3,3717018930852474650645,3,7
large_integer,728,3698572186778765099029,3,3698572186778765099029,3,7
large_integer,729,3707795558815619874837,3,3707795558815619874837,3,7
large_integer,730,3707795558815619874839,3,3707795558815619874839,3,7
large_integer,731,3717018930852474650647,3,3717018930852474650647,3,7
large_integer,732,3707795558815619874841,3,3707795558815619874841,3,7
large_integer,733,3717018930852474650649,3,3717018930852474650649,3,7
large_integer,734,3717018930852474650651,3,3717018930852474650651,3,7
large_integer,735,3726242302889329426459,3,3726242302889329426459,3,7
large_integer,736,2471863705877079916561,2,2471863705877079916561,2,7
large_integer,737,3698572186778765099025,3,3698572186778765099025,3,7
large_integer,738,3698572186778765099027,3,3698572186778765099027,3,7
large_integer,739,3707795558815619874835,3,3707795558815619874835,3,7
large_integer,740,3698572186778765099029,3,3698572186778765099029,3,7
large_integer,741,3707795558815619874837,3,3707795558815619874837,3,7
large_integer,742,3707795558815619874839,3,3707795558815619874839,3,7
large_integer,743,3717018930852474650647,3,3717018930852474650647,3,7
large_integer,744,3698572186778765099031,3,3698572186778765099031,3,7
large_integer,745,3707795558815619874839,3,3707795558815619874839,3,7
large_integer,746,3707795558815619874841,3,3707795558815619874841,3,7
large_integer,747,3717018930852474650649,3,3717018930852474650649,3,7
large_integer,748,3707795558815619874843,3,3707795558815619874843,3,7
large_integer,749,3717018930852474650651,3,3717018930852474650651,3,7
large_integer,750,3717018930852474650653,3,3717018930852474650653,3,7
large_integer,751,3726242302889329426461,3,3726242302889329426461,3,7
large_integer,752,2481087077913934692369,2,2481087077913934692369,2,7
large_integer,753,3707795558815619874833,3,3707795558815619874833,3,7
large_integer,754,3707795558815619874835,3,3707795558815619874835,3,7
large_integer,755,3717018930852474650643,3,3717018930852474650643,3,7
large_integer,756,3707795558815619874837,3,3707795558815619874837,3,7
large_integer,757,3717018930852474650645,3,3717018930852474650645,3,7
large_integer,758,3717018930852474650647,3,3717018930852474650647,3,7
large_integer,759,3726242302889329426455,3,3726242302889329426455,3,7
large_integer,760,3707795558815619874839,3,3707795558815619874839,3,7
large_integer,761,3717018930852474650647,3,3717018930852474650647,3,7
large_integer,762,3717018930852474650649,3,3717018930852474650649,3,7
large_integer,763,3726242302889329426457,3,3726242302889329426457,3,7
large_integer,764,3717018930852474650651,3,3717018930852474650651,3,7
large_integer,765,3726242302889329426459,3,3726242302889329426459,3,7
large_integer,766,3726242302889329426461,3,3726242302889329426461,3,7
large_integer,767,3735465674926184202269,3,3735465674926184202269,3,7
large_integer,768,1235931852938539958276,1,1235931852938539958276,1,7
large_integer,769,2462640333840225140740,2,2462640333840225140740,2,7
large_integer,770,2462640333840225140742,2,2462640333840225140742,2,7
large_integer,771,2471863705877079916550,2,2471863705877079916550,2,7
large_integer,772,2462640333840225140744,2,2462640333840225140744,2,7
large_integer,773,2471863705877079916552,2,2471863705877079916552,2,7
large_integer,774,2471863705877079916554,2,2471863705877079916554,2,7
large_integer,775,2481087077913934692362,2,2481087077913934692362,2,7
large_integer,776,2462640333840225140746,2,2462640333840225140746,2,7
large_integer,777,2471863705877079916554,2,2471863705877079916554,2,7
large_integer,778,2471863705877079916556,2,2471863705877079916556,2,7
large_integer,779,2481087077913934692364,2,2481087077913934692364,2,7
large_integer,780,2471863705877079916558,2,2471863705877079916558,2,7
large_integer,781,2481087077913934692366,2,2481087077913934692366,2,7
large_integer,782,2481087077913934692368,2,2481087077913934692368,2,7
large_integer,783,2490310449950789468176,2,2490310449950789468176,2,7
large_integer,784,2462640333840225140741,2,2462640333840225140741,2,7
large_integer,785,3689348814741910323205,3,3689348814741910323205,3,7
large_integer,786,3689348814741910323207,3,3689348814741910323207,3,7
large_integer,787,3698572186778765099015,3,3698572186778765099015,3,7
large_integer,788,3689348814741910323209,3,3689348814741910323209,3,7
large_integer,789,3698572186778765099017,3,3698572186778765099017,3,7
large_integer,790,3698572186778765099019,3,3698572186778765099019,3,7
large_integer,791,3707795558815619874827,3,3707795558815619874827,3,7
large_integer,792,3689348814741910323211,3,3689348814741910323211,3,7
large_integer,793,3698572186778765099019,3,3698572186778765099019,3,7
large_integer,794,3698572186778765099021,3,3698572186778765099021,3,7
large_integer,795,3707795558815619874829,3,3707795558815619874829,3,7
large_integer,796,3698572186778765099023,3,3698572186778765099023,3,7
large_integer,797,3707795558815619874831,3,3707795558815619874831,3,7
large_integer,798,3707795558815619874833,3,3707795558815619874833,3,7
large_integer,799,3717018930852474650641,3,3717018930852474650641,3,7
large_integer,800,2462640333840225140743,2,2462640333840225140743,2,7
large_integer,801,3689348814741910323207,3,3689348814741910323207,3,7
large_integer,802,3689348814741910323209,3,3689348814741910323209,3,7
large_integer,803,3698572186778765099017,3,3698572186778765099017,3,7
large_integer,804,3689348814741910323211,3,3689348814741910323211,3,7
large_integer,805,3698572186778765099019,3,3698572186778765099019,3,7
large_integer,806,3698572186778765099021,3,3698572186778765099021,3,7
large_integer,807,3707795558815619874829,3,3707795558815619874829,3,7
large_integer,808,3689348814741910323213,3,3689348814741910323213,3,7
large_integer,809,3698572186778765099021,3,3698572186778765099021,3,7
large_integer,810,3698572186778765099023,3,3698572186778765099023,3,7
large_integer,811,3707795558815619874831,3,3707795558815619874831,3,7
large_integer,812,3698572186778765099025,3,3698572186778765099025,3,7
large_integer,813,3707795558815619874833,3,3707795558815619874833,3,7
large_integer,814,3707795558815619874835,3,3707795558815619874835,3,7
large_integer,815,3717018930852474650643,3,3717018930852474650643,3,7
large_integer,816,2471863705877079916551,2,2471863705877079916551,2,7
large_integer,817,3698572186778765099015,3,3698572186778765099015,3,7
large_integer,818,3698572186778765099017,3,3698572186778765099017,3,7
large_integer,819,3707795558815619874825,3,3707795558815619874825,3,7
large_integer,820,3698572186778765099019,3,3698572186778765099019,3,7
large_integer,821,3707795558815619874827,3,3707795558815619874827,3,7
large_integer,822,3707795558815619874829,3,3707795558815619874829,3,7
large_integer,823,3717018930852474650637,3,3717018930852474650637,3,7
large_integer,824,3698572186778765099021,3,3698572186778765099021,3,7
large_integer,825,3707795558815619874829,3,3707795558815619874829,3,7
large_integer,826,3707795558815619874831,3,3707795558815619874831,3,7
large_integer,827,3717018930852474650639,3,3717018930852474650639,3,7
large_integer,828,3707795558815619874833,3,3707795558815619874833,3,7
large_integer,829,3717018930852474650641,3,3717018930852474650641,3,7
large_integer,830,3717018930852474650643,3,3717018930852474650643,3,7
large_integer,831,3726242302889329426451,3,3726242302889329426451,3,7
large_integer,832,2462640333840225140745,2,2462640333840225140745,2,7
large_integer,833,3689348814741910323209,3,3689348814741910323209,3,7
large_integer,834,3689348814741910323211,3,3689348814741910323211,3,7
large_integer,835,3698572186778765099019,3,3698572186778765099019,3,7
large_integer,836,3689348814741910323213,3,3689348814741910323213,3,7
large_integer,837,3698572186778765099021,3,3698572186778765099021,3,7
large_integer,838,3698572186778765099023,3,3698572186778765099023,3,7
large_integer,839,3707795558815619874831,3,3707795558815619874831,3,7
large_integer,840,3689348814741910323215,3,3689348814741910323215,3,7
large_integer,841,3698572186778765099023,3,3698572186778765099023,3,7
large_integer,842,3698572186778765099025,3,3698572186778765099025,3,7
large_integer,843,3707795558815619874833,3,3707795558815619874833,3,7
large_integer,844,3698572186778765099027,3,3698572186778765099027,3,7
large_integer,845,3707795558815619874835,3,3707795558815619874835,3,7
large_integer,846,3707795558815619874837,3,3707795558815619874837,3,7
large_integer,847,3717018930852474650645,3,3717018930852474650645,3,7
large_integer,848,2471863705877079916553,2,2471863705877079916553,2,7
large_integer,849,3698572186778765099017,3,3698572186778765099017,3,7
large_integer,850,3698572186778765099019,3,3698572186778765099019,3,7
large_integer,851,3707795558815619874827,3,3707795558815619874827,3,7
large_integer,852,3698572186778765099021,3,3698572186778765099021,3,7
large_integer,853,3707795558815619874829,3,3707795558815619874829,3,7
large_integer,854,3707795558815619874831,3,3707795558815619874831,3,7
large_integer,855,3717018930852474650639,3,3717018930852474650639,3,7
large_integer,856,3698572186778765099023,3,3698572186778765099023,3,7
large_integer,857,3707795558815619874831,3,3707795558815619874831,3,7
large_integer,858,3707795558815619874833,3,3707795558815619874833,3,7
large_integer,859,3717018930852474650641,3,3717018930852474650641,3,7
large_integer,860,3707795558815619874835,3,3707795558815619874835,3,7
large_integer,861,3717018930852474650643,3,3717018930852474650643,3,7
large_integer,862,3717018930852474650645,3,3717018930852474650645,3,7
large_integer,863,3726242302889329426453,3,3726242302889329426453,3,7
large_integer,864,2471863705877079916555,2,2471863705877079916555,2,7
large_integer,865,3698572186778765099019,3,3698572186778765099019,3,7
large_integer,866,3698572186778765099021,3,3698572186778765099021,3,7
large_integer,867,3707795558815619874829,3,3707795558815619874829,3,7
large_integer,868,3698572186778765099023,3,3698572186778765099023,3,7
large_integer,869,3707795558815619874831,3,3707795558815619874831,3,7
large_integer,870,3707795558815619874833,3,3707795558815619874833,3,7
large_integer,871,3717018930852474650641,3,3717018930852474650641,3,7
large_integer,872,3698572186778765099025,3,3698572186778765099025,3,7
large_integer,873,3707795558815619874833,3,3707795558815619874833,3,7
large_integer,874,3707795558815619874835,3,3707795558815619874835,3,7
large_integer,875,3717018930852474650643,3,3717018930852474650643,3,7
large_integer,876,3707795558815619874837,3,3707795558815619874837,3,7
large_integer,877,3717018930852474650645,3,3717018930852474650645,3,7
large_integer,878,3717018930852474650647,3,3717018930852474650647,3,7
large_integer,879,3726242302889329426455,3,3726242302889329426455,3,7
large_integer,880,2481087077913934692363,2,2481087077913934692363,2,7
large_integer,881,3707795558815619874827,3,3707795558815619874827,3,7
large_integer,882,3707795558815619874829,3,3707795558815619874829,3,7
large_integer,883,3717018930852474650637,3,3717018930852474650637,3,7
large_integer,884,3707795558815619874831,3,3707795558815619874831,3,7
large_integer,885,3717018930852474650639,3,3717018930852474650639,3,7
large_integer,886,3717018930852474650641,3,3717018930852474650641,3,7
large_integer,887,3726242302889329426449,3,3726242302889329426449,3,7
large_integer,888,3707795558815619874833,3,3707795558815619874833,3,7
large_integer,889,3717018930852474650641,3,3717018930852474650641,3,7
large_integer,890,3717018930852474650643,3,3717018930852474650643,3,7
large_integer,891,3726242302889329426451,3,3726242302889329426451,3,7
large_integer,892,3717018930852474650645,3,3717018930852474650645,3,7
large_integer,893,3726242302889329426453,3,3726242302889329426453,3,7
large_integer,894,3726242302889329426455,3,3726242302889329426455,3,7
large_integer,895,3735465674926184202263,3,3735465674926184202263,3,7
large_integer,896,2462640333840225140747,2,2462640333840225140747,2,7
large_integer,897,3689348814741910323211,3,3689348814741910323211,3,7
large_integer,898,3689348814741910323213,3,3689348814741910323213,3,7
large_integer,899,3698572186778765099021,3,3698572186778765099021,3,7
large_integer,900,3689348814741910323215,3,3689348814741910323215,3,7
large_integer,901,3698572186778765099023,3,3698572186778765099023,3,7
large_integer,902,3698572186778765099025,3,3698572186778765099025,3,7
large_integer,903,3707795558815619874833,3,3707795558815619874833,3,7
large_integer,904,3689348814741910323217,3,3689348814741910323217,3,7
large_integer,905,3698572186778765099025,3,3698572186778765099025,3,7
large_integer,906,3698572186778765099027,3,3698572186778765099027,3,7
large_integer,907,3707795558815619874835,3,3707795558815619874835,3,7
large_integer,908,3698572186778765099029,3,3698572186778765099029,3,7
large_integer,909,3707795558815619874837,3,3707795558815619874837,3,7
large_integer,910,3707795558815619874839,3,3707795558815619874839,3,7
large_integer,911,3717018930852474650647,3,3717018930852474650647,3,7
large_integer,912,2471863705877079916555,2,2471863705877079916555,2,7
large_integer,913,3698572186778765099019,3,3698572186778765099019,3,7
large_integer,914,3698572186778765099021,3,3698572186778765099021,3,7
large_integer,915,3707795558815619874829,3,3707795558815619874829,3,7
large_integer,916,3698572186778765099023,3,3698572186778765099023,3,7
large_integer,917,3707795558815619874831,3,3707795558815619874831,3,7
large_integer,918,3707795558815619874833,3,3707795558815619874833,3,7
large_integer,919,3717018930852474650641,3,3717018930852474650641,3,7
large_integer,920,3698572186778765099025,3,3698572186778765099025,3,7
large_integer,921,3707795558815619874833,3,3707795558815619874833,3,7
large_integer,922,3707795558815619874835,3,3707795558815619874835,3,7
large_integer,923,3717018930852474650643,3,3717018930852474650643,3,7
large_integer,924,3707795558815619874837,3,3707795558815619874837,3,7
large_integer,925,3717018930852474650645,3,3717018930852474650645,3,7
large_integer,926,3717018930852474650647,3,3717018930852474650647,3,7
large_integer,927,3726242302889329426455,3,3726242302889329426455,3,7
large_integer,928,2471863705877079916557,2,2471863705877079916557,2,7
large_integer,929,3698572186778765099021,3,3698572186778765099021,3,7
large_integer,930,3698572186778765099023,3,3698572186778765099023,3,7
large_integer,931,3707795558815619874831,3,3707795558815619874831,3,7
large_integer,932,3698572186778765099025,3,3698572186778765099025,3,7
large_integer,933,3707795558815619874833,3,3707795558815619874833,3,7
large_integer,934,3707795558815619874835,3,3707795558815619874835,3,7
large_integer,935,3717018930852474650643,3,3717018930852474650643,3,7
large_integer,936,3698572186778765099027,3,3698572186778765099027,3,7
large_integer,937,3707795558815619874835,3,3707795558815619874835,3,7
large_integer,938,3707795558815619874837,3,3707795558815619874837,3,7
large_integer,939,3717018930852474650645,3,3717018930852474650645,3,7
large_integer,940,3707795558815619874839,3,3707795558815619874839,3,7
large_integer,941,3717018930852474650647,3,3717018930852474650647,3,7
large_integer,942,3717018930852474650649,3,3717018930852474650649,3,7
large_integer,943,3726242302889329426457,3,3726242302889329426457,3,7
large_integer,944,2481087077913934692365,2,2481087077913934692365,2,7
large_integer,945,3707795558815619874829,3,3707795558815619874829,3,7
large_integer,946,3707795558815619874831,3,3707795558815619874831,3,7
large_integer,947,3717018930852474650639,3,3717018930852474650639,3,7
large_integer,948,3707795558815619874833,3,3707795558815619874833,3,7
large_integer,949,3717018930852474650641,3,3717018930852474650641,3,7
large_integer,950,3717018930852474650643,3,3717018930852474650643,3,7
large_integer,951,3726242302889329426451,3,3726242302889329426451,3,7
large_integer,952,3707795558815619874835,3,3707795558815619874835,3,7
large_integer,953,3717018930852474650643,3,3717018930852474650643,3,7
large_integer,954,3717018930852474650645,3,3717018930852474650645,3,7
large_integer,955,3726242302889329426453,3,3726242302889329426453,3,7
large_integer,956,3717018930852474650647,3,3717018930852474650647,3,7
large_integer,957,3726242302889329426455,3,3726242302889329426455,3,7
large_integer,958,3726242302889329426457,3,3726242302889329426457,3,7
large_integer,959,3735465674926184202265,3,3735465674926184202265,3,7
large_integer,960,2471863705877079916559,2,2471863705877079916559,2,7
large_integer,961,3698572186778765099023,3,3698572186778765099023,3,7
large_integer,962,3698572186778765099025,3,3698572186778765099025,3,7
large_integer,963,3707795558815619874833,3,3707795558815619874833,3,7
large_integer,964,3698572186778765099027,3,3698572186778765099027,3,7
large_integer,965,3707795558815619874835,3,3707795558815619874835,3,7
large_integer,966,3707795558815619874837,3,3707795558815619874837,3,7
large_integer,967,3717018930852474650645,3,3717018930852474650645,3,7
large_integer,968,3698572186778765099029,3,3698572186778765099029,3,7
large_integer,969,3707795558815619874837,3,3707795558815619874837,3,7
large_integer,970,3707795558815619874839,3,3707795558815619874839,3,7
large_integer,971,3717018930852474650647,3,3717018930852474650647,3,7
large_integer,972,3707795558815619874841,3,3707795558815619874841,3,7
large_integer,973,3717018930852474650649,3,3717018930852474650649,3,7
large_integer,974,3717018930852474650651,3,3717018930852474650651,3,7
large_integer,975,3726242302889329426459,3,3726242302889329426459,3,7
large_integer,976,2481087077913934692367,2,2481087077913934692367,2,7
large_integer,977,3707795558815619874831,3,3707795558815619874831,3,7
large_integer,978,3707795558815619874833,3,3707795558815619874833,3,7
large_integer,979,3717018930852474650641,3,3717018930852474650641,3,7
large_integer,980,3707795558815619874835,3,3707795558815619874835,3,7
large_integer,981,3717018930852474650643,3,3717018930852474650643,3,7
large_integer,982,3717018930852474650645,3,3717018930852474650645,3,7
large_integer,983,3726242302889329426453,3,3726242302889329426453,3,7
large_integer,984,3707795558815619874837,3,3707795558815619874837,3,7
large_integer,985,3717018930852474650645,3,3717018930852474650645,3,7
large_integer,986,3717018930852474650647,3,3717018930852474650647,3,7
large_integer,987,3726242302889329426455,3,3726242302889329426455,3,7
large_integer,988,3717018930852474650649,3,3717018930852474650649,3,7
large_integer,989,3726242302889329426457,3,3726242302889329426457,3,7
large_integer,990,3726242302889329426459,3,3726242302889329426459,3,7
large_integer,991,3735465674926184202267,3,3735465674926184202267,3,7
large_integer,992,2481087077913934692369,2,2481087077913934692369,2,7
large_integer,993,3707795558815619874833,3,3707795558815619874833,3,7
large_integer,994,3707795558815619874835,3,3707795558815619874835,3,7
large_integer,995,3717018930852474650643,3,3717018930852474650643,3,7
large_integer,996,3707795558815619874837,3,3707795558815619874837,3,7
large_integer,997,3717018930852474650645,3,3717018930852474650645,3,7
large_integer,998,3717018930852474650647,3,3717018930852474650647,3,7
large_integer,999,3726242302889329426455,3,3726242302889329426455,3,7
large_integer,1000,3707795558815619874839,3,3707795558815619874839,3,7
large_integer,1001,3717018930852474650647,3,3717018930852474650647,3,7
large_integer,1002,3717018930852474650649,3,3717018930852474650649,3,7
large_integer,1003,3726242302889329426457,3,3726242302889329426457,3,7
large_integer,1004,3717018930852474650651,3,3717018930852474650651,3,7
large_integer,1005,3726242302889329426459,3,3726242302889329426459,3,7
large_integer,1006,3726242302889329426461,3,3726242302889329426461,3,7
large_integer,1007,3735465674926184202269,3,3735465674926184202269,3,7
large_integer,1008,2490310449950789468177,2,2490310449950789468177,2,7
large_integer,1009,3717018930852474650641,3,3717018930852474650641,3,7
large_integer,1010,3717018930852474650643,3,3717018930852474650643,3,7
large_integer,1011,3726242302889329426451,3,3726242302889329426451,3,7
large_integer,1012,3717018930852474650645,3,3717018930852474650645,3,7
large_integer,1013,3726242302889329426453,3,3726242302889329426453,3,7
large_integer,1014,3726242302889329426455,3,3726242302889329426455,3,7
large_integer,1015,3735465674926184202263,3,3735465674926184202263,3,7
large_integer,1016,3717018930852474650647,3,3717018930852474650647,3,7
large_integer,1017,3726242302889329426455,3,3726242302889329426455,3,7
large_integer,1018,3726242302889329426457,3,3726242302889329426457,3,7
large_integer,1019,3735465674926184202265,3,3735465674926184202265,3,7
large_integer,1020,3726242302889329426459,3,3726242302889329426459,3,7
large_integer,1021,3735465674926184202267,3,3735465674926184202267,3,7
large_integer,1022,3735465674926184202269,3,3735465674926184202269,3,7
large_integer,1023,3744689046963038978077,3,3744689046963038978077,3,7
large_integer,1024,1226708480901685182470,1,1226708480901685182470,1,7
large_integer,1025,2453416961803370364934,2,2453416961803370364934,2,7
large_integer,1026,2453416961803370364936,2,2453416961803370364936,2,7
large_integer,1027,2462640333840225140744,2,2462640333840225140744,2,7
large_integer,1028,2453416961803370364938,2,2453416961803370364938,2,7
large_integer,1029,2462640333840225140746,2,2462640333840225140746,2,7
large_integer,1030,2462640333840225140748,2,2462640333840225140748,2,7
large_integer,1031,2471863705877079916556,2,2471863705877079916556,2,7
large_integer,1032,2453416961803370364940,2,2453416961803370364940,2,7
large_integer,1033,2462640333840225140748,2,2462640333840225140748,2,7
large_integer,1034,2462640333840225140750,2,2462640333840225140750,2,7
large_integer,1035,2471863705877079916558,2,2471863705877079916558,2,7
large_integer,1036,2462640333840225140752,2,2462640333840225140752,2,7
large_integer,1037,2471863705877079916560,2,2471863705877079916560,2,7
large_integer,1038,2471863705877079916562,2,2471863705877079916562,2,7
large_integer,1039,2481087077913934692370,2,2481087077913934692370,2,7
large_integer,1040,2453416961803370364935,2,2453416961803370364935,2,7
large_integer,1041,3680125442705055547399,3,3680125442705055547399,3,7
large_integer,1042,3680125442705055547401,3,3680125442705055547401,3,7
large_integer,1043,3689348814741910323209,3,3689348814741910323209,3,7
large_integer,1044,3680125442705055547403,3,3680125442705055547403,3,7
large_integer,1045,3689348814741910323211,3,3689348814741910323211,3,7
large_integer,1046,3689348814741910323213,3,3689348814741910323213,3,7
large_integer,1047,3698572186778765099021,3,3698572186778765099021,3,7
large_integer,1048,3680125442705055547405,3,3680125442705055547405,3,7
large_integer,1049,3689348814741910323213,3,3689348814741910323213,3,7
large_integer,1050,3689348814741910323215,3,3689348814741910323215,3,7
large_integer,1051,3698572186778765099023,3,3698572186778765099023,3,7
large_integer,1052,3689348814741910323217,3,3689348814741910323217,3,7
large_integer,1053,3698572186778765099025,3,3698572186778765099025,3,7
large_integer,1054,3698572186778765099027,3,3698572186778765099027,3,7
large_integer,1055,3707795558815619874835,3,3707795558815619874835,3,7
large_integer,1056,2453416961803370364937,2,2453416961803370364937,2,7
large_integer,1057,3680125442705055547401,3,3680125442705055547401,3,7
large_integer,1058,3680125442705055547403,3,3680125442705055547403,3,7
large_integer,1059,3689348814741910323211,3,3689348814741910323211,3,7
large_integer,1060,3680125442705055547405,3,3680125442705055547405,3,7
large_integer,1061,3689348814741910323213,3,3689348814741910323213,3,7
large_integer,1062,3689348814741910323215,3,3689348814741910323215,3,7
large_integer,1063,3698572186778765099023,3,3698572186778765099023,3,7
large_integer,1064,3680125442705055547407,3,3680125442705055547407,3,7
large_integer,1065,3689348814741910323215,3,3689348814741910323215,3,7
large_integer,1066,3689348814741910323217,3,3689348814741910323217,3,7
large_integer,1067,3698572186778765099025,3,3698572186778765099025,3,7
large_integer,1068,3689348814741910323219,3,3689348814741910323219,3,7
large_integer,1069,3698572186778765099027,3,3698572186778765099027,3,7
large_integer,1070,3698572186778765099029,3,3698572186778765099029,3,7
large_integer,1071,3707795558815619874837,3,3707795558815619874837,3,7
large_integer,1072,2462640333840225140745,2,2462640333840225140745,2,7
large_integer,1073,3689348814741910323209,3,3689348814741910323209,3,7
large_integer,1074,3689348814741910323211,3,3689348814741910323211,3,7
large_integer,1075,3698572186778765099019,3,3698572186778765099019,3,7
large_integer,1076,3689348814741910323213,3,3689348814741910323213,3,7
large_integer,1077,3698572186778765099021,3,3698572186778765099021,3,7
large_integer,1078,3698572186778765099023,3,3698572186778765099023,3,7
large_integer,1079,3707795558815619874831,3,3707795558815619874831,3,7
large_integer,1080,3689348814741910323215,3,3689348814741910323215,3,7
large_integer,1081,3698572186778765099023,3,3698572186778765099023,3,7
large_integer,1082,3698572186778765099025,3,3698572186778765099025,3,7
large_integer,1083,3707795558815619874833,3,3707795558815619874833,3,7
large_integer,1084,3698572186778765099027,3,3698572186778765099027,3,7
large_integer,1085,3707795558815619874835,3,3707795558815619874835,3,7
large_integer,1086,3707795558815619874837,3,3707795558815619874837,3,7
large_integer,1087,3717018930852474650645,3,3717018930852474650645,3,7
large_integer,1088,2453416961803370364939,2,2453416961803370364939,2,7
large_integer,1089,3680125442705055547403,3,3680125442705055547403,3,7
large_integer,1090,3680125442705055547405,3,3680125442705055547405,3,7
large_integer,1091,3689348814741910323213,3,3689348814741910323213,3,7
large_integer,1092,3680125442705055547407,3,3680125442705055547407,3,7
large_integer,1093,3689348814741910323215,3,3689348814741910323215,3,7
large_integer,1094,3689348814741910323217,3,3689348814741910323217,3,7
large_integer,1095,3698572186778765099025,3,3698572186778765099025,3,7
large_integer,1096,3680125442705055547409,3,3680125442705055547409,3,7
large_integer,1097,3689348814741910323217,3,3689348814741910323217,3,7
large_integer,1098,3689348814741910323219,3,3689348814741910323219,3,7
large_integer,1099,3698572186778765099027,3,3698572186778765099027,3,7
large_integer,1100,3689348814741910323221,3,3689348814741910323221,3,7
large_integer,1101,3698572186778765099029,3,3698572186778765099029,3,7
large_integer,1102,3698572186778765099031,3,3698572186778765099031,3,7
large_integer,1103,3707795558815619874839,3,3707795558815619874839,3,7
large_integer,1104,2462640333840225140747,2,2462640333840225140747,2,7
large_integer,1105,3689348814741910323211,3,3689348814741910323211,3,7
large_integer,1106,3689348814741910323213,3,3689348814741910323213,3,7
large_integer,1107,3698572186778765099021,3,3698572186778765099021,3,7
large_integer,1108,3689348814741910323215,3,3689348814741910323215,3,7
large_integer,1109,3698572186778765099023,3,3698572186778765099023,3,7
large_integer,1110,3698572186778765099025,3,3698572186778765099025,3,7
large_integer,1111,3707795558815619874833,3,3707795558815619874833,3,7
large_integer,1112,3689348814741910323217,3,3689348814741910323217,3,7
large_integer,1113,3698572186778765099025,3,3698572186778765099025,3,7
large_integer,1114,3698572186778765099027,3,3698572186778765099027,3,7
large_integer,1115,3707795558815619874835,3,3707795558815619874835,3,7
large_integer,1116,3698572186778765099029,3,3698572186778765099029,3,7
large_integer,1117,3707795558815619874837,3,3707795558815619874837,3,7
large_integer,1118,3707795558815619874839,3,3707795558815619874839,3,7
large_integer,1119,3717018930852474650647,3,3717018930852474650647,3,7
large_integer,1120,2462640333840225140749,2,2462640333840225140749,2,7
large_integer,1121,3689348814741910323213,3,3689348814741910323213,3,7
large_integer,1122,3689348814741910323215,3,3689348814741910323215,3,7
large_integer,1123,3698572186778765099023,3,3698572186778765099023,3,7
large_integer,1124,3689348814741910323217,3,3689348814741910323217,3,7
large_integer,1125,3698572186778765099025,3,3698572186778765099025,3,7
large_integer,1126,3698572186778765099027,3,3698572186778765099027,3,7
large_integer,1127,3707795558815619874835,3,3707795558815619874835,3,7
large_integer,1128,3689348814741910323219,3,3689348814741910323219,3,7
large_integer,1129,3698572186778765099027,3,3698572186778765099027,3,7
large_integer,1130,3698572186778765099029,3,3698572186778765099029,3,7
large_integer,1131,3707795558815619874837,3,3707795558815619874837,3,7
large_integer,1132,3698572186778765099031,3,3698572186778765099031,3,7
large_integer,1133,3707795558815619874839,3,3707795558815619874839,3,7
large_integer,1134,3707795558815619874841,3,3707795558815619874841,3,7
large_integer,1135,3717018930852474650649,3,3717018930852474650649,3,7
large_integer,1136,2471863705877079916557,2,2471863705877079916557,2,7
large_integer,1137,3698572186778765099021,3,3698572186778765099021,3,7
large_integer,1138,3698572186778765099023,3,3698572186778765099023,3,7
large_integer,1139,3707795558815619874831,3,3707795558815619874831,3,7
large_integer,1140,3698572186778765099025,3,3698572186778765099025,3,7
large_integer,1141,3707795558815619874833,3,3707795558815619874833,3,7
large_integer,1142,3707795558815619874835,3,3707795558815619874835,3,7
large_integer,1143,3717018930852474650643,3,3717018930852474650643,3,7
large_integer,1144,3698572186778765099027,3,3698572186778765099027,3,7
large_integer,1145,3707795558815619874835,3,3707795558815619874835,3,7
large_integer,1146,3707795558815619874837,3,3707795558815619874837,3,7
large_integer,1147,3717018930852474650645,3,3717018930852474650645,3,7
large_integer,1148,3707795558815619874839,3,3707795558815619874839,3,7
large_integer,1149,3717018930852474650647,3,3717018930852474650647,3,7
large_integer,1150,3717018930852474650649,3,3717018930852474650649,3,7
large_integer,1151,3726242302889329426457,3,3726242302889329426457,3,7
large_integer,1152,2453416961803370364941,2,2453416961803370364941,2,7
large_integer,1153,3680125442705055547405,3,3680125442705055547405,3,7
large_integer,1154,3680125442705055547407,3,3680125442705055547407,3,7
large_integer,1155,3689348814741910323215,3,3689348814741910323215,3,7
large_integer,1156,3680125442705055547409,3,3680125442705055547409,3,7
large_integer,1157,3689348814741910323217,3,3689348814741910323217,3,7
large_integer,1158,3689348814741910323219,3,3689348814741910323219,3,7
large_integer,1159,3698572186778765099027,3,3698572186778765099027,3,7
large_integer,1160,3680125442705055547411,3,3680125442705055547411,3,7
large_integer,1161,3689348814741910323219,3,3689348814741910323219,3,7
large_integer,1162,3689348814741910323221,3,3689348814741910323221,3,7
large_integer,1163,3698572186778765099029,3,3698572186778765099029,3,7
large_integer,1164,3689348814741910323223,3,3689348814741910323223,3,7
large_integer,1165,3698572186778765099031,3,3698572186778765099031,3,7
large_integer,1166,3698572186778765099033,3,3698572186778765099033,3,7
large_integer,1167,3707795558815619874841,3,3707795558815619874841,3,7
large_integer,1168,2462640333840225140749,2,2462640333840225140749,2,7
large_integer,1169,3689348814741910323213,3,3689348814741910323213,3,7
large_integer,1170,3689348814741910323215,3,3689348814741910323215,3,7
large_integer,1171,3698572186778765099023,3,3698572186778765099023,3,7
large_integer,1172,3689348814741910323217,3,3689348814741910323217,3,7
large_integer,1173,3698572186778765099025,3,3698572186778765099025,3,7
large_integer,1174,3698572186778765099027,3,3698572186778765099027,3,7
large_integer,1175,3707795558815619874835,3,3707795558815619874835,3,7
large_integer,1176,3689348814741910323219,3,3689348814741910323219,3,7
large_integer,1177,3698572186778765099027,3,3698572186778765099027,3,7
large_integer,1178,3698572186778765099029,3,3698572186778765099029,3,7
large_integer,1179,3707795558815619874837,3,3707795558815619874837,3,7
large_integer,1180,3698572186778765099031,3,3698572186778765099031,3,7
large_integer,1181,3707795558815619874839,3,3707795558815619874839,3,7
large_integer,1182,3707795558815619874841,3,3707795558815619874841,3,7
large_integer,1183,3717018930852474650649,3,3717018930852474650649,3,7
large_integer,1184,2462640333840225140751,2,2462640333840225140751,2,7
large_integer,1185,3689348814741910323215,3,3689348814741910323215,3,7
large_integer,1186,3689348814741910323217,3,3689348814741910323217,3,7
large_integer,1187,3698572186778765099025,3,3698572186778765099025,3,7
large_integer,1188,3689348814741910323219,3,3689348814741910323219,3,7
large_integer,1189,3698572186778765099027,3,3698572186778765099027,3,7
large_integer,1190,3698572186778765099029,3,3698572186778765099029,3,7
large_integer,1191,3707795558815619874837,3,3707795558815619874837,3,7
large_integer,1192,3689348814741910323221,3,3689348814741910323221,3,7
large_integer,1193,3698572186778765099029,3,3698572186778765099029,3,7
large_integer,1194,3698572186778765099031,3,3698572186778765099031,3,7
large_integer,1195,3707795558815619874839,3,3707795558815619874839,3,7
large_integer,1196,3698572186778765099033,3,3698572186778765099033,3,7
large_integer,1197,3707795558815619874841,3,3707795558815619874841,3,7
large_integer,1198,3707795558815619874843,3,3707795558815619874843,3,7
large_integer,1199,3717018930852474650651,3,3717018930852474650651,3,7
large_integer,1200,2471863705877079916559,2,2471863705877079916559,2,7
large_integer,1201,3698572186778765099023,3,3698572186778765099023,3,7
large_integer,1202,3698572186778765099025,3,3698572186778765099025,3,7
large_integer,1203,3707795558815619874833,3,3707795558815619874833,3,7
large_integer,1204,3698572186778765099027,3,3698572186778765099027,3,7
large_integer,1205,3707795558815619874835,3,3707795558815619874835,3,7
large_integer,1206,3707795558815619874837,3,3707795558815619874837,3,7
large_integer,1207,3717018930852474650645,3,3717018930852474650645,3,7
large_integer,1208,3698572186778765099029,3,3698572186778765099029,3,7
large_integer,1209,3707795558815619874837,3,3707795558815619874837,3,7
large_integer,1210,3707795558815619874839,3,3707795558815619874839,3,7
large_integer,1211,3717018930852474650647,3,3717018930852474650647,3,7
large_integer,1212,3707795558815619874841,3,3707795558815619874841,3,7
large_integer,1213,3717018930852474650649,3,3717018930852474650649,3,7
large_integer,1214,3717018930852474650651,3,3717018930852474650651,3,7
large_integer,1215,3726242302889329426459,3,3726242302889329426459,3,7
large_integer,1216,2462640333840225140753,2,2462640333840225140753,2,7
large_integer,1217,3689348814741910323217,3,3689348814741910323217,3,7
large_integer,1218,3689348814741910323219,3,3689348814741910323219,3,7
large_integer,1219,3698572186778765099027,3,3698572186778765099027,3,7
large_integer,1220,3689348814741910323221,3,3689348814741910323221,3,7
large_integer,1221,3698572186778765099029,3,3698572186778765099029,3,7
large_integer,1222,3698572186778765099031,3,3698572186778765099031,3,7
large_integer,1223,3707795558815619874839,3,3707795558815619874839,3,7
large_integer,1224,3689348814741910323223,3,3689348814741910323223,3,7
large_integer,1225,3698572186778765099031,3,3698572186778765099031,3,7
large_integer,1226,3698572186778765099033,3,3698572186778765099033,3,7
large_integer,1227,3707795558815619874841,3,3707795558815619874841,3,7
large_integer,1228,3698572186778765099035,3,3698572186778765099035,3,7
large_integer,1229,3707795558815619874843,3,3707795558815619874843,3,7
large_integer,1230,3707795558815619874845,3,3707795558815619874845,3,7
large_integer,1231,3717018930852474650653,3,3717018930852474650653,3,7
large_integer,1232,2471863705877079916561,2,2471863705877079916561,2,7
large_integer,1233,3698572186778765099025,3,3698572186778765099025,3,7
large_integer,1234,3698572186778765099027,3,3698572186778765099027,3,7
large_integer,1235,3707795558815619874835,3,3707795558815619874835,3,7
large_integer,1236,3698572186778765099029,3,3698572186778765099029,3,7
large_integer,1237,3707795558815619874837,3,3707795558815619874837,3,7
large_integer,1238,3707795558815619874839,3,3707795558815619874839,3,7
large_integer,1239,3717018930852474650647,3,3717018930852474650647,3,7
large_integer,1240,3698572186778765099031,3,3698572186778765099031,3,7
large_integer,1241,3707795558815619874839,3,3707795558815619874839,3,7
large_integer,1242,3707795558815619874841,3,3707795558815619874841,3,7
large_integer,1243,3717018930852474650649,3,3717018930852474650649,3,7
large_integer,1244,3707795558815619874843,3,3707795558815619874843,3,7
large_integer,1245,3717018930852474650651,3,3717018930852474650651,3,7
large_integer,1246,3717018930852474650653,3,3717018930852474650653,3,7
large_integer,1247,3726242302889329426461,3,3726242302889329426461,3,7
large_integer,1248,2471863705877079916563,2,2471863705877079916563,2,7
large_integer,1249,3698572186778765099027,3,3698572186778765099027,3,7
large_integer,1250,3698572186778765099029,3,3698572186778765099029,3,7
large_integer,1251,3707795558815619874837,3,3707795558815619874837,3,7
large_integer,1252,3698572186778765099031,3,3698572186778765099031,3,7
large_integer,1253,3707795558815619874839,3,3707795558815619874839,3,7
large_integer,1254,3707795558815619874841,3,3707795558815619874841,3,7
large_integer,1255,3717018930852474650649,3,3717018930852474650649,3,7
large_integer,1256,3698572186778765099033,3,3698572186778765099033,3,7
large_integer,1257,3707795558815619874841,3,3707795558815619874841,3,7
large_integer,1258,3707795558815619874843,3,3707795558815619874843,3,7
large_integer,1259,3717018930852474650651,3,3717018930852474650651,3,7
large_integer,1260,3707795558815619874845,3,3707795558815619874845,3,7
large_integer,1261,3717018930852474650653,3,3717018930852474650653,3,7
large_integer,1262,3717018930852474650655,3,3717018930852474650655,3,7
large_integer,1263,3726242302889329426463,3,3726242302889329426463,3,7
large_integer,1264,2481087077913934692371,2,2481087077913934692371,2,7
large_integer,1265,3707795558815619874835,3,3707795558815619874835,3,7
large_integer,1266,3707795558815619874837,3,3707795558815619874837,3,7
large_integer,1267,3717018930852474650645,3,3717018930852474650645,3,7
large_integer,1268,3707795558815619874839,3,3707795558815619874839,3,7
large_integer,1269,3717018930852474650647,3,3717018930852474650647,3,7
large_integer,1270,3717018930852474650649,3,3717018930852474650649,3,7
large_integer,1271,3726242302889329426457,3,3726242302889329426457,3,7
large_integer,1272,3707795558815619874841,3,3707795558815619874841,3,7
large_integer,1273,3717018930852474650649,3,3717018930852474650649,3,7
large_integer,1274,3717018930852474650651,3,3717018930852474650651,3,7
large_integer,1275,3726242302889329426459,3,3726242302889329426459,3,7
large_integer,1276,3717018930852474650653,3,3717018930852474650653,3,7
large_integer,1277,3726242302889329426461,3,3726242302889329426461,3,7
large_integer,1278,3726242302889329426463,3,3726242302889329426463,3,7
large_integer,1279,3735465674926184202271,3,3735465674926184202271,3,7
large_integer,1280,1235931852938539958278,1,1235931852938539958278,1,7
large_integer,1281,2462640333840225140742,2,2462640333840225140742,2,7
large_integer,1282,2462640333840225140744,2,2462640333840225140744,2,7
large_integer,1283,2471863705877079916552,2,2471863705877079916552,2,7
large_integer,1284,2462640333840225140746,2,2462640333840225140746,2,7
large_integer,1285,2471863705877079916554,2,2471863705877079916554,2,7
large_integer,1286,2471863705877079916556,2,2471863705877079916556,2,7
large_integer,1287,2481087077913934692364,2,2481087077913934692364,2,7
large_integer,1288,2462640333840225140748,2,2462640333840225140748,2,7
large_integer,1289,2471863705877079916556,2,2471863705877079916556,2,7
large_integer,1290,2471863705877079916558,2,2471863705877079916558,2,7
large_integer,1291,2481087077913934692366,2,2481087077913934692366,2,7
large_integer,1292,2471863705877079916560,2,2471863705877079916560,2,7
large_integer,1293,2481087077913934692368,2,2481087077913934692368,2,7
large_integer,1294,2481087077913934692370,2,2481087077913934692370,2,7
large_integer,1295,2490310449950789468178,2,2490310449950789468178,2,7
large_integer,1296,2462640333840225140743,2,2462640333840225140743,2,7
large_integer,1297,3689348814741910323207,3,3689348814741910323207,3,7
large_integer,1298,3689348814741910323209,3,3689348814741910323209,3,7
large_integer,1299,3698572186778765099017,3,3698572186778765099017,3,7
large_integer,1300,3689348814741910323211,3,3689348814741910323211,3,7
large_integer,1301,3698572186778765099019,3,3698572186778765099019,3,7
large_integer,1302,3698572186778765099021,3,3698572186778765099021,3,7
large_integer,1303,3707795558815619874829,3,3707795558815619874829,3,7
large_integer,1304,3689348814741910323213,3,3689348814741910323213,3,7
large_integer,1305,3698572186778765099021,3,3698572186778765099021,3,7
large_integer,1306,3698572186778765099023,3,3698572186778765099023,3,7
large_integer,1307,3707795558815619874831,3,3707795558815619874831,3,7
large_integer,1308,3698572186778765099025,3,3698572186778765099025,3,7
large_integer,1309,3707795558815619874833,3,3707795558815619874833,3,7
large_integer,1310,3707795558815619874835,3,3707795558815619874835,3,7
large_integer,1311,3717018930852474650643,3,3717018930852474650643,3,7
large_integer,1312,2462640333840225140745,2,2462640333840225140745,2,7
large_integer,1313,3689348814741910323209,3,3689348814741910323209,3,7
large_integer,1314,3689348814741910323211,3,3689348814741910323211,3,7
large_integer,1315,3698572186778765099019,3,3698572186778765099019,3,7
large_integer,1316,3689348814741910323213,3,3689348814741910323213,3,7
large_integer,1317,3698572186778765099021,3,3698572186778765099021,3,7
large_integer,1318,3698572186778765099023,3,3698572186778765099023,3,7
large_integer,1319,3707795558815619874831,3,3707795558815619874831,3,7
large_integer,1320,3689348814741910323215,3,3689348814741910323215,3,7
large_integer,1321,3698572186778765099023,3,3698572186778765099023,3,7
large_integer,1322,3698572186778765099025,3,3698572186778765099025,3,7
large_integer,1323,3707795558815619874833,3,3707795558815619874833,3,7
large_integer,1324,3698572186778765099027,3,3698572186778765099027,3,7
large_integer,1325,3707795558815619874835,3,3707795558815619874835,3,7
large_integer,1326,3707795558815619874837,3,3707795558815619874837,3,7
large_integer,1327,3717018930852474650645,3,3717018930852474650645,3,7
large_integer,1328,2471863705877079916553,2,2471863705877079916553,2,7
large_integer,1329,3698572186778765099017,3,3698572186778765099017,3,7
large_integer,1330,3698572186778765099019,3,3698572186778765099019,3,7
large_integer,1331,3707795558815619874827,3,3707795558815619874827,3,7
large_integer,1332,3698572186778765099021,3,3698572186778765099021,3,7
large_integer,1333,3707795558815619874829,3,3707795558815619874829,3,7
large_integer,1334,3707795558815619874831,3,3707795558815619874831,3,7
large_integer,1335,3717018930852474650639,3,3717018930852474650639,3,7
large_integer,1336,3698572186778765099023,3,3698572186778765099023,3,7
large_integer,1337,3707795558815619874831,3,3707795558815619874831,3,7
large_integer,1338,3707795558815619874833,3,3707795558815619874833,3,7
large_integer,1339,3717018930852474650641,3,3717018930852474650641,3,7
large_integer,1340,3707795558815619874835,3,3707795558815619874835,3,7
large_integer,1341,3717018930852474650643,3,3717018930852474650643,3,7
large_integer,1342,3717018930852474650645,3,3717018930852474650645,3,7
large_integer,1343,3726242302889329426453,3,3726242302889329426453,3,7
large_integer,1344,2462640333840225140747,2,2462640333840225140747,2,7
large_integer,1345,3689348814741910323211,3,3689348814741910323211,3,7
large_integer,1346,3689348814741910323213,3,3689348814741910323213,3,7
large_integer,1347,3698572186778765099021,3,3698572186778765099021,3,7
large_integer,1348,3689348814741910323215,3,3689348814741910323215,3,7
large_integer,1349,3698572186778765099023,3,3698572186778765099023,3,7
large_integer,1350,3698572186778765099025,3,3698572186778765099025,3,7
large_integer,1351,3707795558815619874833,3,3707795558815619874833,3,7
large_integer,1352,3689348814741910323217,3,3689348814741910323217,3,7
large_integer,1353,3698572186778765099025,3,3698572186778765099025,3,7
large_integer,1354,3698572186778765099027,3,3698572186778765099027,3,7
large_integer,1355,3707795558815619874835,3,3707795558815619874835,3,7
large_integer,1356,3698572186778765099029,3,3698572186778765099029,3,7
large_integer,1357,3707795558815619874837,3,3707795558815619874837,3,7
large_integer,1358,3707795558815619874839,3,3707795558815619874839,3,7
large_integer,1359,3717018930852474650647,3,3717018930852474650647,3,7
large_integer,1360,2471863705877079916555,2,2471863705877079916555,2,7
large_integer,1361,3698572186778765099019,3,3698572186778765099019,3,7
large_integer,1362,3698572186778765099021,3,3698572186778765099021,3,7
large_integer,1363,3707795558815619874829,3,3707795558815619874829,3,7
large_integer,1364,3698572186778765099023,3,3698572186778765099023,3,7
large_integer,1365,3707795558815619874831,3,3707795558815619874831,3,7
large_integer,1366,3707795558815619874833,3,3707795558815619874833,3,7
large_integer,1367,3717018930852474650641,3,3717018930852474650641,3,7
large_integer,1368,3698572186778765099025,3,3698572186778765099025,3,7
large_integer,1369,3707795558815619874833,3,3707795558815619874833,3,7
large_integer,1370,3707795558815619874835,3,3707795558815619874835,3,7
large_integer,1371,3717018930852474650643,3,3717018930852474650643,3,7
large_integer,1372,3707795558815619874837,3,3707795558815619874837,3,7
large_integer,1373,3717018930852474650645,3,3717018930852474650645,3,7
large_integer,1374,3717018930852474650647,3,3717018930852474650647,3,7
large_integer,1375,3726242302889329426455,3,3726242302889329426455,3,7
large_integer,1376,2471863705877079916557,2,2471863705877079916557,2,7
large_integer,1377,3698572186778765099021,3,3698572186778765099021,3,7
large_integer,1378,3698572186778765099023,3,3698572186778765099023,3,7
large_integer,1379,3707795558815619874831,3,3707795558815619874831,3,7
large_integer,1380,3698572186778765099025,3,3698572186778765099025,3,7
large_integer,1381,3707795558815619874833,3,3707795558815619874833,3,7
large_integer,1382,3707795558815619874835,3,3707795558815619874835,3,7
large_integer,1383,3717018930852474650643,3,3717018930852474650643,3,7
large_integer,1384,3698572186778765099027,3,3698572186778765099027,3,7
large_integer,1385,3707795558815619874835,3,3707795558815619874835,3,7
large_integer,1386,3707795558815619874837,3,3707795558815619874837,3,7
large_integer,1387,3717018930852474650645,3,3717018930852474650645,3,7
large_integer,1388,3707795558815619874839,3,3707795558815619874839,3,7
large_integer,1389,3717018930852474650647,3,3717018930852474650647,3,7
large_integer,1390,3717018930852474650649,3,3717018930852474650649,3,7
large_integer,1391,3726242302889329426457,3,3726242302889329426457,3,7
large_integer,1392,2481087077913934692365,2,2481087077913934692365,2,7
large_integer,1393,3707795558815619874829,3,3707795558815619874829,3,7
large_integer,1394,3707795558815619874831,3,3707795558815619874831,3,7
large_integer,1395,3717018930852474650639,3,3717018930852474650639,3,7
large_integer,1396,3707795558815619874833,3,3707795558815619874833,3,7
large_integer,1397,3717018930852474650641,3,3717018930852474650641,3,7
large_integer,1398,3717018930852474650643,3,3717018930852474650643,3,7
large_integer,1399,3726242302889329426451,3,3726242302889329426451,3,7
large_integer,1400,3707795558815619874835,3,3707795558815619874835,3,7
large_integer,1401,3717018930852474650643,3,3717018930852474650643,3,7
large_integer,1402,3717018930852474650645,3,3717018930852474650645,3,7
large_integer,1403,3726242302889329426453,3,3726242302889329426453,3,7
large_integer,1404,3717018930852474650647,3,3717018930852474650647,3,7
large_integer,1405,3726242302889329426455,3,3726242302889329426455,3,7
large_integer,1406,3726242302889329426457,3,3726242302889329426457,3,7
large_integer,1407,3735465674926184202265,3,3735465674926184202265,3,7
large_integer,1408,2462640333840225140749,2,2462640333840225140749,2,7
large_integer,1409,3689348814741910323213,3,3689348814741910323213,3,7
large_integer,1410,3689348814741910323215,3,3689348814741910323215,3,7
large_integer,1411,3698572186778765099023,3,3698572186778765099023,3,7
large_integer,1412,3689348814741910323217,3,3689348814741910323217,3,7
large_integer,1413,3698572186778765099025,3,3698572186778765099025,3,7
large_integer,1414,3698572186778765099027,3,3698572186778765099027,3,7
large_integer,1415,3707795558815619874835,3,3707795558815619874835,3,7
large_integer,1416,3689348814741910323219,3,3689348814741910323219,3,7
large_integer,1417,3698572186778765099027,3,3698572186778765099027,3,7
large_integer,1418,3698572186778765099029,3,3698572186778765099029,3,7
large_integer,1419,3707795558815619874837,3,3707795558815619874837,3,7
large_integer,1420,3698572186778765099031,3,3698572186778765099031,3,7
large_integer,1421,3707795558815619874839,3,3707795558815619874839,3,7
large_integer,1422,3707795558815619874841,3,3707795558815619874841,3,7
large_integer,1423,3717018930852474650649,3,3717018930852474650649,3,7
large_integer,1424,2471863705877079916557,2,2471863705877079916557,2,7
large_integer,1425,3698572186778765099021,3,3698572186778765099021,3,7
large_integer,1426,3698572186778765099023,3,3698572186778765099023,3,7
large_integer,1427,3707795558815619874831,3,3707795558815619874831,3,7
large_integer,1428,3698572186778765099025,3,3698572186778765099025,3,7
large_integer,1429,3707795558815619874833,3,3707795558815619874833,3,7
large_integer,1430,3707795558815619874835,3,3707795558815619874835,3,7
large_integer,1431,3717018930852474650643,3,3717018930852474650643,3,7
large_integer,1432,3698572186778765099027,3,3698572186778765099027,3,7
large_integer,1433,3707795558815619874835,3,3707795558815619874835,3,7
large_integer,1434,3707795558815619874837,3,3707795558815619874837,3,7
large_integer,1435,3717018930852474650645,3,3717018930852474650645,3,7
large_integer,1436,3707795558815619874839,3,3707795558815619874839,3,7
large_integer,1437,3717018930852474650647,3,3717018930852474650647,3,7
large_integer,1438,3717018930852474650649,3,3717018930852474650649,3,7
large_integer,1439,3726242302889329426457,3,3726242302889329426457,3,7
large_integer,1440,2471863705877079916559,2,2471863705877079916559,2,7
large_integer,1441,3698572186778765099023,3,3698572186778765099023,3,7
large_integer,1442,3698572186778765099025,3,3698572186778765099025,3,7
large_integer,1443,3707795558815619874833,3,3707795558815619874833,3,7
large_integer,1444,3698572186778765099027,3,3698572186778765099027,3,7
large_integer,1445,3707795558815619874835,3,3707795558815619874835,3,7
large_integer,1446,3707795558815619874837,3,3707795558815619874837,3,7
large_integer,1447,3717018930852474650645,3,3717018930852474650645,3,7
large_integer,1448,3698572186778765099029,3,3698572186778765099029,3,7
large_integer,1449,3707795558815619874837,3,3707795558815619874837,3,7
large_integer,1450,3707795558815619874839,3,3707795558815619874839,3,7
large_integer,1451,3717018930852474650647,3,3717018930852474650647,3,7
large_integer,1452,3707795558815619874841,3,3707795558815619874841,3,7
large_integer,1453,3717018930852474650649,3,3717018930852474650649,3,7
large_integer,1454,3717018930852474650651,3,3717018930852474650651,3,7
large_integer,1455,3726242302889329426459,3,3726242302889329426459,3,7
large_integer,1456,2481087077913934692367,2,2481087077913934692367,2,7
large_integer,1457,3707795558815619874831,3,3707795558815619874831,3,7
large_integer,1458,3707795558815619874833,3,3707795558815619874833,3,7
large_integer,1459,3717018930852474650641,3,3717018930852474650641,3,7
large_integer,1460,3707795558815619874835,3,3707795558815619874835,3,7
large_integer,1461,3717018930852474650643,3,3717018930852474650643,3,7
large_integer,1462,3717018930852474650645,3,3717018930852474650645,3,7
large_integer,1463,3726242302889329426453,3,3726242302889329426453,3,7
large_integer,1464,3707795558815619874837,3,3707795558815619874837,3,7
large_integer,1465,3717018930852474650645,3,3717018930852474650645,3,7
large_integer,1466,3717018930852474650647,3,3717018930852474650647,3,7
large_integer,1467,3726242302889329426455,3,3726242302889329426455,3,7
large_integer,1468,3717018930852474650649,3,3717018930852474650649,3,7
large_integer,1469,3726242302889329426457,3,3726242302889329426457,3,7
large_integer,1470,3726242302889329426459,3,3726242302889329426459,3,7
large_integer,1471,3735465674926184202267,3,3735465674926184202267,3,7
large_integer,1472,2471863705877079916561,2,2471863705877079916561,2,7
large_integer,1473,3698572186778765099025,3,3698572186778765099025,3,7
large_integer,1474,3698572186778765099027,3,3698572186778765099027,3,7
large_integer,1475,3707795558815619874835,3,3707795558815619874835,3,7
large_integer,1476,3698572186778765099029,3,3698572186778765099029,3,7
large_integer,1477,3707795558815619874837,3,3707795558815619874837,3,7
large_integer,1478,3707795558815619874839,3,3707795558815619874839,3,7
large_integer,1479,3717018930852474650647,3,3717018930852474650647,3,7
large_integer,1480,3698572186778765099031,3,3698572186778765099031,3,7
large_integer,1481,3707795558815619874839,3,3707795558815619874839,3,7
large_integer,1482,3707795558815619874841,3,3707795558815619874841,3,7
large_integer,1483,3717018930852474650649,3,3717018930852474650649,3,7
large_integer,1484,3707795558815619874843,3,3707795558815619874843,3,7
large_integer,1485,3717018930852474650651,3,3717018930852474650651,3,7
large_integer,1486,3717018930852474650653,3,3717018930852474650653,3,7
large_integer,1487,3726242302889329426461,3,3726242302889329426461,3,7
large_integer,1488,2481087077913934692369,2,2481087077913934692369,2,7
large_integer,1489,3707795558815619874833,3,3707795558815619874833,3,7
large_integer,1490,3707795558815619874835,3,3707795558815619874835,3,7
large_integer,1491,3717018930852474650643,3,3717018930852474650643,3,7
large_integer,1492,3707795558815619874837,3,3707795558815619874837,3,7
large_integer,1493,3717018930852474650645,3,3717018930852474650645,3,7
large_integer,1494,3717018930852474650647,3,3717018930852474650647,3,7
large_integer,1495,3726242302889329426455,3,3726242302889329426455,3,7
large_integer,1496,3707795558815619874839,3,3707795558815619874839,3,7
large_integer,1497,3717018930852474650647,3,3717018930852474650647,3,7
large_integer,1498,3717018930852474650649,3,3717018930852474650649,3,7
large_integer,1499,3726242302889329426457,3,3726242302889329426457,3,7
large_integer,1500,3717018930852474650651,3,3717018930852474650651,3,7
large_integer,1501,3726242302889329426459,3,3726242302889329426459,3,7
large_integer,1502,3726242302889329426461,3,3726242302889329426461,3,7
large_integer,1503,3735465674926184202269,3,3735465674926184202269,3,7
large_integer,1504,2481087077913934692371,2,2481087077913934692371,2,7
large_integer,1505,3707795558815619874835,3,3707795558815619874835,3,7
large_integer,1506,3707795558815619874837,3,3707795558815619874837,3,7
large_integer,1507,3717018930852474650645,3,3717018930852474650645,3,7
large_integer,1508,3707795558815619874839,3,3707795558815619874839,3,7
large_integer,1509,3717018930852474650647,3,3717018930852474650647,3,7
large_integer,1510,3717018930852474650649,3,3717018930852474650649,3,7
large_integer,1511,3726242302889329426457,3,3726242302889329426457,3,7
large_integer,1512,3707795558815619874841,3,3707795558815619874841,3,7
large_integer,1513,3717018930852474650649,3,3717018930852474650649,3,7
large_integer,1514,3717018930852474650651,3,3717018930852474650651,3,7
large_integer,1515,3726242302889329426459,3,3726242302889329426459,3,7
large_integer,1516,3717018930852474650653,3,3717018930852474650653,3,7
large_integer,1517,3726242302889329426461,3,3726242302889329426461,3,7
large_integer,1518,3726242302889329426463,3,3726242302889329426463,3,7
large_integer,1519,3735465674926184202271,3,3735465674926184202271,3,7
large_integer,1520,2490310449950789468179,2,2490310449950789468179,2,7
large_integer,1521,3717018930852474650643,3,3717018930852474650643,3,7
large_integer,1522,3717018930852474650645,3,3717018930852474650645,3,7
large_integer,1523,3726242302889329426453,3,3726242302889329426453,3,7
large_integer,1524,3717018930852474650647,3,3717018930852474650647,3,7
large_integer,1525,3726242302889329426455,3,3726242302889329426455,3,7
large_integer,1526,3726242302889329426457,3,3726242302889329426457,3,7
large_integer,1527,3735465674926184202265,3,3735465674926184202265,3,7
large_integer,1528,3717018930852474650649,3,3717018930852474650649,3,7
large_integer,1529,3726242302889329426457,3,3726242302889329426457,3,7
large_integer,1530,3726242302889329426459,3,3726242302889329426459,3,7
large_integer,1531,3735465674926184202267,3,3735465674926184202267,3,7
large_integer,1532,3726242302889329426461,3,3726242302889329426461,3,7
large_integer,1533,3735465674926184202269,3,3735465674926184202269,3,7
large_integer,1534,3735465674926184202271,3,3735465674926184202271,3,7
large_integer,1535,3744689046963038978079,3,3744689046963038978079,3,7
large_integer,1536,1235931852938539958280,1,1235931852938539958280,1,7
large_integer,1537,2462640333840225140744,2,2462640333840225140744,2,7
large_integer,1538,2462640333840225140746,2,2462640333840225140746,2,7
large_integer,1539,2471863705877079916554,2,2471863705877079916554,2,7
large_integer,1540,2462640333840225140748,2,2462640333840225140748,2,7
large_integer,1541,2471863705877079916556,2,2471863705877079916556,2,7
large_integer,1542,2471863705877079916558,2,2471863705877079916558,2,7
large_integer,1543,2481087077913934692366,2,2481087077913934692366,2,7
large_integer,1544,2462640333840225140750,2,2462640333840225140750,2,7
large_integer,1545,2471863705877079916558,2,2471863705877079916558,2,7
large_integer,1546,2471863705877079916560,2,2471863705877079916560,2,7
large_integer,1547,2481087077913934692368,2,2481087077913934692368,2,7
large_integer,1548,2471863705877079916562,2,2471863705877079916562,2,7
large_integer,1549,2481087077913934692370,2,2481087077913934692370,2,7
large_integer,1550,2481087077913934692372,2,2481087077913934692372,2,7
large_integer,1551,2490310449950789468180,2,2490310449950789468180,2,7
large_integer,1552,2462640333840225140745,2,2462640333840225140745,2,7
large_integer,1553,3689348814741910323209,3,3689348814741910323209,3,7
large_integer,1554,3689348814741910323211,3,3689348814741910323211,3,7
large_integer,1555,3698572186778765099019,3,3698572186778765099019,3,7
large_integer,1556,3689348814741910323213,3,3689348814741910323213,3,7
large_integer,1557,3698572186778765099021,3,3698572186778765099021,3,7
large_integer,1558,3698572186778765099023,3,3698572186778765099023,3,7
large_integer,1559,3707795558815619874831,3,3707795558815619874831,3,7
large_integer,1560,3689348814741910323215,3,3689348814741910323215,3,7
large_integer,1561,3698572186778765099023,3,3698572186778765099023,3,7
large_integer,1562,3698572186778765099025,3,3698572186778765099025,3,7
large_integer,1563,3707795558815619874833,3,3707795558815619874833,3,7
large_integer,1564,3698572186778765099027,3,3698572186778765099027,3,7
large_integer,1565,3707795558815619874835,3,3707795558815619874835,3,7
large_integer,1566,3707795558815619874837,3,3707795558815619874837,3,7
large_integer,1567,3717018930852474650645,3,3717018930852474650645,3,7
large_integer,1568,2462640333840225140747,2,2462640333840225140747,2,7
large_integer,1569,3689348814741910323211,3,3689348814741910323211,3,7
large_integer,1570,3689348814741910323213,3,3689348814741910323213,3,7
large_integer,1571,3698572186778765099021,3,3698572186778765099021,3,7
large_integer,1572,3689348814741910323215,3,3689348814741910323215,3,7
large_integer,1573,3698572186778765099023,3,3698572186778765099023,3,7
large_integer,1574,3698572186778765099025,3,3698572186778765099025,3,7
large_integer,1575,3707795558815619874833,3,3707795558815619874833,3,7
large_integer,1576,3689348814741910323217,3,3689348814741910323217,3,7
large_integer,1577,3698572186778765099025,3,3698572186778765099025,3,7
large_integer,1578,3698572186778765099027,3,3698572186778765099027,3,7
large_integer,1579,3707795558815619874835,3,3707795558815619874835,3,7
large_integer,1580,3698572186778765099029,3,3698572186778765099029,3,7
large_integer,1581,3707795558815619874837,3,3707795558815619874837,3,7
large_integer,1582,3707795558815619874839,3,3707795558815619874839,3,7
large_integer,1583,3717018930852474650647,3,3717018930852474650647,3,7
large_integer,1584,2471863705877079916555,2,2471863705877079916555,2,7
large_integer,1585,3698572186778765099019,3,3698572186778765099019,3,7
large_integer,1586,3698572186778765099021,3,3698572186778765099021,3,7
large_integer,1587,3707795558815619874829,3,3707795558815619874829,3,7
large_integer,1588,3698572186778765099023,3,3698572186778765099023,3,7
large_integer,1589,3707795558815619874831,3,3707795558815619874831,3,7
large_integer,1590,3707795558815619874833,3,3707795558815619874833,3,7
large_integer,1591,3717018930852474650641,3,3717018930852474650641,3,7
large_integer,1592,3698572186778765099025,3,3698572186778765099025,3,7
large_integer,1593,3707795558815619874833,3,3707795558815619874833,3,7
large_integer,1594,3707795558815619874835,3,3707795558815619874835,3,7
large_integer,1595,3717018930852474650643,3,3717018930852474650643,3,7
large_integer,1596,3707795558815619874837,3,3707795558815619874837,3,7
large_integer,1597,3717018930852474650645,3,3717018930852474650645,3,7
large_integer,1598,3717018930852474650647,3,3717018930852474650647,3,7
large_integer,1599,3726242302889329426455,3,3726242302889329426455,3,7
large_integer,1600,2462640333840225140749,2,2462640333840225140749,2,7
large_integer,1601,3689348814741910323213,3,3689348814741910323213,3,7
large_integer,1602,3689348814741910323215,3,3689348814741910323215,3,7
large_integer,1603,3698572186778765099023,3,3698572186778765099023,3,7
large_integer,1604,3689348814741910323217,3,3689348814741910323217,3,7
large_integer,1605,3698572186778765099025,3,3698572186778765099025,3,7
large_integer,1606,3698572186778765099027,3,3698572186778765099027,3,7
large_integer,1607,3707795558815619874835,3,3707795558815619874835,3,7
large_integer,1608,3689348814741910323219,3,3689348814741910323219,3,7
large_integer,1609,3698572186778765099027,3,3698572186778765099027,3,7
large_integer,1610,3698572186778765099029,3,3698572186778765099029,3,7
large_integer,1611,3707795558815619874837,3,3707795558815619874837,3,7
large_integer,1612,3698572186778765099031,3,3698572186778765099031,3,7
large_integer,1613,3707795558815619874839,3,3707795558815619874839,3,7
large_integer,1614,3707795558815619874841,3,3707795558815619874841,3,7
large_integer,1615,3717018930852474650649,3,3717018930852474650649,3,7
large_integer,1616,2471863705877079916557,2,2471863705877079916557,2,7
large_integer,1617,3698572186778765099021,3,3698572186778765099021,3,7
large_integer,1618,3698572186778765099023,3,3698572186778765099023,3,7
large_integer,1619,3707795558815619874831,3,3707795558815619874831,3,7
large_integer,1620,3698572186778765099025,3,3698572186778765099025,3,7
large_integer,1621,3707795558815619874833,3,3707795558815619874833,3,7
large_integer,1622,3707795558815619874835,3,3707795558815619874835,3,7
large_integer,1623,3717018930852474650643,3,3717018930852474650643,3,7
large_integer,1624,3698572186778765099027,3,3698572186778765099027,3,7
large_integer,1625,3707795558815619874835,3,3707795558815619874835,3,7
large_integer,1626,3707795558815619874837,3,3707795558815619874837,3,7
large_integer,1627,3717018930852474650645,3,3717018930852474650645,3,7
large_integer,1628,3707795558815619874839,3,3707795558815619874839,3,7
large_integer,1629,3717018930852474650647,3,3717018930852474650647,3,7
large_integer,1630,3717018930852474650649,3,3717018930852474650649,3,7
large_integer,1631,3726242302889329426457,3,3726242302889329426457,3,7
large_integer,1632,2471863705877079916559,2,2471863705877079916559,2,7
large_integer,1633,3698572186778765099023,3,3698572186778765099023,3,7
large_integer,1634,3698572186778765099025,3,3698572186778765099025,3,7
large_integer,1635,3707795558815619874833,3,3707795558815619874833,3,7
large_integer,1636,3698572186778765099027,3,3698572186778765099027,3,7
large_integer,1637,3707795558815619874835,3,3707795558815619874835,3,7
large_integer,1638,3707795558815619874837,3,3707795558815619874837,3,7
large_integer,1639,3717018930852474650645,3,3717018930852474650645,3,7
large_integer,1640,3698572186778765099029,3,3698572186778765099029,3,7
large_integer,1641,3707795558815619874837,3,3707795558815619874837,3,7
large_integer,1642,3707795558815619874839,3,3707795558815619874839,3,7
large_integer,1643,3717018930852474650647,3,3717018930852474650647,3,7
large_integer,1644,3707795558815619874841,3,3707795558815619874841,3,7
large_integer,1645,3717018930852474650649,3,3717018930852474650649,3,7
large_integer,1646,3717018930852474650651,3,3717018930852474650651,3,7
large_integer,1647,3726242302889329426459,3,3726242302889329426459,3,7
large_integer,1648,2481087077913934692367,2,2481087077913934692367,2,7
large_integer,1649,3707795558815619874831,3,3707795558815619874831,3,7
large_integer,1650,3707795558815619874833,3,3707795558815619874833,3,7
large_integer,1651,3717018930852474650641,3,3717018930852474650641,3,7
large_integer,1652,3707795558815619874835,3,3707795558815619874835,3,7
large_integer,1653,3717018930852474650643,3,3717018930852474650643,3,7
large_integer,1654,3717018930852474650645,3,3717018930852474650645,3,7
large_integer,1655,3726242302889329426453,3,3726242302889329426453,3,7
large_integer,1656,3707795558815619874837,3,3707795558815619874837,3,7
large_integer,1657,3717018930852474650645,3,3717018930852474650645,3,7
large_integer,1658,3717018930852474650647,3,3717018930852474650647,3,7
large_integer,1659,3726242302889329426455,3,3726242302889329426455,3,7
large_integer,1660,3717018930852474650649,3,3717018930852474650649,3,7
large_integer,1661,3726242302889329426457,3,3726242302889329426457,3,7
large_integer,1662,3726242302889329426459,3,3726242302889329426459,3,7
large_integer,1663,3735465674926184202267,3,3735465674926184202267,3,7
large_integer,1664,2462640333840225140751,2,2462640333840225140751,2,7
large_integer,1665,3689348814741910323215,3,3689348814741910323215,3,7
large_integer,1666,3689348814741910323217,3,3689348814741910323217,3,7
large_integer,1667,3698572186778765099025,3,3698572186778765099025,3,7
large_integer,1668,3689348814741910323219,3,3689348814741910323219,3,7
large_integer,1669,3698572186778765099027,3,3698572186778765099027,3,7
large_integer,1670,3698572186778765099029,3,3698572186778765099029,3,7
large_integer,1671,3707795558815619874837,3,3707795558815619874837,3,7
large_integer,1672,3689348814741910323221,3,3689348814741910323221,3,7
large_integer,1673,3698572186778765099029,3,3698572186778765099029,3,7
large_integer,1674,3698572186778765099031,3,3698572186778765099031,3,7
large_integer,1675,3707795558815619874839,3,3707795558815619874839,3,7
large_integer,1676,3698572186778765099033,3,3698572186778765099033,3,7
large_integer,1677,3707795558815619874841,3,3707795558815619874841,3,7
large_integer,1678,3707795558815619874843,3,3707795558815619874843,3,7
large_integer,1679,3717018930852474650651,3,3717018930852474650651,3,7
large_integer,1680,2471863705877079916559,2,2471863705877079916559,2,7
large_integer,1681,3698572186778765099023,3,3698572186778765099023,3,7
large_integer,1682,3698572186778765099025,3,3698572186778765099025,3,7
large_integer,1683,3707795558815619874833,3,3707795558815619874833,3,7
large_integer,1684,3698572186778765099027,3,3698572186778765099027,3,7
large_integer,1685,3707795558815619874835,3,3707795558815619874835,3,7
large_integer,1686,3707795558815619874837,3,3707795558815619874837,3,7
large_integer,1687,3717018930852474650645,3,3717018930852474650645,3,7
large_integer,1688,3698572186778765099029,3,3698572186778765099029,3,7
large_integer,1689,3707795558815619874837,3,3707795558815619874837,3,7
large_integer,1690,3707795558815619874839,3,3707795558815619874839,3,7
large_integer,1691,3717018930852474650647,3,3717018930852474650647,3,7
large_integer,1692,3707795558815619874841,3,3707795558815619874841,3,7
large_integer,1693,3717018930852474650649,3,3717018930852474650649,3,7
large_integer,1694,3717018930852474650651,3,3717018930852474650651,3,7
large_integer,1695,3726242302889329426459,3,3726242302889329426459,3,7
large_integer,1696,2471863705877079916561,2,2471863705877079916561,2,7
large_integer,1697,3698572186778765099025,3,3698572186778765099025,3,7
large_integer,1698,3698572186778765099027,3,3698572186778765099027,3,7
large_integer,1699,3707795558815619874835,3,3707795558815619874835,3,7
large_integer,1700,3698572186778765099029,3,3698572186778765099029,3,7
large_integer,1701,3707795558815619874837,3,3707795558815619874837,3,7
large_integer,1702,3707795558815619874839,3,3707795558815619874839,3,7
large_integer,1703,3717018930852474650647,3,3717018930852474650647,3,7
large_integer,1704,3698572186778765099031,3,3698572186778765099031,3,7
large_integer,1705,3707795558815619874839,3,3707795558815619874839,3,7
large_integer,1706,3707795558815619874841,3,3707795558815619874841,3,7
large_integer,1707,3717018930852474650649,3,3717018930852474650649,3,7
large_integer,1708,3707795558815619874843,3,3707795558815619874843,3,7
large_integer,1709,3717018930852474650651,3,3717018930852474650651,3,7
large_integer,1710,3717018930852474650653,3,3717018930852474650653,3,7
large_integer,1711,3726242302889329426461,3,3726242302889329426461,3,7
large_integer,1712,2481087077913934692369,2,2481087077913934692369,2,7
large_integer,1713,3707795558815619874833,3,3707795558815619874833,3,7
large_integer,1714,3707795558815619874835,3,3707795558815619874835,3,7
large_integer,1715,3717018930852474650643,3,3717018930852474650643,3,7
large_integer,1716,3707795558815619874837,3,3707795558815619874837,3,7
large_integer,1717,3717018930852474650645,3,3717018930852474650645,3,7
large_integer,1718,3717018930852474650647,3,3717018930852474650647,3,7
large_integer,1719,3726242302889329426455,3,3726242302889329426455,3,7
large_integer,1720,3707795558815619874839,3,3707795558815619874839,3,7
large_integer,1721,3717018930852474650647,3,3717018930852474650647,3,7
large_integer,1722,3717018930852474650649,3,3717018930852474650649,3,7
large_integer,1723,3726242302889329426457,3,3726242302889329426457,3,7
large_integer,1724,3717018930852474650651,3,3717018930852474650651,3,7
large_integer,1725,3726242302889329426459,3,3726242302889329426459,3,7
large_integer,1726,3726242302889329426461,3,3726242302889329426461,3,7
large_integer,1727,3735465674926184202269,3,3735465674926184202269,3,7
large_integer,1728,2471863705877079916563,2,2471863705877079916563,2,7
large_integer,1729,3698572186778765099027,3,3698572186778765099027,3,7
large_integer,1730,3698572186778765099029,3,3698572186778765099029,3,7
large_integer,1731,3707795558815619874837,3,3707795558815619874837,3,7
large_integer,1732,3698572186778765099031,3,3698572186778765099031,3,7
large_integer,1733,3707795558815619874839,3,3707795558815619874839,3,7
large_integer,1734,3707795558815619874841,3,3707795558815619874841,3,7
large_integer,1735,3717018930852474650649,3,3717018930852474650649,3,7
large_integer,1736,3698572186778765099033,3,3698572186778765099033,3,7
large_integer,1737,3707795558815619874841,3,3707795558815619874841,3,7
large_integer,1738,3707795558815619874843,3,3707795558815619874843,3,7
large_integer,1739,3717018930852474650651,3,3717018930852474650651,3,7
large_integer,1740,3707795558815619874845,3,3707795558815619874845,3,7
large_integer,1741,3717018930852474650653,3,3717018930852474650653,3,7
large_integer,1742,3717018930852474650655,3,3717018930852474650655,3,7
large_integer,1743,3726242302889329426463,3,3726242302889329426463,3,7
large_integer,1744,2481087077913934692371,2,2481087077913934692371,2,7
large_integer,1745,3707795558815619874835,3,3707795558815619874835,3,7
large_integer,1746,3707795558815619874837,3,3707795558815619874837,3,7
large_integer,1747,3717018930852474650645,3,3717018930852474650645,3,7
large_integer,1748,3707795558815619874839,3,3707795558815619874839,3,7
large_integer,1749,3717018930852474650647,3,3717018930852474650647,3,7
large_integer,1750,3717018930852474650649,3,3717018930852474650649,3,7
large_integer,1751,3726242302889329426457,3,3726242302889329426457,3,7
large_integer,1752,3707795558815619874841,3,3707795558815619874841,3,7
large_integer,1753,3717018930852474650649,3,3717018930852474650649,3,7
large_integer,1754,3717018930852474650651,3,3717018930852474650651,3,7
large_integer,1755,3726242302889329426459,3,3726242302889329426459,3,7
large_integer,1756,3717018930852474650653,3,3717018930852474650653,3,7
large_integer,1757,3726242302889329426461,3,3726242302889329426461,3,7
large_integer,1758,3726242302889329426463,3,3726242302889329426463,3,7
large_integer,1759,3735465674926184202271,3,3735465674926184202271,3,7
large_integer,1760,2481087077913934692373,2,2481087077913934692373,2,7
large_integer,1761,3707795558815619874837,3,3707795558815619874837,3,7
large_integer,1762,3707795558815619874839,3,3707795558815619874839,3,7
large_integer,1763,3717018930852474650647,3,3717018930852474650647,3,7
large_integer,1764,3707795558815619874841,3,3707795558815619874841,3,7
large_integer,1765,3717018930852474650649,3,3717018930852474650649,3,7
large_integer,1766,3717018930852474650651,3,3717018930852474650651,3,7
large_integer,1767,3726242302889329426459,3,3726242302889329426459,3,7
large_integer,1768,3707795558815619874843,3,3707795558815619874843,3,7
large_integer,1769,3717018930852474650651,3,3717018930852474650651,3,7
large_integer,1770,3717018930852474650653,3,3717018930852474650653,3,7
large_integer,1771,3726242302889329426461,3,3726242302889329426461,3,7
large_integer,1772,3717018930852474650655,3,3717018930852474650655,3,7
large_integer,1773,3726242302889329426463,3,3726242302889329426463,3,7
large_integer,1774,3726242302889329426465,3,3726242302889329426465,3,7
large_integer,1775,3735465674926184202273,3,3735465674926184202273,3,7
large_integer,1776,2490310449950789468181,2,2490310449950789468181,2,7
large_integer,1777,3717018930852474650645,3,3717018930852474650645,3,7
large_integer,1778,3717018930852474650647,3,3717018930852474650647,3,7
large_integer,1779,3726242302889329426455,3,3726242302889329426455,3,7
large_integer,1780,3717018930852474650649,3,3717018930852474650649,3,7
large_integer,1781,3726242302889329426457,3,3726242302889329426457,3,7
large_integer,1782,3726242302889329426459,3,3726242302889329426459,3,7
large_integer,1783,3735465674926184202267,3,3735465674926184202267,3,7
large_integer,1784,3717018930852474650651,3,3717018930852474650651,3,7
large_integer,1785,3726242302889329426459,3,3726242302889329426459,3,7
large_integer,1786,3726242302889329426461,3,3726242302889329426461,3,7
large_integer,1787,3735465674926184202269,3,3735465674926184202269,3,7
large_integer,1788,3726242302889329426463,3,3726242302889329426463,3,7
large_integer,1789,3735465674926184202271,3,3735465674926184202271,3,7
large_integer,1790,3735465674926184202273,3,3735465674926184202273,3,7
large_integer,1791,3744689046963038978081,3,3744689046963038978081,3,7
large_integer,1792,1245155224975394734088,1,1245155224975394734088,1,7
large_integer,1793,2471863705877079916552,2,2471863705877079916552,2,7
large_integer,1794,2471863705877079916554,2,2471863705877079916554,2,7
large_integer,1795,2481087077913934692362,2,2481087077913934692362,2,7
large_integer,1796,2471863705877079916556,2,2471863705877079916556,2,7
large_integer,1797,2481087077913934692364,2,2481087077913934692364,2,7
large_integer,1798,2481087077913934692366,2,2481087077913934692366,2,7
large_integer,1799,2490310449950789468174,2,2490310449950789468174,2,7
large_integer,1800,2471863705877079916558,2,2471863705877079916558,2,7
large_integer,1801,2481087077913934692366,2,2481087077913934692366,2,7
large_integer,1802,2481087077913934692368,2,2481087077913934692368,2,7
large_integer,1803,2490310449950789468176,2,2490310449950789468176,2,7
large_integer,1804,2481087077913934692370,2,2481087077913934692370,2,7
large_integer,1805,2490310449950789468178,2,2490310449950789468178,2,7
large_integer,1806,2490310449950789468180,2,2490310449950789468180,2,7
large_integer,1807,2499533821987644243988,2,2499533821987644243988,2,7
large_integer,1808,2471863705877079916553,2,2471863705877079916553,2,7
large_integer,1809,3698572186778765099017,3,3698572186778765099017,3,7
large_integer,1810,3698572186778765099019,3,3698572186778765099019,3,7
large_integer,1811,3707795558815619874827,3,3707795558815619874827,3,7
large_integer,1812,3698572186778765099021,3,3698572186778765099021,3,7
large_integer,1813,3707795558815619874829,3,3707795558815619874829,3,7
large_integer,1814,3707795558815619874831,3,3707795558815619874831,3,7
large_integer,1815,3717018930852474650639,3,3717018930852474650639,3,7
large_integer,1816,3698572186778765099023,3,3698572186778765099023,3,7
large_integer,1817,3707795558815619874831,3,3707795558815619874831,3,7
large_integer,1818,3707795558815619874833,3,3707795558815619874833,3,7
large_integer,1819,3717018930852474650641,3,3717018930852474650641,3,7
large_integer,1820,3707795558815619874835,3,3707795558815619874835,3,7
large_integer,1821,3717018930852474650643,3,3717018930852474650643,3,7
large_integer,1822,3717018930852474650645,3,3717018930852474650645,3,7
large_integer,1823,3726242302889329426453,3,3726242302889329426453,3,7
large_integer,1824,2471863705877079916555,2,2471863705877079916555,2,7
large_integer,1825,3698572186778765099019,3,3698572186778765099019,3,7
large_integer,1826,3698572186778765099021,3,3698572186778765099021,3,7
large_integer,1827,3707795558815619874829,3,3707795558815619874829,3,7
large_integer,1828,3698572186778765099023,3,3698572186778765099023,3,7
large_integer,1829,3707795558815619874831,3,3707795558815619874831,3,7
large_integer,1830,3707795558815619874833,3,3707795558815619874833,3,7
large_integer,1831,3717018930852474650641,3,3717018930852474650641,3,7
large_integer,1832,3698572186778765099025,3,3698572186778765099025,3,7
large_integer,1833,3707795558815619874833,3,3707795558815619874833,3,7
large_integer,1834,3707795558815619874835,3,3707795558815619874835,3,7
large_integer,1835,3717018930852474650643,3,3717018930852474650643,3,7
large_integer,1836,3707795558815619874837,3,3707795558815619874837,3,7
large_integer,1837,3717018930852474650645,3,3717018930852474650645,3,7
large_integer,1838,3717018930852474650647,3,3717018930852474650647,3,7
large_integer,1839,3726242302889329426455,3,3726242302889329426455,3,7
large_integer,1840,2481087077913934692363,2,2481087077913934692363,2,7
large_integer,1841,3707795558815619874827,3,3707795558815619874827,3,7
large_integer,1842,3707795558815619874829,3,3707795558815619874829,3,7
large_integer,1843,3717018930852474650637,3,3717018930852474650637,3,7
large_integer,1844,3707795558815619874831,3,3707795558815619874831,3,7
large_integer,1845,3717018930852474650639,3,3717018930852474650639,3,7
large_integer,1846,3717018930852474650641,3,3717018930852474650641,3,7
large_integer,1847,3726242302889329426449,3,3726242302889329426449,3,7
large_integer,1848,3707795558815619874833,3,3707795558815619874833,3,7
large_integer,1849,3717018930852474650641,3,3717018930852474650641,3,7
large_integer,1850,3717018930852474650643,3,3717018930852474650643,3,7
large_integer,1851,3726242302889329426451,3,3726242302889329426451,3,7
large_integer,1852,3717018930852474650645,3,3717018930852474650645,3,7
large_integer,1853,3726242302889329426453,3,3726242302889329426453,3,7
large_integer,1854,3726242302889329426455,3,3726242302889329426455,3,7
large_integer,1855,3735465674926184202263,3,3735465674926184202263,3,7
large_integer,1856,2471863705877079916557,2,2471863705877079916557,2,7
large_integer,1857,3698572186778765099021,3,3698572186778765099021,3,7
large_integer,1858,3698572186778765099023,3,3698572186778765099023,3,7
large_integer,1859,3707795558815619874831,3,3707795558815619874831,3,7
large_integer,1860,3698572186778765099025,3,3698572186778765099025,3,7
large_integer,1861,3707795558815619874833,3,3707795558815619874833,3,7
large_integer,1862,3707795558815619874835,3,3707795558815619874835,3,7
large_integer,1863,3717018930852474650643,3,3717018930852474650643,3,7
large_integer,1864,3698572186778765099027,3,3698572186778765099027,3,7
large_integer,1865,3707795558815619874835,3,3707795558815619874835,3,7
large_integer,1866,3707795558815619874837,3,3707795558815619874837,3,7
large_integer,1867,3717018930852474650645,3,3717018930852474650645,3,7
large_integer,1868,3707795558815619874839,3,3707795558815619874839,3,7
large_integer,1869,3717018930852474650647,3,3717018930852474650647,3,7
large_integer,1870,3717018930852474650649,3,3717018930852474650649,3,7
large_integer,1871,3726242302889329426457,3,3726242302889329426457,3,7
large_integer,1872,2481087077913934692365,2,2481087077913934692365,2,7
large_integer,1873,3707795558815619874829,3,3707795558815619874829,3,7
large_integer,1874,3707795558815619874831,3,3707795558815619874831,3,7
large_integer,1875,3717018930852474650639,3,3717018930852474650639,3,7
large_integer,1876,3707795558815619874833,3,3707795558815619874833,3,7
large_integer,1877,3717018930852474650641,3,3717018930852474650641,3,7
large_integer,1878,3717018930852474650643,3,3717018930852474650643,3,7
large_integer,1879,3726242302889329426451,3,3726242302889329426451,3,7
large_integer,1880,3707795558815619874835,3,3707795558815619874835,3,7
large_integer,1881,3717018930852474650643,3,3717018930852474650643,3,7
large_integer,1882,3717018930852474650645,3,3717018930852474650645,3,7
large_integer,1883,3726242302889329426453,3,3726242302889329426453,3,7
large_integer,1884,3717018930852474650647,3,3717018930852474650647,3,7
large_integer,1885,3726242302889329426455,3,3726242302889329426455,3,7
large_integer,1886,3726242302889329426457,3,3726242302889329426457,3,7
large_integer,1887,3735465674926184202265,3,3735465674926184202265,3,7
large_integer,1888,2481087077913934692367,2,2481087077913934692367,2,7
large_integer,1889,3707795558815619874831,3,3707795558815619874831,3,7
large_integer,1890,3707795558815619874833,3,3707795558815619874833,3,7
large_integer,1891,3717018930852474650641,3,3717018930852474650641,3,7
large_integer,1892,3707795558815619874835,3,3707795558815619874835,3,7
large_integer,1893,3717018930852474650643,3,3717018930852474650643,3,7
large_integer,1894,3717018930852474650645,3,3717018930852474650645,3,7
large_integer,1895,3726242302889329426453,3,3726242302889329426453,3,7
large_integer,1896,3707795558815619874837,3,3707795558815619874837,3,7
large_integer,1897,3717018930852474650645,3,3717018930852474650645,3,7
large_integer,1898,3717018930852474650647,3,3717018930852474650647,3,7
large_integer,1899,3726242302889329426455,3,3726242302889329426455,3,7
large_integer,1900,3717018930852474650649,3,3717018930852474650649,3,7
large_integer,1901,3726242302889329426457,3,3726242302889329426457,3,7
large_integer,1902,3726242302889329426459,3,3726242302889329426459,3,7
large_integer,1903,3735465674926184202267,3,3735465674926184202267,3,7
large_integer,1904,2490310449950789468175,2,2490310449950789468175,2,7
large_integer,1905,3717018930852474650639,3,3717018930852474650639,3,7
large_integer,1906,3717018930852474650641,3,3717018930852474650641,3,7
large_integer,1907,3726242302889329426449,3,3726242302889329426449,3,7
large_integer,1908,3717018930852474650643,3,3717018930852474650643,3,7
large_integer,1909,3726242302889329426451,3,3726242302889329426451,3,7
large_integer,1910,3726242302889329426453,3,3726242302889329426453,3,7
large_integer,1911,3735465674926184202261,3,3735465674926184202261,3,7
large_integer,1912,3717018930852474650645,3,3717018930852474650645,3,7
large_integer,1913,3726242302889329426453,3,3726242302889329426453,3,7
large_integer,1914,3726242302889329426455,3,3726242302889329426455,3,7
large_integer,1915,3735465674926184202263,3,3735465674926184202263,3,7
large_integer,1916,3726242302889329426457,3,3726242302889329426457,3,7
large_integer,1917,3735465674926184202265,3,3735465674926184202265,3,7
large_integer,1918,3735465674926184202267,3,3735465674926184202267,3,7
large_integer,1919,3744689046963038978075,3,3744689046963038978075,3,7
large_integer,1920,2471863705877079916559,2,2471863705877079916559,2,7
large_integer,1921,3698572186778765099023,3,3698572186778765099023,3,7
large_integer,1922,3698572186778765099025,3,3698572186778765099025,3,7
large_integer,1923,3707795558815619874833,3,3707795558815619874833,3,7
large_integer,1924,3698572186778765099027,3,3698572186778765099027,3,7
large_integer,1925,3707795558815619874835,3,3707795558815619874835,3,7
large_integer,1926,3707795558815619874837,3,3707795558815619874837,3,7
large_integer,1927,3717018930852474650645,3,3717018930852474650645,3,7
large_integer,1928,3698572186778765099029,3,3698572186778765099029,3,7
large_integer,1929,3707795558815619874837,3,3707795558815619874837,3,7
large_integer,1930,3707795558815619874839,3,3707795558815619874839,3,7
large_integer,1931,3717018930852474650647,3,3717018930852474650647,3,7
large_integer,1932,3707795558815619874841,3,3707795558815619874841,3,7
large_integer,1933,3717018930852474650649,3,3717018930852474650649,3,7
large_integer,1934,3717018930852474650651,3,3717018930852474650651,3,7
large_integer,1935,3726242302889329426459,3,3726242302889329426459,3,7
large_integer,1936,2481087077913934692367,2,2481087077913934692367,2,7
large_integer,1937,3707795558815619874831,3,3707795558815619874831,3,7
large_integer,1938,3707795558815619874833,3,3707795558815619874833,3,7
large_integer,1939,3717018930852474650641,3,3717018930852474650641,3,7
large_integer,1940,3707795558815619874835,3,3707795558815619874835,3,7
large_integer,1941,3717018930852474650643,3,3717018930852474650643,3,7
large_integer,1942,3717018930852474650645,3,3717018930852474650645,3,7
large_integer,1943,3726242302889329426453,3,3726242302889329426453,3,7
large_integer,1944,3707795558815619874837,3,3707795558815619874837,3,7
large_integer,1945,3717018930852474650645,3,3717018930852474650645,3,7
large_integer,1946,3717018930852474650647,3,3717018930852474650647,3,7
large_integer,1947,3726242302889329426455,3,3726242302889329426455,3,7
large_integer,1948,3717018930852474650649,3,3717018930852474650649,3,7
large_integer,1949,3726242302889329426457,3,3726242302889329426457,3,7
large_integer,1950,3726242302889329426459,3,3726242302889329426459,3,7
large_integer,1951,3735465674926184202267,3,3735465674926184202267,3,7
large_integer,1952,2481087077913934692369,2,2481087077913934692369,2,7
large_integer,1953,3707795558815619874833,3,3707795558815619874833,3,7
large_integer,1954,3707795558815619874835,3,3707795558815619874835,3,7
large_integer,1955,3717018930852474650643,3,3717018930852474650643,3,7
large_integer,1956,3707795558815619874837,3,3707795558815619874837,3,7
large_integer,1957,3717018930852474650645,3,3717018930852474650645,3,7
large_integer,1958,3717018930852474650647,3,3717018930852474650647,3,7
large_integer,1959,3726242302889329426455,3,3726242302889329426455,3,7
large_integer,1960,3707795558815619874839,3,3707795558815619874839,3,7
large_integer,1961,3717018930852474650647,3,3717018930852474650647,3,7
large_integer,1962,3717018930852474650649,3,3717018930852474650649,3,7
large_integer,1963,3726242302889329426457,3,3726242302889329426457,3,7
large_integer,1964,3717018930852474650651,3,3717018930852474650651,3,7
large_integer,1965,3726242302889329426459,3,3726242302889329426459,3,7
large_integer,1966,3726242302889329426461,3,3726242302889329426461,3,7
large_integer,1967,3735465674926184202269,3,3735465674926184202269,3,7
large_integer,1968,2490310449950789468177,2,2490310449950789468177,2,7
large_integer,1969,3717018930852474650641,3,3717018930852474650641,3,7
large_integer,1970,3717018930852474650643,3,3717018930852474650643,3,7
large_integer,1971,3726242302889329426451,3,3726242302889329426451,3,7
large_integer,1972,3717018930852474650645,3,3717018930852474650645,3,7
large_integer,1973,3726242302889329426453,3,3726242302889329426453,3,7
large_integer,1974,3726242302889329426455,3,3726242302889329426455,3,7
large_integer,1975,3735465674926184202263,3,3735465674926184202263,3,7
large_integer,1976,3717018930852474650647,3,3717018930852474650647,3,7
large_integer,1977,3726242302889329426455,3,3726242302889329426455,3,7
large_integer,1978,3726242302889329426457,3,3726242302889329426457,3,7
large_integer,1979,3735465674926184202265,3,3735465674926184202265,3,7
large_integer,1980,3726242302889329426459,3,3726242302889329426459,3,7
large_integer,1981,3735465674926184202267,3,3735465674926184202267,3,7
large_integer,1982,3735465674926184202269,3,3735465674926184202269,3,7
large_integer,1983,3744689046963038978077,3,3744689046963038978077,3,7
large_integer,1984,2481087077913934692371,2,2481087077913934692371,2,7
large_integer,1985,3707795558815619874835,3,3707795558815619874835,3,7
large_integer,1986,3707795558815619874837,3,3707795558815619874837,3,7
large_integer,1987,3717018930852474650645,3,3717018930852474650645,3,7
large_integer,1988,3707795558815619874839,3,3707795558815619874839,3,7
large_integer,1989,3717018930852474650647,3,3717018930852474650647,3,7
large_integer,1990,3717018930852474650649,3,3717018930852474650649,3,7
large_integer,1991,3726242302889329426457,3,3726242302889329426457,3,7
large_integer,1992,3707795558815619874841,3,3707795558815619874841,3,7
large_integer,1993,3717018930852474650649,3,3717018930852474650649,3,7
large_integer,1994,3717018930852474650651,3,3717018930852474650651,3,7
large_integer,1995,3726242302889329426459,3,3726242302889329426459,3,7
large_integer,1996,3717018930852474650653,3,3717018930852474650653,3,7
large_integer,1997,3726242302889329426461,3,3726242302889329426461,3,7
large_integer,1998,3726242302889329426463,3,3726242302889329426463,3,7
large_integer,1999,3735465674926184202271,3,3735465674926184202271,3,7
large_integer,2000,2490310449950789468179,2,2490310449950789468179,2,7
large_integer,2001,3717018930852474650643,3,3717018930852474650643,3,7
large_integer,2002,3717018930852474650645,3,3717018930852474650645,3,7
large_integer,2003,3726242302889329426453,3,3726242302889329426453,3,7
large_integer,2004,3717018930852474650647,3,3717018930852474650647,3,7
large_integer,2005,3726242302889329426455,3,3726242302889329426455,3,7
large_integer,2006,3726242302889329426457,3,3726242302889329426457,3,7
large_integer,2007,3735465674926184202265,3,3735465674926184202265,3,7
large_integer,2008,3717018930852474650649,3,3717018930852474650649,3,7
large_integer,2009,3726242302889329426457,3,3726242302889329426457,3,7
large_integer,2010,3726242302889329426459,3,3726242302889329426459,3,7
large_integer,2011,3735465674926184202267,3,3735465674926184202267,3,7
large_integer,2012,3726242302889329426461,3,3726242302889329426461,3,7
large_integer,2013,3735465674926184202269,3,3735465674926184202269,3,7
large_integer,2014,3735465674926184202271,3,3735465674926184202271,3,7
large_integer,2015,3744689046963038978079,3,3744689046963038978079,3,7
large_integer,2016,2490310449950789468181,2,2490310449950789468181,2,7
large_integer,2017,3717018930852474650645,3,3717018930852474650645,3,7
large_integer,2018,3717018930852474650647,3,3717018930852474650647,3,7
large_integer,2019,3726242302889329426455,3,3726242302889329426455,3,7
large_integer,2020,3717018930852474650649,3,3717018930852474650649,3,7
large_integer,2021,3726242302889329426457,3,3726242302889329426457,3,7
large_integer,2022,3726242302889329426459,3,3726242302889329426459,3,7
large_integer,2023,3735465674926184202267,3,3735465674926184202267,3,7
large_integer,2024,3717018930852474650651,3,3717018930852474650651,3,7
large_integer,2025,3726242302889329426459,3,3726242302889329426459,3,7
large_integer,2026,3726242302889329426461,3,3726242302889329426461,3,7
large_integer,2027,3735465674926184202269,3,3735465674926184202269,3,7
large_integer,2028,3726242302889329426463,3,3726242302889329426463,3,7
large_integer,2029,3735465674926184202271,3,3735465674926184202271,3,7
large_integer,2030,3735465674926184202273,3,3735465674926184202273,3,7
large_integer,2031,3744689046963038978081,3,3744689046963038978081,3,7
large_integer,2032,2499533821987644243989,2,2499533821987644243989,2,7
large_integer,2033,3726242302889329426453,3,3726242302889329426453,3,7
large_integer,2034,3726242302889329426455,3,3726242302889329426455,3,7
large_integer,2035,3735465674926184202263,3,3735465674926184202263,3,7
large_integer,2036,3726242302889329426457,3,3726242302889329426457,3,7
large_integer,2037,3735465674926184202265,3,3735465674926184202265,3,7
large_integer,2038,3735465674926184202267,3,3735465674926184202267,3,7
large_integer,2039,3744689046963038978075,3,3744689046963038978075,3,7
large_integer,2040,3726242302889329426459,3,3726242302889329426459,3,7
large_integer,2041,3735465674926184202267,3,3735465674926184202267,3,7
large_integer,2042,3735465674926184202269,3,3735465674926184202269,3,7
large_integer,2043,3744689046963038978077,3,3744689046963038978077,3,7
large_integer,2044,3735465674926184202271,3,3735465674926184202271,3,7
large_integer,2045,3744689046963038978079,3,3744689046963038978079,3,7
large_integer,2046,3744689046963038978081,3,3744689046963038978081,3,7
large_integer,2047,3753912418999893753889,3,3753912418999893753889,3,7
large_integer,2048,1226708480901685182472,1,1226708480901685182472,1,7
large_integer,2049,2453416961803370364936,2,2453416961803370364936,2,7
large_integer,2050,2453416961803370364938,2,2453416961803370364938,2,7
large_integer,2051,2462640333840225140746,2,2462640333840225140746,2,7
large_integer,2052,2453416961803370364940,2,2453416961803370364940,2,7
large_integer,2053,2462640333840225140748,2,2462640333840225140748,2,7
large_integer,2054,2462640333840225140750,2,2462640333840225140750,2,7
large_integer,2055,2471863705877079916558,2,2471863705877079916558,2,7
large_integer,2056,2453416961803370364942,2,2453416961803370364942,2,7
large_integer,2057,2462640333840225140750,2,2462640333840225140750,2,7
large_integer,2058,2462640333840225140752,2,2462640333840225140752,2,7
large_integer,2059,2471863705877079916560,2,2471863705877079916560,2,7
large_integer,2060,2462640333840225140754,2,2462640333840225140754,2,7
large_integer,2061,2471863705877079916562,2,2471863705877079916562,2,7
large_integer,2062,2471863705877079916564,2,2471863705877079916564,2,7
large_integer,2063,2481087077913934692372,2,2481087077913934692372,2,7
large_integer,2064,2453416961803370364937,2,2453416961803370364937,2,7
large_integer,2065,3680125442705055547401,3,3680125442705055547401,3,7
large_integer,2066,3680125442705055547403,3,3680125442705055547403,3,7
large_integer,2067,3689348814741910323211,3,3689348814741910323211,3,7
large_integer,2068,3680125442705055547405,3,3680125442705055547405,3,7
large_integer,2069,3689348814741910323213,3,3689348814741910323213,3,7
large_integer,2070,3689348814741910323215,3,3689348814741910323215,3,7
large_integer,2071,3698572186778765099023,3,3698572186778765099023,3,7
large_integer,2072,3680125442705055547407,3,3680125442705055547407,3,7
large_integer,2073,3689348814741910323215,3,3689348814741910323215,3,7
large_integer,2074,3689348814741910323217,3,3689348814741910323217,3,7
large_integer,2075,3698572186778765099025,3,3698572186778765099025,3,7
large_integer,2076,3689348814741910323219,3,3689348814741910323219,3,7
large_integer,2077,3698572186778765099027,3,3698572186778765099027,3,7
large_integer,2078,3698572186778765099029,3,3698572186778765099029,3,7
large_integer,2079,3707795558815619874837,3,3707795558815619874837,3,7
large_integer,2080,2453416961803370364939,2,2453416961803370364939,2,7
large_integer,2081,3680125442705055547403,3,3680125442705055547403,3,7
large_integer,2082,3680125442705055547405,3,3680125442705055547405,3,7
large_integer,2083,3689348814741910323213,3,3689348814741910323213,3,7
large_integer,2084,3680125442705055547407,3,3680125442705055547407,3,7
large_integer,2085,3689348814741910323215,3,3689348814741910323215,3,7
large_integer,2086,3689348814741910323217,3,3689348814741910323217,3,7
large_integer,2087,3698572186778765099025,3,3698572186778765099025,3,7
large_integer,2088,3680125442705055547409,3,3680125442705055547409,3,7
large_integer,2089,3689348814741910323217,3,3689348814741910323217,3,7
large_integer,2090,3689348814741910323219,3,3689348814741910323219,3,7
large_integer,2091,3698572186778765099027,3,3698572186778765099027,3,7
large_integer,2092,3689348814741910323221,3,3689348814741910323221,3,7
large_integer,2093,3698572186778765099029,3,3698572186778765099029,3,7
large_integer,2094,3698572186778765099031,3,3698572186778765099031,3,7
large_integer,2095,3707795558815619874839,3,3707795558815619874839,3,7
large_integer,2096,2462640333840225140747,2,2462640333840225140747,2,7
large_integer,2097,3689348814741910323211,3,3689348814741910323211,3,7
large_integer,2098,3689348814741910323213,3,3689348814741910323213,3,7
large_integer,2099,3698572186778765099021,3,3698572186778765099021,3,7
large_integer,2100,3689348814741910323215,3,3689348814741910323215,3,7
large_integer,2101,3698572186778765099023,3,3698572186778765099023,3,7
large_integer,2102,3698572186778765099025,3,3698572186778765099025,3,7
large_integer,2103,3707795558815619874833,3,3707795558815619874833,3,7
large_integer,2104,3689348814741910323217,3,3689348814741910323217,3,7
large_integer,2105,3698572186778765099025,3,3698572186778765099025,3,7
large_integer,2106,3698572186778765099027,3,3698572186778765099027,3,7
large_integer,2107,3707795558815619874835,3,3707795558815619874835,3,7
large_integer,2108,3698572186778765099029,3,3698572186778765099029,3,7
large_integer,2109,3707795558815619874837,3,3707795558815619874837,3,7
large_integer,2110,3707795558815619874839,3,3707795558815619874839,3,7
large_integer,2111,3717018930852474650647,3,3717018930852474650647,3,7
large_integer,2112,2453416961803370364941,2,2453416961803370364941,2,7
large_integer,2113,3680125442705055547405,3,3680125442705055547405,3,7
large_integer,2114,3680125442705055547407,3,3680125442705055547407,3,7
large_integer,2115,3689348814741910323215,3,3689348814741910323215,3,7
large_integer,2116,3680125442705055547409,3,3680125442705055547409,3,7
large_integer,2117,3689348814741910323217,3,3689348814741910323217,3,7
large_integer,2118,3689348814741910323219,3,3689348814741910323219,3,7
large_integer,2119,3698572186778765099027,3,3698572186778765099027,3,7
large_integer,2120,3680125442705055547411,3,3680125442705055547411,3,7
large_integer,2121,3689348814741910323219,3,3689348814741910323219,3,7
large_integer,2122,3689348814741910323221,3,3689348814741910323221,3,7
large_integer,2123,3698572186778765099029,3,3698572186778765099029,3,7
large_integer,2124,3689348814741910323223,3,3689348814741910323223,3,7
large_integer,2125,3698572186778765099031,3,3698572186778765099031,3,7
large_integer,2126,3698572186778765099033,3,3698572186778765099033,3,7
large_integer,2127,3707795558815619874841,3,3707795558815619874841,3,7
large_integer,2128,2462640333840225140749,2,2462640333840225140749,2,7
large_integer,2129,3689348814741910323213,3,3689348814741910323213,3,7
large_integer,2130,3689348814741910323215,3,3689348814741910323215,3,7
large_integer,2131,3698572186778765099023,3,3698572186778765099023,3,7
large_integer,2132,3689348814741910323217,3,3689348814741910323217,3,7
large_integer,2133,3698572186778765099025,3,3698572186778765099025,3,7
large_integer,2134,3698572186778765099027,3,3698572186778765099027,3,7
large_integer,2135,3707795558815619874835,3,3707795558815619874835,3,7
large_integer,2136,3689348814741910323219,3,3689348814741910323219,3,7
large_integer,2137,3698572186778765099027,3,3698572186778765099027,3,7
large_integer,2138,3698572186778765099029,3,3698572186778765099029,3,7
large_integer,2139,3707795558815619874837,3,3707795558815619874837,3,7
large_integer,2140,3698572186778765099031,3,3698572186778765099031,3,7
large_integer,2141,3707795558815619874839,3,3707795558815619874839,3,7
large_integer,2142,3707795558815619874841,3,3707795558815619874841,3,7
large_integer,2143,3717018930852474650649,3,3717018930852474650649,3,7
large_integer,2144,2462640333840225140751,2,2462640333840225140751,2,7
large_integer,2145,3689348814741910323215,3,3689348814741910323215,3,7
large_integer,2146,3689348814741910323217,3,3689348814741910323217,3,7
large_integer,2147,3698572186778765099025,3,3698572186778765099025,3,7
large_integer,2148,3689348814741910323219,3,3689348814741910323219,3,7
large_integer,2149,3698572186778765099027,3,3698572186778765099027,3,7
large_integer,2150,3698572186778765099029,3,3698572186778765099029,3,7
large_integer,2151,3707795558815619874837,3,3707795558815619874837,3,7
large_integer,2152,3689348814741910323221,3,3689348814741910323221,3,7
large_integer,2153,3698572186778765099029,3,3698572186778765099029,3,7
large_integer,2154,3698572186778765099031,3,3698572186778765099031,3,7
large_integer,2155,3707795558815619874839,3,3707795558815619874839,3,7
large_integer,2156,3698572186778765099033,3,3698572186778765099033,3,7
large_integer,2157,3707795558815619874841,3,3707795558815619874841,3,7
large_integer,2158,3707795558815619874843,3,3707795558815619874843,3,7
large_integer,2159,3717018930852474650651,3,3717018930852474650651,3,7
large_integer,2160,2471863705877079916559,2,2471863705877079916559,2,7
large_integer,2161,3698572186778765099023,3,3698572186778765099023,3,7
large_integer,2162,3698572186778765099025,3,3698572186778765099025,3,7
large_integer,2163,3707795558815619874833,3,3707795558815619874833,3,7
large_integer,2164,3698572186778765099027,3,3698572186778765099027,3,7
large_integer,2165,3707795558815619874835,3,3707795558815619874835,3,7
large_integer,2166,3707795558815619874837,3,3707795558815619874837,3,7
large_integer,2167,3717018930852474650645,3,3717018930852474650645,3,7
large_integer,2168,3698572186778765099029,3,3698572186778765099029,3,7
large_integer,2169,3707795558815619874837,3,3707795558815619874837,3,7
large_integer,2170,3707795558815619874839,3,3707795558815619874839,3,7
large_integer,2171,3717018930852474650647,3,3717018930852474650647,3,7
large_integer,2172,3707795558815619874841,3,3707795558815619874841,3,7
large_integer,2173,3717018930852474650649,3,3717018930852474650649,3,7
large_integer,2174,3717018930852474650651,3,3717018930852474650651,3,7
large_integer,2175,3726242302889329426459,3,3726242302889329426459,3,7
large_integer,2176,2453416961803370364943,2,2453416961803370364943,2,7
large_integer,2177,3680125442705055547407,3,3680125442705055547407,3,7
large_integer,2178,3680125442705055547409,3,3680125442705055547409,3,7
large_integer,2179,3689348814741910323217,3,3689348814741910323217,3,7
large_integer,2180,3680125442705055547411,3,3680125442705055547411,3,7
large_integer,2181,3689348814741910323219,3,3689348814741910323219,3,7
large_integer,2182,3689348814741910323221,3,3689348814741910323221,3,7
large_integer,2183,3698572186778765099029,3,3698572186778765099029,3,7
large_integer,2184,3680125442705055547413,3,3680125442705055547413,3,7
large_integer,2185,3689348814741910323221,3,3689348814741910323221,3,7
large_integer,2186,3689348814741910323223,3,3689348814741910323223,3,7
large_integer,2187,3698572186778765099031,3,3698572186778765099031,3,7
large_integer,2188,3689348814741910323225,3,3689348814741910323225,3,7
large_integer,2189,3698572186778765099033,3,3698572186778765099033,3,7
large_integer,2190,3698572186778765099035,3,3698572186778765099035,3,7
large_integer,2191,3707795558815619874843,3,3707795558815619874843,3,7
large_integer,2192,2462640333840225140751,2,2462640333840225140751,2,7
large_integer,2193,3689348814741910323215,3,3689348814741910323215,3,7
large_integer,2194,3689348814741910323217,3,3689348814741910323217,3,7
large_integer,2195,3698572186778765099025,3,3698572186778765099025,3,7
large_integer,2196,3689348814741910323219,3,3689348814741910323219,3,7
large_integer,2197,3698572186778765099027,3,3698572186778765099027,3,7
large_integer,2198,3698572186778765099029,3,3698572186778765099029,3,7
large_integer,2199,3707795558815619874837,3,3707795558815619874837,3,7
large_integer,2200,3689348814741910323221,3,3689348814741910323221,3,7
large_integer,2201,3698572186778765099029,3,3698572186778765099029,3,7
large_integer,2202,3698572186778765099031,3,3698572186778765099031,3,7
large_integer,2203,3707795558815619874839,3,3707795558815619874839,3,7
large_integer,2204,3698572186778765099033,3,3698572186778765099033,3,7
large_integer,2205,3707795558815619874841,3,3707795558815619874841,3,7
large_integer,2206,3707795558815619874843,3,3707795558815619874843,3,7
large_integer,2207,3717018930852474650651,3,3717018930852474650651,3,7
large_integer,2208,2462640333840225140753,2,2462640333840225140753,2,7
large_integer,2209,3689348814741910323217,3,3689348814741910323217,3,7
large_integer,2210,3689348814741910323219,3,3689348814741910323219,3,7
large_integer,2211,3698572186778765099027,3,3698572186778765099027,3,7
large_integer,2212,3689348814741910323221,3,3689348814741910323221,3,7
large_integer,2213,3698572186778765099029,3,3698572186778765099029,3,7
large_integer,2214,3698572186778765099031,3,3698572186778765099031,3,7
large_integer,2215,3707795558815619874839,3,3707795558815619874839,3,7
large_integer,2216,3689348814741910323223,3,3689348814741910323223,3,7
large_integer,2217,3698572186778765099031,3,3698572186778765099031,3,7
large_integer,2218,3698572186778765099033,3,3698572186778765099033,3,7
large_integer,2219,3707795558815619874841,3,3707795558815619874841,3,7
large_integer,2220,3698572186778765099035,3,3698572186778765099035,3,7
large_integer,2221,3707795558815619874843,3,3707795558815619874843,3,7
large_integer,2222,3707795558815619874845,3,3707795558815619874845,3,7
large_integer,2223,3717018930852474650653,3,3717018930852474650653,3,7
large_integer,2224,2471863705877079916561,2,2471863705877079916561,2,7
large_integer,2225,3698572186778765099025,3,3698572186778765099025,3,7
large_integer,2226,3698572186778765099027,3,3698572186778765099027,3,7
large_integer,2227,3707795558815619874835,3,3707795558815619874835,3,7
large_integer,2228,3698572186778765099029,3,3698572186778765099029,3,7
large_integer,2229,3707795558815619874837,3,3707795558815619874837,3,7
large_integer,2230,3707795558815619874839,3,3707795558815619874839,3,7
large_integer,2231,3717018930852474650647,3,3717018930852474650647,3,7
large_integer,2232,3698572186778765099031,3,3698572186778765099031,3,7
large_integer,2233,3707795558815619874839,3,3707795558815619874839,3,7
large_integer,2234,3707795558815619874841,3,3707795558815619874841,3,7
large_integer,2235,3717018930852474650649,3,3717018930852474650649,3,7
large_integer,2236,3707795558815619874843,3,3707795558815619874843,3,7
large_integer,2237,3717018930852474650651,3,3717018930852474650651,3,7
large_integer,2238,3717018930852474650653,3,3717018930852474650653,3,7
large_integer,2239,3726242302889329426461,3,3726242302889329426461,3,7
large_integer,2240,2462640333840225140755,2,2462640333840225140755,2,7
large_integer,2241,3689348814741910323219,3,3689348814741910323219,3,7
large_integer,2242,3689348814741910323221,3,3689348814741910323221,3,7
large_integer,2243,3698572186778765099029,3,3698572186778765099029,3,7
large_integer,2244,3689348814741910323223,3,3689348814741910323223,3,7
large_integer,2245,3698572186778765099031,3,3698572186778765099031,3,7
large_integer,2246,3698572186778765099033,3,3698572186778765099033,3,7
large_integer,2247,3707795558815619874841,3,3707795558815619874841,3,7
large_integer,2248,3689348814741910323225,3,3689348814741910323225,3,7
large_integer,2249,3698572186778765099033,3,3698572186778765099033,3,7
large_integer,2250,3698572186778765099035,3,3698572186778765099035,3,7
large_integer,2251,3707795558815619874843,3,3707795558815619874843,3,7
large_integer,2252,3698572186778765099037,3,3698572186778765099037,3,7
large_integer,2253,3707795558815619874845,3,3707795558815619874845,3,7
large_integer,2254,3707795558815619874847,3,3707795558815619874847,3,7
large_integer,2255,3717018930852474650655,3,3717018930852474650655,3,7
large_integer,2256,2471863705877079916563,2,2471863705877079916563,2,7
large_integer,2257,3698572186778765099027,3,3698572186778765099027,3,7
large_integer,2258,3698572186778765099029,3,3698572186778765099029,3,7
large_integer,2259,3707795558815619874837,3,3707795558815619874837,3,7
large_integer,2260,3698572186778765099031,3,3698572186778765099031,3,7
large_integer,2261,3707795558815619874839,3,3707795558815619874839,3,7
large_integer,2262,3707795558815619874841,3,3707795558815619874841,3,7
large_integer,2263,3717018930852474650649,3,3717018930852474650649,3,7
large_integer,2264,3698572186778765099033,3,3698572186778765099033,3,7
large_integer,2265,3707795558815619874841,3,3707795558815619874841,3,7
large_integer,2266,3707795558815619874843,3,3707795558815619874843,3,7
large_integer,2267,3717018930852474650651,3,3717018930852474650651,3,7
large_integer,2268,3707795558815619874845,3,3707795558815619874845,3,7
large_integer,2269,3717018930852474650653,3,3717018930852474650653,3,7
large_integer,2270,3717018930852474650655,3,3717018930852474650655,3,7
large_integer,2271,3726242302889329426463,3,3726242302889329426463,3,7
large_integer,2272,2471863705877079916565,2,2471863705877079916565,2,7
large_integer,2273,3698572186778765099029,3,3698572186778765099029,3,7
large_integer,2274,3698572186778765099031,3,3698572186778765099031,3,7
large_integer,2275,3707795558815619874839,3,3707795558815619874839,3,7
large_integer,2276,3698572186778765099033,3,3698572186778765099033,3,7
large_integer,2277,3707795558815619874841,3,3707795558815619874841,3,7
large_integer,2278,3707795558815619874843,3,3707795558815619874843,3,7
large_integer,2279,3717018930852474650651,3,3717018930852474650651,3,7
large_integer,2280,3698572186778765099035,3,3698572186778765099035,3,7
large_integer,2281,3707795558815619874843,3,3707795558815619874843,3,7
large_integer,2282,3707795558815619874845,3,3707795558815619874845,3,7
large_integer,2283,3717018930852474650653,3,3717018930852474650653,3,7
large_integer,2284,3707795558815619874847,3,3707795558815619874847,3,7
large_integer,2285,3717018930852474650655,3,3717018930852474650655,3,7
large_integer,2286,3717018930852474650657,3,3717018930852474650657,3,7
large_integer,2287,3726242302889329426465,3,3726242302889329426465,3,7
large_integer,2288,2481087077913934692373,2,2481087077913934692373,2,7
large_integer,2289,3707795558815619874837,3,3707795558815619874837,3,7
large_integer,2290,3707795558815619874839,3,3707795558815619874839,3,7
large_integer,2291,3717018930852474650647,3,3717018930852474650647,3,7
large_integer,2292,3707795558815619874841,3,3707795558815619874841,3,7
large_integer,2293,3717018930852474650649,3,3717018930852474650649,3,7
large_integer,2294,3717018930852474650651,3,3717018930852474650651,3,7
large_integer,2295,3726242302889329426459,3,3726242302889329426459,3,7
large_integer,2296,3707795558815619874843,3,3707795558815619874843,3,7
large_integer,2297,3717018930852474650651,3,3717018930852474650651,3,7
large_integer,2298,3717018930852474650653,3,3717018930852474650653,3,7
large_integer,2299,3726242302889329426461,3,3726242302889329426461,3,7
large_integer,2300,3717018930852474650655,3,3717018930852474650655,3,7
large_integer,2301,3726242302889329426463,3,3726242302889329426463,3,7
large_integer,2302,3726242302889329426465,3,3726242302889329426465,3,7
large_integer,2303,3735465674926184202273,3,3735465674926184202273,3,7
large_integer,2304,1235931852938539958280,1,1235931852938539958280,1,7
large_integer,2305,2462640333840225140744,2,2462640333840225140744,2,7
large_integer,2306,2462640333840225140746,2,2462640333840225140746,2,7
large_integer,2307,2471863705877079916554,2,2471863705877079916554,2,7
large_integer,2308,2462640333840225140748,2,2462640333840225140748,2,7
large_integer,2309,2471863705877079916556,2,2471863705877079916556,2,7
large_integer,2310,2471863705877079916558,2,2471863705877079916558,2,7
large_integer,2311,2481087077913934692366,2,2481087077913934692366,2,7
large_integer,2312,2462640333840225140750,2,2462640333840225140750,2,7
large_integer,2313,2471863705877079916558,2,2471863705877079916558,2,7
large_integer,2314,2471863705877079916560,2,2471863705877079916560,2,7
large_integer,2315,2481087077913934692368,2,2481087077913934692368,2,7
large_integer,2316,2471863705877079916562,2,2471863705877079916562,2,7
large_integer,2317,2481087077913934692370,2,2481087077913934692370,2,7
large_integer,2318,2481087077913934692372,2,2481087077913934692372,2,7
large_integer,2319,2490310449950789468180,2,2490310449950789468180,2,7
large_integer,2320,2462640333840225140745,2,2462640333840225140745,2,7
large_integer,2321,3689348814741910323209,3,3689348814741910323209,3,7
large_integer,2322,3689348814741910323211,3,3689348814741910323211,3,7
large_integer,2323,3698572186778765099019,3,3698572186778765099019,3,7
large_integer,2324,3689348814741910323213,3,3689348814741910323213,3,7
large_integer,2325,3698572186778765099021,3,3698572186778765099021,3,7
large_integer,2326,3698572186778765099023,3,3698572186778765099023,3,7
large_integer,2327,3707795558815619874831,3,3707795558815619874831,3,7
large_integer,2328,3689348814741910323215,3,3689348814741910323215,3,7
large_integer,2329,3698572186778765099023,3,3698572186778765099023,3,7
large_integer,2330,3698572186778765099025,3,3698572186778765099025,3,7
large_integer,2331,3707795558815619874833,3,3707795558815619874833,3,7
large_integer,2332,3698572186778765099027,3,3698572186778765099027,3,7
large_integer,2333,3707795558815619874835,3,3707795558815619874835,3,7
large_integer,2334,3707795558815619874837,3,3707795558815619874837,3,7
large_integer,2335,3717018930852474650645,3,3717018930852474650645,3,7
large_integer,2336,2462640333840225140747,2,2462640333840225140747,2,7
large_integer,2337,3689348814741910323211,3,3689348814741910323211,3,7
large_integer,2338,3689348814741910323213,3,3689348814741910323213,3,7
large_integer,2339,3698572186778765099021,3,3698572186778765099021,3,7
large_integer,2340,3689348814741910323215,3,3689348814741910323215,3,7
large_integer,2341,3698572186778765099023,3,3698572186778765099023,3,7
large_integer,2342,3698572186778765099025,3,3698572186778765099025,3,7
large_integer,2343,3707795558815619874833,3,3707795558815619874833,3,7
large_integer,2344,3689348814741910323217,3,3689348814741910323217,3,7
large_integer,2345,3698572186778765099025,3,3698572186778765099025,3,7
large_integer,2346,3698572186778765099027,3,3698572186778765099027,3,7
large_integer,2347,3707795558815619874835,3,3707795558815619874835,3,7
large_integer,2348,3698572186778765099029,3,3698572186778765099029,3,7
large_integer,2349,3707795558815619874837,3,3707795558815619874837,3,7
large_integer,2350,3707795558815619874839,3,3707795558815619874839,3,7
large_integer,2351,3717018930852474650647,3,3717018930852474650647,3,7
large_integer,2352,2471863705877079916555,2,2471863705877079916555,2,7
large_integer,2353,3698572186778765099019,3,3698572186778765099019,3,7
large_integer,2354,3698572186778765099021,3,3698572186778765099021,3,7
large_integer,2355,3707795558815619874829,3,3707795558815619874829,3,7
large_integer,2356,3698572186778765099023,3,3698572186778765099023,3,7
large_integer,2357,3707795558815619874831,3,3707795558815619874831,3,7
large_integer,2358,3707795558815619874833,3,3707795558815619874833,3,7
large_integer,2359,3717018930852474650641,3,3717018930852474650641,3,7
large_integer,2360,3698572186778765099025,3,3698572186778765099025,3,7
large_integer,2361,3707795558815619874833,3,3707795558815619874833,3,7
large_integer,2362,3707795558815619874835,3,3707795558815619874835,3,7
large_integer,2363,3717018930852474650643,3,3717018930852474650643,3,7
large_integer,2364,3707795558815619874837,3,3707795558815619874837,3,7
large_integer,2365,3717018930852474650645,3,3717018930852474650645,3,7
large_integer,2366,3717018930852474650647,3,3717018930852474650647,3,7
large_integer,2367,3726242302889329426455,3,3726242302889329426455,3,7
large_integer,2368,2462640333840225140749,2,2462640333840225140749,2,7
large_integer,2369,3689348814741910323213,3,3689348814741910323213,3,7
large_integer,2370,3689348814741910323215,3,3689348814741910323215,3,7
large_integer,2371,3698572186778765099023,3,3698572186778765099023,3,7
large_integer,2372,3689348814741910323217,3,3689348814741910323217,3,7
large_integer,2373,3698572186778765099025,3,3698572186778765099025,3,7
large_integer,2374,3698572186778765099027,3,3698572186778765099027,3,7
large_integer,2375,3707795558815619874835,3,3707795558815619874835,3,7
large_integer,2376,3689348814741910323219,3,3689348814741910323219,3,7
large_integer,2377,3698572186778765099027,3,3698572186778765099027,3,7
large_integer,2378,3698572186778765099029,3,3698572186778765099029,3,7
large_integer,2379,3707795558815619874837,3,3707795558815619874837,3,7
large_integer,2380,3698572186778765099031,3,3698572186778765099031,3,7
large_integer,2381,3707795558815619874839,3,3707795558815619874839,3,7
large_integer,2382,3707795558815619874841,3,3707795558815619874841,3,7
large_integer,2383,3717018930852474650649,3,3717018930852474650649,3,7
large_integer,2384,2471863705877079916557,2,2471863705877079916557,2,7
large_integer,2385,3698572186778765099021,3,3698572186778765099021,3,7
large_integer,2386,3698572186778765099023,3,3698572186778765099023,3,7
large_integer,2387,3707795558815619874831,3,3707795558815619874831,3,7
large_integer,2388,3698572186778765099025,3,3698572186778765099025,3,7
large_integer,2389,3707795558815619874833,3,3707795558815619874833,3,7
large_integer,2390,3707795558815619874835,3,3707795558815619874835,3,7
large_integer,2391,3717018930852474650643,3,3717018930852474650643,3,7
large_integer,2392,3698572186778765099027,3,3698572186778765099027,3,7
large_integer,2393,3707795558815619874835,3,3707795558815619874835,3,7
large_integer,2394,3707795558815619874837,3,3707795558815619874837,3,7
large_integer,2395,3717018930852474650645,3,3717018930852474650645,3,7
large_integer,2396,3707795558815619874839,3,3707795558815619874839,3,7
large_integer,2397,3717018930852474650647,3,3717018930852474650647,3,7
large_integer,2398,3717018930852474650649,3,3717018930852474650649,3,7
large_integer,2399,3726242302889329426457,3,3726242302889329426457,3,7
large_integer,2400,2471863705877079916559,2,2471863705877079916559,2,7
large_integer,2401,3698572186778765099023,3,3698572186778765099023,3,7
large_integer,2402,3698572186778765099025,3,3698572186778765099025,3,7
large_integer,2403,3707795558815619874833,3,3707795558815619874833,3,7
large_integer,2404,3698572186778765099027,3,3698572186778765099027,3,7
large_integer,2405,3707795558815619874835,3,3707795558815619874835,3,7
large_integer,2406,3707795558815619874837,3,3707795558815619874837,3,7
large_integer,2407,3717018930852474650645,3,3717018930852474650645,3,7
large_integer,2408,3698572186778765099029,3,3698572186778765099029,3,7
large_integer,2409,3707795558815619874837,3,3707795558815619874837,3,7
large_integer,2410,3707795558815619874839,3,3707795558815619874839,3,7
large_integer,2411,3717018930852474650647,3,3717018930852474650647,3,7
large_integer,2412,3707795558815619874841,3,3707795558815619874841,3,7
large_integer,2413,3717018930852474650649,3,3717018930852474650649,3,7
large_integer,2414,3717018930852474650651,3,3717018930852474650651,3,7
large_integer,2415,3726242302889329426459,3,3726242302889329426459,3,7
large_integer,2416,2481087077913934692367,2,2481087077913934692367,2,7
large_integer,2417,3707795558815619874831,3,3707795558815619874831,3,7
large_integer,2418,3707795558815619874833,3,3707795558815619874833,3,7
large_integer,2419,3717018930852474650641,3,3717018930852474650641,3,7
large_integer,2420,3707795558815619874835,3,3707795558815619874835,3,7
large_integer,2421,3717018930852474650643,3,3717018930852474650643,3,7
large_integer,2422,3717018930852474650645,3,3717018930852474650645,3,7
large_integer,2423,3726242302889329426453,3,3726242302889329426453,3,7
large_integer,2424,3707795558815619874837,3,3707795558815619874837,3,7
large_integer,2425,3717018930852474650645,3,3717018930852474650645,3,7
large_integer,2426,3717018930852474650647,3,3717018930852474650647,3,7
large_integer,2427,3726242302889329426455,3,3726242302889329426455,3,7
large_integer,2428,3717018930852474650649,3,3717018930852474650649,3,7
large_integer,2429,3726242302889329426457,3,3726242302889329426457,3,7
large_integer,2430,3726242302889329426459,3,3726242302889329426459,3,7
large_integer,2431,3735465674926184202267,3,3735465674926184202267,3,7
large_integer,2432,2462640333840225140751,2,2462640333840225140751,2,7
large_integer,2433,3689348814741910323215,3,3689348814741910323215,3,7
large_integer,2434,3689348814741910323217,3,3689348814741910323217,3,7
large_integer,2435,3698572186778765099025,3,3698572186778765099025,3,7
large_integer,2436,3689348814741910323219,3,3689348814741910323219,3,7
large_integer,2437,3698572186778765099027,3,3698572186778765099027,3,7
large_integer,2438,3698572186778765099029,3,3698572186778765099029,3,7
large_integer,2439,3707795558815619874837,3,3707795558815619874837,3,7
large_integer,2440,3689348814741910323221,3,3689348814741910323221,3,7
large_integer,2441,3698572186778765099029,3,3698572186778765099029,3,7
large_integer,2442,3698572186778765099031,3,3698572186778765099031,3,7
large_integer,2443,3707795558815619874839,3,3707795558815619874839,3,7
large_integer,2444,3698572186778765099033,3,3698572186778765099033,3,7
large_integer,2445,3707795558815619874841,3,3707795558815619874841,3,7
large_integer,2446,3707795558815619874843,3,3707795558815619874843,3,7
large_integer,2447,3717018930852474650651,3,3717018930852474650651,3,7
large_integer,2448,2471863705877079916559,2,2471863705877079916559,2,7
large_integer,2449,3698572186778765099023,3,3698572186778765099023,3,7
large_integer,2450,3698572186778765099025,3,3698572186778765099025,3,7
large_integer,2451,3707795558815619874833,3,3707795558815619874833,3,7
large_integer,2452,3698572186778765099027,3,3698572186778765099027,3,7
large_integer,2453,3707795558815619874835,3,3707795558815619874835,3,7
large_integer,2454,3707795558815619874837,3,3707795558815619874837,3,7
large_integer,2455,3717018930852474650645,3,3717018930852474650645,3,7
large_integer,2456,3698572186778765099029,3,3698572186778765099029,3,7
large_integer,2457,3707795558815619874837,3,3707795558815619874837,3,7
large_integer,2458,3707795558815619874839,3,3707795558815619874839,3,7
large_integer,2459,3717018930852474650647,3,3717018930852474650647,3,7
large_integer,2460,3707795558815619874841,3,3707795558815619874841,3,7
large_integer,2461,3717018930852474650649,3,3717018930852474650649,3,7
large_integer,2462,3717018930852474650651,3,3717018930852474650651,3,7
large_integer,2463,3726242302889329426459,3,3726242302889329426459,3,7
large_integer,2464,2471863705877079916561,2,2471863705877079916561,2,7
large_integer,2465,3698572186778765099025,3,3698572186778765099025,3,7
large_integer,2466,3698572186778765099027,3,3698572186778765099027,3,7
large_integer,2467,3707795558815619874835,3,3707795558815619874835,3,7
large_integer,2468,3698572186778765099029,3,3698572186778765099029,3,7
large_integer,2469,3707795558815619874837,3,3707795558815619874837,3,7
large_integer,2470,3707795558815619874839,3,3707795558815619874839,3,7
large_integer,2471,3717018930852474650647,3,3717018930852474650647,3,7
large_integer,2472,3698572186778765099031,3,3698572186778765099031,3,7
large_integer,2473,3707795558815619874839,3,3707795558815619874839,3,7
large_integer,2474,3707795558815619874841,3,3707795558815619874841,3,7
large_integer,2475,3717018930852474650649,3,3717018930852474650649,3,7
large_integer,2476,3707795558815619874843,3,3707795558815619874843,3,7
large_integer,2477,3717018930852474650651,3,3717018930852474650651,3,7
large_integer,2478,3717018930852474650653,3,3717018930852474650653,3,7
large_integer,2479,3726242302889329426461,3,3726242302889329426461,3,7
large_integer,2480,2481087077913934692369,2,2481087077913934692369,2,7
large_integer,2481,3707795558815619874833,3,3707795558815619874833,3,7
large_integer,2482,3707795558815619874835,3,3707795558815619874835,3,7
large_integer,2483,3717018930852474650643,3,3717018930852474650643,3,7
large_integer,2484,3707795558815619874837,3,3707795558815619874837,3,7
large_integer,2485,3717018930852474650645,3,3717018930852474650645,3,7
large_integer,2486,3717018930852474650647,3,3717018930852474650647,3,7
large_integer,2487,3726242302889329426455,3,3726242302889329426455,3,7
large_integer,2488,3707795558815619874839,3,3707795558815619874839,3,7
large_integer,2489,3717018930852474650647,3,3717018930852474650647,3,7
large_integer,2490,3717018930852474650649,3,3717018930852474650649,3,7
large_integer,2491,3726242302889329426457,3,3726242302889329426457,3,7
large_integer,2492,3717018930852474650651,3,3717018930852474650651,3,7
large_integer,2493,3726242302889329426459,3,3726242302889329426459,3,7
large_integer,2494,3726242302889329426461,3,3726242302889329426461,3,7
large_integer,2495,3735465674926184202269,3,3735465674926184202269,3,7
large_integer,2496,2471863705877079916563,2,2471863705877079916563,2,7
large_integer,2497,3698572186778765099027,3,3698572186778765099027,3,7
large_integer,2498,3698572186778765099029,3,3698572186778765099029,3,7
large_integer,2499,3707795558815619874837,3,3707795558815619874837,3,7
large_integer,2500,3698572186778765099031,3,3698572186778765099031,3,7
large_integer,2501,3707795558815619874839,3,3707795558815619874839,3,7
large_integer,2502,3707795558815619874841,3,3707795558815619874841,3,7
large_integer,2503,3717018930852474650649,3,3717018930852474650649,3,7
large_integer,2504,3698572186778765099033,3,3698572186778765099033,3,7
large_integer,2505,3707795558815619874841,3,3707795558815619874841,3,7
large_integer,2506,3707795558815619874843,3,3707795558815619874843,3,7
large_integer,2507,3717018930852474650651,3,3717018930852474650651,3,7
large_integer,2508,3707795558815619874845,3,3707795558815619874845,3,7
large_integer,2509,3717018930852474650653,3,3717018930852474650653,3,7
large_integer,2510,3717018930852474650655,3,3717018930852474650655,3,7
large_integer,2511,3726242302889329426463,3,3726242302889329426463,3,7
large_integer,2512,2481087077913934692371,2,2481087077913934692371,2,7
large_integer,2513,3707795558815619874835,3,3707795558815619874835,3,7
large_integer,2514,3707795558815619874837,3,3707795558815619874837,3,7
large_integer,2515,3717018930852474650645,3,3717018930852474650645,3,7
large_integer,2516,3707795558815619874839,3,3707795558815619874839,3,7
large_integer,2517,3717018930852474650647,3,3717018930852474650647,3,7
large_integer,2518,3717018930852474650649,3,3717018930852474650649,3,7
large_integer,2519,3726242302889329426457,3,3726242302889329426457,3,7
large_integer,2520,3707795558815619874841,3,3707795558815619874841,3,7
large_integer,2521,3717018930852474650649,3,3717018930852474650649,3,7
large_integer,2522,3717018930852474650651,3,3717018930852474650651,3,7
large_integer,2523,3726242302889329426459,3,3726242302889329426459,3,7
large_integer,2524,3717018930852474650653,3,3717018930852474650653,3,7
large_integer,2525,3726242302889329426461,3,3726242302889329426461,3,7
large_integer,2526,3726242302889329426463,3,3726242302889329426463,3,7
large_integer,2527,3735465674926184202271,3,3735465674926184202271,3,7
large_integer,2528,2481087077913934692373,2,2481087077913934692373,2,7
large_integer,2529,3707795558815619874837,3,3707795558815619874837,3,7
large_integer,2530,3707795558815619874839,3,3707795558815619874839,3,7
large_integer,2531,3717018930852474650647,3,3717018930852474650647,3,7
large_integer,2532,3707795558815619874841,3,3707795558815619874841,3,7
large_integer,2533,3717018930852474650649,3,3717018930852474650649,3,7
large_integer,2534,3717018930852474650651,3,3717018930852474650651,3,7
large_integer,2535,3726242302889329426459,3,3726242302889329426459,3,7
large_integer,2536,3707795558815619874843,3,3707795558815619874843,3,7
large_integer,2537,3717018930852474650651,3,3717018930852474650651,3,7
large_integer,2538,3717018930852474650653,3,3717018930852474650653,3,7
large_integer,2539,3726242302889329426461,3,3726242302889329426461,3,7
large_integer,2540,3717018930852474650655,3,3717018930852474650655,3,7
large_integer,2541,3726242302889329426463,3,3726242302889329426463,3,7
large_integer,2542,3726242302889329426465,3,3726242302889329426465,3,7
large_integer,2543,3735465674926184202273,3,3735465674926184202273,3,7
large_integer,2544,2490310449950789468181,2,2490310449950789468181,2,7
large_integer,2545,3717018930852474650645,3,3717018930852474650645,3,7
large_integer,2546,3717018930852474650647,3,3717018930852474650647,3,7
large_integer,2547,3726242302889329426455,3,3726242302889329426455,3,7
large_integer,2548,3717018930852474650649,3,3717018930852474650649,3,7
large_integer,2549,3726242302889329426457,3,3726242302889329426457,3,7
large_integer,2550,3726242302889329426459,3,3726242302889329426459,3,7
large_integer,2551,3735465674926184202267,3,3735465674926184202267,3,7
large_integer,2552,3717018930852474650651,3,3717018930852474650651,3,7
large_integer,2553,3726242302889329426459,3,3726242302889329426459,3,7
large_integer,2554,3726242302889329426461,3,3726242302889329426461,3,7
large_integer,2555,3735465674926184202269,3,3735465674926184202269,3,7
large_integer,2556,3726242302889329426463,3,3726242302889329426463,3,7
large_integer,2557,3735465674926184202271,3,3735465674926184202271,3,7
large_integer,2558,3735465674926184202273,3,3735465674926184202273,3,7
large_integer,2559,3744689046963038978081,3,3744689046963038978081,3,7
large_integer,2560,1235931852938539958282,1,1235931852938539958282,1,7
large_integer,2561,2462640333840225140746,2,2462640333840225140746,2,7
large_integer,2562,2462640333840225140748,2,2462640333840225140748,2,7
large_integer,2563,2471863705877079916556,2,2471863705877079916556,2,7
large_integer,2564,2462640333840225140750,2,2462640333840225140750,2,7
large_integer,2565,2471863705877079916558,2,2471863705877079916558,2,7
large_integer,2566,2471863705877079916560,2,2471863705877079916560,2,7
large_integer,2567,2481087077913934692368,2,2481087077913934692368,2,7
large_integer,2568,2462640333840225140752,2,2462640333840225140752,2,7
large_integer,2569,2471863705877079916560,2,2471863705877079916560,2,7
large_integer,2570,2471863705877079916562,2,2471863705877079916562,2,7
large_integer,2571,2481087077913934692370,2,2481087077913934692370,2,7
large_integer,2572,2471863705877079916564,2,2471863705877079916564,2,7
large_integer,2573,2481087077913934692372,2,2481087077913934692372,2,7
large_integer,2574,2481087077913934692374,2,2481087077913934692374,2,7
large_integer,2575,2490310449950789468182,2,2490310449950789468182,2,7
large_integer,2576,2462640333840225140747,2,2462640333840225140747,2,7
large_integer,2577,3689348814741910323211,3,3689348814741910323211,3,7
large_integer,2578,3689348814741910323213,3,3689348814741910323213,3,7
large_integer,2579,3698572186778765099021,3,3698572186778765099021,3,7
large_integer,2580,3689348814741910323215,3,3689348814741910323215,3,7
large_integer,2581,3698572186778765099023,3,3698572186778765099023,3,7
large_integer,2582,3698572186778765099025,3,3698572186778765099025,3,7
large_integer,2583,3707795558815619874833,3,3707795558815619874833,3,7
large_integer,2584,3689348814741910323217,3,3689348814741910323217,3,7
large_integer,2585,3698572186778765099025,3,3698572186778765099025,3,7
large_integer,2586,3698572186778765099027,3,3698572186778765099027,3,7
large_integer,2587,3707795558815619874835,3,3707795558815619874835,3,7
large_integer,2588,3698572186778765099029,3,3698572186778765099029,3,7
large_integer,2589,3707795558815619874837,3,3707795558815619874837,3,7
large_integer,2590,3707795558815619874839,3,3707795558815619874839,3,7
large_integer,2591,3717018930852474650647,3,3717018930852474650647,3,7
large_integer,2592,2462640333840225140749,2,2462640333840225140749,2,7
large_integer,2593,3689348814741910323213,3,3689348814741910323213,3,7
large_integer,2594,3689348814741910323215,3,3689348814741910323215,3,7
large_integer,2595,3698572186778765099023,3,3698572186778765099023,3,7
large_integer,2596,3689348814741910323217,3,3689348814741910323217,3,7
large_integer,2597,3698572186778765099025,3,3698572186778765099025,3,7
large_integer,2598,3698572186778765099027,3,3698572186778765099027,3,7
large_integer,2599,3707795558815619874835,3,3707795558815619874835,3,7
large_integer,2600,3689348814741910323219,3,3689348814741910323219,3,7
large_integer,2601,3698572186778765099027,3,3698572186778765099027,3,7
large_integer,2602,3698572186778765099029,3,3698572186778765099029,3,7
large_integer,2603,3707795558815619874837,3,3707795558815619874837,3,7
large_integer,2604,3698572186778765099031,3,3698572186778765099031,3,7
large_integer,2605,3707795558815619874839,3,3707795558815619874839,3,7
large_integer,2606,3707795558815619874841,3,3707795558815619874841,3,7
large_integer,2607,3717018930852474650649,3,3717018930852474650649,3,7
large_integer,2608,2471863705877079916557,2,2471863705877079916557,2,7
large_integer,2609,3698572186778765099021,3,3698572186778765099021,3,7
large_integer,2610,3698572186778765099023,3,3698572186778765099023,3,7
large_integer,2611,3707795558815619874831,3,3707795558815619874831,3,7
large_integer,2612,3698572186778765099025,3,3698572186778765099025,3,7
large_integer,2613,3707795558815619874833,3,3707795558815619874833,3,7
large_integer,2614,3707795558815619874835,3,3707795558815619874835,3,7
large_integer,2615,3717018930852474650643,3,3717018930852474650643,3,7
large_integer,2616,3698572186778765099027,3,3698572186778765099027,3,7
large_integer,2617,3707795558815619874835,3,3707795558815619874835,3,7
large_integer,2618,3707795558815619874837,3,3707795558815619874837,3,7
large_integer,2619,3717018930852474650645,3,3717018930852474650645,3,7
large_integer,2620,3707795558815619874839,3,3707795558815619874839,3,7
large_integer,2621,3717018930852474650647,3,3717018930852474650647,3,7
large_integer,2622,3717018930852474650649,3,3717018930852474650649,3,7
large_integer,2623,3726242302889329426457,3,3726242302889329426457,3,7
large_integer,2624,2462640333840225140751,2,2462640333840225140751,2,7
large_integer,2625,3689348814741910323215,3,3689348814741910323215,3,7
large_integer,2626,3689348814741910323217,3,3689348814741910323217,3,7
large_integer,2627,3698572186778765099025,3,3698572186778765099025,3,7
large_integer,2628,3689348814741910323219,3,3689348814741910323219,3,7
large_integer,2629,3698572186778765099027,3,3698572186778765099027,3,7
large_integer,2630,3698572186778765099029,3,3698572186778765099029,3,7
large_integer,2631,3707795558815619874837,3,3707795558815619874837,3,7
large_integer,2632,3689348814741910323221,3,3689348814741910323221,3,7
large_integer,2633,3698572186778765099029,3,3698572186778765099029,3,7
large_integer,2634,3698572186778765099031,3,3698572186778765099031,3,7
large_integer,2635,3707795558815619874839,3,3707795558815619874839,3,7
large_integer,2636,3698572186778765099033,3,3698572186778765099033,3,7
large_integer,2637,3707795558815619874841,3,3707795558815619874841,3,7
large_integer,2638,3707795558815619874843,3,3707795558815619874843,3,7
large_integer,2639,3717018930852474650651,3,3717018930852474650651,3,7
large_integer,2640,2471863705877079916559,2,2471863705877079916559,2,7
large_integer,2641,3698572186778765099023,3,3698572186778765099023,3,7
large_integer,2642,3698572186778765099025,3,3698572186778765099025,3,7
large_integer,2643,3707795558815619874833,3,3707795558815619874833,3,7
large_integer,2644,3698572186778765099027,3,3698572186778765099027,3,7
large_integer,2645,3707795558815619874835,3,3707795558815619874835,3,7
large_integer,2646,3707795558815619874837,3,3707795558815619874837,3,7
large_integer,2647,3717018930852474650645,3,3717018930852474650645,3,7
large_integer,2648,3698572186778765099029,3,3698572186778765099029,3,7
large_integer,2649,3707795558815619874837,3,3707795558815619874837,3,7
large_integer,2650,3707795558815619874839,3,3707795558815619874839,3,7
large_integer,2651,3717018930852474650647,3,3717018930852474650647,3,7
large_integer,2652,3707795558815619874841,3,3707795558815619874841,3,7
large_integer,2653,3717018930852474650649,3,3717018930852474650649,3,7
large_integer,2654,3717018930852474650651,3,3717018930852474650651,3,7
large_integer,2655,3726242302889329426459,3,3726242302889329426459,3,7
large_integer,2656,2471863705877079916561,2,2471863705877079916561,2,7
large_integer,2657,3698572186778765099025,3,3698572186778765099025,3,7
large_integer,2658,3698572186778765099027,3,3698572186778765099027,3,7
large_integer,2659,3707795558815619874835,3,3707795558815619874835,3,7
large_integer,2660,3698572186778765099029,3,3698572186778765099029,3,7
large_integer,2661,3707795558815619874837,3,3707795558815619874837,3,7
large_integer,2662,3707795558815619874839,3,3707795558815619874839,3,7
large_integer,2663,3717018930852474650647,3,3717018930852474650647,3,7
large_integer,2664,3698572186778765099031,3,3698572186778765099031,3,7
large_integer,2665,3707795558815619874839,3,3707795558815619874839,3,7
large_integer,2666,3707795558815619874841,3,3707795558815619874841,3,7
large_integer,2667,3717018930852474650649,3,3717018930852474650649,3,7
large_integer,2668,3707795558815619874843,3,3707795558815619874843,3,7
large_integer,2669,3717018930852474650651,3,3717018930852474650651,3,7
large_integer,2670,3717018930852474650653,3,3717018930852474650653,3,7
large_integer,2671,3726242302889329426461,3,3726242302889329426461,3,7
large_integer,2672,2481087077913934692369,2,2481087077913934692369,2,7
large_integer,2673,3707795558815619874833,3,3707795558815619874833,3,7
large_integer,2674,3707795558815619874835,3,3707795558815619874835,3,7
large_integer,2675,3717018930852474650643,3,3717018930852474650643,3,7
large_integer,2676,3707795558815619874837,3,3707795558815619874837,3,7
large_integer,2677,3717018930852474650645,3,3717018930852474650645,3,7
large_integer,2678,3717018930852474650647,3,3717018930852474650647,3,7
large_integer,2679,3726242302889329426455,3,3726242302889329426455,3,7
large_integer,2680,3707795558815619874839,3,3707795558815619874839,3,7
large_integer,2681,3717018930852474650647,3,3717018930852474650647,3,7
large_integer,2682,3717018930852474650649,3,3717018930852474650649,3,7
large_integer,2683,3726242302889329426457,3,3726242302889329426457,3,7
large_integer,2684,3717018930852474650651,3,3717018930852474650651,3,7
large_integer,2685,3726242302889329426459,3,3726242302889329426459,3,7
large_integer,2686,3726242302889329426461,3,3726242302889329426461,3,7
large_integer,2687,3735465674926184202269,3,3735465674926184202269,3,7
large_integer,2688,2462640333840225140753,2,2462640333840225140753,2,7
large_integer,2689,3689348814741910323217,3,3689348814741910323217,3,7
large_integer,2690,3689348814741910323219,3,3689348814741910323219,3,7
large_integer,2691,3698572186778765099027,3,3698572186778765099027,3,7
large_integer,2692,3689348814741910323221,3,3689348814741910323221,3,7
large_integer,2693,3698572186778765099029,3,3698572186778765099029,3,7
large_integer,2694,3698572186778765099031,3,3698572186778765099031,3,7
large_integer,2695,3707795558815619874839,3,3707795558815619874839,3,7
large_integer,2696,3689348814741910323223,3,3689348814741910323223,3,7
large_integer,2697,3698572186778765099031,3,3698572186778765099031,3,7
large_integer,2698,3698572186778765099033,3,3698572186778765099033,3,7
large_integer,2699,3707795558815619874841,3,3707795558815619874841,3,7
large_integer,2700,3698572186778765099035,3,3698572186778765099035,3,7
large_integer,2701,3707795558815619874843,3,3707795558815619874843,3,7
large_integer,2702,3707795558815619874845,3,3707795558815619874845,3,7
large_integer,2703,3717018930852474650653,3,3717018930852474650653,3,7
large_integer,2704,2471863705877079916561,2,2471863705877079916561,2,7
large_integer,2705,3698572186778765099025,3,3698572186778765099025,3,7
large_integer,2706,3698572186778765099027,3,3698572186778765099027,3,7
large_integer,2707,3707795558815619874835,3,3707795558815619874835,3,7
large_integer,2708,3698572186778765099029,3,3698572186778765099029,3,7
large_integer,2709,3707795558815619874837,3,3707795558815619874837,3,7
large_integer,2710,3707795558815619874839,3,3707795558815619874839,3,7
large_integer,2711,3717018930852474650647,3,3717018930852474650647,3,7
large_integer,2712,3698572186778765099031,3,3698572186778765099031,3,7
large_integer,2713,3707795558815619874839,3,3707795558815619874839,3,7
large_integer,2714,3707795558815619874841,3,3707795558815619874841,3,7
large_integer,2715,3717018930852474650649,3,3717018930852474650649,3,7
large_integer,2716,3707795558815619874843,3,3707795558815619874843,3,7
large_integer,2717,3717018930852474650651,3,3717018930852474650651,3,7
large_integer,2718,3717018930852474650653,3,3717018930852474650653,3,7
large_integer,2719,3726242302889329426461,3,3726242302889329426461,3,7
large_integer,2720,2471863705877079916563,2,2471863705877079916563,2,7
large_integer,2721,3698572186778765099027,3,3698572186778765099027,3,7
large_integer,2722,3698572186778765099029,3,3698572186778765099029,3,7
large_integer,2723,3707795558815619874837,3,3707795558815619874837,3,7
large_integer,2724,3698572186778765099031,3,3698572186778765099031,3,7
large_integer,2725,3707795558815619874839,3,3707795558815619874839,3,7
large_integer,2726,3707795558815619874841,3,3707795558815619874841,3,7
large_integer,2727,3717018930852474650649,3,3717018930852474650649,3,7
large_integer,2728,3698572186778765099033,3,3698572186778765099033,3,7
large_integer,2729,3707795558815619874841,3,3707795558815619874841,3,7
large_integer,2730,3707795558815619874843,3,3707795558815619874843,3,7
large_integer,2731,3717018930852474650651,3,3717018930852474650651,3,7
large_integer,2732,3707795558815619874845,3,3707795558815619874845,3,7
large_integer,2733,3717018930852474650653,3,3717018930852474650653,3,7
large_integer,2734,3717018930852474650655,3,3717018930852474650655,3,7
large_integer,2735,3726242302889329426463,3,3726242302889329426463,3,7
large_integer,2736,2481087077913934692371,2,2481087077913934692371,2,7
large_integer,2737,3707795558815619874835,3,3707795558815619874835,3,7
large_integer,2738,3707795558815619874837,3,3707795558815619874837,3,7
large_integer,2739,3717018930852474650645,3,3717018930852474650645,3,7
large_integer,2740,3707795558815619874839,3,3707795558815619874839,3,7
large_integer,2741,3717018930852474650647,3,3717018930852474650647,3,7
large_integer,2742,3717018930852474650649,3,3717018930852474650649,3,7
large_integer,2743,3726242302889329426457,3,3726242302889329426457,3,7
large_integer,2744,3707795558815619874841,3,3707795558815619874841,3,7
large_integer,2745,3717018930852474650649,3,3717018930852474650649,3,7
large_integer,2746,3717018930852474650651,3,3717018930852474650651,3,7
large_integer,2747,3726242302889329426459,3,3726242302889329426459,3,7
large_integer,2748,3717018930852474650653,3,3717018930852474650653,3,7
large_integer,2749,3726242302889329426461,3,3726242302889329426461,3,7
large_integer,2750,3726242302889329426463,3,3726242302889329426463,3,7
large_integer,2751,3735465674926184202271,3,3735465674926184202271,3,7
large_integer,2752,2471863705877079916565,2,2471863705877079916565,2,7
large_integer,2753,3698572186778765099029,3,3698572186778765099029,3,7
large_integer,2754,3698572186778765099031,3,3698572186778765099031,3,7
large_integer,2755,3707795558815619874839,3,3707795558815619874839,3,7
large_integer,2756,3698572186778765099033,3,3698572186778765099033,3,7
large_integer,2757,3707795558815619874841,3,3707795558815619874841,3,7
large_integer,2758,3707795558815619874843,3,3707795558815619874843,3,7
large_integer,2759,3717018930852474650651,3,3717018930852474650651,3,7
large_integer,2760,3698572186778765099035,3,3698572186778765099035,3,7
large_integer,2761,3707795558815619874843,3,3707795558815619874843,3,7
large_integer,2762,3707795558815619874845,3,3707795558815619874845,3,7
large_integer,2763,3717018930852474650653,3,3717018930852474650653,3,7
large_integer,2764,3707795558815619874847,3,3707795558815619874847,3,7
large_integer,2765,3717018930852474650655,3,3717018930852474650655,3,7
large_integer,2766,3717018930852474650657,3,3717018930852474650657,3,7
large_integer,2767,3726242302889329426465,3,3726242302889329426465,3,7
large_integer,2768,2481087077913934692373,2,2481087077913934692373,2,7
large_integer,2769,3707795558815619874837,3,3707795558815619874837,3,7
large_integer,2770,3707795558815619874839,3,3707795558815619874839,3,7
large_integer,2771,3717018930852474650647,3,3717018930852474650647,3,7
large_integer,2772,3707795558815619874841,3,3707795558815619874841,3,7
large_integer,2773,3717018930852474650649,3,3717018930852474650649,3,7
large_integer,2774,3717018930852474650651,3,3717018930852474650651,3,7
large_integer,2775,3726242302889329426459,3,3726242302889329426459,3,7
large_integer,2776,3707795558815619874843,3,3707795558815619874843,3,7
large_integer,2777,3717018930852474650651,3,3717018930852474650651,3,7
large_integer,2778,3717018930852474650653,3,3717018930852474650653,3,7
large_integer,2779,3726242302889329426461,3,3726242302889329426461,3,7
large_integer,2780,3717018930852474650655,3,3717018930852474650655,3,7
large_integer,2781,3726242302889329426463,3,3726242302889329426463,3,7
large_integer,2782,3726242302889329426465,3,3726242302889329426465,3,7
large_integer,2783,3735465674926184202273,3,3735465674926184202273,3,7
large_integer,2784,2481087077913934692375,2,2481087077913934692375,2,7
large_integer,2785,3707795558815619874839,3,3707795558815619874839,3,7
large_integer,2786,3707795558815619874841,3,3707795558815619874841,3,7
large_integer,2787,3717018930852474650649,3,3717018930852474650649,3,7
large_integer,2788,3707795558815619874843,3,3707795558815619874843,3,7
large_integer,2789,3717018930852474650651,3,3717018930852474650651,3,7
large_integer,2790,3717018930852474650653,3,3717018930852474650653,3,7
large_integer,2791,3726242302889329426461,3,3726242302889329426461,3,7
large_integer,2792,3707795558815619874845,3,3707795558815619874845,3,7
large_integer,2793,3717018930852474650653,3,3717018930852474650653,3,7
large_integer,2794,3717018930852474650655,3,3717018930852474650655,3,7
large_integer,2795,3726242302889329426463,3,3726242302889329426463,3,7
large_integer,2796,3717018930852474650657,3,3717018930852474650657,3,7
large_integer,2797,3726242302889329426465,3,3726242302889329426465,3,7
large_integer,2798,3726242302889329426467,3,3726242302889329426467,3,7
large_integer,2799,3735465674926184202275,3,3735465674926184202275,3,7
large_integer,2800,2490310449950789468183,2,2490310449950789468183,2,7
large_integer,2801,3717018930852474650647,3,3717018930852474650647,3,7
large_integer,2802,3717018930852474650649,3,3717018930852474650649,3,7
large_integer,2803,3726242302889329426457,3,3726242302889329426457,3,7
large_integer,2804,3717018930852474650651,3,3717018930852474650651,3,7
large_integer,2805,3726242302889329426459,3,3726242302889329426459,3,7
large_integer,2806,3726242302889329426461,3,3726242302889329426461,3,7
large_integer,2807,3735465674926184202269,3,3735465674926184202269,3,7
large_integer,2808,3717018930852474650653,3,3717018930852474650653,3,7
large_integer,2809,3726242302889329426461,3,3726242302889329426461,3,7
large_integer,2810,3726242302889329426463,3,3726242302889329426463,3,7
large_integer,2811,3735465674926184202271,3,3735465674926184202271,3,7
large_integer,2812,3726242302889329426465,3,3726242302889329426465,3,7
large_integer,2813,3735465674926184202273,3,3735465674926184202273,3,7
large_integer,2814,3735465674926184202275,3,3735465674926184202275,3,7
large_integer,2815,3744689046963038978083,3,3744689046963038978083,3,7
large_integer,2816,1245155224975394734090,1,1245155224975394734090,1,7
large_integer,2817,2471863705877079916554,2,2471863705877079916554,2,7
large_integer,2818,2471863705877079916556,2,2471863705877079916556,2,7
large_integer,2819,2481087077913934692364,2,2481087077913934692364,2,7
large_integer,2820,2471863705877079916558,2,2471863705877079916558,2,7
large_integer,2821,2481087077913934692366,2,2481087077913934692366,2,7
large_integer,2822,2481087077913934692368,2,2481087077913934692368,2,7
large_integer,2823,2490310449950789468176,2,2490310449950789468176,2,7
large_integer,2824,2471863705877079916560,2,2471863705877079916560,2,7
large_integer,2825,2481087077913934692368,2,2481087077913934692368,2,7
large_integer,2826,2481087077913934692370,2,2481087077913934692370,2,7
large_integer,2827,2490310449950789468178,2,2490310449950789468178,2,7
large_integer,2828,2481087077913934692372,2,2481087077913934692372,2,7
large_integer,2829,2490310449950789468180,2,2490310449950789468180,2,7
large_integer,2830,2490310449950789468182,2,2490310449950789468182,2,7
large_integer,2831,2499533821987644243990,2,2499533821987644243990,2,7
large_integer,2832,2471863705877079916555,2,2471863705877079916555,2,7
large_integer,2833,3698572186778765099019,3,3698572186778765099019,3,7
large_integer,2834,3698572186778765099021,3,3698572186778765099021,3,7
large_integer,2835,3707795558815619874829,3,3707795558815619874829,3,7
large_integer,2836,3698572186778765099023,3,3698572186778765099023,3,7
large_integer,2837,3707795558815619874831,3,3707795558815619874831,3,7
large_integer,2838,3707795558815619874833,3,3707795558815619874833,3,7
large_integer,2839,3717018930852474650641,3,3717018930852474650641,3,7
large_integer,2840,3698572186778765099025,3,3698572186778765099025,3,7
large_integer,2841,3707795558815619874833,3,3707795558815619874833,3,7
large_integer,2842,3707795558815619874835,3,3707795558815619874835,3,7
large_integer,2843,3717018930852474650643,3,3717018930852474650643,3,7
large_integer,2844,3707795558815619874837,3,3707795558815619874837,3,7
large_integer,2845,3717018930852474650645,3,3717018930852474650645,3,7
large_integer,2846,3717018930852474650647,3,3717018930852474650647,3,7
large_integer,2847,3726242302889329426455,3,3726242302889329426455,3,7
large_integer,2848,2471863705877079916557,2,2471863705877079916557,2,7
large_integer,2849,3698572186778765099021,3,3698572186778765099021,3,7
large_integer,2850,3698572186778765099023,3,3698572186778765099023,3,7
large_integer,2851,3707795558815619874831,3,3707795558815619874831,3,7
large_integer,2852,3698572186778765099025,3,3698572186778765099025,3,7
large_integer,2853,3707795558815619874833,3,3707795558815619874833,3,7
large_integer,2854,3707795558815619874835,3,3707795558815619874835,3,7
large_integer,2855,3717018930852474650643,3,3717018930852474650643,3,7
large_integer,2856,3698572186778765099027,3,3698572186778765099027,3,7
large_integer,2857,3707795558815619874835,3,3707795558815619874835,3,7
large_integer,2858,3707795558815619874837,3,3707795558815619874837,3,7
large_integer,2859,3717018930852474650645,3,3717018930852474650645,3,7
large_integer,2860,3707795558815619874839,3,3707795558815619874839,3,7
large_integer,2861,3717018930852474650647,3,3717018930852474650647,3,7
large_integer,2862,3717018930852474650649,3,3717018930852474650649,3,7
large_integer,2863,3726242302889329426457,3,3726242302889329426457,3,7
large_integer,2864,2481087077913934692365,2,2481087077913934692365,2,7
large_integer,2865,3707795558815619874829,3,3707795558815619874829,3,7
large_integer,2866,3707795558815619874831,3,3707795558815619874831,3,7
large_integer,2867,3717018930852474650639,3,3717018930852474650639,3,7
large_integer,2868,3707795558815619874833,3,3707795558815619874833,3,7
large_integer,2869,3717018930852474650641,3,3717018930852474650641,3,7
large_integer,2870,3717018930852474650643,3,3717018930852474650643,3,7
large_integer,2871,3726242302889329426451,3,3726242302889329426451,3,7
large_integer,2872,3707795558815619874835,3,3707795558815619874835,3,7
large_integer,2873,3717018930852474650643,3,3717018930852474650643,3,7
large_integer,2874,3717018930852474650645,3,3717018930852474650645,3,7
large_integer,2875,3726242302889329426453,3,3726242302889329426453,3,7
large_integer,2876,3717018930852474650647,3,3717018930852474650647,3,7
large_integer,2877,3726242302889329426455,3,3726242302889329426455,3,7
large_integer,2878,3726242302889329426457,3,3726242302889329426457,3,7
large_integer,2879,3735465674926184202265,3,3735465674926184202265,3,7
large_integer,2880,2471863705877079916559,2,2471863705877079916559,2,7
large_integer,2881,3698572186778765099023,3,3698572186778765099023,3,7
large_integer,2882,3698572186778765099025,3,3698572186778765099025,3,7
large_integer,2883,3707795558815619874833,3,3707795558815619874833,3,7
large_integer,2884,3698572186778765099027,3,3698572186778765099027,3,7
large_integer,2885,3707795558815619874835,3,3707795558815619874835,3,7
large_integer,2886,3707795558815619874837,3,3707795558815619874837,3,7
large_integer,2887,3717018930852474650645,3,3717018930852474650645,3,7
large_integer,2888,3698572186778765099029,3,3698572186778765099029,3,7
large_integer,2889,3707795558815619874837,3,3707795558815619874837,3,7
large_integer,2890,3707795558815619874839,3,3707795558815619874839,3,7
large_integer,2891,3717018930852474650647,3,3717018930852474650647,3,7
large_integer,2892,3707795558815619874841,3,3707795558815619874841,3,7
large_integer,2893,3717018930852474650649,3,3717018930852474650649,3,7
large_integer,2894,3717018930852474650651,3,3717018930852474650651,3,7
large_integer,2895,3726242302889329426459,3,3726242302889329426459,3,7
large_integer,2896,2481087077913934692367,2,2481087077913934692367,2,7
large_integer,2897,3707795558815619874831,3,3707795558815619874831,3,7
large_integer,2898,3707795558815619874833,3,3707795558815619874833,3,7
large_integer,2899,3717018930852474650641,3,3717018930852474650641,3,7
large_integer,2900,3707795558815619874835,3,3707795558815619874835,3,7
large_integer,2901,3717018930852474650643,3,3717018930852474650643,3,7
large_integer,2902,3717018930852474650645,3,3717018930852474650645,3,7
large_integer,2903,3726242302889329426453,3,3726242302889329426453,3,7
large_integer,2904,3707795558815619874837,3,3707795558815619874837,3,7
large_integer,2905,3717018930852474650645,3,3717018930852474650645,3,7
large_integer,2906,3717018930852474650647,3,3717018930852474650647,3,7
large_integer,2907,3726242302889329426455,3,3726242302889329426455,3,7
large_integer,2908,3717018930852474650649,3,3717018930852474650649,3,7
large_integer,2909,3726242302889329426457,3,3726242302889329426457,3,7
large_integer,2910,3726242302889329426459,3,3726242302889329426459,3,7
large_integer,2911,3735465674926184202267,3,3735465674926184202267,3,7
large_integer,2912,2481087077913934692369,2,2481087077913934692369,2,7
large_integer,2913,3707795558815619874833,3,3707795558815619874833,3,7
large_integer,2914,3707795558815619874835,3,3707795558815619874835,3,7
large_integer,2915,3717018930852474650643,3,3717018930852474650643,3,7
large_integer,2916,3707795558815619874837,3,3707795558815619874837,3,7
large_integer,2917,3717018930852474650645,3,3717018930852474650645,3,7
large_integer,2918,3717018930852474650647,3,3717018930852474650647,3,7
large_integer,2919,3726242302889329426455,3,3726242302889329426455,3,7
large_integer,2920,3707795558815619874839,3,3707795558815619874839,3,7
large_integer,2921,3717018930852474650647,3,3717018930852474650647,3,7
large_integer,2922,3717018930852474650649,3,3717018930852474650649,3,7
large_integer,2923,3726242302889329426457,3,3726242302889329426457,3,7
large_integer,2924,3717018930852474650651,3,3717018930852474650651,3,7
large_integer,2925,3726242302889329426459,3,3726242302889329426459,3,7
large_integer,2926,3726242302889329426461,3,3726242302889329426461,3,7
large_integer,2927,3735465674926184202269,3,3735465674926184202269,3,7
large_integer,2928,2490310449950789468177,2,2490310449950789468177,2,7
large_integer,2929,3717018930852474650641,3,3717018930852474650641,3,7
large_integer,2930,3717018930852474650643,3,3717018930852474650643,3,7
large_integer,2931,3726242302889329426451,3,3726242302889329426451,3,7
large_integer,2932,3717018930852474650645,3,3717018930852474650645,3,7
large_integer,2933,3726242302889329426453,3,3726242302889329426453,3,7
large_integer,2934,3726242302889329426455,3,3726242302889329426455,3,7
large_integer,2935,3735465674926184202263,3,3735465674926184202263,3,7
large_integer,2936,3717018930852474650647,3,3717018930852474650647,3,7
large_integer,2937,3726242302889329426455,3,3726242302889329426455,3,7
large_integer,2938,3726242302889329426457,3,3726242302889329426457,3,7
large_integer,2939,3735465674926184202265,3,3735465674926184202265,3,7
large_integer,2940,3726242302889329426459,3,3726242302889329426459,3,7
large_integer,2941,3735465674926184202267,3,3735465674926184202267,3,7
large_integer,2942,3735465674926184202269,3,3735465674926184202269,3,7
large_integer,2943,3744689046963038978077,3,3744689046963038978077,3,7
large_integer,2944,2471863705877079916561,2,2471863705877079916561,2,7
large_integer,2945,3698572186778765099025,3,3698572186778765099025,3,7
large_integer,2946,3698572186778765099027,3,3698572186778765099027,3,7
large_integer,2947,3707795558815619874835,3,3707795558815619874835,3,7
large_integer,2948,3698572186778765099029,3,3698572186778765099029,3,7
large_integer,2949,3707795558815619874837,3,3707795558815619874837,3,7
large_integer,2950,3707795558815619874839,3,3707795558815619874839,3,7
large_integer,2951,3717018930852474650647,3,3717018930852474650647,3,7
large_integer,2952,3698572186778765099031,3,3698572186778765099031,3,7
large_integer,2953,3707795558815619874839,3,3707795558815619874839,3,7
large_integer,2954,3707795558815619874841,3,3707795558815619874841,3,7
large_integer,2955,3717018930852474650649,3,3717018930852474650649,3,7
large_integer,2956,3707795558815619874843,3,3707795558815619874843,3,7
large_integer,2957,3717018930852474650651,3,3717018930852474650651,3,7
large_integer,2958,3717018930852474650653,3,3717018930852474650653,3,7
large_integer,2959,3726242302889329426461,3,3726242302889329426461,3,7
large_integer,2960,2481087077913934692369,2,2481087077913934692369,2,7
large_integer,2961,3707795558815619874833,3,3707795558815619874833,3,7
large_integer,2962,3707795558815619874835,3,3707795558815619874835,3,7
large_integer,2963,3717018930852474650643,3,3717018930852474650643,3,7
large_integer,2964,3707795558815619874837,3,3707795558815619874837,3,7
large_integer,2965,3717018930852474650645,3,3717018930852474650645,3,7
large_integer,2966,3717018930852474650647,3,3717018930852474650647,3,7
large_integer,2967,3726242302889329426455,3,3726242302889329426455,3,7
large_integer,2968,3707795558815619874839,3,3707795558815619874839,3,7
large_integer,2969,3717018930852474650647,3,3717018930852474650647,3,7
large_integer,2970,3717018930852474650649,3,3717018930852474650649,3,7
large_integer,2971,3726242302889329426457,3,3726242302889329426457,3,7
large_integer,2972,3717018930852474650651,3,3717018930852474650651,3,7
large_integer,2973,3726242302889329426459,3,3726242302889329426459,3,7
large_integer,2974,3726242302889329426461,3,3726242302889329426461,3,7
large_integer,2975,3735465674926184202269,3,3735465674926184202269,3,7
large_integer,2976,2481087077913934692371,2,2481087077913934692371,2,7
large_integer,2977,3707795558815619874835,3,3707795558815619874835,3,7
large_integer,2978,3707795558815619874837,3,3707795558815619874837,3,7
large_integer,2979,3717018930852474650645,3,3717018930852474650645,3,7
large_integer,2980,3707795558815619874839,3,3707795558815619874839,3,7
large_integer,2981,3717018930852474650647,3,3717018930852474650647,3,7
large_integer,2982,3717018930852474650649,3,3717018930852474650649,3,7
large_integer,2983,3726242302889329426457,3,3726242302889329426457,3,7
large_integer,2984,3707795558815619874841,3,3707795558815619874841,3,7
large_integer,2985,3717018930852474650649,3,3717018930852474650649,3,7
large_integer,2986,3717018930852474650651,3,3717018930852474650651,3,7
large_integer,2987,3726242302889329426459,3,3726242302889329426459,3,7
large_integer,2988,3717018930852474650653,3,3717018930852474650653,3,7
large_integer,2989,3726242302889329426461,3,3726242302889329426461,3,7
large_integer,2990,3726242302889329426463,3,3726242302889329426463,3,7
large_integer,2991,3735465674926184202271,3,3735465674926184202271,3,7
large_integer,2992,2490310449950789468179,2,2490310449950789468179,2,7
large_integer,2993,3717018930852474650643,3,3717018930852474650643,3,7
large_integer,2994,3717018930852474650645,3,3717018930852474650645,3,7
large_integer,2995,3726242302889329426453,3,3726242302889329426453,3,7
large_integer,2996,3717018930852474650647,3,3717018930852474650647,3,7
large_integer,2997,3726242302889329426455,3,3726242302889329426455,3,7
large_integer,2998,3726242302889329426457,3,3726242302889329426457,3,7
large_integer,2999,3735465674926184202265,3,3735465674926184202265,3,7
large_integer,3000,3717018930852474650649,3,3717018930852474650649,3,7
large_integer,3001,3726242302889329426457,3,3726242302889329426457,3,7
large_integer,3002,3726242302889329426459,3,3726242302889329426459,3,7
large_integer,3003,3735465674926184202267,3,3735465674926184202267,3,7
large_integer,3004,3726242302889329426461,3,3726242302889329426461,3,7
large_integer,3005,3735465674926184202269,3,3735465674926184202269,3,7
large_integer,3006,3735465674926184202271,3,3735465674926184202271,3,7
large_integer,3007,3744689046963038978079,3,3744689046963038978079,3,7
large_integer,3008,2481087077913934692373,2,2481087077913934692373,2,7
large_integer,3009,3707795558815619874837,3,3707795558815619874837,3,7
large_integer,3010,3707795558815619874839,3,3707795558815619874839,3,7
large_integer,3011,3717018930852474650647,3,3717018930852474650647,3,7
large_integer,3012,3707795558815619874841,3,3707795558815619874841,3,7
large_integer,3013,3717018930852474650649,3,3717018930852474650649,3,7
large_integer,3014,3717018930852474650651,3,3717018930852474650651,3,7
large_integer,3015,3726242302889329426459,3,3726242302889329426459,3,7
large_integer,3016,3707795558815619874843,3,3707795558815619874843,3,7
large_integer,3017,3717018930852474650651,3,3717018930852474650651,3,7
large_integer,3018,3717018930852474650653,3,3717018930852474650653,3,7
large_integer,3019,3726242302889329426461,3,3726242302889329426461,3,7
large_integer,3020,3717018930852474650655,3,3717018930852474650655,3,7
large_integer,3021,3726242302889329426463,3,3726242302889329426463,3,7
large_integer,3022,3726242302889329426465,3,3726242302889329426465,3,7
large_integer,3023,3735465674926184202273,3,3735465674926184202273,3,7
large_integer,3024,2490310449950789468181,2,2490310449950789468181,2,7
large_integer,3025,3717018930852474650645,3,3717018930852474650645,3,7
large_integer,3026,3717018930852474650647,3,3717018930852474650647,3,7
large_integer,3027,3726242302889329426455,3,3726242302889329426455,3,7
large_integer,3028,3717018930852474650649,3,3717018930852474650649,3,7
large_integer,3029,3726242302889329426457,3,3726242302889329426457,3,7
large_integer,3030,3726242302889329426459,3,3726242302889329426459,3,7
large_integer,3031,3735465674926184202267,3,3735465674926184202267,3,7
large_integer,3032,3717018930852474650651,3,3717018930852474650651,3,7
large_integer,3033,3726242302889329426459,3,3726242302889329426459,3,7
large_integer,3034,3726242302889329426461,3,3726242302889329426461,3,7
large_integer,3035,3735465674926184202269,3,3735465674926184202269,3,7
large_integer,3036,3726242302889329426463,3,3726242302889329426463,3,7
large_integer,3037,3735465674926184202271,3,3735465674926184202271,3,7
large_integer,3038,3735465674926184202273,3,3735465674926184202273,3,7
large_integer,3039,3744689046963038978081,3,3744689046963038978081,3,7
large_integer,3040,2490310449950789468183,2,2490310449950789468183,2,7
large_integer,3041,3717018930852474650647,3,3717018930852474650647,3,7
large_integer,3042,3717018930852474650649,3,3717018930852474650649,3,7
large_integer,3043,3726242302889329426457,3,3726242302889329426457,3,7
large_integer,3044,3717018930852474650651,3,3717018930852474650651,3,7
large_integer,3045,3726242302889329426459,3,3726242302889329426459,3,7
large_integer,3046,3726242302889329426461,3,3726242302889329426461,3,7
large_integer,3047,3735465674926184202269,3,3735465674926184202269,3,7
large_integer,3048,3717018930852474650653,3,3717018930852474650653,3,7
large_integer,3049,3726242302889329426461,3,3726242302889329426461,3,7
large_integer,3050,3726242302889329426463,3,3726242302889329426463,3,7
large_integer,3051,3735465674926184202271,3,3735465674926184202271,3,7
large_integer,3052,3726242302889329426465,3,3726242302889329426465,3,7
large_integer,3053,3735465674926184202273,3,3735465674926184202273,3,7
large_integer,3054,3735465674926184202275,3,3735465674926184202275,3,7
large_integer,3055,3744689046963038978083,3,3744689046963038978083,3,7
large_integer,3056,2499533821987644243991,2,2499533821987644243991,2,7
large_integer,3057,3726242302889329426455,3,3726242302889329426455,3,7
large_integer,3058,3726242302889329426457,3,3726242302889329426457,3,7
large_integer,3059,3735465674926184202265,3,3735465674926184202265,3,7
large_integer,3060,3726242302889329426459,3,3726242302889329426459,3,7
large_integer,3061,3735465674926184202267,3,3735465674926184202267,3,7
large_integer,3062,3735465674926184202269,3,3735465674926184202269,3,7
large_integer,3063,3744689046963038978077,3,3744689046963038978077,3,7
large_integer,3064,3726242302889329426461,3,3726242302889329426461,3,7
large_integer,3065,3735465674926184202269,3,3735465674926184202269,3,7
large_integer,3066,3735465674926184202271,3,3735465674926184202271,3,7
large_integer,3067,3744689046963038978079,3,3744689046963038978079,3,7
large_integer,3068,3735465674926184202273,3,3735465674926184202273,3,7
large_integer,3069,3744689046963038978081,3,3744689046963038978081,3,7
large_integer,3070,3744689046963038978083,3,3744689046963038978083,3,7
large_integer,3071,3753912418999893753891,3,3753912418999893753891,3,7
large_integer,3072,1235931852938539958284,1,1235931852938539958284,1,7
large_integer,3073,2462640333840225140748,2,2462640333840225140748,2,7
large_integer,3074,2462640333840225140750,2,2462640333840225140750,2,7
large_integer,3075,2471863705877079916558,2,2471863705877079916558,2,7
large_integer,3076,2462640333840225140752,2,2462640333840225140752,2,7
large_integer,3077,2471863705877079916560,2,2471863705877079916560,2,7
large_integer,3078,2471863705877079916562,2,2471863705877079916562,2,7
large_integer,3079,2481087077913934692370,2,2481087077913934692370,2,7
large_integer,3080,2462640333840225140754,2,2462640333840225140754,2,7
large_integer,3081,2471863705877079916562,2,2471863705877079916562,2,7
large_integer,3082,2471863705877079916564,2,2471863705877079916564,2,7
large_integer,3083,2481087077913934692372,2,2481087077913934692372,2,7
large_integer,3084,2471863705877079916566,2,2471863705877079916566,2,7
large_integer,3085,2481087077913934692374,2,2481087077913934692374,2,7
large_integer,3086,2481087077913934692376,2,2481087077913934692376,2,7
large_integer,3087,2490310449950789468184,2,2490310449950789468184,2,7
large_integer,3088,2462640333840225140749,2,2462640333840225140749,2,7
large_integer,3089,3689348814741910323213,3,3689348814741910323213,3,7
large_integer,3090,3689348814741910323215,3,3689348814741910323215,3,7
large_integer,3091,3698572186778765099023,3,3698572186778765099023,3,7
large_integer,3092,3689348814741910323217,3,3689348814741910323217,3,7
large_integer,3093,3698572186778765099025,3,3698572186778765099025,3,7
large_integer,3094,3698572186778765099027,3,3698572186778765099027,3,7
large_integer,3095,3707795558815619874835,3,3707795558815619874835,3,7
large_integer,3096,3689348814741910323219,3,3689348814741910323219,3,7
large_integer,3097,3698572186778765099027,3,3698572186778765099027,3,7
large_integer,3098,3698572186778765099029,3,3698572186778765099029,3,7
large_integer,3099,3707795558815619874837,3,3707795558815619874837,3,7
large_integer,3100,3698572186778765099031,3,3698572186778765099031,3,7
large_integer,3101,3707795558815619874839,3,3707795558815619874839,3,7
large_integer,3102,3707795558815619874841,3,3707795558815619874841,3,7
large_integer,3103,3717018930852474650649,3,3717018930852474650649,3,7
large_integer,3104,2462640333840225140751,2,2462640333840225140751,2,7
large_integer,3105,3689348814741910323215,3,3689348814741910323215,3,7
large_integer,3106,3689348814741910323217,3,3689348814741910323217,3,7
large_integer,3107,3698572186778765099025,3,3698572186778765099025,3,7
large_integer,3108,3689348814741910323219,3,3689348814741910323219,3,7
large_integer,3109,3698572186778765099027,3,3698572186778765099027,3,7
large_integer,3110,3698572186778765099029,3,3698572186778765099029,3,7
large_integer,3111,3707795558815619874837,3,3707795558815619874837,3,7
large_integer,3112,3689348814741910323221,3,3689348814741910323221,3,7
large_integer,3113,3698572186778765099029,3,3698572186778765099029,3,7
large_integer,3114,3698572186778765099031,3,3698572186778765099031,3,7
large_integer,3115,3707795558815619874839,3,3707795558815619874839,3,7
large_integer,3116,3698572186778765099033,3,3698572186778765099033,3,7
large_integer,3117,3707795558815619874841,3,3707795558815619874841,3,7
large_integer,3118,3707795558815619874843,3,3707795558815619874843,3,7
large_integer,3119,3717018930852474650651,3,3717018930852474650651,3,7
large_integer,3120,2471863705877079916559,2,2471863705877079916559,2,7
large_integer,3121,3698572186778765099023,3,3698572186778765099023,3,7
large_integer,3122,3698572186778765099025,3,3698572186778765099025,3,7
large_integer,3123,3707795558815619874833,3,3707795558815619874833,3,7
large_integer,3124,3698572186778765099027,3,3698572186778765099027,3,7
large_integer,3125,3707795558815619874835,3,3707795558815619874835,3,7
large_integer,3126,3707795558815619874837,3,3707795558815619874837,3,7
large_integer,3127,3717018930852474650645,3,3717018930852474650645,3,7
large_integer,3128,3698572186778765099029,3,3698572186778765099029,3,7
large_integer,3129,3707795558815619874837,3,3707795558815619874837,3,7
large_integer,3130,3707795558815619874839,3,3707795558815619874839,3,7
large_integer,3131,3717018930852474650647,3,3717018930852474650647,3,7
large_integer,3132,3707795558815619874841,3,3707795558815619874841,3,7
large_integer,3133,3717018930852474650649,3,3717018930852474650649,3,7
large_integer,3134,3717018930852474650651,3,3717018930852474650651,3,7
large_integer,3135,3726242302889329426459,3,3726242302889329426459,3,7
large_integer,3136,2462640333840225140753,2,2462640333840225140753,2,7
large_integer,3137,3689348814741910323217,3,3689348814741910323217,3,7
large_integer,3138,3689348814741910323219,3,3689348814741910323219,3,7
large_integer,3139,3698572186778765099027,3,3698572186778765099027,3,7
large_integer,3140,3689348814741910323221,3,3689348814741910323221,3,7
large_integer,3141,3698572186778765099029,3,3698572186778765099029,3,7
large_integer,3142,3698572186778765099031,3,3698572186778765099031,3,7
large_integer,3143,3707795558815619874839,3,3707795558815619874839,3,7
large_integer,3144,3689348814741910323223,3,3689348814741910323223,3,7
large_integer,3145,3698572186778765099031,3,3698572186778765099031,3,7
large_integer,3146,3698572186778765099033,3,3698572186778765099033,3,7
large_integer,3147,3707795558815619874841,3,3707795558815619874841,3,7
large_integer,3148,3698572186778765099035,3,3698572186778765099035,3,7
large_integer,3149,3707795558815619874843,3,3707795558815619874843,3,7
large_integer,3150,3707795558815619874845,3,3707795558815619874845,3,7
large_integer,3151,3717018930852474650653,3,3717018930852474650653,3,7
large_integer,3152,2471863705877079916561,2,2471863705877079916561,2,7
large_integer,3153,3698572186778765099025,3,3698572186778765099025,3,7
large_integer,3154,3698572186778765099027,3,3698572186778765099027,3,7
large_integer,3155,3707795558815619874835,3,3707795558815619874835,3,7
large_integer,3156,3698572186778765099029,3,3698572186778765099029,3,7
large_integer,3157,3707795558815619874837,3,3707795558815619874837,3,7
large_integer,3158,3707795558815619874839,3,3707795558815619874839,3,7
large_integer,3159,3717018930852474650647,3,3717018930852474650647,3,7
large_integer,3160,3698572186778765099031,3,3698572186778765099031,3,7
large_integer,3161,3707795558815619874839,3,3707795558815619874839,3,7
large_integer,3162,3707795558815619874841,3,3707795558815619874841,3,7
large_integer,3163,3717018930852474650649,3,3717018930852474650649,3,7
large_integer,3164,3707795558815619874843,3,3707795558815619874843,3,7
large_integer,3165,3717018930852474650651,3,3717018930852474650651,3,7
large_integer,3166,3717018930852474650653,3,3717018930852474650653,3,7
large_integer,3167,3726242302889329426461,3,3726242302889329426461,3,7
large_integer,3168,2471863705877079916563,2,2471863705877079916563,2,7
large_integer,3169,3698572186778765099027,3,3698572186778765099027,3,7
large_integer,3170,3698572186778765099029,3,3698572186778765099029,3,7
large_integer,3171,3707795558815619874837,3,3707795558815619874837,3,7
large_integer,3172,3698572186778765099031,3,3698572186778765099031,3,7
large_integer,3173,3707795558815619874839,3,3707795558815619874839,3,7
large_integer,3174,3707795558815619874841,3,3707795558815619874841,3,7
large_integer,3175,3717018930852474650649,3,3717018930852474650649,3,7
large_integer,3176,3698572186778765099033,3,3698572186778765099033,3,7
large_integer,3177,3707795558815619874841,3,3707795558815619874841,3,7
large_integer,3178,3707795558815619874843,3,3707795558815619874843,3,7
large_integer,3179,3717018930852474650651,3,3717018930852474650651,3,7
large_integer,3180,3707795558815619874845,3,3707795558815619874845,3,7
large_integer,3181,3717018930852474650653,3,3717018930852474650653,3,7
large_integer,3182,3717018930852474650655,3,3717018930852474650655,3,7
large_integer,3183,3726242302889329426463,3,3726242302889329426463,3,7
large_integer,3184,2481087077913934692371,2,2481087077913934692371,2,7
large_integer,3185,3707795558815619874835,3,3707795558815619874835,3,7
large_integer,3186,3707795558815619874837,3,3707795558815619874837,3,7
large_integer,3187,3717018930852474650645,3,3717018930852474650645,3,7
large_integer,3188,3707795558815619874839,3,3707795558815619874839,3,7
large_integer,3189,3717018930852474650647,3,3717018930852474650647,3,7
large_integer,3190,3717018930852474650649,3,3717018930852474650649,3,7
large_integer,3191,3726242302889329426457,3,3726242302889329426457,3,7
large_integer,3192,3707795558815619874841,3,3707795558815619874841,3,7
large_integer,3193,3717018930852474650649,3,3717018930852474650649,3,7
large_integer,3194,3717018930852474650651,3,3717018930852474650651,3,7
large_integer,3195,3726242302889329426459,3,3726242302889329426459,3,7
large_integer,3196,3717018930852474650653,3,3717018930852474650653,3,7
large_integer,3197,3726242302889329426461,3,3726242302889329426461,3,7
large_integer,3198,3726242302889329426463,3,3726242302889329426463,3,7
large_integer,3199,3735465674926184202271,3,3735465674926184202271,3,7
large_integer,3200,2462640333840225140755,2,2462640333840225140755,2,7
large_integer,3201,3689348814741910323219,3,3689348814741910323219,3,7
large_integer,3202,3689348814741910323221,3,3689348814741910323221,3,7
large_integer,3203,3698572186778765099029,3,3698572186778765099029,3,7
large_integer,3204,3689348814741910323223,3,3689348814741910323223,3,7
large_integer,3205,3698572186778765099031,3,3698572186778765099031,3,7
large_integer,3206,3698572186778765099033,3,3698572186778765099033,3,7
large_integer,3207,3707795558815619874841,3,3707795558815619874841,3,7
large_integer,3208,3689348814741910323225,3,3689348814741910323225,3,7
large_integer,3209,3698572186778765099033,3,3698572186778765099033,3,7
large_integer,3210,3698572186778765099035,3,3698572186778765099035,3,7
large_integer,3211,3707795558815619874843,3,3707795558815619874843,3,7
large_integer,3212,3698572186778765099037,3,3698572186778765099037,3,7
large_integer,3213,3707795558815619874845,3,3707795558815619874845,3,7
large_integer,3214,3707795558815619874847,3,3707795558815619874847,3,7
large_integer,3215,3717018930852474650655,3,3717018930852474650655,3,7
large_integer,3216,2471863705877079916563,2,2471863705877079916563,2,7
large_integer,3217,3698572186778765099027,3,3698572186778765099027,3,7
large_integer,3218,3698572186778765099029,3,3698572186778765099029,3,7
large_integer,3219,3707795558815619874837,3,3707795558815619874837,3,7
large_integer,3220,3698572186778765099031,3,3698572186778765099031,3,7
large_integer,3221,3707795558815619874839,3,3707795558815619874839,3,7
large_integer,3222,3707795558815619874841,3,3707795558815619874841,3,7
large_integer,3223,3717018930852474650649,3,3717018930852474650649,3,7
large_integer,3224,3698572186778765099033,3,3698572186778765099033,3,7
large_integer,3225,3707795558815619874841,3,3707795558815619874841,3,7
large_integer,3226,3707795558815619874843,3,3707795558815619874843,3,7
large_integer,3227,3717018930852474650651,3,3717018930852474650651,3,7
large_integer,3228,3707795558815619874845,3,3707795558815619874845,3,7
large_integer,3229,3717018930852474650653,3,3717018930852474650653,3,7
large_integer,3230,3717018930852474650655,3,3717018930852474650655,3,7
large_integer,3231,3726242302889329426463,3,3726242302889329426463,3,7
large_integer,3232,2471863705877079916565,2,2471863705877079916565,2,7
large_integer,3233,3698572186778765099029,3,3698572186778765099029,3,7
large_integer,3234,3698572186778765099031,3,3698572186778765099031,3,7
large_integer,3235,3707795558815619874839,3,3707795558815619874839,3,7
large_integer,3236,3698572186778765099033,3,3698572186778765099033,3,7
large_integer,3237,3707795558815619874841,3,3707795558815619874841,3,7
large_integer,3238,3707795558815619874843,3,3707795558815619874843,3,7
large_integer,3239,3717018930852474650651,3,3717018930852474650651,3,7
large_integer,3240,3698572186778765099035,3,3698572186778765099035,3,7
large_integer,3241,3707795558815619874843,3,3707795558815619874843,3,7
large_integer,3242,3707795558815619874845,3,3707795558815619874845,3,7
large_integer,3243,3717018930852474650653,3,3717018930852474650653,3,7
large_integer,3244,3707795558815619874847,3,3707795558815619874847,3,7
large_integer,3245,3717018930852474650655,3,3717018930852474650655,3,7
large_integer,3246,3717018930852474650657,3,3717018930852474650657,3,7
large_integer,3247,3726242302889329426465,3,3726242302889329426465,3,7
large_integer,3248,2481087077913934692373,2,2481087077913934692373,2,7
large_integer,3249,3707795558815619874837,3,3707795558815619874837,3,7
large_integer,3250,3707795558815619874839,3,3707795558815619874839,3,7
large_integer,3251,3717018930852474650647,3,3717018930852474650647,3,7
large_integer,3252,3707795558815619874841,3,3707795558815619874841,3,7
large_integer,3253,3717018930852474650649,3,3717018930852474650649,3,7
large_integer,3254,3717018930852474650651,3,3717018930852474650651,3,7
large_integer,3255,3726242302889329426459,3,3726242302889329426459,3,7
large_integer,3256,3707795558815619874843,3,3707795558815619874843,3,7
large_integer,3257,3717018930852474650651,3,3717018930852474650651,3,7
large_integer,3258,3717018930852474650653,3,3717018930852474650653,3,7
large_integer,3259,3726242302889329426461,3,3726242302889329426461,3,7
large_integer,3260,3717018930852474650655,3,3717018930852474650655,3,7
large_integer,3261,3726242302889329426463,3,3726242302889329426463,3,7
large_integer,3262,3726242302889329426465,3,3726242302889329426465,3,7
large_integer,3263,3735465674926184202273,3,3735465674926184202273,3,7
large_integer,3264,2471863705877079916567,2,2471863705877079916567,2,7
large_integer,3265,3698572186778765099031,3,3698572186778765099031,3,7
large_integer,3266,3698572186778765099033,3,3698572186778765099033,3,7
large_integer,3267,3707795558815619874841,3,3707795558815619874841,3,7
large_integer,3268,3698572186778765099035,3,3698572186778765099035,3,7
large_integer,3269,3707795558815619874843,3,3707795558815619874843,3,7
large_integer,3270,3707795558815619874845,3,3707795558815619874845,3,7
large_integer,3271,3717018930852474650653,3,3717018930852474650653,3,7
large_integer,3272,3698572186778765099037,3,3698572186778765099037,3,7
large_integer,3273,3707795558815619874845,3,3707795558815619874845,3,7
large_integer,3274,3707795558815619874847,3,3707795558815619874847,3,7
large_integer,3275,3717018930852474650655,3,3717018930852474650655,3,7
large_integer,3276,3707795558815619874849,3,3707795558815619874849,3,7
large_integer,3277,3717018930852474650657,3,3717018930852474650657,3,7
large_integer,3278,3717018930852474650659,3,3717018930852474650659,3,7
large_integer,3279,3726242302889329426467,3,3726242302889329426467,3,7
large_integer,3280,2481087077913934692375,2,2481087077913934692375,2,7
large_integer,3281,3707795558815619874839,3,3707795558815619874839,3,7
large_integer,3282,3707795558815619874841,3,3707795558815619874841,3,7
large_integer,3283,3717018930852474650649,3,3717018930852474650649,3,7
large_integer,3284,3707795558815619874843,3,3707795558815619874843,3,7
large_integer,3285,3717018930852474650651,3,3717018930852474650651,3,7
large_integer,3286,3717018930852474650653,3,3717018930852474650653,3,7
large_integer,3287,3726242302889329426461,3,3726242302889329426461,3,7
large_integer,3288,3707795558815619874845,3,3707795558815619874845,3,7
large_integer,3289,3717018930852474650653,3,3717018930852474650653,3,7
large_integer,3290,3717018930852474650655,3,3717018930852474650655,3,7
large_integer,3291,3726242302889329426463,3,3726242302889329426463,3,7
large_integer,3292,3717018930852474650657,3,3717018930852474650657,3,7
large_integer,3293,3726242302889329426465,3,3726242302889329426465,3,7
large_integer,3294,3726242302889329426467,3,3726242302889329426467,3,7
large_integer,3295,3735465674926184202275,3,3735465674926184202275,3,7
large_integer,3296,2481087077913934692377,2,2481087077913934692377,2,7
large_integer,3297,3707795558815619874841,3,3707795558815619874841,3,7
large_integer,3298,3707795558815619874843,3,3707795558815619874843,3,7
large_integer,3299,3717018930852474650651,3,3717018930852474650651,3,7
large_integer,3300,3707795558815619874845,3,3707795558815619874845,3,7
large_integer,3301,3717018930852474650653,3,3717018930852474650653,3,7
large_integer,3302,3717018930852474650655,3,3717018930852474650655,3,7
large_integer,3303,3726242302889329426463,3,3726242302889329426463,3,7
large_integer,3304,3707795558815619874847,3,3707795558815619874847,3,7
large_integer,3305,3717018930852474650655,3,3717018930852474650655,3,7
large_integer,3306,3717018930852474650657,3,3717018930852474650657,3,7
large_integer,3307,3726242302889329426465,3,3726242302889329426465,3,7
large_integer,3308,3717018930852474650659,3,3717018930852474650659,3,7
large_integer,3309,3726242302889329426467,3,3726242302889329426467,3,7
large_integer,3310,3726242302889329426469,3,3726242302889329426469,3,7
large_integer,3311,3735465674926184202277,3,3735465674926184202277,3,7
large_integer,3312,2490310449950789468185,2,2490310449950789468185,2,7
large_integer,3313,3717018930852474650649,3,3717018930852474650649,3,7
large_integer,3314,3717018930852474650651,3,3717018930852474650651,3,7
large_integer,3315,3726242302889329426459,3,3726242302889329426459,3,7
large_integer,3316,3717018930852474650653,3,3717018930852474650653,3,7
large_integer,3317,3726242302889329426461,3,3726242302889329426461,3,7
large_integer,3318,3726242302889329426463,3,3726242302889329426463,3,7
large_integer,3319,3735465674926184202271,3,3735465674926184202271,3,7
large_integer,3320,3717018930852474650655,3,3717018930852474650655,3,7
large_integer,3321,3726242302889329426463,3,3726242302889329426463,3,7
large_integer,3322,3726242302889329426465,3,3726242302889329426465,3,7
large_integer,3323,3735465674926184202273,3,3735465674926184202273,3,7
large_integer,3324,3726242302889329426467,3,3726242302889329426467,3,7
large_integer,3325,3735465674926184202275,3,3735465674926184202275,3,7
large_integer,3326,3735465674926184202277,3,3735465674926184202277,3,7
large_integer,3327,3744689046963038978085,3,3744689046963038978085,3,7
large_integer,3328,1245155224975394734092,1,1245155224975394734092,1,7
large_integer,3329,2471863705877079916556,2,2471863705877079916556,2,7
large_integer,3330,2471863705877079916558,2,2471863705877079916558,2,7
large_integer,3331,2481087077913934692366,2,2481087077913934692366,2,7
large_integer,3332,2471863705877079916560,2,2471863705877079916560,2,7
large_integer,3333,2481087077913934692368,2,2481087077913934692368,2,7
large_integer,3334,2481087077913934692370,2,2481087077913934692370,2,7
large_integer,3335,2490310449950789468178,2,2490310449950789468178,2,7
large_integer,3336,2471863705877079916562,2,2471863705877079916562,2,7
large_integer,3337,2481087077913934692370,2,2481087077913934692370,2,7
large_integer,3338,2481087077913934692372,2,2481087077913934692372,2,7
large_integer,3339,2490310449950789468180,2,2490310449950789468180,2,7
large_integer,3340,2481087077913934692374,2,2481087077913934692374,2,7
large_integer,3341,2490310449950789468182,2,2490310449950789468182,2,7
large_integer,3342,2490310449950789468184,2,2490310449950789468184,2,7
large_integer,3343,2499533821987644243992,2,2499533821987644243992,2,7
large_integer,3344,2471863705877079916557,2,2471863705877079916557,2,7
large_integer,3345,3698572186778765099021,3,3698572186778765099021,3,7
large_integer,3346,3698572186778765099023,3,3698572186778765099023,3,7
large_integer,3347,3707795558815619874831,3,3707795558815619874831,3,7
large_integer,3348,3698572186778765099025,3,3698572186778765099025,3,7
large_integer,3349,3707795558815619874833,3,3707795558815619874833,3,7
large_integer,3350,3707795558815619874835,3,3707795558815619874835,3,7
large_integer,3351,3717018930852474650643,3,3717018930852474650643,3,7
large_integer,3352,3698572186778765099027,3,3698572186778765099027,3,7
large_integer,3353,3707795558815619874835,3,3707795558815619874835,3,7
large_integer,3354,3707795558815619874837,3,3707795558815619874837,3,7
large_integer,3355,3717018930852474650645,3,3717018930852474650645,3,7
large_integer,3356,3707795558815619874839,3,3707795558815619874839,3,7
large_integer,3357,3717018930852474650647,3,3717018930852474650647,3,7
large_integer,3358,3717018930852474650649,3,3717018930852474650649,3,7
large_integer,3359,3726242302889329426457,3,3726242302889329426457,3,7
large_integer,3360,2471863705877079916559,2,2471863705877079916559,2,7
large_integer,3361,3698572186778765099023,3,3698572186778765099023,3,7
large_integer,3362,3698572186778765099025,3,3698572186778765099025,3,7
large_integer,3363,3707795558815619874833,3,3707795558815619874833,3,7
large_integer,3364,3698572186778765099027,3,3698572186778765099027,3,7
large_integer,3365,3707795558815619874835,3,3707795558815619874835,3,7
large_integer,3366,3707795558815619874837,3,3707795558815619874837,3,7
large_integer,3367,3717018930852474650645,3,3717018930852474650645,3,7
large_integer,3368,3698572186778765099029,3,3698572186778765099029,3,7
large_integer,3369,3707795558815619874837,3,3707795558815619874837,3,7
large_integer,3370,3707795558815619874839,3,3707795558815619874839,3,7
large_integer,3371,3717018930852474650647,3,3717018930852474650647,3,7
large_integer,3372,3707795558815619874841,3,3707795558815619874841,3,7
large_integer,3373,3717018930852474650649,3,3717018930852474650649,3,7
large_integer,3374,3717018930852474650651,3,3717018930852474650651,3,7
large_integer,3375,3726242302889329426459,3,3726242302889329426459,3,7
large_integer,3376,2481087077913934692367,2,2481087077913934692367,2,7
large_integer,3377,3707795558815619874831,3,3707795558815619874831,3,7
large_integer,3378,3707795558815619874833,3,3707795558815619874833,3,7
large_integer,3379,3717018930852474650641,3,3717018930852474650641,3,7
large_integer,3380,3707795558815619874835,3,3707795558815619874835,3,7
large_integer,3381,3717018930852474650643,3,3717018930852474650643,3,7
large_integer,3382,3717018930852474650645,3,3717018930852474650645,3,7
large_integer,3383,3726242302889329426453,3,3726242302889329426453,3,7
large_integer,3384,3707795558815619874837,3,3707795558815619874837,3,7
large_integer,3385,3717018930852474650645,3,3717018930852474650645,3,7
large_integer,3386,3717018930852474650647,3,3717018930852474650647,3,7
large_integer,3387,3726242302889329426455,3,3726242302889329426455,3,7
large_integer,3388,3717018930852474650649,3,3717018930852474650649,3,7
large_integer,3389,3726242302889329426457,3,3726242302889329426457,3,7
large_integer,3390,3726242302889329426459,3,3726242302889329426459,3,7
large_integer,3391,3735465674926184202267,3,3735465674926184202267,3,7
large_integer,3392,2471863705877079916561,2,2471863705877079916561,2,7
large_integer,3393,3698572186778765099025,3,3698572186778765099025,3,7
large_integer,3394,3698572186778765099027,3,3698572186778765099027,3,7
large_integer,3395,3707795558815619874835,3,3707795558815619874835,3,7
large_integer,3396,3698572186778765099029,3,3698572186778765099029,3,7
large_integer,3397,3707795558815619874837,3,3707795558815619874837,3,7
large_integer,3398,3707795558815619874839,3,3707795558815619874839,3,7
large_integer,3399,3717018930852474650647,3,3717018930852474650647,3,7
large_integer,3400,3698572186778765099031,3,3698572186778765099031,3,7
large_integer,3401,3707795558815619874839,3,3707795558815619874839,3,7
large_integer,3402,3707795558815619874841,3,3707795558815619874841,3,7
large_integer,3403,3717018930852474650649,3,3717018930852474650649,3,7
large_integer,3404,3707795558815619874843,3,3707795558815619874843,3,7
large_integer,3405,3717018930852474650651,3,3717018930852474650651,3,7
large_integer,3406,3717018930852474650653,3,3717018930852474650653,3,7
large_integer,3407,3726242302889329426461,3,3726242302889329426461,3,7
large_integer,3408,2481087077913934692369,2,2481087077913934692369,2,7
large_integer,3409,3707795558815619874833,3,3707795558815619874833,3,7
large_integer,3410,3707795558815619874835,3,3707795558815619874835,3,7
large_integer,3411,3717018930852474650643,3,3717018930852474650643,3,7
large_integer,3412,3707795558815619874837,3,3707795558815619874837,3,7
large_integer,3413,3717018930852474650645,3,3717018930852474650645,3,7
large_integer,3414,3717018930852474650647,3,3717018930852474650647,3,7
large_integer,3415,3726242302889329426455,3,3726242302889329426455,3,7
large_integer,3416,3707795558815619874839,3,3707795558815619874839,3,7
large_integer,3417,3717018930852474650647,3,3717018930852474650647,3,7
large_integer,3418,3717018930852474650649,3,3717018930852474650649,3,7
large_integer,3419,3726242302889329426457,3,3726242302889329426457,3,7
large_integer,3420,3717018930852474650651,3,3717018930852474650651,3,7
large_integer,3421,3726242302889329426459,3,3726242302889329426459,3,7
large_integer,3422,3726242302889329426461,3,3726242302889329426461,3,7
large_integer,3423,3735465674926184202269,3,3735465674926184202269,3,7
large_integer,3424,2481087077913934692371,2,2481087077913934692371,2,7
large_integer,3425,3707795558815619874835,3,3707795558815619874835,3,7
large_integer,3426,3707795558815619874837,3,3707795558815619874837,3,7
large_integer,3427,3717018930852474650645,3,3717018930852474650645,3,7
large_integer,3428,3707795558815619874839,3,3707795558815619874839,3,7
large_integer,3429,3717018930852474650647,3,3717018930852474650647,3,7
large_integer,3430,3717018930852474650649,3,3717018930852474650649,3,7
large_integer,3431,3726242302889329426457,3,3726242302889329426457,3,7
large_integer,3432,3707795558815619874841,3,3707795558815619874841,3,7
large_integer,3433,3717018930852474650649,3,3717018930852474650649,3,7
large_integer,3434,3717018930852474650651,3,3717018930852474650651,3,7
large_integer,3435,3726242302889329426459,3,3726242302889329426459,3,7
large_integer,3436,3717018930852474650653,3,3717018930852474650653,3,7
large_integer,3437,3726242302889329426461,3,3726242302889329426461,3,7
large_integer,3438,3726242302889329426463,3,3726242302889329426463,3,7
large_integer,3439,3735465674926184202271,3,3735465674926184202271,3,7
large_integer,3440,2490310449950789468179,2,2490310449950789468179,2,7
large_integer,3441,3717018930852474650643,3,3717018930852474650643,3,7
large_integer,3442,3717018930852474650645,3,3717018930852474650645,3,7
large_integer,3443,3726242302889329426453,3,3726242302889329426453,3,7
large_integer,3444,3717018930852474650647,3,3717018930852474650647,3,7
large_integer,3445,3726242302889329426455,3,3726242302889329426455,3,7
large_integer,3446,3726242302889329426457,3,3726242302889329426457,3,7
large_integer,3447,3735465674926184202265,3,3735465674926184202265,3,7
large_integer,3448,3717018930852474650649,3,3717018930852474650649,3,7
large_integer,3449,3726242302889329426457,3,3726242302889329426457,3,7
large_integer,3450,3726242302889329426459,3,3726242302889329426459,3,7
large_integer,3451,3735465674926184202267,3,3735465674926184202267,3,7
large_integer,3452,3726242302889329426461,3,3726242302889329426461,3,7
large_integer,3453,3735465674926184202269,3,3735465674926184202269,3,7
large_integer,3454,3735465674926184202271,3,3735465674926184202271,3,7
large_integer,3455,3744689046963038978079,3,3744689046963038978079,3,7
large_integer,3456,2471863705877079916563,2,2471863705877079916563,2,7
large_integer,3457,3698572186778765099027,3,3698572186778765099027,3,7
large_integer,3458,3698572186778765099029,3,3698572186778765099029,3,7
large_integer,3459,3707795558815619874837,3,3707795558815619874837,3,7
large_integer,3460,3698572186778765099031,3,3698572186778765099031,3,7
large_integer,3461,3707795558815619874839,3,3707795558815619874839,3,7
large_integer,3462,3707795558815619874841,3,3707795558815619874841,3,7
large_integer,3463,3717018930852474650649,3,3717018930852474650649,3,7
large_integer,3464,3698572186778765099033,3,3698572186778765099033,3,7
large_integer,3465,3707795558815619874841,3,3707795558815619874841,3,7
large_integer,3466,3707795558815619874843,3,3707795558815619874843,3,7
large_integer,3467,3717018930852474650651,3,3717018930852474650651,3,7
large_integer,3468,3707795558815619874845,3,3707795558815619874845,3,7
large_integer,3469,3717018930852474650653,3,3717018930852474650653,3,7
large_integer,3470,3717018930852474650655,3,3717018930852474650655,3,7
large_integer,3471,3726242302889329426463,3,3726242302889329426463,3,7
large_integer,3472,2481087077913934692371,2,2481087077913934692371,2,7
large_integer,3473,3707795558815619874835,3,3707795558815619874835,3,7
large_integer,3474,3707795558815619874837,3,3707795558815619874837,3,7
large_integer,3475,3717018930852474650645,3,3717018930852474650645,3,7
large_integer,3476,3707795558815619874839,3,3707795558815619874839,3,7
large_integer,3477,3717018930852474650647,3,3717018930852474650647,3,7
large_integer,3478,3717018930852474650649,3,3717018930852474650649,3,7
large_integer,3479,3726242302889329426457,3,3726242302889329426457,3,7
large_integer,3480,3707795558815619874841,3,3707795558815619874841,3,7
large_integer,3481,3717018930852474650649,3,3717018930852474650649,3,7
large_integer,3482,3717018930852474650651,3,3717018930852474650651,3,7
large_integer,3483,3726242302889329426459,3,3726242302889329426459,3,7
large_integer,3484,3717018930852474650653,3,3717018930852474650653,3,7
large_integer,3485,3726242302889329426461,3,3726242302889329426461,3,7
large_integer,3486,3726242302889329426463,3,3726242302889329426463,3,7
large_integer,3487,3735465674926184202271,3,3735465674926184202271,3,7
large_integer,3488,2481087077913934692373,2,2481087077913934692373,2,7
large_integer,3489,3707795558815619874837,3,3707795558815619874837,3,7
large_integer,3490,3707795558815619874839,3,3707795558815619874839,3,7
large_integer,3491,3717018930852474650647,3,3717018930852474650647,3,7
large_integer,3492,3707795558815619874841,3,3707795558815619874841,3,7
large_integer,3493,3717018930852474650649,3,3717018930852474650649,3,7
large_integer,3494,3717018930852474650651,3,3717018930852474650651,3,7
large_integer,3495,3726242302889329426459,3,3726242302889329426459,3,7
large_integer,3496,3707795558815619874843,3,3707795558815619874843,3,7
large_integer,3497,3717018930852474650651,3,3717018930852474650651,3,7
large_integer,3498,3717018930852474650653,3,3717018930852474650653,3,7
large_integer,3499,3726242302889329426461,3,3726242302889329426461,3,7
large_integer,3500,3717018930852474650655,3,3717018930852474650655,3,7
large_integer,3501,3726242302889329426463,3,3726242302889329426463,3,7
large_integer,3502,3726242302889329426465,3,3726242302889329426465,3,7
large_integer,3503,3735465674926184202273,3,3735465674926184202273,3,7
large_integer,3504,2490310449950789468181,2,2490310449950789468181,2,7
large_integer,3505,3717018930852474650645,3,3717018930852474650645,3,7
large_integer,3506,3717018930852474650647,3,3717018930852474650647,3,7
large_integer,3507,3726242302889329426455,3,3726242302889329426455,3,7
large_integer,3508,3717018930852474650649,3,3717018930852474650649,3,7
large_integer,3509,3726242302889329426457,3,3726242302889329426457,3,7
large_integer,3510,3726242302889329426459,3,3726242302889329426459,3,7
large_integer,3511,3735465674926184202267,3,3735465674926184202267,3,7
large_integer,3512,3717018930852474650651,3,3717018930852474650651,3,7
large_integer,3513,3726242302889329426459,3,3726242302889329426459,3,7
large_integer,3514,3726242302889329426461,3,3726242302889329426461,3,7
large_integer,3515,3735465674926184202269,3,3735465674926184202269,3,7
large_integer,3516,3726242302889329426463,3,3726242302889329426463,3,7
large_integer,3517,3735465674926184202271,3,3735465674926184202271,3,7
large_integer,3518,3735465674926184202273,3,3735465674926184202273,3,7
large_integer,3519,3744689046963038978081,3,3744689046963038978081,3,7
large_integer,3520,2481087077913934692375,2,2481087077913934692375,2,7
large_integer,3521,3707795558815619874839,3,3707795558815619874839,3,7
large_integer,3522,3707795558815619874841,3,3707795558815619874841,3,7
large_integer,3523,3717018930852474650649,3,3717018930852474650649,3,7
large_integer,3524,3707795558815619874843,3,3707795558815619874843,3,7
large_integer,3525,3717018930852474650651,3,3717018930852474650651,3,7
large_integer,3526,3717018930852474650653,3,3717018930852474650653,3,7
large_integer,3527,3726242302889329426461,3,3726242302889329426461,3,7
large_integer,3528,3707795558815619874845,3,3707795558815619874845,3,7
large_integer,3529,3717018930852474650653,3,3717018930852474650653,3,7
large_integer,3530,3717018930852474650655,3,3717018930852474650655,3,7
large_integer,3531,3726242302889329426463,3,3726242302889329426463,3,7
large_integer,3532,3717018930852474650657,3,3717018930852474650657,3,7
large_integer,3533,3726242302889329426465,3,3726242302889329426465,3,7
large_integer,3534,3726242302889329426467,3,3726242302889329426467,3,7
large_integer,3535,3735465674926184202275,3,3735465674926184202275,3,7
large_integer,3536,2490310449950789468183,2,2490310449950789468183,2,7
large_integer,3537,3717018930852474650647,3,3717018930852474650647,3,7
large_integer,3538,3717018930852474650649,3,3717018930852474650649,3,7
large_integer,3539,3726242302889329426457,3,3726242302889329426457,3,7
large_integer,3540,3717018930852474650651,3,3717018930852474650651,3,7
large_integer,3541,3726242302889329426459,3,3726242302889329426459,3,7
large_integer,3542,3726242302889329426461,3,3726242302889329426461,3,7
large_integer,3543,3735465674926184202269,3,3735465674926184202269,3,7
large_integer,3544,3717018930852474650653,3,3717018930852474650653,3,7
large_integer,3545,3726242302889329426461,3,3726242302889329426461,3,7
large_integer,3546,3726242302889329426463,3,3726242302889329426463,3,7
large_integer,3547,3735465674926184202271,3,3735465674926184202271,3,7
large_integer,3548,3726242302889329426465,3,3726242302889329426465,3,7
large_integer,3549,3735465674926184202273,3,3735465674926184202273,3,7
large_integer,3550,3735465674926184202275,3,3735465674926184202275,3,7
large_integer,3551,3744689046963038978083,3,3744689046963038978083,3,7
large_integer,3552,2490310449950789468185,2,2490310449950789468185,2,7
large_integer,3553,3717018930852474650649,3,3717018930852474650649,3,7
large_integer,3554,3717018930852474650651,3,3717018930852474650651,3,7
large_integer,3555,3726242302889329426459,3,3726242302889329426459,3,7
large_integer,3556,3717018930852474650653,3,3717018930852474650653,3,7
large_integer,3557,3726242302889329426461,3,3726242302889329426461,3,7
large_integer,3558,3726242302889329426463,3,3726242302889329426463,3,7
large_integer,3559,3735465674926184202271,3,3735465674926184202271,3,7
large_integer,3560,3717018930852474650655,3,3717018930852474650655,3,7
large_integer,3561,3726242302889329426463,3,3726242302889329426463,3,7
large_integer,3562,3726242302889329426465,3,3726242302889329426465,3,7
large_integer,3563,3735465674926184202273,3,3735465674926184202273,3,7
large_integer,3564,3726242302889329426467,3,3726242302889329426467,3,7
large_integer,3565,3735465674926184202275,3,3735465674926184202275,3,7
large_integer,3566,3735465674926184202277,3,3735465674926184202277,3,7
large_integer,3567,3744689046963038978085,3,3744689046963038978085,3,7
large_integer,3568,2499533821987644243993,2,2499533821987644243993,2,7
large_integer,3569,3726242302889329426457,3,3726242302889329426457,3,7
large_integer,3570,3726242302889329426459,3,3726242302889329426459,3,7
large_integer,3571,3735465674926184202267,3,3735465674926184202267,3,7
large_integer,3572,3726242302889329426461,3,3726242302889329426461,3,7
large_integer,3573,3735465674926184202269,3,3735465674926184202269,3,7
large_integer,3574,3735465674926184202271,3,3735465674926184202271,3,7
large_integer,3575,3744689046963038978079,3,3744689046963038978079,3,7
large_integer,3576,3726242302889329426463,3,3726242302889329426463,3,7
large_integer,3577,3735465674926184202271,3,3735465674926184202271,3,7
large_integer,3578,3735465674926184202273,3,3735465674926184202273,3,7
large_integer,3579,3744689046963038978081,3,3744689046963038978081,3,7
large_integer,3580,3735465674926184202275,3,3735465674926184202275,3,7
large_integer,3581,3744689046963038978083,3,3744689046963038978083,3,7
large_integer,3582,3744689046963038978085,3,3744689046963038978085,3,7
large_integer,3583,3753912418999893753893,3,3753912418999893753893,3,7
large_integer,3584,1245155224975394734094,1,1245155224975394734094,1,7
large_integer,3585,2471863705877079916558,2,2471863705877079916558,2,7
large_integer,3586,2471863705877079916560,2,2471863705877079916560,2,7
large_integer,3587,2481087077913934692368,2,2481087077913934692368,2,7
large_integer,3588,2471863705877079916562,2,2471863705877079916562,2,7
large_integer,3589,2481087077913934692370,2,2481087077913934692370,2,7
large_integer,3590,2481087077913934692372,2,2481087077913934692372,2,7
large_integer,3591,2490310449950789468180,2,2490310449950789468180,2,7
large_integer,3592,2471863705877079916564,2,2471863705877079916564,2,7
large_integer,3593,2481087077913934692372,2,2481087077913934692372,2,7
large_integer,3594,2481087077913934692374,2,2481087077913934692374,2,7
large_integer,3595,2490310449950789468182,2,2490310449950789468182,2,7
large_integer,3596,2481087077913934692376,2,2481087077913934692376,2,7
large_integer,3597,2490310449950789468184,2,2490310449950789468184,2,7
large_integer,3598,2490310449950789468186,2,2490310449950789468186,2,7
large_integer,3599,2499533821987644243994,2,2499533821987644243994,2,7
large_integer,3600,2471863705877079916559,2,2471863705877079916559,2,7
large_integer,3601,3698572186778765099023,3,3698572186778765099023,3,7
large_integer,3602,3698572186778765099025,3,3698572186778765099025,3,7
large_integer,3603,3707795558815619874833,3,3707795558815619874833,3,7
large_integer,3604,3698572186778765099027,3,3698572186778765099027,3,7
large_integer,3605,3707795558815619874835,3,3707795558815619874835,3,7
large_integer,3606,3707795558815619874837,3,3707795558815619874837,3,7
large_integer,3607,3717018930852474650645,3,3717018930852474650645,3,7
large_integer,3608,3698572186778765099029,3,3698572186778765099029,3,7
large_integer,3609,3707795558815619874837,3,3707795558815619874837,3,7
large_integer,3610,3707795558815619874839,3,3707795558815619874839,3,7
large_integer,3611,3717018930852474650647,3,3717018930852474650647,3,7
large_integer,3612,3707795558815619874841,3,3707795558815619874841,3,7
large_integer,3613,3717018930852474650649,3,3717018930852474650649,3,7
large_integer,3614,3717018930852474650651,3,3717018930852474650651,3,7
large_integer,3615,3726242302889329426459,3,3726242302889329426459,3,7
large_integer,3616,2471863705877079916561,2,2471863705877079916561,2,7
large_integer,3617,3698572186778765099025,3,3698572186778765099025,3,7
large_integer,3618,3698572186778765099027,3,3698572186778765099027,3,7
large_integer,3619,3707795558815619874835,3,3707795558815619874835,3,7
large_integer,3620,3698572186778765099029,3,3698572186778765099029,3,7
large_integer,3621,3707795558815619874837,3,3707795558815619874837,3,7
large_integer,3622,3707795558815619874839,3,3707795558815619874839,3,7
large_integer,3623,3717018930852474650647,3,3717018930852474650647,3,7
large_integer,3624,3698572186778765099031,3,3698572186778765099031,3,7
large_integer,3625,3707795558815619874839,3,3707795558815619874839,3,7
large_integer,3626,3707795558815619874841,3,3707795558815619874841,3,7
large_integer,3627,3717018930852474650649,3,3717018930852474650649,3,7
large_integer,3628,3707795558815619874843,3,3707795558815619874843,3,7
large_integer,3629,3717018930852474650651,3,3717018930852474650651,3,7
large_integer,3630,3717018930852474650653,3,3717018930852474650653,3,7
large_integer,3631,3726242302889329426461,3,3726242302889329426461,3,7
large_integer,3632,2481087077913934692369,2,2481087077913934692369,2,7
large_integer,3633,3707795558815619874833,3,3707795558815619874833,3,7
large_integer,3634,3707795558815619874835,3,3707795558815619874835,3,7
large_integer,3635,3717018930852474650643,3,3717018930852474650643,3,7
large_integer,3636,3707795558815619874837,3,3707795558815619874837,3,7
large_integer,3637,3717018930852474650645,3,3717018930852474650645,3,7
large_integer,3638,3717018930852474650647,3,3717018930852474650647,3,7
large_integer,3639,3726242302889329426455,3,3726242302889329426455,3,7
large_integer,3640,3707795558815619874839,3,3707795558815619874839,3,7
large_integer,3641,3717018930852474650647,3,3717018930852474650647,3,7
large_integer,3642,3717018930852474650649,3,3717018930852474650649,3,7
large_integer,3643,3726242302889329426457,3,3726242302889329426457,3,7
large_integer,3644,3717018930852474650651,3,3717018930852474650651,3,7
large_integer,3645,3726242302889329426459,3,3726242302889329426459,3,7
large_integer,3646,3726242302889329426461,3,3726242302889329426461,3,7
large_integer,3647,3735465674926184202269,3,3735465674926184202269,3,7
large_integer,3648,2471863705877079916563,2,2471863705877079916563,2,7
large_integer,3649,3698572186778765099027,3,3698572186778765099027,3,7
large_integer,3650,3698572186778765099029,3,3698572186778765099029,3,7
large_integer,3651,3707795558815619874837,3,3707795558815619874837,3,7
large_integer,3652,3698572186778765099031,3,3698572186778765099031,3,7
large_integer,3653,3707795558815619874839,3,3707795558815619874839,3,7
large_integer,3654,3707795558815619874841,3,3707795558815619874841,3,7
large_integer,3655,3717018930852474650649,3,3717018930852474650649,3,7
large_integer,3656,3698572186778765099033,3,3698572186778765099033,3,7
large_integer,3657,3707795558815619874841,3,3707795558815619874841,3,7
large_integer,3658,3707795558815619874843,3,3707795558815619874843,3,7
large_integer,3659,3717018930852474650651,3,3717018930852474650651,3,7
large_integer,3660,3707795558815619874845,3,3707795558815619874845,3,7
large_integer,3661,3717018930852474650653,3,3717018930852474650653,3,7
large_integer,3662,3717018930852474650655,3,3717018930852474650655,3,7
large_integer,3663,3726242302889329426463,3,3726242302889329426463,3,7
large_integer,3664,2481087077913934692371,2,2481087077913934692371,2,7
large_integer,3665,3707795558815619874835,3,3707795558815619874835,3,7
large_integer,3666,3707795558815619874837,3,3707795558815619874837,3,7
large_integer,3667,3717018930852474650645,3,3717018930852474650645,3,7
large_integer,3668,3707795558815619874839,3,3707795558815619874839,3,7
large_integer,3669,3717018930852474650647,3,3717018930852474650647,3,7
large_integer,3670,3717018930852474650649,3,3717018930852474650649,3,7
large_integer,3671,3726242302889329426457,3,3726242302889329426457,3,7
large_integer,3672,3707795558815619874841,3,3707795558815619874841,3,7
large_integer,3673,3717018930852474650649,3,3717018930852474650649,3,7
large_integer,3674,3717018930852474650651,3,3717018930852474650651,3,7
large_integer,3675,3726242302889329426459,3,3726242302889329426459,3,7
large_integer,3676,3717018930852474650653,3,3717018930852474650653,3,7
large_integer,3677,3726242302889329426461,3,3726242302889329426461,3,7
large_integer,3678,3726242302889329426463,3,3726242302889329426463,3,7
large_integer,3679,3735465674926184202271,3,3735465674926184202271,3,7
large_integer,3680,2481087077913934692373,2,2481087077913934692373,2,7
large_integer,3681,3707795558815619874837,3,3707795558815619874837,3,7
large_integer,3682,3707795558815619874839,3,3707795558815619874839,3,7
large_integer,3683,3717018930852474650647,3,3717018930852474650647,3,7
large_integer,3684,3707795558815619874841,3,3707795558815619874841,3,7
large_integer,3685,3717018930852474650649,3,3717018930852474650649,3,7
large_integer,3686,3717018930852474650651,3,3717018930852474650651,3,7
large_integer,3687,3726242302889329426459,3,3726242302889329426459,3,7
large_integer,3688,3707795558815619874843,3,3707795558815619874843,3,7
large_integer,3689,3717018930852474650651,3,3717018930852474650651,3,7
large_integer,3690,3717018930852474650653,3,3717018930852474650653,3,7
large_integer,3691,3726242302889329426461,3,3726242302889329426461,3,7
large_integer,3692,3717018930852474650655,3,3717018930852474650655,3,7
large_integer,3693,3726242302889329426463,3,3726242302889329426463,3,7
large_integer,3694,3726242302889329426465,3,3726242302889329426465,3,7
large_integer,3695,3735465674926184202273,3,3735465674926184202273,3,7
large_integer,3696,2490310449950789468181,2,2490310449950789468181,2,7
large_integer,3697,3717018930852474650645,3,3717018930852474650645,3,7
large_integer,3698,3717018930852474650647,3,3717018930852474650647,3,7
large_integer,3699,3726242302889329426455,3,3726242302889329426455,3,7
large_integer,3700,3717018930852474650649,3,3717018930852474650649,3,7
large_integer,3701,3726242302889329426457,3,3726242302889329426457,3,7
large_integer,3702,3726242302889329426459,3,3726242302889329426459,3,7
large_integer,3703,3735465674926184202267,3,3735465674926184202267,3,7
large_integer,3704,3717018930852474650651,3,3717018930852474650651,3,7
large_integer,3705,3726242302889329426459,3,3726242302889329426459,3,7
large_integer,3706,3726242302889329426461,3,3726242302889329426461,3,7
large_integer,3707,3735465674926184202269,3,3735465674926184202269,3,7
large_integer,3708,3726242302889329426463,3,3726242302889329426463,3,7
large_integer,3709,3735465674926184202271,3,3735465674926184202271,3,7
large_integer,3710,3735465674926184202273,3,3735465674926184202273,3,7
large_integer,3711,3744689046963038978081,3,3744689046963038978081,3,7
large_integer,3712,2471863705877079916565,2,2471863705877079916565,2,7
large_integer,3713,3698572186778765099029,3,3698572186778765099029,3,7
large_integer,3714,3698572186778765099031,3,3698572186778765099031,3,7
large_integer,3715,3707795558815619874839,3,3707795558815619874839,3,7
large_integer,3716,3698572186778765099033,3,3698572186778765099033,3,7
large_integer,3717,3707795558815619874841,3,3707795558815619874841,3,7
large_integer,3718,3707795558815619874843,3,3707795558815619874843,3,7
large_integer,3719,3717018930852474650651,3,3717018930852474650651,3,7
large_integer,3720,3698572186778765099035,3,3698572186778765099035,3,7
large_integer,3721,3707795558815619874843,3,3707795558815619874843,3,7
large_integer,3722,3707795558815619874845,3,3707795558815619874845,3,7
large_integer,3723,3717018930852474650653,3,3717018930852474650653,3,7
large_integer,3724,3707795558815619874847,3,3707795558815619874847,3,7
large_integer,3725,3717018930852474650655,3,3717018930852474650655,3,7
large_integer,3726,3717018930852474650657,3,3717018930852474650657,3,7
large_integer,3727,3726242302889329426465,3,3726242302889329426465,3,7
large_integer,3728,2481087077913934692373,2,2481087077913934692373,2,7
large_integer,3729,3707795558815619874837,3,3707795558815619874837,3,7
large_integer,3730,3707795558815619874839,3,3707795558815619874839,3,7
large_integer,3731,3717018930852474650647,3,3717018930852474650647,3,7
large_integer,3732,3707795558815619874841,3,3707795558815619874841,3,7
large_integer,3733,3717018930852474650649,3,3717018930852474650649,3,7
large_integer,3734,3717018930852474650651,3,3717018930852474650651,3,7
large_integer,3735,3726242302889329426459,3,3726242302889329426459,3,7
large_integer,3736,3707795558815619874843,3,3707795558815619874843,3,7
large_integer,3737,3717018930852474650651,3,3717018930852474650651,3,7
large_integer,3738,3717018930852474650653,3,3717018930852474650653,3,7
large_integer,3739,3726242302889329426461,3,3726242302889329426461,3,7
large_integer,3740,3717018930852474650655,3,3717018930852474650655,3,7
large_integer,3741,3726242302889329426463,3,3726242302889329426463,3,7
large_integer,3742,3726242302889329426465,3,3726242302889329426465,3,7
large_integer,3743,3735465674926184202273,3,3735465674926184202273,3,7
large_integer,3744,2481087077913934692375,2,2481087077913934692375,2,7
large_integer,3745,3707795558815619874839,3,3707795558815619874839,3,7
large_integer,3746,3707795558815619874841,3,3707795558815619874841,3,7
large_integer,3747,3717018930852474650649,3,3717018930852474650649,3,7
large_integer,3748,3707795558815619874843,3,3707795558815619874843,3,7
large_integer,3749,3717018930852474650651,3,3717018930852474650651,3,7
large_integer,3750,3717018930852474650653,3,3717018930852474650653,3,7
large_integer,3751,3726242302889329426461,3,3726242302889329426461,3,7
large_integer,3752,3707795558815619874845,3,3707795558815619874845,3,7
large_integer,3753,3717018930852474650653,3,3717018930852474650653,3,7
large_integer,3754,3717018930852474650655,3,3717018930852474650655,3,7
large_integer,3755,3726242302889329426463,3,3726242302889329426463,3,7
large_integer,3756,3717018930852474650657,3,3717018930852474650657,3,7
large_integer,3757,3726242302889329426465,3,3726242302889329426465,3,7
large_integer,3758,3726242302889329426467,3,3726242302889329426467,3,7
large_integer,3759,3735465674926184202275,3,3735465674926184202275,3,7
large_integer,3760,2490310449950789468183,2,2490310449950789468183,2,7
large_integer,3761,3717018930852474650647,3,3717018930852474650647,3,7
large_integer,3762,3717018930852474650649,3,3717018930852474650649,3,7
large_integer,3763,3726242302889329426457,3,3726242302889329426457,3,7
large_integer,3764,3717018930852474650651,3,3717018930852474650651,3,7
large_integer,3765,3726242302889329426459,3,3726242302889329426459,3,7
large_integer,3766,3726242302889329426461,3,3726242302889329426461,3,7
large_integer,3767,3735465674926184202269,3,3735465674926184202269,3,7
large_integer,3768,3717018930852474650653,3,3717018930852474650653,3,7
large_integer,3769,3726242302889329426461,3,3726242302889329426461,3,7
large_integer,3770,3726242302889329426463,3,3726242302889329426463,3,7
large_integer,3771,3735465674926184202271,3,3735465674926184202271,3,7
large_integer,3772,3726242302889329426465,3,3726242302889329426465,3,7
large_integer,3773,3735465674926184202273,3,3735465674926184202273,3,7
large_integer,3774,3735465674926184202275,3,3735465674926184202275,3,7
large_integer,3775,3744689046963038978083,3,3744689046963038978083,3,7
large_integer,3776,2481087077913934692377,2,2481087077913934692377,2,7
large_integer,3777,3707795558815619874841,3,3707795558815619874841,3,7
large_integer,3778,3707795558815619874843,3,3707795558815619874843,3,7
large_integer,3779,3717018930852474650651,3,3717018930852474650651,3,7
large_integer,3780,3707795558815619874845,3,3707795558815619874845,3,7
large_integer,3781,3717018930852474650653,3,3717018930852474650653,3,7
large_integer,3782,3717018930852474650655,3,3717018930852474650655,3,7
large_integer,3783,3726242302889329426463,3,3726242302889329426463,3,7
large_integer,3784,3707795558815619874847,3,3707795558815619874847,3,7
large_integer,3785,3717018930852474650655,3,3717018930852474650655,3,7
large_integer,3786,3717018930852474650657,3,3717018930852474650657,3,7
large_integer,3787,3726242302889329426465,3,3726242302889329426465,3,7
large_integer,3788,3717018930852474650659,3,3717018930852474650659,3,7
large_integer,3789,3726242302889329426467,3,3726242302889329426467,3,7
large_integer,3790,3726242302889329426469,3,3726242302889329426469,3,7
large_integer,3791,3735465674926184202277,3,3735465674926184202277,3,7
large_integer,3792,2490310449950789468185,2,2490310449950789468185,2,7
large_integer,3793,3717018930852474650649,3,3717018930852474650649,3,7
large_integer,3794,3717018930852474650651,3,3717018930852474650651,3,7
large_integer,3795,3726242302889329426459,3,3726242302889329426459,3,7
large_integer,3796,3717018930852474650653,3,3717018930852474650653,3,7
large_integer,3797,3726242302889329426461,3,3726242302889329426461,3,7
large_integer,3798,3726242302889329426463,3,3726242302889329426463,3,7
large_integer,3799,3735465674926184202271,3,3735465674926184202271,3,7
large_integer,3800,3717018930852474650655,3,3717018930852474650655,3,7
large_integer,3801,3726242302889329426463,3,3726242302889329426463,3,7
large_integer,3802,3726242302889329426465,3,3726242302889329426465,3,7
large_integer,3803,3735465674926184202273,3,3735465674926184202273,3,7
large_integer,3804,3726242302889329426467,3,3726242302889329426467,3,7
large_integer,3805,3735465674926184202275,3,3735465674926184202275,3,7
large_integer,3806,3735465674926184202277,3,3735465674926184202277,3,7
large_integer,3807,3744689046963038978085,3,3744689046963038978085,3,7
large_integer,3808,2490310449950789468187,2,2490310449950789468187,2,7
large_integer,3809,3717018930852474650651,3,3717018930852474650651,3,7
large_integer,3810,3717018930852474650653,3,3717018930852474650653,3,7
large_integer,3811,3726242302889329426461,3,3726242302889329426461,3,7
large_integer,3812,3717018930852474650655,3,3717018930852474650655,3,7
large_integer,3813,3726242302889329426463,3,3726242302889329426463,3,7
large_integer,3814,3726242302889329426465,3,3726242302889329426465,3,7
large_integer,3815,3735465674926184202273,3,3735465674926184202273,3,7
large_integer,3816,3717018930852474650657,3,3717018930852474650657,3,7
large_integer,3817,3726242302889329426465,3,3726242302889329426465,3,7
large_integer,3818,3726242302889329426467,3,3726242302889329426467,3,7
large_integer,3819,3735465674926184202275,3,3735465674926184202275,3,7
large_integer,3820,3726242302889329426469,3,3726242302889329426469,3,7
large_integer,3821,3735465674926184202277,3,3735465674926184202277,3,7
large_integer,3822,3735465674926184202279,3,3735465674926184202279,3,7
large_integer,3823,3744689046963038978087,3,3744689046963038978087,3,7
large_integer,3824,2499533821987644243995,2,2499533821987644243995,2,7
large_integer,3825,3726242302889329426459,3,3726242302889329426459,3,7
large_integer,3826,3726242302889329426461,3,3726242302889329426461,3,7
large_integer,3827,3735465674926184202269,3,3735465674926184202269,3,7
large_integer,3828,3726242302889329426463,3,3726242302889329426463,3,7
large_integer,3829,3735465674926184202271,3,3735465674926184202271,3,7
large_integer,3830,3735465674926184202273,3,3735465674926184202273,3,7
large_integer,3831,3744689046963038978081,3,3744689046963038978081,3,7
large_integer,3832,3726242302889329426465,3,3726242302889329426465,3,7
large_integer,3833,3735465674926184202273,3,3735465674926184202273,3,7
large_integer,3834,3735465674926184202275,3,3735465674926184202275,3,7
large_integer,3835,3744689046963038978083,3,3744689046963038978083,3,7
large_integer,3836,3735465674926184202277,3,3735465674926184202277,3,7
large_integer,3837,3744689046963038978085,3,3744689046963038978085,3,7
large_integer,3838,3744689046963038978087,3,3744689046963038978087,3,7
large_integer,3839,3753912418999893753895,3,3753912418999893753895,3,7
large_integer,3840,1254378597012249509902,1,1254378597012249509902,1,7
large_integer,3841,2481087077913934692366,2,2481087077913934692366,2,7
large_integer,3842,2481087077913934692368,2,2481087077913934692368,2,7
large_integer,3843,2490310449950789468176,2,2490310449950789468176,2,7
large_integer,3844,2481087077913934692370,2,2481087077913934692370,2,7
large_integer,3845,2490310449950789468178,2,2490310449950789468178,2,7
large_integer,3846,2490310449950789468180,2,2490310449950789468180,2,7
large_integer,3847,2499533821987644243988,2,2499533821987644243988,2,7
large_integer,3848,2481087077913934692372,2,2481087077913934692372,2,7
large_integer,3849,2490310449950789468180,2,2490310449950789468180,2,7
large_integer,3850,2490310449950789468182,2,2490310449950789468182,2,7
large_integer,3851,2499533821987644243990,2,2499533821987644243990,2,7
large_integer,3852,2490310449950789468184,2,2490310449950789468184,2,7
large_integer,3853,2499533821987644243992,2,2499533821987644243992,2,7
large_integer,3854,2499533821987644243994,2,2499533821987644243994,2,7
large_integer,3855,2508757194024499019802,2,2508757194024499019802,2,7
large_integer,3856,2481087077913934692367,2,2481087077913934692367,2,7
large_integer,3857,3707795558815619874831,3,3707795558815619874831,3,7
large_integer,3858,3707795558815619874833,3,3707795558815619874833,3,7
large_integer,3859,3717018930852474650641,3,3717018930852474650641,3,7
large_integer,3860,3707795558815619874835,3,3707795558815619874835,3,7
large_integer,3861,3717018930852474650643,3,3717018930852474650643,3,7
large_integer,3862,3717018930852474650645,3,3717018930852474650645,3,7
large_integer,3863,3726242302889329426453,3,3726242302889329426453,3,7
large_integer,3864,3707795558815619874837,3,3707795558815619874837,3,7
large_integer,3865,3717018930852474650645,3,3717018930852474650645,3,7
large_integer,3866,3717018930852474650647,3,3717018930852474650647,3,7
large_integer,3867,3726242302889329426455,3,3726242302889329426455,3,7
large_integer,3868,3717018930852474650649,3,3717018930852474650649,3,7
large_integer,3869,3726242302889329426457,3,3726242302889329426457,3,7
large_integer,3870,3726242302889329426459,3,3726242302889329426459,3,7
large_integer,3871,3735465674926184202267,3,3735465674926184202267,3,7
large_integer,3872,2481087077913934692369,2,2481087077913934692369,2,7
large_integer,3873,3707795558815619874833,3,3707795558815619874833,3,7
large_integer,3874,3707795558815619874835,3,3707795558815619874835,3,7
large_integer,3875,3717018930852474650643,3,3717018930852474650643,3,7
large_integer,3876,3707795558815619874837,3,3707795558815619874837,3,7
large_integer,3877,3717018930852474650645,3,3717018930852474650645,3,7
large_integer,3878,3717018930852474650647,3,3717018930852474650647,3,7
large_integer,3879,3726242302889329426455,3,3726242302889329426455,3,7
large_integer,3880,3707795558815619874839,3,3707795558815619874839,3,7
large_integer,3881,3717018930852474650647,3,3717018930852474650647,3,7
large_integer,3882,3717018930852474650649,3,3717018930852474650649,3,7
large_integer,3883,3726242302889329426457,3,3726242302889329426457,3,7
large_integer,3884,3717018930852474650651,3,3717018930852474650651,3,7
large_integer,3885,3726242302889329426459,3,3726242302889329426459,3,7
large_integer,3886,3726242302889329426461,3,3726242302889329426461,3,7
large_integer,3887,3735465674926184202269,3,3735465674926184202269,3,7
large_integer,3888,2490310449950789468177,2,2490310449950789468177,2,7
large_integer,3889,3717018930852474650641,3,3717018930852474650641,3,7
large_integer,3890,3717018930852474650643,3,3717018930852474650643,3,7
large_integer,3891,3726242302889329426451,3,3726242302889329426451,3,7
large_integer,3892,3717018930852474650645,3,3717018930852474650645,3,7
large_integer,3893,3726242302889329426453,3,3726242302889329426453,3,7
large_integer,3894,3726242302889329426455,3,3726242302889329426455,3,7
large_integer,3895,3735465674926184202263,3,3735465674926184202263,3,7
large_integer,3896,3717018930852474650647,3,3717018930852474650647,3,7
large_integer,3897,3726242302889329426455,3,3726242302889329426455,3,7
large_integer,3898,3726242302889329426457,3,3726242302889329426457,3,7
large_integer,3899,3735465674926184202265,3,3735465674926184202265,3,7
large_integer,3900,3726242302889329426459,3,3726242302889329426459,3,7
large_integer,3901,3735465674926184202267,3,3735465674926184202267,3,7
large_integer,3902,3735465674926184202269,3,3735465674926184202269,3,7
large_integer,3903,3744689046963038978077,3,3744689046963038978077,3,7
large_integer,3904,2481087077913934692371,2,2481087077913934692371,2,7
large_integer,3905,3707795558815619874835,3,3707795558815619874835,3,7
large_integer,3906,3707795558815619874837,3,3707795558815619874837,3,7
large_integer,3907,3717018930852474650645,3,3717018930852474650645,3,7
large_integer,3908,3707795558815619874839,3,3707795558815619874839,3,7
large_integer,3909,3717018930852474650647,3,3717018930852474650647,3,7
large_integer,3910,3717018930852474650649,3,3717018930852474650649,3,7
large_integer,3911,3726242302889329426457,3,3726242302889329426457,3,7
large_integer,3912,3707795558815619874841,3,3707795558815619874841,3,7
large_integer,3913,3717018930852474650649,3,3717018930852474650649,3,7
large_integer,3914,3717018930852474650651,3,3717018930852474650651,3,7
large_integer,3915,3726242302889329426459,3,3726242302889329426459,3,7
large_integer,3916,3717018930852474650653,3,3717018930852474650653,3,7
large_integer,3917,3726242302889329426461,3,3726242302889329426461,3,7
large_integer,3918,3726242302889329426463,3,3726242302889329426463,3,7
large_integer,3919,3735465674926184202271,3,3735465674926184202271,3,7
large_integer,3920,2490310449950789468179,2,2490310449950789468179,2,7
large_integer,3921,3717018930852474650643,3,3717018930852474650643,3,7
large_integer,3922,3717018930852474650645,3,3717018930852474650645,3,7
large_integer,3923,3726242302889329426453,3,3726242302889329426453,3,7
large_integer,3924,3717018930852474650647,3,3717018930852474650647,3,7
large_integer,3925,3726242302889329426455,3,3726242302889329426455,3,7
large_integer,3926,3726242302889329426457,3,3726242302889329426457,3,7
large_integer,3927,3735465674926184202265,3,3735465674926184202265,3,7
large_integer,3928,3717018930852474650649,3,3717018930852474650649,3,7
large_integer,3929,3726242302889329426457,3,3726242302889329426457,3,7
large_integer,3930,3726242302889329426459,3,3726242302889329426459,3,7
large_integer,3931,3735465674926184202267,3,3735465674926184202267,3,7
large_integer,3932,3726242302889329426461,3,3726242302889329426461,3,7
large_integer,3933,3735465674926184202269,3,3735465674926184202269,3,7
large_integer,3934,3735465674926184202271,3,3735465674926184202271,3,7
large_integer,3935,3744689046963038978079,3,3744689046963038978079,3,7
large_integer,3936,2490310449950789468181,2,2490310449950789468181,2,7
large_integer,3937,3717018930852474650645,3,3717018930852474650645,3,7
large_integer,3938,3717018930852474650647,3,3717018930852474650647,3,7
large_integer,3939,3726242302889329426455,3,3726242302889329426455,3,7
large_integer,3940,3717018930852474650649,3,3717018930852474650649,3,7
large_integer,3941,3726242302889329426457,3,3726242302889329426457,3,7
large_integer,3942,3726242302889329426459,3,3726242302889329426459,3,7
large_integer,3943,3735465674926184202267,3,3735465674926184202267,3,7
large_integer,3944,3717018930852474650651,3,3717018930852474650651,3,7
large_integer,3945,3726242302889329426459,3,3726242302889329426459,3,7
large_integer,3946,3726242302889329426461,3,3726242302889329426461,3,7
large_integer,3947,3735465674926184202269,3,3735465674926184202269,3,7
large_integer,3948,3726242302889329426463,3,3726242302889329426463,3,7
large_integer,3949,3735465674926184202271,3,3735465674926184202271,3,7
large_integer,3950,3735465674926184202273,3,3735465674926184202273,3,7
large_integer,3951,3744689046963038978081,3,3744689046963038978081,3,7
large_integer,3952,2499533821987644243989,2,2499533821987644243989,2,7
large_integer,3953,3726242302889329426453,3,3726242302889329426453,3,7
large_integer,3954,3726242302889329426455,3,3726242302889329426455,3,7
large_integer,3955,3735465674926184202263,3,3735465674926184202263,3,7
large_integer,3956,3726242302889329426457,3,3726242302889329426457,3,7
large_integer,3957,3735465674926184202265,3,3735465674926184202265,3,7
large_integer,3958,3735465674926184202267,3,3735465674926184202267,3,7
large_integer,3959,3744689046963038978075,3,3744689046963038978075,3,7
large_integer,3960,3726242302889329426459,3,3726242302889329426459,3,7
large_integer,3961,3735465674926184202267,3,3735465674926184202267,3,7
large_integer,3962,3735465674926184202269,3,3735465674926184202269,3,7
large_integer,3963,3744689046963038978077,3,3744689046963038978077,3,7
large_integer,3964,3735465674926184202271,3,3735465674926184202271,3,7
large_integer,3965,3744689046963038978079,3,3744689046963038978079,3,7
large_integer,3966,3744689046963038978081,3,3744689046963038978081,3,7
large_integer,3967,3753912418999893753889,3,3753912418999893753889,3,7
large_integer,3968,2481087077913934692373,2,2481087077913934692373,2,7
large_integer,3969,3707795558815619874837,3,3707795558815619874837,3,7
large_integer,3970,3707795558815619874839,3,3707795558815619874839,3,7
large_integer,3971,3717018930852474650647,3,3717018930852474650647,3,7
large_integer,3972,3707795558815619874841,3,3707795558815619874841,3,7
large_integer,3973,3717018930852474650649,3,3717018930852474650649,3,7
large_integer,3974,3717018930852474650651,3,3717018930852474650651,3,7
large_integer,3975,3726242302889329426459,3,3726242302889329426459,3,7
large_integer,3976,3707795558815619874843,3,3707795558815619874843,3,7
large_integer,3977,3717018930852474650651,3,3717018930852474650651,3,7
large_integer,3978,3717018930852474650653,3,3717018930852474650653,3,7
large_integer,3979,3726242302889329426461,3,3726242302889329426461,3,7
large_integer,3980,3717018930852474650655,3,3717018930852474650655,3,7
large_integer,3981,3726242302889329426463,3,3726242302889329426463,3,7
large_integer,3982,3726242302889329426465,3,3726242302889329426465,3,7
large_integer,3983,3735465674926184202273,3,3735465674926184202273,3,7
large_integer,3984,2490310449950789468181,2,2490310449950789468181,2,7
large_integer,3985,3717018930852474650645,3,3717018930852474650645,3,7
large_integer,3986,3717018930852474650647,3,3717018930852474650647,3,7
large_integer,3987,3726242302889329426455,3,3726242302889329426455,3,7
large_integer,3988,3717018930852474650649,3,3717018930852474650649,3,7
large_integer,3989,3726242302889329426457,3,3726242302889329426457,3,7
large_integer,3990,3726242302889329426459,3,3726242302889329426459,3,7
large_integer,3991,3735465674926184202267,3,3735465674926184202267,3,7
large_integer,3992,3717018930852474650651,3,3717018930852474650651,3,7
large_integer,3993,3726242302889329426459,3,3726242302889329426459,3,7
large_integer,3994,3726242302889329426461,3,3726242302889329426461,3,7
large_integer,3995,3735465674926184202269,3,3735465674926184202269,3,7
large_integer,3996,3726242302889329426463,3,3726242302889329426463,3,7
large_integer,3997,3735465674926184202271,3,3735465674926184202271,3,7
large_integer,3998,3735465674926184202273,3,3735465674926184202273,3,7
large_integer,3999,3744689046963038978081,3,3744689046963038978081,3,7
large_integer,4000,2490310449950789468183,2,2490310449950789468183,2,7
large_integer,4001,3717018930852474650647,3,3717018930852474650647,3,7
large_integer,4002,3717018930852474650649,3,3717018930852474650649,3,7
large_integer,4003,3726242302889329426457,3,3726242302889329426457,3,7
large_integer,4004,3717018930852474650651,3,3717018930852474650651,3,7
large_integer,4005,3726242302889329426459,3,3726242302889329426459,3,7
large_integer,4006,3726242302889329426461,3,3726242302889329426461,3,7
large_integer,4007,3735465674926184202269,3,3735465674926184202269,3,7
large_integer,4008,3717018930852474650653,3,3717018930852474650653,3,7
large_integer,4009,3726242302889329426461,3,3726242302889329426461,3,7
large_integer,4010,3726242302889329426463,3,3726242302889329426463,3,7
large_integer,4011,3735465674926184202271,3,3735465674926184202271,3,7
large_integer,4012,3726242302889329426465,3,3726242302889329426465,3,7
large_integer,4013,3735465674926184202273,3,3735465674926184202273,3,7
large_integer,4014,3735465674926184202275,3,3735465674926184202275,3,7
large_integer,4015,3744689046963038978083,3,3744689046963038978083,3,7
large_integer,4016,2499533821987644243991,2,2499533821987644243991,2,7
large_integer,4017,3726242302889329426455,3,3726242302889329426455,3,7
large_integer,4018,3726242302889329426457,3,3726242302889329426457,3,7
large_integer,4019,3735465674926184202265,3,3735465674926184202265,3,7
large_integer,4020,3726242302889329426459,3,3726242302889329426459,3,7
large_integer,4021,3735465674926184202267,3,3735465674926184202267,3,7
large_integer,4022,3735465674926184202269,3,3735465674926184202269,3,7
large_integer,4023,3744689046963038978077,3,3744689046963038978077,3,7
large_integer,4024,3726242302889329426461,3,3726242302889329426461,3,7
large_integer,4025,3735465674926184202269,3,3735465674926184202269,3,7
large_integer,4026,3735465674926184202271,3,3735465674926184202271,3,7
large_integer,4027,3744689046963038978079,3,3744689046963038978079,3,7
large_integer,4028,3735465674926184202273,3,3735465674926184202273,3,7
large_integer,4029,3744689046963038978081,3,3744689046963038978081,3,7
large_integer,4030,3744689046963038978083,3,3744689046963038978083,3,7
large_integer,4031,3753912418999893753891,3,3753912418999893753891,3,7
large_integer,4032,2490310449950789468185,2,2490310449950789468185,2,7
large_integer,4033,3717018930852474650649,3,3717018930852474650649,3,7
large_integer,4034,3717018930852474650651,3,3717018930852474650651,3,7
large_integer,4035,3726242302889329426459,3,3726242302889329426459,3,7
large_integer,4036,3717018930852474650653,3,3717018930852474650653,3,7
large_integer,4037,3726242302889329426461,3,3726242302889329426461,3,7
large_integer,4038,3726242302889329426463,3,3726242302889329426463,3,7
large_integer,4039,3735465674926184202271,3,3735465674926184202271,3,7
large_integer,4040,3717018930852474650655,3,3717018930852474650655,3,7
large_integer,4041,3726242302889329426463,3,3726242302889329426463,3,7
large_integer,4042,3726242302889329426465,3,3726242302889329426465,3,7
large_integer,4043,3735465674926184202273,3,3735465674926184202273,3,7
large_integer,4044,3726242302889329426467,3,3726242302889329426467,3,7
large_integer,4045,3735465674926184202275,3,3735465674926184202275,3,7
large_integer,4046,3735465674926184202277,3,3735465674926184202277,3,7
large_integer,4047,3744689046963038978085,3,3744689046963038978085,3,7
large_integer,4048,2499533821987644243993,2,2499533821987644243993,2,7
large_integer,4049,3726242302889329426457,3,3726242302889329426457,3,7
large_integer,4050,3726242302889329426459,3,3726242302889329426459,3,7
large_integer,4051,3735465674926184202267,3,3735465674926184202267,3,7
large_integer,4052,3726242302889329426461,3,3726242302889329426461,3,7
large_integer,4053,3735465674926184202269,3,3735465674926184202269,3,7
large_integer,4054,3735465674926184202271,3,3735465674926184202271,3,7
large_integer,4055,3744689046963038978079,3,3744689046963038978079,3,7
large_integer,4056,3726242302889329426463,3,3726242302889329426463,3,7
large_integer,4057,3735465674926184202271,3,3735465674926184202271,3,7
large_integer,4058,3735465674926184202273,3,3735465674926184202273,3,7
large_integer,4059,3744689046963038978081,3,3744689046963038978081,3,7
large_integer,4060,3735465674926184202275,3,3735465674926184202275,3,7
large_integer,4061,3744689046963038978083,3,3744689046963038978083,3,7
large_integer,4062,3744689046963038978085,3,3744689046963038978085,3,7
large_integer,4063,3753912418999893753893,3,3753912418999893753893,3,7
large_integer,4064,2499533821987644243995,2,2499533821987644243995,2,7
large_integer,4065,3726242302889329426459,3,3726242302889329426459,3,7
large_integer,4066,3726242302889329426461,3,3726242302889329426461,3,7
large_integer,4067,3735465674926184202269,3,3735465674926184202269,3,7
large_integer,4068,3726242302889329426463,3,3726242302889329426463,3,7
large_integer,4069,3735465674926184202271,3,3735465674926184202271,3,7
large_integer,4070,3735465674926184202273,3,3735465674926184202273,3,7
large_integer,4071,3744689046963038978081,3,3744689046963038978081,3,7
large_integer,4072,3726242302889329426465,3,3726242302889329426465,3,7
large_integer,4073,3735465674926184202273,3,3735465674926184202273,3,7
large_integer,4074,3735465674926184202275,3,3735465674926184202275,3,7
large_integer,4075,3744689046963038978083,3,3744689046963038978083,3,7
large_integer,4076,3735465674926184202277,3,3735465674926184202277,3,7
large_integer,4077,3744689046963038978085,3,3744689046963038978085,3,7
large_integer,4078,3744689046963038978087,3,3744689046963038978087,3,7
large_integer,4079,3753912418999893753895,3,3753912418999893753895,3,7
large_integer,4080,2508757194024499019803,2,2508757194024499019803,2,7
large_integer,4081,3735465674926184202267,3,3735465674926184202267,3,7
large_integer,4082,3735465674926184202269,3,3735465674926184202269,3,7
large_integer,4083,3744689046963038978077,3,3744689046963038978077,3,7
large_integer,4084,3735465674926184202271,3,3735465674926184202271,3,7
large_integer,4085,3744689046963038978079,3,3744689046963038978079,3,7
large_integer,4086,3744689046963038978081,3,3744689046963038978081,3,7
large_integer,4087,3753912418999893753889,3,3753912418999893753889,3,7
large_integer,4088,3735465674926184202273,3,3735465674926184202273,3,7
large_integer,4089,3744689046963038978081,3,3744689046963038978081,3,7
large_integer,4090,3744689046963038978083,3,3744689046963038978083,3,7
large_integer,4091,3753912418999893753891,3,3753912418999893753891,3,7
large_integer,4092,3744689046963038978085,3,3744689046963038978085,3,7
large_integer,4093,3753912418999893753893,3,3753912418999893753893,3,7
large_integer,4094,3753912418999893753895,3,3753912418999893753895,3,7
large_integer,4095,3763135791036748529703,3,3763135791036748529703,3,7
large_integer,4096,1226708480901685182467,1,1226708480901685182467,1,7
large_integer,4097,2453416961803370364931,2,2453416961803370364931,2,7
large_integer,4098,2453416961803370364933,2,2453416961803370364933,2,7
large_integer,4099,2462640333840225140741,2,2462640333840225140741,2,7
large_integer,4100,2453416961803370364935,2,2453416961803370364935,2,7
large_integer,4101,2462640333840225140743,2,2462640333840225140743,2,7
large_integer,4102,2462640333840225140745,2,2462640333840225140745,2,7
large_integer,4103,2471863705877079916553,2,2471863705877079916553,2,7
large_integer,4104,2453416961803370364937,2,2453416961803370364937,2,7
large_integer,4105,2462640333840225140745,2,2462640333840225140745,2,7
large_integer,4106,2462640333840225140747,2,2462640333840225140747,2,7
large_integer,4107,2471863705877079916555,2,2471863705877079916555,2,7
large_integer,4108,2462640333840225140749,2,2462640333840225140749,2,7
large_integer,4109,2471863705877079916557,2,2471863705877079916557,2,7
large_integer,4110,2471863705877079916559,2,2471863705877079916559,2,7
large_integer,4111,2481087077913934692367,2,2481087077913934692367,2,7
large_integer,4112,2453416961803370364932,2,2453416961803370364932,2,7
large_integer,4113,3680125442705055547396,3,3680125442705055547396,3,7
large_integer,4114,3680125442705055547398,3,3680125442705055547398,3,7
large_integer,4115,3689348814741910323206,3,3689348814741910323206,3,7
large_integer,4116,3680125442705055547400,3,3680125442705055547400,3,7
large_integer,4117,3689348814741910323208,3,3689348814741910323208,3,7
large_integer,4118,3689348814741910323210,3,3689348814741910323210,3,7
large_integer,4119,3698572186778765099018,3,3698572186778765099018,3,7
large_integer,4120,3680125442705055547402,3,3680125442705055547402,3,7
large_integer,4121,3689348814741910323210,3,3689348814741910323210,3,7
large_integer,4122,3689348814741910323212,3,3689348814741910323212,3,7
large_integer,4123,3698572186778765099020,3,3698572186778765099020,3,7
large_integer,4124,3689348814741910323214,3,3689348814741910323214,3,7
large_integer,4125,3698572186778765099022,3,3698572186778765099022,3,7
large_integer,4126,3698572186778765099024,3,3698572186778765099024,3,7
large_integer,4127,3707795558815619874832,3,3707795558815619874832,3,7
large_integer,4128,2453416961803370364934,2,2453416961803370364934,2,7
large_integer,4129,3680125442705055547398,3,3680125442705055547398,3,7
large_integer,4130,3680125442705055547400,3,3680125442705055547400,3,7
large_integer,4131,3689348814741910323208,3,3689348814741910323208,3,7
large_integer,4132,3680125442705055547402,3,3680125442705055547402,3,7
large_integer,4133,3689348814741910323210,3,3689348814741910323210,3,7
large_integer,4134,3689348814741910323212,3,3689348814741910323212,3,7
large_integer,4135,3698572186778765099020,3,3698572186778765099020,3,7
large_integer,4136,3680125442705055547404,3,3680125442705055547404,3,7
large_integer,4137,3689348814741910323212,3,3689348814741910323212,3,7
large_integer,4138,3689348814741910323214,3,3689348814741910323214,3,7
large_integer,4139,3698572186778765099022,3,3698572186778765099022,3,7
large_integer,4140,3689348814741910323216,3,3689348814741910323216,3,7
large_integer,4141,3698572186778765099024,3,3698572186778765099024,3,7
large_integer,4142,3698572186778765099026,3,3698572186778765099026,3,7
large_integer,4143,3707795558815619874834,3,3707795558815619874834,3,7
large_integer,4144,2462640333840225140742,2,2462640333840225140742,2,7
large_integer,4145,3689348814741910323206,3,3689348814741910323206,3,7
large_integer,4146,3689348814741910323208,3,3689348814741910323208,3,7
large_integer,4147,3698572186778765099016,3,3698572186778765099016,3,7
large_integer,4148,3689348814741910323210,3,3689348814741910323210,3,7
large_integer,4149,3698572186778765099018,3,3698572186778765099018,3,7
large_integer,4150,3698572186778765099020,3,3698572186778765099020,3,7
large_integer,4151,3707795558815619874828,3,3707795558815619874828,3,7
large_integer,4152,3689348814741910323212,3,3689348814741910323212,3,7
large_integer,4153,3698572186778765099020,3,3698572186778765099020,3,7
large_integer,4154,3698572186778765099022,3,3698572186778765099022,3,7
large_integer,4155,3707795558815619874830,3,3707795558815619874830,3,7
large_integer,4156,3698572186778765099024,3,3698572186778765099024,3,7
large_integer,4157,3707795558815619874832,3,3707795558815619874832,3,7
large_integer,4158,3707795558815619874834,3,3707795558815619874834,3,7
large_integer,4159,3717018930852474650642,3,3717018930852474650642,3,7
large_integer,4160,2453416961803370364936,2,2453416961803370364936,2,7
large_integer,4161,3680125442705055547400,3,3680125442705055547400,3,7
large_integer,4162,3680125442705055547402,3,3680125442705055547402,3,7
large_integer,4163,3689348814741910323210,3,3689348814741910323210,3,7
large_integer,4164,3680125442705055547404,3,3680125442705055547404,3,7
large_integer,4165,3689348814741910323212,3,3689348814741910323212,3,7
large_integer,4166,3689348814741910323214,3,3689348814741910323214,3,7
large_integer,4167,3698572186778765099022,3,3698572186778765099022,3,7
large_integer,4168,3680125442705055547406,3,3680125442705055547406,3,7
large_integer,4169,3689348814741910323214,3,3689348814741910323214,3,7
large_integer,4170,3689348814741910323216,3,3689348814741910323216,3,7
large_integer,4171,3698572186778765099024,3,3698572186778765099024,3,7
large_integer,4172,3689348814741910323218,3,3689348814741910323218,3,7
large_integer,4173,3698572186778765099026,3,3698572186778765099026,3,7
large_integer,4174,3698572186778765099028,3,3698572186778765099028,3,7
large_integer,4175,3707795558815619874836,3,3707795558815619874836,3,7
large_integer,4176,2462640333840225140744,2,2462640333840225140744,2,7
large_integer,4177,3689348814741910323208,3,3689348814741910323208,3,7
large_integer,4178,3689348814741910323210,3,3689348814741910323210,3,7
large_integer,4179,3698572186778765099018,3,3698572186778765099018,3,7
large_integer,4180,3689348814741910323212,3,3689348814741910323212,3,7
large_integer,4181,3698572186778765099020,3,3698572186778765099020,3,7
large_integer,4182,3698572186778765099022,3,3698572186778765099022,3,7
large_integer,4183,3707795558815619874830,3,3707795558815619874830,3,7
large_integer,4184,3689348814741910323214,3,3689348814741910323214,3,7
large_integer,4185,3698572186778765099022,3,3698572186778765099022,3,7
large_integer,4186,3698572186778765099024,3,3698572186778765099024,3,7
large_integer,4187,3707795558815619874832,3,3707795558815619874832,3,7
large_integer,4188,3698572186778765099026,3,3698572186778765099026,3,7
large_integer,4189,3707795558815619874834,3,3707795558815619874834,3,7
large_integer,4190,3707795558815619874836,3,3707795558815619874836,3,7
large_integer,4191,3717018930852474650644,3,3717018930852474650644,3,7
large_integer,4192,2462640333840225140746,2,2462640333840225140746,2,7
large_integer,4193,3689348814741910323210,3,3689348814741910323210,3,7
large_integer,4194,3689348814741910323212,3,3689348814741910323212,3,7
large_integer,4195,3698572186778765099020,3,3698572186778765099020,3,7
large_integer,4196,3689348814741910323214,3,3689348814741910323214,3,7
large_integer,4197,3698572186778765099022,3,3698572186778765099022,3,7
large_integer,4198,3698572186778765099024,3,3698572186778765099024,3,7
large_integer,4199,3707795558815619874832,3,3707795558815619874832,3,7
large_integer,4200,3689348814741910323216,3,3689348814741910323216,3,7
large_integer,4201,3698572186778765099024,3,3698572186778765099024,3,7
large_integer,4202,3698572186778765099026,3,3698572186778765099026,3,7
large_integer,4203,3707795558815619874834,3,3707795558815619874834,3,7
large_integer,4204,3698572186778765099028,3,3698572186778765099028,3,7
large_integer,4205,3707795558815619874836,3,3707795558815619874836,3,7
large_integer,4206,3707795558815619874838,3,3707795558815619874838,3,7
large_integer,4207,3717018930852474650646,3,3717018930852474650646,3,7
large_integer,4208,2471863705877079916554,2,2471863705877079916554,2,7
large_integer,4209,3698572186778765099018,3,3698572186778765099018,3,7
large_integer,4210,3698572186778765099020,3,3698572186778765099020,3,7
large_integer,4211,3707795558815619874828,3,3707795558815619874828,3,7
large_integer,4212,3698572186778765099022,3,3698572186778765099022,3,7
large_integer,4213,3707795558815619874830,3,3707795558815619874830,3,7
large_integer,4214,3707795558815619874832,3,3707795558815619874832,3,7
large_integer,4215,3717018930852474650640,3,3717018930852474650640,3,7
large_integer,4216,3698572186778765099024,3,3698572186778765099024,3,7
large_integer,4217,3707795558815619874832,3,3707795558815619874832,3,7
large_integer,4218,3707795558815619874834,3,3707795558815619874834,3,7
large_integer,4219,3717018930852474650642,3,3717018930852474650642,3,7
large_integer,4220,3707795558815619874836,3,3707795558815619874836,3,7
large_integer,4221,3717018930852474650644,3,3717018930852474650644,3,7
large_integer,4222,3717018930852474650646,3,3717018930852474650646,3,7
large_integer,4223,3726242302889329426454,3,3726242302889329426454,3,7
large_integer,4224,2453416961803370364938,2,2453416961803370364938,2,7
large_integer,4225,3680125442705055547402,3,3680125442705055547402,3,7
large_integer,4226,3680125442705055547404,3,3680125442705055547404,3,7
large_integer,4227,3689348814741910323212,3,3689348814741910323212,3,7
large_integer,4228,3680125442705055547406,3,3680125442705055547406,3,7
large_integer,4229,3689348814741910323214,3,3689348814741910323214,3,7
large_integer,4230,3689348814741910323216,3,3689348814741910323216,3,7
large_integer,4231,3698572186778765099024,3,3698572186778765099024,3,7
large_integer,4232,3680125442705055547408,3,3680125442705055547408,3,7
large_integer,4233,3689348814741910323216,3,3689348814741910323216,3,7
large_integer,4234,3689348814741910323218,3,3689348814741910323218,3,7
large_integer,4235,3698572186778765099026,3,3698572186778765099026,3,7
large_integer,4236,3689348814741910323220,3,3689348814741910323220,3,7
large_integer,4237,3698572186778765099028,3,3698572186778765099028,3,7
large_integer,4238,3698572186778765099030,3,3698572186778765099030,3,7
large_integer,4239,3707795558815619874838,3,3707795558815619874838,3,7
large_integer,4240,2462640333840225140746,2,2462640333840225140746,2,7
large_integer,4241,3689348814741910323210,3,3689348814741910323210,3,7
large_integer,4242,3689348814741910323212,3,3689348814741910323212,3,7
large_integer,4243,3698572186778765099020,3,3698572186778765099020,3,7
large_integer,4244,3689348814741910323214,3,3689348814741910323214,3,7
large_integer,4245,3698572186778765099022,3,3698572186778765099022,3,7
large_integer,4246,3698572186778765099024,3,3698572186778765099024,3,7
large_integer,4247,3707795558815619874832,3,3707795558815619874832,3,7
large_integer,4248,3689348814741910323216,3,3689348814741910323216,3,7
large_integer,4249,3698572186778765099024,3,3698572186778765099024,3,7
large_integer,4250,3698572186778765099026,3,3698572186778765099026,3,7
large_integer,4251,3707795558815619874834,3,3707795558815619874834,3,7
large_integer,4252,3698572186778765099028,3,3698572186778765099028,3,7
large_integer,4253,3707795558815619874836,3,3707795558815619874836,3,7
large_integer,4254,3707795558815619874838,3,3707795558815619874838,3,7
large_integer,4255,3717018930852474650646,3,3717018930852474650646,3,7
large_integer,4256,2462640333840225140748,2,2462640333840225140748,2,7
large_integer,4257,3689348814741910323212,3,3689348814741910323212,3,7
large_integer,4258,3689348814741910323214,3,3689348814741910323214,3,7
large_integer,4259,3698572186778765099022,3,3698572186778765099022,3,7
large_integer,4260,3689348814741910323216,3,3689348814741910323216,3,7
large_integer,4261,3698572186778765099024,3,3698572186778765099024,3,7
large_integer,4262,3698572186778765099026,3,3698572186778765099026,3,7
large_integer,4263,3707795558815619874834,3,3707795558815619874834,3,7
large_integer,4264,3689348814741910323218,3,3689348814741910323218,3,7
large_integer,4265,3698572186778765099026,3,3698572186778765099026,3,7
large_integer,4266,3698572186778765099028,3,3698572186778765099028,3,7
large_integer,4267,3707795558815619874836,3,3707795558815619874836,3,7
large_integer,4268,3698572186778765099030,3,3698572186778765099030,3,7
large_integer,4269,3707795558815619874838,3,3707795558815619874838,3,7
large_integer,4270,3707795558815619874840,3,3707795558815619874840,3,7
large_integer,4271,3717018930852474650648,3,3717018930852474650648,3,7
large_integer,4272,2471863705877079916556,2,2471863705877079916556,2,7
large_integer,4273,3698572186778765099020,3,3698572186778765099020,3,7
large_integer,4274,3698572186778765099022,3,3698572186778765099022,3,7
large_integer,4275,3707795558815619874830,3,3707795558815619874830,3,7
large_integer,4276,3698572186778765099024,3,3698572186778765099024,3,7
large_integer,4277,3707795558815619874832,3,3707795558815619874832,3,7
large_integer,4278,3707795558815619874834,3,3707795558815619874834,3,7
large_integer,4279,3717018930852474650642,3,3717018930852474650642,3,7
large_integer,4280,3698572186778765099026,3,3698572186778765099026,3,7
large_integer,4281,3707795558815619874834,3,3707795558815619874834,3,7
large_integer,4282,3707795558815619874836,3,3707795558815619874836,3,7
large_integer,4283,3717018930852474650644,3,3717018930852474650644,3,7
large_integer,4284,3707795558815619874838,3,3707795558815619874838,3,7
large_integer,4285,3717018930852474650646,3,3717018930852474650646,3,7
large_integer,4286,3717018930852474650648,3,3717018930852474650648,3,7
large_integer,4287,3726242302889329426456,3,3726242302889329426456,3,7
large_integer,4288,2462640333840225140750,2,2462640333840225140750,2,7
large_integer,4289,3689348814741910323214,3,3689348814741910323214,3,7
large_integer,4290,3689348814741910323216,3,3689348814741910323216,3,7
large_integer,4291,3698572186778765099024,3,3698572186778765099024,3,7
large_integer,4292,3689348814741910323218,3,3689348814741910323218,3,7
large_integer,4293,3698572186778765099026,3,3698572186778765099026,3,7
large_integer,4294,3698572186778765099028,3,3698572186778765099028,3,7
large_integer,4295,3707795558815619874836,3,3707795558815619874836,3,7
large_integer,4296,3689348814741910323220,3,3689348814741910323220,3,7
large_integer,4297,3698572186778765099028,3,3698572186778765099028,3,7
large_integer,4298,3698572186778765099030,3,3698572186778765099030,3,7
large_integer,4299,3707795558815619874838,3,3707795558815619874838,3,7
large_integer,4300,3698572186778765099032,3,3698572186778765099032,3,7
large_integer,4301,3707795558815619874840,3,3707795558815619874840,3,7
large_integer,4302,3707795558815619874842,3,3707795558815619874842,3,7
large_integer,4303,3717018930852474650650,3,3717018930852474650650,3,7
large_integer,4304,2471863705877079916558,2,2471863705877079916558,2,7
large_integer,4305,3698572186778765099022,3,3698572186778765099022,3,7
large_integer,4306,3698572186778765099024,3,3698572186778765099024,3,7
large_integer,4307,3707795558815619874832,3,3707795558815619874832,3,7
large_integer,4308,3698572186778765099026,3,3698572186778765099026,3,7
large_integer,4309,3707795558815619874834,3,3707795558815619874834,3,7
large_integer,4310,3707795558815619874836,3,3707795558815619874836,3,7
large_integer,4311,3717018930852474650644,3,3717018930852474650644,3,7
large_integer,4312,3698572186778765099028,3,3698572186778765099028,3,7
large_integer,4313,3707795558815619874836,3,3707795558815619874836,3,7
large_integer,4314,3707795558815619874838,3,3707795558815619874838,3,7
large_integer,4315,3717018930852474650646,3,3717018930852474650646,3,7
large_integer,4316,3707795558815619874840,3,3707795558815619874840,3,7
large_integer,4317,3717018930852474650648,3,3717018930852474650648,3,7
large_integer,4318,3717018930852474650650,3,3717018930852474650650,3,7
large_integer,4319,3726242302889329426458,3,3726242302889329426458,3,7
large_integer,4320,2471863705877079916560,2,2471863705877079916560,2,7
large_integer,4321,3698572186778765099024,3,3698572186778765099024,3,7
large_integer,4322,3698572186778765099026,3,3698572186778765099026,3,7
large_integer,4323,3707795558815619874834,3,3707795558815619874834,3,7
large_integer,4324,3698572186778765099028,3,3698572186778765099028,3,7
large_integer,4325,3707795558815619874836,3,3707795558815619874836,3,7
large_integer,4326,3707795558815619874838,3,3707795558815619874838,3,7
large_integer,4327,3717018930852474650646,3,3717018930852474650646,3,7
large_integer,4328,3698572186778765099030,3,3698572186778765099030,3,7
large_integer,4329,3707795558815619874838,3,3707795558815619874838,3,7
large_integer,4330,3707795558815619874840,3,3707795558815619874840,3,7
large_integer,4331,3717018930852474650648,3,3717018930852474650648,3,7
large_integer,4332,3707795558815619874842,3,3707795558815619874842,3,7
large_integer,4333,3717018930852474650650,3,3717018930852474650650,3,7
large_integer,4334,3717018930852474650652,3,3717018930852474650652,3,7
large_integer,4335,3726242302889329426460,3,3726242302889329426460,3,7
large_integer,4336,2481087077913934692368,2,2481087077913934692368,2,7
large_integer,4337,3707795558815619874832,3,3707795558815619874832,3,7
large_integer,4338,3707795558815619874834,3,3707795558815619874834,3,7
large_integer,4339,3717018930852474650642,3,3717018930852474650642,3,7
large_integer,4340,3707795558815619874836,3,3707795558815619874836,3,7
large_integer,4341,3717018930852474650644,3,3717018930852474650644,3,7
large_integer,4342,3717018930852474650646,3,3717018930852474650646,3,7
large_integer,4343,3726242302889329426454,3,3726242302889329426454,3,7
large_integer,4344,3707795558815619874838,3,3707795558815619874838,3,7
large_integer,4345,3717018930852474650646,3,3717018930852474650646,3,7
large_integer,4346,3717018930852474650648,3,3717018930852474650648,3,7
large_integer,4347,3726242302889329426456,3,3726242302889329426456,3,7
large_integer,4348,3717018930852474650650,3,3717018930852474650650,3,7
large_integer,4349,3726242302889329426458,3,3726242302889329426458,3,7
large_integer,4350,3726242302889329426460,3,3726242302889329426460,3,7
large_integer,4351,3735465674926184202268,3,3735465674926184202268,3,7
large_integer,4352,1263601969049104285701,1,1263601969049104285701,1,9
large_integer,4353,2490310449950789468165,2,2490310449950789468165,2,9
large_integer,4354,2490310449950789468167,2,2490310449950789468167,2,9
large_integer,4355,2499533821987644243975,2,2499533821987644243975,2,9
large_integer,4356,2490310449950789468169,2,2490310449950789468169,2,9
large_integer,4357,2499533821987644243977,2,2499533821987644243977,2,9
large_integer,4358,2499533821987644243979,2,2499533821987644243979,2,9
large_integer,4359,2508757194024499019787,2,2508757194024499019787,2,9
large_integer,4360,2490310449950789468171,2,2490310449950789468171,2,9
large_integer,4361,2499533821987644243979,2,2499533821987644243979,2,9
large_integer,4362,2499533821987644243981,2,2499533821987644243981,2,9
large_integer,4363,2508757194024499019789,2,2508757194024499019789,2,9
large_integer,4364,2499533821987644243983,2,2499533821987644243983,2,9
large_integer,4365,2508757194024499019791,2,2508757194024499019791,2,9
large_integer,4366,2508757194024499019793,2,2508757194024499019793,2,9
large_integer,4367,2517980566061353795601,2,2517980566061353795601,2,9
large_integer,4368,1300495457196523388934,1,1300495457196523388934,1,11
large_integer,4369,1337388945343942492166,1,1337388945343942492166,1,13
large_integer,4370,2527203938098208571400,2,2527203938098208571400,2,11
large_integer,4371,2536427310135063347208,2,2564097426245627674632,2,13
large_integer,4372,2527203938098208571402,2,2527203938098208571402,2,11
large_integer,4373,2536427310135063347210,2,2564097426245627674634,2,13
large_integer,4374,2536427310135063347212,2,2536427310135063347212,2,11
large_integer,4375,2545650682171918123020,2,2573320798282482450444,2,13
large_integer,4376,2527203938098208571404,2,2527203938098208571404,2,11
large_integer,4377,2536427310135063347212,2,2564097426245627674636,2,13
large_integer,4378,2536427310135063347214,2,2536427310135063347214,2,11
large_integer,4379,2545650682171918123022,2,2573320798282482450446,2,13
large_integer,4380,2536427310135063347216,2,2536427310135063347216,2,11
large_integer,4381,2545650682171918123024,2,2573320798282482450448,2,13
large_integer,4382,2545650682171918123026,2,2545650682171918123026,2,11
large_integer,4383,2554874054208772898834,2,2582544170319337226258,2,13
large_integer,4384,2490310449950789468168,2,2490310449950789468168,2,9
large_integer,4385,3717018930852474650632,3,3717018930852474650632,3,9
large_integer,4386,3717018930852474650634,3,3717018930852474650634,3,9
large_integer,4387,3726242302889329426442,3,3726242302889329426442,3,9
large_integer,4388,3717018930852474650636,3,3717018930852474650636,3,9
large_integer,4389,3726242302889329426444,3,3726242302889329426444,3,9
large_integer,4390,3726242302889329426446,3,3726242302889329426446,3,9
large_integer,4391,3735465674926184202254,3,3735465674926184202254,3,9
large_integer,4392,3717018930852474650638,3,3717018930852474650638,3,9
large_integer,4393,3726242302889329426446,3,3726242302889329426446,3,9
large_integer,4394,3726242302889329426448,3,3726242302889329426448,3,9
large_integer,4395,3735465674926184202256,3,3735465674926184202256,3,9
large_integer,4396,3726242302889329426450,3,3726242302889329426450,3,9
large_integer,4397,3735465674926184202258,3,3735465674926184202258,3,9
large_integer,4398,3735465674926184202260,3,3735465674926184202260,3,9
large_integer,4399,3744689046963038978068,3,3744689046963038978068,3,9
large_integer,4400,2499533821987644243976,2,2527203938098208571401,2,11
large_integer,4401,2564097426245627674633,2,2564097426245627674633,2,13
large_integer,4402,3726242302889329426442,3,3753912418999893753867,3,11
large_integer,4403,3735465674926184202250,3,3790805907147312857099,3,13
large_integer,4404,3726242302889329426444,3,3753912418999893753869,3,11
large_integer,4405,3735465674926184202252,3,3790805907147312857101,3,13
large_integer,4406,3735465674926184202254,3,3763135791036748529679,3,11
large_integer,4407,3744689046963038978062,3,3800029279184167632911,3,13
large_integer,4408,3726242302889329426446,3,3753912418999893753871,3,11
large_integer,4409,3735465674926184202254,3,3790805907147312857103,3,13
large_integer,4410,3735465674926184202256,3,3763135791036748529681,3,11
large_integer,4411,3744689046963038978064,3,3800029279184167632913,3,13
large_integer,4412,3735465674926184202258,3,3763135791036748529683,3,11
large_integer,4413,3744689046963038978066,3,3800029279184167632915,3,13
large_integer,4414,3744689046963038978068,3,3772359163073603305493,3,11
large_integer,4415,3753912418999893753876,3,3809252651221022408725,3,13
large_integer,4416,2490310449950789468170,2,2490310449950789468170,2,9
large_integer,4417,3717018930852474650634,3,3717018930852474650634,3,9
large_integer,4418,3717018930852474650636,3,3717018930852474650636,3,9
large_integer,4419,3726242302889329426444,3,3726242302889329426444,3,9
large_integer,4420,3717018930852474650638,3,3717018930852474650638,3,9
large_integer,4421,3726242302889329426446,3,3726242302889329426446,3,9
large_integer,4422,3726242302889329426448,3,3726242302889329426448,3,9
large_integer,4423,3735465674926184202256,3,3735465674926184202256,3,9
large_integer,4424,3717018930852474650640,3,3717018930852474650640,3,9
large_integer,4425,3726242302889329426448,3,3726242302889329426448,3,9
large_integer,4426,3726242302889329426450,3,3726242302889329426450,3,9
large_integer,4427,3735465674926184202258,3,3735465674926184202258,3,9
large_integer,4428,3726242302889329426452,3,3726242302889329426452,3,9
large_integer,4429,3735465674926184202260,3,3735465674926184202260,3,9
large_integer,4430,3735465674926184202262,3,3735465674926184202262,3,9
large_integer,4431,3744689046963038978070,3,3744689046963038978070,3,9
large_integer,4432,2499533821987644243978,2,2527203938098208571403,2,11
large_integer,4433,2564097426245627674635,2,2564097426245627674635,2,13
large_integer,4434,3726242302889329426444,3,3753912418999893753869,3,11
large_integer,4435,3735465674926184202252,3,3790805907147312857101,3,13
large_integer,4436,3726242302889329426446,3,3753912418999893753871,3,11
large_integer,4437,3735465674926184202254,3,3790805907147312857103,3,13
large_integer,4438,3735465674926184202256,3,3763135791036748529681,3,11
large_integer,4439,3744689046963038978064,3,3800029279184167632913,3,13
large_integer,4440,3726242302889329426448,3,3753912418999893753873,3,11
large_integer,4441,3735465674926184202256,3,3790805907147312857105,3,13
large_integer,4442,3735465674926184202258,3,3763135791036748529683,3,11
large_integer,4443,3744689046963038978066,3,3800029279184167632915,3,13
large_integer,4444,3735465674926184202260,3,3763135791036748529685,3,11
large_integer,4445,3744689046963038978068,3,3800029279184167632917,3,13
large_integer,4446,3744689046963038978070,3,3772359163073603305495,3,11
large_integer,4447,3753912418999893753878,3,3809252651221022408727,3,13
large_integer,4448,2499533821987644243980,2,2499533821987644243980,2,9
large_integer,4449,3726242302889329426444,3,3726242302889329426444,3,9
large_integer,4450,3726242302889329426446,3,3726242302889329426446,3,9
large_integer,4451,3735465674926184202254,3,3735465674926184202254,3,9
large_integer,4452,3726242302889329426448,3,3726242302889329426448,3,9
large_integer,4453,3735465674926184202256,3,3735465674926184202256,3,9
large_integer,4454,3735465674926184202258,3,3735465674926184202258,3,9
large_integer,4455,3744689046963038978066,3,3744689046963038978066,3,9
large_integer,4456,3726242302889329426450,3,3726242302889329426450,3,9
large_integer,4457,3735465674926184202258,3,3735465674926184202258,3,9
large_integer,4458,3735465674926184202260,3,3735465674926184202260,3,9
large_integer,4459,3744689046963038978068,3,3744689046963038978068,3,9
large_integer,4460,3735465674926184202262,3,3735465674926184202262,3,9
large_integer,4461,3744689046963038978070,3,3744689046963038978070,3,9
large_integer,4462,3744689046963038978072,3,3744689046963038978072,3,9
large_integer,4463,3753912418999893753880,3,3753912418999893753880,3,9
large_integer,4464,2508757194024499019788,2,2536427310135063347213,2,11
large_integer,4465,2573320798282482450445,2,2573320798282482450445,2,13
large_integer,4466,3735465674926184202254,3,3763135791036748529679,3,11
large_integer,4467,3744689046963038978062,3,3800029279184167632911,3,13
large_integer,4468,3735465674926184202256,3,3763135791036748529681,3,11
large_integer,4469,3744689046963038978064,3,3800029279184167632913,3,13
large_integer,4470,3744689046963038978066,3,3772359163073603305491,3,11
large_integer,4471,3753912418999893753874,3,3809252651221022408723,3,13
large_integer,4472,3735465674926184202258,3,3763135791036748529683,3,11
large_integer,4473,3744689046963038978066,3,3800029279184167632915,3,13
large_integer,4474,3744689046963038978068,3,3772359163073603305493,3,11
large_integer,4475,3753912418999893753876,3,3809252651221022408725,3,13
large_integer,4476,3744689046963038978070,3,3772359163073603305495,3,11
large_integer,4477,3753912418999893753878,3,3809252651221022408727,3,13
large_integer,4478,3753912418999893753880,3,3781582535110458081305,3,11
large_integer,4479,3763135791036748529688,3,3818476023257877184537,3,13
large_integer,4480,2490310449950789468172,2,2490310449950789468172,2,9
large_integer,4481,3717018930852474650636,3,3717018930852474650636,3,9
large_integer,4482,3717018930852474650638,3,3717018930852474650638,3,9
large_integer,4483,3726242302889329426446,3,3726242302889329426446,3,9
large_integer,4484,3717018930852474650640,3,3717018930852474650640,3,9
large_integer,4485,3726242302889329426448,3,3726242302889329426448,3,9
large_integer,4486,3726242302889329426450,3,3726242302889329426450,3,9
large_integer,4487,3735465674926184202258,3,3735465674926184202258,3,9
large_integer,4488,3717018930852474650642,3,3717018930852474650642,3,9
large_integer,4489,3726242302889329426450,3,3726242302889329426450,3,9
large_integer,4490,3726242302889329426452,3,3726242302889329426452,3,9
large_integer,4491,3735465674926184202260,3,3735465674926184202260,3,9
large_integer,4492,3726242302889329426454,3,3726242302889329426454,3,9
large_integer,4493,3735465674926184202262,3,3735465674926184202262,3,9
large_integer,4494,3735465674926184202264,3,3735465674926184202264,3,9
large_integer,4495,3744689046963038978072,3,3744689046963038978072,3,9
large_integer,4496,2499533821987644243980,2,2527203938098208571405,2,11
large_integer,4497,2564097426245627674637,2,2564097426245627674637,2,13
large_integer,4498,3726242302889329426446,3,3753912418999893753871,3,11
large_integer,4499,3735465674926184202254,3,3790805907147312857103,3,13
large_integer,4500,3726242302889329426448,3,3753912418999893753873,3,11
large_integer,4501,3735465674926184202256,3,3790805907147312857105,3,13
large_integer,4502,3735465674926184202258,3,3763135791036748529683,3,11
large_integer,4503,3744689046963038978066,3,3800029279184167632915,3,13
large_integer,4504,3726242302889329426450,3,3753912418999893753875,3,11
large_integer,4505,3735465674926184202258,3,3790805907147312857107,3,13
large_integer,4506,3735465674926184202260,3,3763135791036748529685,3,11
large_integer,4507,3744689046963038978068,3,3800029279184167632917,3,13
large_integer,4508,3735465674926184202262,3,3763135791036748529687,3,11
large_integer,4509,3744689046963038978070,3,3800029279184167632919,3,13
large_integer,4510,3744689046963038978072,3,3772359163073603305497,3,11
large_integer,4511,3753912418999893753880,3,3809252651221022408729,3,13
large_integer,4512,2499533821987644243982,2,2499533821987644243982,2,9
large_integer,4513,3726242302889329426446,3,3726242302889329426446,3,9
large_integer,4514,3726242302889329426448,3,3726242302889329426448,3,9
large_integer,4515,3735465674926184202256,3,3735465674926184202256,3,9
large_integer,4516,3726242302889329426450,3,3726242302889329426450,3,9
large_integer,4517,3735465674926184202258,3,3735465674926184202258,3,9
large_integer,4518,3735465674926184202260,3,3735465674926184202260,3,9
large_integer,4519,3744689046963038978068,3,3744689046963038978068,3,9
large_integer,4520,3726242302889329426452,3,3726242302889329426452,3,9
large_integer,4521,3735465674926184202260,3,3735465674926184202260,3,9
large_integer,4522,3735465674926184202262,3,3735465674926184202262,3,9
large_integer,4523,3744689046963038978070,3,3744689046963038978070,3,9
large_integer,4524,3735465674926184202264,3,3735465674926184202264,3,9
large_integer,4525,3744689046963038978072,3,3744689046963038978072,3,9
large_integer,4526,3744689046963038978074,3,3744689046963038978074,3,9
large_integer,4527,3753912418999893753882,3,3753912418999893753882,3,9
large_integer,4528,2508757194024499019790,2,2536427310135063347215,2,11
large_integer,4529,2573320798282482450447,2,2573320798282482450447,2,13
large_integer,4530,3735465674926184202256,3,3763135791036748529681,3,11
large_integer,4531,3744689046963038978064,3,3800029279184167632913,3,13
large_integer,4532,3735465674926184202258,3,3763135791036748529683,3,11
large_integer,4533,3744689046963038978066,3,3800029279184167632915,3,13
large_integer,4534,3744689046963038978068,3,3772359163073603305493,3,11
large_integer,4535,3753912418999893753876,3,3809252651221022408725,3,13
large_integer,4536,3735465674926184202260,3,3763135791036748529685,3,11
large_integer,4537,3744689046963038978068,3,3800029279184167632917,3,13
large_integer,4538,3744689046963038978070,3,3772359163073603305495,3,11
large_integer,4539,3753912418999893753878,3,3809252651221022408727,3,13
large_integer,4540,3744689046963038978072,3,3772359163073603305497,3,11
large_integer,4541,3753912418999893753880,3,3809252651221022408729,3,13
large_integer,4542,3753912418999893753882,3,3781582535110458081307,3,11
large_integer,4543,3763135791036748529690,3,3818476023257877184539,3,13
large_integer,4544,2499533821987644243984,2,2499533821987644243984,2,9
large_integer,4545,3726242302889329426448,3,3726242302889329426448,3,9
large_integer,4546,3726242302889329426450,3,3726242302889329426450,3,9
large_integer,4547,3735465674926184202258,3,3735465674926184202258,3,9
large_integer,4548,3726242302889329426452,3,3726242302889329426452,3,9
large_integer,4549,3735465674926184202260,3,3735465674926184202260,3,9
large_integer,4550,3735465674926184202262,3,3735465674926184202262,3,9
large_integer,4551,3744689046963038978070,3,3744689046963038978070,3,9
large_integer,4552,3726242302889329426454,3,3726242302889329426454,3,9
large_integer,4553,3735465674926184202262,3,3735465674926184202262,3,9
large_integer,4554,3735465674926184202264,3,3735465674926184202264,3,9
large_integer,4555,3744689046963038978072,3,3744689046963038978072,3,9
large_integer,4556,3735465674926184202266,3,3735465674926184202266,3,9
large_integer,4557,3744689046963038978074,3,3744689046963038978074,3,9
large_integer,4558,3744689046963038978076,3,3744689046963038978076,3,9
large_integer,4559,3753912418999893753884,3,3753912418999893753884,3,9
large_integer,4560,2508757194024499019792,2,2536427310135063347217,2,11
large_integer,4561,2573320798282482450449,2,2573320798282482450449,2,13
large_integer,4562,3735465674926184202258,3,3763135791036748529683,3,11
large_integer,4563,3744689046963038978066,3,3800029279184167632915,3,13
large_integer,4564,3735465674926184202260,3,3763135791036748529685,3,11
large_integer,4565,3744689046963038978068,3,3800029279184167632917,3,13
large_integer,4566,3744689046963038978070,3,3772359163073603305495,3,11
large_integer,4567,3753912418999893753878,3,3809252651221022408727,3,13
large_integer,4568,3735465674926184202262,3,3763135791036748529687,3,11
large_integer,4569,3744689046963038978070,3,3800029279184167632919,3,13
large_integer,4570,3744689046963038978072,3,3772359163073603305497,3,11
large_integer,4571,3753912418999893753880,3,3809252651221022408729,3,13
large_integer,4572,3744689046963038978074,3,3772359163073603305499,3,11
large_integer,4573,3753912418999893753882,3,3809252651221022408731,3,13
large_integer,4574,3753912418999893753884,3,3781582535110458081309,3,11
large_integer,4575,3763135791036748529692,3,3818476023257877184541,3,13
large_integer,4576,2508757194024499019794,2,2508757194024499019794,2,9
large_integer,4577,3735465674926184202258,3,3735465674926184202258,3,9
large_integer,4578,3735465674926184202260,3,3735465674926184202260,3,9
large_integer,4579,3744689046963038978068,3,3744689046963038978068,3,9
large_integer,4580,3735465674926184202262,3,3735465674926184202262,3,9
large_integer,4581,3744689046963038978070,3,3744689046963038978070,3,9
large_integer,4582,3744689046963038978072,3,3744689046963038978072,3,9
large_integer,4583,3753912418999893753880,3,3753912418999893753880,3,9
large_integer,4584,3735465674926184202264,3,3735465674926184202264,3,9
large_integer,4585,3744689046963038978072,3,3744689046963038978072,3,9
large_integer,4586,3744689046963038978074,3,3744689046963038978074,3,9
large_integer,4587,3753912418999893753882,3,3753912418999893753882,3,9
large_integer,4588,3744689046963038978076,3,3744689046963038978076,3,9
large_integer,4589,3753912418999893753884,3,3753912418999893753884,3,9
large_integer,4590,3753912418999893753886,3,3753912418999893753886,3,9
large_integer,4591,3763135791036748529694,3,3763135791036748529694,3,9
large_integer,4592,2517980566061353795602,2,2545650682171918123027,2,11
large_integer,4593,2582544170319337226259,2,2582544170319337226259,2,13
large_integer,4594,3744689046963038978068,3,3772359163073603305493,3,11
large_integer,4595,3753912418999893753876,3,3809252651221022408725,3,13
large_integer,4596,3744689046963038978070,3,3772359163073603305495,3,11
large_integer,4597,3753912418999893753878,3,3809252651221022408727,3,13
large_integer,4598,3753912418999893753880,3,3781582535110458081305,3,11
large_integer,4599,3763135791036748529688,3,3818476023257877184537,3,13
large_integer,4600,3744689046963038978072,3,3772359163073603305497,3,11
large_integer,4601,3753912418999893753880,3,3809252651221022408729,3,13
large_integer,4602,3753912418999893753882,3,3781582535110458081307,3,11
large_integer,4603,3763135791036748529690,3,3818476023257877184539,3,13
large_integer,4604,3753912418999893753884,3,3781582535110458081309,3,11
large_integer,4605,3763135791036748529692,3,3818476023257877184541,3,13
large_integer,4606,3763135791036748529694,3,3790805907147312857119,3,11
large_integer,4607,3772359163073603305502,3,3827699395294731960351,3,13
large_integer,4608,2453416961803370364935,2,2453416961803370364935,2,7
large_integer,4609,3680125442705055547399,3,3680125442705055547399,3,7
large_integer,4610,3680125442705055547401,3,3680125442705055547401,3,7
large_integer,4611,3689348814741910323209,3,3689348814741910323209,3,7
large_integer,4612,3680125442705055547403,3,3680125442705055547403,3,7
large_integer,4613,3689348814741910323211,3,3689348814741910323211,3,7
large_integer,4614,3689348814741910323213,3,3689348814741910323213,3,7
large_integer,4615,3698572186778765099021,3,3698572186778765099021,3,7
large_integer,4616,3680125442705055547405,3,3680125442705055547405,3,7
large_integer,4617,3689348814741910323213,3,3689348814741910323213,3,7
large_integer,4618,3689348814741910323215,3,3689348814741910323215,3,7
large_integer,4619,3698572186778765099023,3,3698572186778765099023,3,7
large_integer,4620,3689348814741910323217,3,3689348814741910323217,3,7
large_integer,4621,3698572186778765099025,3,3698572186778765099025,3,7
large_integer,4622,3698572186778765099027,3,3698572186778765099027,3,7
large_integer,4623,3707795558815619874835,3,3707795558815619874835,3,7
large_integer,4624,3680125442705055547400,3,3680125442705055547400,3,7
large_integer,4625,4906833923606740729864,4,4906833923606740729864,4,7
large_integer,4626,4906833923606740729866,4,4906833923606740729866,4,7
large_integer,4627,4916057295643595505674,4,4916057295643595505674,4,7
large_integer,4628,4906833923606740729868,4,4906833923606740729868,4,7
large_integer,4629,4916057295643595505676,4,4916057295643595505676,4,7
large_integer,4630,4916057295643595505678,4,4916057295643595505678,4,7
large_integer,4631,4925280667680450281486,4,4925280667680450281486,4,7
large_integer,4632,4906833923606740729870,4,4906833923606740729870,4,7
large_integer,4633,4916057295643595505678,4,4916057295643595505678,4,7
large_integer,4634,4916057295643595505680,4,4916057295643595505680,4,7
large_integer,4635,4925280667680450281488,4,4925280667680450281488,4,7
large_integer,4636,4916057295643595505682,4,4916057295643595505682,4,7
large_integer,4637,4925280667680450281490,4,4925280667680450281490,4,7
large_integer,4638,4925280667680450281492,4,4925280667680450281492,4,7
large_integer,4639,4934504039717305057300,4,4934504039717305057300,4,7
large_integer,4640,3680125442705055547402,3,3680125442705055547402,3,7
large_integer,4641,4906833923606740729866,4,4906833923606740729866,4,7
large_integer,4642,4906833923606740729868,4,4906833923606740729868,4,7
large_integer,4643,4916057295643595505676,4,4916057295643595505676,4,7
large_integer,4644,4906833923606740729870,4,4906833923606740729870,4,7
large_integer,4645,4916057295643595505678,4,4916057295643595505678,4,7
large_integer,4646,4916057295643595505680,4,4916057295643595505680,4,7
large_integer,4647,4925280667680450281488,4,4925280667680450281488,4,7
large_integer,4648,4906833923606740729872,4,4906833923606740729872,4,7
large_integer,4649,4916057295643595505680,4,4916057295643595505680,4,7
large_integer,4650,4916057295643595505682,4,4916057295643595505682,4,7
large_integer,4651,4925280667680450281490,4,4925280667680450281490,4,7
large_integer,4652,4916057295643595505684,4,4916057295643595505684,4,7
large_integer,4653,4925280667680450281492,4,4925280667680450281492,4,7
large_integer,4654,4925280667680450281494,4,4925280667680450281494,4,7
large_integer,4655,4934504039717305057302,4,4934504039717305057302,4,7
large_integer,4656,3689348814741910323210,3,3689348814741910323210,3,7
large_integer,4657,4916057295643595505674,4,4916057295643595505674,4,7
large_integer,4658,4916057295643595505676,4,4916057295643595505676,4,7
large_integer,4659,4925280667680450281484,4,4925280667680450281484,4,7
large_integer,4660,4916057295643595505678,4,4916057295643595505678,4,7
large_integer,4661,4925280667680450281486,4,4925280667680450281486,4,7
large_integer,4662,4925280667680450281488,4,4925280667680450281488,4,7
large_integer,4663,4934504039717305057296,4,4934504039717305057296,4,7
large_integer,4664,4916057295643595505680,4,4916057295643595505680,4,7
large_integer,4665,4925280667680450281488,4,4925280667680450281488,4,7
large_integer,4666,4925280667680450281490,4,4925280667680450281490,4,7
large_integer,4667,4934504039717305057298,4,4934504039717305057298,4,7
large_integer,4668,4925280667680450281492,4,4925280667680450281492,4,7
large_integer,4669,4934504039717305057300,4,4934504039717305057300,4,7
large_integer,4670,4934504039717305057302,4,4934504039717305057302,4,7
large_integer,4671,4943727411754159833110,4,4943727411754159833110,4,7
large_integer,4672,3680125442705055547404,3,3680125442705055547404,3,7
large_integer,4673,4906833923606740729868,4,4906833923606740729868,4,7
large_integer,4674,4906833923606740729870,4,4906833923606740729870,4,7
large_integer,4675,4916057295643595505678,4,4916057295643595505678,4,7
large_integer,4676,4906833923606740729872,4,4906833923606740729872,4,7
large_integer,4677,4916057295643595505680,4,4916057295643595505680,4,7
large_integer,4678,4916057295643595505682,4,4916057295643595505682,4,7
large_integer,4679,4925280667680450281490,4,4925280667680450281490,4,7
large_integer,4680,4906833923606740729874,4,4906833923606740729874,4,7
large_integer,4681,4916057295643595505682,4,4916057295643595505682,4,7
large_integer,4682,4916057295643595505684,4,4916057295643595505684,4,7
large_integer,4683,4925280667680450281492,4,4925280667680450281492,4,7
large_integer,4684,4916057295643595505686,4,4916057295643595505686,4,7
large_integer,4685,4925280667680450281494,4,4925280667680450281494,4,7
large_integer,4686,4925280667680450281496,4,4925280667680450281496,4,7
large_integer,4687,4934504039717305057304,4,4934504039717305057304,4,7
large_integer,4688,3689348814741910323212,3,3689348814741910323212,3,7
large_integer,4689,4916057295643595505676,4,4916057295643595505676,4,7
large_integer,4690,4916057295643595505678,4,4916057295643595505678,4,7
large_integer,4691,4925280667680450281486,4,4925280667680450281486,4,7
large_integer,4692,4916057295643595505680,4,4916057295643595505680,4,7
large_integer,4693,4925280667680450281488,4,4925280667680450281488,4,7
large_integer,4694,4925280667680450281490,4,4925280667680450281490,4,7
large_integer,4695,4934504039717305057298,4,4934504039717305057298,4,7
large_integer,4696,4916057295643595505682,4,4916057295643595505682,4,7
large_integer,4697,4925280667680450281490,4,4925280667680450281490,4,7
large_integer,4698,4925280667680450281492,4,4925280667680450281492,4,7
large_integer,4699,4934504039717305057300,4,4934504039717305057300,4,7
large_integer,4700,4925280667680450281494,4,4925280667680450281494,4,7
large_integer,4701,4934504039717305057302,4,4934504039717305057302,4,7
large_integer,4702,4934504039717305057304,4,4934504039717305057304,4,7
large_integer,4703,4943727411754159833112,4,4943727411754159833112,4,7
large_integer,4704,3689348814741910323214,3,3689348814741910323214,3,7
large_integer,4705,4916057295643595505678,4,4916057295643595505678,4,7
large_integer,4706,4916057295643595505680,4,4916057295643595505680,4,7
large_integer,4707,4925280667680450281488,4,4925280667680450281488,4,7
large_integer,4708,4916057295643595505682,4,4916057295643595505682,4,7
large_integer,4709,4925280667680450281490,4,4925280667680450281490,4,7
large_integer,4710,4925280667680450281492,4,4925280667680450281492,4,7
large_integer,4711,4934504039717305057300,4,4934504039717305057300,4,7
large_integer,4712,4916057295643595505684,4,4916057295643595505684,4,7
large_integer,4713,4925280667680450281492,4,4925280667680450281492,4,7
large_integer,4714,4925280667680450281494,4,4925280667680450281494,4,7
large_integer,4715,4934504039717305057302,4,4934504039717305057302,4,7
large_integer,4716,4925280667680450281496,4,4925280667680450281496,4,7
large_integer,4717,4934504039717305057304,4,4934504039717305057304,4,7
large_integer,4718,4934504039717305057306,4,4934504039717305057306,4,7
large_integer,4719,4943727411754159833114,4,4943727411754159833114,4,7
large_integer,4720,3698572186778765099022,3,3698572186778765099022,3,7
large_integer,4721,4925280667680450281486,4,4925280667680450281486,4,7
large_integer,4722,4925280667680450281488,4,4925280667680450281488,4,7
large_integer,4723,4934504039717305057296,4,4934504039717305057296,4,7
large_integer,4724,4925280667680450281490,4,4925280667680450281490,4,7
large_integer,4725,4934504039717305057298,4,4934504039717305057298,4,7
large_integer,4726,4934504039717305057300,4,4934504039717305057300,4,7
large_integer,4727,4943727411754159833108,4,4943727411754159833108,4,7
large_integer,4728,4925280667680450281492,4,4925280667680450281492,4,7
large_integer,4729,4934504039717305057300,4,4934504039717305057300,4,7
large_integer,4730,4934504039717305057302,4,4934504039717305057302,4,7
large_integer,4731,4943727411754159833110,4,4943727411754159833110,4,7
large_integer,4732,4934504039717305057304,4,4934504039717305057304,4,7
large_integer,4733,4943727411754159833112,4,4943727411754159833112,4,7
large_integer,4734,4943727411754159833114,4,4943727411754159833114,4,7
large_integer,4735,4952950783791014608922,4,4952950783791014608922,4,7
large_integer,4736,3680125442705055547406,3,3680125442705055547406,3,7
large_integer,4737,4906833923606740729870,4,4906833923606740729870,4,7
large_integer,4738,4906833923606740729872,4,4906833923606740729872,4,7
large_integer,4739,4916057295643595505680,4,4916057295643595505680,4,7
large_integer,4740,4906833923606740729874,4,4906833923606740729874,4,7
large_integer,4741,4916057295643595505682,4,4916057295643595505682,4,7
large_integer,4742,4916057295643595505684,4,4916057295643595505684,4,7
large_integer,4743,4925280667680450281492,4,4925280667680450281492,4,7
large_integer,4744,4906833923606740729876,4,4906833923606740729876,4,7
large_integer,4745,4916057295643595505684,4,4916057295643595505684,4,7
large_integer,4746,4916057295643595505686,4,4916057295643595505686,4,7
large_integer,4747,4925280667680450281494,4,4925280667680450281494,4,7
large_integer,4748,4916057295643595505688,4,4916057295643595505688,4,7
large_integer,4749,4925280667680450281496,4,4925280667680450281496,4,7
large_integer,4750,4925280667680450281498,4,4925280667680450281498,4,7
large_integer,4751,4934504039717305057306,4,4934504039717305057306,4,7
large_integer,4752,3689348814741910323214,3,3689348814741910323214,3,7
large_integer,4753,4916057295643595505678,4,4916057295643595505678,4,7
large_integer,4754,4916057295643595505680,4,4916057295643595505680,4,7
large_integer,4755,4925280667680450281488,4,4925280667680450281488,4,7
large_integer,4756,4916057295643595505682,4,4916057295643595505682,4,7
large_integer,4757,4925280667680450281490,4,4925280667680450281490,4,7
large_integer,4758,4925280667680450281492,4,4925280667680450281492,4,7
large_integer,4759,4934504039717305057300,4,4934504039717305057300,4,7
large_integer,4760,4916057295643595505684,4,4916057295643595505684,4,7
large_integer,4761,4925280667680450281492,4,4925280667680450281492,4,7
large_integer,4762,4925280667680450281494,4,4925280667680450281494,4,7
large_integer,4763,4934504039717305057302,4,4934504039717305057302,4,7
large_integer,4764,4925280667680450281496,4,4925280667680450281496,4,7
large_integer,4765,4934504039717305057304,4,4934504039717305057304,4,7
large_integer,4766,4934504039717305057306,4,4934504039717305057306,4,7
large_integer,4767,4943727411754159833114,4,4943727411754159833114,4,7
large_integer,4768,3689348814741910323216,3,3689348814741910323216,3,7
large_integer,4769,4916057295643595505680,4,4916057295643595505680,4,7
large_integer,4770,4916057295643595505682,4,4916057295643595505682,4,7
large_integer,4771,4925280667680450281490,4,4925280667680450281490,4,7
large_integer,4772,4916057295643595505684,4,4916057295643595505684,4,7
large_integer,4773,4925280667680450281492,4,4925280667680450281492,4,7
large_integer,4774,4925280667680450281494,4,4925280667680450281494,4,7
large_integer,4775,4934504039717305057302,4,4934504039717305057302,4,7
large_integer,4776,4916057295643595505686,4,4916057295643595505686,4,7
large_integer,4777,4925280667680450281494,4,4925280667680450281494,4,7
large_integer,4778,4925280667680450281496,4,4925280667680450281496,4,7
large_integer,4779,4934504039717305057304,4,4934504039717305057304,4,7
large_integer,4780,4925280667680450281498,4,4925280667680450281498,4,7
large_integer,4781,4934504039717305057306,4,4934504039717305057306,4,7
large_integer,4782,4934504039717305057308,4,4934504039717305057308,4,7
large_integer,4783,4943727411754159833116,4,4943727411754159833116,4,7
large_integer,4784,3698572186778765099024,3,3698572186778765099024,3,7
large_integer,4785,4925280667680450281488,4,4925280667680450281488,4,7
large_integer,4786,4925280667680450281490,4,4925280667680450281490,4,7
large_integer,4787,4934504039717305057298,4,4934504039717305057298,4,7
large_integer,4788,4925280667680450281492,4,4925280667680450281492,4,7
large_integer,4789,4934504039717305057300,4,4934504039717305057300,4,7
large_integer,4790,4934504039717305057302,4,4934504039717305057302,4,7
large_integer,4791,4943727411754159833110,4,4943727411754159833110,4,7
large_integer,4792,4925280667680450281494,4,4925280667680450281494,4,7
large_integer,4793,4934504039717305057302,4,4934504039717305057302,4,7
large_integer,4794,4934504039717305057304,4,4934504039717305057304,4,7
large_integer,4795,4943727411754159833112,4,4943727411754159833112,4,7
large_integer,4796,4934504039717305057306,4,4934504039717305057306,4,7
large_integer,4797,4943727411754159833114,4,4943727411754159833114,4,7
large_integer,4798,4943727411754159833116,4,4943727411754159833116,4,7
large_integer,4799,4952950783791014608924,4,4952950783791014608924,4,7
large_integer,4800,3689348814741910323218,3,3689348814741910323218,3,7
large_integer,4801,4916057295643595505682,4,4916057295643595505682,4,7
large_integer,4802,4916057295643595505684,4,4916057295643595505684,4,7
large_integer,4803,4925280667680450281492,4,4925280667680450281492,4,7
large_integer,4804,4916057295643595505686,4,4916057295643595505686,4,7
large_integer,4805,4925280667680450281494,4,4925280667680450281494,4,7
large_integer,4806,4925280667680450281496,4,4925280667680450281496,4,7
large_integer,4807,4934504039717305057304,4,4934504039717305057304,4,7
large_integer,4808,4916057295643595505688,4,4916057295643595505688,4,7
large_integer,4809,4925280667680450281496,4,4925280667680450281496,4,7
large_integer,4810,4925280667680450281498,4,4925280667680450281498,4,7
large_integer,4811,4934504039717305057306,4,4934504039717305057306,4,7
large_integer,4812,4925280667680450281500,4,4925280667680450281500,4,7
large_integer,4813,4934504039717305057308,4,4934504039717305057308,4,7
large_integer,4814,4934504039717305057310,4,4934504039717305057310,4,7
large_integer,4815,4943727411754159833118,4,4943727411754159833118,4,7
large_integer,4816,3698572186778765099026,3,3698572186778765099026,3,7
large_integer,4817,4925280667680450281490,4,4925280667680450281490,4,7
large_integer,4818,4925280667680450281492,4,4925280667680450281492,4,7
large_integer,4819,4934504039717305057300,4,4934504039717305057300,4,7
large_integer,4820,4925280667680450281494,4,4925280667680450281494,4,7
large_integer,4821,4934504039717305057302,4,4934504039717305057302,4,7
large_integer,4822,4934504039717305057304,4,4934504039717305057304,4,7
large_integer,4823,4943727411754159833112,4,4943727411754159833112,4,7
large_integer,4824,4925280667680450281496,4,4925280667680450281496,4,7
large_integer,4825,4934504039717305057304,4,4934504039717305057304,4,7
large_integer,4826,4934504039717305057306,4,4934504039717305057306,4,7
large_integer,4827,4943727411754159833114,4,4943727411754159833114,4,7
large_integer,4828,4934504039717305057308,4,4934504039717305057308,4,7
large_integer,4829,4943727411754159833116,4,4943727411754159833116,4,7
large_integer,4830,4943727411754159833118,4,4943727411754159833118,4,7
large_integer,4831,4952950783791014608926,4,4952950783791014608926,4,7
large_integer,4832,3698572186778765099028,3,3698572186778765099028,3,7
large_integer,4833,4925280667680450281492,4,4925280667680450281492,4,7
large_integer,4834,4925280667680450281494,4,4925280667680450281494,4,7
large_integer,4835,4934504039717305057302,4,4934504039717305057302,4,7
large_integer,4836,4925280667680450281496,4,4925280667680450281496,4,7
large_integer,4837,4934504039717305057304,4,4934504039717305057304,4,7
large_integer,4838,4934504039717305057306,4,4934504039717305057306,4,7
large_integer,4839,4943727411754159833114,4,4943727411754159833114,4,7
large_integer,4840,4925280667680450281498,4,4925280667680450281498,4,7
large_integer,4841,4934504039717305057306,4,4934504039717305057306,4,7
large_integer,4842,4934504039717305057308,4,4934504039717305057308,4,7
large_integer,4843,4943727411754159833116,4,4943727411754159833116,4,7
large_integer,4844,4934504039717305057310,4,4934504039717305057310,4,7
large_integer,4845,4943727411754159833118,4,4943727411754159833118,4,7
large_integer,4846,4943727411754159833120,4,4943727411754159833120,4,7
large_integer,4847,4952950783791014608928,4,4952950783791014608928,4,7
large_integer,4848,3707795558815619874836,3,3707795558815619874836,3,7
large_integer,4849,4934504039717305057300,4,4934504039717305057300,4,7
large_integer,4850,4934504039717305057302,4,4934504039717305057302,4,7
large_integer,4851,4943727411754159833110,4,4943727411754159833110,4,7
large_integer,4852,4934504039717305057304,4,4934504039717305057304,4,7
large_integer,4853,4943727411754159833112,4,4943727411754159833112,4,7
large_integer,4854,4943727411754159833114,4,4943727411754159833114,4,7
large_integer,4855,4952950783791014608922,4,4952950783791014608922,4,7
large_integer,4856,4934504039717305057306,4,4934504039717305057306,4,7
large_integer,4857,4943727411754159833114,4,4943727411754159833114,4,7
large_integer,4858,4943727411754159833116,4,4943727411754159833116,4,7
large_integer,4859,4952950783791014608924,4,4952950783791014608924,4,7
large_integer,4860,4943727411754159833118,4,4943727411754159833118,4,7
large_integer,4861,4952950783791014608926,4,4952950783791014608926,4,7
large_integer,4862,4952950783791014608928,4,4952950783791014608928,4,7
large_integer,4863,4962174155827869384736,4,4962174155827869384736,4,7
large_integer,4864,2462640333840225140743,2,2490310449950789468169,2,9
large_integer,4865,3689348814741910323207,3,3717018930852474650633,3,9
large_integer,4866,3689348814741910323209,3,3717018930852474650635,3,9
large_integer,4867,3698572186778765099017,3,3726242302889329426443,3,9
large_integer,4868,3689348814741910323211,3,3717018930852474650637,3,9
large_integer,4869,3698572186778765099019,3,3726242302889329426445,3,9
large_integer,4870,3698572186778765099021,3,3726242302889329426447,3,9
large_integer,4871,3707795558815619874829,3,3735465674926184202255,3,9
large_integer,4872,3689348814741910323213,3,3717018930852474650639,3,9
large_integer,4873,3698572186778765099021,3,3726242302889329426447,3,9
large_integer,4874,3698572186778765099023,3,3726242302889329426449,3,9
large_integer,4875,3707795558815619874831,3,3735465674926184202257,3,9
large_integer,4876,3698572186778765099025,3,3726242302889329426451,3,9
large_integer,4877,3707795558815619874833,3,3735465674926184202259,3,9
large_integer,4878,3707795558815619874835,3,3735465674926184202261,3,9
large_integer,4879,3717018930852474650643,3,3744689046963038978069,3,9
large_integer,4880,2527203938098208571402,2,2527203938098208571402,2,11
large_integer,4881,2564097426245627674634,2,2564097426245627674634,2,13
large_integer,4882,3753912418999893753868,3,3753912418999893753868,3,11
large_integer,4883,3763135791036748529676,3,3790805907147312857100,3,13
large_integer,4884,3753912418999893753870,3,3753912418999893753870,3,11
large_integer,4885,3763135791036748529678,3,3790805907147312857102,3,13
large_integer,4886,3763135791036748529680,3,3763135791036748529680,3,11
large_integer,4887,3772359163073603305488,3,3800029279184167632912,3,13
large_integer,4888,3753912418999893753872,3,3753912418999893753872,3,11
large_integer,4889,3763135791036748529680,3,3790805907147312857104,3,13
large_integer,4890,3763135791036748529682,3,3763135791036748529682,3,11
large_integer,4891,3772359163073603305490,3,3800029279184167632914,3,13
large_integer,4892,3763135791036748529684,3,3763135791036748529684,3,11
large_integer,4893,3772359163073603305492,3,3800029279184167632916,3,13
large_integer,4894,3772359163073603305494,3,3772359163073603305494,3,11
large_integer,4895,3781582535110458081302,3,3809252651221022408726,3,13
large_integer,4896,3689348814741910323210,3,3717018930852474650636,3,9
large_integer,4897,4916057295643595505674,4,4943727411754159833100,4,9
large_integer,4898,4916057295643595505676,4,4943727411754159833102,4,9
large_integer,4899,4925280667680450281484,4,4952950783791014608910,4,9
large_integer,4900,4916057295643595505678,4,4943727411754159833104,4,9
large_integer,4901,4925280667680450281486,4,4952950783791014608912,4,9
large_integer,4902,4925280667680450281488,4,4952950783791014608914,4,9
large_integer,4903,4934504039717305057296,4,4962174155827869384722,4,9
large_integer,4904,4916057295643595505680,4,4943727411754159833106,4,9
large_integer,4905,4925280667680450281488,4,4952950783791014608914,4,9
large_integer,4906,4925280667680450281490,4,4952950783791014608916,4,9
large_integer,4907,4934504039717305057298,4,4962174155827869384724,4,9
large_integer,4908,4925280667680450281492,4,4952950783791014608918,4,9
large_integer,4909,4934504039717305057300,4,4962174155827869384726,4,9
large_integer,4910,4934504039717305057302,4,4962174155827869384728,4,9
large_integer,4911,4943727411754159833110,4,4971397527864724160536,4,9
large_integer,4912,3698572186778765099018,3,3753912418999893753869,3,11
large_integer,4913,3790805907147312857101,3,3790805907147312857101,3,13
large_integer,4914,4925280667680450281484,4,4980620899901578936335,4,11
large_integer,4915,4934504039717305057292,4,5017514388048998039567,4,13
large_integer,4916,4925280667680450281486,4,4980620899901578936337,4,11
large_integer,4917,4934504039717305057294,4,5017514388048998039569,4,13
large_integer,4918,4934504039717305057296,4,4989844271938433712147,4,11
large_integer,4919,4943727411754159833104,4,5026737760085852815379,4,13
large_integer,4920,4925280667680450281488,4,4980620899901578936339,4,11
large_integer,4921,4934504039717305057296,4,5017514388048998039571,4,13
large_integer,4922,4934504039717305057298,4,4989844271938433712149,4,11
large_integer,4923,4943727411754159833106,4,5026737760085852815381,4,13
large_integer,4924,4934504039717305057300,4,4989844271938433712151,4,11
large_integer,4925,4943727411754159833108,4,5026737760085852815383,4,13
large_integer,4926,4943727411754159833110,4,4999067643975288487961,4,11
large_integer,4927,4952950783791014608918,4,5035961132122707591193,4,13
large_integer,4928,3689348814741910323212,3,3717018930852474650638,3,9
large_integer,4929,4916057295643595505676,4,4943727411754159833102,4,9
large_integer,4930,4916057295643595505678,4,4943727411754159833104,4,9
large_integer,4931,4925280667680450281486,4,4952950783791014608912,4,9
large_integer,4932,4916057295643595505680,4,4943727411754159833106,4,9
large_integer,4933,4925280667680450281488,4,4952950783791014608914,4,9
large_integer,4934,4925280667680450281490,4,4952950783791014608916,4,9
large_integer,4935,4934504039717305057298,4,4962174155827869384724,4,9
large_integer,4936,4916057295643595505682,4,4943727411754159833108,4,9
large_integer,4937,4925280667680450281490,4,4952950783791014608916,4,9
large_integer,4938,4925280667680450281492,4,4952950783791014608918,4,9
large_integer,4939,4934504039717305057300,4,4962174155827869384726,4,9
large_integer,4940,4925280667680450281494,4,4952950783791014608920,4,9
large_integer,4941,4934504039717305057302,4,4962174155827869384728,4,9
large_integer,4942,4934504039717305057304,4,4962174155827869384730,4,9
large_integer,4943,4943727411754159833112,4,4971397527864724160538,4,9
large_integer,4944,3698572186778765099020,3,3753912418999893753871,3,11
large_integer,4945,3790805907147312857103,3,3790805907147312857103,3,13
large_integer,4946,4925280667680450281486,4,4980620899901578936337,4,11
large_integer,4947,4934504039717305057294,4,5017514388048998039569,4,13
large_integer,4948,4925280667680450281488,4,4980620899901578936339,4,11
large_integer,4949,4934504039717305057296,4,5017514388048998039571,4,13
large_integer,4950,4934504039717305057298,4,4989844271938433712149,4,11
large_integer,4951,4943727411754159833106,4,5026737760085852815381,4,13
large_integer,4952,4925280667680450281490,4,4980620899901578936341,4,11
large_integer,4953,4934504039717305057298,4,5017514388048998039573,4,13
large_integer,4954,4934504039717305057300,4,4989844271938433712151,4,11
large_integer,4955,4943727411754159833108,4,5026737760085852815383,4,13
large_integer,4956,4934504039717305057302,4,4989844271938433712153,4,11
large_integer,4957,4943727411754159833110,4,5026737760085852815385,4,13
large_integer,4958,4943727411754159833112,4,4999067643975288487963,4,11
large_integer,4959,4952950783791014608920,4,5035961132122707591195,4,13
large_integer,4960,3698572186778765099022,3,3726242302889329426448,3,9
large_integer,4961,4925280667680450281486,4,4952950783791014608912,4,9
large_integer,4962,4925280667680450281488,4,4952950783791014608914,4,9
large_integer,4963,4934504039717305057296,4,4962174155827869384722,4,9
large_integer,4964,4925280667680450281490,4,4952950783791014608916,4,9
large_integer,4965,4934504039717305057298,4,4962174155827869384724,4,9
large_integer,4966,4934504039717305057300,4,4962174155827869384726,4,9
large_integer,4967,4943727411754159833108,4,4971397527864724160534,4,9
large_integer,4968,4925280667680450281492,4,4952950783791014608918,4,9
large_integer,4969,4934504039717305057300,4,4962174155827869384726,4,9
large_integer,4970,4934504039717305057302,4,4962174155827869384728,4,9
large_integer,4971,4943727411754159833110,4,4971397527864724160536,4,9
large_integer,4972,4934504039717305057304,4,4962174155827869384730,4,9
large_integer,4973,4943727411754159833112,4,4971397527864724160538,4,9
large_integer,4974,4943727411754159833114,4,4971397527864724160540,4,9
large_integer,4975,4952950783791014608922,4,4980620899901578936348,4,9
large_integer,4976,3707795558815619874830,3,3763135791036748529681,3,11
large_integer,4977,3800029279184167632913,3,3800029279184167632913,3,13
large_integer,4978,4934504039717305057296,4,4989844271938433712147,4,11
large_integer,4979,4943727411754159833104,4,5026737760085852815379,4,13
large_integer,4980,4934504039717305057298,4,4989844271938433712149,4,11
large_integer,4981,4943727411754159833106,4,5026737760085852815381,4,13
large_integer,4982,4943727411754159833108,4,4999067643975288487959,4,11
large_integer,4983,4952950783791014608916,4,5035961132122707591191,4,13
large_integer,4984,4934504039717305057300,4,4989844271938433712151,4,11
large_integer,4985,4943727411754159833108,4,5026737760085852815383,4,13
large_integer,4986,4943727411754159833110,4,4999067643975288487961,4,11
large_integer,4987,4952950783791014608918,4,5035961132122707591193,4,13
large_integer,4988,4943727411754159833112,4,4999067643975288487963,4,11
large_integer,4989,4952950783791014608920,4,5035961132122707591195,4,13
large_integer,4990,4952950783791014608922,4,5008291016012143263773,4,11
large_integer,4991,4962174155827869384730,4,5045184504159562367005,4,13
large_integer,4992,3689348814741910323214,3,3717018930852474650640,3,9
large_integer,4993,4916057295643595505678,4,4943727411754159833104,4,9
large_integer,4994,4916057295643595505680,4,4943727411754159833106,4,9
large_integer,4995,4925280667680450281488,4,4952950783791014608914,4,9
large_integer,4996,4916057295643595505682,4,4943727411754159833108,4,9
large_integer,4997,4925280667680450281490,4,4952950783791014608916,4,9
large_integer,4998,4925280667680450281492,4,4952950783791014608918,4,9
large_integer,4999,4934504039717305057300,4,4962174155827869384726,4,9
large_integer,5000,4916057295643595505684,4,4943727411754159833110,4,9
large_integer,5001,4925280667680450281492,4,4952950783791014608918,4,9
large_integer,5002,4925280667680450281494,4,4952950783791014608920,4,9
large_integer,5003,4934504039717305057302,4,4962174155827869384728,4,9
large_integer,5004,4925280667680450281496,4,4952950783791014608922,4,9
large_integer,5005,4934504039717305057304,4,4962174155827869384730,4,9
large_integer,5006,4934504039717305057306,4,4962174155827869384732,4,9
large_integer,5007,4943727411754159833114,4,4971397527864724160540,4,9
large_integer,5008,3698572186778765099022,3,3753912418999893753873,3,11
large_integer,5009,3790805907147312857105,3,3790805907147312857105,3,13
large_integer,5010,4925280667680450281488,4,4980620899901578936339,4,11
large_integer,5011,4934504039717305057296,4,5017514388048998039571,4,13
large_integer,5012,4925280667680450281490,4,4980620899901578936341,4,11
large_integer,5013,4934504039717305057298,4,5017514388048998039573,4,13
large_integer,5014,4934504039717305057300,4,4989844271938433712151,4,11
large_integer,5015,4943727411754159833108,4,5026737760085852815383,4,13
large_integer,5016,4925280667680450281492,4,4980620899901578936343,4,11
large_integer,5017,4934504039717305057300,4,5017514388048998039575,4,13
large_integer,5018,4934504039717305057302,4,4989844271938433712153,4,11
large_integer,5019,4943727411754159833110,4,5026737760085852815385,4,13
large_integer,5020,4934504039717305057304,4,4989844271938433712155,4,11
large_integer,5021,4943727411754159833112,4,5026737760085852815387,4,13
large_integer,5022,4943727411754159833114,4,4999067643975288487965,4,11
large_integer,5023,4952950783791014608922,4,5035961132122707591197,4,13
large_integer,5024,3698572186778765099024,3,3726242302889329426450,3,9
large_integer,5025,4925280667680450281488,4,4952950783791014608914,4,9
large_integer,5026,4925280667680450281490,4,4952950783791014608916,4,9
large_integer,5027,4934504039717305057298,4,4962174155827869384724,4,9
large_integer,5028,4925280667680450281492,4,4952950783791014608918,4,9
large_integer,5029,4934504039717305057300,4,4962174155827869384726,4,9
large_integer,5030,4934504039717305057302,4,4962174155827869384728,4,9
large_integer,5031,4943727411754159833110,4,4971397527864724160536,4,9
large_integer,5032,4925280667680450281494,4,4952950783791014608920,4,9
large_integer,5033,4934504039717305057302,4,4962174155827869384728,4,9
large_integer,5034,4934504039717305057304,4,4962174155827869384730,4,9
large_integer,5035,4943727411754159833112,4,4971397527864724160538,4,9
large_integer,5036,4934504039717305057306,4,4962174155827869384732,4,9
large_integer,5037,4943727411754159833114,4,4971397527864724160540,4,9
large_integer,5038,4943727411754159833116,4,4971397527864724160542,4,9
large_integer,5039,4952950783791014608924,4,4980620899901578936350,4,9
large_integer,5040,3707795558815619874832,3,3763135791036748529683,3,11
large_integer,5041,3800029279184167632915,3,3800029279184167632915,3,13
large_integer,5042,4934504039717305057298,4,4989844271938433712149,4,11
large_integer,5043,4943727411754159833106,4,5026737760085852815381,4,13
large_integer,5044,4934504039717305057300,4,4989844271938433712151,4,11
large_integer,5045,4943727411754159833108,4,5026737760085852815383,4,13
large_integer,5046,4943727411754159833110,4,4999067643975288487961,4,11
large_integer,5047,4952950783791014608918,4,5035961132122707591193,4,13
large_integer,5048,4934504039717305057302,4,4989844271938433712153,4,11
large_integer,5049,4943727411754159833110,4,5026737760085852815385,4,13
large_integer,5050,4943727411754159833112,4,4999067643975288487963,4,11
large_integer,5051,4952950783791014608920,4,5035961132122707591195,4,13
large_integer,5052,4943727411754159833114,4,4999067643975288487965,4,11
large_integer,5053,4952950783791014608922,4,5035961132122707591197,4,13
large_integer,5054,4952950783791014608924,4,5008291016012143263775,4,11
large_integer,5055,4962174155827869384732,4,5045184504159562367007,4,13
large_integer,5056,3698572186778765099026,3,3726242302889329426452,3,9
large_integer,5057,4925280667680450281490,4,4952950783791014608916,4,9
large_integer,5058,4925280667680450281492,4,4952950783791014608918,4,9
large_integer,5059,4934504039717305057300,4,4962174155827869384726,4,9
large_integer,5060,4925280667680450281494,4,4952950783791014608920,4,9
large_integer,5061,4934504039717305057302,4,4962174155827869384728,4,9
large_integer,5062,4934504039717305057304,4,4962174155827869384730,4,9
large_integer,5063,4943727411754159833112,4,4971397527864724160538,4,9
large_integer,5064,4925280667680450281496,4,4952950783791014608922,4,9
large_integer,5065,4934504039717305057304,4,4962174155827869384730,4,9
large_integer,5066,4934504039717305057306,4,4962174155827869384732,4,9
large_integer,5067,4943727411754159833114,4,4971397527864724160540,4,9
large_integer,5068,4934504039717305057308,4,4962174155827869384734,4,9
large_integer,5069,4943727411754159833116,4,4971397527864724160542,4,9
large_integer,5070,4943727411754159833118,4,4971397527864724160544,4,9
large_integer,5071,4952950783791014608926,4,4980620899901578936352,4,9
large_integer,5072,3707795558815619874834,3,3763135791036748529685,3,11
large_integer,5073,3800029279184167632917,3,3800029279184167632917,3,13
large_integer,5074,4934504039717305057300,4,4989844271938433712151,4,11
large_integer,5075,4943727411754159833108,4,5026737760085852815383,4,13
large_integer,5076,4934504039717305057302,4,4989844271938433712153,4,11
large_integer,5077,4943727411754159833110,4,5026737760085852815385,4,13
large_integer,5078,4943727411754159833112,4,4999067643975288487963,4,11
large_integer,5079,4952950783791014608920,4,5035961132122707591195,4,13
large_integer,5080,4934504039717305057304,4,4989844271938433712155,4,11
large_integer,5081,4943727411754159833112,4,5026737760085852815387,4,13
large_integer,5082,4943727411754159833114,4,4999067643975288487965,4,11
large_integer,5083,4952950783791014608922,4,5035961132122707591197,4,13
large_integer,5084,4943727411754159833116,4,4999067643975288487967,4,11
large_integer,5085,4952950783791014608924,4,5035961132122707591199,4,13
large_integer,5086,4952950783791014608926,4,5008291016012143263777,4,11
large_integer,5087,4962174155827869384734,4,5045184504159562367009,4,13
large_integer,5088,3707795558815619874836,3,3735465674926184202262,3,9
large_integer,5089,4934504039717305057300,4,4962174155827869384726,4,9
large_integer,5090,4934504039717305057302,4,4962174155827869384728,4,9
large_integer,5091,4943727411754159833110,4,4971397527864724160536,4,9
large_integer,5092,4934504039717305057304,4,4962174155827869384730,4,9
large_integer,5093,4943727411754159833112,4,4971397527864724160538,4,9
large_integer,5094,4943727411754159833114,4,4971397527864724160540,4,9
large_integer,5095,4952950783791014608922,4,4980620899901578936348,4,9
large_integer,5096,4934504039717305057306,4,4962174155827869384732,4,9
large_integer,5097,4943727411754159833114,4,4971397527864724160540,4,9
large_integer,5098,4943727411754159833116,4,4971397527864724160542,4,9
large_integer,5099,4952950783791014608924,4,4980620899901578936350,4,9
large_integer,5100,4943727411754159833118,4,4971397527864724160544,4,9
large_integer,5101,4952950783791014608926,4,4980620899901578936352,4,9
large_integer,5102,4952950783791014608928,4,4980620899901578936354,4,9
large_integer,5103,4962174155827869384736,4,4989844271938433712162,4,9
large_integer,5104,3717018930852474650644,3,3772359163073603305495,3,11
large_integer,5105,3809252651221022408727,3,3809252651221022408727,3,13
large_integer,5106,4943727411754159833110,4,4999067643975288487961,4,11
large_integer,5107,4952950783791014608918,4,5035961132122707591193,4,13
large_integer,5108,4943727411754159833112,4,4999067643975288487963,4,11
large_integer,5109,4952950783791014608920,4,5035961132122707591195,4,13
large_integer,5110,4952950783791014608922,4,5008291016012143263773,4,11
large_integer,5111,4962174155827869384730,4,5045184504159562367005,4,13
large_integer,5112,4943727411754159833114,4,4999067643975288487965,4,11
large_integer,5113,4952950783791014608922,4,5035961132122707591197,4,13
large_integer,5114,4952950783791014608924,4,5008291016012143263775,4,11
large_integer,5115,4962174155827869384732,4,5045184504159562367007,4,13
large_integer,5116,4952950783791014608926,4,5008291016012143263777,4,11
large_integer,5117,4962174155827869384734,4,5045184504159562367009,4,13
large_integer,5118,4962174155827869384736,4,5017514388048998039587,4,11
large_integer,5119,4971397527864724160544,4,5054407876196417142819,4,13
large_integer,5120,2453416961803370364937,2,2453416961803370364937,2,7
large_integer,5121,3680125442705055547401,3,3680125442705055547401,3,7
large_integer,5122,3680125442705055547403,3,3680125442705055547403,3,7
large_integer,5123,3689348814741910323211,3,3689348814741910323211,3,7
large_integer,5124,3680125442705055547405,3,3680125442705055547405,3,7
large_integer,5125,3689348814741910323213,3,3689348814741910323213,3,7
large_integer,5126,3689348814741910323215,3,3689348814741910323215,3,7
large_integer,5127,3698572186778765099023,3,3698572186778765099023,3,7
large_integer,5128,3680125442705055547407,3,3680125442705055547407,3,7
large_integer,5129,3689348814741910323215,3,3689348814741910323215,3,7
large_integer,5130,3689348814741910323217,3,3689348814741910323217,3,7
large_integer,5131,3698572186778765099025,3,3698572186778765099025,3,7
large_integer,5132,3689348814741910323219,3,3689348814741910323219,3,7
large_integer,5133,3698572186778765099027,3,3698572186778765099027,3,7
large_integer,5134,3698572186778765099029,3,3698572186778765099029,3,7
large_integer,5135,3707795558815619874837,3,3707795558815619874837,3,7
large_integer,5136,3680125442705055547402,3,3680125442705055547402,3,7
large_integer,5137,4906833923606740729866,4,4906833923606740729866,4,7
large_integer,5138,4906833923606740729868,4,4906833923606740729868,4,7
large_integer,5139,4916057295643595505676,4,4916057295643595505676,4,7
large_integer,5140,4906833923606740729870,4,4906833923606740729870,4,7
large_integer,5141,4916057295643595505678,4,4916057295643595505678,4,7
large_integer,5142,4916057295643595505680,4,4916057295643595505680,4,7
large_integer,5143,4925280667680450281488,4,4925280667680450281488,4,7
large_integer,5144,4906833923606740729872,4,4906833923606740729872,4,7
large_integer,5145,4916057295643595505680,4,4916057295643595505680,4,7
large_integer,5146,4916057295643595505682,4,4916057295643595505682,4,7
large_integer,5147,4925280667680450281490,4,4925280667680450281490,4,7
large_integer,5148,4916057295643595505684,4,4916057295643595505684,4,7
large_integer,5149,4925280667680450281492,4,4925280667680450281492,4,7
large_integer,5150,4925280667680450281494,4,4925280667680450281494,4,7
large_integer,5151,4934504039717305057302,4,4934504039717305057302,4,7
large_integer,5152,3680125442705055547404,3,3680125442705055547404,3,7
large_integer,5153,4906833923606740729868,4,4906833923606740729868,4,7
large_integer,5154,4906833923606740729870,4,4906833923606740729870,4,7
large_integer,5155,4916057295643595505678,4,4916057295643595505678,4,7
large_integer,5156,4906833923606740729872,4,4906833923606740729872,4,7
large_integer,5157,4916057295643595505680,4,4916057295643595505680,4,7
large_integer,5158,4916057295643595505682,4,4916057295643595505682,4,7
large_integer,5159,4925280667680450281490,4,4925280667680450281490,4,7
large_integer,5160,4906833923606740729874,4,4906833923606740729874,4,7
large_integer,5161,4916057295643595505682,4,4916057295643595505682,4,7
large_integer,5162,4916057295643595505684,4,4916057295643595505684,4,7
large_integer,5163,4925280667680450281492,4,4925280667680450281492,4,7
large_integer,5164,4916057295643595505686,4,4916057295643595505686,4,7
large_integer,5165,4925280667680450281494,4,4925280667680450281494,4,7
large_integer,5166,4925280667680450281496,4,4925280667680450281496,4,7
large_integer,5167,4934504039717305057304,4,4934504039717305057304,4,7
large_integer,5168,3689348814741910323212,3,3689348814741910323212,3,7
large_integer,5169,4916057295643595505676,4,4916057295643595505676,4,7
large_integer,5170,4916057295643595505678,4,4916057295643595505678,4,7
large_integer,5171,4925280667680450281486,4,4925280667680450281486,4,7
large_integer,5172,4916057295643595505680,4,4916057295643595505680,4,7
large_integer,5173,4925280667680450281488,4,4925280667680450281488,4,7
large_integer,5174,4925280667680450281490,4,4925280667680450281490,4,7
large_integer,5175,4934504039717305057298,4,4934504039717305057298,4,7
large_integer,5176,4916057295643595505682,4,4916057295643595505682,4,7
large_integer,5177,4925280667680450281490,4,4925280667680450281490,4,7
large_integer,5178,4925280667680450281492,4,4925280667680450281492,4,7
large_integer,5179,4934504039717305057300,4,4934504039717305057300,4,7
large_integer,5180,4925280667680450281494,4,4925280667680450281494,4,7
large_integer,5181,4934504039717305057302,4,4934504039717305057302,4,7
large_integer,5182,4934504039717305057304,4,4934504039717305057304,4,7
large_integer,5183,4943727411754159833112,4,4943727411754159833112,4,7
large_integer,5184,3680125442705055547406,3,3680125442705055547406,3,7
large_integer,5185,4906833923606740729870,4,4906833923606740729870,4,7
large_integer,5186,4906833923606740729872,4,4906833923606740729872,4,7
large_integer,5187,4916057295643595505680,4,4916057295643595505680,4,7
large_integer,5188,4906833923606740729874,4,4906833923606740729874,4,7
large_integer,5189,4916057295643595505682,4,4916057295643595505682,4,7
large_integer,5190,4916057295643595505684,4,4916057295643595505684,4,7
large_integer,5191,4925280667680450281492,4,4925280667680450281492,4,7
large_integer,5192,4906833923606740729876,4,4906833923606740729876,4,7
large_integer,5193,4916057295643595505684,4,4916057295643595505684,4,7
large_integer,5194,4916057295643595505686,4,4916057295643595505686,4,7
large_integer,5195,4925280667680450281494,4,4925280667680450281494,4,7
large_integer,5196,4916057295643595505688,4,4916057295643595505688,4,7
large_integer,5197,4925280667680450281496,4,4925280667680450281496,4,7
large_integer,5198,4925280667680450281498,4,4925280667680450281498,4,7
large_integer,5199,4934504039717305057306,4,4934504039717305057306,4,7
large_integer,5200,3689348814741910323214,3,3689348814741910323214,3,7
large_integer,5201,4916057295643595505678,4,4916057295643595505678,4,7
large_integer,5202,4916057295643595505680,4,4916057295643595505680,4,7
large_integer,5203,4925280667680450281488,4,4925280667680450281488,4,7
large_integer,5204,4916057295643595505682,4,4916057295643595505682,4,7
large_integer,5205,4925280667680450281490,4,4925280667680450281490,4,7
large_integer,5206,4925280667680450281492,4,4925280667680450281492,4,7
large_integer,5207,4934504039717305057300,4,4934504039717305057300,4,7
large_integer,5208,4916057295643595505684,4,4916057295643595505684,4,7
large_integer,5209,4925280667680450281492,4,4925280667680450281492,4,7
large_integer,5210,4925280667680450281494,4,4925280667680450281494,4,7
large_integer,5211,4934504039717305057302,4,4934504039717305057302,4,7
large_integer,5212,4925280667680450281496,4,4925280667680450281496,4,7
large_integer,5213,4934504039717305057304,4,4934504039717305057304,4,7
large_integer,5214,4934504039717305057306,4,4934504039717305057306,4,7
large_integer,5215,4943727411754159833114,4,4943727411754159833114,4,7
large_integer,5216,3689348814741910323216,3,3689348814741910323216,3,7
large_integer,5217,4916057295643595505680,4,4916057295643595505680,4,7
large_integer,5218,4916057295643595505682,4,4916057295643595505682,4,7
large_integer,5219,4925280667680450281490,4,4925280667680450281490,4,7
large_integer,5220,4916057295643595505684,4,4916057295643595505684,4,7
large_integer,5221,4925280667680450281492,4,4925280667680450281492,4,7
large_integer,5222,4925280667680450281494,4,4925280667680450281494,4,7
large_integer,5223,4934504039717305057302,4,4934504039717305057302,4,7
large_integer,5224,4916057295643595505686,4,4916057295643595505686,4,7
large_integer,5225,4925280667680450281494,4,4925280667680450281494,4,7
large_integer,5226,4925280667680450281496,4,4925280667680450281496,4,7
large_integer,5227,4934504039717305057304,4,4934504039717305057304,4,7
large_integer,5228,4925280667680450281498,4,4925280667680450281498,4,7
large_integer,5229,4934504039717305057306,4,4934504039717305057306,4,7
large_integer,5230,4934504039717305057308,4,4934504039717305057308,4,7
large_integer,5231,4943727411754159833116,4,4943727411754159833116,4,7
large_integer,5232,3698572186778765099024,3,3698572186778765099024,3,7
large_integer,5233,4925280667680450281488,4,4925280667680450281488,4,7
large_integer,5234,4925280667680450281490,4,4925280667680450281490,4,7
large_integer,5235,4934504039717305057298,4,4934504039717305057298,4,7
large_integer,5236,4925280667680450281492,4,4925280667680450281492,4,7
large_integer,5237,4934504039717305057300,4,4934504039717305057300,4,7
large_integer,5238,4934504039717305057302,4,4934504039717305057302,4,7
large_integer,5239,4943727411754159833110,4,4943727411754159833110,4,7
large_integer,5240,4925280667680450281494,4,4925280667680450281494,4,7
large_integer,5241,4934504039717305057302,4,4934504039717305057302,4,7
large_integer,5242,4934504039717305057304,4,4934504039717305057304,4,7
large_integer,5243,4943727411754159833112,4,4943727411754159833112,4,7
large_integer,5244,4934504039717305057306,4,4934504039717305057306,4,7
large_integer,5245,4943727411754159833114,4,4943727411754159833114,4,7
large_integer,5246,4943727411754159833116,4,4943727411754159833116,4,7
large_integer,5247,4952950783791014608924,4,4952950783791014608924,4,7
large_integer,5248,3680125442705055547408,3,3680125442705055547408,3,7
large_integer,5249,4906833923606740729872,4,4906833923606740729872,4,7
large_integer,5250,4906833923606740729874,4,4906833923606740729874,4,7
large_integer,5251,4916057295643595505682,4,4916057295643595505682,4,7
large_integer,5252,4906833923606740729876,4,4906833923606740729876,4,7
large_integer,5253,4916057295643595505684,4,4916057295643595505684,4,7
large_integer,5254,4916057295643595505686,4,4916057295643595505686,4,7
large_integer,5255,4925280667680450281494,4,4925280667680450281494,4,7
large_integer,5256,4906833923606740729878,4,4906833923606740729878,4,7
large_integer,5257,4916057295643595505686,4,4916057295643595505686,4,7
large_integer,5258,4916057295643595505688,4,4916057295643595505688,4,7
large_integer,5259,4925280667680450281496,4,4925280667680450281496,4,7
large_integer,5260,4916057295643595505690,4,4916057295643595505690,4,7
large_integer,5261,4925280667680450281498,4,4925280667680450281498,4,7
large_integer,5262,4925280667680450281500,4,4925280667680450281500,4,7
large_integer,5263,4934504039717305057308,4,4934504039717305057308,4,7
large_integer,5264,3689348814741910323216,3,3689348814741910323216,3,7
large_integer,5265,4916057295643595505680,4,4916057295643595505680,4,7
large_integer,5266,4916057295643595505682,4,4916057295643595505682,4,7
large_integer,5267,4925280667680450281490,4,4925280667680450281490,4,7
large_integer,5268,4916057295643595505684,4,4916057295643595505684,4,7
large_integer,5269,4925280667680450281492,4,4925280667680450281492,4,7
large_integer,5270,4925280667680450281494,4,4925280667680450281494,4,7
large_integer,5271,4934504039717305057302,4,4934504039717305057302,4,7
large_integer,5272,4916057295643595505686,4,4916057295643595505686,4,7
large_integer,5273,4925280667680450281494,4,4925280667680450281494,4,7
large_integer,5274,4925280667680450281496,4,4925280667680450281496,4,7
large_integer,5275,4934504039717305057304,4,4934504039717305057304,4,7
large_integer,5276,4925280667680450281498,4,4925280667680450281498,4,7
large_integer,5277,4934504039717305057306,4,4934504039717305057306,4,7
large_integer,5278,4934504039717305057308,4,4934504039717305057308,4,7
large_integer,5279,4943727411754159833116,4,4943727411754159833116,4,7
large_integer,5280,3689348814741910323218,3,3689348814741910323218,3,7
large_integer,5281,4916057295643595505682,4,4916057295643595505682,4,7
large_integer,5282,4916057295643595505684,4,4916057295643595505684,4,7
large_integer,5283,4925280667680450281492,4,4925280667680450281492,4,7
large_integer,5284,4916057295643595505686,4,4916057295643595505686,4,7
large_integer,5285,4925280667680450281494,4,4925280667680450281494,4,7
large_integer,5286,4925280667680450281496,4,4925280667680450281496,4,7
large_integer,5287,4934504039717305057304,4,4934504039717305057304,4,7
large_integer,5288,4916057295643595505688,4,4916057295643595505688,4,7
large_integer,5289,4925280667680450281496,4,4925280667680450281496,4,7
large_integer,5290,4925280667680450281498,4,4925280667680450281498,4,7
large_integer,5291,4934504039717305057306,4,4934504039717305057306,4,7
large_integer,5292,4925280667680450281500,4,4925280667680450281500,4,7
large_integer,5293,4934504039717305057308,4,4934504039717305057308,4,7
large_integer,5294,4934504039717305057310,4,4934504039717305057310,4,7
large_integer,5295,4943727411754159833118,4,4943727411754159833118,4,7
large_integer,5296,3698572186778765099026,3,3698572186778765099026,3,7
large_integer,5297,4925280667680450281490,4,4925280667680450281490,4,7
large_integer,5298,4925280667680450281492,4,4925280667680450281492,4,7
large_integer,5299,4934504039717305057300,4,4934504039717305057300,4,7
large_integer,5300,4925280667680450281494,4,4925280667680450281494,4,7
large_integer,5301,4934504039717305057302,4,4934504039717305057302,4,7
large_integer,5302,4934504039717305057304,4,4934504039717305057304,4,7
large_integer,5303,4943727411754159833112,4,4943727411754159833112,4,7
large_integer,5304,4925280667680450281496,4,4925280667680450281496,4,7
large_integer,5305,4934504039717305057304,4,4934504039717305057304,4,7
large_integer,5306,4934504039717305057306,4,4934504039717305057306,4,7
large_integer,5307,4943727411754159833114,4,4943727411754159833114,4,7
large_integer,5308,4934504039717305057308,4,4934504039717305057308,4,7
large_integer,5309,4943727411754159833116,4,4943727411754159833116,4,7
large_integer,5310,4943727411754159833118,4,4943727411754159833118,4,7
large_integer,5311,4952950783791014608926,4,4952950783791014608926,4,7
large_integer,5312,3689348814741910323220,3,3689348814741910323220,3,7
large_integer,5313,4916057295643595505684,4,4916057295643595505684,4,7
large_integer,5314,4916057295643595505686,4,4916057295643595505686,4,7
large_integer,5315,4925280667680450281494,4,4925280667680450281494,4,7
large_integer,5316,4916057295643595505688,4,4916057295643595505688,4,7
large_integer,5317,4925280667680450281496,4,4925280667680450281496,4,7
large_integer,5318,4925280667680450281498,4,4925280667680450281498,4,7
large_integer,5319,4934504039717305057306,4,4934504039717305057306,4,7
large_integer,5320,4916057295643595505690,4,4916057295643595505690,4,7
large_integer,5321,4925280667680450281498,4,4925280667680450281498,4,7
large_integer,5322,4925280667680450281500,4,4925280667680450281500,4,7
large_integer,5323,4934504039717305057308,4,4934504039717305057308,4,7
large_integer,5324,4925280667680450281502,4,4925280667680450281502,4,7
large_integer,5325,4934504039717305057310,4,4934504039717305057310,4,7
large_integer,5326,4934504039717305057312,4,4934504039717305057312,4,7
large_integer,5327,4943727411754159833120,4,4943727411754159833120,4,7
large_integer,5328,3698572186778765099028,3,3698572186778765099028,3,7
large_integer,5329,4925280667680450281492,4,4925280667680450281492,4,7
large_integer,5330,4925280667680450281494,4,4925280667680450281494,4,7
large_integer,5331,4934504039717305057302,4,4934504039717305057302,4,7
large_integer,5332,4925280667680450281496,4,4925280667680450281496,4,7
large_integer,5333,4934504039717305057304,4,4934504039717305057304,4,7
large_integer,5334,4934504039717305057306,4,4934504039717305057306,4,7
large_integer,5335,4943727411754159833114,4,4943727411754159833114,4,7
large_integer,5336,4925280667680450281498,4,4925280667680450281498,4,7
large_integer,5337,4934504039717305057306,4,4934504039717305057306,4,7
large_integer,5338,4934504039717305057308,4,4934504039717305057308,4,7
large_integer,5339,4943727411754159833116,4,4943727411754159833116,4,7
large_integer,5340,4934504039717305057310,4,4934504039717305057310,4,7
large_integer,5341,4943727411754159833118,4,4943727411754159833118,4,7
large_integer,5342,4943727411754159833120,4,4943727411754159833120,4,7
large_integer,5343,4952950783791014608928,4,4952950783791014608928,4,7
large_integer,5344,3698572186778765099030,3,3698572186778765099030,3,7
large_integer,5345,4925280667680450281494,4,4925280667680450281494,4,7
large_integer,5346,4925280667680450281496,4,4925280667680450281496,4,7
large_integer,5347,4934504039717305057304,4,4934504039717305057304,4,7
large_integer,5348,4925280667680450281498,4,4925280667680450281498,4,7
large_integer,5349,4934504039717305057306,4,4934504039717305057306,4,7
large_integer,5350,4934504039717305057308,4,4934504039717305057308,4,7
large_integer,5351,4943727411754159833116,4,4943727411754159833116,4,7
large_integer,5352,4925280667680450281500,4,4925280667680450281500,4,7
large_integer,5353,4934504039717305057308,4,4934504039717305057308,4,7
large_integer,5354,4934504039717305057310,4,4934504039717305057310,4,7
large_integer,5355,4943727411754159833118,4,4943727411754159833118,4,7
large_integer,5356,4934504039717305057312,4,4934504039717305057312,4,7
large_integer,5357,4943727411754159833120,4,4943727411754159833120,4,7
large_integer,5358,4943727411754159833122,4,4943727411754159833122,4,7
large_integer,5359,4952950783791014608930,4,4952950783791014608930,4,7
large_integer,5360,3707795558815619874838,3,3707795558815619874838,3,7
large_integer,5361,4934504039717305057302,4,4934504039717305057302,4,7
large_integer,5362,4934504039717305057304,4,4934504039717305057304,4,7
large_integer,5363,4943727411754159833112,4,4943727411754159833112,4,7
large_integer,5364,4934504039717305057306,4,4934504039717305057306,4,7
large_integer,5365,4943727411754159833114,4,4943727411754159833114,4,7
large_integer,5366,4943727411754159833116,4,4943727411754159833116,4,7
large_integer,5367,4952950783791014608924,4,4952950783791014608924,4,7
large_integer,5368,4934504039717305057308,4,4934504039717305057308,4,7
large_integer,5369,4943727411754159833116,4,4943727411754159833116,4,7
large_integer,5370,4943727411754159833118,4,4943727411754159833118,4,7
large_integer,5371,4952950783791014608926,4,4952950783791014608926,4,7
large_integer,5372,4943727411754159833120,4,4943727411754159833120,4,7
large_integer,5373,4952950783791014608928,4,4952950783791014608928,4,7
large_integer,5374,4952950783791014608930,4,4952950783791014608930,4,7
large_integer,5375,4962174155827869384738,4,4962174155827869384738,4,7
large_integer,5376,2462640333840225140745,2,2490310449950789468171,2,9
large_integer,5377,3689348814741910323209,3,3717018930852474650635,3,9
large_integer,5378,3689348814741910323211,3,3717018930852474650637,3,9
large_integer,5379,3698572186778765099019,3,3726242302889329426445,3,9
large_integer,5380,3689348814741910323213,3,3717018930852474650639,3,9
large_integer,5381,3698572186778765099021,3,3726242302889329426447,3,9
large_integer,5382,3698572186778765099023,3,3726242302889329426449,3,9
large_integer,5383,3707795558815619874831,3,3735465674926184202257,3,9
large_integer,5384,3689348814741910323215,3,3717018930852474650641,3,9
large_integer,5385,3698572186778765099023,3,3726242302889329426449,3,9
large_integer,5386,3698572186778765099025,3,3726242302889329426451,3,9
large_integer,5387,3707795558815619874833,3,3735465674926184202259,3,9
large_integer,5388,3698572186778765099027,3,3726242302889329426453,3,9
large_integer,5389,3707795558815619874835,3,3735465674926184202261,3,9
large_integer,5390,3707795558815619874837,3,3735465674926184202263,3,9
large_integer,5391,3717018930852474650645,3,3744689046963038978071,3,9
large_integer,5392,2527203938098208571404,2,2527203938098208571404,2,11
large_integer,5393,2564097426245627674636,2,2564097426245627674636,2,13
large_integer,5394,3753912418999893753870,3,3753912418999893753870,3,11
large_integer,5395,3763135791036748529678,3,3790805907147312857102,3,13
large_integer,5396,3753912418999893753872,3,3753912418999893753872,3,11
large_integer,5397,3763135791036748529680,3,3790805907147312857104,3,13
large_integer,5398,3763135791036748529682,3,3763135791036748529682,3,11
large_integer,5399,3772359163073603305490,3,3800029279184167632914,3,13
large_integer,5400,3753912418999893753874,3,3753912418999893753874,3,11
large_integer,5401,3763135791036748529682,3,3790805907147312857106,3,13
large_integer,5402,3763135791036748529684,3,3763135791036748529684,3,11
large_integer,5403,3772359163073603305492,3,3800029279184167632916,3,13
large_integer,5404,3763135791036748529686,3,3763135791036748529686,3,11
large_integer,5405,3772359163073603305494,3,3800029279184167632918,3,13
large_integer,5406,3772359163073603305496,3,3772359163073603305496,3,11
large_integer,5407,3781582535110458081304,3,3809252651221022408728,3,13
large_integer,5408,3689348814741910323212,3,3717018930852474650638,3,9
large_integer,5409,4916057295643595505676,4,4943727411754159833102,4,9
large_integer,5410,4916057295643595505678,4,4943727411754159833104,4,9
large_integer,5411,4925280667680450281486,4,4952950783791014608912,4,9
large_integer,5412,4916057295643595505680,4,4943727411754159833106,4,9
large_integer,5413,4925280667680450281488,4,4952950783791014608914,4,9
large_integer,5414,4925280667680450281490,4,4952950783791014608916,4,9
large_integer,5415,4934504039717305057298,4,4962174155827869384724,4,9
large_integer,5416,4916057295643595505682,4,4943727411754159833108,4,9
large_integer,5417,4925280667680450281490,4,4952950783791014608916,4,9
large_integer,5418,4925280667680450281492,4,4952950783791014608918,4,9
large_integer,5419,4934504039717305057300,4,4962174155827869384726,4,9
large_integer,5420,4925280667680450281494,4,4952950783791014608920,4,9
large_integer,5421,4934504039717305057302,4,4962174155827869384728,4,9
large_integer,5422,4934504039717305057304,4,4962174155827869384730,4,9
large_integer,5423,4943727411754159833112,4,4971397527864724160538,4,9
large_integer,5424,3698572186778765099020,3,3753912418999893753871,3,11
large_integer,5425,3790805907147312857103,3,3790805907147312857103,3,13
large_integer,5426,4925280667680450281486,4,4980620899901578936337,4,11
large_integer,5427,4934504039717305057294,4,5017514388048998039569,4,13
large_integer,5428,4925280667680450281488,4,4980620899901578936339,4,11
large_integer,5429,4934504039717305057296,4,5017514388048998039571,4,13
large_integer,5430,4934504039717305057298,4,4989844271938433712149,4,11
large_integer,5431,4943727411754159833106,4,5026737760085852815381,4,13
large_integer,5432,4925280667680450281490,4,4980620899901578936341,4,11
large_integer,5433,4934504039717305057298,4,5017514388048998039573,4,13
large_integer,5434,4934504039717305057300,4,4989844271938433712151,4,11
large_integer,5435,4943727411754159833108,4,5026737760085852815383,4,13
large_integer,5436,4934504039717305057302,4,4989844271938433712153,4,11
large_integer,5437,4943727411754159833110,4,5026737760085852815385,4,13
large_integer,5438,4943727411754159833112,4,4999067643975288487963,4,11
large_integer,5439,4952950783791014608920,4,5035961132122707591195,4,13
large_integer,5440,3689348814741910323214,3,3717018930852474650640,3,9
large_integer,5441,4916057295643595505678,4,4943727411754159833104,4,9
large_integer,5442,4916057295643595505680,4,4943727411754159833106,4,9
large_integer,5443,4925280667680450281488,4,4952950783791014608914,4,9
large_integer,5444,4916057295643595505682,4,4943727411754159833108,4,9
large_integer,5445,4925280667680450281490,4,4952950783791014608916,4,9
large_integer,5446,4925280667680450281492,4,4952950783791014608918,4,9
large_integer,5447,4934504039717305057300,4,4962174155827869384726,4,9
large_integer,5448,4916057295643595505684,4,4943727411754159833110,4,9
large_integer,5449,4925280667680450281492,4,4952950783791014608918,4,9
large_integer,5450,4925280667680450281494,4,4952950783791014608920,4,9
large_integer,5451,4934504039717305057302,4,4962174155827869384728,4,9
large_integer,5452,4925280667680450281496,4,4952950783791014608922,4,9
large_integer,5453,4934504039717305057304,4,4962174155827869384730,4,9
large_integer,5454,4934504039717305057306,4,4962174155827869384732,4,9
large_integer,5455,4943727411754159833114,4,4971397527864724160540,4,9
large_integer,5456,3698572186778765099022,3,3753912418999893753873,3,11
large_integer,5457,3790805907147312857105,3,3790805907147312857105,3,13
large_integer,5458,4925280667680450281488,4,4980620899901578936339,4,11
large_integer,5459,4934504039717305057296,4,5017514388048998039571,4,13
large_integer,5460,4925280667680450281490,4,4980620899901578936341,4,11
large_integer,5461,4934504039717305057298,4,5017514388048998039573,4,13
large_integer,5462,4934504039717305057300,4,4989844271938433712151,4,11
large_integer,5463,4943727411754159833108,4,5026737760085852815383,4,13
large_integer,5464,4925280667680450281492,4,4980620899901578936343,4,11
large_integer,5465,4934504039717305057300,4,5017514388048998039575,4,13
large_integer,5466,4934504039717305057302,4,4989844271938433712153,4,11
large_integer,5467,4943727411754159833110,4,5026737760085852815385,4,13
large_integer,5468,4934504039717305057304,4,4989844271938433712155,4,11
large_integer,5469,4943727411754159833112,4,5026737760085852815387,4,13
large_integer,5470,4943727411754159833114,4,4999067643975288487965,4,11
large_integer,5471,4952950783791014608922,4,5035961132122707591197,4,13
large_integer,5472,3698572186778765099024,3,3726242302889329426450,3,9
large_integer,5473,4925280667680450281488,4,4952950783791014608914,4,9
large_integer,5474,4925280667680450281490,4,4952950783791014608916,4,9
large_integer,5475,4934504039717305057298,4,4962174155827869384724,4,9
large_integer,5476,4925280667680450281492,4,4952950783791014608918,4,9
large_integer,5477,4934504039717305057300,4,4962174155827869384726,4,9
large_integer,5478,4934504039717305057302,4,4962174155827869384728,4,9
large_integer,5479,4943727411754159833110,4,4971397527864724160536,4,9
large_integer,5480,4925280667680450281494,4,4952950783791014608920,4,9
large_integer,5481,4934504039717305057302,4,4962174155827869384728,4,9
large_integer,5482,4934504039717305057304,4,4962174155827869384730,4,9
large_integer,5483,4943727411754159833112,4,4971397527864724160538,4,9
large_integer,5484,4934504039717305057306,4,4962174155827869384732,4,9
large_integer,5485,4943727411754159833114,4,4971397527864724160540,4,9
large_integer,5486,4943727411754159833116,4,4971397527864724160542,4,9
large_integer,5487,4952950783791014608924,4,4980620899901578936350,4,9
large_integer,5488,3707795558815619874832,3,3763135791036748529683,3,11
large_integer,5489,3800029279184167632915,3,3800029279184167632915,3,13
large_integer,5490,4934504039717305057298,4,4989844271938433712149,4,11
large_integer,5491,4943727411754159833106,4,5026737760085852815381,4,13
large_integer,5492,4934504039717305057300,4,4989844271938433712151,4,11
large_integer,5493,4943727411754159833108,4,5026737760085852815383,4,13
large_integer,5494,4943727411754159833110,4,4999067643975288487961,4,11
large_integer,5495,4952950783791014608918,4,5035961132122707591193,4,13
large_integer,5496,4934504039717305057302,4,4989844271938433712153,4,11
large_integer,5497,4943727411754159833110,4,5026737760085852815385,4,13
large_integer,5498,4943727411754159833112,4,4999067643975288487963,4,11
large_integer,5499,4952950783791014608920,4,5035961132122707591195,4,13
large_integer,5500,4943727411754159833114,4,4999067643975288487965,4,11
large_integer,5501,4952950783791014608922,4,5035961132122707591197,4,13
large_integer,5502,4952950783791014608924,4,5008291016012143263775,4,11
large_integer,5503,4962174155827869384732,4,5045184504159562367007,4,13
large_integer,5504,3689348814741910323216,3,3717018930852474650642,3,9
large_integer,5505,4916057295643595505680,4,4943727411754159833106,4,9
large_integer,5506,4916057295643595505682,4,4943727411754159833108,4,9
large_integer,5507,4925280667680450281490,4,4952950783791014608916,4,9
large_integer,5508,4916057295643595505684,4,4943727411754159833110,4,9
large_integer,5509,4925280667680450281492,4,4952950783791014608918,4,9
large_integer,5510,4925280667680450281494,4,4952950783791014608920,4,9
large_integer,5511,4934504039717305057302,4,4962174155827869384728,4,9
large_integer,5512,4916057295643595505686,4,4943727411754159833112,4,9
large_integer,5513,4925280667680450281494,4,4952950783791014608920,4,9
large_integer,5514,4925280667680450281496,4,4952950783791014608922,4,9
large_integer,5515,4934504039717305057304,4,4962174155827869384730,4,9
large_integer,5516,4925280667680450281498,4,4952950783791014608924,4,9
large_integer,5517,4934504039717305057306,4,4962174155827869384732,4,9
large_integer,5518,4934504039717305057308,4,4962174155827869384734,4,9
large_integer,5519,4943727411754159833116,4,4971397527864724160542,4,9
large_integer,5520,3698572186778765099024,3,3753912418999893753875,3,11
large_integer,5521,3790805907147312857107,3,3790805907147312857107,3,13
large_integer,5522,4925280667680450281490,4,4980620899901578936341,4,11
large_integer,5523,4934504039717305057298,4,5017514388048998039573,4,13
large_integer,5524,4925280667680450281492,4,4980620899901578936343,4,11
large_integer,5525,4934504039717305057300,4,5017514388048998039575,4,13
large_integer,5526,4934504039717305057302,4,4989844271938433712153,4,11
large_integer,5527,4943727411754159833110,4,5026737760085852815385,4,13
large_integer,5528,4925280667680450281494,4,4980620899901578936345,4,11
large_integer,5529,4934504039717305057302,4,5017514388048998039577,4,13
large_integer,5530,4934504039717305057304,4,4989844271938433712155,4,11
large_integer,5531,4943727411754159833112,4,5026737760085852815387,4,13
large_integer,5532,4934504039717305057306,4,4989844271938433712157,4,11
large_integer,5533,4943727411754159833114,4,5026737760085852815389,4,13
large_integer,5534,4943727411754159833116,4,4999067643975288487967,4,11
large_integer,5535,4952950783791014608924,4,5035961132122707591199,4,13
large_integer,5536,3698572186778765099026,3,3726242302889329426452,3,9
large_integer,5537,4925280667680450281490,4,4952950783791014608916,4,9
large_integer,5538,4925280667680450281492,4,4952950783791014608918,4,9
large_integer,5539,4934504039717305057300,4,4962174155827869384726,4,9
large_integer,5540,4925280667680450281494,4,4952950783791014608920,4,9
large_integer,5541,4934504039717305057302,4,4962174155827869384728,4,9
large_integer,5542,4934504039717305057304,4,4962174155827869384730,4,9
large_integer,5543,4943727411754159833112,4,4971397527864724160538,4,9
large_integer,5544,4925280667680450281496,4,4952950783791014608922,4,9
large_integer,5545,4934504039717305057304,4,4962174155827869384730,4,9
large_integer,5546,4934504039717305057306,4,4962174155827869384732,4,9
large_integer,5547,4943727411754159833114,4,4971397527864724160540,4,9
large_integer,5548,4934504039717305057308,4,4962174155827869384734,4,9
large_integer,5549,4943727411754159833116,4,4971397527864724160542,4,9
large_integer,5550,4943727411754159833118,4,4971397527864724160544,4,9
large_integer,5551,4952950783791014608926,4,4980620899901578936352,4,9
large_integer,5552,3707795558815619874834,3,3763135791036748529685,3,11
large_integer,5553,3800029279184167632917,3,3800029279184167632917,3,13
large_integer,5554,4934504039717305057300,4,4989844271938433712151,4,11
large_integer,5555,4943727411754159833108,4,5026737760085852815383,4,13
large_integer,5556,4934504039717305057302,4,4989844271938433712153,4,11
large_integer,5557,4943727411754159833110,4,5026737760085852815385,4,13
large_integer,5558,4943727411754159833112,4,4999067643975288487963,4,11
large_integer,5559,4952950783791014608920,4,5035961132122707591195,4,13
large_integer,5560,4934504039717305057304,4,4989844271938433712155,4,11
large_integer,5561,4943727411754159833112,4,5026737760085852815387,4,13
large_integer,5562,4943727411754159833114,4,4999067643975288487965,4,11
large_integer,5563,4952950783791014608922,4,5035961132122707591197,4,13
large_integer,5564,4943727411754159833116,4,4999067643975288487967,4,11
large_integer,5565,4952950783791014608924,4,5035961132122707591199,4,13
large_integer,5566,4952950783791014608926,4,5008291016012143263777,4,11
large_integer,5567,4962174155827869384734,4,5045184504159562367009,4,13
large_integer,5568,3698572186778765099028,3,3726242302889329426454,3,9
large_integer,5569,4925280667680450281492,4,4952950783791014608918,4,9
large_integer,5570,4925280667680450281494,4,4952950783791014608920,4,9
large_integer,5571,4934504039717305057302,4,4962174155827869384728,4,9
large_integer,5572,4925280667680450281496,4,4952950783791014608922,4,9
large_integer,5573,4934504039717305057304,4,4962174155827869384730,4,9
large_integer,5574,4934504039717305057306,4,4962174155827869384732,4,9
large_integer,5575,4943727411754159833114,4,4971397527864724160540,4,9
large_integer,5576,4925280667680450281498,4,4952950783791014608924,4,9
large_integer,5577,4934504039717305057306,4,4962174155827869384732,4,9
large_integer,5578,4934504039717305057308,4,4962174155827869384734,4,9
large_integer,5579,4943727411754159833116,4,4971397527864724160542,4,9
large_integer,5580,4934504039717305057310,4,4962174155827869384736,4,9
large_integer,5581,4943727411754159833118,4,4971397527864724160544,4,9
large_integer,5582,4943727411754159833120,4,4971397527864724160546,4,9
large_integer,5583,4952950783791014608928,4,4980620899901578936354,4,9
large_integer,5584,3707795558815619874836,3,3763135791036748529687,3,11
large_integer,5585,3800029279184167632919,3,3800029279184167632919,3,13
large_integer,5586,4934504039717305057302,4,4989844271938433712153,4,11
large_integer,5587,4943727411754159833110,4,5026737760085852815385,4,13
large_integer,5588,4934504039717305057304,4,4989844271938433712155,4,11
large_integer,5589,4943727411754159833112,4,5026737760085852815387,4,13
large_integer,5590,4943727411754159833114,4,4999067643975288487965,4,11
large_integer,5591,4952950783791014608922,4,5035961132122707591197,4,13
large_integer,5592,4934504039717305057306,4,4989844271938433712157,4,11
large_integer,5593,4943727411754159833114,4,5026737760085852815389,4,13
large_integer,5594,4943727411754159833116,4,4999067643975288487967,4,11
large_integer,5595,4952950783791014608924,4,5035961132122707591199,4,13
large_integer,5596,4943727411754159833118,4,4999067643975288487969,4,11
large_integer,5597,4952950783791014608926,4,5035961132122707591201,4,13
large_integer,5598,4952950783791014608928,4,5008291016012143263779,4,11
large_integer,5599,4962174155827869384736,4,5045184504159562367011,4,13
large_integer,5600,3707795558815619874838,3,3735465674926184202264,3,9
large_integer,5601,4934504039717305057302,4,4962174155827869384728,4,9
large_integer,5602,4934504039717305057304,4,4962174155827869384730,4,9
large_integer,5603,4943727411754159833112,4,4971397527864724160538,4,9
large_integer,5604,4934504039717305057306,4,4962174155827869384732,4,9
large_integer,5605,4943727411754159833114,4,4971397527864724160540,4,9
large_integer,5606,4943727411754159833116,4,4971397527864724160542,4,9
large_integer,5607,4952950783791014608924,4,4980620899901578936350,4,9
large_integer,5608,4934504039717305057308,4,4962174155827869384734,4,9
large_integer,5609,4943727411754159833116,4,4971397527864724160542,4,9
large_integer,5610,4943727411754159833118,4,4971397527864724160544,4,9
large_integer,5611,4952950783791014608926,4,4980620899901578936352,4,9
large_integer,5612,4943727411754159833120,4,4971397527864724160546,4,9
large_integer,5613,4952950783791014608928,4,4980620899901578936354,4,9
large_integer,5614,4952950783791014608930,4,4980620899901578936356,4,9
large_integer,5615,4962174155827869384738,4,4989844271938433712164,4,9
large_integer,5616,3717018930852474650646,3,3772359163073603305497,3,11
large_integer,5617,3809252651221022408729,3,3809252651221022408729,3,13
large_integer,5618,4943727411754159833112,4,4999067643975288487963,4,11
large_integer,5619,4952950783791014608920,4,5035961132122707591195,4,13
large_integer,5620,4943727411754159833114,4,4999067643975288487965,4,11
large_integer,5621,4952950783791014608922,4,5035961132122707591197,4,13
large_integer,5622,4952950783791014608924,4,5008291016012143263775,4,11
large_integer,5623,4962174155827869384732,4,5045184504159562367007,4,13
large_integer,5624,4943727411754159833116,4,4999067643975288487967,4,11
large_integer,5625,4952950783791014608924,4,5035961132122707591199,4,13
large_integer,5626,4952950783791014608926,4,5008291016012143263777,4,11
large_integer,5627,4962174155827869384734,4,5045184504159562367009,4,13
large_integer,5628,4952950783791014608928,4,5008291016012143263779,4,11
large_integer,5629,4962174155827869384736,4,5045184504159562367011,4,13
large_integer,5630,4962174155827869384738,4,5017514388048998039589,4,11
large_integer,5631,4971397527864724160546,4,5054407876196417142821,4,13
large_integer,5632,2462640333840225140747,2,2462640333840225140747,2,7
large_integer,5633,3689348814741910323211,3,3689348814741910323211,3,7
large_integer,5634,3689348814741910323213,3,3689348814741910323213,3,7
large_integer,5635,3698572186778765099021,3,3698572186778765099021,3,7
large_integer,5636,3689348814741910323215,3,3689348814741910323215,3,7
large_integer,5637,3698572186778765099023,3,3698572186778765099023,3,7
large_integer,5638,3698572186778765099025,3,3698572186778765099025,3,7
large_integer,5639,3707795558815619874833,3,3707795558815619874833,3,7
large_integer,5640,3689348814741910323217,3,3689348814741910323217,3,7
large_integer,5641,3698572186778765099025,3,3698572186778765099025,3,7
large_integer,5642,3698572186778765099027,3,3698572186778765099027,3,7
large_integer,5643,3707795558815619874835,3,3707795558815619874835,3,7
large_integer,5644,3698572186778765099029,3,3698572186778765099029,3,7
large_integer,5645,3707795558815619874837,3,3707795558815619874837,3,7
large_integer,5646,3707795558815619874839,3,3707795558815619874839,3,7
large_integer,5647,3717018930852474650647,3,3717018930852474650647,3,7
large_integer,5648,3689348814741910323212,3,3689348814741910323212,3,7
large_integer,5649,4916057295643595505676,4,4916057295643595505676,4,7
large_integer,5650,4916057295643595505678,4,4916057295643595505678,4,7
large_integer,5651,4925280667680450281486,4,4925280667680450281486,4,7
large_integer,5652,4916057295643595505680,4,4916057295643595505680,4,7
large_integer,5653,4925280667680450281488,4,4925280667680450281488,4,7
large_integer,5654,4925280667680450281490,4,4925280667680450281490,4,7
large_integer,5655,4934504039717305057298,4,4934504039717305057298,4,7
large_integer,5656,4916057295643595505682,4,4916057295643595505682,4,7
large_integer,5657,4925280667680450281490,4,4925280667680450281490,4,7
large_integer,5658,4925280667680450281492,4,4925280667680450281492,4,7
large_integer,5659,4934504039717305057300,4,4934504039717305057300,4,7
large_integer,5660,4925280667680450281494,4,4925280667680450281494,4,7
large_integer,5661,4934504039717305057302,4,4934504039717305057302,4,7
large_integer,5662,4934504039717305057304,4,4934504039717305057304,4,7
large_integer,5663,4943727411754159833112,4,4943727411754159833112,4,7
large_integer,5664,3689348814741910323214,3,3689348814741910323214,3,7
large_integer,5665,4916057295643595505678,4,4916057295643595505678,4,7
large_integer,5666,4916057295643595505680,4,4916057295643595505680,4,7
large_integer,5667,4925280667680450281488,4,4925280667680450281488,4,7
large_integer,5668,4916057295643595505682,4,4916057295643595505682,4,7
large_integer,5669,4925280667680450281490,4,4925280667680450281490,4,7
large_integer,5670,4925280667680450281492,4,4925280667680450281492,4,7
large_integer,5671,4934504039717305057300,4,4934504039717305057300,4,7
large_integer,5672,4916057295643595505684,4,4916057295643595505684,4,7
large_integer,5673,4925280667680450281492,4,4925280667680450281492,4,7
large_integer,5674,4925280667680450281494,4,4925280667680450281494,4,7
large_integer,5675,4934504039717305057302,4,4934504039717305057302,4,7
large_integer,5676,4925280667680450281496,4,4925280667680450281496,4,7
large_integer,5677,4934504039717305057304,4,4934504039717305057304,4,7
large_integer,5678,4934504039717305057306,4,4934504039717305057306,4,7
large_integer,5679,4943727411754159833114,4,4943727411754159833114,4,7
large_integer,5680,3698572186778765099022,3,3698572186778765099022,3,7
large_integer,5681,4925280667680450281486,4,4925280667680450281486,4,7
large_integer,5682,4925280667680450281488,4,4925280667680450281488,4,7
large_integer,5683,4934504039717305057296,4,4934504039717305057296,4,7
large_integer,5684,4925280667680450281490,4,4925280667680450281490,4,7
large_integer,5685,4934504039717305057298,4,4934504039717305057298,4,7
large_integer,5686,4934504039717305057300,4,4934504039717305057300,4,7
large_integer,5687,4943727411754159833108,4,4943727411754159833108,4,7
large_integer,5688,4925280667680450281492,4,4925280667680450281492,4,7
large_integer,5689,4934504039717305057300,4,4934504039717305057300,4,7
large_integer,5690,4934504039717305057302,4,4934504039717305057302,4,7
large_integer,5691,4943727411754159833110,4,4943727411754159833110,4,7
large_integer,5692,4934504039717305057304,4,4934504039717305057304,4,7
large_integer,5693,4943727411754159833112,4,4943727411754159833112,4,7
large_integer,5694,4943727411754159833114,4,4943727411754159833114,4,7
large_integer,5695,4952950783791014608922,4,4952950783791014608922,4,7
large_integer,5696,3689348814741910323216,3,3689348814741910323216,3,7
large_integer,5697,4916057295643595505680,4,4916057295643595505680,4,7
large_integer,5698,4916057295643595505682,4,4916057295643595505682,4,7
large_integer,5699,4925280667680450281490,4,4925280667680450281490,4,7
large_integer,5700,4916057295643595505684,4,4916057295643595505684,4,7
large_integer,5701,4925280667680450281492,4,4925280667680450281492,4,7
large_integer,5702,4925280667680450281494,4,4925280667680450281494,4,7
large_integer,5703,4934504039717305057302,4,4934504039717305057302,4,7
large_integer,5704,4916057295643595505686,4,4916057295643595505686,4,7
large_integer,5705,4925280667680450281494,4,4925280667680450281494,4,7
large_integer,5706,4925280667680450281496,4,4925280667680450281496,4,7
large_integer,5707,4934504039717305057304,4,4934504039717305057304,4,7
large_integer,5708,4925280667680450281498,4,4925280667680450281498,4,7
large_integer,5709,4934504039717305057306,4,4934504039717305057306,4,7
large_integer,5710,4934504039717305057308,4,4934504039717305057308,4,7
large_integer,5711,4943727411754159833116,4,4943727411754159833116,4,7
large_integer,5712,3698572186778765099024,3,3698572186778765099024,3,7
large_integer,5713,4925280667680450281488,4,4925280667680450281488,4,7
large_integer,5714,4925280667680450281490,4,4925280667680450281490,4,7
large_integer,5715,4934504039717305057298,4,4934504039717305057298,4,7
large_integer,5716,4925280667680450281492,4,4925280667680450281492,4,7
large_integer,5717,4934504039717305057300,4,4934504039717305057300,4,7
large_integer,5718,4934504039717305057302,4,4934504039717305057302,4,7
large_integer,5719,4943727411754159833110,4,4943727411754159833110,4,7
large_integer,5720,4925280667680450281494,4,4925280667680450281494,4,7
large_integer,5721,4934504039717305057302,4,4934504039717305057302,4,7
large_integer,5722,4934504039717305057304,4,4934504039717305057304,4,7
large_integer,5723,4943727411754159833112,4,4943727411754159833112,4,7
large_integer,5724,4934504039717305057306,4,4934504039717305057306,4,7
large_integer,5725,4943727411754159833114,4,4943727411754159833114,4,7
large_integer,5726,4943727411754159833116,4,4943727411754159833116,4,7
large_integer,5727,4952950783791014608924,4,4952950783791014608924,4,7
large_integer,5728,3698572186778765099026,3,3698572186778765099026,3,7
large_integer,5729,4925280667680450281490,4,4925280667680450281490,4,7
large_integer,5730,4925280667680450281492,4,4925280667680450281492,4,7
large_integer,5731,4934504039717305057300,4,4934504039717305057300,4,7
large_integer,5732,4925280667680450281494,4,4925280667680450281494,4,7
large_integer,5733,4934504039717305057302,4,4934504039717305057302,4,7
large_integer,5734,4934504039717305057304,4,4934504039717305057304,4,7
large_integer,5735,4943727411754159833112,4,4943727411754159833112,4,7
large_integer,5736,4925280667680450281496,4,4925280667680450281496,4,7
large_integer,5737,4934504039717305057304,4,4934504039717305057304,4,7
large_integer,5738,4934504039717305057306,4,4934504039717305057306,4,7
large_integer,5739,4943727411754159833114,4,4943727411754159833114,4,7
large_integer,5740,4934504039717305057308,4,4934504039717305057308,4,7
large_integer,5741,4943727411754159833116,4,4943727411754159833116,4,7
large_integer,5742,4943727411754159833118,4,4943727411754159833118,4,7
large_integer,5743,4952950783791014608926,4,4952950783791014608926,4,7
large_integer,5744,3707795558815619874834,3,3707795558815619874834,3,7
large_integer,5745,4934504039717305057298,4,4934504039717305057298,4,7
large_integer,5746,4934504039717305057300,4,4934504039717305057300,4,7
large_integer,5747,4943727411754159833108,4,4943727411754159833108,4,7
large_integer,5748,4934504039717305057302,4,4934504039717305057302,4,7
large_integer,5749,4943727411754159833110,4,4943727411754159833110,4,7
large_integer,5750,4943727411754159833112,4,4943727411754159833112,4,7
large_integer,5751,4952950783791014608920,4,4952950783791014608920,4,7
large_integer,5752,4934504039717305057304,4,4934504039717305057304,4,7
large_integer,5753,4943727411754159833112,4,4943727411754159833112,4,7
large_integer,5754,4943727411754159833114,4,4943727411754159833114,4,7
large_integer,5755,4952950783791014608922,4,4952950783791014608922,4,7
large_integer,5756,4943727411754159833116,4,4943727411754159833116,4,7
large_integer,5757,4952950783791014608924,4,4952950783791014608924,4,7
large_integer,5758,4952950783791014608926,4,4952950783791014608926,4,7
large_integer,5759,4962174155827869384734,4,4962174155827869384734,4,7
large_integer,5760,3689348814741910323218,3,3689348814741910323218,3,7
large_integer,5761,4916057295643595505682,4,4916057295643595505682,4,7
large_integer,5762,4916057295643595505684,4,4916057295643595505684,4,7
large_integer,5763,4925280667680450281492,4,4925280667680450281492,4,7
large_integer,5764,4916057295643595505686,4,4916057295643595505686,4,7
large_integer,5765,4925280667680450281494,4,4925280667680450281494,4,7
large_integer,5766,4925280667680450281496,4,4925280667680450281496,4,7
large_integer,5767,4934504039717305057304,4,4934504039717305057304,4,7
large_integer,5768,4916057295643595505688,4,4916057295643595505688,4,7
large_integer,5769,4925280667680450281496,4,4925280667680450281496,4,7
large_integer,5770,4925280667680450281498,4,4925280667680450281498,4,7
large_integer,5771,4934504039717305057306,4,4934504039717305057306,4,7
large_integer,5772,4925280667680450281500,4,4925280667680450281500,4,7
large_integer,5773,4934504039717305057308,4,4934504039717305057308,4,7
large_integer,5774,4934504039717305057310,4,4934504039717305057310,4,7
large_integer,5775,4943727411754159833118,4,4943727411754159833118,4,7
large_integer,5776,3698572186778765099026,3,3698572186778765099026,3,7
large_integer,5777,4925280667680450281490,4,4925280667680450281490,4,7
large_integer,5778,4925280667680450281492,4,4925280667680450281492,4,7
large_integer,5779,4934504039717305057300,4,4934504039717305057300,4,7
large_integer,5780,4925280667680450281494,4,4925280667680450281494,4,7
large_integer,5781,4934504039717305057302,4,4934504039717305057302,4,7
large_integer,5782,4934504039717305057304,4,4934504039717305057304,4,7
large_integer,5783,4943727411754159833112,4,4943727411754159833112,4,7
large_integer,5784,4925280667680450281496,4,4925280667680450281496,4,7
large_integer,5785,4934504039717305057304,4,4934504039717305057304,4,7
large_integer,5786,4934504039717305057306,4,4934504039717305057306,4,7
large_integer,5787,4943727411754159833114,4,4943727411754159833114,4,7
large_integer,5788,4934504039717305057308,4,4934504039717305057308,4,7
large_integer,5789,4943727411754159833116,4,4943727411754159833116,4,7
large_integer,5790,4943727411754159833118,4,4943727411754159833118,4,7
large_integer,5791,4952950783791014608926,4,4952950783791014608926,4,7
large_integer,5792,3698572186778765099028,3,3698572186778765099028,3,7
large_integer,5793,4925280667680450281492,4,4925280667680450281492,4,7
large_integer,5794,4925280667680450281494,4,4925280667680450281494,4,7
large_integer,5795,4934504039717305057302,4,4934504039717305057302,4,7
large_integer,5796,4925280667680450281496,4,4925280667680450281496,4,7
large_integer,5797,4934504039717305057304,4,4934504039717305057304,4,7
large_integer,5798,4934504039717305057306,4,4934504039717305057306,4,7
large_integer,5799,4943727411754159833114,4,4943727411754159833114,4,7
large_integer,5800,4925280667680450281498,4,4925280667680450281498,4,7
large_integer,5801,4934504039717305057306,4,4934504039717305057306,4,7
large_integer,5802,4934504039717305057308,4,4934504039717305057308,4,7
large_integer,5803,4943727411754159833116,4,4943727411754159833116,4,7
large_integer,5804,4934504039717305057310,4,4934504039717305057310,4,7
large_integer,5805,4943727411754159833118,4,4943727411754159833118,4,7
large_integer,5806,4943727411754159833120,4,4943727411754159833120,4,7
large_integer,5807,4952950783791014608928,4,4952950783791014608928,4,7
large_integer,5808,3707795558815619874836,3,3707795558815619874836,3,7
large_integer,5809,4934504039717305057300,4,4934504039717305057300,4,7
large_integer,5810,4934504039717305057302,4,4934504039717305057302,4,7
large_integer,5811,4943727411754159833110,4,4943727411754159833110,4,7
large_integer,5812,4934504039717305057304,4,4934504039717305057304,4,7
large_integer,5813,4943727411754159833112,4,4943727411754159833112,4,7
large_integer,5814,4943727411754159833114,4,4943727411754159833114,4,7
large_integer,5815,4952950783791014608922,4,4952950783791014608922,4,7
large_integer,5816,4934504039717305057306,4,4934504039717305057306,4,7
large_integer,5817,4943727411754159833114,4,4943727411754159833114,4,7
large_integer,5818,4943727411754159833116,4,4943727411754159833116,4,7
large_integer,5819,4952950783791014608924,4,4952950783791014608924,4,7
large_integer,5820,4943727411754159833118,4,4943727411754159833118,4,7
large_integer,5821,4952950783791014608926,4,4952950783791014608926,4,7
large_integer,5822,4952950783791014608928,4,4952950783791014608928,4,7
large_integer,5823,4962174155827869384736,4,4962174155827869384736,4,7
large_integer,5824,3698572186778765099030,3,3698572186778765099030,3,7
large_integer,5825,4925280667680450281494,4,4925280667680450281494,4,7
large_integer,5826,4925280667680450281496,4,4925280667680450281496,4,7
large_integer,5827,4934504039717305057304,4,4934504039717305057304,4,7
large_integer,5828,4925280667680450281498,4,4925280667680450281498,4,7
large_integer,5829,4934504039717305057306,4,4934504039717305057306,4,7
large_integer,5830,4934504039717305057308,4,4934504039717305057308,4,7
large_integer,5831,4943727411754159833116,4,4943727411754159833116,4,7
large_integer,5832,4925280667680450281500,4,4925280667680450281500,4,7
large_integer,5833,4934504039717305057308,4,4934504039717305057308,4,7
large_integer,5834,4934504039717305057310,4,4934504039717305057310,4,7
large_integer,5835,4943727411754159833118,4,4943727411754159833118,4,7
large_integer,5836,4934504039717305057312,4,4934504039717305057312,4,7
large_integer,5837,4943727411754159833120,4,4943727411754159833120,4,7
large_integer,5838,4943727411754159833122,4,4943727411754159833122,4,7
large_integer,5839,4952950783791014608930,4,4952950783791014608930,4,7
large_integer,5840,3707795558815619874838,3,3707795558815619874838,3,7
large_integer,5841,4934504039717305057302,4,4934504039717305057302,4,7
large_integer,5842,4934504039717305057304,4,4934504039717305057304,4,7
large_integer,5843,4943727411754159833112,4,4943727411754159833112,4,7
large_integer,5844,4934504039717305057306,4,4934504039717305057306,4,7
large_integer,5845,4943727411754159833114,4,4943727411754159833114,4,7
large_integer,5846,4943727411754159833116,4,4943727411754159833116,4,7
large_integer,5847,4952950783791014608924,4,4952950783791014608924,4,7
large_integer,5848,4934504039717305057308,4,4934504039717305057308,4,7
large_integer,5849,4943727411754159833116,4,4943727411754159833116,4,7
large_integer,5850,4943727411754159833118,4,4943727411754159833118,4,7
large_integer,5851,4952950783791014608926,4,4952950783791014608926,4,7
large_integer,5852,4943727411754159833120,4,4943727411754159833120,4,7
large_integer,5853,4952950783791014608928,4,4952950783791014608928,4,7
large_integer,5854,4952950783791014608930,4,4952950783791014608930,4,7
large_integer,5855,4962174155827869384738,4,4962174155827869384738,4,7
large_integer,5856,3707795558815619874840,3,3707795558815619874840,3,7
large_integer,5857,4934504039717305057304,4,4934504039717305057304,4,7
large_integer,5858,4934504039717305057306,4,4934504039717305057306,4,7
large_integer,5859,4943727411754159833114,4,4943727411754159833114,4,7
large_integer,5860,4934504039717305057308,4,4934504039717305057308,4,7
large_integer,5861,4943727411754159833116,4,4943727411754159833116,4,7
large_integer,5862,4943727411754159833118,4,4943727411754159833118,4,7
large_integer,5863,4952950783791014608926,4,4952950783791014608926,4,7
large_integer,5864,4934504039717305057310,4,4934504039717305057310,4,7
large_integer,5865,4943727411754159833118,4,4943727411754159833118,4,7
large_integer,5866,4943727411754159833120,4,4943727411754159833120,4,7
large_integer,5867,4952950783791014608928,4,4952950783791014608928,4,7
large_integer,5868,4943727411754159833122,4,4943727411754159833122,4,7
large_integer,5869,4952950783791014608930,4,4952950783791014608930,4,7
large_integer,5870,4952950783791014608932,4,4952950783791014608932,4,7
large_integer,5871,4962174155827869384740,4,4962174155827869384740,4,7
large_integer,5872,3717018930852474650648,3,3717018930852474650648,3,7
large_integer,5873,4943727411754159833112,4,4943727411754159833112,4,7
large_integer,5874,4943727411754159833114,4,4943727411754159833114,4,7
large_integer,5875,4952950783791014608922,4,4952950783791014608922,4,7
large_integer,5876,4943727411754159833116,4,4943727411754159833116,4,7
large_integer,5877,4952950783791014608924,4,4952950783791014608924,4,7
large_integer,5878,4952950783791014608926,4,4952950783791014608926,4,7
large_integer,5879,4962174155827869384734,4,4962174155827869384734,4,7
large_integer,5880,4943727411754159833118,4,4943727411754159833118,4,7
large_integer,5881,4952950783791014608926,4,4952950783791014608926,4,7
large_integer,5882,4952950783791014608928,4,4952950783791014608928,4,7
large_integer,5883,4962174155827869384736,4,4962174155827869384736,4,7
large_integer,5884,4952950783791014608930,4,4952950783791014608930,4,7
large_integer,5885,4962174155827869384738,4,4962174155827869384738,4,7
large_integer,5886,4962174155827869384740,4,4962174155827869384740,4,7
large_integer,5887,4971397527864724160548,4,4971397527864724160548,4,7
large_integer,5888,2471863705877079916555,2,2499533821987644243981,2,9
large_integer,5889,3698572186778765099019,3,3726242302889329426445,3,9
large_integer,5890,3698572186778765099021,3,3726242302889329426447,3,9
large_integer,5891,3707795558815619874829,3,3735465674926184202255,3,9
large_integer,5892,3698572186778765099023,3,3726242302889329426449,3,9
large_integer,5893,3707795558815619874831,3,3735465674926184202257,3,9
large_integer,5894,3707795558815619874833,3,3735465674926184202259,3,9
large_integer,5895,3717018930852474650641,3,3744689046963038978067,3,9
large_integer,5896,3698572186778765099025,3,3726242302889329426451,3,9
large_integer,5897,3707795558815619874833,3,3735465674926184202259,3,9
large_integer,5898,3707795558815619874835,3,3735465674926184202261,3,9
large_integer,5899,3717018930852474650643,3,3744689046963038978069,3,9
large_integer,5900,3707795558815619874837,3,3735465674926184202263,3,9
large_integer,5901,3717018930852474650645,3,3744689046963038978071,3,9
large_integer,5902,3717018930852474650647,3,3744689046963038978073,3,9
large_integer,5903,3726242302889329426455,3,3753912418999893753881,3,9
large_integer,5904,2536427310135063347214,2,2536427310135063347214,2,11
large_integer,5905,2573320798282482450446,2,2573320798282482450446,2,13
large_integer,5906,3763135791036748529680,3,3763135791036748529680,3,11
large_integer,5907,3772359163073603305488,3,3800029279184167632912,3,13
large_integer,5908,3763135791036748529682,3,3763135791036748529682,3,11
large_integer,5909,3772359163073603305490,3,3800029279184167632914,3,13
large_integer,5910,3772359163073603305492,3,3772359163073603305492,3,11
large_integer,5911,3781582535110458081300,3,3809252651221022408724,3,13
large_integer,5912,3763135791036748529684,3,3763135791036748529684,3,11
large_integer,5913,3772359163073603305492,3,3800029279184167632916,3,13
large_integer,5914,3772359163073603305494,3,3772359163073603305494,3,11
large_integer,5915,3781582535110458081302,3,3809252651221022408726,3,13
large_integer,5916,3772359163073603305496,3,3772359163073603305496,3,11
large_integer,5917,3781582535110458081304,3,3809252651221022408728,3,13
large_integer,5918,3781582535110458081306,3,3781582535110458081306,3,11
large_integer,5919,3790805907147312857114,3,3818476023257877184538,3,13
large_integer,5920,3698572186778765099022,3,3726242302889329426448,3,9
large_integer,5921,4925280667680450281486,4,4952950783791014608912,4,9
large_integer,5922,4925280667680450281488,4,4952950783791014608914,4,9
large_integer,5923,4934504039717305057296,4,4962174155827869384722,4,9
large_integer,5924,4925280667680450281490,4,4952950783791014608916,4,9
large_integer,5925,4934504039717305057298,4,4962174155827869384724,4,9
large_integer,5926,4934504039717305057300,4,4962174155827869384726,4,9
large_integer,5927,4943727411754159833108,4,4971397527864724160534,4,9
large_integer,5928,4925280667680450281492,4,4952950783791014608918,4,9
large_integer,5929,4934504039717305057300,4,4962174155827869384726,4,9
large_integer,5930,4934504039717305057302,4,4962174155827869384728,4,9
large_integer,5931,4943727411754159833110,4,4971397527864724160536,4,9
large_integer,5932,4934504039717305057304,4,4962174155827869384730,4,9
large_integer,5933,4943727411754159833112,4,4971397527864724160538,4,9
large_integer,5934,4943727411754159833114,4,4971397527864724160540,4,9
large_integer,5935,4952950783791014608922,4,4980620899901578936348,4,9
large_integer,5936,3707795558815619874830,3,3763135791036748529681,3,11
large_integer,5937,3800029279184167632913,3,3800029279184167632913,3,13
large_integer,5938,4934504039717305057296,4,4989844271938433712147,4,11
large_integer,5939,4943727411754159833104,4,5026737760085852815379,4,13
large_integer,5940,4934504039717305057298,4,4989844271938433712149,4,11
large_integer,5941,4943727411754159833106,4,5026737760085852815381,4,13
large_integer,5942,4943727411754159833108,4,4999067643975288487959,4,11
large_integer,5943,4952950783791014608916,4,5035961132122707591191,4,13
large_integer,5944,4934504039717305057300,4,4989844271938433712151,4,11
large_integer,5945,4943727411754159833108,4,5026737760085852815383,4,13
large_integer,5946,4943727411754159833110,4,4999067643975288487961,4,11
large_integer,5947,4952950783791014608918,4,5035961132122707591193,4,13
large_integer,5948,4943727411754159833112,4,4999067643975288487963,4,11
large_integer,5949,4952950783791014608920,4,5035961132122707591195,4,13
large_integer,5950,4952950783791014608922,4,5008291016012143263773,4,11
large_integer,5951,4962174155827869384730,4,5045184504159562367005,4,13
large_integer,5952,3698572186778765099024,3,3726242302889329426450,3,9
large_integer,5953,4925280667680450281488,4,4952950783791014608914,4,9
large_integer,5954,4925280667680450281490,4,4952950783791014608916,4,9
large_integer,5955,4934504039717305057298,4,4962174155827869384724,4,9
large_integer,5956,4925280667680450281492,4,4952950783791014608918,4,9
large_integer,5957,4934504039717305057300,4,4962174155827869384726,4,9
large_integer,5958,4934504039717305057302,4,4962174155827869384728,4,9
large_integer,5959,4943727411754159833110,4,4971397527864724160536,4,9
large_integer,5960,4925280667680450281494,4,4952950783791014608920,4,9
large_integer,5961,4934504039717305057302,4,4962174155827869384728,4,9
large_integer,5962,4934504039717305057304,4,4962174155827869384730,4,9
large_integer,5963,4943727411754159833112,4,4971397527864724160538,4,9
large_integer,5964,4934504039717305057306,4,4962174155827869384732,4,9
large_integer,5965,4943727411754159833114,4,4971397527864724160540,4,9
large_integer,5966,4943727411754159833116,4,4971397527864724160542,4,9
large_integer,5967,4952950783791014608924,4,4980620899901578936350,4,9
large_integer,5968,3707795558815619874832,3,3763135791036748529683,3,11
large_integer,5969,3800029279184167632915,3,3800029279184167632915,3,13
large_integer,5970,4934504039717305057298,4,4989844271938433712149,4,11
large_integer,5971,4943727411754159833106,4,5026737760085852815381,4,13
large_integer,5972,4934504039717305057300,4,4989844271938433712151,4,11
large_integer,5973,4943727411754159833108,4,5026737760085852815383,4,13
large_integer,5974,4943727411754159833110,4,4999067643975288487961,4,11
large_integer,5975,4952950783791014608918,4,5035961132122707591193,4,13
large_integer,5976,4934504039717305057302,4,4989844271938433712153,4,11
large_integer,5977,4943727411754159833110,4,5026737760085852815385,4,13
large_integer,5978,4943727411754159833112,4,4999067643975288487963,4,11
large_integer,5979,4952950783791014608920,4,5035961132122707591195,4,13
large_integer,5980,4943727411754159833114,4,4999067643975288487965,4,11
large_integer,5981,4952950783791014608922,4,5035961132122707591197,4,13
large_integer,5982,4952950783791014608924,4,5008291016012143263775,4,11
large_integer,5983,4962174155827869384732,4,5045184504159562367007,4,13
large_integer,5984,3707795558815619874834,3,3735465674926184202260,3,9
large_integer,5985,4934504039717305057298,4,4962174155827869384724,4,9
large_integer,5986,4934504039717305057300,4,4962174155827869384726,4,9
large_integer,5987,4943727411754159833108,4,4971397527864724160534,4,9
large_integer,5988,4934504039717305057302,4,4962174155827869384728,4,9
large_integer,5989,4943727411754159833110,4,4971397527864724160536,4,9
large_integer,5990,4943727411754159833112,4,4971397527864724160538,4,9
large_integer,5991,4952950783791014608920,4,4980620899901578936346,4,9
large_integer,5992,4934504039717305057304,4,4962174155827869384730,4,9
large_integer,5993,4943727411754159833112,4,4971397527864724160538,4,9
large_integer,5994,4943727411754159833114,4,4971397527864724160540,4,9
large_integer,5995,4952950783791014608922,4,4980620899901578936348,4,9
large_integer,5996,4943727411754159833116,4,4971397527864724160542,4,9
large_integer,5997,4952950783791014608924,4,4980620899901578936350,4,9
large_integer,5998,4952950783791014608926,4,4980620899901578936352,4,9
large_integer,5999,4962174155827869384734,4,4989844271938433712160,4,9
large_integer,6000,3717018930852474650642,3,3772359163073603305493,3,11
large_integer,6001,3809252651221022408725,3,3809252651221022408725,3,13
large_integer,6002,4943727411754159833108,4,4999067643975288487959,4,11
large_integer,6003,4952950783791014608916,4,5035961132122707591191,4,13
large_integer,6004,4943727411754159833110,4,4999067643975288487961,4,11
large_integer,6005,4952950783791014608918,4,5035961132122707591193,4,13
large_integer,6006,4952950783791014608920,4,5008291016012143263771,4,11
large_integer,6007,4962174155827869384728,4,5045184504159562367003,4,13
large_integer,6008,4943727411754159833112,4,4999067643975288487963,4,11
large_integer,6009,4952950783791014608920,4,5035961132122707591195,4,13
large_integer,6010,4952950783791014608922,4,5008291016012143263773,4,11
large_integer,6011,4962174155827869384730,4,5045184504159562367005,4,13
large_integer,6012,4952950783791014608924,4,5008291016012143263775,4,11
large_integer,6013,4962174155827869384732,4,5045184504159562367007,4,13
large_integer,6014,4962174155827869384734,4,5017514388048998039585,4,11
large_integer,6015,4971397527864724160542,4,5054407876196417142817,4,13
large_integer,6016,3698572186778765099026,3,3726242302889329426452,3,9
large_integer,6017,4925280667680450281490,4,4952950783791014608916,4,9
large_integer,6018,4925280667680450281492,4,4952950783791014608918,4,9
large_integer,6019,4934504039717305057300,4,4962174155827869384726,4,9
large_integer,6020,4925280667680450281494,4,4952950783791014608920,4,9
large_integer,6021,4934504039717305057302,4,4962174155827869384728,4,9
large_integer,6022,4934504039717305057304,4,4962174155827869384730,4,9
large_integer,6023,4943727411754159833112,4,4971397527864724160538,4,9
large_integer,6024,4925280667680450281496,4,4952950783791014608922,4,9
large_integer,6025,4934504039717305057304,4,4962174155827869384730,4,9
large_integer,6026,4934504039717305057306,4,4962174155827869384732,4,9
large_integer,6027,4943727411754159833114,4,4971397527864724160540,4,9
large_integer,6028,4934504039717305057308,4,4962174155827869384734,4,9
large_integer,6029,4943727411754159833116,4,4971397527864724160542,4,9
large_integer,6030,4943727411754159833118,4,4971397527864724160544,4,9
large_integer,6031,4952950783791014608926,4,4980620899901578936352,4,9
large_integer,6032,3707795558815619874834,3,3763135791036748529685,3,11
large_integer,6033,3800029279184167632917,3,3800029279184167632917,3,13
large_integer,6034,4934504039717305057300,4,4989844271938433712151,4,11
large_integer,6035,4943727411754159833108,4,5026737760085852815383,4,13
large_integer,6036,4934504039717305057302,4,4989844271938433712153,4,11
large_integer,6037,4943727411754159833110,4,5026737760085852815385,4,13
large_integer,6038,4943727411754159833112,4,4999067643975288487963,4,11
large_integer,6039,4952950783791014608920,4,5035961132122707591195,4,13
large_integer,6040,4934504039717305057304,4,4989844271938433712155,4,11
large_integer,6041,4943727411754159833112,4,5026737760085852815387,4,13
large_integer,6042,4943727411754159833114,4,4999067643975288487965,4,11
large_integer,6043,4952950783791014608922,4,5035961132122707591197,4,13
large_integer,6044,4943727411754159833116,4,4999067643975288487967,4,11
large_integer,6045,4952950783791014608924,4,5035961132122707591199,4,13
large_integer,6046,4952950783791014608926,4,5008291016012143263777,4,11
large_integer,6047,4962174155827869384734,4,5045184504159562367009,4,13
large_integer,6048,3707795558815619874836,3,3735465674926184202262,3,9
large_integer,6049,4934504039717305057300,4,4962174155827869384726,4,9
large_integer,6050,4934504039717305057302,4,4962174155827869384728,4,9
large_integer,6051,4943727411754159833110,4,4971397527864724160536,4,9
large_integer,6052,4934504039717305057304,4,4962174155827869384730,4,9
large_integer,6053,4943727411754159833112,4,4971397527864724160538,4,9
large_integer,6054,4943727411754159833114,4,4971397527864724160540,4,9
large_integer,6055,4952950783791014608922,4,4980620899901578936348,4,9
large_integer,6056,4934504039717305057306,4,4962174155827869384732,4,9
large_integer,6057,4943727411754159833114,4,4971397527864724160540,4,9
large_integer,6058,4943727411754159833116,4,4971397527864724160542,4,9
large_integer,6059,4952950783791014608924,4,4980620899901578936350,4,9
large_integer,6060,4943727411754159833118,4,4971397527864724160544,4,9
large_integer,6061,4952950783791014608926,4,4980620899901578936352,4,9
large_integer,6062,4952950783791014608928,4,4980620899901578936354,4,9
large_integer,6063,4962174155827869384736,4,4989844271938433712162,4,9
large_integer,6064,3717018930852474650644,3,3772359163073603305495,3,11
large_integer,6065,3809252651221022408727,3,3809252651221022408727,3,13
large_integer,6066,4943727411754159833110,4,4999067643975288487961,4,11
large_integer,6067,4952950783791014608918,4,5035961132122707591193,4,13
large_integer,6068,4943727411754159833112,4,4999067643975288487963,4,11
large_integer,6069,4952950783791014608920,4,5035961132122707591195,4,13
large_integer,6070,4952950783791014608922,4,5008291016012143263773,4,11
large_integer,6071,4962174155827869384730,4,5045184504159562367005,4,13
large_integer,6072,4943727411754159833114,4,4999067643975288487965,4,11
large_integer,6073,4952950783791014608922,4,5035961132122707591197,4,13
large_integer,6074,4952950783791014608924,4,5008291016012143263775,4,11
large_integer,6075,4962174155827869384732,4,5045184504159562367007,4,13
large_integer,6076,4952950783791014608926,4,5008291016012143263777,4,11
large_integer,6077,4962174155827869384734,4,5045184504159562367009,4,13
large_integer,6078,4962174155827869384736,4,5017514388048998039587,4,11
large_integer,6079,4971397527864724160544,4,5054407876196417142819,4,13
large_integer,6080,3707795558815619874838,3,3735465674926184202264,3,9
large_integer,6081,4934504039717305057302,4,4962174155827869384728,4,9
large_integer,6082,4934504039717305057304,4,4962174155827869384730,4,9
large_integer,6083,4943727411754159833112,4,4971397527864724160538,4,9
large_integer,6084,4934504039717305057306,4,4962174155827869384732,4,9
large_integer,6085,4943727411754159833114,4,4971397527864724160540,4,9
large_integer,6086,4943727411754159833116,4,4971397527864724160542,4,9
large_integer,6087,4952950783791014608924,4,4980620899901578936350,4,9
large_integer,6088,4934504039717305057308,4,4962174155827869384734,4,9
large_integer,6089,4943727411754159833116,4,4971397527864724160542,4,9
large_integer,6090,4943727411754159833118,4,4971397527864724160544,4,9
large_integer,6091,4952950783791014608926,4,4980620899901578936352,4,9
large_integer,6092,4943727411754159833120,4,4971397527864724160546,4,9
large_integer,6093,4952950783791014608928,4,4980620899901578936354,4,9
large_integer,6094,4952950783791014608930,4,4980620899901578936356,4,9
large_integer,6095,4962174155827869384738,4,4989844271938433712164,4,9
large_integer,6096,3717018930852474650646,3,3772359163073603305497,3,11
large_integer,6097,3809252651221022408729,3,3809252651221022408729,3,13
large_integer,6098,4943727411754159833112,4,4999067643975288487963,4,11
large_integer,6099,4952950783791014608920,4,5035961132122707591195,4,13
large_integer,6100,4943727411754159833114,4,4999067643975288487965,4,11
large_integer,6101,4952950783791014608922,4,5035961132122707591197,4,13
large_integer,6102,4952950783791014608924,4,5008291016012143263775,4,11
large_integer,6103,4962174155827869384732,4,5045184504159562367007,4,13
large_integer,6104,4943727411754159833116,4,4999067643975288487967,4,11
large_integer,6105,4952950783791014608924,4,5035961132122707591199,4,13
large_integer,6106,4952950783791014608926,4,5008291016012143263777,4,11
large_integer,6107,4962174155827869384734,4,5045184504159562367009,4,13
large_integer,6108,4952950783791014608928,4,5008291016012143263779,4,11
large_integer,6109,4962174155827869384736,4,5045184504159562367011,4,13
large_integer,6110,4962174155827869384738,4,5017514388048998039589,4,11
large_integer,6111,4971397527864724160546,4,5054407876196417142821,4,13
large_integer,6112,3717018930852474650648,3,3744689046963038978074,3,9
large_integer,6113,4943727411754159833112,4,4971397527864724160538,4,9
large_integer,6114,4943727411754159833114,4,4971397527864724160540,4,9
large_integer,6115,4952950783791014608922,4,4980620899901578936348,4,9
large_integer,6116,4943727411754159833116,4,4971397527864724160542,4,9
large_integer,6117,4952950783791014608924,4,4980620899901578936350,4,9
large_integer,6118,4952950783791014608926,4,4980620899901578936352,4,9
large_integer,6119,4962174155827869384734,4,4989844271938433712160,4,9
large_integer,6120,4943727411754159833118,4,4971397527864724160544,4,9
large_integer,6121,4952950783791014608926,4,4980620899901578936352,4,9
large_integer,6122,4952950783791014608928,4,4980620899901578936354,4,9
large_integer,6123,4962174155827869384736,4,4989844271938433712162,4,9
large_integer,6124,4952950783791014608930,4,4980620899901578936356,4,9
large_integer,6125,4962174155827869384738,4,4989844271938433712164,4,9
large_integer,6126,4962174155827869384740,4,4989844271938433712166,4,9
large_integer,6127,4971397527864724160548,4,4999067643975288487974,4,9
large_integer,6128,3726242302889329426456,3,3781582535110458081307,3,11
large_integer,6129,3818476023257877184539,3,3818476023257877184539,3,13
large_integer,6130,4952950783791014608922,4,5008291016012143263773,4,11
large_integer,6131,4962174155827869384730,4,5045184504159562367005,4,13
large_integer,6132,4952950783791014608924,4,5008291016012143263775,4,11
large_integer,6133,4962174155827869384732,4,5045184504159562367007,4,13
large_integer,6134,4962174155827869384734,4,5017514388048998039585,4,11
large_integer,6135,4971397527864724160542,4,5054407876196417142817,4,13
large_integer,6136,4952950783791014608926,4,5008291016012143263777,4,11
large_integer,6137,4962174155827869384734,4,5045184504159562367009,4,13
large_integer,6138,4962174155827869384736,4,5017514388048998039587,4,11
large_integer,6139,4971397527864724160544,4,5054407876196417142819,4,13
large_integer,6140,4962174155827869384738,4,5017514388048998039589,4,11
large_integer,6141,4971397527864724160546,4,5054407876196417142821,4,13
large_integer,6142,4971397527864724160548,4,5026737760085852815399,4,11
large_integer,6143,4980620899901578936356,4,5063631248233271918631,4,13
large_integer,6144,2453416961803370364939,2,2453416961803370364939,2,7
large_integer,6145,3680125442705055547403,3,3680125442705055547403,3,7
large_integer,6146,3680125442705055547405,3,3680125442705055547405,3,7
large_integer,6147,3689348814741910323213,3,3689348814741910323213,3,7
large_integer,6148,3680125442705055547407,3,3680125442705055547407,3,7
large_integer,6149,3689348814741910323215,3,3689348814741910323215,3,7
large_integer,6150,3689348814741910323217,3,3689348814741910323217,3,7
large_integer,6151,3698572186778765099025,3,3698572186778765099025,3,7
large_integer,6152,3680125442705055547409,3,3680125442705055547409,3,7
large_integer,6153,3689348814741910323217,3,3689348814741910323217,3,7
large_integer,6154,3689348814741910323219,3,3689348814741910323219,3,7
large_integer,6155,3698572186778765099027,3,3698572186778765099027,3,7
large_integer,6156,3689348814741910323221,3,3689348814741910323221,3,7
large_integer,6157,3698572186778765099029,3,3698572186778765099029,3,7
large_integer,6158,3698572186778765099031,3,3698572186778765099031,3,7
large_integer,6159,3707795558815619874839,3,3707795558815619874839,3,7
large_integer,6160,3680125442705055547404,3,3680125442705055547404,3,7
large_integer,6161,4906833923606740729868,4,4906833923606740729868,4,7
large_integer,6162,4906833923606740729870,4,4906833923606740729870,4,7
large_integer,6163,4916057295643595505678,4,4916057295643595505678,4,7
large_integer,6164,4906833923606740729872,4,4906833923606740729872,4,7
large_integer,6165,4916057295643595505680,4,4916057295643595505680,4,7
large_integer,6166,4916057295643595505682,4,4916057295643595505682,4,7
large_integer,6167,4925280667680450281490,4,4925280667680450281490,4,7
large_integer,6168,4906833923606740729874,4,4906833923606740729874,4,7
large_integer,6169,4916057295643595505682,4,4916057295643595505682,4,7
large_integer,6170,4916057295643595505684,4,4916057295643595505684,4,7
large_integer,6171,4925280667680450281492,4,4925280667680450281492,4,7
large_integer,6172,4916057295643595505686,4,4916057295643595505686,4,7
large_integer,6173,4925280667680450281494,4,4925280667680450281494,4,7
large_integer,6174,4925280667680450281496,4,4925280667680450281496,4,7
large_integer,6175,4934504039717305057304,4,4934504039717305057304,4,7
large_integer,6176,3680125442705055547406,3,3680125442705055547406,3,7
large_integer,6177,4906833923606740729870,4,4906833923606740729870,4,7
large_integer,6178,4906833923606740729872,4,4906833923606740729872,4,7
large_integer,6179,4916057295643595505680,4,4916057295643595505680,4,7
large_integer,6180,4906833923606740729874,4,4906833923606740729874,4,7
large_integer,6181,4916057295643595505682,4,4916057295643595505682,4,7
large_integer,6182,4916057295643595505684,4,4916057295643595505684,4,7
large_integer,6183,4925280667680450281492,4,4925280667680450281492,4,7
large_integer,6184,4906833923606740729876,4,4906833923606740729876,4,7
large_integer,6185,4916057295643595505684,4,4916057295643595505684,4,7
large_integer,6186,4916057295643595505686,4,4916057295643595505686,4,7
large_integer,6187,4925280667680450281494,4,4925280667680450281494,4,7
large_integer,6188,4916057295643595505688,4,4916057295643595505688,4,7
large_integer,6189,4925280667680450281496,4,4925280667680450281496,4,7
large_integer,6190,4925280667680450281498,4,4925280667680450281498,4,7
large_integer,6191,4934504039717305057306,4,4934504039717305057306,4,7
large_integer,6192,3689348814741910323214,3,3689348814741910323214,3,7
large_integer,6193,4916057295643595505678,4,4916057295643595505678,4,7
large_integer,6194,4916057295643595505680,4,4916057295643595505680,4,7
large_integer,6195,4925280667680450281488,4,4925280667680450281488,4,7
large_integer,6196,4916057295643595505682,4,4916057295643595505682,4,7
large_integer,6197,4925280667680450281490,4,4925280667680450281490,4,7
large_integer,6198,4925280667680450281492,4,4925280667680450281492,4,7
large_integer,6199,4934504039717305057300,4,4934504039717305057300,4,7
large_integer,6200,4916057295643595505684,4,4916057295643595505684,4,7
large_integer,6201,4925280667680450281492,4,4925280667680450281492,4,7
large_integer,6202,4925280667680450281494,4,4925280667680450281494,4,7
large_integer,6203,4934504039717305057302,4,4934504039717305057302,4,7
large_integer,6204,4925280667680450281496,4,4925280667680450281496,4,7
large_integer,6205,4934504039717305057304,4,4934504039717305057304,4,7
large_integer,6206,4934504039717305057306,4,4934504039717305057306,4,7
large_integer,6207,4943727411754159833114,4,4943727411754159833114,4,7
large_integer,6208,3680125442705055547408,3,3680125442705055547408,3,7
large_integer,6209,4906833923606740729872,4,4906833923606740729872,4,7
large_integer,6210,4906833923606740729874,4,4906833923606740729874,4,7
large_integer,6211,4916057295643595505682,4,4916057295643595505682,4,7
large_integer,6212,4906833923606740729876,4,4906833923606740729876,4,7
large_integer,6213,4916057295643595505684,4,4916057295643595505684,4,7
large_integer,6214,4916057295643595505686,4,4916057295643595505686,4,7
large_integer,6215,4925280667680450281494,4,4925280667680450281494,4,7
large_integer,6216,4906833923606740729878,4,4906833923606740729878,4,7
large_integer,6217,4916057295643595505686,4,4916057295643595505686,4,7
large_integer,6218,4916057295643595505688,4,4916057295643595505688,4,7
large_integer,6219,4925280667680450281496,4,4925280667680450281496,4,7
large_integer,6220,4916057295643595505690,4,4916057295643595505690,4,7
large_integer,6221,4925280667680450281498,4,4925280667680450281498,4,7
large_integer,6222,4925280667680450281500,4,4925280667680450281500,4,7
large_integer,6223,4934504039717305057308,4,4934504039717305057308,4,7
large_integer,6224,3689348814741910323216,3,3689348814741910323216,3,7
large_integer,6225,4916057295643595505680,4,4916057295643595505680,4,7
large_integer,6226,4916057295643595505682,4,4916057295643595505682,4,7
large_integer,6227,4925280667680450281490,4,4925280667680450281490,4,7
large_integer,6228,4916057295643595505684,4,4916057295643595505684,4,7
large_integer,6229,4925280667680450281492,4,4925280667680450281492,4,7
large_integer,6230,4925280667680450281494,4,4925280667680450281494,4,7
large_integer,6231,4934504039717305057302,4,4934504039717305057302,4,7
large_integer,6232,4916057295643595505686,4,4916057295643595505686,4,7
large_integer,6233,4925280667680450281494,4,4925280667680450281494,4,7
large_integer,6234,4925280667680450281496,4,4925280667680450281496,4,7
large_integer,6235,4934504039717305057304,4,4934504039717305057304,4,7
large_integer,6236,4925280667680450281498,4,4925280667680450281498,4,7
large_integer,6237,4934504039717305057306,4,4934504039717305057306,4,7
large_integer,6238,4934504039717305057308,4,4934504039717305057308,4,7
large_integer,6239,4943727411754159833116,4,4943727411754159833116,4,7
large_integer,6240,3689348814741910323218,3,3689348814741910323218,3,7
large_integer,6241,4916057295643595505682,4,4916057295643595505682,4,7
large_integer,6242,4916057295643595505684,4,4916057295643595505684,4,7
large_integer,6243,4925280667680450281492,4,4925280667680450281492,4,7
large_integer,6244,4916057295643595505686,4,4916057295643595505686,4,7
large_integer,6245,4925280667680450281494,4,4925280667680450281494,4,7
large_integer,6246,4925280667680450281496,4,4925280667680450281496,4,7
large_integer,6247,4934504039717305057304,4,4934504039717305057304,4,7
large_integer,6248,4916057295643595505688,4,4916057295643595505688,4,7
large_integer,6249,4925280667680450281496,4,4925280667680450281496,4,7
large_integer,6250,4925280667680450281498,4,4925280667680450281498,4,7
large_integer,6251,4934504039717305057306,4,4934504039717305057306,4,7
large_integer,6252,4925280667680450281500,4,4925280667680450281500,4,7
large_integer,6253,4934504039717305057308,4,4934504039717305057308,4,7
large_integer,6254,4934504039717305057310,4,4934504039717305057310,4,7
large_integer,6255,4943727411754159833118,4,4943727411754159833118,4,7
large_integer,6256,3698572186778765099026,3,3698572186778765099026,3,7
large_integer,6257,4925280667680450281490,4,4925280667680450281490,4,7
large_integer,6258,4925280667680450281492,4,4925280667680450281492,4,7
large_integer,6259,4934504039717305057300,4,4934504039717305057300,4,7
large_integer,6260,4925280667680450281494,4,4925280667680450281494,4,7
large_integer,6261,4934504039717305057302,4,4934504039717305057302,4,7
large_integer,6262,4934504039717305057304,4,4934504039717305057304,4,7
large_integer,6263,4943727411754159833112,4,4943727411754159833112,4,7
large_integer,6264,4925280667680450281496,4,4925280667680450281496,4,7
large_integer,6265,4934504039717305057304,4,4934504039717305057304,4,7
large_integer,6266,4934504039717305057306,4,4934504039717305057306,4,7
large_integer,6267,4943727411754159833114,4,4943727411754159833114,4,7
large_integer,6268,4934504039717305057308,4,4934504039717305057308,4,7
large_integer,6269,4943727411754159833116,4,4943727411754159833116,4,7
large_integer,6270,4943727411754159833118,4,4943727411754159833118,4,7
large_integer,6271,4952950783791014608926,4,4952950783791014608926,4,7
large_integer,6272,3680125442705055547410,3,3680125442705055547410,3,7
large_integer,6273,4906833923606740729874,4,4906833923606740729874,4,7
large_integer,6274,4906833923606740729876,4,4906833923606740729876,4,7
large_integer,6275,4916057295643595505684,4,4916057295643595505684,4,7
large_integer,6276,4906833923606740729878,4,4906833923606740729878,4,7
large_integer,6277,4916057295643595505686,4,4916057295643595505686,4,7
large_integer,6278,4916057295643595505688,4,4916057295643595505688,4,7
large_integer,6279,4925280667680450281496,4,4925280667680450281496,4,7
large_integer,6280,4906833923606740729880,4,4906833923606740729880,4,7
large_integer,6281,4916057295643595505688,4,4916057295643595505688,4,7
large_integer,6282,4916057295643595505690,4,4916057295643595505690,4,7
large_integer,6283,4925280667680450281498,4,4925280667680450281498,4,7
large_integer,6284,4916057295643595505692,4,4916057295643595505692,4,7
large_integer,6285,4925280667680450281500,4,4925280667680450281500,4,7
large_integer,6286,4925280667680450281502,4,4925280667680450281502,4,7
large_integer,6287,4934504039717305057310,4,4934504039717305057310,4,7
large_integer,6288,3689348814741910323218,3,3689348814741910323218,3,7
large_integer,6289,4916057295643595505682,4,4916057295643595505682,4,7
large_integer,6290,4916057295643595505684,4,4916057295643595505684,4,7
large_integer,6291,4925280667680450281492,4,4925280667680450281492,4,7
large_integer,6292,4916057295643595505686,4,4916057295643595505686,4,7
large_integer,6293,4925280667680450281494,4,4925280667680450281494,4,7
large_integer,6294,4925280667680450281496,4,4925280667680450281496,4,7
large_integer,6295,4934504039717305057304,4,4934504039717305057304,4,7
large_integer,6296,4916057295643595505688,4,4916057295643595505688,4,7
large_integer,6297,4925280667680450281496,4,4925280667680450281496,4,7
large_integer,6298,4925280667680450281498,4,4925280667680450281498,4,7
large_integer,6299,4934504039717305057306,4,4934504039717305057306,4,7
large_integer,6300,4925280667680450281500,4,4925280667680450281500,4,7
large_integer,6301,4934504039717305057308,4,4934504039717305057308,4,7
large_integer,6302,4934504039717305057310,4,4934504039717305057310,4,7
large_integer,6303,4943727411754159833118,4,4943727411754159833118,4,7
large_integer,6304,3689348814741910323220,3,3689348814741910323220,3,7
large_integer,6305,4916057295643595505684,4,4916057295643595505684,4,7
large_integer,6306,4916057295643595505686,4,4916057295643595505686,4,7
large_integer,6307,4925280667680450281494,4,4925280667680450281494,4,7
large_integer,6308,4916057295643595505688,4,4916057295643595505688,4,7
large_integer,6309,4925280667680450281496,4,4925280667680450281496,4,7
large_integer,6310,4925280667680450281498,4,4925280667680450281498,4,7
large_integer,6311,4934504039717305057306,4,4934504039717305057306,4,7
large_integer,6312,4916057295643595505690,4,4916057295643595505690,4,7
large_integer,6313,4925280667680450281498,4,4925280667680450281498,4,7
large_integer,6314,4925280667680450281500,4,4925280667680450281500,4,7
large_integer,6315,4934504039717305057308,4,4934504039717305057308,4,7
large_integer,6316,4925280667680450281502,4,4925280667680450281502,4,7
large_integer,6317,4934504039717305057310,4,4934504039717305057310,4,7
large_integer,6318,4934504039717305057312,4,4934504039717305057312,4,7
large_integer,6319,4943727411754159833120,4,4943727411754159833120,4,7
large_integer,6320,3698572186778765099028,3,3698572186778765099028,3,7
large_integer,6321,4925280667680450281492,4,4925280667680450281492,4,7
large_integer,6322,4925280667680450281494,4,4925280667680450281494,4,7
large_integer,6323,4934504039717305057302,4,4934504039717305057302,4,7
large_integer,6324,4925280667680450281496,4,4925280667680450281496,4,7
large_integer,6325,4934504039717305057304,4,4934504039717305057304,4,7
large_integer,6326,4934504039717305057306,4,4934504039717305057306,4,7
large_integer,6327,4943727411754159833114,4,4943727411754159833114,4,7
large_integer,6328,4925280667680450281498,4,4925280667680450281498,4,7
large_integer,6329,4934504039717305057306,4,4934504039717305057306,4,7
large_integer,6330,4934504039717305057308,4,4934504039717305057308,4,7
large_integer,6331,4943727411754159833116,4,4943727411754159833116,4,7
large_integer,6332,4934504039717305057310,4,4934504039717305057310,4,7
large_integer,6333,4943727411754159833118,4,4943727411754159833118,4,7
large_integer,6334,4943727411754159833120,4,4943727411754159833120,4,7
large_integer,6335,4952950783791014608928,4,4952950783791014608928,4,7
large_integer,6336,3689348814741910323222,3,3689348814741910323222,3,7
large_integer,6337,4916057295643595505686,4,4916057295643595505686,4,7
large_integer,6338,4916057295643595505688,4,4916057295643595505688,4,7
large_integer,6339,4925280667680450281496,4,4925280667680450281496,4,7
large_integer,6340,4916057295643595505690,4,4916057295643595505690,4,7
large_integer,6341,4925280667680450281498,4,4925280667680450281498,4,7
large_integer,6342,4925280667680450281500,4,4925280667680450281500,4,7
large_integer,6343,4934504039717305057308,4,4934504039717305057308,4,7
large_integer,6344,4916057295643595505692,4,4916057295643595505692,4,7
large_integer,6345,4925280667680450281500,4,4925280667680450281500,4,7
large_integer,6346,4925280667680450281502,4,4925280667680450281502,4,7
large_integer,6347,4934504039717305057310,4,4934504039717305057310,4,7
large_integer,6348,4925280667680450281504,4,4925280667680450281504,4,7
large_integer,6349,4934504039717305057312,4,4934504039717305057312,4,7
large_integer,6350,4934504039717305057314,4,4934504039717305057314,4,7
large_integer,6351,4943727411754159833122,4,4943727411754159833122,4,7
large_integer,6352,3698572186778765099030,3,3698572186778765099030,3,7
large_integer,6353,4925280667680450281494,4,4925280667680450281494,4,7
large_integer,6354,4925280667680450281496,4,4925280667680450281496,4,7
large_integer,6355,4934504039717305057304,4,4934504039717305057304,4,7
large_integer,6356,4925280667680450281498,4,4925280667680450281498,4,7
large_integer,6357,4934504039717305057306,4,4934504039717305057306,4,7
large_integer,6358,4934504039717305057308,4,4934504039717305057308,4,7
large_integer,6359,4943727411754159833116,4,4943727411754159833116,4,7
large_integer,6360,4925280667680450281500,4,4925280667680450281500,4,7
large_integer,6361,4934504039717305057308,4,4934504039717305057308,4,7
large_integer,6362,4934504039717305057310,4,4934504039717305057310,4,7
large_integer,6363,4943727411754159833118,4,4943727411754159833118,4,7
large_integer,6364,4934504039717305057312,4,4934504039717305057312,4,7
large_integer,6365,4943727411754159833120,4,4943727411754159833120,4,7
large_integer,6366,4943727411754159833122,4,4943727411754159833122,4,7
large_integer,6367,4952950783791014608930,4,4952950783791014608930,4,7
large_integer,6368,3698572186778765099032,3,3698572186778765099032,3,7
large_integer,6369,4925280667680450281496,4,4925280667680450281496,4,7
large_integer,6370,4925280667680450281498,4,4925280667680450281498,4,7
large_integer,6371,4934504039717305057306,4,4934504039717305057306,4,7
large_integer,6372,4925280667680450281500,4,4925280667680450281500,4,7
large_integer,6373,4934504039717305057308,4,4934504039717305057308,4,7
large_integer,6374,4934504039717305057310,4,4934504039717305057310,4,7
large_integer,6375,4943727411754159833118,4,4943727411754159833118,4,7
large_integer,6376,4925280667680450281502,4,4925280667680450281502,4,7
large_integer,6377,4934504039717305057310,4,4934504039717305057310,4,7
large_integer,6378,4934504039717305057312,4,4934504039717305057312,4,7
large_integer,6379,4943727411754159833120,4,4943727411754159833120,4,7
large_integer,6380,4934504039717305057314,4,4934504039717305057314,4,7
large_integer,6381,4943727411754159833122,4,4943727411754159833122,4,7
large_integer,6382,4943727411754159833124,4,4943727411754159833124,4,7
large_integer,6383,4952950783791014608932,4,4952950783791014608932,4,7
large_integer,6384,3707795558815619874840,3,3707795558815619874840,3,7
large_integer,6385,4934504039717305057304,4,4934504039717305057304,4,7
large_integer,6386,4934504039717305057306,4,4934504039717305057306,4,7
large_integer,6387,4943727411754159833114,4,4943727411754159833114,4,7
large_integer,6388,4934504039717305057308,4,4934504039717305057308,4,7
large_integer,6389,4943727411754159833116,4,4943727411754159833116,4,7
large_integer,6390,4943727411754159833118,4,4943727411754159833118,4,7
large_integer,6391,4952950783791014608926,4,4952950783791014608926,4,7
large_integer,6392,4934504039717305057310,4,4934504039717305057310,4,7
large_integer,6393,4943727411754159833118,4,4943727411754159833118,4,7
large_integer,6394,4943727411754159833120,4,4943727411754159833120,4,7
large_integer,6395,4952950783791014608928,4,4952950783791014608928,4,7
large_integer,6396,4943727411754159833122,4,4943727411754159833122,4,7
large_integer,6397,4952950783791014608930,4,4952950783791014608930,4,7
large_integer,6398,4952950783791014608932,4,4952950783791014608932,4,7
large_integer,6399,4962174155827869384740,4,4962174155827869384740,4,7
large_integer,6400,2462640333840225140747,2,2490310449950789468173,2,9
large_integer,6401,3689348814741910323211,3,3717018930852474650637,3,9
large_integer,6402,3689348814741910323213,3,3717018930852474650639,3,9
large_integer,6403,3698572186778765099021,3,3726242302889329426447,3,9
large_integer,6404,3689348814741910323215,3,3717018930852474650641,3,9
large_integer,6405,3698572186778765099023,3,3726242302889329426449,3,9
large_integer,6406,3698572186778765099025,3,3726242302889329426451,3,9
large_integer,6407,3707795558815619874833,3,3735465674926184202259,3,9
large_integer,6408,3689348814741910323217,3,3717018930852474650643,3,9
large_integer,6409,3698572186778765099025,3,3726242302889329426451,3,9
large_integer,6410,3698572186778765099027,3,3726242302889329426453,3,9
large_integer,6411,3707795558815619874835,3,3735465674926184202261,3,9
large_integer,6412,3698572186778765099029,3,3726242302889329426455,3,9
large_integer,6413,3707795558815619874837,3,3735465674926184202263,3,9
large_integer,6414,3707795558815619874839,3,3735465674926184202265,3,9
large_integer,6415,3717018930852474650647,3,3744689046963038978073,3,9
large_integer,6416,2527203938098208571406,2,2527203938098208571406,2,11
large_integer,6417,2564097426245627674638,2,2564097426245627674638,2,13
large_integer,6418,3753912418999893753872,3,3753912418999893753872,3,11
large_integer,6419,3763135791036748529680,3,3790805907147312857104,3,13
large_integer,6420,3753912418999893753874,3,3753912418999893753874,3,11
large_integer,6421,3763135791036748529682,3,3790805907147312857106,3,13
large_integer,6422,3763135791036748529684,3,3763135791036748529684,3,11
large_integer,6423,3772359163073603305492,3,3800029279184167632916,3,13
large_integer,6424,3753912418999893753876,3,3753912418999893753876,3,11
large_integer,6425,3763135791036748529684,3,3790805907147312857108,3,13
large_integer,6426,3763135791036748529686,3,3763135791036748529686,3,11
large_integer,6427,3772359163073603305494,3,3800029279184167632918,3,13
large_integer,6428,3763135791036748529688,3,3763135791036748529688,3,11
large_integer,6429,3772359163073603305496,3,3800029279184167632920,3,13
large_integer,6430,3772359163073603305498,3,3772359163073603305498,3,11
large_integer,6431,3781582535110458081306,3,3809252651221022408730,3,13
large_integer,6432,3689348814741910323214,3,3717018930852474650640,3,9
large_integer,6433,4916057295643595505678,4,4943727411754159833104,4,9
large_integer,6434,4916057295643595505680,4,4943727411754159833106,4,9
large_integer,6435,4925280667680450281488,4,4952950783791014608914,4,9
large_integer,6436,4916057295643595505682,4,4943727411754159833108,4,9
large_integer,6437,4925280667680450281490,4,4952950783791014608916,4,9
large_integer,6438,4925280667680450281492,4,4952950783791014608918,4,9
large_integer,6439,4934504039717305057300,4,4962174155827869384726,4,9
large_integer,6440,4916057295643595505684,4,4943727411754159833110,4,9
large_integer,6441,4925280667680450281492,4,4952950783791014608918,4,9
large_integer,6442,4925280667680450281494,4,4952950783791014608920,4,9
large_integer,6443,4934504039717305057302,4,4962174155827869384728,4,9
large_integer,6444,4925280667680450281496,4,4952950783791014608922,4,9
large_integer,6445,4934504039717305057304,4,4962174155827869384730,4,9
large_integer,6446,4934504039717305057306,4,4962174155827869384732,4,9
large_integer,6447,4943727411754159833114,4,4971397527864724160540,4,9
large_integer,6448,3698572186778765099022,3,3753912418999893753873,3,11
large_integer,6449,3790805907147312857105,3,3790805907147312857105,3,13
large_integer,6450,4925280667680450281488,4,4980620899901578936339,4,11
large_integer,6451,4934504039717305057296,4,5017514388048998039571,4,13
large_integer,6452,4925280667680450281490,4,4980620899901578936341,4,11
large_integer,6453,4934504039717305057298,4,5017514388048998039573,4,13
large_integer,6454,4934504039717305057300,4,4989844271938433712151,4,11
large_integer,6455,4943727411754159833108,4,5026737760085852815383,4,13
large_integer,6456,4925280667680450281492,4,4980620899901578936343,4,11
large_integer,6457,4934504039717305057300,4,5017514388048998039575,4,13
large_integer,6458,4934504039717305057302,4,4989844271938433712153,4,11
large_integer,6459,4943727411754159833110,4,5026737760085852815385,4,13
large_integer,6460,4934504039717305057304,4,4989844271938433712155,4,11
large_integer,6461,4943727411754159833112,4,5026737760085852815387,4,13
large_integer,6462,4943727411754159833114,4,4999067643975288487965,4,11
large_integer,6463,4952950783791014608922,4,5035961132122707591197,4,13
large_integer,6464,3689348814741910323216,3,3717018930852474650642,3,9
large_integer,6465,4916057295643595505680,4,4943727411754159833106,4,9
large_integer,6466,4916057295643595505682,4,4943727411754159833108,4,9
large_integer,6467,4925280667680450281490,4,4952950783791014608916,4,9
large_integer,6468,4916057295643595505684,4,4943727411754159833110,4,9
large_integer,6469,4925280667680450281492,4,4952950783791014608918,4,9
large_integer,6470,4925280667680450281494,4,4952950783791014608920,4,9
large_integer,6471,4934504039717305057302,4,4962174155827869384728,4,9
large_integer,6472,4916057295643595505686,4,4943727411754159833112,4,9
large_integer,6473,4925280667680450281494,4,4952950783791014608920,4,9
large_integer,6474,4925280667680450281496,4,4952950783791014608922,4,9
large_integer,6475,4934504039717305057304,4,4962174155827869384730,4,9
large_integer,6476,4925280667680450281498,4,4952950783791014608924,4,9
large_integer,6477,4934504039717305057306,4,4962174155827869384732,4,9
large_integer,6478,4934504039717305057308,4,4962174155827869384734,4,9
large_integer,6479,4943727411754159833116,4,4971397527864724160542,4,9
large_integer,6480,3698572186778765099024,3,3753912418999893753875,3,11
large_integer,6481,3790805907147312857107,3,3790805907147312857107,3,13
large_integer,6482,4925280667680450281490,4,4980620899901578936341,4,11
large_integer,6483,4934504039717305057298,4,5017514388048998039573,4,13
large_integer,6484,4925280667680450281492,4,4980620899901578936343,4,11
large_integer,6485,4934504039717305057300,4,5017514388048998039575,4,13
large_integer,6486,4934504039717305057302,4,4989844271938433712153,4,11
large_integer,6487,4943727411754159833110,4,5026737760085852815385,4,13
large_integer,6488,4925280667680450281494,4,4980620899901578936345,4,11
large_integer,6489,4934504039717305057302,4,5017514388048998039577,4,13
large_integer,6490,4934504039717305057304,4,4989844271938433712155,4,11
large_integer,6491,4943727411754159833112,4,5026737760085852815387,4,13
large_integer,6492,4934504039717305057306,4,4989844271938433712157,4,11
large_integer,6493,4943727411754159833114,4,5026737760085852815389,4,13
large_integer,6494,4943727411754159833116,4,4999067643975288487967,4,11
large_integer,6495,4952950783791014608924,4,5035961132122707591199,4,13
large_integer,6496,3698572186778765099026,3,3726242302889329426452,3,9
large_integer,6497,4925280667680450281490,4,4952950783791014608916,4,9
large_integer,6498,4925280667680450281492,4,4952950783791014608918,4,9
large_integer,6499,4934504039717305057300,4,4962174155827869384726,4,9
large_integer,6500,4925280667680450281494,4,4952950783791014608920,4,9
large_integer,6501,4934504039717305057302,4,4962174155827869384728,4,9
large_integer,6502,4934504039717305057304,4,4962174155827869384730,4,9
large_integer,6503,4943727411754159833112,4,4971397527864724160538,4,9
large_integer,6504,4925280667680450281496,4,4952950783791014608922,4,9
large_integer,6505,4934504039717305057304,4,4962174155827869384730,4,9
large_integer,6506,4934504039717305057306,4,4962174155827869384732,4,9
large_integer,6507,4943727411754159833114,4,4971397527864724160540,4,9
large_integer,6508,4934504039717305057308,4,4962174155827869384734,4,9
large_integer,6509,4943727411754159833116,4,4971397527864724160542,4,9
large_integer,6510,4943727411754159833118,4,4971397527864724160544,4,9
large_integer,6511,4952950783791014608926,4,4980620899901578936352,4,9
large_integer,6512,3707795558815619874834,3,3763135791036748529685,3,11
large_integer,6513,3800029279184167632917,3,3800029279184167632917,3,13
large_integer,6514,4934504039717305057300,4,4989844271938433712151,4,11
large_integer,6515,4943727411754159833108,4,5026737760085852815383,4,13
large_integer,6516,4934504039717305057302,4,4989844271938433712153,4,11
large_integer,6517,4943727411754159833110,4,5026737760085852815385,4,13
large_integer,6518,4943727411754159833112,4,4999067643975288487963,4,11
large_integer,6519,4952950783791014608920,4,5035961132122707591195,4,13
large_integer,6520,4934504039717305057304,4,4989844271938433712155,4,11
large_integer,6521,4943727411754159833112,4,5026737760085852815387,4,13
large_integer,6522,4943727411754159833114,4,4999067643975288487965,4,11
large_integer,6523,4952950783791014608922,4,5035961132122707591197,4,13
large_integer,6524,4943727411754159833116,4,4999067643975288487967,4,11
large_integer,6525,4952950783791014608924,4,5035961132122707591199,4,13
large_integer,6526,4952950783791014608926,4,5008291016012143263777,4,11
large_integer,6527,4962174155827869384734,4,5045184504159562367009,4,13
large_integer,6528,3689348814741910323218,3,3717018930852474650644,3,9
large_integer,6529,4916057295643595505682,4,4943727411754159833108,4,9
large_integer,6530,4916057295643595505684,4,4943727411754159833110,4,9
large_integer,6531,4925280667680450281492,4,4952950783791014608918,4,9
large_integer,6532,4916057295643595505686,4,4943727411754159833112,4,9
large_integer,6533,4925280667680450281494,4,4952950783791014608920,4,9
large_integer,6534,4925280667680450281496,4,4952950783791014608922,4,9
large_integer,6535,4934504039717305057304,4,4962174155827869384730,4,9
large_integer,6536,4916057295643595505688,4,4943727411754159833114,4,9
large_integer,6537,4925280667680450281496,4,4952950783791014608922,4,9
large_integer,6538,4925280667680450281498,4,4952950783791014608924,4,9
large_integer,6539,4934504039717305057306,4,4962174155827869384732,4,9
large_integer,6540,4925280667680450281500,4,4952950783791014608926,4,9
large_integer,6541,4934504039717305057308,4,4962174155827869384734,4,9
large_integer,6542,4934504039717305057310,4,4962174155827869384736,4,9
large_integer,6543,4943727411754159833118,4,4971397527864724160544,4,9
large_integer,6544,3698572186778765099026,3,3753912418999893753877,3,11
large_integer,6545,3790805907147312857109,3,3790805907147312857109,3,13
large_integer,6546,4925280667680450281492,4,4980620899901578936343,4,11
large_integer,6547,4934504039717305057300,4,5017514388048998039575,4,13
large_integer,6548,4925280667680450281494,4,4980620899901578936345,4,11
large_integer,6549,4934504039717305057302,4,5017514388048998039577,4,13
large_integer,6550,4934504039717305057304,4,4989844271938433712155,4,11
large_integer,6551,4943727411754159833112,4,5026737760085852815387,4,13
large_integer,6552,4925280667680450281496,4,4980620899901578936347,4,11
large_integer,6553,4934504039717305057304,4,5017514388048998039579,4,13
large_integer,6554,4934504039717305057306,4,4989844271938433712157,4,11
large_integer,6555,4943727411754159833114,4,5026737760085852815389,4,13
large_integer,6556,4934504039717305057308,4,4989844271938433712159,4,11
large_integer,6557,4943727411754159833116,4,5026737760085852815391,4,13
large_integer,6558,4943727411754159833118,4,4999067643975288487969,4,11
large_integer,6559,4952950783791014608926,4,5035961132122707591201,4,13
large_integer,6560,3698572186778765099028,3,3726242302889329426454,3,9
large_integer,6561,4925280667680450281492,4,4952950783791014608918,4,9
large_integer,6562,4925280667680450281494,4,4952950783791014608920,4,9
large_integer,6563,4934504039717305057302,4,4962174155827869384728,4,9
large_integer,6564,4925280667680450281496,4,4952950783791014608922,4,9
large_integer,6565,4934504039717305057304,4,4962174155827869384730,4,9
large_integer,6566,4934504039717305057306,4,4962174155827869384732,4,9
large_integer,6567,4943727411754159833114,4,4971397527864724160540,4,9
large_integer,6568,4925280667680450281498,4,4952950783791014608924,4,9
large_integer,6569,4934504039717305057306,4,4962174155827869384732,4,9
large_integer,6570,4934504039717305057308,4,4962174155827869384734,4,9
large_integer,6571,4943727411754159833116,4,4971397527864724160542,4,9
large_integer,6572,4934504039717305057310,4,4962174155827869384736,4,9
large_integer,6573,4943727411754159833118,4,4971397527864724160544,4,9
large_integer,6574,4943727411754159833120,4,4971397527864724160546,4,9
large_integer,6575,4952950783791014608928,4,4980620899901578936354,4,9
large_integer,6576,3707795558815619874836,3,3763135791036748529687,3,11
large_integer,6577,3800029279184167632919,3,3800029279184167632919,3,13
large_integer,6578,4934504039717305057302,4,4989844271938433712153,4,11
large_integer,6579,4943727411754159833110,4,5026737760085852815385,4,13
large_integer,6580,4934504039717305057304,4,4989844271938433712155,4,11
large_integer,6581,4943727411754159833112,4,5026737760085852815387,4,13
large_integer,6582,4943727411754159833114,4,4999067643975288487965,4,11
large_integer,6583,4952950783791014608922,4,5035961132122707591197,4,13
large_integer,6584,4934504039717305057306,4,4989844271938433712157,4,11
large_integer,6585,4943727411754159833114,4,5026737760085852815389,4,13
large_integer,6586,4943727411754159833116,4,4999067643975288487967,4,11
large_integer,6587,4952950783791014608924,4,5035961132122707591199,4,13
large_integer,6588,4943727411754159833118,4,4999067643975288487969,4,11
large_integer,6589,4952950783791014608926,4,5035961132122707591201,4,13
large_integer,6590,4952950783791014608928,4,5008291016012143263779,4,11
large_integer,6591,4962174155827869384736,4,5045184504159562367011,4,13
large_integer,6592,3698572186778765099030,3,3726242302889329426456,3,9
large_integer,6593,4925280667680450281494,4,4952950783791014608920,4,9
large_integer,6594,4925280667680450281496,4,4952950783791014608922,4,9
large_integer,6595,4934504039717305057304,4,4962174155827869384730,4,9
large_integer,6596,4925280667680450281498,4,4952950783791014608924,4,9
large_integer,6597,4934504039717305057306,4,4962174155827869384732,4,9
large_integer,6598,4934504039717305057308,4,4962174155827869384734,4,9
large_integer,6599,4943727411754159833116,4,4971397527864724160542,4,9
large_integer,6600,4925280667680450281500,4,4952950783791014608926,4,9
large_integer,6601,4934504039717305057308,4,4962174155827869384734,4,9
large_integer,6602,4934504039717305057310,4,4962174155827869384736,4,9
large_integer,6603,4943727411754159833118,4,4971397527864724160544,4,9
large_integer,6604,4934504039717305057312,4,4962174155827869384738,4,9
large_integer,6605,4943727411754159833120,4,4971397527864724160546,4,9
large_integer,6606,4943727411754159833122,4,4971397527864724160548,4,9
large_integer,6607,4952950783791014608930,4,4980620899901578936356,4,9
large_integer,6608,3707795558815619874838,3,3763135791036748529689,3,11
large_integer,6609,3800029279184167632921,3,3800029279184167632921,3,13
large_integer,6610,4934504039717305057304,4,4989844271938433712155,4,11
large_integer,6611,4943727411754159833112,4,5026737760085852815387,4,13
large_integer,6612,4934504039717305057306,4,4989844271938433712157,4,11
large_integer,6613,4943727411754159833114,4,5026737760085852815389,4,13
large_integer,6614,4943727411754159833116,4,4999067643975288487967,4,11
large_integer,6615,4952950783791014608924,4,5035961132122707591199,4,13
large_integer,6616,4934504039717305057308,4,4989844271938433712159,4,11
large_integer,6617,4943727411754159833116,4,5026737760085852815391,4,13
large_integer,6618,4943727411754159833118,4,4999067643975288487969,4,11
large_integer,6619,4952950783791014608926,4,5035961132122707591201,4,13
large_integer,6620,4943727411754159833120,4,4999067643975288487971,4,11
large_integer,6621,4952950783791014608928,4,5035961132122707591203,4,13
large_integer,6622,4952950783791014608930,4,5008291016012143263781,4,11
large_integer,6623,4962174155827869384738,4,5045184504159562367013,4,13
large_integer,6624,3707795558815619874840,3,3735465674926184202266,3,9
large_integer,6625,4934504039717305057304,4,4962174155827869384730,4,9
large_integer,6626,4934504039717305057306,4,4962174155827869384732,4,9
large_integer,6627,4943727411754159833114,4,4971397527864724160540,4,9
large_integer,6628,4934504039717305057308,4,4962174155827869384734,4,9
large_integer,6629,4943727411754159833116,4,4971397527864724160542,4,9
large_integer,6630,4943727411754159833118,4,4971397527864724160544,4,9
large_integer,6631,4952950783791014608926,4,4980620899901578936352,4,9
large_integer,6632,4934504039717305057310,4,4962174155827869384736,4,9
large_integer,6633,4943727411754159833118,4,4971397527864724160544,4,9
large_integer,6634,4943727411754159833120,4,4971397527864724160546,4,9
large_integer,6635,4952950783791014608928,4,4980620899901578936354,4,9
large_integer,6636,4943727411754159833122,4,4971397527864724160548,4,9
large_integer,6637,4952950783791014608930,4,4980620899901578936356,4,9
large_integer,6638,4952950783791014608932,4,4980620899901578936358,4,9
large_integer,6639,4962174155827869384740,4,4989844271938433712166,4,9
large_integer,6640,3717018930852474650648,3,3772359163073603305499,3,11
large_integer,6641,3809252651221022408731,3,3809252651221022408731,3,13
large_integer,6642,4943727411754159833114,4,4999067643975288487965,4,11
large_integer,6643,4952950783791014608922,4,5035961132122707591197,4,13
large_integer,6644,4943727411754159833116,4,4999067643975288487967,4,11
large_integer,6645,4952950783791014608924,4,5035961132122707591199,4,13
large_integer,6646,4952950783791014608926,4,5008291016012143263777,4,11
large_integer,6647,4962174155827869384734,4,5045184504159562367009,4,13
large_integer,6648,4943727411754159833118,4,4999067643975288487969,4,11
large_integer,6649,4952950783791014608926,4,5035961132122707591201,4,13
large_integer,6650,4952950783791014608928,4,5008291016012143263779,4,11
large_integer,6651,4962174155827869384736,4,5045184504159562367011,4,13
large_integer,6652,4952950783791014608930,4,5008291016012143263781,4,11
large_integer,6653,4962174155827869384738,4,5045184504159562367013,4,13
large_integer,6654,4962174155827869384740,4,5017514388048998039591,4,11
large_integer,6655,4971397527864724160548,4,5054407876196417142823,4,13
large_integer,6656,2462640333840225140749,2,2462640333840225140749,2,7
large_integer,6657,3689348814741910323213,3,3689348814741910323213,3,7
large_integer,6658,3689348814741910323215,3,3689348814741910323215,3,7
large_integer,6659,3698572186778765099023,3,3698572186778765099023,3,7
large_integer,6660,3689348814741910323217,3,3689348814741910323217,3,7
large_integer,6661,3698572186778765099025,3,3698572186778765099025,3,7
large_integer,6662,3698572186778765099027,3,3698572186778765099027,3,7
large_integer,6663,3707795558815619874835,3,3707795558815619874835,3,7
large_integer,6664,3689348814741910323219,3,3689348814741910323219,3,7
large_integer,6665,3698572186778765099027,3,3698572186778765099027,3,7
large_integer,6666,3698572186778765099029,3,3698572186778765099029,3,7
large_integer,6667,3707795558815619874837,3,3707795558815619874837,3,7
large_integer,6668,3698572186778765099031,3,3698572186778765099031,3,7
large_integer,6669,3707795558815619874839,3,3707795558815619874839,3,7
large_integer,6670,3707795558815619874841,3,3707795558815619874841,3,7
large_integer,6671,3717018930852474650649,3,3717018930852474650649,3,7
large_integer,6672,3689348814741910323214,3,3689348814741910323214,3,7
large_integer,6673,4916057295643595505678,4,4916057295643595505678,4,7
large_integer,6674,4916057295643595505680,4,4916057295643595505680,4,7
large_integer,6675,4925280667680450281488,4,4925280667680450281488,4,7
large_integer,6676,4916057295643595505682,4,4916057295643595505682,4,7
large_integer,6677,4925280667680450281490,4,4925280667680450281490,4,7
large_integer,6678,4925280667680450281492,4,4925280667680450281492,4,7
large_integer,6679,4934504039717305057300,4,4934504039717305057300,4,7
large_integer,6680,4916057295643595505684,4,4916057295643595505684,4,7
large_integer,6681,4925280667680450281492,4,4925280667680450281492,4,7
large_integer,6682,4925280667680450281494,4,4925280667680450281494,4,7
large_integer,6683,4934504039717305057302,4,4934504039717305057302,4,7
large_integer,6684,4925280667680450281496,4,4925280667680450281496,4,7
large_integer,6685,4934504039717305057304,4,4934504039717305057304,4,7
large_integer,6686,4934504039717305057306,4,4934504039717305057306,4,7
large_integer,6687,4943727411754159833114,4,4943727411754159833114,4,7
large_integer,6688,3689348814741910323216,3,3689348814741910323216,3,7
large_integer,6689,4916057295643595505680,4,4916057295643595505680,4,7
large_integer,6690,4916057295643595505682,4,4916057295643595505682,4,7
large_integer,6691,4925280667680450281490,4,4925280667680450281490,4,7
large_integer,6692,4916057295643595505684,4,4916057295643595505684,4,7
large_integer,6693,4925280667680450281492,4,4925280667680450281492,4,7
large_integer,6694,4925280667680450281494,4,4925280667680450281494,4,7
large_integer,6695,4934504039717305057302,4,4934504039717305057302,4,7
large_integer,6696,4916057295643595505686,4,4916057295643595505686,4,7
large_integer,6697,4925280667680450281494,4,4925280667680450281494,4,7
large_integer,6698,4925280667680450281496,4,4925280667680450281496,4,7
large_integer,6699,4934504039717305057304,4,4934504039717305057304,4,7
large_integer,6700,4925280667680450281498,4,4925280667680450281498,4,7
large_integer,6701,4934504039717305057306,4,4934504039717305057306,4,7
large_integer,6702,4934504039717305057308,4,4934504039717305057308,4,7
large_integer,6703,4943727411754159833116,4,4943727411754159833116,4,7
large_integer,6704,3698572186778765099024,3,3698572186778765099024,3,7
large_integer,6705,4925280667680450281488,4,4925280667680450281488,4,7
large_integer,6706,4925280667680450281490,4,4925280667680450281490,4,7
large_integer,6707,4934504039717305057298,4,4934504039717305057298,4,7
large_integer,6708,4925280667680450281492,4,4925280667680450281492,4,7
large_integer,6709,4934504039717305057300,4,4934504039717305057300,4,7
large_integer,6710,4934504039717305057302,4,4934504039717305057302,4,7
large_integer,6711,4943727411754159833110,4,4943727411754159833110,4,7
large_integer,6712,4925280667680450281494,4,4925280667680450281494,4,7
large_integer,6713,4934504039717305057302,4,4934504039717305057302,4,7
large_integer,6714,4934504039717305057304,4,4934504039717305057304,4,7
large_integer,6715,4943727411754159833112,4,4943727411754159833112,4,7
large_integer,6716,4934504039717305057306,4,4934504039717305057306,4,7
large_integer,6717,4943727411754159833114,4,4943727411754159833114,4,7
large_integer,6718,4943727411754159833116,4,4943727411754159833116,4,7
large_integer,6719,4952950783791014608924,4,4952950783791014608924,4,7
large_integer,6720,3689348814741910323218,3,3689348814741910323218,3,7
large_integer,6721,4916057295643595505682,4,4916057295643595505682,4,7
large_integer,6722,4916057295643595505684,4,4916057295643595505684,4,7
large_integer,6723,4925280667680450281492,4,4925280667680450281492,4,7
large_integer,6724,4916057295643595505686,4,4916057295643595505686,4,7
large_integer,6725,4925280667680450281494,4,4925280667680450281494,4,7
large_integer,6726,4925280667680450281496,4,4925280667680450281496,4,7
large_integer,6727,4934504039717305057304,4,4934504039717305057304,4,7
large_integer,6728,4916057295643595505688,4,4916057295643595505688,4,7
large_integer,6729,4925280667680450281496,4,4925280667680450281496,4,7
large_integer,6730,4925280667680450281498,4,4925280667680450281498,4,7
large_integer,6731,4934504039717305057306,4,4934504039717305057306,4,7
large_integer,6732,4925280667680450281500,4,4925280667680450281500,4,7
large_integer,6733,4934504039717305057308,4,4934504039717305057308,4,7
large_integer,6734,4934504039717305057310,4,4934504039717305057310,4,7
large_integer,6735,4943727411754159833118,4,4943727411754159833118,4,7
large_integer,6736,3698572186778765099026,3,3698572186778765099026,3,7
large_integer,6737,4925280667680450281490,4,4925280667680450281490,4,7
large_integer,6738,4925280667680450281492,4,4925280667680450281492,4,7
large_integer,6739,4934504039717305057300,4,4934504039717305057300,4,7
large_integer,6740,4925280667680450281494,4,4925280667680450281494,4,7
large_integer,6741,4934504039717305057302,4,4934504039717305057302,4,7
large_integer,6742,4934504039717305057304,4,4934504039717305057304,4,7
large_integer,6743,4943727411754159833112,4,4943727411754159833112,4,7
large_integer,6744,4925280667680450281496,4,4925280667680450281496,4,7
large_integer,6745,4934504039717305057304,4,4934504039717305057304,4,7
large_integer,6746,4934504039717305057306,4,4934504039717305057306,4,7
large_integer,6747,4943727411754159833114,4,4943727411754159833114,4,7
large_integer,6748,4934504039717305057308,4,4934504039717305057308,4,7
large_integer,6749,4943727411754159833116,4,4943727411754159833116,4,7
large_integer,6750,4943727411754159833118,4,4943727411754159833118,4,7
large_integer,6751,4952950783791014608926,4,4952950783791014608926,4,7
large_integer,6752,3698572186778765099028,3,3698572186778765099028,3,7
large_integer,6753,4925280667680450281492,4,4925280667680450281492,4,7
large_integer,6754,4925280667680450281494,4,4925280667680450281494,4,7
large_integer,6755,4934504039717305057302,4,4934504039717305057302,4,7
large_integer,6756,4925280667680450281496,4,4925280667680450281496,4,7
large_integer,6757,4934504039717305057304,4,4934504039717305057304,4,7
large_integer,6758,4934504039717305057306,4,4934504039717305057306,4,7
large_integer,6759,4943727411754159833114,4,4943727411754159833114,4,7
large_integer,6760,4925280667680450281498,4,4925280667680450281498,4,7
large_integer,6761,4934504039717305057306,4,4934504039717305057306,4,7
large_integer,6762,4934504039717305057308,4,4934504039717305057308,4,7
large_integer,6763,4943727411754159833116,4,4943727411754159833116,4,7
large_integer,6764,4934504039717305057310,4,4934504039717305057310,4,7
large_integer,6765,4943727411754159833118,4,4943727411754159833118,4,7
large_integer,6766,4943727411754159833120,4,4943727411754159833120,4,7
large_integer,6767,4952950783791014608928,4,4952950783791014608928,4,7
large_integer,6768,3707795558815619874836,3,3707795558815619874836,3,7
large_integer,6769,4934504039717305057300,4,4934504039717305057300,4,7
large_integer,6770,4934504039717305057302,4,4934504039717305057302,4,7
large_integer,6771,4943727411754159833110,4,4943727411754159833110,4,7
large_integer,6772,4934504039717305057304,4,4934504039717305057304,4,7
large_integer,6773,4943727411754159833112,4,4943727411754159833112,4,7
large_integer,6774,4943727411754159833114,4,4943727411754159833114,4,7
large_integer,6775,4952950783791014608922,4,4952950783791014608922,4,7
large_integer,6776,4934504039717305057306,4,4934504039717305057306,4,7
large_integer,6777,4943727411754159833114,4,4943727411754159833114,4,7
large_integer,6778,4943727411754159833116,4,4943727411754159833116,4,7
large_integer,6779,4952950783791014608924,4,4952950783791014608924,4,7
large_integer,6780,4943727411754159833118,4,4943727411754159833118,4,7
large_integer,6781,4952950783791014608926,4,4952950783791014608926,4,7
large_integer,6782,4952950783791014608928,4,4952950783791014608928,4,7
large_integer,6783,4962174155827869384736,4,4962174155827869384736,4,7
large_integer,6784,3689348814741910323220,3,3689348814741910323220,3,7
large_integer,6785,4916057295643595505684,4,4916057295643595505684,4,7
large_integer,6786,4916057295643595505686,4,4916057295643595505686,4,7
large_integer,6787,4925280667680450281494,4,4925280667680450281494,4,7
large_integer,6788,4916057295643595505688,4,4916057295643595505688,4,7
large_integer,6789,4925280667680450281496,4,4925280667680450281496,4,7
large_integer,6790,4925280667680450281498,4,4925280667680450281498,4,7
large_integer,6791,4934504039717305057306,4,4934504039717305057306,4,7
large_integer,6792,4916057295643595505690,4,4916057295643595505690,4,7
large_integer,6793,4925280667680450281498,4,4925280667680450281498,4,7
large_integer,6794,4925280667680450281500,4,4925280667680450281500,4,7
large_integer,6795,4934504039717305057308,4,4934504039717305057308,4,7
large_integer,6796,4925280667680450281502,4,4925280667680450281502,4,7
large_integer,6797,4934504039717305057310,4,4934504039717305057310,4,7
large_integer,6798,4934504039717305057312,4,4934504039717305057312,4,7
large_integer,6799,4943727411754159833120,4,4943727411754159833120,4,7
large_integer,6800,3698572186778765099028,3,3698572186778765099028,3,7
large_integer,6801,4925280667680450281492,4,4925280667680450281492,4,7
large_integer,6802,4925280667680450281494,4,4925280667680450281494,4,7
large_integer,6803,4934504039717305057302,4,4934504039717305057302,4,7
large_integer,6804,4925280667680450281496,4,4925280667680450281496,4,7
large_integer,6805,4934504039717305057304,4,4934504039717305057304,4,7
large_integer,6806,4934504039717305057306,4,4934504039717305057306,4,7
large_integer,6807,4943727411754159833114,4,4943727411754159833114,4,7
large_integer,6808,4925280667680450281498,4,4925280667680450281498,4,7
large_integer,6809,4934504039717305057306,4,4934504039717305057306,4,7
large_integer,6810,4934504039717305057308,4,4934504039717305057308,4,7
large_integer,6811,4943727411754159833116,4,4943727411754159833116,4,7
large_integer,6812,4934504039717305057310,4,4934504039717305057310,4,7
large_integer,6813,4943727411754159833118,4,4943727411754159833118,4,7
large_integer,6814,4943727411754159833120,4,4943727411754159833120,4,7
large_integer,6815,4952950783791014608928,4,4952950783791014608928,4,7
large_integer,6816,3698572186778765099030,3,3698572186778765099030,3,7
large_integer,6817,4925280667680450281494,4,4925280667680450281494,4,7
large_integer,6818,4925280667680450281496,4,4925280667680450281496,4,7
large_integer,6819,4934504039717305057304,4,4934504039717305057304,4,7
large_integer,6820,4925280667680450281498,4,4925280667680450281498,4,7
large_integer,6821,4934504039717305057306,4,4934504039717305057306,4,7
large_integer,6822,4934504039717305057308,4,4934504039717305057308,4,7
large_integer,6823,4943727411754159833116,4,4943727411754159833116,4,7
large_integer,6824,4925280667680450281500,4,4925280667680450281500,4,7
large_integer,6825,4934504039717305057308,4,4934504039717305057308,4,7
large_integer,6826,4934504039717305057310,4,4934504039717305057310,4,7
large_integer,6827,4943727411754159833118,4,4943727411754159833118,4,7
large_integer,6828,4934504039717305057312,4,4934504039717305057312,4,7
large_integer,6829,4943727411754159833120,4,4943727411754159833120,4,7
large_integer,6830,4943727411754159833122,4,4943727411754159833122,4,7
large_integer,6831,4952950783791014608930,4,4952950783791014608930,4,7
large_integer,6832,3707795558815619874838,3,3707795558815619874838,3,7
large_integer,6833,4934504039717305057302,4,4934504039717305057302,4,7
large_integer,6834,4934504039717305057304,4,4934504039717305057304,4,7
large_integer,6835,4943727411754159833112,4,4943727411754159833112,4,7
large_integer,6836,4934504039717305057306,4,4934504039717305057306,4,7
large_integer,6837,4943727411754159833114,4,4943727411754159833114,4,7
large_integer,6838,4943727411754159833116,4,4943727411754159833116,4,7
large_integer,6839,4952950783791014608924,4,4952950783791014608924,4,7
large_integer,6840,4934504039717305057308,4,4934504039717305057308,4,7
large_integer,6841,4943727411754159833116,4,4943727411754159833116,4,7
large_integer,6842,4943727411754159833118,4,4943727411754159833118,4,7
large_integer,6843,4952950783791014608926,4,4952950783791014608926,4,7
large_integer,6844,4943727411754159833120,4,4943727411754159833120,4,7
large_integer,6845,4952950783791014608928,4,4952950783791014608928,4,7
large_integer,6846,4952950783791014608930,4,4952950783791014608930,4,7
large_integer,6847,4962174155827869384738,4,4962174155827869384738,4,7
large_integer,6848,3698572186778765099032,3,3698572186778765099032,3,7
large_integer,6849,4925280667680450281496,4,4925280667680450281496,4,7
large_integer,6850,4925280667680450281498,4,4925280667680450281498,4,7
large_integer,6851,4934504039717305057306,4,4934504039717305057306,4,7
large_integer,6852,4925280667680450281500,4,4925280667680450281500,4,7
large_integer,6853,4934504039717305057308,4,4934504039717305057308,4,7
large_integer,6854,4934504039717305057310,4,4934504039717305057310,4,7
large_integer,6855,4943727411754159833118,4,4943727411754159833118,4,7
large_integer,6856,4925280667680450281502,4,4925280667680450281502,4,7
large_integer,6857,4934504039717305057310,4,4934504039717305057310,4,7
large_integer,6858,4934504039717305057312,4,4934504039717305057312,4,7
large_integer,6859,4943727411754159833120,4,4943727411754159833120,4,7
large_integer,6860,4934504039717305057314,4,4934504039717305057314,4,7
large_integer,6861,4943727411754159833122,4,4943727411754159833122,4,7
large_integer,6862,4943727411754159833124,4,4943727411754159833124,4,7
large_integer,6863,4952950783791014608932,4,4952950783791014608932,4,7
large_integer,6864,3707795558815619874840,3,3707795558815619874840,3,7
large_integer,6865,4934504039717305057304,4,4934504039717305057304,4,7
large_integer,6866,4934504039717305057306,4,4934504039717305057306,4,7
large_integer,6867,4943727411754159833114,4,4943727411754159833114,4,7
large_integer,6868,4934504039717305057308,4,4934504039717305057308,4,7
large_integer,6869,4943727411754159833116,4,4943727411754159833116,4,7
large_integer,6870,4943727411754159833118,4,4943727411754159833118,4,7
large_integer,6871,4952950783791014608926,4,4952950783791014608926,4,7
large_integer,6872,4934504039717305057310,4,4934504039717305057310,4,7
large_integer,6873,4943727411754159833118,4,4943727411754159833118,4,7
large_integer,6874,4943727411754159833120,4,4943727411754159833120,4,7
large_integer,6875,4952950783791014608928,4,4952950783791014608928,4,7
large_integer,6876,4943727411754159833122,4,4943727411754159833122,4,7
large_integer,6877,4952950783791014608930,4,4952950783791014608930,4,7
large_integer,6878,4952950783791014608932,4,4952950783791014608932,4,7
large_integer,6879,4962174155827869384740,4,4962174155827869384740,4,7
large_integer,6880,3707795558815619874842,3,3707795558815619874842,3,7
large_integer,6881,4934504039717305057306,4,4934504039717305057306,4,7
large_integer,6882,4934504039717305057308,4,4934504039717305057308,4,7
large_integer,6883,4943727411754159833116,4,4943727411754159833116,4,7
large_integer,6884,4934504039717305057310,4,4934504039717305057310,4,7
large_integer,6885,4943727411754159833118,4,4943727411754159833118,4,7
large_integer,6886,4943727411754159833120,4,4943727411754159833120,4,7
large_integer,6887,4952950783791014608928,4,4952950783791014608928,4,7
large_integer,6888,4934504039717305057312,4,4934504039717305057312,4,7
large_integer,6889,4943727411754159833120,4,4943727411754159833120,4,7
large_integer,6890,4943727411754159833122,4,4943727411754159833122,4,7
large_integer,6891,4952950783791014608930,4,4952950783791014608930,4,7
large_integer,6892,4943727411754159833124,4,4943727411754159833124,4,7
large_integer,6893,4952950783791014608932,4,4952950783791014608932,4,7
large_integer,6894,4952950783791014608934,4,4952950783791014608934,4,7
large_integer,6895,4962174155827869384742,4,4962174155827869384742,4,7
large_integer,6896,3717018930852474650650,3,3717018930852474650650,3,7
large_integer,6897,4943727411754159833114,4,4943727411754159833114,4,7
large_integer,6898,4943727411754159833116,4,4943727411754159833116,4,7
large_integer,6899,4952950783791014608924,4,4952950783791014608924,4,7
large_integer,6900,4943727411754159833118,4,4943727411754159833118,4,7
large_integer,6901,4952950783791014608926,4,4952950783791014608926,4,7
large_integer,6902,4952950783791014608928,4,4952950783791014608928,4,7
large_integer,6903,4962174155827869384736,4,4962174155827869384736,4,7
large_integer,6904,4943727411754159833120,4,4943727411754159833120,4,7
large_integer,6905,4952950783791014608928,4,4952950783791014608928,4,7
large_integer,6906,4952950783791014608930,4,4952950783791014608930,4,7
large_integer,6907,4962174155827869384738,4,4962174155827869384738,4,7
large_integer,6908,4952950783791014608932,4,4952950783791014608932,4,7
large_integer,6909,4962174155827869384740,4,4962174155827869384740,4,7
large_integer,6910,4962174155827869384742,4,4962174155827869384742,4,7
large_integer,6911,4971397527864724160550,4,4971397527864724160550,4,7
large_integer,6912,2471863705877079916557,2,2499533821987644243983,2,9
large_integer,6913,3698572186778765099021,3,3726242302889329426447,3,9
large_integer,6914,3698572186778765099023,3,3726242302889329426449,3,9
large_integer,6915,3707795558815619874831,3,3735465674926184202257,3,9
large_integer,6916,3698572186778765099025,3,3726242302889329426451,3,9
large_integer,6917,3707795558815619874833,3,3735465674926184202259,3,9
large_integer,6918,3707795558815619874835,3,3735465674926184202261,3,9
large_integer,6919,3717018930852474650643,3,3744689046963038978069,3,9
large_integer,6920,3698572186778765099027,3,3726242302889329426453,3,9
large_integer,6921,3707795558815619874835,3,3735465674926184202261,3,9
large_integer,6922,3707795558815619874837,3,3735465674926184202263,3,9
large_integer,6923,3717018930852474650645,3,3744689046963038978071,3,9
large_integer,6924,3707795558815619874839,3,3735465674926184202265,3,9
large_integer,6925,3717018930852474650647,3,3744689046963038978073,3,9
large_integer,6926,3717018930852474650649,3,3744689046963038978075,3,9
large_integer,6927,3726242302889329426457,3,3753912418999893753883,3,9
large_integer,6928,2536427310135063347216,2,2536427310135063347216,2,11
large_integer,6929,2573320798282482450448,2,2573320798282482450448,2,13
large_integer,6930,3763135791036748529682,3,3763135791036748529682,3,11
large_integer,6931,3772359163073603305490,3,3800029279184167632914,3,13
large_integer,6932,3763135791036748529684,3,3763135791036748529684,3,11
large_integer,6933,3772359163073603305492,3,3800029279184167632916,3,13
large_integer,6934,3772359163073603305494,3,3772359163073603305494,3,11
large_integer,6935,3781582535110458081302,3,3809252651221022408726,3,13
large_integer,6936,3763135791036748529686,3,3763135791036748529686,3,11
large_integer,6937,3772359163073603305494,3,3800029279184167632918,3,13
large_integer,6938,3772359163073603305496,3,3772359163073603305496,3,11
large_integer,6939,3781582535110458081304,3,3809252651221022408728,3,13
large_integer,6940,3772359163073603305498,3,3772359163073603305498,3,11
large_integer,6941,3781582535110458081306,3,3809252651221022408730,3,13
large_integer,6942,3781582535110458081308,3,3781582535110458081308,3,11
large_integer,6943,3790805907147312857116,3,3818476023257877184540,3,13
large_integer,6944,3698572186778765099024,3,3726242302889329426450,3,9
large_integer,6945,4925280667680450281488,4,4952950783791014608914,4,9
large_integer,6946,4925280667680450281490,4,4952950783791014608916,4,9
large_integer,6947,4934504039717305057298,4,4962174155827869384724,4,9
large_integer,6948,4925280667680450281492,4,4952950783791014608918,4,9
large_integer,6949,4934504039717305057300,4,4962174155827869384726,4,9
large_integer,6950,4934504039717305057302,4,4962174155827869384728,4,9
large_integer,6951,4943727411754159833110,4,4971397527864724160536,4,9
large_integer,6952,4925280667680450281494,4,4952950783791014608920,4,9
large_integer,6953,4934504039717305057302,4,4962174155827869384728,4,9
large_integer,6954,4934504039717305057304,4,4962174155827869384730,4,9
large_integer,6955,4943727411754159833112,4,4971397527864724160538,4,9
large_integer,6956,4934504039717305057306,4,4962174155827869384732,4,9
large_integer,6957,4943727411754159833114,4,4971397527864724160540,4,9
large_integer,6958,4943727411754159833116,4,4971397527864724160542,4,9
large_integer,6959,4952950783791014608924,4,4980620899901578936350,4,9
large_integer,6960,3707795558815619874832,3,3763135791036748529683,3,11
large_integer,6961,3800029279184167632915,3,3800029279184167632915,3,13
large_integer,6962,4934504039717305057298,4,4989844271938433712149,4,11
large_integer,6963,4943727411754159833106,4,5026737760085852815381,4,13
large_integer,6964,4934504039717305057300,4,4989844271938433712151,4,11
large_integer,6965,4943727411754159833108,4,5026737760085852815383,4,13
large_integer,6966,4943727411754159833110,4,4999067643975288487961,4,11
large_integer,6967,4952950783791014608918,4,5035961132122707591193,4,13
large_integer,6968,4934504039717305057302,4,4989844271938433712153,4,11
large_integer,6969,4943727411754159833110,4,5026737760085852815385,4,13
large_integer,6970,4943727411754159833112,4,4999067643975288487963,4,11
large_integer,6971,4952950783791014608920,4,5035961132122707591195,4,13
large_integer,6972,4943727411754159833114,4,4999067643975288487965,4,11
large_integer,6973,4952950783791014608922,4,5035961132122707591197,4,13
large_integer,6974,4952950783791014608924,4,5008291016012143263775,4,11
large_integer,6975,4962174155827869384732,4,5045184504159562367007,4,13
large_integer,6976,3698572186778765099026,3,3726242302889329426452,3,9
large_integer,6977,4925280667680450281490,4,4952950783791014608916,4,9
large_integer,6978,4925280667680450281492,4,4952950783791014608918,4,9
large_integer,6979,4934504039717305057300,4,4962174155827869384726,4,9
large_integer,6980,4925280667680450281494,4,4952950783791014608920,4,9
large_integer,6981,4934504039717305057302,4,4962174155827869384728,4,9
large_integer,6982,4934504039717305057304,4,4962174155827869384730,4,9
large_integer,6983,4943727411754159833112,4,4971397527864724160538,4,9
large_integer,6984,4925280667680450281496,4,4952950783791014608922,4,9
large_integer,6985,4934504039717305057304,4,4962174155827869384730,4,9
large_integer,6986,4934504039717305057306,4,4962174155827869384732,4,9
large_integer,6987,4943727411754159833114,4,4971397527864724160540,4,9
large_integer,6988,4934504039717305057308,4,4962174155827869384734,4,9
large_integer,6989,4943727411754159833116,4,4971397527864724160542,4,9
large_integer,6990,4943727411754159833118,4,4971397527864724160544,4,9
large_integer,6991,4952950783791014608926,4,4980620899901578936352,4,9
large_integer,6992,3707795558815619874834,3,3763135791036748529685,3,11
large_integer,6993,3800029279184167632917,3,3800029279184167632917,3,13
large_integer,6994,4934504039717305057300,4,4989844271938433712151,4,11
large_integer,6995,4943727411754159833108,4,5026737760085852815383,4,13
large_integer,6996,4934504039717305057302,4,4989844271938433712153,4,11
large_integer,6997,4943727411754159833110,4,5026737760085852815385,4,13
large_integer,6998,4943727411754159833112,4,4999067643975288487963,4,11
large_integer,6999,4952950783791014608920,4,5035961132122707591195,4,13
large_integer,7000,4934504039717305057304,4,4989844271938433712155,4,11
large_integer,7001,4943727411754159833112,4,5026737760085852815387,4,13
large_integer,7002,4943727411754159833114,4,4999067643975288487965,4,11
large_integer,7003,4952950783791014608922,4,5035961132122707591197,4,13
large_integer,7004,4943727411754159833116,4,4999067643975288487967,4,11
large_integer,7005,4952950783791014608924,4,5035961132122707591199,4,13
large_integer,7006,4952950783791014608926,4,5008291016012143263777,4,11
large_integer,7007,4962174155827869384734,4,5045184504159562367009,4,13
large_integer,7008,3707795558815619874836,3,3735465674926184202262,3,9
large_integer,7009,4934504039717305057300,4,4962174155827869384726,4,9
large_integer,7010,4934504039717305057302,4,4962174155827869384728,4,9
large_integer,7011,4943727411754159833110,4,4971397527864724160536,4,9
large_integer,7012,4934504039717305057304,4,4962174155827869384730,4,9
large_integer,7013,4943727411754159833112,4,4971397527864724160538,4,9
large_integer,7014,4943727411754159833114,4,4971397527864724160540,4,9
large_integer,7015,4952950783791014608922,4,4980620899901578936348,4,9
large_integer,7016,4934504039717305057306,4,4962174155827869384732,4,9
large_integer,7017,4943727411754159833114,4,4971397527864724160540,4,9
large_integer,7018,4943727411754159833116,4,4971397527864724160542,4,9
large_integer,7019,4952950783791014608924,4,4980620899901578936350,4,9
large_integer,7020,4943727411754159833118,4,4971397527864724160544,4,9
large_integer,7021,4952950783791014608926,4,4980620899901578936352,4,9
large_integer,7022,4952950783791014608928,4,4980620899901578936354,4,9
large_integer,7023,4962174155827869384736,4,4989844271938433712162,4,9
large_integer,7024,3717018930852474650644,3,3772359163073603305495,3,11
large_integer,7025,3809252651221022408727,3,3809252651221022408727,3,13
large_integer,7026,4943727411754159833110,4,4999067643975288487961,4,11
large_integer,7027,4952950783791014608918,4,5035961132122707591193,4,13
large_integer,7028,4943727411754159833112,4,4999067643975288487963,4,11
large_integer,7029,4952950783791014608920,4,5035961132122707591195,4,13
large_integer,7030,4952950783791014608922,4,5008291016012143263773,4,11
large_integer,7031,4962174155827869384730,4,5045184504159562367005,4,13
large_integer,7032,4943727411754159833114,4,4999067643975288487965,4,11
large_integer,7033,4952950783791014608922,4,5035961132122707591197,4,13
large_integer,7034,4952950783791014608924,4,5008291016012143263775,4,11
large_integer,7035,4962174155827869384732,4,5045184504159562367007,4,13
large_integer,7036,4952950783791014608926,4,5008291016012143263777,4,11
large_integer,7037,4962174155827869384734,4,5045184504159562367009,4,13
large_integer,7038,4962174155827869384736,4,5017514388048998039587,4,11
large_integer,7039,4971397527864724160544,4,5054407876196417142819,4,13
large_integer,7040,3698572186778765099028,3,3726242302889329426454,3,9
large_integer,7041,4925280667680450281492,4,4952950783791014608918,4,9
large_integer,7042,4925280667680450281494,4,4952950783791014608920,4,9
large_integer,7043,4934504039717305057302,4,4962174155827869384728,4,9
large_integer,7044,4925280667680450281496,4,4952950783791014608922,4,9
large_integer,7045,4934504039717305057304,4,4962174155827869384730,4,9
large_integer,7046,4934504039717305057306,4,4962174155827869384732,4,9
large_integer,7047,4943727411754159833114,4,4971397527864724160540,4,9
large_integer,7048,4925280667680450281498,4,4952950783791014608924,4,9
large_integer,7049,4934504039717305057306,4,4962174155827869384732,4,9
large_integer,7050,4934504039717305057308,4,4962174155827869384734,4,9
large_integer,7051,4943727411754159833116,4,4971397527864724160542,4,9
large_integer,7052,4934504039717305057310,4,4962174155827869384736,4,9
large_integer,7053,4943727411754159833118,4,4971397527864724160544,4,9
large_integer,7054,4943727411754159833120,4,4971397527864724160546,4,9
large_integer,7055,4952950783791014608928,4,4980620899901578936354,4,9
large_integer,7056,3707795558815619874836,3,3763135791036748529687,3,11
large_integer,7057,3800029279184167632919,3,3800029279184167632919,3,13
large_integer,7058,4934504039717305057302,4,4989844271938433712153,4,11
large_integer,7059,4943727411754159833110,4,5026737760085852815385,4,13
large_integer,7060,4934504039717305057304,4,4989844271938433712155,4,11
large_integer,7061,4943727411754159833112,4,5026737760085852815387,4,13
large_integer,7062,4943727411754159833114,4,4999067643975288487965,4,11
large_integer,7063,4952950783791014608922,4,5035961132122707591197,4,13
large_integer,7064,4934504039717305057306,4,4989844271938433712157,4,11
large_integer,7065,4943727411754159833114,4,5026737760085852815389,4,13
large_integer,7066,4943727411754159833116,4,4999067643975288487967,4,11
large_integer,7067,4952950783791014608924,4,5035961132122707591199,4,13
large_integer,7068,4943727411754159833118,4,4999067643975288487969,4,11
large_integer,7069,4952950783791014608926,4,5035961132122707591201,4,13
large_integer,7070,4952950783791014608928,4,5008291016012143263779,4,11
large_integer,7071,4962174155827869384736,4,5045184504159562367011,4,13
large_integer,7072,3707795558815619874838,3,3735465674926184202264,3,9
large_integer,7073,4934504039717305057302,4,4962174155827869384728,4,9
large_integer,7074,4934504039717305057304,4,4962174155827869384730,4,9
large_integer,7075,4943727411754159833112,4,4971397527864724160538,4,9
large_integer,7076,4934504039717305057306,4,4962174155827869384732,4,9
large_integer,7077,4943727411754159833114,4,4971397527864724160540,4,9
large_integer,7078,4943727411754159833116,4,4971397527864724160542,4,9
large_integer,7079,4952950783791014608924,4,4980620899901578936350,4,9
large_integer,7080,4934504039717305057308,4,4962174155827869384734,4,9
large_integer,7081,4943727411754159833116,4,4971397527864724160542,4,9
large_integer,7082,4943727411754159833118,4,4971397527864724160544,4,9
large_integer,7083,4952950783791014608926,4,4980620899901578936352,4,9
large_integer,7084,4943727411754159833120,4,4971397527864724160546,4,9
large_integer,7085,4952950783791014608928,4,4980620899901578936354,4,9
large_integer,7086,4952950783791014608930,4,4980620899901578936356,4,9
large_integer,7087,4962174155827869384738,4,4989844271938433712164,4,9
large_integer,7088,3717018930852474650646,3,3772359163073603305497,3,11
large_integer,7089,3809252651221022408729,3,3809252651221022408729,3,13
large_integer,7090,4943727411754159833112,4,4999067643975288487963,4,11
large_integer,7091,4952950783791014608920,4,5035961132122707591195,4,13
large_integer,7092,4943727411754159833114,4,4999067643975288487965,4,11
large_integer,7093,4952950783791014608922,4,5035961132122707591197,4,13
large_integer,7094,4952950783791014608924,4,5008291016012143263775,4,11
large_integer,7095,4962174155827869384732,4,5045184504159562367007,4,13
large_integer,7096,4943727411754159833116,4,4999067643975288487967,4,11
large_integer,7097,4952950783791014608924,4,5035961132122707591199,4,13
large_integer,7098,4952950783791014608926,4,5008291016012143263777,4,11
large_integer,7099,4962174155827869384734,4,5045184504159562367009,4,13
large_integer,7100,4952950783791014608928,4,5008291016012143263779,4,11
large_integer,7101,4962174155827869384736,4,5045184504159562367011,4,13
large_integer,7102,4962174155827869384738,4,5017514388048998039589,4,11
large_integer,7103,4971397527864724160546,4,5054407876196417142821,4,13
large_integer,7104,3707795558815619874840,3,3735465674926184202266,3,9
large_integer,7105,4934504039717305057304,4,4962174155827869384730,4,9
large_integer,7106,4934504039717305057306,4,4962174155827869384732,4,9
large_integer,7107,4943727411754159833114,4,4971397527864724160540,4,9
large_integer,7108,4934504039717305057308,4,4962174155827869384734,4,9
large_integer,7109,4943727411754159833116,4,4971397527864724160542,4,9
large_integer,7110,4943727411754159833118,4,4971397527864724160544,4,9
large_integer,7111,4952950783791014608926,4,4980620899901578936352,4,9
large_integer,7112,4934504039717305057310,4,4962174155827869384736,4,9
large_integer,7113,4943727411754159833118,4,4971397527864724160544,4,9
large_integer,7114,4943727411754159833120,4,4971397527864724160546,4,9
large_integer,7115,4952950783791014608928,4,4980620899901578936354,4,9
large_integer,7116,4943727411754159833122,4,4971397527864724160548,4,9
large_integer,7117,4952950783791014608930,4,4980620899901578936356,4,9
large_integer,7118,4952950783791014608932,4,4980620899901578936358,4,9
large_integer,7119,4962174155827869384740,4,4989844271938433712166,4,9
large_integer,7120,3717018930852474650648,3,3772359163073603305499,3,11
large_integer,7121,3809252651221022408731,3,3809252651221022408731,3,13
large_integer,7122,4943727411754159833114,4,4999067643975288487965,4,11
large_integer,7123,4952950783791014608922,4,5035961132122707591197,4,13
large_integer,7124,4943727411754159833116,4,4999067643975288487967,4,11
large_integer,7125,4952950783791014608924,4,5035961132122707591199,4,13
large_integer,7126,4952950783791014608926,4,5008291016012143263777,4,11
large_integer,7127,4962174155827869384734,4,5045184504159562367009,4,13
large_integer,7128,4943727411754159833118,4,4999067643975288487969,4,11
large_integer,7129,4952950783791014608926,4,5035961132122707591201,4,13
large_integer,7130,4952950783791014608928,4,5008291016012143263779,4,11
large_integer,7131,4962174155827869384736,4,5045184504159562367011,4,13
large_integer,7132,4952950783791014608930,4,5008291016012143263781,4,11
large_integer,7133,4962174155827869384738,4,5045184504159562367013,4,13
large_integer,7134,4962174155827869384740,4,5017514388048998039591,4,11
large_integer,7135,4971397527864724160548,4,5054407876196417142823,4,13
large_integer,7136,3717018930852474650650,3,3744689046963038978076,3,9
large_integer,7137,4943727411754159833114,4,4971397527864724160540,4,9
large_integer,7138,4943727411754159833116,4,4971397527864724160542,4,9
large_integer,7139,4952950783791014608924,4,4980620899901578936350,4,9
large_integer,7140,4943727411754159833118,4,4971397527864724160544,4,9
large_integer,7141,4952950783791014608926,4,4980620899901578936352,4,9
large_integer,7142,4952950783791014608928,4,4980620899901578936354,4,9
large_integer,7143,4962174155827869384736,4,4989844271938433712162,4,9
large_integer,7144,4943727411754159833120,4,4971397527864724160546,4,9
large_integer,7145,4952950783791014608928,4,4980620899901578936354,4,9
large_integer,7146,4952950783791014608930,4,4980620899901578936356,4,9
large_integer,7147,4962174155827869384738,4,4989844271938433712164,4,9
large_integer,7148,4952950783791014608932,4,4980620899901578936358,4,9
large_integer,7149,4962174155827869384740,4,4989844271938433712166,4,9
large_integer,7150,4962174155827869384742,4,4989844271938433712168,4,9
large_integer,7151,4971397527864724160550,4,4999067643975288487976,4,9
large_integer,7152,3726242302889329426458,3,3781582535110458081309,3,11
large_integer,7153,3818476023257877184541,3,3818476023257877184541,3,13
large_integer,7154,4952950783791014608924,4,5008291016012143263775,4,11
large_integer,7155,4962174155827869384732,4,5045184504159562367007,4,13
large_integer,7156,4952950783791014608926,4,5008291016012143263777,4,11
large_integer,7157,4962174155827869384734,4,5045184504159562367009,4,13
large_integer,7158,4962174155827869384736,4,5017514388048998039587,4,11
large_integer,7159,4971397527864724160544,4,5054407876196417142819,4,13
large_integer,7160,4952950783791014608928,4,5008291016012143263779,4,11
large_integer,7161,4962174155827869384736,4,5045184504159562367011,4,13
large_integer,7162,4962174155827869384738,4,5017514388048998039589,4,11
large_integer,7163,4971397527864724160546,4,5054407876196417142821,4,13
large_integer,7164,4962174155827869384740,4,5017514388048998039591,4,11
large_integer,7165,4971397527864724160548,4,5054407876196417142823,4,13
large_integer,7166,4971397527864724160550,4,5026737760085852815401,4,11
large_integer,7167,4980620899901578936358,4,5063631248233271918633,4,13
large_integer,7168,2462640333840225140751,2,2462640333840225140751,2,7
large_integer,7169,3689348814741910323215,3,3689348814741910323215,3,7
large_integer,7170,3689348814741910323217,3,3689348814741910323217,3,7
large_integer,7171,3698572186778765099025,3,3698572186778765099025,3,7
large_integer,7172,3689348814741910323219,3,3689348814741910323219,3,7
large_integer,7173,3698572186778765099027,3,3698572186778765099027,3,7
large_integer,7174,3698572186778765099029,3,3698572186778765099029,3,7
large_integer,7175,3707795558815619874837,3,3707795558815619874837,3,7
large_integer,7176,3689348814741910323221,3,3689348814741910323221,3,7
large_integer,7177,3698572186778765099029,3,3698572186778765099029,3,7
large_integer,7178,3698572186778765099031,3,3698572186778765099031,3,7
large_integer,7179,3707795558815619874839,3,3707795558815619874839,3,7
large_integer,7180,3698572186778765099033,3,3698572186778765099033,3,7
large_integer,7181,3707795558815619874841,3,3707795558815619874841,3,7
large_integer,7182,3707795558815619874843,3,3707795558815619874843,3,7
large_integer,7183,3717018930852474650651,3,3717018930852474650651,3,7
large_integer,7184,3689348814741910323216,3,3689348814741910323216,3,7
large_integer,7185,4916057295643595505680,4,4916057295643595505680,4,7
large_integer,7186,4916057295643595505682,4,4916057295643595505682,4,7
large_integer,7187,4925280667680450281490,4,4925280667680450281490,4,7
large_integer,7188,4916057295643595505684,4,4916057295643595505684,4,7
large_integer,7189,4925280667680450281492,4,4925280667680450281492,4,7
large_integer,7190,4925280667680450281494,4,4925280667680450281494,4,7
large_integer,7191,4934504039717305057302,4,4934504039717305057302,4,7
large_integer,7192,4916057295643595505686,4,4916057295643595505686,4,7
large_integer,7193,4925280667680450281494,4,4925280667680450281494,4,7
large_integer,7194,4925280667680450281496,4,4925280667680450281496,4,7
large_integer,7195,4934504039717305057304,4,4934504039717305057304,4,7
large_integer,7196,4925280667680450281498,4,4925280667680450281498,4,7
large_integer,7197,4934504039717305057306,4,4934504039717305057306,4,7
large_integer,7198,4934504039717305057308,4,4934504039717305057308,4,7
large_integer,7199,4943727411754159833116,4,4943727411754159833116,4,7
large_integer,7200,3689348814741910323218,3,3689348814741910323218,3,7
large_integer,7201,4916057295643595505682,4,4916057295643595505682,4,7
large_integer,7202,4916057295643595505684,4,4916057295643595505684,4,7
large_integer,7203,4925280667680450281492,4,4925280667680450281492,4,7
large_integer,7204,4916057295643595505686,4,4916057295643595505686,4,7
large_integer,7205,4925280667680450281494,4,4925280667680450281494,4,7
large_integer,7206,4925280667680450281496,4,4925280667680450281496,4,7
large_integer,7207,4934504039717305057304,4,4934504039717305057304,4,7
large_integer,7208,4916057295643595505688,4,4916057295643595505688,4,7
large_integer,7209,4925280667680450281496,4,4925280667680450281496,4,7
large_integer,7210,4925280667680450281498,4,4925280667680450281498,4,7
large_integer,7211,4934504039717305057306,4,4934504039717305057306,4,7
large_integer,7212,4925280667680450281500,4,4925280667680450281500,4,7
large_integer,7213,4934504039717305057308,4,4934504039717305057308,4,7
large_integer,7214,4934504039717305057310,4,4934504039717305057310,4,7
large_integer,7215,4943727411754159833118,4,4943727411754159833118,4,7
large_integer,7216,3698572186778765099026,3,3698572186778765099026,3,7
large_integer,7217,4925280667680450281490,4,4925280667680450281490,4,7
large_integer,7218,4925280667680450281492,4,4925280667680450281492,4,7
large_integer,7219,4934504039717305057300,4,4934504039717305057300,4,7
large_integer,7220,4925280667680450281494,4,4925280667680450281494,4,7
large_integer,7221,4934504039717305057302,4,4934504039717305057302,4,7
large_integer,7222,4934504039717305057304,4,4934504039717305057304,4,7
large_integer,7223,4943727411754159833112,4,4943727411754159833112,4,7
large_integer,7224,4925280667680450281496,4,4925280667680450281496,4,7
large_integer,7225,4934504039717305057304,4,4934504039717305057304,4,7
large_integer,7226,4934504039717305057306,4,4934504039717305057306,4,7
large_integer,7227,4943727411754159833114,4,4943727411754159833114,4,7
large_integer,7228,4934504039717305057308,4,4934504039717305057308,4,7
large_integer,7229,4943727411754159833116,4,4943727411754159833116,4,7
large_integer,7230,4943727411754159833118,4,4943727411754159833118,4,7
large_integer,7231,4952950783791014608926,4,4952950783791014608926,4,7
large_integer,7232,3689348814741910323220,3,3689348814741910323220,3,7
large_integer,7233,4916057295643595505684,4,4916057295643595505684,4,7
large_integer,7234,4916057295643595505686,4,4916057295643595505686,4,7
large_integer,7235,4925280667680450281494,4,4925280667680450281494,4,7
large_integer,7236,4916057295643595505688,4,4916057295643595505688,4,7
large_integer,7237,4925280667680450281496,4,4925280667680450281496,4,7
large_integer,7238,4925280667680450281498,4,4925280667680450281498,4,7
large_integer,7239,4934504039717305057306,4,4934504039717305057306,4,7
large_integer,7240,4916057295643595505690,4,4916057295643595505690,4,7
large_integer,7241,4925280667680450281498,4,4925280667680450281498,4,7
large_integer,7242,4925280667680450281500,4,4925280667680450281500,4,7
large_integer,7243,4934504039717305057308,4,4934504039717305057308,4,7
large_integer,7244,4925280667680450281502,4,4925280667680450281502,4,7
large_integer,7245,4934504039717305057310,4,4934504039717305057310,4,7
large_integer,7246,4934504039717305057312,4,4934504039717305057312,4,7
large_integer,7247,4943727411754159833120,4,4943727411754159833120,4,7
large_integer,7248,3698572186778765099028,3,3698572186778765099028,3,7
large_integer,7249,4925280667680450281492,4,4925280667680450281492,4,7
large_integer,7250,4925280667680450281494,4,4925280667680450281494,4,7
large_integer,7251,4934504039717305057302,4,4934504039717305057302,4,7
large_integer,7252,4925280667680450281496,4,4925280667680450281496,4,7
large_integer,7253,4934504039717305057304,4,4934504039717305057304,4,7
large_integer,7254,4934504039717305057306,4,4934504039717305057306,4,7
large_integer,7255,4943727411754159833114,4,4943727411754159833114,4,7
large_integer,7256,4925280667680450281498,4,4925280667680450281498,4,7
large_integer,7257,4934504039717305057306,4,4934504039717305057306,4,7
large_integer,7258,4934504039717305057308,4,4934504039717305057308,4,7
large_integer,7259,4943727411754159833116,4,4943727411754159833116,4,7
large_integer,7260,4934504039717305057310,4,4934504039717305057310,4,7
large_integer,7261,4943727411754159833118,4,4943727411754159833118,4,7
large_integer,7262,4943727411754159833120,4,4943727411754159833120,4,7
large_integer,7263,4952950783791014608928,4,4952950783791014608928,4,7
large_integer,7264,3698572186778765099030,3,3698572186778765099030,3,7
large_integer,7265,4925280667680450281494,4,4925280667680450281494,4,7
large_integer,7266,4925280667680450281496,4,4925280667680450281496,4,7
large_integer,7267,4934504039717305057304,4,4934504039717305057304,4,7
large_integer,7268,4925280667680450281498,4,4925280667680450281498,4,7
large_integer,7269,4934504039717305057306,4,4934504039717305057306,4,7
large_integer,7270,4934504039717305057308,4,4934504039717305057308,4,7
large_integer,7271,4943727411754159833116,4,4943727411754159833116,4,7
large_integer,7272,4925280667680450281500,4,4925280667680450281500,4,7
large_integer,7273,4934504039717305057308,4,4934504039717305057308,4,7
large_integer,7274,4934504039717305057310,4,4934504039717305057310,4,7
large_integer,7275,4943727411754159833118,4,4943727411754159833118,4,7
large_integer,7276,4934504039717305057312,4,4934504039717305057312,4,7
large_integer,7277,4943727411754159833120,4,4943727411754159833120,4,7
large_integer,7278,4943727411754159833122,4,4943727411754159833122,4,7
large_integer,7279,4952950783791014608930,4,4952950783791014608930,4,7
large_integer,7280,3707795558815619874838,3,3707795558815619874838,3,7
large_integer,7281,4934504039717305057302,4,4934504039717305057302,4,7
large_integer,7282,4934504039717305057304,4,4934504039717305057304,4,7
large_integer,7283,4943727411754159833112,4,4943727411754159833112,4,7
large_integer,7284,4934504039717305057306,4,4934504039717305057306,4,7
large_integer,7285,4943727411754159833114,4,4943727411754159833114,4,7
large_integer,7286,4943727411754159833116,4,4943727411754159833116,4,7
large_integer,7287,4952950783791014608924,4,4952950783791014608924,4,7
large_integer,7288,4934504039717305057308,4,4934504039717305057308,4,7
large_integer,7289,4943727411754159833116,4,4943727411754159833116,4,7
large_integer,7290,4943727411754159833118,4,4943727411754159833118,4,7
large_integer,7291,4952950783791014608926,4,4952950783791014608926,4,7
large_integer,7292,4943727411754159833120,4,4943727411754159833120,4,7
large_integer,7293,4952950783791014608928,4,4952950783791014608928,4,7
large_integer,7294,4952950783791014608930,4,4952950783791014608930,4,7
large_integer,7295,4962174155827869384738,4,4962174155827869384738,4,7
large_integer,7296,3689348814741910323222,3,3689348814741910323222,3,7
large_integer,7297,4916057295643595505686,4,4916057295643595505686,4,7
large_integer,7298,4916057295643595505688,4,4916057295643595505688,4,7
large_integer,7299,4925280667680450281496,4,4925280667680450281496,4,7
large_integer,7300,4916057295643595505690,4,4916057295643595505690,4,7
large_integer,7301,4925280667680450281498,4,4925280667680450281498,4,7
large_integer,7302,4925280667680450281500,4,4925280667680450281500,4,7
large_integer,7303,4934504039717305057308,4,4934504039717305057308,4,7
large_integer,7304,4916057295643595505692,4,4916057295643595505692,4,7
large_integer,7305,4925280667680450281500,4,4925280667680450281500,4,7
large_integer,7306,4925280667680450281502,4,4925280667680450281502,4,7
large_integer,7307,4934504039717305057310,4,4934504039717305057310,4,7
large_integer,7308,4925280667680450281504,4,4925280667680450281504,4,7
large_integer,7309,4934504039717305057312,4,4934504039717305057312,4,7
large_integer,7310,4934504039717305057314,4,4934504039717305057314,4,7
large_integer,7311,4943727411754159833122,4,4943727411754159833122,4,7
large_integer,7312,3698572186778765099030,3,3698572186778765099030,3,7
large_integer,7313,4925280667680450281494,4,4925280667680450281494,4,7
large_integer,7314,4925280667680450281496,4,4925280667680450281496,4,7
large_integer,7315,4934504039717305057304,4,4934504039717305057304,4,7
large_integer,7316,4925280667680450281498,4,4925280667680450281498,4,7
large_integer,7317,4934504039717305057306,4,4934504039717305057306,4,7
large_integer,7318,4934504039717305057308,4,4934504039717305057308,4,7
large_integer,7319,4943727411754159833116,4,4943727411754159833116,4,7
large_integer,7320,4925280667680450281500,4,4925280667680450281500,4,7
large_integer,7321,4934504039717305057308,4,4934504039717305057308,4,7
large_integer,7322,4934504039717305057310,4,4934504039717305057310,4,7
large_integer,7323,4943727411754159833118,4,4943727411754159833118,4,7
large_integer,7324,4934504039717305057312,4,4934504039717305057312,4,7
large_integer,7325,4943727411754159833120,4,4943727411754159833120,4,7
large_integer,7326,4943727411754159833122,4,4943727411754159833122,4,7
large_integer,7327,4952950783791014608930,4,4952950783791014608930,4,7
large_integer,7328,3698572186778765099032,3,3698572186778765099032,3,7
large_integer,7329,4925280667680450281496,4,4925280667680450281496,4,7
large_integer,7330,4925280667680450281498,4,4925280667680450281498,4,7
large_integer,7331,4934504039717305057306,4,4934504039717305057306,4,7
large_integer,7332,4925280667680450281500,4,4925280667680450281500,4,7
large_integer,7333,4934504039717305057308,4,4934504039717305057308,4,7
large_integer,7334,4934504039717305057310,4,4934504039717305057310,4,7
large_integer,7335,4943727411754159833118,4,4943727411754159833118,4,7
large_integer,7336,4925280667680450281502,4,4925280667680450281502,4,7
large_integer,7337,4934504039717305057310,4,4934504039717305057310,4,7
large_integer,7338,4934504039717305057312,4,4934504039717305057312,4,7
large_integer,7339,4943727411754159833120,4,4943727411754159833120,4,7
large_integer,7340,4934504039717305057314,4,4934504039717305057314,4,7
large_integer,7341,4943727411754159833122,4,4943727411754159833122,4,7
large_integer,7342,4943727411754159833124,4,4943727411754159833124,4,7
large_integer,7343,4952950783791014608932,4,4952950783791014608932,4,7
large_integer,7344,3707795558815619874840,3,3707795558815619874840,3,7
large_integer,7345,4934504039717305057304,4,4934504039717305057304,4,7
large_integer,7346,4934504039717305057306,4,4934504039717305057306,4,7
large_integer,7347,4943727411754159833114,4,4943727411754159833114,4,7
large_integer,7348,4934504039717305057308,4,4934504039717305057308,4,7
large_integer,7349,4943727411754159833116,4,4943727411754159833116,4,7
large_integer,7350,4943727411754159833118,4,4943727411754159833118,4,7
large_integer,7351,4952950783791014608926,4,4952950783791014608926,4,7
large_integer,7352,4934504039717305057310,4,4934504039717305057310,4,7
large_integer,7353,4943727411754159833118,4,4943727411754159833118,4,7
large_integer,7354,4943727411754159833120,4,4943727411754159833120,4,7
large_integer,7355,4952950783791014608928,4,4952950783791014608928,4,7
large_integer,7356,4943727411754159833122,4,4943727411754159833122,4,7
large_integer,7357,4952950783791014608930,4,4952950783791014608930,4,7
large_integer,7358,4952950783791014608932,4,4952950783791014608932,4,7
large_integer,7359,4962174155827869384740,4,4962174155827869384740,4,7
large_integer,7360,3698572186778765099034,3,3698572186778765099034,3,7
large_integer,7361,4925280667680450281498,4,4925280667680450281498,4,7
large_integer,7362,4925280667680450281500,4,4925280667680450281500,4,7
large_integer,7363,4934504039717305057308,4,4934504039717305057308,4,7
large_integer,7364,4925280667680450281502,4,4925280667680450281502,4,7
large_integer,7365,4934504039717305057310,4,4934504039717305057310,4,7
large_integer,7366,4934504039717305057312,4,4934504039717305057312,4,7
large_integer,7367,4943727411754159833120,4,4943727411754159833120,4,7
large_integer,7368,4925280667680450281504,4,4925280667680450281504,4,7
large_integer,7369,4934504039717305057312,4,4934504039717305057312,4,7
large_integer,7370,4934504039717305057314,4,4934504039717305057314,4,7
large_integer,7371,4943727411754159833122,4,4943727411754159833122,4,7
large_integer,7372,4934504039717305057316,4,4934504039717305057316,4,7
large_integer,7373,4943727411754159833124,4,4943727411754159833124,4,7
large_integer,7374,4943727411754159833126,4,4943727411754159833126,4,7
large_integer,7375,4952950783791014608934,4,4952950783791014608934,4,7
large_integer,7376,3707795558815619874842,3,3707795558815619874842,3,7
large_integer,7377,4934504039717305057306,4,4934504039717305057306,4,7
large_integer,7378,4934504039717305057308,4,4934504039717305057308,4,7
large_integer,7379,4943727411754159833116,4,4943727411754159833116,4,7
large_integer,7380,4934504039717305057310,4,4934504039717305057310,4,7
large_integer,7381,4943727411754159833118,4,4943727411754159833118,4,7
large_integer,7382,4943727411754159833120,4,4943727411754159833120,4,7
large_integer,7383,4952950783791014608928,4,4952950783791014608928,4,7
large_integer,7384,4934504039717305057312,4,4934504039717305057312,4,7
large_integer,7385,4943727411754159833120,4,4943727411754159833120,4,7
large_integer,7386,4943727411754159833122,4,4943727411754159833122,4,7
large_integer,7387,4952950783791014608930,4,4952950783791014608930,4,7
large_integer,7388,4943727411754159833124,4,4943727411754159833124,4,7
large_integer,7389,4952950783791014608932,4,4952950783791014608932,4,7
large_integer,7390,4952950783791014608934,4,4952950783791014608934,4,7
large_integer,7391,4962174155827869384742,4,4962174155827869384742,4,7
large_integer,7392,3707795558815619874844,3,3707795558815619874844,3,7
large_integer,7393,4934504039717305057308,4,4934504039717305057308,4,7
large_integer,7394,4934504039717305057310,4,4934504039717305057310,4,7
large_integer,7395,4943727411754159833118,4,4943727411754159833118,4,7
large_integer,7396,4934504039717305057312,4,4934504039717305057312,4,7
large_integer,7397,4943727411754159833120,4,4943727411754159833120,4,7
large_integer,7398,4943727411754159833122,4,4943727411754159833122,4,7
large_integer,7399,4952950783791014608930,4,4952950783791014608930,4,7
large_integer,7400,4934504039717305057314,4,4934504039717305057314,4,7
large_integer,7401,4943727411754159833122,4,4943727411754159833122,4,7
large_integer,7402,4943727411754159833124,4,4943727411754159833124,4,7
large_integer,7403,4952950783791014608932,4,4952950783791014608932,4,7
large_integer,7404,4943727411754159833126,4,4943727411754159833126,4,7
large_integer,7405,4952950783791014608934,4,4952950783791014608934,4,7
large_integer,7406,4952950783791014608936,4,4952950783791014608936,4,7
large_integer,7407,4962174155827869384744,4,4962174155827869384744,4,7
large_integer,7408,3717018930852474650652,3,3717018930852474650652,3,7
large_integer,7409,4943727411754159833116,4,4943727411754159833116,4,7
large_integer,7410,4943727411754159833118,4,4943727411754159833118,4,7
large_integer,7411,4952950783791014608926,4,4952950783791014608926,4,7
large_integer,7412,4943727411754159833120,4,4943727411754159833120,4,7
large_integer,7413,4952950783791014608928,4,4952950783791014608928,4,7
large_integer,7414,4952950783791014608930,4,4952950783791014608930,4,7
large_integer,7415,4962174155827869384738,4,4962174155827869384738,4,7
large_integer,7416,4943727411754159833122,4,4943727411754159833122,4,7
large_integer,7417,4952950783791014608930,4,4952950783791014608930,4,7
large_integer,7418,4952950783791014608932,4,4952950783791014608932,4,7
large_integer,7419,4962174155827869384740,4,4962174155827869384740,4,7
large_integer,7420,4952950783791014608934,4,4952950783791014608934,4,7
large_integer,7421,4962174155827869384742,4,4962174155827869384742,4,7
large_integer,7422,4962174155827869384744,4,4962174155827869384744,4,7
large_integer,7423,4971397527864724160552,4,4971397527864724160552,4,7
large_integer,7424,2471863705877079916559,2,2499533821987644243985,2,9
large_integer,7425,3698572186778765099023,3,3726242302889329426449,3,9
large_integer,7426,3698572186778765099025,3,3726242302889329426451,3,9
large_integer,7427,3707795558815619874833,3,3735465674926184202259,3,9
large_integer,7428,3698572186778765099027,3,3726242302889329426453,3,9
large_integer,7429,3707795558815619874835,3,3735465674926184202261,3,9
large_integer,7430,3707795558815619874837,3,3735465674926184202263,3,9
large_integer,7431,3717018930852474650645,3,3744689046963038978071,3,9
large_integer,7432,3698572186778765099029,3,3726242302889329426455,3,9
large_integer,7433,3707795558815619874837,3,3735465674926184202263,3,9
large_integer,7434,3707795558815619874839,3,3735465674926184202265,3,9
large_integer,7435,3717018930852474650647,3,3744689046963038978073,3,9
large_integer,7436,3707795558815619874841,3,3735465674926184202267,3,9
large_integer,7437,3717018930852474650649,3,3744689046963038978075,3,9
large_integer,7438,3717018930852474650651,3,3744689046963038978077,3,9
large_integer,7439,3726242302889329426459,3,3753912418999893753885,3,9
large_integer,7440,2536427310135063347218,2,2536427310135063347218,2,11
large_integer,7441,2573320798282482450450,2,2573320798282482450450,2,13
large_integer,7442,3763135791036748529684,3,3763135791036748529684,3,11
large_integer,7443,3772359163073603305492,3,3800029279184167632916,3,13
large_integer,7444,3763135791036748529686,3,3763135791036748529686,3,11
large_integer,7445,3772359163073603305494,3,3800029279184167632918,3,13
large_integer,7446,3772359163073603305496,3,3772359163073603305496,3,11
large_integer,7447,3781582535110458081304,3,3809252651221022408728,3,13
large_integer,7448,3763135791036748529688,3,3763135791036748529688,3,11
large_integer,7449,3772359163073603305496,3,3800029279184167632920,3,13
large_integer,7450,3772359163073603305498,3,3772359163073603305498,3,11
large_integer,7451,3781582535110458081306,3,3809252651221022408730,3,13
large_integer,7452,3772359163073603305500,3,3772359163073603305500,3,11
large_integer,7453,3781582535110458081308,3,3809252651221022408732,3,13
large_integer,7454,3781582535110458081310,3,3781582535110458081310,3,11
large_integer,7455,3790805907147312857118,3,3818476023257877184542,3,13
large_integer,7456,3698572186778765099026,3,3726242302889329426452,3,9
large_integer,7457,4925280667680450281490,4,4952950783791014608916,4,9
large_integer,7458,4925280667680450281492,4,4952950783791014608918,4,9
large_integer,7459,4934504039717305057300,4,4962174155827869384726,4,9
large_integer,7460,4925280667680450281494,4,4952950783791014608920,4,9
large_integer,7461,4934504039717305057302,4,4962174155827869384728,4,9
large_integer,7462,4934504039717305057304,4,4962174155827869384730,4,9
large_integer,7463,4943727411754159833112,4,4971397527864724160538,4,9
large_integer,7464,4925280667680450281496,4,4952950783791014608922,4,9
large_integer,7465,4934504039717305057304,4,4962174155827869384730,4,9
large_integer,7466,4934504039717305057306,4,4962174155827869384732,4,9
large_integer,7467,4943727411754159833114,4,4971397527864724160540,4,9
large_integer,7468,4934504039717305057308,4,4962174155827869384734,4,9
large_integer,7469,4943727411754159833116,4,4971397527864724160542,4,9
large_integer,7470,4943727411754159833118,4,4971397527864724160544,4,9
large_integer,7471,4952950783791014608926,4,4980620899901578936352,4,9
large_integer,7472,3707795558815619874834,3,3763135791036748529685,3,11
large_integer,7473,3800029279184167632917,3,3800029279184167632917,3,13
large_integer,7474,4934504039717305057300,4,4989844271938433712151,4,11
large_integer,7475,4943727411754159833108,4,5026737760085852815383,4,13
large_integer,7476,4934504039717305057302,4,4989844271938433712153,4,11
large_integer,7477,4943727411754159833110,4,5026737760085852815385,4,13
large_integer,7478,4943727411754159833112,4,4999067643975288487963,4,11
large_integer,7479,4952950783791014608920,4,5035961132122707591195,4,13
large_integer,7480,4934504039717305057304,4,4989844271938433712155,4,11
large_integer,7481,4943727411754159833112,4,5026737760085852815387,4,13
large_integer,7482,4943727411754159833114,4,4999067643975288487965,4,11
large_integer,7483,4952950783791014608922,4,5035961132122707591197,4,13
large_integer,7484,4943727411754159833116,4,4999067643975288487967,4,11
large_integer,7485,4952950783791014608924,4,5035961132122707591199,4,13
large_integer,7486,4952950783791014608926,4,5008291016012143263777,4,11
large_integer,7487,4962174155827869384734,4,5045184504159562367009,4,13
large_integer,7488,3698572186778765099028,3,3726242302889329426454,3,9
large_integer,7489,4925280667680450281492,4,4952950783791014608918,4,9
large_integer,7490,4925280667680450281494,4,4952950783791014608920,4,9
large_integer,7491,4934504039717305057302,4,4962174155827869384728,4,9
large_integer,7492,4925280667680450281496,4,4952950783791014608922,4,9
large_integer,7493,4934504039717305057304,4,4962174155827869384730,4,9
large_integer,7494,4934504039717305057306,4,4962174155827869384732,4,9
large_integer,7495,4943727411754159833114,4,4971397527864724160540,4,9
large_integer,7496,4925280667680450281498,4,4952950783791014608924,4,9
large_integer,7497,4934504039717305057306,4,4962174155827869384732,4,9
large_integer,7498,4934504039717305057308,4,4962174155827869384734,4,9
large_integer,7499,4943727411754159833116,4,4971397527864724160542,4,9
large_integer,7500,4934504039717305057310,4,4962174155827869384736,4,9
large_integer,7501,4943727411754159833118,4,4971397527864724160544,4,9
large_integer,7502,4943727411754159833120,4,4971397527864724160546,4,9
large_integer,7503,4952950783791014608928,4,4980620899901578936354,4,9
large_integer,7504,3707795558815619874836,3,3763135791036748529687,3,11
large_integer,7505,3800029279184167632919,3,3800029279184167632919,3,13
large_integer,7506,4934504039717305057302,4,4989844271938433712153,4,11
large_integer,7507,4943727411754159833110,4,5026737760085852815385,4,13
large_integer,7508,4934504039717305057304,4,4989844271938433712155,4,11
large_integer,7509,4943727411754159833112,4,5026737760085852815387,4,13
large_integer,7510,4943727411754159833114,4,4999067643975288487965,4,11
large_integer,7511,4952950783791014608922,4,5035961132122707591197,4,13
large_integer,7512,4934504039717305057306,4,4989844271938433712157,4,11
large_integer,7513,4943727411754159833114,4,5026737760085852815389,4,13
large_integer,7514,4943727411754159833116,4,4999067643975288487967,4,11
large_integer,7515,4952950783791014608924,4,5035961132122707591199,4,13
large_integer,7516,4943727411754159833118,4,4999067643975288487969,4,11
large_integer,7517,4952950783791014608926,4,5035961132122707591201,4,13
large_integer,7518,4952950783791014608928,4,5008291016012143263779,4,11
large_integer,7519,4962174155827869384736,4,5045184504159562367011,4,13
large_integer,7520,3707795558815619874838,3,3735465674926184202264,3,9
large_integer,7521,4934504039717305057302,4,4962174155827869384728,4,9
large_integer,7522,4934504039717305057304,4,4962174155827869384730,4,9
large_integer,7523,4943727411754159833112,4,4971397527864724160538,4,9
large_integer,7524,4934504039717305057306,4,4962174155827869384732,4,9
large_integer,7525,4943727411754159833114,4,4971397527864724160540,4,9
large_integer,7526,4943727411754159833116,4,4971397527864724160542,4,9
large_integer,7527,4952950783791014608924,4,4980620899901578936350,4,9
large_integer,7528,4934504039717305057308,4,4962174155827869384734,4,9
large_integer,7529,4943727411754159833116,4,4971397527864724160542,4,9
large_integer,7530,4943727411754159833118,4,4971397527864724160544,4,9
large_integer,7531,4952950783791014608926,4,4980620899901578936352,4,9
large_integer,7532,4943727411754159833120,4,4971397527864724160546,4,9
large_integer,7533,4952950783791014608928,4,4980620899901578936354,4,9
large_integer,7534,4952950783791014608930,4,4980620899901578936356,4,9
large_integer,7535,4962174155827869384738,4,4989844271938433712164,4,9
large_integer,7536,3717018930852474650646,3,3772359163073603305497,3,11
large_integer,7537,3809252651221022408729,3,3809252651221022408729,3,13
large_integer,7538,4943727411754159833112,4,4999067643975288487963,4,11
large_integer,7539,4952950783791014608920,4,5035961132122707591195,4,13
large_integer,7540,4943727411754159833114,4,4999067643975288487965,4,11
large_integer,7541,4952950783791014608922,4,5035961132122707591197,4,13
large_integer,7542,4952950783791014608924,4,5008291016012143263775,4,11
large_integer,7543,4962174155827869384732,4,5045184504159562367007,4,13
large_integer,7544,4943727411754159833116,4,4999067643975288487967,4,11
large_integer,7545,4952950783791014608924,4,5035961132122707591199,4,13
large_integer,7546,4952950783791014608926,4,5008291016012143263777,4,11
large_integer,7547,4962174155827869384734,4,5045184504159562367009,4,13
large_integer,7548,4952950783791014608928,4,5008291016012143263779,4,11
large_integer,7549,4962174155827869384736,4,5045184504159562367011,4,13
large_integer,7550,4962174155827869384738,4,5017514388048998039589,4,11
large_integer,7551,4971397527864724160546,4,5054407876196417142821,4,13
large_integer,7552,3698572186778765099030,3,3726242302889329426456,3,9
large_integer,7553,4925280667680450281494,4,4952950783791014608920,4,9
large_integer,7554,4925280667680450281496,4,4952950783791014608922,4,9
large_integer,7555,4934504039717305057304,4,4962174155827869384730,4,9
large_integer,7556,4925280667680450281498,4,4952950783791014608924,4,9
large_integer,7557,4934504039717305057306,4,4962174155827869384732,4,9
large_integer,7558,4934504039717305057308,4,4962174155827869384734,4,9
large_integer,7559,4943727411754159833116,4,4971397527864724160542,4,9
large_integer,7560,4925280667680450281500,4,4952950783791014608926,4,9
large_integer,7561,4934504039717305057308,4,4962174155827869384734,4,9
large_integer,7562,4934504039717305057310,4,4962174155827869384736,4,9
large_integer,7563,4943727411754159833118,4,4971397527864724160544,4,9
large_integer,7564,4934504039717305057312,4,4962174155827869384738,4,9
large_integer,7565,4943727411754159833120,4,4971397527864724160546,4,9
large_integer,7566,4943727411754159833122,4,4971397527864724160548,4,9
large_integer,7567,4952950783791014608930,4,4980620899901578936356,4,9
large_integer,7568,3707795558815619874838,3,3763135791036748529689,3,11
large_integer,7569,3800029279184167632921,3,3800029279184167632921,3,13
large_integer,7570,4934504039717305057304,4,4989844271938433712155,4,11
large_integer,7571,4943727411754159833112,4,5026737760085852815387,4,13
large_integer,7572,4934504039717305057306,4,4989844271938433712157,4,11
large_integer,7573,4943727411754159833114,4,5026737760085852815389,4,13
large_integer,7574,4943727411754159833116,4,4999067643975288487967,4,11
large_integer,7575,4952950783791014608924,4,5035961132122707591199,4,13
large_integer,7576,4934504039717305057308,4,4989844271938433712159,4,11
large_integer,7577,4943727411754159833116,4,5026737760085852815391,4,13
large_integer,7578,4943727411754159833118,4,4999067643975288487969,4,11
large_integer,7579,4952950783791014608926,4,5035961132122707591201,4,13
large_integer,7580,4943727411754159833120,4,4999067643975288487971,4,11
large_integer,7581,4952950783791014608928,4,5035961132122707591203,4,13
large_integer,7582,4952950783791014608930,4,5008291016012143263781,4,11
large_integer,7583,4962174155827869384738,4,5045184504159562367013,4,13
large_integer,7584,3707795558815619874840,3,3735465674926184202266,3,9
large_integer,7585,4934504039717305057304,4,4962174155827869384730,4,9
large_integer,7586,4934504039717305057306,4,4962174155827869384732,4,9
large_integer,7587,4943727411754159833114,4,4971397527864724160540,4,9
large_integer,7588,4934504039717305057308,4,4962174155827869384734,4,9
large_integer,7589,4943727411754159833116,4,4971397527864724160542,4,9
large_integer,7590,4943727411754159833118,4,4971397527864724160544,4,9
large_integer,7591,4952950783791014608926,4,4980620899901578936352,4,9
large_integer,7592,4934504039717305057310,4,4962174155827869384736,4,9
large_integer,7593,4943727411754159833118,4,4971397527864724160544,4,9
large_integer,7594,4943727411754159833120,4,4971397527864724160546,4,9
large_integer,7595,4952950783791014608928,4,4980620899901578936354,4,9
large_integer,7596,4943727411754159833122,4,4971397527864724160548,4,9
large_integer,7597,4952950783791014608930,4,4980620899901578936356,4,9
large_integer,7598,4952950783791014608932,4,4980620899901578936358,4,9
large_integer,7599,4962174155827869384740,4,4989844271938433712166,4,9
large_integer,7600,3717018930852474650648,3,3772359163073603305499,3,11
large_integer,7601,3809252651221022408731,3,3809252651221022408731,3,13
large_integer,7602,4943727411754159833114,4,4999067643975288487965,4,11
large_integer,7603,4952950783791014608922,4,5035961132122707591197,4,13
large_integer,7604,4943727411754159833116,4,4999067643975288487967,4,11
large_integer,7605,4952950783791014608924,4,5035961132122707591199,4,13
large_integer,7606,4952950783791014608926,4,5008291016012143263777,4,11
large_integer,7607,4962174155827869384734,4,5045184504159562367009,4,13
large_integer,7608,4943727411754159833118,4,4999067643975288487969,4,11
large_integer,7609,4952950783791014608926,4,5035961132122707591201,4,13
large_integer,7610,4952950783791014608928,4,5008291016012143263779,4,11
large_integer,7611,4962174155827869384736,4,5045184504159562367011,4,13
large_integer,7612,4952950783791014608930,4,5008291016012143263781,4,11
large_integer,7613,4962174155827869384738,4,5045184504159562367013,4,13
large_integer,7614,4962174155827869384740,4,5017514388048998039591,4,11
large_integer,7615,4971397527864724160548,4,5054407876196417142823,4,13
large_integer,7616,3707795558815619874842,3,3735465674926184202268,3,9
large_integer,7617,4934504039717305057306,4,4962174155827869384732,4,9
large_integer,7618,4934504039717305057308,4,4962174155827869384734,4,9
large_integer,7619,4943727411754159833116,4,4971397527864724160542,4,9
large_integer,7620,4934504039717305057310,4,4962174155827869384736,4,9
large_integer,7621,4943727411754159833118,4,4971397527864724160544,4,9
large_integer,7622,4943727411754159833120,4,4971397527864724160546,4,9
large_integer,7623,4952950783791014608928,4,4980620899901578936354,4,9
large_integer,7624,4934504039717305057312,4,4962174155827869384738,4,9
large_integer,7625,4943727411754159833120,4,4971397527864724160546,4,9
large_integer,7626,4943727411754159833122,4,4971397527864724160548,4,9
large_integer,7627,4952950783791014608930,4,4980620899901578936356,4,9
large_integer,7628,4943727411754159833124,4,4971397527864724160550,4,9
large_integer,7629,4952950783791014608932,4,4980620899901578936358,4,9
large_integer,7630,4952950783791014608934,4,4980620899901578936360,4,9
large_integer,7631,4962174155827869384742,4,4989844271938433712168,4,9
large_integer,7632,3717018930852474650650,3,3772359163073603305501,3,11
large_integer,7633,3809252651221022408733,3,3809252651221022408733,3,13
large_integer,7634,4943727411754159833116,4,4999067643975288487967,4,11
large_integer,7635,4952950783791014608924,4,5035961132122707591199,4,13
large_integer,7636,4943727411754159833118,4,4999067643975288487969,4,11
large_integer,7637,4952950783791014608926,4,5035961132122707591201,4,13
large_integer,7638,4952950783791014608928,4,5008291016012143263779,4,11
large_integer,7639,4962174155827869384736,4,5045184504159562367011,4,13
large_integer,7640,4943727411754159833120,4,4999067643975288487971,4,11
large_integer,7641,4952950783791014608928,4,5035961132122707591203,4,13
large_integer,7642,4952950783791014608930,4,5008291016012143263781,4,11
large_integer,7643,4962174155827869384738,4,5045184504159562367013,4,13
large_integer,7644,4952950783791014608932,4,5008291016012143263783,4,11
large_integer,7645,4962174155827869384740,4,5045184504159562367015,4,13
large_integer,7646,4962174155827869384742,4,5017514388048998039593,4,11
large_integer,7647,4971397527864724160550,4,5054407876196417142825,4,13
large_integer,7648,3717018930852474650652,3,3744689046963038978078,3,9
large_integer,7649,4943727411754159833116,4,4971397527864724160542,4,9
large_integer,7650,4943727411754159833118,4,4971397527864724160544,4,9
large_integer,7651,4952950783791014608926,4,4980620899901578936352,4,9
large_integer,7652,4943727411754159833120,4,4971397527864724160546,4,9
large_integer,7653,4952950783791014608928,4,4980620899901578936354,4,9
large_integer,7654,4952950783791014608930,4,4980620899901578936356,4,9
large_integer,7655,4962174155827869384738,4,4989844271938433712164,4,9
large_integer,7656,4943727411754159833122,4,4971397527864724160548,4,9
large_integer,7657,4952950783791014608930,4,4980620899901578936356,4,9
large_integer,7658,4952950783791014608932,4,4980620899901578936358,4,9
large_integer,7659,4962174155827869384740,4,4989844271938433712166,4,9
large_integer,7660,4952950783791014608934,4,4980620899901578936360,4,9
large_integer,7661,4962174155827869384742,4,4989844271938433712168,4,9
large_integer,7662,4962174155827869384744,4,4989844271938433712170,4,9
large_integer,7663,4971397527864724160552,4,4999067643975288487978,4,9
large_integer,7664,3726242302889329426460,3,3781582535110458081311,3,11
large_integer,7665,3818476023257877184543,3,3818476023257877184543,3,13
large_integer,7666,4952950783791014608926,4,5008291016012143263777,4,11
large_integer,7667,4962174155827869384734,4,5045184504159562367009,4,13
large_integer,7668,4952950783791014608928,4,5008291016012143263779,4,11
large_integer,7669,4962174155827869384736,4,5045184504159562367011,4,13
large_integer,7670,4962174155827869384738,4,5017514388048998039589,4,11
large_integer,7671,4971397527864724160546,4,5054407876196417142821,4,13
large_integer,7672,4952950783791014608930,4,5008291016012143263781,4,11
large_integer,7673,4962174155827869384738,4,5045184504159562367013,4,13
large_integer,7674,4962174155827869384740,4,5017514388048998039591,4,11
large_integer,7675,4971397527864724160548,4,5054407876196417142823,4,13
large_integer,7676,4962174155827869384742,4,5017514388048998039593,4,11
large_integer,7677,4971397527864724160550,4,5054407876196417142825,4,13
large_integer,7678,4971397527864724160552,4,5026737760085852815403,4,11
large_integer,7679,4980620899901578936360,4,5063631248233271918635,4,13
large_integer,7680,2471863705877079916561,2,2471863705877079916561,2,7
large_integer,7681,3698572186778765099025,3,3698572186778765099025,3,7
large_integer,7682,3698572186778765099027,3,3698572186778765099027,3,7
large_integer,7683,3707795558815619874835,3,3707795558815619874835,3,7
large_integer,7684,3698572186778765099029,3,3698572186778765099029,3,7
large_integer,7685,3707795558815619874837,3,3707795558815619874837,3,7
large_integer,7686,3707795558815619874839,3,3707795558815619874839,3,7
large_integer,7687,3717018930852474650647,3,3717018930852474650647,3,7
large_integer,7688,3698572186778765099031,3,3698572186778765099031,3,7
large_integer,7689,3707795558815619874839,3,3707795558815619874839,3,7
large_integer,7690,3707795558815619874841,3,3707795558815619874841,3,7
large_integer,7691,3717018930852474650649,3,3717018930852474650649,3,7
large_integer,7692,3707795558815619874843,3,3707795558815619874843,3,7
large_integer,7693,3717018930852474650651,3,3717018930852474650651,3,7
large_integer,7694,3717018930852474650653,3,3717018930852474650653,3,7
large_integer,7695,3726242302889329426461,3,3726242302889329426461,3,7
large_integer,7696,3698572186778765099026,3,3698572186778765099026,3,7
large_integer,7697,4925280667680450281490,4,4925280667680450281490,4,7
large_integer,7698,4925280667680450281492,4,4925280667680450281492,4,7
large_integer,7699,4934504039717305057300,4,4934504039717305057300,4,7
large_integer,7700,4925280667680450281494,4,4925280667680450281494,4,7
large_integer,7701,4934504039717305057302,4,4934504039717305057302,4,7
large_integer,7702,4934504039717305057304,4,4934504039717305057304,4,7
large_integer,7703,4943727411754159833112,4,4943727411754159833112,4,7
large_integer,7704,4925280667680450281496,4,4925280667680450281496,4,7
large_integer,7705,4934504039717305057304,4,4934504039717305057304,4,7
large_integer,7706,4934504039717305057306,4,4934504039717305057306,4,7
large_integer,7707,4943727411754159833114,4,4943727411754159833114,4,7
large_integer,7708,4934504039717305057308,4,4934504039717305057308,4,7
large_integer,7709,4943727411754159833116,4,4943727411754159833116,4,7
large_integer,7710,4943727411754159833118,4,4943727411754159833118,4,7
large_integer,7711,4952950783791014608926,4,4952950783791014608926,4,7
large_integer,7712,3698572186778765099028,3,3698572186778765099028,3,7
large_integer,7713,4925280667680450281492,4,4925280667680450281492,4,7
large_integer,7714,4925280667680450281494,4,4925280667680450281494,4,7
large_integer,7715,4934504039717305057302,4,4934504039717305057302,4,7
large_integer,7716,4925280667680450281496,4,4925280667680450281496,4,7
large_integer,7717,4934504039717305057304,4,4934504039717305057304,4,7
large_integer,7718,4934504039717305057306,4,4934504039717305057306,4,7
large_integer,7719,4943727411754159833114,4,4943727411754159833114,4,7
large_integer,7720,4925280667680450281498,4,4925280667680450281498,4,7
large_integer,7721,4934504039717305057306,4,4934504039717305057306,4,7
large_integer,7722,4934504039717305057308,4,4934504039717305057308,4,7
large_integer,7723,4943727411754159833116,4,4943727411754159833116,4,7
large_integer,7724,4934504039717305057310,4,4934504039717305057310,4,7
large_integer,7725,4943727411754159833118,4,4943727411754159833118,4,7
large_integer,7726,4943727411754159833120,4,4943727411754159833120,4,7
large_integer,7727,4952950783791014608928,4,4952950783791014608928,4,7
large_integer,7728,3707795558815619874836,3,3707795558815619874836,3,7
large_integer,7729,4934504039717305057300,4,4934504039717305057300,4,7
large_integer,7730,4934504039717305057302,4,4934504039717305057302,4,7
large_integer,7731,4943727411754159833110,4,4943727411754159833110,4,7
large_integer,7732,4934504039717305057304,4,4934504039717305057304,4,7
large_integer,7733,4943727411754159833112,4,4943727411754159833112,4,7
large_integer,7734,4943727411754159833114,4,4943727411754159833114,4,7
large_integer,7735,4952950783791014608922,4,4952950783791014608922,4,7
large_integer,7736,4934504039717305057306,4,4934504039717305057306,4,7
large_integer,7737,4943727411754159833114,4,4943727411754159833114,4,7
large_integer,7738,4943727411754159833116,4,4943727411754159833116,4,7
large_integer,7739,4952950783791014608924,4,4952950783791014608924,4,7
large_integer,7740,4943727411754159833118,4,4943727411754159833118,4,7
large_integer,7741,4952950783791014608926,4,4952950783791014608926,4,7
large_integer,7742,4952950783791014608928,4,4952950783791014608928,4,7
large_integer,7743,4962174155827869384736,4,4962174155827869384736,4,7
large_integer,7744,3698572186778765099030,3,3698572186778765099030,3,7
large_integer,7745,4925280667680450281494,4,4925280667680450281494,4,7
large_integer,7746,4925280667680450281496,4,4925280667680450281496,4,7
large_integer,7747,4934504039717305057304,4,4934504039717305057304,4,7
large_integer,7748,4925280667680450281498,4,4925280667680450281498,4,7
large_integer,7749,4934504039717305057306,4,4934504039717305057306,4,7
large_integer,7750,4934504039717305057308,4,4934504039717305057308,4,7
large_integer,7751,4943727411754159833116,4,4943727411754159833116,4,7
large_integer,7752,4925280667680450281500,4,4925280667680450281500,4,7
large_integer,7753,4934504039717305057308,4,4934504039717305057308,4,7
large_integer,7754,4934504039717305057310,4,4934504039717305057310,4,7
large_integer,7755,4943727411754159833118,4,4943727411754159833118,4,7
large_integer,7756,4934504039717305057312,4,4934504039717305057312,4,7
large_integer,7757,4943727411754159833120,4,4943727411754159833120,4,7
large_integer,7758,4943727411754159833122,4,4943727411754159833122,4,7
large_integer,7759,4952950783791014608930,4,4952950783791014608930,4,7
large_integer,7760,3707795558815619874838,3,3707795558815619874838,3,7
large_integer,7761,4934504039717305057302,4,4934504039717305057302,4,7
large_integer,7762,4934504039717305057304,4,4934504039717305057304,4,7
large_integer,7763,4943727411754159833112,4,4943727411754159833112,4,7
large_integer,7764,4934504039717305057306,4,4934504039717305057306,4,7
large_integer,7765,4943727411754159833114,4,4943727411754159833114,4,7
large_integer,7766,4943727411754159833116,4,4943727411754159833116,4,7
large_integer,7767,4952950783791014608924,4,4952950783791014608924,4,7
large_integer,7768,4934504039717305057308,4,4934504039717305057308,4,7
large_integer,7769,4943727411754159833116,4,4943727411754159833116,4,7
large_integer,7770,4943727411754159833118,4,4943727411754159833118,4,7
large_integer,7771,4952950783791014608926,4,4952950783791014608926,4,7
large_integer,7772,4943727411754159833120,4,4943727411754159833120,4,7
large_integer,7773,4952950783791014608928,4,4952950783791014608928,4,7
large_integer,7774,4952950783791014608930,4,4952950783791014608930,4,7
large_integer,7775,4962174155827869384738,4,4962174155827869384738,4,7
large_integer,7776,3707795558815619874840,3,3707795558815619874840,3,7
large_integer,7777,4934504039717305057304,4,4934504039717305057304,4,7
large_integer,7778,4934504039717305057306,4,4934504039717305057306,4,7
large_integer,7779,4943727411754159833114,4,4943727411754159833114,4,7
large_integer,7780,4934504039717305057308,4,4934504039717305057308,4,7
large_integer,7781,4943727411754159833116,4,4943727411754159833116,4,7
large_integer,7782,4943727411754159833118,4,4943727411754159833118,4,7
large_integer,7783,4952950783791014608926,4,4952950783791014608926,4,7
large_integer,7784,4934504039717305057310,4,4934504039717305057310,4,7
large_integer,7785,4943727411754159833118,4,4943727411754159833118,4,7
large_integer,7786,4943727411754159833120,4,4943727411754159833120,4,7
large_integer,7787,4952950783791014608928,4,4952950783791014608928,4,7
large_integer,7788,4943727411754159833122,4,4943727411754159833122,4,7
large_integer,7789,4952950783791014608930,4,4952950783791014608930,4,7
large_integer,7790,4952950783791014608932,4,4952950783791014608932,4,7
large_integer,7791,4962174155827869384740,4,4962174155827869384740,4,7
large_integer,7792,3717018930852474650648,3,3717018930852474650648,3,7
large_integer,7793,4943727411754159833112,4,4943727411754159833112,4,7
large_integer,7794,4943727411754159833114,4,4943727411754159833114,4,7
large_integer,7795,4952950783791014608922,4,4952950783791014608922,4,7
large_integer,7796,4943727411754159833116,4,4943727411754159833116,4,7
large_integer,7797,4952950783791014608924,4,4952950783791014608924,4,7
large_integer,7798,4952950783791014608926,4,4952950783791014608926,4,7
large_integer,7799,4962174155827869384734,4,4962174155827869384734,4,7
large_integer,7800,4943727411754159833118,4,4943727411754159833118,4,7
large_integer,7801,4952950783791014608926,4,4952950783791014608926,4,7
large_integer,7802,4952950783791014608928,4,4952950783791014608928,4,7
large_integer,7803,4962174155827869384736,4,4962174155827869384736,4,7
large_integer,7804,4952950783791014608930,4,4952950783791014608930,4,7
large_integer,7805,4962174155827869384738,4,4962174155827869384738,4,7
large_integer,7806,4962174155827869384740,4,4962174155827869384740,4,7
large_integer,7807,4971397527864724160548,4,4971397527864724160548,4,7
large_integer,7808,3698572186778765099032,3,3698572186778765099032,3,7
large_integer,7809,4925280667680450281496,4,4925280667680450281496,4,7
large_integer,7810,4925280667680450281498,4,4925280667680450281498,4,7
large_integer,7811,4934504039717305057306,4,4934504039717305057306,4,7
large_integer,7812,4925280667680450281500,4,4925280667680450281500,4,7
large_integer,7813,4934504039717305057308,4,4934504039717305057308,4,7
large_integer,7814,4934504039717305057310,4,4934504039717305057310,4,7
large_integer,7815,4943727411754159833118,4,4943727411754159833118,4,7
large_integer,7816,4925280667680450281502,4,4925280667680450281502,4,7
large_integer,7817,4934504039717305057310,4,4934504039717305057310,4,7
large_integer,7818,4934504039717305057312,4,4934504039717305057312,4,7
large_integer,7819,4943727411754159833120,4,4943727411754159833120,4,7
large_integer,7820,4934504039717305057314,4,4934504039717305057314,4,7
large_integer,7821,4943727411754159833122,4,4943727411754159833122,4,7
large_integer,7822,4943727411754159833124,4,4943727411754159833124,4,7
large_integer,7823,4952950783791014608932,4,4952950783791014608932,4,7
large_integer,7824,3707795558815619874840,3,3707795558815619874840,3,7
large_integer,7825,4934504039717305057304,4,4934504039717305057304,4,7
large_integer,7826,4934504039717305057306,4,4934504039717305057306,4,7
large_integer,7827,4943727411754159833114,4,4943727411754159833114,4,7
large_integer,7828,4934504039717305057308,4,4934504039717305057308,4,7
large_integer,7829,4943727411754159833116,4,4943727411754159833116,4,7
large_integer,7830,4943727411754159833118,4,4943727411754159833118,4,7
large_integer,7831,4952950783791014608926,4,4952950783791014608926,4,7
large_integer,7832,4934504039717305057310,4,4934504039717305057310,4,7
large_integer,7833,4943727411754159833118,4,4943727411754159833118,4,7
large_integer,7834,4943727411754159833120,4,4943727411754159833120,4,7
large_integer,7835,4952950783791014608928,4,4952950783791014608928,4,7
large_integer,7836,4943727411754159833122,4,4943727411754159833122,4,7
large_integer,7837,4952950783791014608930,4,4952950783791014608930,4,7
large_integer,7838,4952950783791014608932,4,4952950783791014608932,4,7
large_integer,7839,4962174155827869384740,4,4962174155827869384740,4,7
large_integer,7840,3707795558815619874842,3,3707795558815619874842,3,7
large_integer,7841,4934504039717305057306,4,4934504039717305057306,4,7
large_integer,7842,4934504039717305057308,4,4934504039717305057308,4,7
large_integer,7843,4943727411754159833116,4,4943727411754159833116,4,7
large_integer,7844,4934504039717305057310,4,4934504039717305057310,4,7
large_integer,7845,4943727411754159833118,4,4943727411754159833118,4,7
large_integer,7846,4943727411754159833120,4,4943727411754159833120,4,7
large_integer,7847,4952950783791014608928,4,4952950783791014608928,4,7
large_integer,7848,4934504039717305057312,4,4934504039717305057312,4,7
large_integer,7849,4943727411754159833120,4,4943727411754159833120,4,7
large_integer,7850,4943727411754159833122,4,4943727411754159833122,4,7
large_integer,7851,4952950783791014608930,4,4952950783791014608930,4,7
large_integer,7852,4943727411754159833124,4,4943727411754159833124,4,7
large_integer,7853,4952950783791014608932,4,4952950783791014608932,4,7
large_integer,7854,4952950783791014608934,4,4952950783791014608934,4,7
large_integer,7855,4962174155827869384742,4,4962174155827869384742,4,7
large_integer,7856,3717018930852474650650,3,3717018930852474650650,3,7
large_integer,7857,4943727411754159833114,4,4943727411754159833114,4,7
large_integer,7858,4943727411754159833116,4,4943727411754159833116,4,7
large_integer,7859,4952950783791014608924,4,4952950783791014608924,4,7
large_integer,7860,4943727411754159833118,4,4943727411754159833118,4,7
large_integer,7861,4952950783791014608926,4,4952950783791014608926,4,7
large_integer,7862,4952950783791014608928,4,4952950783791014608928,4,7
large_integer,7863,4962174155827869384736,4,4962174155827869384736,4,7
large_integer,7864,4943727411754159833120,4,4943727411754159833120,4,7
large_integer,7865,4952950783791014608928,4,4952950783791014608928,4,7
large_integer,7866,4952950783791014608930,4,4952950783791014608930,4,7
large_integer,7867,4962174155827869384738,4,4962174155827869384738,4,7
large_integer,7868,4952950783791014608932,4,4952950783791014608932,4,7
large_integer,7869,4962174155827869384740,4,4962174155827869384740,4,7
large_integer,7870,4962174155827869384742,4,4962174155827869384742,4,7
large_integer,7871,4971397527864724160550,4,4971397527864724160550,4,7
large_integer,7872,3707795558815619874844,3,3707795558815619874844,3,7
large_integer,7873,4934504039717305057308,4,4934504039717305057308,4,7
large_integer,7874,4934504039717305057310,4,4934504039717305057310,4,7
large_integer,7875,4943727411754159833118,4,4943727411754159833118,4,7
large_integer,7876,4934504039717305057312,4,4934504039717305057312,4,7
large_integer,7877,4943727411754159833120,4,4943727411754159833120,4,7
large_integer,7878,4943727411754159833122,4,4943727411754159833122,4,7
large_integer,7879,4952950783791014608930,4,4952950783791014608930,4,7
large_integer,7880,4934504039717305057314,4,4934504039717305057314,4,7
large_integer,7881,4943727411754159833122,4,4943727411754159833122,4,7
large_integer,7882,4943727411754159833124,4,4943727411754159833124,4,7
large_integer,7883,4952950783791014608932,4,4952950783791014608932,4,7
large_integer,7884,4943727411754159833126,4,4943727411754159833126,4,7
large_integer,7885,4952950783791014608934,4,4952950783791014608934,4,7
large_integer,7886,4952950783791014608936,4,4952950783791014608936,4,7
large_integer,7887,4962174155827869384744,4,4962174155827869384744,4,7
large_integer,7888,3717018930852474650652,3,3717018930852474650652,3,7
large_integer,7889,4943727411754159833116,4,4943727411754159833116,4,7
large_integer,7890,4943727411754159833118,4,4943727411754159833118,4,7
large_integer,7891,4952950783791014608926,4,4952950783791014608926,4,7
large_integer,7892,4943727411754159833120,4,4943727411754159833120,4,7
large_integer,7893,4952950783791014608928,4,4952950783791014608928,4,7
large_integer,7894,4952950783791014608930,4,4952950783791014608930,4,7
large_integer,7895,4962174155827869384738,4,4962174155827869384738,4,7
large_integer,7896,4943727411754159833122,4,4943727411754159833122,4,7
large_integer,7897,4952950783791014608930,4,4952950783791014608930,4,7
large_integer,7898,4952950783791014608932,4,4952950783791014608932,4,7
large_integer,7899,4962174155827869384740,4,4962174155827869384740,4,7
large_integer,7900,4952950783791014608934,4,4952950783791014608934,4,7
large_integer,7901,4962174155827869384742,4,4962174155827869384742,4,7
large_integer,7902,4962174155827869384744,4,4962174155827869384744,4,7
large_integer,7903,4971397527864724160552,4,4971397527864724160552,4,7
large_integer,7904,3717018930852474650654,3,3717018930852474650654,3,7
large_integer,7905,4943727411754159833118,4,4943727411754159833118,4,7
large_integer,7906,4943727411754159833120,4,4943727411754159833120,4,7
large_integer,7907,4952950783791014608928,4,4952950783791014608928,4,7
large_integer,7908,4943727411754159833122,4,4943727411754159833122,4,7
large_integer,7909,4952950783791014608930,4,4952950783791014608930,4,7
large_integer,7910,4952950783791014608932,4,4952950783791014608932,4,7
large_integer,7911,4962174155827869384740,4,4962174155827869384740,4,7
large_integer,7912,4943727411754159833124,4,4943727411754159833124,4,7
large_integer,7913,4952950783791014608932,4,4952950783791014608932,4,7
large_integer,7914,4952950783791014608934,4,4952950783791014608934,4,7
large_integer,7915,4962174155827869384742,4,4962174155827869384742,4,7
large_integer,7916,4952950783791014608936,4,4952950783791014608936,4,7
large_integer,7917,4962174155827869384744,4,4962174155827869384744,4,7
large_integer,7918,4962174155827869384746,4,4962174155827869384746,4,7
large_integer,7919,4971397527864724160554,4,4971397527864724160554,4,7
large_integer,7920,3726242302889329426462,3,3726242302889329426462,3,7
large_integer,7921,4952950783791014608926,4,4952950783791014608926,4,7
large_integer,7922,4952950783791014608928,4,4952950783791014608928,4,7
large_integer,7923,4962174155827869384736,4,4962174155827869384736,4,7
large_integer,7924,4952950783791014608930,4,4952950783791014608930,4,7
large_integer,7925,4962174155827869384738,4,4962174155827869384738,4,7
large_integer,7926,4962174155827869384740,4,4962174155827869384740,4,7
large_integer,7927,4971397527864724160548,4,4971397527864724160548,4,7
large_integer,7928,4952950783791014608932,4,4952950783791014608932,4,7
large_integer,7929,4962174155827869384740,4,4962174155827869384740,4,7
large_integer,7930,4962174155827869384742,4,4962174155827869384742,4,7
large_integer,7931,4971397527864724160550,4,4971397527864724160550,4,7
large_integer,7932,4962174155827869384744,4,4962174155827869384744,4,7
large_integer,7933,4971397527864724160552,4,4971397527864724160552,4,7
large_integer,7934,4971397527864724160554,4,4971397527864724160554,4,7
large_integer,7935,4980620899901578936362,4,4980620899901578936362,4,7
large_integer,7936,2481087077913934692369,2,2508757194024499019795,2,9
large_integer,7937,3707795558815619874833,3,3735465674926184202259,3,9
large_integer,7938,3707795558815619874835,3,3735465674926184202261,3,9
large_integer,7939,3717018930852474650643,3,3744689046963038978069,3,9
large_integer,7940,3707795558815619874837,3,3735465674926184202263,3,9
large_integer,7941,3717018930852474650645,3,3744689046963038978071,3,9
large_integer,7942,3717018930852474650647,3,3744689046963038978073,3,9
large_integer,7943,3726242302889329426455,3,3753912418999893753881,3,9
large_integer,7944,3707795558815619874839,3,3735465674926184202265,3,9
large_integer,7945,3717018930852474650647,3,3744689046963038978073,3,9
large_integer,7946,3717018930852474650649,3,3744689046963038978075,3,9
large_integer,7947,3726242302889329426457,3,3753912418999893753883,3,9
large_integer,7948,3717018930852474650651,3,3744689046963038978077,3,9
large_integer,7949,3726242302889329426459,3,3753912418999893753885,3,9
large_integer,7950,3726242302889329426461,3,3753912418999893753887,3,9
large_integer,7951,3735465674926184202269,3,3763135791036748529695,3,9
large_integer,7952,2545650682171918123028,2,2545650682171918123028,2,11
large_integer,7953,2582544170319337226260,2,2582544170319337226260,2,13
large_integer,7954,3772359163073603305494,3,3772359163073603305494,3,11
large_integer,7955,3781582535110458081302,3,3809252651221022408726,3,13
large_integer,7956,3772359163073603305496,3,3772359163073603305496,3,11
large_integer,7957,3781582535110458081304,3,3809252651221022408728,3,13
large_integer,7958,3781582535110458081306,3,3781582535110458081306,3,11
large_integer,7959,3790805907147312857114,3,3818476023257877184538,3,13
large_integer,7960,3772359163073603305498,3,3772359163073603305498,3,11
large_integer,7961,3781582535110458081306,3,3809252651221022408730,3,13
large_integer,7962,3781582535110458081308,3,3781582535110458081308,3,11
large_integer,7963,3790805907147312857116,3,3818476023257877184540,3,13
large_integer,7964,3781582535110458081310,3,3781582535110458081310,3,11
large_integer,7965,3790805907147312857118,3,3818476023257877184542,3,13
large_integer,7966,3790805907147312857120,3,3790805907147312857120,3,11
large_integer,7967,3800029279184167632928,3,3827699395294731960352,3,13
large_integer,7968,3707795558815619874836,3,3735465674926184202262,3,9
large_integer,7969,4934504039717305057300,4,4962174155827869384726,4,9
large_integer,7970,4934504039717305057302,4,4962174155827869384728,4,9
large_integer,7971,4943727411754159833110,4,4971397527864724160536,4,9
large_integer,7972,4934504039717305057304,4,4962174155827869384730,4,9
large_integer,7973,4943727411754159833112,4,4971397527864724160538,4,9
large_integer,7974,4943727411754159833114,4,4971397527864724160540,4,9
large_integer,7975,4952950783791014608922,4,4980620899901578936348,4,9
large_integer,7976,4934504039717305057306,4,4962174155827869384732,4,9
large_integer,7977,4943727411754159833114,4,4971397527864724160540,4,9
large_integer,7978,4943727411754159833116,4,4971397527864724160542,4,9
large_integer,7979,4952950783791014608924,4,4980620899901578936350,4,9
large_integer,7980,4943727411754159833118,4,4971397527864724160544,4,9
large_integer,7981,4952950783791014608926,4,4980620899901578936352,4,9
large_integer,7982,4952950783791014608928,4,4980620899901578936354,4,9
large_integer,7983,4962174155827869384736,4,4989844271938433712162,4,9
large_integer,7984,3717018930852474650644,3,3772359163073603305495,3,11
large_integer,7985,3809252651221022408727,3,3809252651221022408727,3,13
large_integer,7986,4943727411754159833110,4,4999067643975288487961,4,11
large_integer,7987,4952950783791014608918,4,5035961132122707591193,4,13
large_integer,7988,4943727411754159833112,4,4999067643975288487963,4,11
large_integer,7989,4952950783791014608920,4,5035961132122707591195,4,13
large_integer,7990,4952950783791014608922,4,5008291016012143263773,4,11
large_integer,7991,4962174155827869384730,4,5045184504159562367005,4,13
large_integer,7992,4943727411754159833114,4,4999067643975288487965,4,11
large_integer,7993,4952950783791014608922,4,5035961132122707591197,4,13
large_integer,7994,4952950783791014608924,4,5008291016012143263775,4,11
large_integer,7995,4962174155827869384732,4,5045184504159562367007,4,13
large_integer,7996,4952950783791014608926,4,5008291016012143263777,4,11
large_integer,7997,4962174155827869384734,4,5045184504159562367009,4,13
large_integer,7998,4962174155827869384736,4,5017514388048998039587,4,11
large_integer,7999,4971397527864724160544,4,5054407876196417142819,4,13
large_integer,8000,3707795558815619874838,3,3735465674926184202264,3,9
large_integer,8001,4934504039717305057302,4,4962174155827869384728,4,9
large_integer,8002,4934504039717305057304,4,4962174155827869384730,4,9
large_integer,8003,4943727411754159833112,4,4971397527864724160538,4,9
large_integer,8004,4934504039717305057306,4,4962174155827869384732,4,9
large_integer,8005,4943727411754159833114,4,4971397527864724160540,4,9
large_integer,8006,4943727411754159833116,4,4971397527864724160542,4,9
large_integer,8007,4952950783791014608924,4,4980620899901578936350,4,9
large_integer,8008,4934504039717305057308,4,4962174155827869384734,4,9
large_integer,8009,4943727411754159833116,4,4971397527864724160542,4,9
large_integer,8010,4943727411754159833118,4,4971397527864724160544,4,9
large_integer,8011,4952950783791014608926,4,4980620899901578936352,4,9
large_integer,8012,4943727411754159833120,4,4971397527864724160546,4,9
large_integer,8013,4952950783791014608928,4,4980620899901578936354,4,9
large_integer,8014,4952950783791014608930,4,4980620899901578936356,4,9
large_integer,8015,4962174155827869384738,4,4989844271938433712164,4,9
large_integer,8016,3717018930852474650646,3,3772359163073603305497,3,11
large_integer,8017,3809252651221022408729,3,3809252651221022408729,3,13
large_integer,8018,4943727411754159833112,4,4999067643975288487963,4,11
large_integer,8019,4952950783791014608920,4,5035961132122707591195,4,13
large_integer,8020,4943727411754159833114,4,4999067643975288487965,4,11
large_integer,8021,4952950783791014608922,4,5035961132122707591197,4,13
large_integer,8022,4952950783791014608924,4,5008291016012143263775,4,11
large_integer,8023,4962174155827869384732,4,5045184504159562367007,4,13
large_integer,8024,4943727411754159833116,4,4999067643975288487967,4,11
large_integer,8025,4952950783791014608924,4,5035961132122707591199,4,13
large_integer,8026,4952950783791014608926,4,5008291016012143263777,4,11
large_integer,8027,4962174155827869384734,4,5045184504159562367009,4,13
large_integer,8028,4952950783791014608928,4,5008291016012143263779,4,11
large_integer,8029,4962174155827869384736,4,5045184504159562367011,4,13
large_integer,8030,4962174155827869384738,4,5017514388048998039589,4,11
large_integer,8031,4971397527864724160546,4,5054407876196417142821,4,13
large_integer,8032,3717018930852474650648,3,3744689046963038978074,3,9
large_integer,8033,4943727411754159833112,4,4971397527864724160538,4,9
large_integer,8034,4943727411754159833114,4,4971397527864724160540,4,9
large_integer,8035,4952950783791014608922,4,4980620899901578936348,4,9
large_integer,8036,4943727411754159833116,4,4971397527864724160542,4,9
large_integer,8037,4952950783791014608924,4,4980620899901578936350,4,9
large_integer,8038,4952950783791014608926,4,4980620899901578936352,4,9
large_integer,8039,4962174155827869384734,4,4989844271938433712160,4,9
large_integer,8040,4943727411754159833118,4,4971397527864724160544,4,9
large_integer,8041,4952950783791014608926,4,4980620899901578936352,4,9
large_integer,8042,4952950783791014608928,4,4980620899901578936354,4,9
large_integer,8043,4962174155827869384736,4,4989844271938433712162,4,9
large_integer,8044,4952950783791014608930,4,4980620899901578936356,4,9
large_integer,8045,4962174155827869384738,4,4989844271938433712164,4,9
large_integer,8046,4962174155827869384740,4,4989844271938433712166,4,9
large_integer,8047,4971397527864724160548,4,4999067643975288487974,4,9
large_integer,8048,3726242302889329426456,3,3781582535110458081307,3,11
large_integer,8049,3818476023257877184539,3,3818476023257877184539,3,13
large_integer,8050,4952950783791014608922,4,5008291016012143263773,4,11
large_integer,8051,4962174155827869384730,4,5045184504159562367005,4,13
large_integer,8052,4952950783791014608924,4,5008291016012143263775,4,11
large_integer,8053,4962174155827869384732,4,5045184504159562367007,4,13
large_integer,8054,4962174155827869384734,4,5017514388048998039585,4,11
large_integer,8055,4971397527864724160542,4,5054407876196417142817,4,13
large_integer,8056,4952950783791014608926,4,5008291016012143263777,4,11
large_integer,8057,4962174155827869384734,4,5045184504159562367009,4,13
large_integer,8058,4962174155827869384736,4,5017514388048998039587,4,11
large_integer,8059,4971397527864724160544,4,5054407876196417142819,4,13
large_integer,8060,4962174155827869384738,4,5017514388048998039589,4,11
large_integer,8061,4971397527864724160546,4,5054407876196417142821,4,13
large_integer,8062,4971397527864724160548,4,5026737760085852815399,4,11
large_integer,8063,4980620899901578936356,4,5063631248233271918631,4,13
large_integer,8064,3707795558815619874840,3,3735465674926184202266,3,9
large_integer,8065,4934504039717305057304,4,4962174155827869384730,4,9
large_integer,8066,4934504039717305057306,4,4962174155827869384732,4,9
large_integer,8067,4943727411754159833114,4,4971397527864724160540,4,9
large_integer,8068,4934504039717305057308,4,4962174155827869384734,4,9
large_integer,8069,4943727411754159833116,4,4971397527864724160542,4,9
large_integer,8070,4943727411754159833118,4,4971397527864724160544,4,9
large_integer,8071,4952950783791014608926,4,4980620899901578936352,4,9
large_integer,8072,4934504039717305057310,4,4962174155827869384736,4,9
large_integer,8073,4943727411754159833118,4,4971397527864724160544,4,9
large_integer,8074,4943727411754159833120,4,4971397527864724160546,4,9
large_integer,8075,4952950783791014608928,4,4980620899901578936354,4,9
large_integer,8076,4943727411754159833122,4,4971397527864724160548,4,9
large_integer,8077,4952950783791014608930,4,4980620899901578936356,4,9
large_integer,8078,4952950783791014608932,4,4980620899901578936358,4,9
large_integer,8079,4962174155827869384740,4,4989844271938433712166,4,9
large_integer,8080,3717018930852474650648,3,3772359163073603305499,3,11
large_integer,8081,3809252651221022408731,3,3809252651221022408731,3,13
large_integer,8082,4943727411754159833114,4,4999067643975288487965,4,11
large_integer,8083,4952950783791014608922,4,5035961132122707591197,4,13
large_integer,8084,4943727411754159833116,4,4999067643975288487967,4,11
large_integer,8085,4952950783791014608924,4,5035961132122707591199,4,13
large_integer,8086,4952950783791014608926,4,5008291016012143263777,4,11
large_integer,8087,4962174155827869384734,4,5045184504159562367009,4,13
large_integer,8088,4943727411754159833118,4,4999067643975288487969,4,11
large_integer,8089,4952950783791014608926,4,5035961132122707591201,4,13
large_integer,8090,4952950783791014608928,4,5008291016012143263779,4,11
large_integer,8091,4962174155827869384736,4,5045184504159562367011,4,13
large_integer,8092,4952950783791014608930,4,5008291016012143263781,4,11
large_integer,8093,4962174155827869384738,4,5045184504159562367013,4,13
large_integer,8094,4962174155827869384740,4,5017514388048998039591,4,11
large_integer,8095,4971397527864724160548,4,5054407876196417142823,4,13
large_integer,8096,3717018930852474650650,3,3744689046963038978076,3,9
large_integer,8097,4943727411754159833114,4,4971397527864724160540,4,9
large_integer,8098,4943727411754159833116,4,4971397527864724160542,4,9
large_integer,8099,4952950783791014608924,4,4980620899901578936350,4,9
large_integer,8100,4943727411754159833118,4,4971397527864724160544,4,9
large_integer,8101,4952950783791014608926,4,4980620899901578936352,4,9
large_integer,8102,4952950783791014608928,4,4980620899901578936354,4,9
large_integer,8103,4962174155827869384736,4,4989844271938433712162,4,9
large_integer,8104,4943727411754159833120,4,4971397527864724160546,4,9
large_integer,8105,4952950783791014608928,4,4980620899901578936354,4,9
large_integer,8106,4952950783791014608930,4,4980620899901578936356,4,9
large_integer,8107,4962174155827869384738,4,4989844271938433712164,4,9
large_integer,8108,4952950783791014608932,4,4980620899901578936358,4,9
large_integer,8109,4962174155827869384740,4,4989844271938433712166,4,9
large_integer,8110,4962174155827869384742,4,4989844271938433712168,4,9
large_integer,8111,4971397527864724160550,4,4999067643975288487976,4,9
large_integer,8112,3726242302889329426458,3,3781582535110458081309,3,11
large_integer,8113,3818476023257877184541,3,3818476023257877184541,3,13
large_integer,8114,4952950783791014608924,4,5008291016012143263775,4,11
large_integer,8115,4962174155827869384732,4,5045184504159562367007,4,13
large_integer,8116,4952950783791014608926,4,5008291016012143263777,4,11
large_integer,8117,4962174155827869384734,4,5045184504159562367009,4,13
large_integer,8118,4962174155827869384736,4,5017514388048998039587,4,11
large_integer,8119,4971397527864724160544,4,5054407876196417142819,4,13
large_integer,8120,4952950783791014608928,4,5008291016012143263779,4,11
large_integer,8121,4962174155827869384736,4,5045184504159562367011,4,13
large_integer,8122,4962174155827869384738,4,5017514388048998039589,4,11
large_integer,8123,4971397527864724160546,4,5054407876196417142821,4,13
large_integer,8124,4962174155827869384740,4,5017514388048998039591,4,11
large_integer,8125,4971397527864724160548,4,5054407876196417142823,4,13
large_integer,8126,4971397527864724160550,4,5026737760085852815401,4,11
large_integer,8127,4980620899901578936358,4,5063631248233271918633,4,13
large_integer,8128,3717018930852474650652,3,3744689046963038978078,3,9
large_integer,8129,4943727411754159833116,4,4971397527864724160542,4,9
large_integer,8130,4943727411754159833118,4,4971397527864724160544,4,9
large_integer,8131,4952950783791014608926,4,4980620899901578936352,4,9
large_integer,8132,4943727411754159833120,4,4971397527864724160546,4,9
large_integer,8133,4952950783791014608928,4,4980620899901578936354,4,9
large_integer,8134,4952950783791014608930,4,4980620899901578936356,4,9
large_integer,8135,4962174155827869384738,4,4989844271938433712164,4,9
large_integer,8136,4943727411754159833122,4,4971397527864724160548,4,9
large_integer,8137,4952950783791014608930,4,4980620899901578936356,4,9
large_integer,8138,4952950783791014608932,4,4980620899901578936358,4,9
large_integer,8139,4962174155827869384740,4,4989844271938433712166,4,9
large_integer,8140,4952950783791014608934,4,4980620899901578936360,4,9
large_integer,8141,4962174155827869384742,4,4989844271938433712168,4,9
large_integer,8142,4962174155827869384744,4,4989844271938433712170,4,9
large_integer,8143,4971397527864724160552,4,4999067643975288487978,4,9
large_integer,8144,3726242302889329426460,3,3781582535110458081311,3,11
large_integer,8145,3818476023257877184543,3,3818476023257877184543,3,13
large_integer,8146,4952950783791014608926,4,5008291016012143263777,4,11
large_integer,8147,4962174155827869384734,4,5045184504159562367009,4,13
large_integer,8148,4952950783791014608928,4,5008291016012143263779,4,11
large_integer,8149,4962174155827869384736,4,5045184504159562367011,4,13
large_integer,8150,4962174155827869384738,4,5017514388048998039589,4,11
large_integer,8151,4971397527864724160546,4,5054407876196417142821,4,13
large_integer,8152,4952950783791014608930,4,5008291016012143263781,4,11
large_integer,8153,4962174155827869384738,4,5045184504159562367013,4,13
large_integer,8154,4962174155827869384740,4,5017514388048998039591,4,11
large_integer,8155,4971397527864724160548,4,5054407876196417142823,4,13
large_integer,8156,4962174155827869384742,4,5017514388048998039593,4,11
large_integer,8157,4971397527864724160550,4,5054407876196417142825,4,13
large_integer,8158,4971397527864724160552,4,5026737760085852815403,4,11
large_integer,8159,4980620899901578936360,4,5063631248233271918635,4,13
large_integer,8160,3726242302889329426462,3,3753912418999893753888,3,9
large_integer,8161,4952950783791014608926,4,4980620899901578936352,4,9
large_integer,8162,4952950783791014608928,4,4980620899901578936354,4,9
large_integer,8163,4962174155827869384736,4,4989844271938433712162,4,9
large_integer,8164,4952950783791014608930,4,4980620899901578936356,4,9
large_integer,8165,4962174155827869384738,4,4989844271938433712164,4,9
large_integer,8166,4962174155827869384740,4,4989844271938433712166,4,9
large_integer,8167,4971397527864724160548,4,4999067643975288487974,4,9
large_integer,8168,4952950783791014608932,4,4980620899901578936358,4,9
large_integer,8169,4962174155827869384740,4,4989844271938433712166,4,9
large_integer,8170,4962174155827869384742,4,4989844271938433712168,4,9
large_integer,8171,4971397527864724160550,4,4999067643975288487976,4,9
large_integer,8172,4962174155827869384744,4,4989844271938433712170,4,9
large_integer,8173,4971397527864724160552,4,4999067643975288487978,4,9
large_integer,8174,4971397527864724160554,4,4999067643975288487980,4,9
large_integer,8175,4980620899901578936362,4,5008291016012143263788,4,9
large_integer,8176,3735465674926184202270,3,3790805907147312857121,3,11
large_integer,8177,3827699395294731960353,3,3827699395294731960353,3,13
large_integer,8178,4962174155827869384736,4,5017514388048998039587,4,11
large_integer,8179,4971397527864724160544,4,5054407876196417142819,4,13
large_integer,8180,4962174155827869384738,4,5017514388048998039589,4,11
large_integer,8181,4971397527864724160546,4,5054407876196417142821,4,13
large_integer,8182,4971397527864724160548,4,5026737760085852815399,4,11
large_integer,8183,4980620899901578936356,4,5063631248233271918631,4,13
large_integer,8184,4962174155827869384740,4,5017514388048998039591,4,11
large_integer,8185,4971397527864724160548,4,5054407876196417142823,4,13
large_integer,8186,4971397527864724160550,4,5026737760085852815401,4,11
large_integer,8187,4980620899901578936358,4,5063631248233271918633,4,13
large_integer,8188,4971397527864724160552,4,5026737760085852815403,4,11
large_integer,8189,4980620899901578936360,4,5063631248233271918635,4,13
large_integer,8190,4980620899901578936362,4,5035961132122707591213,4,11
large_integer,8191,4989844271938433712170,4,5072854620270126694445,4,13
